global_index,fold,recording_id,start_sample,true_K,frozen_K,parent_K,candidate_K,parent_profile,parent_risk_new_correction_K,new_risk_parent_correction_K,effect_good_crossover_vs_parent,parent_baseline_correct_probability,candidate_baseline_correct_probability
577,0,00_BN2-166-Ab_comp.jams,1787,1,3,3,3,keep,3,3,0,0.5348628163337708,0.5649768710136414
583,0,00_BN2-166-Ab_comp.jams,25374,4,3,3,3,keep,3,3,0,0.6417466998100281,0.5868889093399048
586,0,00_BN2-166-Ab_comp.jams,40332,4,3,3,3,keep,3,3,0,0.671052098274231,0.9110251665115356
588,0,00_BN2-166-Ab_comp.jams,56098,4,3,3,3,keep,3,3,0,0.8368030190467834,0.8003467917442322
602,0,00_BN2-166-Ab_comp.jams,105037,1,2,2,2,keep,2,2,0,0.2114180028438568,0.2211267203092575
605,0,00_BN2-166-Ab_comp.jams,113167,3,2,3,3,mixed_by_complete_group,3,3,0,0.2330666184425354,0.2572230398654938
614,0,00_BN2-166-Ab_comp.jams,135112,4,2,2,2,keep,2,2,0,0.4480826258659363,0.30431103706359863
615,0,00_BN2-166-Ab_comp.jams,136896,0,2,2,2,keep,2,2,0,0.135793536901474,0.09463771432638168
618,0,00_BN2-166-Ab_comp.jams,152972,4,3,3,3,keep,3,3,0,0.6198267340660095,0.5934364795684814
620,0,00_BN2-166-Ab_comp.jams,168122,4,3,3,3,keep,3,3,0,0.5675901770591736,0.658987820148468
623,0,00_BN2-166-Ab_comp.jams,183351,4,3,3,3,keep,3,3,0,0.6079625487327576,0.8515692353248596
624,0,00_BN2-166-Ab_comp.jams,199808,2,2,2,2,keep,2,2,0,0.3204099237918854,0.3429771065711975
629,0,00_BN2-166-Ab_comp.jams,240016,2,4,4,4,keep,3,4,0,0.340759813785553,0.360563725233078
638,0,00_BN2-166-Ab_comp.jams,271618,3,3,3,3,keep,3,3,0,0.4118576943874359,0.5035338401794434
646,0,00_BN2-166-Ab_comp.jams,295660,4,4,4,4,keep,4,4,0,0.5539789199829102,0.4458976686000824
647,0,00_BN2-166-Ab_comp.jams,297517,0,2,2,2,keep,2,2,0,0.06700524687767029,0.023943880572915077
651,0,00_BN2-166-Ab_comp.jams,312204,1,2,2,2,keep,2,2,0,0.14130426943302155,0.1245461255311966
654,0,00_BN2-166-Ab_comp.jams,326798,3,4,4,4,keep,4,4,0,0.7104806900024414,0.8196278810501099
659,0,00_BN2-166-Ab_comp.jams,337403,0,2,2,2,keep,2,2,0,0.19289207458496094,0.18491946160793304
667,0,00_BN2-166-Ab_comp.jams,362179,2,3,3,3,keep,3,3,0,0.3342181146144867,0.502379298210144
673,0,00_BN2-166-Ab_comp.jams,384237,4,2,2,3,keep,2,2,0,0.4150298833847046,0.10971257835626602
680,0,00_BN2-166-Ab_comp.jams,406870,3,3,3,3,keep,3,3,0,0.6880437731742859,0.7120738625526428
682,0,00_BN2-166-Ab_comp.jams,421909,3,3,3,3,keep,3,3,0,0.45663967728614807,0.4739478528499603
692,0,00_BN2-166-Ab_comp.jams,463452,2,2,2,2,keep,2,2,0,0.4679819345474243,0.5942956805229187
705,0,00_BN2-166-Ab_comp.jams,517952,1,2,2,2,keep,2,2,0,0.07976145297288895,0.031885113567113876
712,0,00_BN2-166-Ab_comp.jams,533113,3,2,3,3,mixed_by_complete_group,3,3,0,0.2767469584941864,0.10112626105546951
715,0,00_BN2-166-Ab_comp.jams,549345,3,4,2,2,local_rates_favor_regression_for_all_groups,2,2,0,0.25215017795562744,0.10981772094964981
717,0,00_BN2-166-Ab_comp.jams,566136,4,3,3,4,keep,3,3,0,0.5400102138519287,0.17458634078502655
719,0,00_BN2-166-Ab_comp.jams,582777,4,3,3,3,keep,3,3,0,0.42116641998291016,0.3314228057861328
737,0,00_BN2-166-Ab_comp.jams,622208,3,4,2,2,mixed_by_complete_group,2,2,0,0.10986897349357605,0.07090605795383453
740,0,00_BN2-166-Ab_comp.jams,628437,1,2,2,2,keep,2,2,0,0.10126315802335739,0.11339865624904633
753,0,00_BN2-166-Ab_comp.jams,662867,3,3,3,3,keep,3,3,0,0.6386736035346985,0.6580718159675598
755,0,00_BN2-166-Ab_comp.jams,677783,5,3,3,3,keep,3,3,0,0.5527481436729431,0.43303149938583374
757,0,00_BN2-166-Ab_comp.jams,693224,4,2,3,2,local_rates_favor_correction_for_all_groups,3,3,0,0.4154273271560669,0.46772316098213196
760,0,00_BN2-166-Ab_comp.jams,709555,3,3,4,4,local_rates_favor_correction_for_all_groups,4,4,0,0.25748583674430847,0.17885197699069977
767,0,00_BN2-166-Ab_comp.jams,749179,3,3,3,3,keep,3,3,0,0.37202975153923035,0.7624675035476685
768,0,00_BN2-166-Ab_comp.jams,758069,1,2,2,2,keep,2,2,0,0.2859359681606293,0.23971247673034668
778,0,00_BN2-166-Ab_comp.jams,781459,4,3,3,3,keep,3,3,0,0.5741836428642273,0.5955210328102112
782,0,00_BN2-166-Ab_comp.jams,789787,4,3,3,2,keep,3,2,0,0.48375049233436584,0.12360711395740509
785,0,00_BN2-166-Ab_comp.jams,805715,4,3,3,3,keep,3,3,0,0.4407668709754944,0.5312617421150208
789,0,00_BN2-166-Ab_comp.jams,821461,4,3,3,2,keep,3,3,0,0.3574506342411041,0.08559765666723251
792,0,00_BN2-166-Ab_comp.jams,839013,4,4,4,4,keep,4,4,0,0.7481938600540161,0.8820503950119019
795,0,00_BN2-166-Ab_comp.jams,855194,4,3,3,2,keep,3,2,0,0.5878100991249084,0.3869516849517822
798,0,00_BN2-166-Ab_comp.jams,868909,4,4,4,4,keep,4,4,0,0.6944447755813599,0.6077859997749329
801,0,00_BN2-166-Ab_comp.jams,885020,4,2,2,2,keep,2,2,0,0.47049230337142944,0.3513425290584564
806,0,00_BN2-166-Ab_comp.jams,909714,1,2,2,2,keep,2,2,0,0.308063268661499,0.16486048698425293
808,0,00_BN2-166-Ab_comp.jams,918898,3,3,3,3,keep,3,3,0,0.7366395592689514,0.7402902245521545
809,0,00_BN2-166-Ab_comp.jams,932773,4,3,3,3,keep,3,3,0,0.5118353962898254,0.4282306730747223
823,0,00_BN2-166-Ab_comp.jams,965822,2,2,2,2,keep,2,2,0,0.47512850165367126,0.42908230423927307
830,0,00_BN2-166-Ab_comp.jams,990750,2,2,3,3,local_rates_favor_correction_for_all_groups,3,3,0,0.3025689423084259,0.15612654387950897
923,0,00_BN2-166-Ab_solo.jams,717314,1,3,3,3,keep,3,3,0,0.4397903382778168,0.4364977478981018
952,0,00_BN2-166-Ab_solo.jams,829621,2,2,2,2,keep,2,2,0,0.11089661717414856,0.03981718420982361
956,0,00_BN2-166-Ab_solo.jams,844869,2,2,2,2,keep,2,2,0,0.20929791033267975,0.3833136260509491
975,0,00_BN2-166-Ab_solo.jams,917745,1,2,2,2,keep,2,2,0,0.2017832249403,0.12277010083198547
7381,0,00_Jazz3-150-C_comp.jams,210,4,3,3,3,keep,3,3,0,0.8000302910804749,0.6658631563186646
7383,0,00_Jazz3-150-C_comp.jams,17187,4,3,3,2,keep,3,2,0,0.5009088516235352,0.22258295118808746
7390,0,00_Jazz3-150-C_comp.jams,47777,3,2,2,2,keep,2,2,0,0.19717790186405182,0.1254529058933258
7394,0,00_Jazz3-150-C_comp.jams,63218,2,2,2,3,keep,2,2,0,0.23270539939403534,0.10606430470943451
7396,0,00_Jazz3-150-C_comp.jams,82130,3,3,3,3,keep,3,3,0,0.36959749460220337,0.4500727653503418
7407,0,00_Jazz3-150-C_comp.jams,106489,2,3,3,2,keep,2,3,1,0.13799630105495453,0.10779830813407898
7417,0,00_Jazz3-150-C_comp.jams,140653,4,3,3,4,keep,3,4,0,0.4317289888858795,0.07724412530660629
7424,0,00_Jazz3-150-C_comp.jams,158548,4,2,2,2,keep,2,2,0,0.464641809463501,0.5118587017059326
7430,0,00_Jazz3-150-C_comp.jams,171330,0,2,2,2,keep,2,2,0,0.10505971312522888,0.07492788136005402
7438,0,00_Jazz3-150-C_comp.jams,188327,3,2,3,3,mixed_by_complete_group,3,3,0,0.26717501878738403,0.13812048733234406
7445,0,00_Jazz3-150-C_comp.jams,205147,4,3,3,3,keep,3,3,0,0.4650113582611084,0.5895786285400391
7449,0,00_Jazz3-150-C_comp.jams,229146,5,4,4,4,keep,4,4,0,0.45937153697013855,0.5994440317153931
7453,0,00_Jazz3-150-C_comp.jams,246727,3,3,3,3,keep,3,3,0,0.6203765869140625,0.9558801651000977
7455,0,00_Jazz3-150-C_comp.jams,263809,4,3,3,3,keep,3,3,0,0.6532747149467468,0.8231316208839417
7458,0,00_Jazz3-150-C_comp.jams,280888,5,4,3,3,mixed_by_complete_group,3,3,0,0.4477084279060364,0.3977918028831482
7462,0,00_Jazz3-150-C_comp.jams,298671,5,3,3,3,keep,3,3,0,0.4631575644016266,0.5488247871398926
7476,0,00_Jazz3-150-C_comp.jams,325620,2,3,3,2,keep,3,2,0,0.25983989238739014,0.16285203397274017
7477,0,00_Jazz3-150-C_comp.jams,327483,2,2,2,2,keep,2,2,0,0.3770004212856293,0.43493252992630005
7484,0,00_Jazz3-150-C_comp.jams,345289,4,4,3,3,mixed_by_complete_group,3,3,0,0.41969355940818787,0.41483306884765625
7493,0,00_Jazz3-150-C_comp.jams,369876,3,3,3,2,keep,2,3,-1,0.15960080921649933,0.14085271954536438
7499,0,00_Jazz3-150-C_comp.jams,387039,3,3,3,3,keep,3,3,0,0.3792779743671417,0.3719387352466583
7516,0,00_Jazz3-150-C_comp.jams,423370,4,3,2,3,mixed_by_complete_group,2,3,0,0.28378826379776,0.6891092658042908
7520,0,00_Jazz3-150-C_comp.jams,441458,4,3,3,3,keep,3,3,0,0.4649505317211151,0.5453592538833618
7522,0,00_Jazz3-150-C_comp.jams,445139,0,2,2,2,keep,2,2,0,0.018292933702468872,0.02199253812432289
7524,0,00_Jazz3-150-C_comp.jams,458245,4,3,3,3,keep,3,3,0,0.47459876537323,0.6641831994056702
7527,0,00_Jazz3-150-C_comp.jams,475578,4,3,2,3,mixed_by_complete_group,2,3,0,0.3990478217601776,0.5358539819717407
7532,0,00_Jazz3-150-C_comp.jams,486239,2,3,2,2,mixed_by_complete_group,2,2,0,0.22273974120616913,0.1939585655927658
7533,0,00_Jazz3-150-C_comp.jams,488053,2,2,2,2,keep,2,2,0,0.23857054114341736,0.2071896493434906
7537,0,00_Jazz3-150-C_comp.jams,504269,4,3,3,3,keep,3,3,0,0.4096251130104065,0.5193171501159668
7546,0,00_Jazz3-150-C_comp.jams,521083,3,2,2,3,keep,3,2,1,0.3861953914165497,0.38115888833999634
7555,0,00_Jazz3-150-C_comp.jams,538162,2,2,2,3,keep,2,3,0,0.32706403732299805,0.09560752660036087
7559,0,00_Jazz3-150-C_comp.jams,545730,3,2,3,3,mixed_by_complete_group,3,3,0,0.1669391691684723,0.025746244937181473
7570,0,00_Jazz3-150-C_comp.jams,581619,4,3,3,3,keep,3,3,0,0.4696255326271057,0.4677739441394806
7573,0,00_Jazz3-150-C_comp.jams,599658,4,3,4,4,local_rates_favor_regression_for_all_groups,4,4,0,0.34078413248062134,0.3061046600341797
7578,0,00_Jazz3-150-C_comp.jams,617122,6,4,4,4,keep,4,4,0,0.5872012376785278,0.47226959466934204
7585,0,00_Jazz3-150-C_comp.jams,634507,6,4,4,4,keep,4,4,0,0.5510812401771545,0.8478299975395203
7589,0,00_Jazz3-150-C_comp.jams,651584,3,3,3,3,keep,3,3,0,0.4904126226902008,0.12594494223594666
7591,0,00_Jazz3-150-C_comp.jams,669821,5,3,3,3,keep,3,3,0,0.26090312004089355,0.2932576835155487
7599,0,00_Jazz3-150-C_comp.jams,697824,1,3,3,2,keep,3,2,0,0.2736213505268097,0.0020841467194259167
7600,0,00_Jazz3-150-C_comp.jams,705177,1,3,3,2,keep,3,2,0,0.2458312064409256,0.07920126616954803
7601,0,00_Jazz3-150-C_comp.jams,722529,5,4,4,4,keep,4,4,0,0.45437517762184143,0.5654640197753906
7614,0,00_Jazz3-150-C_comp.jams,750329,2,3,2,2,mixed_by_complete_group,2,2,0,0.29009708762168884,0.22538162767887115
7615,0,00_Jazz3-150-C_comp.jams,752176,1,2,2,2,keep,2,2,0,0.37099555134773254,0.3376680612564087
7620,0,00_Jazz3-150-C_comp.jams,770115,3,3,3,3,keep,3,3,0,0.5673964023590088,0.7544529438018799
7621,0,00_Jazz3-150-C_comp.jams,787181,3,3,3,3,keep,3,3,0,0.4584946036338806,0.6558853983879089
7629,0,00_Jazz3-150-C_comp.jams,811527,4,4,2,3,local_rates_favor_regression_for_all_groups,3,2,0,0.2651224732398987,0.19844891130924225
7636,0,00_Jazz3-150-C_comp.jams,829057,3,3,3,3,keep,3,3,0,0.4729280173778534,0.48404502868652344
7643,0,00_Jazz3-150-C_comp.jams,847528,3,3,3,3,keep,3,3,0,0.35653650760650635,0.6375246047973633
7651,0,00_Jazz3-150-C_comp.jams,864275,3,3,2,2,local_rates_favor_correction_for_all_groups,2,2,0,0.3412231504917145,0.362984299659729
7660,0,00_Jazz3-150-C_comp.jams,892169,2,2,2,2,keep,2,2,0,0.2707909941673279,0.2810164988040924
7661,0,00_Jazz3-150-C_comp.jams,893972,2,2,2,2,keep,2,2,0,0.367309033870697,0.44344809651374817
7668,0,00_Jazz3-150-C_comp.jams,911307,3,3,4,4,local_rates_favor_regression_for_all_groups,4,4,0,0.306595116853714,0.294357031583786
7675,0,00_Jazz3-150-C_comp.jams,936468,3,2,3,3,local_rates_favor_regression_for_all_groups,2,3,-1,0.22199289500713348,0.16558776795864105
7681,0,00_Jazz3-150-C_comp.jams,953016,5,4,4,3,keep,3,3,0,0.3464299142360687,0.3189326226711273
7691,0,00_Jazz3-150-C_comp.jams,981130,3,3,3,2,keep,3,2,0,0.518294095993042,0.12314587831497192
7702,0,00_Jazz3-150-C_comp.jams,1005549,3,3,3,3,keep,3,3,0,0.46021103858947754,0.7142965793609619
7710,0,00_Jazz3-150-C_comp.jams,1021322,2,2,3,3,local_rates_favor_regression_for_all_groups,3,3,0,0.1803095042705536,0.14883290231227875
7715,0,00_Jazz3-150-C_comp.jams,1031038,1,2,2,3,keep,2,3,0,0.1326594203710556,0.005081546027213335
7716,0,00_Jazz3-150-C_comp.jams,1032874,3,2,3,3,mixed_by_complete_group,3,3,0,0.3228464424610138,0.1247669905424118
7721,0,00_Jazz3-150-C_comp.jams,1050981,3,3,3,3,keep,3,3,0,0.38003191351890564,0.5167105793952942
7725,0,00_Jazz3-150-C_comp.jams,1058407,5,4,3,3,mixed_by_complete_group,3,3,0,0.3086577355861664,0.355555921792984
7728,0,00_Jazz3-150-C_comp.jams,1076635,5,4,4,4,keep,4,4,0,0.5538874864578247,0.6272464394569397
7789,0,00_Jazz3-150-C_solo.jams,195550,2,2,2,2,keep,2,2,0,0.4816300570964813,0.5632112622261047
7795,0,00_Jazz3-150-C_solo.jams,213734,2,2,2,2,keep,2,2,0,0.47574275732040405,0.7162458896636963
7807,0,00_Jazz3-150-C_solo.jams,247693,3,3,3,3,keep,3,3,0,0.5931130051612854,0.7238823771476746
7814,0,00_Jazz3-150-C_solo.jams,264252,2,2,2,2,keep,2,2,0,0.27917036414146423,0.2379605919122696
7818,0,00_Jazz3-150-C_solo.jams,284141,2,3,3,2,keep,3,2,0,0.5076069235801697,0.4112759828567505
7819,0,00_Jazz3-150-C_solo.jams,285935,1,2,2,2,keep,2,2,0,0.379342645406723,0.33205100893974304
7822,0,00_Jazz3-150-C_solo.jams,319774,2,2,2,2,keep,2,2,0,0.45533478260040283,0.7621815204620361
7838,0,00_Jazz3-150-C_solo.jams,359473,1,2,2,2,keep,2,2,0,0.22591158747673035,0.15270251035690308
7851,0,00_Jazz3-150-C_solo.jams,387923,2,3,3,3,keep,3,2,0,0.5901070237159729,0.2690064609050751
7911,0,00_Jazz3-150-C_solo.jams,598979,1,2,2,2,keep,2,2,0,0.2577972412109375,0.29842549562454224
7920,0,00_Jazz3-150-C_solo.jams,617497,1,3,2,3,mixed_by_complete_group,3,3,0,0.2603127360343933,0.3469393253326416
7940,0,00_Jazz3-150-C_solo.jams,670173,1,2,2,2,keep,2,2,0,0.3428165912628174,0.9082530736923218
7955,0,00_Jazz3-150-C_solo.jams,723170,1,2,2,2,keep,2,2,0,0.23712484538555145,0.2392246276140213
7970,0,00_Jazz3-150-C_solo.jams,759224,1,2,2,2,keep,2,2,0,0.31600525975227356,0.2631845474243164
7976,0,00_Jazz3-150-C_solo.jams,774878,1,2,3,3,mixed_by_complete_group,3,3,0,0.34338295459747314,0.16702064871788025
7986,0,00_Jazz3-150-C_solo.jams,863608,1,2,3,3,local_rates_favor_regression_for_all_groups,3,3,0,0.3423103094100952,0.17805714905261993
8015,0,00_Jazz3-150-C_solo.jams,953637,1,2,2,2,keep,2,2,0,0.10897553712129593,0.23892472684383392
8024,0,00_Jazz3-150-C_solo.jams,1042059,2,2,2,2,keep,2,2,0,0.03528817743062973,0.06279119104146957
9634,0,00_Rock2-142-D_comp.jams,3,6,4,4,4,keep,4,4,0,0.41073164343833923,0.3567126393318176
9643,0,00_Rock2-142-D_comp.jams,19528,5,2,4,4,mixed_by_complete_group,4,4,0,0.2596180737018585,0.278095006942749
9649,0,00_Rock2-142-D_comp.jams,35507,4,4,3,3,local_rates_favor_regression_for_all_groups,3,3,0,0.23978197574615479,0.2542620003223419
9667,0,00_Rock2-142-D_comp.jams,76449,2,2,2,2,keep,2,2,0,0.49055323004722595,0.5734128952026367
9675,0,00_Rock2-142-D_comp.jams,94252,5,4,4,3,keep,4,4,0,0.4644487202167511,0.24691656231880188
9682,0,00_Rock2-142-D_comp.jams,108595,5,2,3,3,mixed_by_complete_group,3,3,0,0.23408755660057068,0.1758078634738922
9685,0,00_Rock2-142-D_comp.jams,115885,2,2,2,2,keep,2,2,0,0.2444213479757309,0.2927798926830292
9686,0,00_Rock2-142-D_comp.jams,117694,2,2,2,2,keep,2,2,0,0.09537698328495026,0.10176599025726318
9687,0,00_Rock2-142-D_comp.jams,120349,2,2,2,2,keep,2,2,0,0.29643434286117554,0.23718556761741638
9688,0,00_Rock2-142-D_comp.jams,122210,4,2,3,3,mixed_by_complete_group,3,3,0,0.2169756293296814,0.07850004732608795
9694,0,00_Rock2-142-D_comp.jams,136526,3,4,3,3,local_rates_favor_correction_for_all_groups,3,3,0,0.06596291065216064,0.09369096159934998
9697,0,00_Rock2-142-D_comp.jams,144885,3,2,2,2,keep,2,2,0,0.07195884734392166,0.09171760827302933
9699,0,00_Rock2-142-D_comp.jams,150043,2,3,2,2,mixed_by_complete_group,2,2,0,0.17810864746570587,0.005169898737221956
9709,0,00_Rock2-142-D_comp.jams,169413,5,4,4,4,keep,4,4,0,0.5609686374664307,0.6989593505859375
9716,0,00_Rock2-142-D_comp.jams,183608,5,3,3,3,keep,3,3,0,0.4665600657463074,0.2861531376838684
9723,0,00_Rock2-142-D_comp.jams,198390,3,2,2,2,keep,2,2,0,0.364583283662796,0.3965831995010376
9740,0,00_Rock2-142-D_comp.jams,234194,2,2,2,2,keep,2,3,0,0.4274296462535858,0.12259722501039505
9744,0,00_Rock2-142-D_comp.jams,242743,6,3,3,3,keep,3,3,0,0.455631822347641,0.46058863401412964
9749,0,00_Rock2-142-D_comp.jams,253354,3,2,2,2,keep,2,2,0,0.11771983653306961,0.08331916481256485
9751,0,00_Rock2-142-D_comp.jams,257631,4,3,3,3,keep,3,3,0,0.27860623598098755,0.2886695861816406
9760,0,00_Rock2-142-D_comp.jams,278998,2,2,2,3,keep,3,3,-1,0.12181159108877182,0.019925355911254883
9761,0,00_Rock2-142-D_comp.jams,280942,4,2,2,3,keep,2,3,0,0.2600690424442291,0.0907951295375824
9769,0,00_Rock2-142-D_comp.jams,317201,5,3,5,3,local_rates_favor_correction_for_all_groups,3,3,-1,0.3302691876888275,0.3631845712661743
9774,0,00_Rock2-142-D_comp.jams,331612,5,3,3,5,keep,3,3,0,0.2213411033153534,0.13795535266399384
9779,0,00_Rock2-142-D_comp.jams,345679,5,4,5,5,local_rates_favor_correction_for_all_groups,5,5,0,0.14025947451591492,0.07041991502046585
9785,0,00_Rock2-142-D_comp.jams,369677,5,3,3,3,keep,3,3,0,0.7061575651168823,0.9274559020996094
9790,0,00_Rock2-142-D_comp.jams,384200,4,3,3,3,keep,4,3,1,0.3030305504798889,0.5295948386192322
9795,0,00_Rock2-142-D_comp.jams,399121,4,2,2,3,keep,2,3,0,0.3851985037326813,0.14393194019794464
9800,0,00_Rock2-142-D_comp.jams,412107,4,2,2,2,keep,2,2,0,0.4367893636226654,0.45346468687057495
9804,0,00_Rock2-142-D_comp.jams,421166,4,2,2,2,keep,2,2,0,0.2672160863876343,0.23640525341033936
9805,0,00_Rock2-142-D_comp.jams,426243,3,2,2,2,keep,2,2,0,0.19443629682064056,0.15076610445976257
9808,0,00_Rock2-142-D_comp.jams,434602,5,4,2,2,local_rates_favor_correction_for_all_groups,2,2,0,0.10288942605257034,0.11691497266292572
9810,0,00_Rock2-142-D_comp.jams,438324,3,2,2,2,keep,2,2,0,0.2942730486392975,0.21899180114269257
9812,0,00_Rock2-142-D_comp.jams,448698,5,4,5,4,local_rates_favor_correction_for_all_groups,4,4,-1,0.3992738425731659,0.5623899102210999
9818,0,00_Rock2-142-D_comp.jams,461896,3,4,5,5,local_rates_favor_correction_for_all_groups,5,5,0,0.15947479009628296,0.12301546335220337
9825,0,00_Rock2-142-D_comp.jams,475665,3,3,3,3,keep,3,3,0,0.22881051898002625,0.27216824889183044
9832,0,00_Rock2-142-D_comp.jams,490556,3,3,3,3,keep,3,3,0,0.4096362292766571,0.7284348607063293
9838,0,00_Rock2-142-D_comp.jams,504094,4,4,4,5,keep,4,5,0,0.3492104113101959,0.2530798614025116
9851,0,00_Rock2-142-D_comp.jams,531543,1,4,4,2,keep,4,2,0,0.11256683617830276,0.0357794351875782
9855,0,00_Rock2-142-D_comp.jams,544399,4,4,5,3,local_rates_favor_regression_for_all_groups,3,5,0,0.2013426274061203,0.09176760911941528
9866,0,00_Rock2-142-D_comp.jams,566788,4,3,2,2,local_rates_favor_correction_for_all_groups,2,2,0,0.1411048322916031,0.041017916053533554
9868,0,00_Rock2-142-D_comp.jams,570756,4,4,3,3,local_rates_favor_correction_for_all_groups,3,3,0,0.04537201300263405,0.016979608684778214
9872,0,00_Rock2-142-D_comp.jams,585485,3,4,4,4,keep,4,4,0,0.5252231955528259,0.5809963345527649
9886,0,00_Rock2-142-D_comp.jams,613836,4,2,2,3,keep,2,2,0,0.38314273953437805,0.28202325105667114
9887,0,00_Rock2-142-D_comp.jams,615755,2,2,2,2,keep,2,2,0,0.17274273931980133,0.1441456526517868
9893,0,00_Rock2-142-D_comp.jams,629212,4,3,2,2,mixed_by_complete_group,2,2,0,0.2314591109752655,0.15100520849227905
9896,0,00_Rock2-142-D_comp.jams,636984,3,2,2,2,keep,2,2,0,0.2962803542613983,0.3070811331272125
9899,0,00_Rock2-142-D_comp.jams,642915,5,4,3,3,mixed_by_complete_group,3,3,0,0.2946431040763855,0.21156339347362518
9903,0,00_Rock2-142-D_comp.jams,651998,3,2,2,2,keep,2,2,0,0.45835402607917786,0.5892791152000427
9904,0,00_Rock2-142-D_comp.jams,656128,2,2,2,3,keep,2,3,0,0.3298441171646118,0.11875167489051819
9905,0,00_Rock2-142-D_comp.jams,657899,2,2,2,2,keep,2,2,0,0.25001269578933716,0.11397847533226013
9909,0,00_Rock2-142-D_comp.jams,669183,1,2,2,2,keep,2,2,0,0.2149786800146103,0.19052840769290924
9910,0,00_Rock2-142-D_comp.jams,670960,3,2,3,3,mixed_by_complete_group,3,3,0,0.3148781657218933,0.18880651891231537
9914,0,00_Rock2-142-D_comp.jams,679561,5,4,4,3,keep,4,3,0,0.42759138345718384,0.2423955202102661
9917,0,00_Rock2-142-D_comp.jams,688774,5,4,5,5,local_rates_favor_correction_for_all_groups,5,5,0,0.2155776172876358,0.22327382862567902
9923,0,00_Rock2-142-D_comp.jams,704291,3,2,3,3,mixed_by_complete_group,3,3,0,0.22171759605407715,0.06952700018882751
9927,0,00_Rock2-142-D_comp.jams,717408,4,3,3,4,keep,4,3,1,0.21223752200603485,0.28915348649024963
9932,0,00_Rock2-142-D_comp.jams,727995,3,2,2,2,keep,2,2,0,0.16005851328372955,0.1183185800909996
9936,0,00_Rock2-142-D_comp.jams,740214,3,4,2,2,mixed_by_complete_group,2,2,0,0.0451488196849823,0.01003334391862154
9947,0,00_Rock2-142-D_comp.jams,763511,6,4,3,4,mixed_by_complete_group,4,3,0,0.30259057879447937,0.3394595682621002
9954,0,00_Rock2-142-D_comp.jams,778192,4,2,3,3,local_rates_favor_regression_for_all_groups,3,3,0,0.2143576443195343,0.1411697417497635
9961,0,00_Rock2-142-D_comp.jams,792088,3,2,2,2,keep,2,2,0,0.3877567946910858,0.31298744678497314
9966,0,00_Rock2-142-D_comp.jams,801749,2,3,2,2,mixed_by_complete_group,2,2,0,0.08428443968296051,0.005780493374913931
9972,0,00_Rock2-142-D_comp.jams,814838,0,2,2,2,keep,2,2,0,0.21766266226768494,0.16714371740818024
9973,0,00_Rock2-142-D_comp.jams,816699,2,2,2,2,keep,2,2,0,0.19553032517433167,0.33783507347106934
9975,0,00_Rock2-142-D_comp.jams,820710,2,2,2,2,keep,2,2,0,0.360857218503952,0.2936828136444092
9977,0,00_Rock2-142-D_comp.jams,829739,4,4,3,3,mixed_by_complete_group,3,3,0,0.3077811002731323,0.3172204792499542
9981,0,00_Rock2-142-D_comp.jams,839497,4,4,5,5,mixed_by_complete_group,5,5,0,0.2483937293291092,0.30565300583839417
9985,0,00_Rock2-142-D_comp.jams,848121,1,2,2,2,keep,2,2,0,0.4720054864883423,0.46961453557014465
9987,0,00_Rock2-142-D_comp.jams,854175,3,3,2,2,local_rates_favor_correction_for_all_groups,2,2,0,0.29570212960243225,0.21890372037887573
9991,0,00_Rock2-142-D_comp.jams,863285,1,2,2,2,keep,2,2,0,0.17099416255950928,0.11146243661642075
9992,0,00_Rock2-142-D_comp.jams,867177,4,3,5,3,local_rates_favor_correction_for_all_groups,3,5,0,0.26011601090431213,0.29774045944213867
9996,0,00_Rock2-142-D_comp.jams,876371,3,3,3,3,keep,3,3,0,0.29324206709861755,0.45121946930885315
9999,0,00_Rock2-142-D_comp.jams,884688,3,4,2,2,mixed_by_complete_group,2,2,0,0.03571302816271782,0.011388651095330715
10004,0,00_Rock2-142-D_comp.jams,894340,3,2,2,3,keep,2,3,0,0.41006386280059814,0.1398351490497589
10012,0,00_Rock2-142-D_comp.jams,912832,2,2,2,2,keep,2,2,0,0.3832480311393738,0.31983035802841187
10013,0,00_Rock2-142-D_comp.jams,914601,3,2,3,3,local_rates_favor_regression_for_all_groups,2,3,-1,0.3724609613418579,0.27617910504341125
10020,0,00_Rock2-142-D_comp.jams,928786,4,2,2,3,keep,2,3,0,0.3386104702949524,0.14812549948692322
10025,0,00_Rock2-142-D_comp.jams,941681,5,3,3,3,keep,4,3,0,0.33279889822006226,0.5776342749595642
10031,0,00_Rock2-142-D_comp.jams,957018,4,3,2,2,mixed_by_complete_group,2,2,0,0.1375216543674469,0.017816193401813507
10035,0,00_Rock2-142-D_comp.jams,970329,2,2,3,2,mixed_by_complete_group,3,2,0,0.23835217952728271,0.5138042569160461
10038,0,00_Rock2-142-D_comp.jams,978023,2,2,2,2,keep,2,2,0,0.42046815156936646,0.3869072496891022
10043,0,00_Rock2-142-D_comp.jams,988786,5,2,2,3,keep,3,3,0,0.28929364681243896,0.18126069009304047
10049,0,00_Rock2-142-D_comp.jams,1003144,3,4,2,2,local_rates_favor_regression_for_all_groups,4,2,0,0.37007012963294983,0.14358817040920258
10054,0,00_Rock2-142-D_comp.jams,1017205,6,4,3,3,mixed_by_complete_group,3,3,0,0.22793224453926086,0.27831631898880005
10058,0,00_Rock2-142-D_comp.jams,1025992,4,2,2,2,keep,2,2,0,0.3658270835876465,0.60221928358078
10060,0,00_Rock2-142-D_comp.jams,1032038,4,2,2,2,keep,2,2,0,0.1600230634212494,0.20724503695964813
10064,0,00_Rock2-142-D_comp.jams,1040812,4,2,2,2,keep,2,2,0,0.1628391146659851,0.2933327257633209
10066,0,00_Rock2-142-D_comp.jams,1045416,6,4,4,2,keep,4,2,0,0.32023829221725464,0.1178227886557579
10070,0,00_Rock2-142-D_comp.jams,1054241,2,2,2,2,keep,2,2,0,0.29104897379875183,0.2081506848335266
10072,0,00_Rock2-142-D_comp.jams,1058377,4,2,3,3,local_rates_favor_regression_for_all_groups,3,3,0,0.3777051270008087,0.08270471543073654
10074,0,00_Rock2-142-D_comp.jams,1062292,3,2,2,2,keep,2,2,0,0.30578792095184326,0.2707301378250122
10079,0,00_Rock2-142-D_comp.jams,1072067,3,2,3,3,local_rates_favor_regression_for_all_groups,3,3,0,0.19912390410900116,0.11454302817583084
10084,0,00_Rock2-142-D_comp.jams,1081624,3,2,2,2,keep,2,2,0,0.02517145872116089,0.029696336016058922
10088,0,00_Rock2-142-D_comp.jams,1090502,3,3,3,3,keep,3,3,0,0.3014177978038788,0.36999034881591797
10091,0,00_Rock2-142-D_comp.jams,1099927,5,4,4,4,keep,4,4,0,0.36646124720573425,0.3048251271247864
10095,0,00_Rock2-142-D_comp.jams,1107889,3,3,3,3,keep,3,3,0,0.49765610694885254,0.6213875412940979
10097,0,00_Rock2-142-D_comp.jams,1112603,2,3,2,2,mixed_by_complete_group,2,2,0,0.16106247901916504,0.15038448572158813
10111,0,00_Rock2-142-D_comp.jams,1140666,2,3,2,2,local_rates_favor_correction_for_all_groups,2,2,0,0.13737039268016815,0.20131604373455048
10120,0,00_Rock2-142-D_comp.jams,1159792,1,3,2,2,mixed_by_complete_group,2,2,0,0.050465572625398636,0.03661670535802841
10124,0,00_Rock2-142-D_comp.jams,1168767,0,2,2,3,keep,2,3,0,0.20523007214069366,0.021130304783582687
10125,0,00_Rock2-142-D_comp.jams,1170577,4,2,2,2,keep,2,2,0,0.4077460765838623,0.3310169577598572
10127,0,00_Rock2-142-D_comp.jams,1174451,5,2,3,3,mixed_by_complete_group,3,3,0,0.288402259349823,0.32730329036712646
10131,0,00_Rock2-142-D_comp.jams,1183442,4,3,3,3,keep,3,3,0,0.608394205570221,0.7949472069740295
10172,0,00_Rock2-142-D_solo.jams,132046,1,2,2,2,keep,2,2,0,0.21103893220424652,0.27470478415489197
10176,0,00_Rock2-142-D_solo.jams,149232,2,3,3,3,keep,3,3,0,0.4266511797904968,0.7093672752380371
10180,0,00_Rock2-142-D_solo.jams,167977,2,2,2,2,keep,2,2,0,0.3688638210296631,0.3945857882499695
10183,0,00_Rock2-142-D_solo.jams,177734,2,4,2,2,mixed_by_complete_group,2,2,0,0.06543674319982529,0.004961932078003883
10189,0,00_Rock2-142-D_solo.jams,225040,2,2,2,2,keep,2,2,0,0.394732803106308,0.40322956442832947
10208,0,00_Rock2-142-D_solo.jams,270808,3,2,2,2,keep,2,2,0,0.2829269468784332,0.2732524871826172
10213,0,00_Rock2-142-D_solo.jams,281474,2,2,2,2,keep,2,2,0,0.27117204666137695,0.2989877164363861
10218,0,00_Rock2-142-D_solo.jams,299132,2,3,3,3,keep,3,3,0,0.48520901799201965,0.5885495543479919
10230,0,00_Rock2-142-D_solo.jams,344444,2,2,2,3,keep,2,3,0,0.36984965205192566,0.2903074622154236
10236,0,00_Rock2-142-D_solo.jams,368131,1,3,3,3,keep,3,3,0,0.450897753238678,0.40885353088378906
10275,0,00_Rock2-142-D_solo.jams,595682,1,2,2,2,keep,2,2,0,0.30479809641838074,0.32798969745635986
10283,0,00_Rock2-142-D_solo.jams,624215,1,2,2,2,keep,2,2,0,0.24176110327243805,0.2911754846572876
12275,0,00_Rock3-148-C_comp.jams,5,5,4,3,3,local_rates_favor_regression_for_all_groups,3,3,0,0.33773860335350037,0.19633418321609497
12276,0,00_Rock3-148-C_comp.jams,1842,0,2,2,2,keep,2,2,0,0.11197178065776825,0.06218452379107475
12285,0,00_Rock3-148-C_comp.jams,19772,4,3,3,3,keep,3,3,0,0.2948690354824066,0.5374850034713745
12290,0,00_Rock3-148-C_comp.jams,29715,3,2,2,2,keep,2,2,0,0.1132153570652008,0.16525572538375854
12292,0,00_Rock3-148-C_comp.jams,34010,3,2,2,2,keep,2,2,0,0.43104588985443115,0.43087950348854065
12297,0,00_Rock3-148-C_comp.jams,45500,2,2,2,2,keep,2,2,0,0.44451266527175903,0.4249342381954193
12301,0,00_Rock3-148-C_comp.jams,54725,4,3,3,3,keep,3,3,0,0.44349539279937744,0.5013706684112549
12306,0,00_Rock3-148-C_comp.jams,66376,1,2,2,3,keep,2,3,0,0.36188170313835144,0.05538194254040718
12309,0,00_Rock3-148-C_comp.jams,80683,5,3,3,3,keep,3,3,0,0.366000771522522,0.4504871368408203
12317,0,00_Rock3-148-C_comp.jams,95533,3,3,3,2,keep,3,2,0,0.2808608114719391,0.1747448742389679
12322,0,00_Rock3-148-C_comp.jams,108070,5,3,5,5,mixed_by_complete_group,5,5,0,0.1672797054052353,0.18480819463729858
12328,0,00_Rock3-148-C_comp.jams,124605,4,3,5,5,mixed_by_complete_group,5,5,0,0.08314607292413712,0.019587786868214607
12331,0,00_Rock3-148-C_comp.jams,135205,3,3,2,2,mixed_by_complete_group,2,2,0,0.09663724899291992,0.1695789396762848
12333,0,00_Rock3-148-C_comp.jams,139459,5,3,2,2,local_rates_favor_correction_for_all_groups,2,2,0,0.06333959102630615,0.02403896115720272
12334,0,00_Rock3-148-C_comp.jams,142784,4,2,2,2,keep,2,2,0,0.346641480922699,0.24486565589904785
12343,0,00_Rock3-148-C_comp.jams,162241,5,4,5,4,local_rates_favor_correction_for_all_groups,5,4,0,0.2302730679512024,0.5084758400917053
12350,0,00_Rock3-148-C_comp.jams,175386,3,2,2,3,keep,3,3,1,0.3180961310863495,0.25234705209732056
12356,0,00_Rock3-148-C_comp.jams,189632,3,4,3,3,local_rates_favor_regression_for_all_groups,3,3,0,0.13799400627613068,0.10874082893133163
12360,0,00_Rock3-148-C_comp.jams,198690,3,3,2,2,mixed_by_complete_group,2,2,0,0.07538941502571106,0.003958470653742552
12362,0,00_Rock3-148-C_comp.jams,203498,4,4,3,3,local_rates_favor_correction_for_all_groups,3,3,0,0.062333449721336365,0.04546446353197098
12365,0,00_Rock3-148-C_comp.jams,212314,4,2,2,2,keep,2,2,0,0.314621239900589,0.21031752228736877
12370,0,00_Rock3-148-C_comp.jams,224065,2,2,2,2,keep,2,2,0,0.44041988253593445,0.4687667787075043
12374,0,00_Rock3-148-C_comp.jams,232546,4,2,2,2,keep,2,2,0,0.2961670756340027,0.11908844858407974
12381,0,00_Rock3-148-C_comp.jams,249679,3,2,2,2,keep,2,2,0,0.21917934715747833,0.19985131919384003
12382,0,00_Rock3-148-C_comp.jams,251534,3,2,2,2,keep,2,2,0,0.21309834718704224,0.15416781604290009
12389,0,00_Rock3-148-C_comp.jams,267442,3,2,2,3,keep,2,3,0,0.23308295011520386,0.04708414524793625
12390,0,00_Rock3-148-C_comp.jams,269354,3,2,3,3,mixed_by_complete_group,3,3,0,0.24749146401882172,0.110502228140831
12394,0,00_Rock3-148-C_comp.jams,282206,4,3,3,2,keep,2,3,0,0.1821655035018921,0.06415063887834549
12401,0,00_Rock3-148-C_comp.jams,296119,4,2,3,3,mixed_by_complete_group,3,3,0,0.2746495306491852,0.06699691712856293
12407,0,00_Rock3-148-C_comp.jams,307666,3,2,2,2,keep,2,2,0,0.21378479897975922,0.1864159107208252
12408,0,00_Rock3-148-C_comp.jams,309660,1,4,2,2,mixed_by_complete_group,4,2,0,0.042249374091625214,0.01813352480530739
12414,0,00_Rock3-148-C_comp.jams,321851,6,2,2,3,keep,3,3,0,0.35995882749557495,0.21773791313171387
12429,0,00_Rock3-148-C_comp.jams,352625,3,4,5,5,local_rates_favor_correction_for_all_groups,5,5,0,0.05637311190366745,0.04920141026377678
12436,0,00_Rock3-148-C_comp.jams,367543,5,4,3,2,mixed_by_complete_group,2,3,0,0.21352645754814148,0.12004893273115158
12442,0,00_Rock3-148-C_comp.jams,380566,4,4,4,2,keep,4,3,0,0.3548828065395355,0.13351614773273468
12448,0,00_Rock3-148-C_comp.jams,393113,3,2,2,2,keep,2,2,0,0.34811028838157654,0.2786633372306824
12452,0,00_Rock3-148-C_comp.jams,401910,2,2,2,2,keep,2,2,0,0.16074644029140472,0.17542119324207306
12456,0,00_Rock3-148-C_comp.jams,410279,2,2,3,3,mixed_by_complete_group,3,3,0,0.20335035026073456,0.04527227580547333
12457,0,00_Rock3-148-C_comp.jams,412056,3,3,4,5,mixed_by_complete_group,5,4,0,0.14677417278289795,0.005775592289865017
12463,0,00_Rock3-148-C_comp.jams,424431,4,4,5,5,local_rates_favor_correction_for_all_groups,5,5,0,0.21243536472320557,0.14287081360816956
12470,0,00_Rock3-148-C_comp.jams,438848,6,4,4,3,keep,3,3,0,0.2978167235851288,0.25605112314224243
12474,0,00_Rock3-148-C_comp.jams,446995,4,2,2,2,keep,2,2,0,0.10062805563211441,0.1738993227481842
12476,0,00_Rock3-148-C_comp.jams,451343,2,2,3,3,local_rates_favor_regression_for_all_groups,3,3,0,0.2103186994791031,0.04470161348581314
12483,0,00_Rock3-148-C_comp.jams,465369,5,3,2,2,local_rates_favor_correction_for_all_groups,2,2,0,0.0587894581258297,0.00635936576873064
12490,0,00_Rock3-148-C_comp.jams,479017,6,4,5,5,mixed_by_complete_group,5,5,0,0.17625676095485687,0.239231139421463
12494,0,00_Rock3-148-C_comp.jams,487214,4,4,3,2,local_rates_favor_correction_for_all_groups,2,3,0,0.008906293660402298,0.0005826681153848767
12498,0,00_Rock3-148-C_comp.jams,495419,2,2,2,3,keep,2,3,0,0.25932419300079346,0.08838633447885513
12499,0,00_Rock3-148-C_comp.jams,497208,3,3,2,2,local_rates_favor_correction_for_all_groups,2,2,0,0.0842394083738327,0.037754125893116
12503,0,00_Rock3-148-C_comp.jams,505191,4,3,3,2,keep,3,2,0,0.34631597995758057,0.036009762436151505
12506,0,00_Rock3-148-C_comp.jams,511067,3,2,2,2,keep,2,2,0,0.048607759177684784,0.03478808328509331
12510,0,00_Rock3-148-C_comp.jams,519216,6,4,2,2,local_rates_favor_correction_for_all_groups,2,2,0,0.08274351805448532,0.022184673696756363
12512,0,00_Rock3-148-C_comp.jams,523387,6,3,2,2,mixed_by_complete_group,2,2,0,0.20907162129878998,0.07406482845544815
12519,0,00_Rock3-148-C_comp.jams,536734,5,2,2,2,keep,2,2,0,0.27650687098503113,0.40772226452827454
12521,0,00_Rock3-148-C_comp.jams,540632,2,2,3,3,local_rates_favor_regression_for_all_groups,3,3,0,0.23240859806537628,0.0550386868417263
12524,0,00_Rock3-148-C_comp.jams,546439,4,2,2,2,keep,2,2,0,0.0671992301940918,0.0792335644364357
12527,0,00_Rock3-148-C_comp.jams,554587,4,3,2,2,local_rates_favor_correction_for_all_groups,2,2,0,0.037839606404304504,0.04338061064481735
12528,0,00_Rock3-148-C_comp.jams,559123,5,3,2,2,mixed_by_complete_group,2,2,0,0.1968046873807907,0.05110327899456024
12531,0,00_Rock3-148-C_comp.jams,567817,5,3,2,2,local_rates_favor_correction_for_all_groups,2,2,0,0.03938381373882294,0.0038768418598920107
12540,0,00_Rock3-148-C_comp.jams,589860,5,4,5,5,mixed_by_complete_group,5,5,0,0.11655719578266144,0.10719772428274155
12547,0,00_Rock3-148-C_comp.jams,604866,5,2,3,3,local_rates_favor_regression_for_all_groups,3,3,0,0.3806094527244568,0.4019780158996582
12552,0,00_Rock3-148-C_comp.jams,617081,5,3,5,5,mixed_by_complete_group,5,5,0,0.06961845606565475,0.05457090586423874
12559,0,00_Rock3-148-C_comp.jams,631168,4,2,2,3,keep,3,3,0,0.19069260358810425,0.0964302122592926
12572,0,00_Rock3-148-C_comp.jams,663004,6,3,3,3,keep,3,3,0,0.25693267583847046,0.21136116981506348
12584,0,00_Rock3-148-C_comp.jams,693716,3,2,2,2,keep,2,2,0,0.2518758773803711,0.26192623376846313
12585,0,00_Rock3-148-C_comp.jams,698320,5,3,2,3,mixed_by_complete_group,3,2,0,0.2909548580646515,0.2401772290468216
12590,0,00_Rock3-148-C_comp.jams,711432,4,3,2,2,local_rates_favor_correction_for_all_groups,2,2,0,0.3398396670818329,0.06171182915568352
12595,0,00_Rock3-148-C_comp.jams,723778,3,2,3,3,local_rates_favor_regression_for_all_groups,3,3,0,0.2010604292154312,0.06730787456035614
12596,0,00_Rock3-148-C_comp.jams,725662,2,2,3,3,local_rates_favor_regression_for_all_groups,3,3,0,0.26500022411346436,0.14649765193462372
12602,0,00_Rock3-148-C_comp.jams,738382,5,3,2,3,local_rates_favor_correction_for_all_groups,2,3,0,0.19486086070537567,0.6063570380210876
12608,0,00_Rock3-148-C_comp.jams,750590,3,2,2,2,keep,2,2,0,0.14373108744621277,0.02756817266345024
12609,0,00_Rock3-148-C_comp.jams,752518,2,2,3,3,local_rates_favor_regression_for_all_groups,3,3,0,0.399666965007782,0.13205711543560028
12614,0,00_Rock3-148-C_comp.jams,763168,0,2,2,3,keep,3,3,0,0.07038553804159164,0.012088398449122906
12615,0,00_Rock3-148-C_comp.jams,765167,5,4,3,3,mixed_by_complete_group,3,3,0,0.14141249656677246,0.024429259821772575
12618,0,00_Rock3-148-C_comp.jams,772263,0,2,2,2,keep,2,2,0,0.12138453871011734,0.1354479342699051
12619,0,00_Rock3-148-C_comp.jams,774264,4,3,2,2,mixed_by_complete_group,3,2,0,0.25268295407295227,0.16989131271839142
12621,0,00_Rock3-148-C_comp.jams,779000,5,2,3,2,local_rates_favor_correction_for_all_groups,2,3,0,0.23291026055812836,0.1592511236667633
12626,0,00_Rock3-148-C_comp.jams,790871,3,2,2,3,keep,2,3,0,0.37086060643196106,0.07808972895145416
12631,0,00_Rock3-148-C_comp.jams,802458,4,2,2,2,keep,2,2,0,0.3596785068511963,0.45966941118240356
12641,0,00_Rock3-148-C_comp.jams,825753,4,2,2,3,keep,2,2,0,0.3059486150741577,0.1637130081653595
12645,0,00_Rock3-148-C_comp.jams,834981,4,3,2,2,mixed_by_complete_group,2,2,0,0.12410174310207367,0.015525863505899906
12647,0,00_Rock3-148-C_comp.jams,838781,4,3,2,2,local_rates_favor_correction_for_all_groups,2,2,0,0.07627011835575104,0.010865670628845692
12648,0,00_Rock3-148-C_comp.jams,840553,2,2,3,3,mixed_by_complete_group,3,3,0,0.3025081157684326,0.213081955909729
12654,0,00_Rock3-148-C_comp.jams,853048,5,3,2,2,local_rates_favor_correction_for_all_groups,2,2,0,0.10520588606595993,0.0114241698756814
12656,0,00_Rock3-148-C_comp.jams,857322,3,2,2,3,keep,2,2,0,0.3206145465373993,0.046133894473314285
12666,0,00_Rock3-148-C_comp.jams,877189,6,4,5,3,mixed_by_complete_group,3,5,0,0.24310441315174103,0.22106623649597168
12671,0,00_Rock3-148-C_comp.jams,886472,0,2,2,2,keep,2,2,0,0.10158667713403702,0.12357384711503983
12673,0,00_Rock3-148-C_comp.jams,890277,3,4,2,3,local_rates_favor_regression_for_all_groups,3,2,1,0.09536270797252655,0.18520936369895935
12679,0,00_Rock3-148-C_comp.jams,901836,2,2,2,3,keep,3,3,-1,0.20582468807697296,0.06656498461961746
12680,0,00_Rock3-148-C_comp.jams,903620,4,3,3,3,keep,3,3,0,0.11211326718330383,0.09013210982084274
12687,0,00_Rock3-148-C_comp.jams,917684,3,3,2,2,local_rates_favor_correction_for_all_groups,2,2,0,0.10664672404527664,0.12497416883707047
12691,0,00_Rock3-148-C_comp.jams,925543,3,2,2,2,keep,2,2,0,0.2113492488861084,0.21696090698242188
12698,0,00_Rock3-148-C_comp.jams,939345,3,2,2,2,keep,2,2,0,0.2659279406070709,0.3006038963794708
12702,0,00_Rock3-148-C_comp.jams,947626,5,3,5,5,mixed_by_complete_group,5,5,0,0.07782314717769623,0.04352236166596413
12706,0,00_Rock3-148-C_comp.jams,956197,3,2,2,2,keep,2,2,0,0.07408097386360168,0.10472625494003296
12708,0,00_Rock3-148-C_comp.jams,961220,4,2,3,3,mixed_by_complete_group,3,3,0,0.3744448125362396,0.23601071536540985
12715,0,00_Rock3-148-C_comp.jams,976146,5,3,2,2,mixed_by_complete_group,2,2,0,0.03105163387954235,0.0032032933086156845
12718,0,00_Rock3-148-C_comp.jams,984097,3,2,2,2,keep,2,2,0,0.25687336921691895,0.5752846002578735
12721,0,00_Rock3-148-C_comp.jams,990204,2,2,2,2,keep,2,2,0,0.07744935154914856,0.07485529780387878
12725,0,00_Rock3-148-C_comp.jams,997948,5,4,3,3,mixed_by_complete_group,3,3,0,0.1521081030368805,0.04191013053059578
12727,0,00_Rock3-148-C_comp.jams,1002494,3,3,2,2,mixed_by_complete_group,2,2,0,0.0663859024643898,0.04334476590156555
12735,0,00_Rock3-148-C_comp.jams,1020454,6,4,4,3,keep,4,3,0,0.338009238243103,0.2812807261943817
12741,0,00_Rock3-148-C_comp.jams,1033393,4,4,2,2,mixed_by_complete_group,2,2,0,0.13480323553085327,0.025708841159939766
12745,0,00_Rock3-148-C_comp.jams,1042389,5,3,2,2,mixed_by_complete_group,2,2,0,0.08242344856262207,0.01579856127500534
12747,0,00_Rock3-148-C_comp.jams,1046667,6,4,3,3,local_rates_favor_regression_for_all_groups,4,3,0,0.3588293790817261,0.14264094829559326
12751,0,00_Rock3-148-C_comp.jams,1054843,5,3,2,2,local_rates_favor_correction_for_all_groups,2,2,0,0.04628024995326996,0.0020616573747247458
12753,0,00_Rock3-148-C_comp.jams,1059143,3,2,2,3,keep,3,3,1,0.14732690155506134,0.0168918389827013
12754,0,00_Rock3-148-C_comp.jams,1061054,1,2,2,2,keep,2,2,0,0.11011441797018051,0.1233181282877922
12757,0,00_Rock3-148-C_comp.jams,1068889,6,3,2,3,local_rates_favor_correction_for_all_groups,2,3,0,0.20496883988380432,0.47098448872566223
12762,0,00_Rock3-148-C_comp.jams,1080673,4,2,2,2,keep,2,2,0,0.366224467754364,0.29823407530784607
12763,0,00_Rock3-148-C_comp.jams,1082459,2,4,4,4,keep,4,3,0,0.4388747811317444,0.38800376653671265
12771,0,00_Rock3-148-C_comp.jams,1098916,5,2,3,3,mixed_by_complete_group,3,2,0,0.2627810537815094,0.30384618043899536
12772,0,00_Rock3-148-C_comp.jams,1100742,1,2,2,2,keep,2,2,0,0.2397577315568924,0.11296827346086502
12779,0,00_Rock3-148-C_comp.jams,1116494,5,2,2,2,keep,2,2,0,0.2952488660812378,0.3449068069458008
12784,0,00_Rock3-148-C_comp.jams,1126673,3,2,2,2,keep,2,2,0,0.22720156610012054,0.21914787590503693
12788,0,00_Rock3-148-C_comp.jams,1134847,4,2,2,2,keep,2,2,0,0.08514683693647385,0.15753531455993652
12796,0,00_Rock3-148-C_solo.jams,18961,3,3,3,3,keep,3,3,0,0.36986684799194336,0.5293391346931458
12800,0,00_Rock3-148-C_solo.jams,37490,3,3,3,4,keep,3,3,0,0.3868064880371094,0.3195209801197052
12805,0,00_Rock3-148-C_solo.jams,48108,2,2,2,2,keep,2,2,0,0.19601354002952576,0.2076847404241562
12808,0,00_Rock3-148-C_solo.jams,65296,3,3,3,3,keep,3,3,0,0.58738774061203,0.7060965895652771
12811,0,00_Rock3-148-C_solo.jams,126551,3,3,3,3,keep,3,3,0,0.4216248393058777,0.4736623466014862
12815,0,00_Rock3-148-C_solo.jams,134894,1,2,2,2,keep,2,2,0,0.10182415693998337,0.09584804624319077
12818,0,00_Rock3-148-C_solo.jams,144004,3,3,3,3,keep,3,3,0,0.4772205054759979,0.6389520168304443
12822,0,00_Rock3-148-C_solo.jams,162407,3,3,3,3,keep,3,3,0,0.34496164321899414,0.3601139485836029
12826,0,00_Rock3-148-C_solo.jams,180820,3,3,4,3,mixed_by_complete_group,4,3,0,0.3735906183719635,0.530907392501831
12831,0,00_Rock3-148-C_solo.jams,206973,3,3,3,3,keep,3,3,0,0.5969523191452026,0.6707499623298645
12834,0,00_Rock3-148-C_solo.jams,224087,4,3,3,3,keep,3,3,0,0.3969443738460541,0.8770787119865417
12839,0,00_Rock3-148-C_solo.jams,242672,3,3,3,3,keep,3,3,0,0.4886452257633209,0.7591027021408081
12844,0,00_Rock3-148-C_solo.jams,261018,3,3,2,3,mixed_by_complete_group,3,3,1,0.35589009523391724,0.45334652066230774
12850,0,00_Rock3-148-C_solo.jams,287738,1,2,2,2,keep,2,2,0,0.24370317161083221,0.33645933866500854
12851,0,00_Rock3-148-C_solo.jams,305218,1,2,2,2,keep,2,2,0,0.17350037395954132,0.5206741690635681
12855,0,00_Rock3-148-C_solo.jams,340001,2,3,2,2,mixed_by_complete_group,2,2,0,0.16911891102790833,0.023448612540960312
12865,0,00_Rock3-148-C_solo.jams,432256,2,2,2,2,keep,2,2,0,0.014979000203311443,0.004715327173471451
12866,0,00_Rock3-148-C_solo.jams,449611,1,2,2,2,keep,2,2,0,0.0033625925425440073,0.0005229557864367962
12867,0,00_Rock3-148-C_solo.jams,467501,1,2,2,2,keep,2,2,0,0.005874924827367067,0.0006923701730556786
12869,0,00_Rock3-148-C_solo.jams,485109,2,2,2,2,keep,2,2,0,0.006325927097350359,0.001524555729702115
12870,0,00_Rock3-148-C_solo.jams,494279,2,2,2,2,keep,2,2,0,0.07658310234546661,0.07188674807548523
12871,0,00_Rock3-148-C_solo.jams,501943,2,3,3,2,keep,2,2,1,0.12870566546916962,0.024309948086738586
12873,0,00_Rock3-148-C_solo.jams,519592,2,2,2,2,keep,2,2,0,0.43872323632240295,0.5231142640113831
12875,0,00_Rock3-148-C_solo.jams,537193,2,2,2,2,keep,2,2,0,0.3946828842163086,0.44535353779792786
12876,0,00_Rock3-148-C_solo.jams,554452,2,3,2,2,mixed_by_complete_group,2,2,0,0.20029930770397186,0.09105376154184341
12879,0,00_Rock3-148-C_solo.jams,571906,2,2,2,2,keep,2,2,0,0.41509169340133667,0.4884616434574127
12880,0,00_Rock3-148-C_solo.jams,590461,2,3,2,2,mixed_by_complete_group,2,2,0,0.34461691975593567,0.22026795148849487
12882,0,00_Rock3-148-C_solo.jams,608566,2,2,2,2,keep,2,2,0,0.45605558156967163,0.4894537031650543
12884,0,00_Rock3-148-C_solo.jams,654376,2,2,2,2,keep,2,2,0,0.19718123972415924,0.3157147467136383
12887,0,00_Rock3-148-C_solo.jams,699281,2,3,3,2,keep,3,2,0,0.006598586216568947,1.5236756212289038e-07
12888,0,00_Rock3-148-C_solo.jams,717179,1,3,3,2,keep,3,2,0,0.10482734441757202,0.0009814533405005932
12890,0,00_Rock3-148-C_solo.jams,734282,1,2,2,2,keep,2,2,0,0.12643778324127197,0.11799821257591248
12894,0,00_Rock3-148-C_solo.jams,769605,1,3,3,2,keep,3,2,0,0.05163612961769104,1.6828382285893895e-05
12896,0,00_Rock3-148-C_solo.jams,787504,1,2,2,2,keep,2,2,0,0.047680340707302094,0.04402346536517143
12898,0,00_Rock3-148-C_solo.jams,814522,3,2,2,2,keep,2,2,0,0.23603837192058563,0.29070743918418884
12900,0,00_Rock3-148-C_solo.jams,831170,2,2,2,2,keep,2,2,0,0.18733346462249756,0.08055524528026581
12920,0,00_Rock3-148-C_solo.jams,895755,1,2,2,2,keep,2,2,0,0.14524202048778534,0.1044439822435379
12972,0,00_SS1-68-E_comp.jams,41138,2,3,3,2,keep,2,3,1,0.3224622905254364,0.29981568455696106
12999,0,00_SS1-68-E_comp.jams,101459,2,4,4,4,keep,4,4,0,0.5771141052246094,0.4673997461795807
13014,0,00_SS1-68-E_comp.jams,139617,4,3,3,3,keep,3,3,0,0.4380685091018677,0.510009229183197
13021,0,00_SS1-68-E_comp.jams,154645,0,2,2,2,keep,2,2,0,0.11762403696775436,0.08501862734556198
13022,0,00_SS1-68-E_comp.jams,156868,5,2,2,2,keep,2,2,0,0.5794865489006042,0.7476067543029785
13031,0,00_SS1-68-E_comp.jams,182746,1,2,2,2,keep,2,2,0,0.10010413825511932,0.0673338994383812
13065,0,00_SS1-68-E_comp.jams,274747,0,3,2,2,mixed_by_complete_group,2,2,0,0.14516085386276245,0.055840738117694855
13080,0,00_SS1-68-E_comp.jams,313161,3,2,2,2,keep,2,2,0,0.32265061140060425,0.26098009943962097
13091,0,00_SS1-68-E_comp.jams,349398,3,2,2,3,keep,2,3,0,0.5046025514602661,0.3087536096572876
13116,0,00_SS1-68-E_comp.jams,428672,2,2,2,2,keep,2,2,0,0.4488677978515625,0.5236939191818237
13122,0,00_SS1-68-E_comp.jams,452342,2,2,2,2,keep,2,2,0,0.4218127727508545,0.8856568932533264
13128,0,00_SS1-68-E_comp.jams,492989,2,3,3,3,keep,3,3,0,0.32089149951934814,0.543632984161377
13135,0,00_SS1-68-E_comp.jams,509717,1,2,2,2,keep,2,2,0,0.21443869173526764,0.2363574057817459
13139,0,00_SS1-68-E_comp.jams,547482,1,3,3,3,keep,3,3,0,0.4098144769668579,0.9599429965019226
13149,0,00_SS1-68-E_comp.jams,584381,2,2,2,2,keep,2,2,0,0.16156944632530212,0.35939115285873413
13153,0,00_SS1-68-E_comp.jams,607711,2,2,3,2,local_rates_favor_regression_for_all_groups,2,2,1,0.21081405878067017,0.6153550148010254
13159,0,00_SS1-68-E_comp.jams,621127,1,3,3,2,keep,3,2,0,0.46403029561042786,0.020826784893870354
13170,0,00_SS1-68-E_comp.jams,652426,0,2,2,2,keep,2,2,0,0.086560919880867,0.06428653001785278
13179,0,00_SS1-68-E_comp.jams,686319,2,4,3,4,local_rates_favor_regression_for_all_groups,3,4,0,0.2263801544904709,0.3191843330860138
13191,0,00_SS1-68-E_comp.jams,741215,2,2,2,2,keep,2,2,0,0.32835689187049866,0.2971689701080322
13216,0,00_SS1-68-E_comp.jams,804520,2,3,3,3,keep,3,3,0,0.3304316997528076,0.41917484998703003
13223,0,00_SS1-68-E_comp.jams,834265,2,2,2,2,keep,2,2,0,0.2533673644065857,0.23313693702220917
13227,0,00_SS1-68-E_comp.jams,846264,1,2,2,2,keep,2,2,0,0.19890131056308746,0.22879520058631897
13231,0,00_SS1-68-E_comp.jams,857837,1,2,2,2,keep,2,2,0,0.3268287479877472,0.3706853985786438
13245,0,00_SS1-68-E_comp.jams,895659,1,2,2,2,keep,2,2,0,0.2082488238811493,0.18999738991260529
13249,0,00_SS1-68-E_comp.jams,908307,1,3,2,3,mixed_by_complete_group,2,3,0,0.05789037048816681,0.23364557325839996
13266,0,00_SS1-68-E_comp.jams,958850,1,2,2,2,keep,2,2,0,0.21529681980609894,0.04145350679755211
13278,0,00_SS1-68-E_comp.jams,996017,2,3,2,2,local_rates_favor_regression_for_all_groups,2,2,0,0.3635706901550293,0.28109610080718994
13286,0,00_SS1-68-E_comp.jams,1035741,3,4,4,4,keep,4,4,0,0.6207184195518494,0.7775291204452515
13292,0,00_SS1-68-E_comp.jams,1054246,3,4,3,3,mixed_by_complete_group,3,3,0,0.3366367220878601,0.08277373015880585
13300,0,00_SS1-68-E_comp.jams,1075707,1,2,2,2,keep,2,2,0,0.41792064905166626,0.6993380188941956
13306,0,00_SS1-68-E_comp.jams,1091772,3,3,3,3,keep,3,3,0,0.39904558658599854,0.5846289992332458
13311,0,00_SS1-68-E_comp.jams,1116914,1,2,2,2,keep,2,2,0,0.21015869081020355,0.20830951631069183
13316,0,00_SS1-68-E_comp.jams,1130464,2,3,3,3,keep,3,3,0,0.25659722089767456,0.3705922067165375
13334,0,00_SS1-68-E_comp.jams,1168653,0,2,2,2,keep,2,2,0,0.3508675992488861,0.2630632519721985
13338,0,00_SS1-68-E_comp.jams,1177761,1,2,2,2,keep,2,2,0,0.052008144557476044,0.06553088128566742
13340,0,00_SS1-68-E_comp.jams,1181607,1,2,2,2,keep,2,2,0,0.1602814644575119,0.04238785803318024
13344,0,00_SS1-68-E_comp.jams,1191621,1,2,2,2,keep,2,2,0,0.28481966257095337,0.22111107409000397
13351,0,00_SS1-68-E_comp.jams,1207163,1,3,3,3,keep,3,3,0,0.2709071934223175,0.4222358167171478
13357,0,00_SS1-68-E_comp.jams,1219858,0,2,2,2,keep,2,2,0,0.2277367115020752,0.1550169736146927
13362,0,00_SS1-68-E_comp.jams,1232228,1,2,2,2,keep,2,2,0,0.07921041548252106,0.08826808631420135
13380,0,00_SS1-68-E_comp.jams,1284550,3,2,2,2,keep,2,2,0,0.5007034540176392,0.40749311447143555
13386,0,00_SS1-68-E_comp.jams,1306774,2,4,4,4,keep,4,4,0,0.4879026412963867,0.4090166389942169
13401,0,00_SS1-68-E_comp.jams,1349010,1,2,2,2,keep,2,2,0,0.24607187509536743,0.6633223295211792
13409,0,00_SS1-68-E_comp.jams,1365959,1,2,2,2,keep,2,2,0,0.17659597098827362,0.8116819858551025
13417,0,00_SS1-68-E_comp.jams,1402788,4,3,4,4,mixed_by_complete_group,4,4,0,0.30731141567230225,0.14536891877651215
13422,0,00_SS1-68-E_comp.jams,1438781,3,3,3,2,keep,3,2,0,0.35583949089050293,0.21579861640930176
13429,0,00_SS1-68-E_comp.jams,1463256,3,2,3,3,mixed_by_complete_group,2,3,-1,0.4020828902721405,0.2401805818080902
13441,0,00_SS1-68-E_comp.jams,1501438,3,3,3,3,keep,3,3,0,0.431700199842453,0.36121025681495667
13461,0,00_SS1-68-E_comp.jams,1580879,3,2,2,3,keep,2,3,0,0.32950180768966675,0.2603747844696045
13474,0,00_SS1-68-E_comp.jams,1619688,1,2,2,2,keep,3,2,0,0.2941051721572876,0.3874856233596802
13481,0,00_SS1-68-E_comp.jams,1636641,1,2,2,2,keep,2,2,0,0.3457993268966675,0.28648707270622253
13492,0,00_SS1-68-E_comp.jams,1674533,4,2,2,3,keep,3,3,0,0.3640122413635254,0.22342036664485931
13524,0,00_SS1-68-E_comp.jams,1751504,3,4,2,2,mixed_by_complete_group,2,2,0,0.20993229746818542,0.14503110945224762
13539,0,00_SS1-68-E_comp.jams,1793219,1,2,2,2,keep,2,2,0,0.2718830108642578,0.30362963676452637
13556,0,00_SS1-68-E_comp.jams,1830075,2,2,2,2,keep,2,2,0,0.5828667283058167,0.5853908061981201
13564,0,00_SS1-68-E_comp.jams,1849290,3,3,3,3,keep,3,3,0,0.33148398995399475,0.5605830550193787
13572,0,00_SS1-68-E_solo.jams,5,2,2,2,2,keep,2,2,0,0.05538520589470863,0.08783163875341415
13596,0,00_SS1-68-E_solo.jams,79290,2,2,2,2,keep,2,2,0,0.1865653246641159,0.11365269869565964
13612,0,00_SS1-68-E_solo.jams,118580,2,2,2,2,keep,2,2,0,0.17393265664577484,0.22497983276844025
13613,0,00_SS1-68-E_solo.jams,157675,2,2,2,3,keep,2,3,0,0.330748975276947,0.21704229712486267
13630,0,00_SS1-68-E_solo.jams,196336,2,2,2,2,keep,2,2,0,0.2754814922809601,0.2951461672782898
13642,0,00_SS1-68-E_solo.jams,235725,2,2,3,3,local_rates_favor_correction_for_all_groups,3,3,0,0.22361335158348083,0.17264704406261444
13649,0,00_SS1-68-E_solo.jams,271755,2,2,2,3,keep,2,3,0,0.3315218687057495,0.05833681672811508
13652,0,00_SS1-68-E_solo.jams,291546,2,2,2,2,keep,2,2,0,0.25311246514320374,0.21988870203495026
13660,0,00_SS1-68-E_solo.jams,310214,2,2,3,3,mixed_by_complete_group,3,3,0,0.3878040611743927,0.4075368642807007
13698,0,00_SS1-68-E_solo.jams,470155,2,2,3,3,mixed_by_complete_group,3,3,0,0.2481890171766281,0.12875883281230927
13728,0,00_SS1-68-E_solo.jams,565720,2,2,2,3,keep,2,3,0,0.39542150497436523,0.10570227354764938
13755,0,00_SS1-68-E_solo.jams,624299,2,2,2,3,keep,2,3,0,0.3134934902191162,0.12675905227661133
13774,0,00_SS1-68-E_solo.jams,684359,2,4,3,4,mixed_by_complete_group,3,4,0,0.12529496848583221,0.2933198809623718
13789,0,00_SS1-68-E_solo.jams,722863,2,2,2,2,keep,3,2,-1,0.37098458409309387,0.4881572425365448
13794,0,00_SS1-68-E_solo.jams,743429,3,2,2,2,keep,2,2,0,0.5456423163414001,0.6880598664283752
13807,0,00_SS1-68-E_solo.jams,780205,1,2,2,2,keep,2,2,0,0.4166750907897949,0.3883996307849884
13815,0,00_SS1-68-E_solo.jams,797947,2,3,2,3,mixed_by_complete_group,2,3,0,0.22527067363262177,0.457642525434494
13820,0,00_SS1-68-E_solo.jams,816794,3,3,3,4,keep,3,4,0,0.31087788939476013,0.1688529998064041
13837,0,00_SS1-68-E_solo.jams,854426,2,2,2,2,keep,2,2,0,0.3958723843097687,0.4113689661026001
13848,0,00_SS1-68-E_solo.jams,881900,0,2,2,2,keep,2,2,0,0.04134371876716614,0.01727413199841976
13850,0,00_SS1-68-E_solo.jams,886017,0,2,2,2,keep,2,2,0,0.03962623327970505,0.010714010335505009
13852,0,00_SS1-68-E_solo.jams,890475,1,2,2,2,keep,2,2,0,0.3824917674064636,0.42331361770629883
13853,0,00_SS1-68-E_solo.jams,892366,1,2,2,3,keep,2,2,0,0.3555485010147095,0.19265899062156677
13859,0,00_SS1-68-E_solo.jams,911478,2,4,3,2,mixed_by_complete_group,2,3,1,0.18619468808174133,0.013567419722676277
13867,0,00_SS1-68-E_solo.jams,931627,2,2,3,3,mixed_by_complete_group,2,3,1,0.29278022050857544,0.19658638536930084
13908,0,00_SS1-68-E_solo.jams,1286161,2,2,2,2,keep,2,2,0,0.5433642268180847,0.6555789113044739
13910,0,00_SS1-68-E_solo.jams,1304878,2,3,3,3,keep,3,3,0,0.4650494456291199,0.5848634243011475
13916,0,00_SS1-68-E_solo.jams,1323160,2,2,2,2,keep,2,2,0,0.5791772603988647,0.6615658402442932
13917,0,00_SS1-68-E_solo.jams,1344000,2,3,3,3,keep,3,3,0,0.4738723933696747,0.9292572140693665
13924,0,00_SS1-68-E_solo.jams,1363458,2,2,2,2,keep,3,2,-1,0.3995911478996277,0.6738832592964172
13925,0,00_SS1-68-E_solo.jams,1383008,2,2,3,3,local_rates_favor_correction_for_all_groups,3,3,0,0.2829676568508148,0.37325459718704224
13948,0,00_SS1-68-E_solo.jams,1480012,2,3,3,3,keep,3,3,0,0.3063459098339081,0.465853214263916
13971,0,00_SS1-68-E_solo.jams,1537609,3,3,3,4,keep,3,4,0,0.417643278837204,0.3609292507171631
13977,0,00_SS1-68-E_solo.jams,1555876,2,4,2,2,local_rates_favor_correction_for_all_groups,2,2,0,0.06780805438756943,0.025916945189237595
13978,0,00_SS1-68-E_solo.jams,1557689,1,2,2,2,keep,2,2,0,0.21871057152748108,0.12040165811777115
13987,0,00_SS1-68-E_solo.jams,1576682,2,3,3,3,keep,3,3,0,0.43947792053222656,0.4383510649204254
13996,0,00_SS1-68-E_solo.jams,1595875,3,3,2,2,local_rates_favor_correction_for_all_groups,2,2,0,0.1159484013915062,0.005116437096148729
13999,0,00_SS1-68-E_solo.jams,1615287,3,4,4,4,keep,4,4,0,0.6257644891738892,0.7721496224403381
14008,0,00_SS1-68-E_solo.jams,1635232,3,3,3,3,keep,3,2,0,0.3474487364292145,0.2699163854122162
14025,0,00_SS1-68-E_solo.jams,1675476,3,3,3,3,keep,3,3,0,0.43208998441696167,0.7113019227981567
14034,0,00_SS1-68-E_solo.jams,1692778,2,2,2,2,keep,2,2,0,0.4212678372859955,0.329435259103775
14042,0,00_SS1-68-E_solo.jams,1713503,2,3,3,3,keep,3,3,0,0.365619033575058,0.3314899206161499
14056,0,00_SS1-68-E_solo.jams,1772868,0,2,3,2,local_rates_favor_regression_for_all_groups,2,2,0,0.3638826906681061,0.45052531361579895
14061,0,00_SS1-68-E_solo.jams,1790220,1,3,2,2,mixed_by_complete_group,2,2,0,0.25052639842033386,0.15365689992904663
14079,0,00_SS1-68-E_solo.jams,1826749,1,2,2,2,keep,2,2,0,0.08012465387582779,0.04794659838080406
14088,0,00_SS1-68-E_solo.jams,1846682,1,2,2,3,keep,2,3,0,0.5030788779258728,0.09722542017698288
17276,0,01_BN2-166-Ab_comp.jams,5,5,3,4,4,mixed_by_complete_group,4,4,0,0.18657051026821136,0.2933198809623718
17286,0,01_BN2-166-Ab_comp.jams,24751,4,3,3,3,keep,3,3,0,0.2527022659778595,0.1790173351764679
17292,0,01_BN2-166-Ab_comp.jams,38354,2,2,2,2,keep,2,2,0,0.48588860034942627,0.46925172209739685
17296,0,01_BN2-166-Ab_comp.jams,46693,2,3,2,2,mixed_by_complete_group,2,2,0,0.16036629676818848,0.07280951738357544
17297,0,01_BN2-166-Ab_comp.jams,55052,2,3,2,2,mixed_by_complete_group,2,2,0,0.1957949697971344,0.03689948096871376
17299,0,01_BN2-166-Ab_comp.jams,62781,4,4,4,4,keep,4,4,0,0.6106130480766296,0.5552377700805664
17307,0,01_BN2-166-Ab_comp.jams,79566,1,3,3,3,keep,3,3,0,0.15907248854637146,0.1125982478260994
17309,0,01_BN2-166-Ab_comp.jams,87454,5,4,3,4,mixed_by_complete_group,4,3,0,0.4194176495075226,0.41662660241127014
17315,0,01_BN2-166-Ab_comp.jams,102798,4,3,3,3,keep,3,3,0,0.347368985414505,0.325229287147522
17318,0,01_BN2-166-Ab_comp.jams,109943,2,2,2,2,keep,2,2,0,0.3285394608974457,0.2895358204841614
17321,0,01_BN2-166-Ab_comp.jams,126213,4,3,3,4,keep,4,4,1,0.448616087436676,0.30451980233192444
17327,0,01_BN2-166-Ab_comp.jams,142470,0,2,2,2,keep,2,2,0,0.06909391283988953,0.0018060929141938686
17329,0,01_BN2-166-Ab_comp.jams,151977,4,4,4,4,keep,4,3,0,0.515326201915741,0.45968902111053467
17339,0,01_BN2-166-Ab_comp.jams,174942,3,3,2,2,mixed_by_complete_group,2,2,0,0.09584221988916397,0.02946137823164463
17341,0,01_BN2-166-Ab_comp.jams,183373,1,3,2,2,mixed_by_complete_group,2,3,0,0.14457352459430695,0.19001291692256927
17342,0,01_BN2-166-Ab_comp.jams,191095,4,4,4,4,keep,4,4,0,0.5414532423019409,0.6848406791687012
17351,0,01_BN2-166-Ab_comp.jams,217241,4,3,3,3,keep,3,3,0,0.3714800179004669,0.3716387450695038
17358,0,01_BN2-166-Ab_comp.jams,231294,3,3,2,2,local_rates_favor_regression_for_all_groups,2,2,0,0.3237350881099701,0.14697343111038208
17363,0,01_BN2-166-Ab_comp.jams,255442,4,3,3,2,keep,3,2,0,0.4193265438079834,0.16950851678848267
17370,0,01_BN2-166-Ab_comp.jams,279447,4,4,4,2,keep,4,2,0,0.415525883436203,0.3111327886581421
17378,0,01_BN2-166-Ab_comp.jams,301830,2,2,2,2,keep,2,2,0,0.27443718910217285,0.21474428474903107
17384,0,01_BN2-166-Ab_comp.jams,343590,4,3,4,4,mixed_by_complete_group,4,4,0,0.43613123893737793,0.3009307384490967
17391,0,01_BN2-166-Ab_comp.jams,359184,3,4,3,3,mixed_by_complete_group,3,3,0,0.059950876981019974,0.03140181675553322
17395,0,01_BN2-166-Ab_comp.jams,375569,0,2,2,2,keep,2,2,0,0.3752457797527313,0.028693202883005142
17396,0,01_BN2-166-Ab_comp.jams,382927,1,2,2,2,keep,2,2,0,0.5936390161514282,0.625395655632019
17403,0,01_BN2-166-Ab_comp.jams,406090,3,3,3,3,keep,3,3,0,0.5016345381736755,0.8020447492599487
17404,0,01_BN2-166-Ab_comp.jams,407881,3,2,2,2,keep,2,2,0,0.2279241979122162,0.145734965801239
17412,0,01_BN2-166-Ab_comp.jams,429479,4,3,3,3,keep,3,3,0,0.35765737295150757,0.4478071630001068
17413,0,01_BN2-166-Ab_comp.jams,438684,4,4,4,3,keep,4,3,0,0.45573902130126953,0.16431470215320587
17420,0,01_BN2-166-Ab_comp.jams,469374,3,3,3,3,keep,3,3,0,0.4414513409137726,0.5303211212158203
17422,0,01_BN2-166-Ab_comp.jams,484618,2,2,2,2,keep,2,2,0,0.38652196526527405,0.2962680160999298
17425,0,01_BN2-166-Ab_comp.jams,492029,1,4,3,2,local_rates_favor_regression_for_all_groups,4,3,0,0.12802265584468842,0.008860649541020393
17427,0,01_BN2-166-Ab_comp.jams,509297,3,4,4,4,keep,4,4,0,0.5192744731903076,0.5378670692443848
17435,0,01_BN2-166-Ab_comp.jams,534215,4,3,3,3,keep,3,3,0,0.41637659072875977,0.3978511691093445
17442,0,01_BN2-166-Ab_comp.jams,549678,2,2,2,2,keep,2,2,0,0.21447695791721344,0.21884353458881378
17446,0,01_BN2-166-Ab_comp.jams,557912,3,3,4,3,mixed_by_complete_group,4,3,0,0.3670213222503662,0.55536949634552
17452,0,01_BN2-166-Ab_comp.jams,574543,2,3,3,3,keep,3,3,0,0.6055252552032471,0.6323740482330322
17459,0,01_BN2-166-Ab_comp.jams,589560,0,3,3,3,keep,3,3,0,0.3703557252883911,0.1743723452091217
17461,0,01_BN2-166-Ab_comp.jams,598152,3,3,3,2,keep,3,2,0,0.3876705467700958,0.036784954369068146
17467,0,01_BN2-166-Ab_comp.jams,611831,2,2,2,2,keep,2,2,0,0.5087092518806458,0.4603009819984436
17472,0,01_BN2-166-Ab_comp.jams,621349,3,4,3,3,mixed_by_complete_group,3,3,0,0.12546038627624512,0.11624186486005783
17475,0,01_BN2-166-Ab_comp.jams,636589,3,3,3,3,keep,3,3,0,0.438959002494812,0.2884267568588257
17485,0,01_BN2-166-Ab_comp.jams,661458,4,4,4,4,keep,4,4,0,0.5164610147476196,0.4656115472316742
17495,0,01_BN2-166-Ab_comp.jams,684721,4,4,3,3,mixed_by_complete_group,3,3,0,0.2498810887336731,0.14690417051315308
17500,0,01_BN2-166-Ab_comp.jams,701138,2,4,2,2,mixed_by_complete_group,2,4,0,0.25316667556762695,0.29363229870796204
17502,0,01_BN2-166-Ab_comp.jams,725387,3,3,3,3,keep,3,3,0,0.25767791271209717,0.9174355268478394
17513,0,01_BN2-166-Ab_comp.jams,748397,2,4,2,2,mixed_by_complete_group,2,2,0,0.05287285894155502,0.008928544819355011
17515,0,01_BN2-166-Ab_comp.jams,757406,1,3,3,2,keep,3,2,0,0.13837064802646637,0.015876777470111847
17516,0,01_BN2-166-Ab_comp.jams,765532,1,3,2,3,local_rates_favor_correction_for_all_groups,3,3,0,0.45261090993881226,0.7387247681617737
17521,0,01_BN2-166-Ab_comp.jams,789833,5,4,4,3,keep,4,3,0,0.4800789952278137,0.2701931297779083
17525,0,01_BN2-166-Ab_comp.jams,811029,1,2,2,2,keep,2,2,0,0.14645151793956757,0.1058967188000679
17526,0,01_BN2-166-Ab_comp.jams,812795,3,4,3,3,mixed_by_complete_group,3,3,0,0.1997789889574051,0.16444143652915955
17530,0,01_BN2-166-Ab_comp.jams,828138,2,2,2,2,keep,2,2,0,0.5979796051979065,0.6029225587844849
17538,0,01_BN2-166-Ab_comp.jams,852727,4,3,3,3,keep,3,3,0,0.3260120153427124,0.919802188873291
17547,0,01_BN2-166-Ab_comp.jams,875424,1,2,2,2,keep,2,2,0,0.11334934085607529,0.1797299087047577
17549,0,01_BN2-166-Ab_comp.jams,885762,0,2,2,3,keep,2,3,0,0.20241396129131317,0.04484408348798752
17551,0,01_BN2-166-Ab_comp.jams,892692,2,2,2,3,keep,2,2,0,0.5694819688796997,0.30795395374298096
17559,0,01_BN2-166-Ab_comp.jams,916454,4,3,3,3,keep,3,3,0,0.4685719609260559,0.552768886089325
17564,0,01_BN2-166-Ab_comp.jams,931573,3,2,2,2,keep,2,2,0,0.4540727734565735,0.3576653301715851
17568,0,01_BN2-166-Ab_comp.jams,948748,3,4,4,4,keep,4,4,0,0.4137587249279022,0.35839515924453735
17579,0,01_BN2-166-Ab_comp.jams,980012,4,3,3,3,keep,3,3,0,0.4435323178768158,0.5687544345855713
17585,0,01_BN2-166-Ab_comp.jams,1002348,4,3,3,3,keep,3,3,0,0.3672586679458618,0.5211527347564697
17589,0,01_BN2-166-Ab_comp.jams,1010993,5,3,2,3,local_rates_favor_regression_for_all_groups,3,3,0,0.3268994092941284,0.4245598018169403
17604,0,01_BN2-166-Ab_solo.jams,30927,1,2,2,2,keep,2,2,0,0.05433272570371628,0.10105868428945541
17608,0,01_BN2-166-Ab_solo.jams,47719,1,2,2,2,keep,2,2,0,0.4357634484767914,0.3196127414703369
17652,0,01_BN2-166-Ab_solo.jams,294178,1,2,2,2,keep,2,2,0,0.3874279260635376,0.4595637321472168
23508,0,01_Jazz3-150-C_comp.jams,18220,3,4,2,3,local_rates_favor_correction_for_all_groups,3,2,1,0.30023711919784546,0.23310545086860657
23515,0,01_Jazz3-150-C_comp.jams,54173,2,3,3,3,keep,3,3,0,0.541843056678772,0.6786090135574341
23520,0,01_Jazz3-150-C_comp.jams,88530,3,3,3,3,keep,3,3,0,0.6377570629119873,0.8290021419525146
23522,0,01_Jazz3-150-C_comp.jams,106488,1,2,2,2,keep,2,2,0,0.47107839584350586,0.5115346312522888
23527,0,01_Jazz3-150-C_comp.jams,124298,2,3,3,3,keep,3,3,0,0.5307591557502747,0.6907188296318054
23533,0,01_Jazz3-150-C_comp.jams,157942,2,3,3,3,keep,3,3,0,0.43688347935676575,0.6023983359336853
23541,0,01_Jazz3-150-C_comp.jams,205761,0,3,2,2,mixed_by_complete_group,2,2,0,0.10828917473554611,0.0032123024575412273
23546,0,01_Jazz3-150-C_comp.jams,230209,2,2,2,3,keep,2,3,0,0.5875757932662964,0.40588369965553284
23550,0,01_Jazz3-150-C_comp.jams,258694,0,2,2,2,keep,2,2,0,0.04582883045077324,0.011338689364492893
23551,0,01_Jazz3-150-C_comp.jams,264535,2,3,3,3,keep,3,3,0,0.35471871495246887,0.5962908864021301
23554,0,01_Jazz3-150-C_comp.jams,282270,2,2,2,2,keep,2,2,0,0.36879000067710876,0.25730830430984497
23563,0,01_Jazz3-150-C_comp.jams,335294,2,3,3,3,keep,3,3,0,0.3633013665676117,0.5686206221580505
23574,0,01_Jazz3-150-C_comp.jams,370335,3,4,3,3,mixed_by_complete_group,3,3,0,0.23937909305095673,0.2883351445198059
23580,0,01_Jazz3-150-C_comp.jams,405339,2,4,4,4,keep,3,4,0,0.2740051746368408,0.30778244137763977
23594,0,01_Jazz3-150-C_comp.jams,476496,3,3,2,2,mixed_by_complete_group,2,2,0,0.087387815117836,0.00045084860175848007
23598,0,01_Jazz3-150-C_comp.jams,510724,3,3,3,3,keep,3,3,0,0.6762731075286865,0.79604572057724
23603,0,01_Jazz3-150-C_comp.jams,547056,3,3,3,3,keep,3,3,0,0.6313542127609253,0.706190288066864
23609,0,01_Jazz3-150-C_comp.jams,582010,3,3,3,3,keep,3,3,0,0.7491834163665771,0.8930928111076355
23614,0,01_Jazz3-150-C_comp.jams,617117,3,4,4,4,keep,4,3,0,0.3341786563396454,0.311103492975235
23623,0,01_Jazz3-150-C_comp.jams,651739,2,3,3,3,keep,3,3,0,0.6204904913902283,0.7638670206069946
23629,0,01_Jazz3-150-C_comp.jams,687803,2,2,3,3,mixed_by_complete_group,3,3,0,0.25930947065353394,0.13396568596363068
23635,0,01_Jazz3-150-C_comp.jams,723046,2,2,3,3,mixed_by_complete_group,3,3,0,0.46115922927856445,0.443481981754303
23641,0,01_Jazz3-150-C_comp.jams,758542,3,3,3,3,keep,3,3,0,0.684674859046936,0.8513461351394653
23647,0,01_Jazz3-150-C_comp.jams,793067,2,3,3,2,keep,3,2,0,0.39895549416542053,0.005054616369307041
23651,0,01_Jazz3-150-C_comp.jams,828279,3,3,3,3,keep,3,3,0,0.5634288191795349,0.824234664440155
23656,0,01_Jazz3-150-C_comp.jams,863621,3,2,2,3,keep,2,3,0,0.6056756973266602,0.35658860206604004
23659,0,01_Jazz3-150-C_comp.jams,899411,3,3,3,3,keep,3,3,0,0.41772881150245667,0.47991716861724854
23665,0,01_Jazz3-150-C_comp.jams,933830,3,2,3,3,mixed_by_complete_group,3,3,0,0.3515658378601074,0.180006206035614
23668,0,01_Jazz3-150-C_comp.jams,951743,2,2,2,2,keep,2,2,0,0.20561335980892181,0.11097223311662674
23669,0,01_Jazz3-150-C_comp.jams,963053,3,2,2,3,keep,2,3,0,0.6208535432815552,0.14168639481067657
23673,0,01_Jazz3-150-C_comp.jams,979849,3,3,3,3,keep,3,3,0,0.4442717730998993,0.4204389452934265
23678,0,01_Jazz3-150-C_comp.jams,1004577,1,3,3,3,keep,3,3,0,0.7142956256866455,0.4600886106491089
23682,0,01_Jazz3-150-C_comp.jams,1040412,1,3,3,2,keep,3,2,0,0.2105865329504013,0.0013819561572745442
23689,0,01_Jazz3-150-C_comp.jams,1075688,2,3,3,3,keep,3,3,0,0.5442872643470764,0.7997444868087769
23692,0,01_Jazz3-150-C_comp.jams,1111130,3,3,3,3,keep,3,3,0,0.5399244427680969,0.32963502407073975
23695,0,01_Jazz3-150-C_comp.jams,1122959,2,2,3,3,local_rates_favor_correction_for_all_groups,3,3,0,0.4251525402069092,0.2397962361574173
23696,0,01_Jazz3-150-C_comp.jams,1124798,1,2,2,2,keep,2,2,0,0.25832846760749817,0.13215476274490356
25361,0,01_Rock2-142-D_comp.jams,7,6,4,4,4,keep,4,4,0,0.4285038411617279,0.2072095423936844
25374,0,01_Rock2-142-D_comp.jams,27728,3,2,2,2,keep,2,2,0,0.48296940326690674,0.48255443572998047
25375,0,01_Rock2-142-D_comp.jams,29580,3,3,3,3,keep,3,3,0,0.3398329019546509,0.5108180046081543
25387,0,01_Rock2-142-D_comp.jams,55323,1,2,2,2,keep,2,2,0,0.4487360417842865,0.5455787777900696
25388,0,01_Rock2-142-D_comp.jams,57100,5,2,3,2,mixed_by_complete_group,3,3,0,0.3854866623878479,0.40393203496932983
25396,0,01_Rock2-142-D_comp.jams,76561,3,4,4,4,keep,4,4,0,0.47952187061309814,0.354642391204834
25400,0,01_Rock2-142-D_comp.jams,92422,1,2,2,3,keep,2,3,0,0.2562340795993805,0.07044192403554916
25402,0,01_Rock2-142-D_comp.jams,102277,2,2,2,2,keep,2,2,0,0.7038843631744385,0.8895612955093384
25403,0,01_Rock2-142-D_comp.jams,104063,2,2,3,3,mixed_by_complete_group,3,3,0,0.42514076828956604,0.340776264667511
25416,0,01_Rock2-142-D_comp.jams,131112,2,4,3,3,mixed_by_complete_group,3,3,0,0.3377836346626282,0.14901171624660492
25421,0,01_Rock2-142-D_comp.jams,149836,4,4,4,4,keep,4,4,0,0.5040690302848816,0.5669762492179871
25431,0,01_Rock2-142-D_comp.jams,176825,5,4,4,4,keep,4,4,0,0.45474088191986084,0.5950537323951721
25445,0,01_Rock2-142-D_comp.jams,205192,4,4,4,4,keep,4,4,0,0.4496138393878937,0.537732720375061
25450,0,01_Rock2-142-D_comp.jams,215787,1,2,2,2,keep,2,2,0,0.12454914301633835,0.037681810557842255
25453,0,01_Rock2-142-D_comp.jams,224803,5,3,3,3,keep,3,3,0,0.5449445247650146,0.5572534799575806
25464,0,01_Rock2-142-D_comp.jams,251218,5,3,3,3,keep,3,3,0,0.3807760179042816,0.6829232573509216
25477,0,01_Rock2-142-D_comp.jams,278350,3,3,3,3,keep,3,3,0,0.557492733001709,0.3681015372276306
25482,0,01_Rock2-142-D_comp.jams,289659,1,2,2,2,keep,2,2,0,0.3299945294857025,0.2634389400482178
25485,0,01_Rock2-142-D_comp.jams,298121,2,3,2,2,local_rates_favor_regression_for_all_groups,2,2,0,0.3483860194683075,0.0864742249250412
25493,0,01_Rock2-142-D_comp.jams,315851,2,2,3,3,local_rates_favor_correction_for_all_groups,3,3,0,0.32670077681541443,0.08856920897960663
25499,0,01_Rock2-142-D_comp.jams,327605,4,4,4,4,keep,4,4,0,0.36989864706993103,0.4055406451225281
25512,0,01_Rock2-142-D_comp.jams,355462,3,4,4,4,keep,4,4,0,0.38420534133911133,0.47372883558273315
25520,0,01_Rock2-142-D_comp.jams,373546,4,4,4,4,keep,4,4,0,0.5098491311073303,0.5536690354347229
25531,0,01_Rock2-142-D_comp.jams,399828,1,2,2,2,keep,2,2,0,0.3975728750228882,0.2577968239784241
25532,0,01_Rock2-142-D_comp.jams,401694,4,3,3,3,keep,3,3,0,0.5077751874923706,0.5477704405784607
25541,0,01_Rock2-142-D_comp.jams,420956,0,2,2,2,keep,2,2,0,0.33651968836784363,0.38764819502830505
25544,0,01_Rock2-142-D_comp.jams,429103,4,3,4,3,mixed_by_complete_group,4,3,0,0.35288679599761963,0.48690882325172424
25547,0,01_Rock2-142-D_comp.jams,437828,2,2,2,2,keep,2,2,0,0.3509811460971832,0.24461017549037933
25551,0,01_Rock2-142-D_comp.jams,447927,4,4,4,4,keep,4,4,0,0.40921247005462646,0.3306814432144165
25558,0,01_Rock2-142-D_comp.jams,464732,2,2,2,2,keep,2,2,0,0.4879911541938782,0.5935959815979004
25562,0,01_Rock2-142-D_comp.jams,474195,2,4,2,2,local_rates_favor_correction_for_all_groups,2,2,0,0.3030380308628082,0.22295431792736053
25563,0,01_Rock2-142-D_comp.jams,476034,2,2,2,2,keep,2,2,0,0.3763176500797272,0.27062535285949707
25571,0,01_Rock2-142-D_comp.jams,493400,2,2,3,3,local_rates_favor_regression_for_all_groups,3,3,0,0.22157162427902222,0.07853277027606964
25575,0,01_Rock2-142-D_comp.jams,502269,2,4,2,2,local_rates_favor_correction_for_all_groups,2,2,0,0.3049063980579376,0.1509675681591034
25582,0,01_Rock2-142-D_comp.jams,521093,1,2,2,2,keep,2,2,0,0.41612160205841064,0.3494741916656494
25583,0,01_Rock2-142-D_comp.jams,522858,3,2,2,2,keep,2,2,0,0.5564394593238831,0.56062912940979
25602,0,01_Rock2-142-D_comp.jams,566797,1,2,2,2,keep,2,2,0,0.34571707248687744,0.2354278862476349
25608,0,01_Rock2-142-D_comp.jams,577557,3,4,2,3,mixed_by_complete_group,3,2,1,0.0984640046954155,0.022417733445763588
25617,0,01_Rock2-142-D_comp.jams,596309,5,4,3,3,mixed_by_complete_group,3,3,0,0.30838635563850403,0.3655993640422821
25631,0,01_Rock2-142-D_comp.jams,623557,4,3,2,2,mixed_by_complete_group,2,2,0,0.30137720704078674,0.19284620881080627
25632,0,01_Rock2-142-D_comp.jams,625348,2,4,4,3,keep,3,4,0,0.30856814980506897,0.31170162558555603
25645,0,01_Rock2-142-D_comp.jams,652479,4,3,2,4,local_rates_favor_regression_for_all_groups,4,2,1,0.21075795590877533,0.18343357741832733
25646,0,01_Rock2-142-D_comp.jams,654246,2,3,2,2,mixed_by_complete_group,2,2,0,0.26028192043304443,0.2111847698688507
25653,0,01_Rock2-142-D_comp.jams,670734,0,2,2,2,keep,2,2,0,0.13376878201961517,0.008271750994026661
25654,0,01_Rock2-142-D_comp.jams,672916,3,4,4,4,keep,4,4,0,0.504924476146698,0.5594857335090637
25659,0,01_Rock2-142-D_comp.jams,689715,1,2,2,2,keep,2,2,0,0.19085988402366638,0.13967977464199066
25662,0,01_Rock2-142-D_comp.jams,699643,3,4,3,4,mixed_by_complete_group,3,3,0,0.35543015599250793,0.42653974890708923
25671,0,01_Rock2-142-D_comp.jams,728041,3,4,3,3,mixed_by_complete_group,3,3,0,0.2524484097957611,0.41724592447280884
25678,0,01_Rock2-142-D_comp.jams,746392,4,3,3,3,keep,3,3,0,0.3384057581424713,0.2051786631345749
25690,0,01_Rock2-142-D_comp.jams,771699,1,2,2,2,keep,2,2,0,0.41239166259765625,0.2418491095304489
25691,0,01_Rock2-142-D_comp.jams,773809,5,3,3,3,keep,3,3,0,0.392463743686676,0.4081340432167053
25700,0,01_Rock2-142-D_comp.jams,792541,2,2,2,2,keep,2,2,0,0.3467906415462494,0.3577525317668915
25704,0,01_Rock2-142-D_comp.jams,800855,3,2,2,2,keep,2,2,0,0.3828529417514801,0.2356114387512207
25705,0,01_Rock2-142-D_comp.jams,802778,2,2,2,2,keep,2,2,0,0.5480520725250244,0.6984384059906006
25713,0,01_Rock2-142-D_comp.jams,820865,2,2,2,2,keep,2,2,0,0.5468825697898865,0.7512512803077698
25725,0,01_Rock2-142-D_comp.jams,848055,4,3,2,2,local_rates_favor_correction_for_all_groups,2,2,0,0.21459084749221802,0.21539294719696045
25733,0,01_Rock2-142-D_comp.jams,865404,2,2,3,3,mixed_by_complete_group,3,3,0,0.19539403915405273,0.2639918327331543
25737,0,01_Rock2-142-D_comp.jams,875794,4,3,4,3,mixed_by_complete_group,4,4,0,0.2702511250972748,0.31939029693603516
25745,0,01_Rock2-142-D_comp.jams,895289,1,4,4,3,keep,4,3,0,0.25932368636131287,0.12671992182731628
25757,0,01_Rock2-142-D_comp.jams,922665,2,3,3,3,keep,3,3,0,0.3879774510860443,0.3611604869365692
25766,0,01_Rock2-142-D_comp.jams,941286,0,2,2,2,keep,2,2,0,0.4766419231891632,0.360328733921051
25770,0,01_Rock2-142-D_comp.jams,949749,0,2,2,2,keep,2,2,0,0.2541910409927368,0.1316479742527008
25777,0,01_Rock2-142-D_comp.jams,968937,2,3,3,3,keep,3,3,0,0.4137052893638611,0.3689098060131073
25778,0,01_Rock2-142-D_comp.jams,971078,2,2,2,2,keep,2,2,0,0.13414883613586426,0.0861499160528183
25787,0,01_Rock2-142-D_comp.jams,996459,1,2,2,3,keep,2,3,0,0.4426490068435669,0.2620543837547302
25788,0,01_Rock2-142-D_comp.jams,998234,2,2,3,3,local_rates_favor_regression_for_all_groups,2,3,1,0.4092842936515808,0.3301613926887512
25796,0,01_Rock2-142-D_comp.jams,1016607,2,2,2,2,keep,2,2,0,0.49733564257621765,0.4980669617652893
25800,0,01_Rock2-142-D_comp.jams,1025435,2,3,3,3,keep,3,3,0,0.3268255591392517,0.25203651189804077
25804,0,01_Rock2-142-D_comp.jams,1034577,1,2,2,2,keep,2,2,0,0.31623968482017517,0.2012275904417038
25807,0,01_Rock2-142-D_comp.jams,1043507,2,3,2,2,local_rates_favor_correction_for_all_groups,2,2,0,0.3600432574748993,0.3493081331253052
25808,0,01_Rock2-142-D_comp.jams,1045272,2,2,3,3,local_rates_favor_regression_for_all_groups,3,3,0,0.29644012451171875,0.20799286663532257
25820,0,01_Rock2-142-D_comp.jams,1072384,4,4,4,4,keep,4,4,0,0.6401634812355042,0.7121856212615967
25835,0,01_Rock2-142-D_comp.jams,1101221,3,4,4,4,keep,4,4,0,0.5855030417442322,0.5294117331504822
25843,0,01_Rock2-142-D_comp.jams,1117725,2,2,2,2,keep,2,2,0,0.3561379909515381,0.20606596767902374
25844,0,01_Rock2-142-D_comp.jams,1119505,2,2,2,2,keep,2,2,0,0.4967535138130188,0.467619925737381
25852,0,01_Rock2-142-D_comp.jams,1137940,2,2,2,3,keep,3,3,-1,0.31190428137779236,0.124034084379673
25857,0,01_Rock2-142-D_comp.jams,1147576,3,4,4,4,keep,4,4,0,0.44423460960388184,0.3293323516845703
25871,0,01_Rock2-142-D_comp.jams,1174491,3,4,4,4,keep,4,4,0,0.535373866558075,0.6452041864395142
25993,0,01_Rock2-142-D_solo.jams,373113,1,2,2,2,keep,2,2,0,0.046326860785484314,0.11752692610025406
26017,0,01_Rock2-142-D_solo.jams,484083,1,3,2,2,mixed_by_complete_group,3,2,0,0.11919742077589035,0.0029644083697348833
26021,0,01_Rock2-142-D_solo.jams,502219,1,2,3,3,mixed_by_complete_group,2,3,0,0.2414655238389969,0.1510869860649109
26105,0,01_Rock2-142-D_solo.jams,910883,0,2,2,3,keep,2,3,0,0.13222761452198029,1.7206959455506876e-05
26106,0,01_Rock2-142-D_solo.jams,912657,1,2,2,2,keep,2,2,0,0.1555136740207672,0.3200477957725525
26161,0,01_Rock2-142-D_solo.jams,1174541,1,2,2,2,keep,2,2,0,0.09761238843202591,0.052894920110702515
28066,0,01_Rock3-148-C_comp.jams,11,2,4,4,4,keep,4,4,0,0.38589972257614136,0.3138195276260376
28070,0,01_Rock3-148-C_comp.jams,7985,2,2,2,3,keep,2,3,0,0.39227283000946045,0.20621216297149658
28077,0,01_Rock3-148-C_comp.jams,36521,2,3,3,3,keep,3,3,0,0.3939010202884674,0.3680371344089508
28083,0,01_Rock3-148-C_comp.jams,49744,2,3,2,3,mixed_by_complete_group,2,2,0,0.30698126554489136,0.46879842877388
28089,0,01_Rock3-148-C_comp.jams,62705,1,2,2,2,keep,2,2,0,0.6145715713500977,0.6177337765693665
28091,0,01_Rock3-148-C_comp.jams,71991,2,3,3,3,keep,3,3,0,0.4318503737449646,0.3463333547115326
28094,0,01_Rock3-148-C_comp.jams,81293,2,2,2,2,keep,2,2,0,0.288385808467865,0.16426295042037964
28100,0,01_Rock3-148-C_comp.jams,108016,2,3,3,3,keep,3,3,0,0.5160626173019409,0.5567571520805359
28103,0,01_Rock3-148-C_comp.jams,119949,0,2,2,2,keep,2,2,0,0.07319735735654831,0.08347932994365692
28108,0,01_Rock3-148-C_comp.jams,134602,2,2,2,3,keep,3,3,-1,0.2846481204032898,0.0919509083032608
28112,0,01_Rock3-148-C_comp.jams,142773,0,2,2,2,keep,2,2,0,0.42856812477111816,0.3409363627433777
28119,0,01_Rock3-148-C_comp.jams,179470,2,3,3,3,keep,3,3,0,0.5360356569290161,0.3815692663192749
28121,0,01_Rock3-148-C_comp.jams,189289,2,2,2,2,keep,2,2,0,0.21395066380500793,0.34657081961631775
28124,0,01_Rock3-148-C_comp.jams,197126,2,2,2,2,keep,2,2,0,0.43607357144355774,0.6794050931930542
28127,0,01_Rock3-148-C_comp.jams,215174,2,3,2,2,mixed_by_complete_group,2,2,0,0.3206638693809509,0.158883199095726
28129,0,01_Rock3-148-C_comp.jams,224233,2,3,3,3,keep,3,3,0,0.3087049126625061,0.3634618818759918
28133,0,01_Rock3-148-C_comp.jams,250184,2,4,3,3,mixed_by_complete_group,3,3,0,0.41509634256362915,0.32654744386672974
28138,0,01_Rock3-148-C_comp.jams,259490,2,2,3,3,mixed_by_complete_group,3,3,0,0.28831708431243896,0.19676265120506287
28140,0,01_Rock3-148-C_comp.jams,263333,2,2,2,2,keep,2,2,0,0.4157818555831909,0.3526838421821594
28146,0,01_Rock3-148-C_comp.jams,277031,0,3,2,2,mixed_by_complete_group,2,2,0,0.13130035996437073,0.15327881276607513
28148,0,01_Rock3-148-C_comp.jams,286309,1,3,3,3,keep,3,3,0,0.46254298090934753,0.5084528923034668
28152,0,01_Rock3-148-C_comp.jams,294925,1,2,2,2,keep,2,2,0,0.24369275569915771,0.5385301113128662
28161,0,01_Rock3-148-C_comp.jams,322569,1,3,3,4,keep,3,4,0,0.41280511021614075,0.08795443922281265
28165,0,01_Rock3-148-C_comp.jams,330767,2,2,2,2,keep,2,2,0,0.3090347945690155,0.5763373374938965
28167,0,01_Rock3-148-C_comp.jams,334623,1,2,2,2,keep,2,2,0,0.2446417212486267,0.2508338987827301
28169,0,01_Rock3-148-C_comp.jams,340172,2,2,3,2,local_rates_favor_correction_for_all_groups,3,3,0,0.26010870933532715,0.2652502954006195
28173,0,01_Rock3-148-C_comp.jams,349111,1,2,2,2,keep,2,2,0,0.38885876536369324,0.390541672706604
28175,0,01_Rock3-148-C_comp.jams,357113,2,2,2,2,keep,2,2,0,0.5591504573822021,0.6270983815193176
28180,0,01_Rock3-148-C_comp.jams,367035,1,2,2,3,keep,2,3,0,0.2055489420890808,0.034004271030426025
28183,0,01_Rock3-148-C_comp.jams,384632,1,3,3,3,keep,3,3,0,0.44063398241996765,0.522413432598114
28184,0,01_Rock3-148-C_comp.jams,393479,2,3,3,3,keep,3,3,0,0.421257346868515,0.2422935515642166
28190,0,01_Rock3-148-C_comp.jams,405478,0,2,2,2,keep,2,2,0,0.2540355622768402,0.26403293013572693
28193,0,01_Rock3-148-C_comp.jams,411485,2,2,2,3,keep,2,3,0,0.1685205101966858,0.01922869309782982
28197,0,01_Rock3-148-C_comp.jams,419819,1,2,2,2,keep,2,2,0,0.4891100525856018,0.2649542987346649
28200,0,01_Rock3-148-C_comp.jams,429033,2,4,4,4,keep,4,4,0,0.4547072649002075,0.6141016483306885
28204,0,01_Rock3-148-C_comp.jams,437706,2,3,3,3,keep,3,3,0,0.3300788402557373,0.41437628865242004
28213,0,01_Rock3-148-C_comp.jams,464493,2,3,3,3,keep,3,3,0,0.42824944853782654,0.25771209597587585
28218,0,01_Rock3-148-C_comp.jams,474486,1,2,2,2,keep,2,2,0,0.4625176191329956,0.602608323097229
28220,0,01_Rock3-148-C_comp.jams,478284,2,2,3,3,mixed_by_complete_group,3,3,0,0.2140292376279831,0.05775072053074837
28222,0,01_Rock3-148-C_comp.jams,482415,1,3,2,2,local_rates_favor_correction_for_all_groups,2,2,0,0.03723069280385971,0.008050979115068913
28227,0,01_Rock3-148-C_comp.jams,492328,1,3,2,2,mixed_by_complete_group,2,2,0,0.29625025391578674,0.25761881470680237
28231,0,01_Rock3-148-C_comp.jams,501623,2,2,2,2,keep,2,2,0,0.32385072112083435,0.5649625062942505
28243,0,01_Rock3-148-C_comp.jams,536721,2,4,4,3,keep,4,3,0,0.4204728603363037,0.2951692044734955
28245,0,01_Rock3-148-C_comp.jams,546546,2,2,2,2,keep,2,2,0,0.15410856902599335,0.28325754404067993
28246,0,01_Rock3-148-C_comp.jams,550023,2,2,2,2,keep,2,2,0,0.2319951057434082,0.22795268893241882
28251,0,01_Rock3-148-C_comp.jams,572059,2,4,3,3,mixed_by_complete_group,3,3,0,0.3352905511856079,0.18103602528572083
28260,0,01_Rock3-148-C_comp.jams,599624,0,3,3,3,keep,3,3,0,0.34715935587882996,0.027942752465605736
28261,0,01_Rock3-148-C_comp.jams,608822,2,4,4,4,keep,4,4,0,0.522551953792572,0.501599133014679
28265,0,01_Rock3-148-C_comp.jams,616857,2,3,3,2,keep,3,2,0,0.10689251869916916,0.006129101384431124
28267,0,01_Rock3-148-C_comp.jams,621846,2,2,2,2,keep,2,2,0,0.520460307598114,0.6168819069862366
28269,0,01_Rock3-148-C_comp.jams,625810,2,2,3,2,mixed_by_complete_group,3,2,0,0.28764867782592773,0.5029727816581726
28273,0,01_Rock3-148-C_comp.jams,635459,1,3,3,3,keep,3,3,0,0.49082857370376587,0.5687841773033142
28276,0,01_Rock3-148-C_comp.jams,644402,2,3,3,3,keep,3,3,0,0.44820457696914673,0.8117857575416565
28280,0,01_Rock3-148-C_comp.jams,654259,1,3,3,2,keep,2,2,0,0.2873799502849579,0.18214087188243866
28284,0,01_Rock3-148-C_comp.jams,671590,0,2,2,2,keep,2,2,0,0.502669632434845,0.1639218032360077
28286,0,01_Rock3-148-C_comp.jams,680395,2,3,3,3,keep,3,3,0,0.24161747097969055,0.17355123162269592
28290,0,01_Rock3-148-C_comp.jams,688821,2,2,2,2,keep,2,2,0,0.5864512324333191,0.7682778835296631
28292,0,01_Rock3-148-C_comp.jams,692558,1,2,2,3,keep,3,3,0,0.2248735874891281,0.06978519260883331
28298,0,01_Rock3-148-C_comp.jams,707021,2,2,2,2,keep,3,2,-1,0.19533339142799377,0.30246955156326294
28302,0,01_Rock3-148-C_comp.jams,715606,2,2,2,2,keep,2,2,0,0.6068137884140015,0.6270771622657776
28304,0,01_Rock3-148-C_comp.jams,725802,2,2,3,2,local_rates_favor_correction_for_all_groups,2,3,1,0.34789764881134033,0.34085002541542053
28309,0,01_Rock3-148-C_comp.jams,751391,2,2,2,3,keep,3,3,-1,0.3622867166996002,0.07737994194030762
28311,0,01_Rock3-148-C_comp.jams,764065,2,3,2,2,mixed_by_complete_group,3,2,-1,0.26953840255737305,0.16601040959358215
28313,0,01_Rock3-148-C_comp.jams,769470,2,2,2,2,keep,2,2,0,0.2381690889596939,0.24201005697250366
28318,0,01_Rock3-148-C_comp.jams,787278,1,4,2,2,mixed_by_complete_group,2,2,0,0.1781643033027649,0.10112281888723373
28322,0,01_Rock3-148-C_comp.jams,795285,1,2,2,2,keep,2,2,0,0.6041150093078613,0.6827523112297058
28327,0,01_Rock3-148-C_comp.jams,813714,1,3,3,3,keep,3,3,0,0.4747418761253357,0.6843281388282776
28331,0,01_Rock3-148-C_comp.jams,823060,2,4,4,3,keep,3,3,0,0.2006465196609497,0.03604310005903244
28335,0,01_Rock3-148-C_comp.jams,830535,1,2,2,2,keep,2,2,0,0.4288172125816345,0.39830800890922546
28336,0,01_Rock3-148-C_comp.jams,832731,1,2,2,2,keep,2,2,0,0.2934819459915161,0.20775896310806274
28338,0,01_Rock3-148-C_comp.jams,836738,1,2,3,3,mixed_by_complete_group,2,3,0,0.30581775307655334,0.25562551617622375
28340,0,01_Rock3-148-C_comp.jams,840652,2,2,2,2,keep,2,2,0,0.4168637990951538,0.4281490743160248
28344,0,01_Rock3-148-C_comp.jams,849074,1,3,2,3,mixed_by_complete_group,2,3,0,0.3215760290622711,0.5348742008209229
28347,0,01_Rock3-148-C_comp.jams,858568,2,3,4,4,mixed_by_complete_group,4,4,0,0.4234359860420227,0.3749357759952545
28357,0,01_Rock3-148-C_comp.jams,885983,0,2,2,2,keep,2,2,0,0.515981912612915,0.2803701162338257
28358,0,01_Rock3-148-C_comp.jams,894686,2,4,4,4,keep,4,4,0,0.41469892859458923,0.3484801948070526
28362,0,01_Rock3-148-C_comp.jams,902772,1,2,2,2,keep,2,2,0,0.5569673180580139,0.4375170171260834
28365,0,01_Rock3-148-C_comp.jams,908763,2,2,2,3,keep,2,3,0,0.24142944812774658,0.14928363263607025
28371,0,01_Rock3-148-C_comp.jams,920720,1,2,2,2,keep,2,2,0,0.3881753087043762,0.2844413220882416
28376,0,01_Rock3-148-C_comp.jams,930742,2,4,3,3,local_rates_favor_regression_for_all_groups,3,3,0,0.2553582191467285,0.006203167140483856
28381,0,01_Rock3-148-C_comp.jams,940758,0,2,3,3,local_rates_favor_regression_for_all_groups,3,3,0,0.21112856268882751,0.03863079845905304
28388,0,01_Rock3-148-C_comp.jams,965963,2,3,3,3,keep,3,3,0,0.4931955933570862,0.36418774724006653
28395,0,01_Rock3-148-C_comp.jams,979691,2,2,2,2,keep,2,2,0,0.4535926282405853,0.4227312505245209
28402,0,01_Rock3-148-C_comp.jams,993428,2,3,3,2,keep,3,2,0,0.5005982518196106,0.037943847477436066
28405,0,01_Rock3-148-C_comp.jams,1002228,2,2,3,3,local_rates_favor_correction_for_all_groups,3,3,0,0.2855568826198578,0.031229998916387558
28407,0,01_Rock3-148-C_comp.jams,1011711,2,3,3,3,keep,3,3,0,0.3223893642425537,0.4533073306083679
28415,0,01_Rock3-148-C_comp.jams,1036710,2,4,3,4,mixed_by_complete_group,3,4,0,0.43329188227653503,0.47179386019706726
28422,0,01_Rock3-148-C_comp.jams,1051152,2,3,2,2,local_rates_favor_correction_for_all_groups,2,2,0,0.33555981516838074,0.33562490344047546
28429,0,01_Rock3-148-C_comp.jams,1065273,1,2,2,2,keep,2,2,0,0.2051832377910614,0.168361097574234
28433,0,01_Rock3-148-C_comp.jams,1073879,2,2,2,2,keep,2,2,0,0.32225266098976135,0.1839742362499237
28436,0,01_Rock3-148-C_comp.jams,1083182,2,3,3,3,keep,3,3,0,0.25418829917907715,0.1821799874305725
28442,0,01_Rock3-148-C_comp.jams,1109324,2,3,3,3,keep,3,3,0,0.3375832438468933,0.2623606026172638
28448,0,01_Rock3-148-C_comp.jams,1122582,1,3,3,3,keep,3,3,0,0.28138208389282227,0.07440835237503052
28450,0,01_Rock3-148-C_comp.jams,1127185,2,2,2,2,keep,2,2,0,0.12140875309705734,0.12047417461872101
28454,0,01_Rock3-148-C_comp.jams,1135166,2,2,2,4,keep,4,2,-1,0.20881420373916626,0.251192569732666
28466,0,01_Rock3-148-C_solo.jams,26637,1,2,2,2,keep,2,2,0,0.3469793200492859,0.5055800080299377
28468,0,01_Rock3-148-C_solo.jams,35212,1,2,2,2,keep,2,2,0,0.27325350046157837,0.1754382997751236
28520,0,01_Rock3-148-C_solo.jams,267786,1,2,2,2,keep,2,2,0,0.01679346337914467,0.023219196125864983
28541,0,01_Rock3-148-C_solo.jams,419411,1,2,2,2,keep,2,2,0,0.17111638188362122,0.007639013696461916
28542,0,01_Rock3-148-C_solo.jams,421384,1,2,2,3,keep,2,3,0,0.1867060512304306,0.002473347820341587
28572,0,01_Rock3-148-C_solo.jams,635767,2,2,2,2,keep,2,3,0,0.3676580488681793,0.05966930463910103
28664,0,01_SS1-68-E_comp.jams,4,2,4,4,4,keep,4,4,0,0.5431806445121765,0.4867386817932129
28698,0,01_SS1-68-E_comp.jams,79881,1,2,2,2,keep,2,2,0,0.20952185988426208,0.1954350620508194
28707,0,01_SS1-68-E_comp.jams,106462,0,2,2,2,keep,2,2,0,0.2801333963871002,0.27490872144699097
28713,0,01_SS1-68-E_comp.jams,119889,3,3,3,3,keep,3,3,0,0.2923775315284729,0.4782406985759735
28721,0,01_SS1-68-E_comp.jams,145233,1,2,2,2,keep,2,2,0,0.1666571944952011,0.13789017498493195
28726,0,01_SS1-68-E_comp.jams,157731,0,2,2,3,keep,2,2,0,0.3100305497646332,0.06166777014732361
28737,0,01_SS1-68-E_comp.jams,183667,0,3,2,2,mixed_by_complete_group,3,2,0,0.13905079662799835,0.10399005562067032
28742,0,01_SS1-68-E_comp.jams,194413,2,2,2,3,keep,2,3,0,0.32227981090545654,0.12328270077705383
28743,0,01_SS1-68-E_comp.jams,196189,1,2,2,3,keep,2,3,0,0.33942219614982605,0.07901224493980408
28753,0,01_SS1-68-E_comp.jams,221356,1,4,4,4,keep,4,3,0,0.24526400864124298,0.12979303300380707
28759,0,01_SS1-68-E_comp.jams,233343,0,2,2,2,keep,2,2,0,0.45463693141937256,0.49432656168937683
28769,0,01_SS1-68-E_comp.jams,259668,0,3,3,2,keep,3,3,0,0.3880377411842346,0.20673583447933197
28774,0,01_SS1-68-E_comp.jams,272242,3,4,4,4,keep,4,4,0,0.3553321659564972,0.2690170109272003
28783,0,01_SS1-68-E_comp.jams,297369,1,2,2,2,keep,2,3,0,0.5545185804367065,0.18633431196212769
28790,0,01_SS1-68-E_comp.jams,311941,1,2,2,2,keep,2,2,0,0.37878915667533875,0.42756837606430054
28801,0,01_SS1-68-E_comp.jams,337170,0,2,2,2,keep,2,2,0,0.24701564013957977,0.2565225064754486
28818,0,01_SS1-68-E_comp.jams,374360,1,3,2,2,mixed_by_complete_group,3,2,0,0.2642098069190979,0.20038889348506927
28825,0,01_SS1-68-E_comp.jams,389605,1,2,2,2,keep,2,2,0,0.4597039520740509,0.3995019197463989
28831,0,01_SS1-68-E_comp.jams,402644,1,2,2,2,keep,2,2,0,0.36672937870025635,0.24885424971580505
28837,0,01_SS1-68-E_comp.jams,416014,0,2,2,2,keep,2,2,0,0.44979700446128845,0.3701756000518799
28842,0,01_SS1-68-E_comp.jams,428960,3,3,4,3,local_rates_favor_regression_for_all_groups,3,4,1,0.2362707555294037,0.16300256550312042
28852,0,01_SS1-68-E_comp.jams,453360,1,3,2,2,mixed_by_complete_group,2,2,0,0.13665437698364258,0.07129236310720444
28858,0,01_SS1-68-E_comp.jams,467357,1,2,2,2,keep,2,2,0,0.35616588592529297,0.31290629506111145
28863,0,01_SS1-68-E_comp.jams,480641,2,3,3,3,keep,3,3,0,0.33827346563339233,0.5417459607124329
28872,0,01_SS1-68-E_comp.jams,507618,2,3,2,3,mixed_by_complete_group,3,3,-1,0.354908287525177,0.8148862719535828
28880,0,01_SS1-68-E_comp.jams,533844,1,2,2,2,keep,2,2,0,0.31684479117393494,0.24545949697494507
28883,0,01_SS1-68-E_comp.jams,545536,2,2,2,2,keep,3,2,-1,0.4085427522659302,0.5221201777458191
28888,0,01_SS1-68-E_comp.jams,556572,2,2,2,2,keep,2,2,0,0.3413088321685791,0.24397023022174835
28889,0,01_SS1-68-E_comp.jams,558377,1,2,2,3,keep,3,3,0,0.3425268530845642,0.29504916071891785
28899,0,01_SS1-68-E_comp.jams,582500,2,2,2,3,keep,3,2,-1,0.28857898712158203,0.210797980427742
28915,0,01_SS1-68-E_comp.jams,621974,1,3,3,2,keep,3,2,0,0.321364164352417,0.1559360921382904
28929,0,01_SS1-68-E_comp.jams,661021,2,4,4,3,keep,4,3,0,0.38719552755355835,0.31121885776519775
28941,0,01_SS1-68-E_comp.jams,688742,2,2,2,2,keep,2,2,0,0.1866394430398941,0.20367659628391266
28947,0,01_SS1-68-E_comp.jams,702401,1,2,2,2,keep,2,2,0,0.21006673574447632,0.22786322236061096
28959,0,01_SS1-68-E_comp.jams,729011,1,2,3,3,local_rates_favor_regression_for_all_groups,3,3,0,0.29560917615890503,0.25262072682380676
28965,0,01_SS1-68-E_comp.jams,741246,1,2,2,2,keep,2,2,0,0.39243587851524353,0.3263483941555023
28971,0,01_SS1-68-E_comp.jams,754030,3,4,4,4,keep,4,4,0,0.45777469873428345,0.43269798159599304
28977,0,01_SS1-68-E_comp.jams,766474,1,2,2,2,keep,2,2,0,0.2203073501586914,0.24636849761009216
28983,0,01_SS1-68-E_comp.jams,779500,1,4,2,2,mixed_by_complete_group,2,2,0,0.2005501091480255,0.15360331535339355
28984,0,01_SS1-68-E_comp.jams,781431,2,2,2,2,keep,2,2,0,0.21959121525287628,0.144434854388237
29000,0,01_SS1-68-E_comp.jams,819773,3,4,3,3,mixed_by_complete_group,3,3,0,0.27924221754074097,0.31554776430130005
29001,0,01_SS1-68-E_comp.jams,821588,1,2,2,2,keep,2,2,0,0.1582961231470108,0.11585141718387604
29010,0,01_SS1-68-E_comp.jams,844524,2,2,2,2,keep,2,2,0,0.3214800953865051,0.15102046728134155
29015,0,01_SS1-68-E_comp.jams,858045,1,2,2,2,keep,2,2,0,0.46534037590026855,0.5274307727813721
29025,0,01_SS1-68-E_comp.jams,879676,2,2,2,2,keep,2,2,0,0.26249876618385315,0.23500820994377136
29032,0,01_SS1-68-E_comp.jams,892999,1,2,2,2,keep,2,2,0,0.2365647256374359,0.1765880137681961
29033,0,01_SS1-68-E_comp.jams,894881,1,2,2,3,keep,2,3,0,0.4276001453399658,0.10618562996387482
29038,0,01_SS1-68-E_comp.jams,907315,1,2,2,2,keep,2,2,0,0.28434374928474426,0.19112926721572876
29044,0,01_SS1-68-E_comp.jams,922433,3,3,3,3,keep,3,3,0,0.4697466194629669,0.5940778851509094
29049,0,01_SS1-68-E_comp.jams,934121,3,3,3,2,keep,3,3,0,0.37576088309288025,0.24359960854053497
29057,0,01_SS1-68-E_comp.jams,959527,2,3,2,2,mixed_by_complete_group,2,2,0,0.08681144565343857,0.0872143879532814
29063,0,01_SS1-68-E_comp.jams,974833,0,2,2,2,keep,2,2,0,0.217371866106987,0.25071024894714355
29068,0,01_SS1-68-E_comp.jams,986239,1,2,2,2,keep,2,2,0,0.4885253310203552,0.43706339597702026
29074,0,01_SS1-68-E_comp.jams,999600,1,2,2,2,keep,2,2,0,0.32127222418785095,0.2554105222225189
29080,0,01_SS1-68-E_comp.jams,1011739,2,2,2,2,keep,2,2,0,0.4100794494152069,0.29132765531539917
29083,0,01_SS1-68-E_comp.jams,1026192,2,2,2,2,keep,2,2,0,0.3798334002494812,0.650627851486206
29087,0,01_SS1-68-E_comp.jams,1037547,1,2,2,2,keep,2,2,0,0.41802582144737244,0.4650280177593231
29092,0,01_SS1-68-E_comp.jams,1052002,3,3,3,3,keep,3,3,0,0.24655061960220337,0.2442513406276703
29102,0,01_SS1-68-E_comp.jams,1076652,1,2,2,2,keep,2,2,0,0.24506916105747223,0.22040720283985138
29108,0,01_SS1-68-E_comp.jams,1091167,2,2,2,2,keep,2,2,0,0.3480142056941986,0.32704439759254456
29113,0,01_SS1-68-E_comp.jams,1103478,1,2,2,2,keep,2,2,0,0.36277613043785095,0.3712272047996521
29118,0,01_SS1-68-E_comp.jams,1115115,2,2,2,3,keep,2,2,0,0.29085075855255127,0.19995875656604767
29139,0,01_SS1-68-E_comp.jams,1169383,2,3,3,2,keep,3,2,0,0.26868677139282227,0.18210507929325104
29151,0,01_SS1-68-E_comp.jams,1194458,0,3,3,3,keep,3,3,0,0.3746322691440582,0.3767935335636139
29155,0,01_SS1-68-E_comp.jams,1205302,2,2,2,2,keep,2,3,0,0.44012168049812317,0.12448281794786453
29171,0,01_SS1-68-E_comp.jams,1245391,2,2,2,2,keep,2,2,0,0.5009565353393555,0.6168591380119324
29178,0,01_SS1-68-E_comp.jams,1270714,2,2,2,2,keep,2,2,0,0.2910129427909851,0.33855777978897095
29181,0,01_SS1-68-E_comp.jams,1282840,3,2,2,2,keep,2,2,0,0.476999431848526,0.21556013822555542
29191,0,01_SS1-68-E_comp.jams,1305820,0,2,2,2,keep,2,2,0,0.026283562183380127,0.013217560015618801
29193,0,01_SS1-68-E_comp.jams,1311114,2,2,2,2,keep,2,2,0,0.1546473205089569,0.10777260363101959
29198,0,01_SS1-68-E_comp.jams,1324601,3,3,3,3,keep,3,3,0,0.40676215291023254,0.5939550399780273
29217,0,01_SS1-68-E_comp.jams,1365609,2,2,2,2,keep,2,2,0,0.5473551750183105,0.6954584717750549
29221,0,01_SS1-68-E_comp.jams,1376954,3,3,3,3,keep,3,3,0,0.34847399592399597,0.3566286861896515
29231,0,01_SS1-68-E_comp.jams,1401419,4,3,4,3,mixed_by_complete_group,4,3,0,0.389102578163147,0.5431914925575256
29241,0,01_SS1-68-E_comp.jams,1428632,3,2,3,3,mixed_by_complete_group,3,3,0,0.3027881979942322,0.29703783988952637
29246,0,01_SS1-68-E_comp.jams,1440222,2,2,2,2,keep,2,2,0,0.4396035075187683,0.4391952157020569
29256,0,01_SS1-68-E_comp.jams,1466982,2,4,4,3,keep,3,3,0,0.07845231890678406,0.03424660116434097
29261,0,01_SS1-68-E_comp.jams,1479735,2,3,2,2,mixed_by_complete_group,2,2,0,0.2663784623146057,0.18542619049549103
29274,0,01_SS1-68-E_comp.jams,1519179,3,3,3,3,keep,3,3,0,0.41357019543647766,0.380119264125824
29279,0,01_SS1-68-E_comp.jams,1531444,2,3,3,3,keep,3,3,0,0.28278863430023193,0.5967015624046326
29286,0,01_SS1-68-E_comp.jams,1557084,3,3,3,3,keep,3,3,0,0.3611046075820923,0.4264478087425232
29315,0,01_SS1-68-E_comp.jams,1621619,1,2,2,2,keep,2,2,0,0.17861011624336243,0.18245281279087067
29321,0,01_SS1-68-E_comp.jams,1635119,1,2,2,2,keep,2,2,0,0.5370469689369202,0.49308258295059204
29333,0,01_SS1-68-E_comp.jams,1662061,2,2,2,3,keep,2,2,0,0.44781023263931274,0.32889464497566223
29337,0,01_SS1-68-E_comp.jams,1671114,1,3,2,2,local_rates_favor_correction_for_all_groups,3,2,0,0.08696213364601135,0.0200363676995039
29338,0,01_SS1-68-E_comp.jams,1673284,1,2,2,2,keep,2,2,0,0.28993889689445496,0.2272084653377533
29339,0,01_SS1-68-E_comp.jams,1675179,2,2,2,2,keep,2,2,0,0.14532680809497833,0.36134207248687744
29340,0,01_SS1-68-E_comp.jams,1677060,2,2,2,2,keep,2,2,0,0.16692215204238892,0.11725535243749619
29353,0,01_SS1-68-E_comp.jams,1715343,2,2,2,2,keep,2,2,0,0.19074533879756927,0.13536427915096283
29369,0,01_SS1-68-E_comp.jams,1749510,1,2,2,2,keep,2,2,0,0.2179204374551773,0.17063571512699127
29370,0,01_SS1-68-E_comp.jams,1751778,1,2,3,3,mixed_by_complete_group,3,3,0,0.4587785601615906,0.42781683802604675
29376,0,01_SS1-68-E_comp.jams,1764684,1,2,2,2,keep,2,2,0,0.37019291520118713,0.17846140265464783
29377,0,01_SS1-68-E_comp.jams,1766594,1,2,2,2,keep,2,2,0,0.42326614260673523,0.7654066681861877
29388,0,01_SS1-68-E_comp.jams,1790105,2,4,5,4,local_rates_favor_correction_for_all_groups,4,5,0,0.31837382912635803,0.2844962775707245
29404,0,01_SS1-68-E_comp.jams,1827153,2,2,2,2,keep,2,2,0,0.2629249095916748,0.2648967504501343
29411,0,01_SS1-68-E_comp.jams,1841560,1,2,2,2,keep,2,2,0,0.4135763347148895,0.3831782937049866
29421,0,01_SS1-68-E_solo.jams,38824,1,3,3,2,keep,3,2,0,0.20325873792171478,3.824103623628616e-05
29452,0,01_SS1-68-E_solo.jams,429901,1,3,3,2,keep,3,2,0,0.1147671490907669,0.006582296919077635
29465,0,01_SS1-68-E_solo.jams,583757,1,2,2,2,keep,2,2,0,0.08574730902910233,0.0977773442864418
29551,0,01_SS1-68-E_solo.jams,1243218,0,2,2,2,keep,2,2,0,0.07242599129676819,5.2282823162386194e-05
29567,0,01_SS1-68-E_solo.jams,1399953,1,2,2,2,keep,2,2,0,0.3785635828971863,0.00895666889846325
29574,0,01_SS1-68-E_solo.jams,1447577,0,2,2,3,keep,2,3,0,0.33937540650367737,0.009369587525725365
29576,0,01_SS1-68-E_solo.jams,1451363,1,2,2,2,keep,2,2,0,0.6431047916412354,0.5747553706169128
29582,0,01_SS1-68-E_solo.jams,1466840,1,2,2,2,keep,2,2,0,0.058687981218099594,0.09005020558834076
29598,0,01_SS1-68-E_solo.jams,1620731,1,2,2,2,keep,2,2,0,0.23901265859603882,0.16732703149318695
29612,0,01_SS1-68-E_solo.jams,1714077,2,2,2,2,keep,2,2,0,0.36026492714881897,0.4146715998649597
29631,0,01_SS1-68-E_solo.jams,1789373,1,2,2,2,keep,2,2,0,0.3933873474597931,0.5836847424507141
29639,0,01_SS1-68-E_solo.jams,1830164,1,2,2,2,keep,2,2,0,0.2867535948753357,0.23177015781402588
33015,0,02_BN2-166-Ab_comp.jams,24115,2,2,2,2,keep,2,2,0,0.44857531785964966,0.44658446311950684
33024,0,02_BN2-166-Ab_comp.jams,64315,2,2,3,3,mixed_by_complete_group,3,3,0,0.45212212204933167,0.43635252118110657
33031,0,02_BN2-166-Ab_comp.jams,87713,2,3,3,3,keep,3,3,0,0.42637598514556885,0.6943033933639526
33040,0,02_BN2-166-Ab_comp.jams,113729,2,2,2,2,keep,2,2,0,0.06990321725606918,0.035068292170763016
33041,0,02_BN2-166-Ab_comp.jams,128059,3,2,2,2,keep,2,2,0,0.5719613432884216,0.6085734367370605
33047,0,02_BN2-166-Ab_comp.jams,143386,2,2,2,2,keep,2,2,0,0.4780576527118683,0.5672699213027954
33061,0,02_BN2-166-Ab_comp.jams,175717,3,3,3,3,keep,3,3,0,0.5325531363487244,0.7555798292160034
33069,0,02_BN2-166-Ab_comp.jams,198991,2,2,2,2,keep,2,2,0,0.5666015148162842,0.3747754693031311
33077,0,02_BN2-166-Ab_comp.jams,223730,4,3,3,3,keep,3,3,0,0.5426231026649475,0.7150290012359619
33080,0,02_BN2-166-Ab_comp.jams,255635,2,3,4,4,local_rates_favor_regression_for_all_groups,3,4,0,0.4021102786064148,0.27698013186454773
33087,0,02_BN2-166-Ab_comp.jams,279341,2,3,3,3,keep,3,3,0,0.5384057760238647,0.8170900344848633
33096,0,02_BN2-166-Ab_comp.jams,303329,2,2,2,2,keep,2,2,0,0.6898243427276611,0.646910548210144
33102,0,02_BN2-166-Ab_comp.jams,328782,2,2,2,2,keep,2,2,0,0.5369818210601807,0.6042897701263428
33103,0,02_BN2-166-Ab_comp.jams,352747,3,3,3,3,keep,3,3,0,0.4876490533351898,0.5818299055099487
33111,0,02_BN2-166-Ab_comp.jams,383528,3,3,3,3,keep,3,3,0,0.4215224087238312,0.5072586536407471
33119,0,02_BN2-166-Ab_comp.jams,407680,1,2,2,2,keep,2,2,0,0.4830617904663086,0.49603021144866943
33127,0,02_BN2-166-Ab_comp.jams,430842,3,4,4,4,keep,4,4,0,0.45528972148895264,0.45622098445892334
33136,0,02_BN2-166-Ab_comp.jams,454941,2,2,2,2,keep,2,2,0,0.4307209551334381,0.4286346733570099
33139,0,02_BN2-166-Ab_comp.jams,461971,3,2,2,2,keep,2,2,0,0.5959677696228027,0.5320714116096497
33145,0,02_BN2-166-Ab_comp.jams,477215,2,2,2,2,keep,2,2,0,0.17374975979328156,0.041884392499923706
33152,0,02_BN2-166-Ab_comp.jams,493004,2,2,2,2,keep,2,3,0,0.5762710571289062,0.30935296416282654
33157,0,02_BN2-166-Ab_comp.jams,510757,2,2,2,2,keep,2,2,0,0.5359684228897095,0.3831394612789154
33165,0,02_BN2-166-Ab_comp.jams,534869,4,2,3,3,mixed_by_complete_group,3,3,0,0.40370646119117737,0.34196048974990845
33179,0,02_BN2-166-Ab_comp.jams,598613,3,2,2,2,keep,2,2,0,0.5484017133712769,0.604610025882721
33192,0,02_BN2-166-Ab_comp.jams,686828,3,3,3,2,keep,3,3,0,0.3605067729949951,0.19245268404483795
33198,0,02_BN2-166-Ab_comp.jams,709024,2,3,3,2,keep,2,3,1,0.2974264621734619,0.23524001240730286
33208,0,02_BN2-166-Ab_comp.jams,735871,4,3,3,3,keep,3,3,0,0.4290177524089813,0.47428181767463684
33212,0,02_BN2-166-Ab_comp.jams,767420,2,2,2,2,keep,2,2,0,0.3404451906681061,0.3787524402141571
33214,0,02_BN2-166-Ab_comp.jams,789293,3,2,2,2,keep,2,2,0,0.4408927261829376,0.4254600703716278
33218,0,02_BN2-166-Ab_comp.jams,797467,3,2,3,3,mixed_by_complete_group,3,3,0,0.27860790491104126,0.08828634023666382
33223,0,02_BN2-166-Ab_comp.jams,814884,2,2,2,3,keep,2,3,0,0.4917202889919281,0.23018251359462738
33230,0,02_BN2-166-Ab_comp.jams,838762,2,2,2,2,keep,2,2,0,0.5515955686569214,0.5024346709251404
33235,0,02_BN2-166-Ab_comp.jams,861135,3,2,3,3,mixed_by_complete_group,3,3,0,0.27223122119903564,0.08010201156139374
33239,0,02_BN2-166-Ab_comp.jams,893202,3,3,3,3,keep,3,3,0,0.5021896362304688,0.45302197337150574
33249,0,02_BN2-166-Ab_comp.jams,917306,2,2,2,3,keep,2,3,0,0.4620921313762665,0.32518303394317627
33259,0,02_BN2-166-Ab_comp.jams,942212,3,3,3,3,keep,3,3,0,0.5665465593338013,0.48952195048332214
33262,0,02_BN2-166-Ab_comp.jams,948172,2,2,2,2,keep,2,2,0,0.21482840180397034,0.26467591524124146
33265,0,02_BN2-166-Ab_comp.jams,957126,3,2,2,2,keep,2,2,0,0.5333715677261353,0.5864688158035278
33268,0,02_BN2-166-Ab_comp.jams,964472,2,2,2,2,keep,2,2,0,0.4908759593963623,0.43872278928756714
33275,0,02_BN2-166-Ab_comp.jams,988973,3,3,3,3,keep,3,3,0,0.4869621694087982,0.5917736291885376
33282,0,02_BN2-166-Ab_comp.jams,1005031,2,2,2,3,keep,2,3,0,0.3397700786590576,0.12141361832618713
33285,0,02_BN2-166-Ab_comp.jams,1013396,2,2,3,3,local_rates_favor_regression_for_all_groups,3,3,0,0.28032469749450684,0.10600516945123672
33332,0,02_BN2-166-Ab_solo.jams,558564,1,2,2,3,keep,3,2,0,0.12092708796262741,0.029393596574664116
39094,0,02_Jazz3-150-C_comp.jams,10,3,2,2,2,keep,2,2,0,0.6575219035148621,0.8608828186988831
39100,0,02_Jazz3-150-C_comp.jams,18782,4,3,3,3,keep,3,3,0,0.4753226339817047,0.6890180706977844
39107,0,02_Jazz3-150-C_comp.jams,35964,3,2,2,2,keep,2,2,0,0.21621225774288177,0.210740864276886
39114,0,02_Jazz3-150-C_comp.jams,53824,4,3,3,3,keep,3,3,0,0.5552585124969482,0.6131588220596313
39121,0,02_Jazz3-150-C_comp.jams,71050,0,2,2,2,keep,2,2,0,0.2626716196537018,0.23989568650722504
39127,0,02_Jazz3-150-C_comp.jams,89202,4,3,3,3,keep,3,3,0,0.450237512588501,0.3793815076351166
39144,0,02_Jazz3-150-C_comp.jams,124127,4,3,3,3,keep,3,3,0,0.3755161762237549,0.37155282497406006
39156,0,02_Jazz3-150-C_comp.jams,159893,4,3,3,3,keep,3,3,0,0.3165210783481598,0.21164877712726593
39170,0,02_Jazz3-150-C_comp.jams,194445,2,3,3,2,keep,3,2,0,0.32349687814712524,0.08829782903194427
39175,0,02_Jazz3-150-C_comp.jams,205421,2,2,2,2,keep,2,2,0,0.2710656225681305,0.2485363781452179
39181,0,02_Jazz3-150-C_comp.jams,223736,2,2,2,2,keep,2,2,0,0.3063921332359314,0.3163299858570099
39184,0,02_Jazz3-150-C_comp.jams,230126,4,2,2,2,keep,2,2,0,0.6263853907585144,0.6905515193939209
39189,0,02_Jazz3-150-C_comp.jams,240945,2,3,3,3,keep,3,3,0,0.27407342195510864,0.3304559886455536
39197,0,02_Jazz3-150-C_comp.jams,266191,1,3,3,3,keep,3,3,0,0.2858249545097351,0.2387433499097824
39200,0,02_Jazz3-150-C_comp.jams,276580,2,2,2,2,keep,2,2,0,0.5937516689300537,0.5256758332252502
39209,0,02_Jazz3-150-C_comp.jams,300642,4,2,2,3,keep,3,3,0,0.33397722244262695,0.11196107417345047
39226,0,02_Jazz3-150-C_comp.jams,335699,2,2,2,2,keep,2,2,0,0.23894435167312622,0.17263111472129822
39231,0,02_Jazz3-150-C_comp.jams,347293,1,2,2,2,keep,2,2,0,0.0977654755115509,0.0827355831861496
39241,0,02_Jazz3-150-C_comp.jams,369671,1,2,2,2,keep,2,2,0,0.1268044412136078,0.05537175387144089
39248,0,02_Jazz3-150-C_comp.jams,383221,2,3,3,3,keep,3,3,0,0.3838414251804352,0.41520074009895325
39257,0,02_Jazz3-150-C_comp.jams,406014,1,2,2,2,keep,2,2,0,0.5039644837379456,0.38188403844833374
39263,0,02_Jazz3-150-C_comp.jams,424206,3,2,2,2,keep,2,2,0,0.4071902930736542,0.6661770343780518
39271,0,02_Jazz3-150-C_comp.jams,441849,4,3,3,3,keep,3,3,0,0.37063518166542053,0.34586113691329956
39276,0,02_Jazz3-150-C_comp.jams,452849,4,2,2,3,keep,3,3,0,0.3827802836894989,0.2101718634366989
39288,0,02_Jazz3-150-C_comp.jams,476499,3,3,2,2,local_rates_favor_regression_for_all_groups,3,2,1,0.32880061864852905,0.07301980257034302
39293,0,02_Jazz3-150-C_comp.jams,487252,1,2,2,2,keep,2,2,0,0.24487906694412231,0.330832839012146
39327,0,02_Jazz3-150-C_comp.jams,565533,3,3,3,3,keep,3,3,0,0.534784734249115,0.4476189613342285
39334,0,02_Jazz3-150-C_comp.jams,583200,4,3,3,3,keep,3,3,0,0.49624159932136536,0.39280134439468384
39349,0,02_Jazz3-150-C_comp.jams,618699,3,3,3,2,keep,2,2,-1,0.3254946768283844,0.15011045336723328
39360,0,02_Jazz3-150-C_comp.jams,645089,2,2,2,2,keep,2,2,0,0.4822942614555359,0.5755107998847961
39368,0,02_Jazz3-150-C_comp.jams,663950,3,2,2,2,keep,2,2,0,0.4920397102832794,0.45173659920692444
39377,0,02_Jazz3-150-C_comp.jams,681676,1,2,2,2,keep,2,2,0,0.12871153652668,0.20828887820243835
39380,0,02_Jazz3-150-C_comp.jams,688297,3,3,3,2,keep,3,2,0,0.4325588345527649,0.3517249822616577
39387,0,02_Jazz3-150-C_comp.jams,706996,3,3,3,2,keep,3,2,0,0.4855867326259613,0.36311373114585876
39390,0,02_Jazz3-150-C_comp.jams,724089,4,3,3,4,keep,3,4,0,0.4308367073535919,0.3083166480064392
39395,0,02_Jazz3-150-C_comp.jams,735558,2,2,2,2,keep,2,2,0,0.2201792299747467,0.2287389039993286
39398,0,02_Jazz3-150-C_comp.jams,743522,2,2,2,2,keep,2,2,0,0.29871630668640137,0.3069373071193695
39405,0,02_Jazz3-150-C_comp.jams,757882,4,3,2,2,mixed_by_complete_group,2,2,0,0.2775527238845825,0.020707672461867332
39410,0,02_Jazz3-150-C_comp.jams,770507,2,2,2,2,keep,2,2,0,0.08023986965417862,0.18166081607341766
39412,0,02_Jazz3-150-C_comp.jams,775273,2,2,2,2,keep,2,2,0,0.08013571053743362,0.15037421882152557
39418,0,02_Jazz3-150-C_comp.jams,788034,2,2,2,2,keep,2,2,0,0.34294721484184265,0.3721061646938324
39421,0,02_Jazz3-150-C_comp.jams,795018,3,2,2,2,keep,2,2,0,0.5721985101699829,0.8329722285270691
39434,0,02_Jazz3-150-C_comp.jams,822464,2,2,2,2,keep,2,2,0,0.4745822548866272,0.4585535228252411
39437,0,02_Jazz3-150-C_comp.jams,828837,3,2,2,2,keep,2,2,0,0.34705957770347595,0.2966848909854889
39440,0,02_Jazz3-150-C_comp.jams,838946,2,2,2,2,keep,2,2,0,0.4856163561344147,0.40190017223358154
39444,0,02_Jazz3-150-C_comp.jams,848344,1,2,2,2,keep,2,2,0,0.775568425655365,0.42157140374183655
39448,0,02_Jazz3-150-C_comp.jams,865452,2,3,3,3,keep,3,3,0,0.5259120464324951,0.6267752647399902
39453,0,02_Jazz3-150-C_comp.jams,875656,3,2,2,2,keep,2,2,0,0.4406977593898773,0.1503518968820572
39465,0,02_Jazz3-150-C_comp.jams,900355,4,3,2,2,mixed_by_complete_group,2,2,0,0.40874436497688293,0.27014362812042236
39472,0,02_Jazz3-150-C_comp.jams,919447,3,3,3,3,keep,3,3,0,0.5081816911697388,0.38923540711402893
39480,0,02_Jazz3-150-C_comp.jams,938174,3,2,2,3,keep,2,3,0,0.4646737277507782,0.13494543731212616
39485,0,02_Jazz3-150-C_comp.jams,948798,3,2,2,2,keep,2,2,0,0.41717392206192017,0.6627610325813293
39495,0,02_Jazz3-150-C_comp.jams,969855,1,2,2,3,keep,2,3,0,0.578579843044281,0.07037584483623505
39499,0,02_Jazz3-150-C_comp.jams,980334,0,2,2,2,keep,2,2,0,0.3247316777706146,0.35825979709625244
39501,0,02_Jazz3-150-C_comp.jams,988210,2,3,3,3,keep,3,3,0,0.60157310962677,0.5575089454650879
39506,0,02_Jazz3-150-C_comp.jams,1005788,4,3,3,2,keep,3,2,0,0.3326871395111084,0.13644376397132874
39516,0,02_Jazz3-150-C_comp.jams,1025345,2,2,3,3,mixed_by_complete_group,3,3,0,0.20284134149551392,0.08151108026504517
39523,0,02_Jazz3-150-C_comp.jams,1040195,2,2,2,2,keep,2,2,0,0.10740426927804947,0.03489411622285843
39528,0,02_Jazz3-150-C_comp.jams,1053030,2,2,2,2,keep,2,2,0,0.21398669481277466,0.22957466542720795
39536,0,02_Jazz3-150-C_comp.jams,1068723,1,2,2,2,keep,2,2,0,0.43343621492385864,0.508946418762207
39539,0,02_Jazz3-150-C_comp.jams,1075402,4,2,2,2,keep,2,2,0,0.5284382104873657,0.5820972323417664
39557,0,02_Jazz3-150-C_comp.jams,1111718,4,2,2,2,keep,2,2,0,0.48880720138549805,0.5370360612869263
39617,0,02_Jazz3-150-C_solo.jams,153931,1,2,2,2,keep,2,2,0,0.015687264502048492,0.011729910038411617
39733,0,02_Jazz3-150-C_solo.jams,646550,1,2,2,2,keep,2,2,0,0.022410262376070023,0.036554004997015
39766,0,02_Jazz3-150-C_solo.jams,859879,1,3,2,2,local_rates_favor_correction_for_all_groups,2,2,0,0.007534212898463011,2.2707192329107784e-05
40893,0,02_Rock2-142-D_comp.jams,5,2,2,2,2,keep,2,2,0,0.08581917732954025,0.009403631091117859
40904,0,02_Rock2-142-D_comp.jams,29305,3,3,4,3,local_rates_favor_correction_for_all_groups,4,4,0,0.2669457495212555,0.4088653326034546
40918,0,02_Rock2-142-D_comp.jams,56479,2,2,2,2,keep,2,2,0,0.6044241189956665,0.5315995216369629
40927,0,02_Rock2-142-D_comp.jams,74787,2,2,2,2,keep,2,2,0,0.37311285734176636,0.30170050263404846
40934,0,02_Rock2-142-D_comp.jams,102069,1,3,3,3,keep,3,3,0,0.4267125129699707,0.36557137966156006
40939,0,02_Rock2-142-D_comp.jams,112180,2,3,3,3,keep,3,3,0,0.5082882642745972,0.4365214705467224
40944,0,02_Rock2-142-D_comp.jams,131211,3,4,4,4,keep,4,4,0,0.4460567533969879,0.5549918413162231
40953,0,02_Rock2-142-D_comp.jams,149636,2,2,2,2,keep,2,2,0,0.4421807527542114,0.4386652112007141
40958,0,02_Rock2-142-D_comp.jams,160572,2,2,2,2,keep,2,2,0,0.3961258828639984,0.44135576486587524
40961,0,02_Rock2-142-D_comp.jams,176507,3,2,2,2,keep,2,2,0,0.266557514667511,0.692160427570343
40975,0,02_Rock2-142-D_comp.jams,206329,2,2,2,3,keep,2,3,0,0.4885026812553406,0.4107274115085602
40989,0,02_Rock2-142-D_comp.jams,242660,1,2,2,2,keep,2,2,0,0.5265670418739319,0.9164493083953857
40991,0,02_Rock2-142-D_comp.jams,261391,1,2,2,3,keep,2,2,0,0.4307757616043091,0.4056406319141388
41001,0,02_Rock2-142-D_comp.jams,289095,1,2,2,3,keep,2,3,0,0.4835929274559021,0.061070699244737625
41009,0,02_Rock2-142-D_comp.jams,327142,2,2,3,2,local_rates_favor_correction_for_all_groups,3,3,0,0.34832102060317993,0.42691323161125183
41018,0,02_Rock2-142-D_comp.jams,345703,2,2,2,2,keep,2,2,0,0.4655451774597168,0.47290724515914917
41022,0,02_Rock2-142-D_comp.jams,354072,2,3,3,3,keep,3,2,0,0.30234494805336,0.10648718476295471
41027,0,02_Rock2-142-D_comp.jams,364655,1,2,2,2,keep,2,2,0,0.10496147722005844,0.16682136058807373
41029,0,02_Rock2-142-D_comp.jams,371410,1,2,2,2,keep,2,2,0,0.3593408763408661,0.3103276193141937
41035,0,02_Rock2-142-D_comp.jams,401994,2,3,3,3,keep,3,3,0,0.4269225001335144,0.31110110878944397
41040,0,02_Rock2-142-D_comp.jams,420980,2,2,2,2,keep,2,2,0,0.2666933536529541,0.2895315885543823
41041,0,02_Rock2-142-D_comp.jams,430137,3,3,3,3,keep,3,3,0,0.500658392906189,0.6300468444824219
41048,0,02_Rock2-142-D_comp.jams,477099,4,3,3,4,keep,3,4,0,0.46311864256858826,0.3642391860485077
41058,0,02_Rock2-142-D_comp.jams,505625,2,2,2,2,keep,2,2,0,0.4879184663295746,0.5890951156616211
41061,0,02_Rock2-142-D_comp.jams,513207,2,2,2,2,keep,2,2,0,0.34393301606178284,0.3099127411842346
41062,0,02_Rock2-142-D_comp.jams,515000,2,3,3,3,keep,3,3,0,0.3540140986442566,0.4563247263431549
41074,0,02_Rock2-142-D_comp.jams,543141,3,2,3,3,mixed_by_complete_group,3,3,0,0.2807808816432953,0.13774046301841736
41077,0,02_Rock2-142-D_comp.jams,550222,1,2,2,2,keep,2,2,0,0.40422993898391724,0.2528778612613678
41078,0,02_Rock2-142-D_comp.jams,552086,3,4,4,4,keep,4,4,0,0.6081703305244446,0.44881150126457214
41085,0,02_Rock2-142-D_comp.jams,568799,2,2,3,3,local_rates_favor_correction_for_all_groups,3,3,0,0.2856467068195343,0.2756967842578888
41089,0,02_Rock2-142-D_comp.jams,577912,4,2,2,3,keep,2,3,0,0.30661290884017944,0.1788289099931717
41095,0,02_Rock2-142-D_comp.jams,591968,2,2,2,2,keep,2,2,0,0.121193528175354,0.1757088005542755
41097,0,02_Rock2-142-D_comp.jams,596185,0,2,2,2,keep,2,2,0,0.22168701887130737,0.26003745198249817
41104,0,02_Rock2-142-D_comp.jams,626139,3,4,4,4,keep,4,4,0,0.5270848274230957,0.7660158276557922
41118,0,02_Rock2-142-D_comp.jams,654224,3,3,3,3,keep,3,3,0,0.5878874063491821,0.5036868453025818
41126,0,02_Rock2-142-D_comp.jams,672099,2,2,2,2,keep,2,2,0,0.3074573576450348,0.26562899351119995
41136,0,02_Rock2-142-D_comp.jams,700069,3,2,3,3,mixed_by_complete_group,3,3,0,0.3090610206127167,0.28417253494262695
41144,0,02_Rock2-142-D_comp.jams,728677,3,3,3,3,keep,3,3,0,0.48731592297554016,0.36805203557014465
41149,0,02_Rock2-142-D_comp.jams,741616,2,2,2,2,keep,2,2,0,0.34445977210998535,0.43513578176498413
41151,0,02_Rock2-142-D_comp.jams,746670,2,2,2,2,keep,2,2,0,0.3605465888977051,0.3471234440803528
41155,0,02_Rock2-142-D_comp.jams,755320,2,2,2,2,keep,2,3,0,0.4470169246196747,0.3797161281108856
41160,0,02_Rock2-142-D_comp.jams,773632,3,4,4,4,keep,4,4,0,0.3639858067035675,0.2886410653591156
41174,0,02_Rock2-142-D_comp.jams,803008,3,2,2,2,keep,2,2,0,0.29163986444473267,0.2988697588443756
41181,0,02_Rock2-142-D_comp.jams,829753,3,2,2,2,keep,2,2,0,0.31968727707862854,0.30942925810813904
41185,0,02_Rock2-142-D_comp.jams,840035,3,3,3,3,keep,3,3,0,0.4964827597141266,0.4330739378929138
41192,0,02_Rock2-142-D_comp.jams,857961,3,3,3,3,keep,3,3,0,0.506650984287262,0.4732784926891327
41209,0,02_Rock2-142-D_comp.jams,904173,2,2,2,3,keep,2,3,0,0.44927307963371277,0.3120310306549072
41213,0,02_Rock2-142-D_comp.jams,923641,4,2,3,3,local_rates_favor_correction_for_all_groups,2,3,0,0.45834845304489136,0.0954364612698555
41226,0,02_Rock2-142-D_comp.jams,952806,3,2,2,2,keep,2,2,0,0.3308940827846527,0.3345516622066498
41237,0,02_Rock2-142-D_comp.jams,979647,2,2,2,2,keep,2,2,0,0.5065394043922424,0.4147599935531616
41242,0,02_Rock2-142-D_comp.jams,997545,3,3,4,4,mixed_by_complete_group,4,4,0,0.3301338255405426,0.33357447385787964
41253,0,02_Rock2-142-D_comp.jams,1024304,1,2,2,3,keep,2,2,0,0.1964614987373352,0.022232502698898315
41284,0,02_Rock2-142-D_comp.jams,1111567,1,2,2,2,keep,2,2,0,0.1425524204969406,0.193155899643898
41292,0,02_Rock2-142-D_comp.jams,1128430,0,2,2,2,keep,2,2,0,0.4081684648990631,0.34825408458709717
41299,0,02_Rock2-142-D_comp.jams,1147885,2,3,3,2,keep,3,2,0,0.24258141219615936,0.13634581863880157
41306,0,02_Rock2-142-D_comp.jams,1163577,0,2,2,2,keep,2,2,0,0.12048987299203873,0.09614520519971848
41307,0,02_Rock2-142-D_comp.jams,1165771,2,3,5,3,mixed_by_complete_group,5,3,0,0.23396597802639008,0.419757217168808
41311,0,02_Rock2-142-D_comp.jams,1174899,5,2,3,3,mixed_by_complete_group,3,3,0,0.36573660373687744,0.36280208826065063
41316,0,02_Rock2-142-D_comp.jams,1184831,3,3,3,3,keep,3,3,0,0.4600263237953186,0.4700474441051483
42967,0,02_Rock3-148-C_comp.jams,9219,3,2,2,2,keep,2,2,0,0.45899495482444763,0.3569665551185608
42973,0,02_Rock3-148-C_comp.jams,28673,4,3,3,4,keep,4,3,1,0.2736372649669647,0.34573501348495483
42974,0,02_Rock3-148-C_comp.jams,30488,0,2,2,2,keep,2,2,0,0.15460191667079926,0.09270622581243515
42983,0,02_Rock3-148-C_comp.jams,55890,4,3,3,3,keep,3,3,0,0.5127944946289062,0.5803083777427673
42988,0,02_Rock3-148-C_comp.jams,68753,2,2,2,2,keep,2,2,0,0.24003203213214874,0.25286853313446045
42995,0,02_Rock3-148-C_comp.jams,82175,4,3,3,4,keep,3,4,0,0.2864810526371002,0.12572762370109558
43001,0,02_Rock3-148-C_comp.jams,99814,5,3,4,4,mixed_by_complete_group,4,4,0,0.3719593286514282,0.22670456767082214
43014,0,02_Rock3-148-C_comp.jams,125932,3,2,2,3,keep,2,3,0,0.32335224747657776,0.0010343791218474507
43018,0,02_Rock3-148-C_comp.jams,134335,2,2,2,2,keep,2,2,0,0.10210475325584412,0.1777392327785492
43020,0,02_Rock3-148-C_comp.jams,139983,2,2,2,2,keep,2,2,0,0.13976329565048218,0.15458038449287415
43025,0,02_Rock3-148-C_comp.jams,152382,2,2,2,2,keep,2,2,0,0.4245303273200989,0.48106491565704346
43030,0,02_Rock3-148-C_comp.jams,169505,5,3,3,3,keep,3,3,0,0.49385935068130493,0.671818196773529
43031,0,02_Rock3-148-C_comp.jams,171359,1,2,2,2,keep,2,2,0,0.1195264458656311,0.057492390275001526
43039,0,02_Rock3-148-C_comp.jams,189802,0,2,2,2,keep,2,2,0,0.08133038878440857,0.06141641363501549
43042,0,02_Rock3-148-C_comp.jams,198151,2,2,2,2,keep,2,2,0,0.16908733546733856,0.1899382472038269
43050,0,02_Rock3-148-C_comp.jams,216338,4,4,4,4,keep,4,4,0,0.4623805582523346,0.7697650790214539
43058,0,02_Rock3-148-C_comp.jams,234363,4,3,3,3,keep,3,3,0,0.33452683687210083,0.47426897287368774
43066,0,02_Rock3-148-C_comp.jams,251201,3,2,2,2,keep,2,2,0,0.6462092995643616,0.4692299962043762
43075,0,02_Rock3-148-C_comp.jams,270166,5,4,3,3,mixed_by_complete_group,3,3,0,0.1946890503168106,0.05997133627533913
43079,0,02_Rock3-148-C_comp.jams,279033,1,3,2,2,mixed_by_complete_group,2,2,0,0.04456314444541931,0.0063233645632863045
43080,0,02_Rock3-148-C_comp.jams,282221,3,2,2,2,keep,2,2,0,0.18456247448921204,0.19669392704963684
43082,0,02_Rock3-148-C_comp.jams,287226,2,2,2,2,keep,2,2,0,0.24228022992610931,0.1568051129579544
43086,0,02_Rock3-148-C_comp.jams,295441,3,2,3,3,local_rates_favor_correction_for_all_groups,3,3,0,0.2775193154811859,0.18075619637966156
43092,0,02_Rock3-148-C_comp.jams,313516,4,4,3,4,mixed_by_complete_group,3,4,0,0.3498782813549042,0.4457637667655945
43105,0,02_Rock3-148-C_comp.jams,340296,4,2,2,4,keep,2,4,0,0.28487536311149597,0.12883059680461884
43109,0,02_Rock3-148-C_comp.jams,350667,2,2,2,2,keep,2,2,0,0.1928892433643341,0.30580589175224304
43111,0,02_Rock3-148-C_comp.jams,354487,3,3,2,2,local_rates_favor_correction_for_all_groups,2,2,0,0.0988060012459755,0.016773808747529984
43113,0,02_Rock3-148-C_comp.jams,358756,4,3,2,2,mixed_by_complete_group,2,2,0,0.19991710782051086,0.0663033127784729
43117,0,02_Rock3-148-C_comp.jams,367487,2,3,2,2,mixed_by_complete_group,2,2,0,0.06262005865573883,0.008852650411427021
43121,0,02_Rock3-148-C_comp.jams,384833,4,4,3,3,mixed_by_complete_group,3,3,0,0.38016489148139954,0.35131707787513733
43134,0,02_Rock3-148-C_comp.jams,412290,4,3,2,2,local_rates_favor_regression_for_all_groups,2,2,0,0.23404638469219208,0.2783082127571106
43139,0,02_Rock3-148-C_comp.jams,421953,2,2,2,2,keep,2,2,0,0.29740867018699646,0.4830560088157654
43140,0,02_Rock3-148-C_comp.jams,424602,0,2,2,2,keep,2,2,0,0.20519959926605225,0.15283063054084778
43143,0,02_Rock3-148-C_comp.jams,430603,2,3,3,3,keep,3,3,0,0.2993619740009308,0.33455976843833923
43147,0,02_Rock3-148-C_comp.jams,438584,2,2,2,2,keep,2,3,0,0.29279854893684387,0.18149776756763458
43153,0,02_Rock3-148-C_comp.jams,455271,2,3,3,3,keep,3,3,0,0.49949532747268677,0.5901598334312439
43161,0,02_Rock3-148-C_comp.jams,473026,1,3,2,3,mixed_by_complete_group,3,2,0,0.10604429990053177,0.08322615176439285
43166,0,02_Rock3-148-C_comp.jams,483504,4,3,4,4,local_rates_favor_regression_for_all_groups,4,4,0,0.1384689211845398,0.0912616178393364
43172,0,02_Rock3-148-C_comp.jams,496304,1,2,2,2,keep,2,2,0,0.43361952900886536,0.5251662135124207
43174,0,02_Rock3-148-C_comp.jams,500540,1,2,2,2,keep,2,2,0,0.2381487935781479,0.19604234397411346
43175,0,02_Rock3-148-C_comp.jams,502376,4,3,2,2,local_rates_favor_regression_for_all_groups,2,2,0,0.13393089175224304,0.15014755725860596
43180,0,02_Rock3-148-C_comp.jams,511348,4,2,2,2,keep,2,2,0,0.2809009552001953,0.3030974268913269
43184,0,02_Rock3-148-C_comp.jams,518841,4,2,2,3,keep,2,2,0,0.1818789839744568,0.04840920865535736
43202,0,02_Rock3-148-C_comp.jams,553861,4,2,2,2,keep,2,2,0,0.30864620208740234,0.5774844884872437
43204,0,02_Rock3-148-C_comp.jams,558019,4,2,2,2,keep,2,2,0,0.1817806363105774,0.11001360416412354
43211,0,02_Rock3-148-C_comp.jams,571984,3,4,3,3,mixed_by_complete_group,3,3,0,0.2575305104255676,0.1691165566444397
43215,0,02_Rock3-148-C_comp.jams,580676,3,2,2,2,keep,2,2,0,0.39929938316345215,0.7500564455986023
43221,0,02_Rock3-148-C_comp.jams,599208,4,3,4,3,mixed_by_complete_group,4,3,0,0.2999075651168823,0.6204960346221924
43235,0,02_Rock3-148-C_comp.jams,627842,4,3,2,2,local_rates_favor_regression_for_all_groups,2,2,0,0.26255854964256287,0.3468400537967682
43242,0,02_Rock3-148-C_comp.jams,644462,5,4,2,2,mixed_by_complete_group,2,2,0,0.13810376822948456,0.10477972775697708
43246,0,02_Rock3-148-C_comp.jams,653225,4,2,2,2,keep,2,2,0,0.29824039340019226,0.2658596634864807
43252,0,02_Rock3-148-C_comp.jams,670608,3,2,2,2,keep,2,2,0,0.49576663970947266,0.7351088523864746
43253,0,02_Rock3-148-C_comp.jams,672570,2,2,3,3,mixed_by_complete_group,3,3,0,0.3066606819629669,0.4279951751232147
43266,0,02_Rock3-148-C_comp.jams,699084,4,2,2,3,keep,2,3,0,0.23110850155353546,0.011114725843071938
43268,0,02_Rock3-148-C_comp.jams,703355,3,3,2,2,local_rates_favor_correction_for_all_groups,2,2,0,0.02516794763505459,0.0011564261512830853
43282,0,02_Rock3-148-C_comp.jams,735476,0,2,2,2,keep,2,2,0,0.08931082487106323,0.04583409056067467
43284,0,02_Rock3-148-C_comp.jams,742652,3,3,3,3,keep,3,3,0,0.6680822372436523,0.7329089641571045
43296,0,02_Rock3-148-C_comp.jams,769828,4,3,3,3,keep,4,3,1,0.2732027471065521,0.6331704258918762
43303,0,02_Rock3-148-C_comp.jams,787187,4,2,3,3,mixed_by_complete_group,3,3,0,0.218017578125,0.24919487535953522
43309,0,02_Rock3-148-C_comp.jams,799964,3,2,3,3,local_rates_favor_regression_for_all_groups,3,3,0,0.2605738043785095,0.22433558106422424
43311,0,02_Rock3-148-C_comp.jams,803878,2,2,2,2,keep,2,2,0,0.2860313951969147,0.3395214378833771
43318,0,02_Rock3-148-C_comp.jams,818993,2,2,2,2,keep,2,2,0,0.10388873517513275,0.11326403170824051
43320,0,02_Rock3-148-C_comp.jams,823062,3,3,2,3,local_rates_favor_regression_for_all_groups,3,3,1,0.3997715711593628,0.6841870546340942
43327,0,02_Rock3-148-C_comp.jams,837709,2,2,2,2,keep,2,2,0,0.10306525975465775,0.09320712089538574
43329,0,02_Rock3-148-C_comp.jams,843051,1,2,2,2,keep,2,2,0,0.1375613510608673,0.1088101863861084
43330,0,02_Rock3-148-C_comp.jams,845163,2,3,2,2,local_rates_favor_correction_for_all_groups,2,2,0,0.12758594751358032,0.20874793827533722
43336,0,02_Rock3-148-C_comp.jams,858162,3,3,3,3,keep,3,3,0,0.430247038602829,0.3934849202632904
43346,0,02_Rock3-148-C_comp.jams,885077,5,3,3,3,keep,3,3,0,0.6332377791404724,0.6553543210029602
43355,0,02_Rock3-148-C_comp.jams,902932,2,2,2,2,keep,2,2,0,0.29878586530685425,0.2258971631526947
43356,0,02_Rock3-148-C_comp.jams,904923,1,2,2,2,keep,2,2,0,0.3334892690181732,0.25526171922683716
43360,0,02_Rock3-148-C_comp.jams,912960,3,2,2,2,keep,2,2,0,0.260375440120697,0.31750524044036865
43363,0,02_Rock3-148-C_comp.jams,919144,1,2,2,2,keep,2,2,0,0.07694754004478455,0.062153901904821396
43368,0,02_Rock3-148-C_comp.jams,930856,4,2,2,2,keep,2,2,0,0.2763935923576355,0.20151805877685547
43372,0,02_Rock3-148-C_comp.jams,941032,2,2,3,3,mixed_by_complete_group,2,3,1,0.3933195173740387,0.10487505048513412
43378,0,02_Rock3-148-C_comp.jams,957828,3,3,3,3,keep,3,3,0,0.6644282341003418,0.6621756553649902
43386,0,02_Rock3-148-C_comp.jams,976150,1,2,2,2,keep,2,2,0,0.29782384634017944,0.29021334648132324
43390,0,02_Rock3-148-C_comp.jams,984377,2,2,2,2,keep,2,2,0,0.3822043836116791,0.38437172770500183
43396,0,02_Rock3-148-C_comp.jams,997480,1,3,2,2,local_rates_favor_correction_for_all_groups,2,2,0,0.07080578058958054,0.11534348875284195
43399,0,02_Rock3-148-C_comp.jams,1003433,1,2,2,2,keep,2,2,0,0.32732951641082764,0.2903389036655426
43403,0,02_Rock3-148-C_comp.jams,1011429,2,2,2,2,keep,2,2,0,0.43216535449028015,0.3943897485733032
43409,0,02_Rock3-148-C_comp.jams,1028435,4,4,5,5,local_rates_favor_correction_for_all_groups,4,5,1,0.43687963485717773,0.3707759976387024
43418,0,02_Rock3-148-C_comp.jams,1047041,2,2,2,2,keep,2,2,0,0.240019753575325,0.17537839710712433
43422,0,02_Rock3-148-C_comp.jams,1055695,4,3,2,3,mixed_by_complete_group,2,3,0,0.27427807450294495,0.3959472179412842
43429,0,02_Rock3-148-C_comp.jams,1072724,2,3,2,3,mixed_by_complete_group,3,2,-1,0.22933480143547058,0.22001101076602936
43438,0,02_Rock3-148-C_comp.jams,1091078,5,2,2,3,keep,3,3,0,0.2685414254665375,0.10880516469478607
43456,0,02_Rock3-148-C_comp.jams,1126549,0,2,2,2,keep,2,2,0,0.20095142722129822,0.2073637843132019
43457,0,02_Rock3-148-C_comp.jams,1128342,5,2,3,2,mixed_by_complete_group,2,3,0,0.4200153350830078,0.42850831151008606
43463,0,02_Rock3-148-C_comp.jams,1139943,2,2,2,2,keep,2,2,0,0.48604249954223633,0.325396329164505
43616,0,02_SS1-68-E_comp.jams,16,1,2,2,2,keep,2,2,0,0.3051643669605255,0.5416673421859741
43625,0,02_SS1-68-E_comp.jams,41887,1,2,2,3,keep,2,3,0,0.21830840408802032,0.12894773483276367
43632,0,02_SS1-68-E_comp.jams,56390,1,4,3,3,local_rates_favor_regression_for_all_groups,3,3,0,0.14456412196159363,0.07490913569927216
43665,0,02_SS1-68-E_comp.jams,134017,1,2,2,2,keep,2,2,0,0.4734359681606293,0.49033600091934204
43681,0,02_SS1-68-E_comp.jams,177569,1,2,2,2,keep,2,2,0,0.19944003224372864,0.3623441457748413
43713,0,02_SS1-68-E_comp.jams,260614,1,2,2,2,keep,2,2,0,0.21594373881816864,0.26649829745292664
43745,0,02_SS1-68-E_comp.jams,349569,1,2,2,2,keep,2,3,0,0.3304876983165741,0.16406694054603577
43752,0,02_SS1-68-E_comp.jams,363380,0,2,2,2,keep,2,2,0,0.45246100425720215,0.419889360666275
43773,0,02_SS1-68-E_comp.jams,413008,0,2,2,2,keep,2,2,0,0.2739883363246918,0.7520420551300049
43781,0,02_SS1-68-E_comp.jams,430529,0,2,2,2,keep,2,2,0,0.39640480279922485,0.5726668834686279
43807,0,02_SS1-68-E_comp.jams,489727,0,2,2,2,keep,2,2,0,0.24032044410705566,0.9267328977584839
43814,0,02_SS1-68-E_comp.jams,509210,1,2,2,2,keep,2,2,0,0.30540531873703003,0.3034020960330963
43820,0,02_SS1-68-E_comp.jams,521999,0,2,2,2,keep,2,2,0,0.5015894174575806,0.45372194051742554
43826,0,02_SS1-68-E_comp.jams,534674,1,2,2,2,keep,2,2,0,0.4037680923938751,0.4334205687046051
43842,0,02_SS1-68-E_comp.jams,571212,1,2,2,2,keep,2,2,0,0.05492360517382622,0.030447328463196754
43865,0,02_SS1-68-E_comp.jams,624205,1,4,2,2,mixed_by_complete_group,2,2,0,0.07847128808498383,0.21929466724395752
43872,0,02_SS1-68-E_comp.jams,651451,1,3,3,2,keep,2,3,0,0.16612260043621063,0.2731059491634369
43889,0,02_SS1-68-E_comp.jams,690933,0,4,2,4,mixed_by_complete_group,4,2,0,0.16615523397922516,0.12403780966997147
43895,0,02_SS1-68-E_comp.jams,704663,1,2,3,3,local_rates_favor_regression_for_all_groups,3,3,0,0.26574352383613586,0.14345361292362213
43901,0,02_SS1-68-E_comp.jams,724801,1,3,3,3,keep,2,3,0,0.2894401550292969,0.5648245811462402
43911,0,02_SS1-68-E_comp.jams,756002,0,2,2,2,keep,2,2,0,0.338826060295105,0.08505711704492569
43916,0,02_SS1-68-E_comp.jams,770032,0,2,2,2,keep,2,2,0,0.06576620042324066,0.017076104879379272
43926,0,02_SS1-68-E_comp.jams,801353,1,2,2,2,keep,2,2,0,0.22836486995220184,0.3214114010334015
43935,0,02_SS1-68-E_comp.jams,832246,0,2,2,2,keep,2,2,0,0.20721806585788727,0.054530803114175797
43937,0,02_SS1-68-E_comp.jams,843912,1,2,2,2,keep,2,2,0,0.2032357156276703,0.216823548078537
43942,0,02_SS1-68-E_comp.jams,856984,1,2,2,2,keep,2,2,0,0.26705238223075867,0.2872790992259979
43948,0,02_SS1-68-E_comp.jams,875873,0,4,4,4,keep,4,4,0,0.3412311375141144,0.2998001277446747
43955,0,02_SS1-68-E_comp.jams,895258,1,2,2,2,keep,2,2,0,0.12771455943584442,0.08235341310501099
43967,0,02_SS1-68-E_comp.jams,955134,0,2,3,3,mixed_by_complete_group,3,2,0,0.19038042426109314,0.277375191450119
43976,0,02_SS1-68-E_comp.jams,974275,1,3,3,2,keep,2,3,0,0.19286085665225983,0.24331603944301605
43988,0,02_SS1-68-E_comp.jams,999347,1,2,3,3,mixed_by_complete_group,3,3,0,0.25441446900367737,0.28872445225715637
43994,0,02_SS1-68-E_comp.jams,1014254,1,2,2,2,keep,2,2,0,0.051455024629831314,0.017490709200501442
43999,0,02_SS1-68-E_comp.jams,1033113,0,2,3,2,local_rates_favor_regression_for_all_groups,2,2,0,0.17070960998535156,0.7700085639953613
44031,0,02_SS1-68-E_comp.jams,1111571,1,2,2,3,keep,2,2,0,0.31254443526268005,0.1490379273891449
44051,0,02_SS1-68-E_comp.jams,1157348,1,2,2,2,keep,2,2,0,0.44393086433410645,0.5150384306907654
44068,0,02_SS1-68-E_comp.jams,1206850,0,2,3,2,mixed_by_complete_group,3,3,0,0.23297876119613647,0.320265531539917
44085,0,02_SS1-68-E_comp.jams,1246954,1,2,2,2,keep,2,2,0,0.1549883335828781,0.17993882298469543
44091,0,02_SS1-68-E_comp.jams,1271998,1,3,3,2,keep,2,3,0,0.3191922605037689,0.3863898515701294
44097,0,02_SS1-68-E_comp.jams,1287690,0,2,2,2,keep,2,2,0,0.16836722195148468,0.23635099828243256
44104,0,02_SS1-68-E_comp.jams,1300132,1,4,3,3,mixed_by_complete_group,3,3,0,0.15183787047863007,0.0706009492278099
44113,0,02_SS1-68-E_comp.jams,1346323,0,2,2,2,keep,2,2,0,0.16762171685695648,0.18436451256275177
44127,0,02_SS1-68-E_comp.jams,1378631,1,4,2,2,mixed_by_complete_group,2,2,0,0.05914841592311859,0.01441044919192791
44132,0,02_SS1-68-E_comp.jams,1390674,1,2,2,2,keep,2,2,0,0.20849287509918213,0.22615300118923187
44144,0,02_SS1-68-E_comp.jams,1424022,0,3,3,3,keep,2,3,0,0.11020322889089584,0.2856777608394623
44157,0,02_SS1-68-E_comp.jams,1467510,1,4,4,4,keep,4,4,0,0.12657441198825836,0.18794338405132294
44176,0,02_SS1-68-E_comp.jams,1518605,1,4,4,2,keep,4,3,0,0.3235514760017395,0.14953376352787018
44183,0,02_SS1-68-E_comp.jams,1532931,0,2,2,2,keep,2,2,0,0.030197259038686752,0.0005156373954378068
44188,0,02_SS1-68-E_comp.jams,1544776,1,4,3,2,mixed_by_complete_group,4,3,0,0.19448097050189972,0.05803011730313301
44204,0,02_SS1-68-E_comp.jams,1607772,0,2,2,2,keep,2,2,0,0.07274571806192398,0.07988516986370087
44206,0,02_SS1-68-E_comp.jams,1612004,1,2,2,2,keep,2,2,0,0.5413053631782532,0.5541476011276245
44211,0,02_SS1-68-E_comp.jams,1624773,1,3,2,2,mixed_by_complete_group,2,2,0,0.34834176301956177,0.3195790946483612
44216,0,02_SS1-68-E_comp.jams,1656216,1,2,2,2,keep,2,2,0,0.15234671533107758,0.8167812824249268
44223,0,02_SS1-68-E_comp.jams,1675228,0,2,2,2,keep,2,2,0,0.21632014214992523,0.2912876009941101
44230,0,02_SS1-68-E_comp.jams,1689766,0,2,2,2,keep,2,2,0,0.23233895003795624,0.08550871908664703
44286,0,02_SS1-68-E_comp.jams,1830120,0,2,3,2,mixed_by_complete_group,2,2,0,0.2690882682800293,0.3456551134586334
44299,0,02_SS1-68-E_comp.jams,1857128,1,2,2,2,keep,2,2,0,0.2146529108285904,0.19703766703605652
44304,0,02_SS1-68-E_solo.jams,5,1,2,2,3,keep,2,3,0,0.22297553718090057,0.02119835652410984
44350,0,02_SS1-68-E_solo.jams,333732,1,4,4,2,keep,2,2,0,0.013203616254031658,0.0009510592790320516
44473,0,02_SS1-68-E_solo.jams,751178,1,2,2,2,keep,2,2,0,0.10156533867120743,0.08400347083806992
44590,0,02_SS1-68-E_solo.jams,1529920,1,3,3,2,keep,3,2,0,0.003597263479605317,1.3511356883100234e-05
44618,0,02_SS1-68-E_solo.jams,1638377,1,2,2,2,keep,2,2,0,0.16381430625915527,0.03846099227666855
44639,0,02_SS1-68-E_solo.jams,1704547,1,3,2,2,local_rates_favor_correction_for_all_groups,2,2,0,0.21429575979709625,0.0062476773746311665
47968,0,03_BN2-166-Ab_comp.jams,12,4,2,4,4,local_rates_favor_regression_for_all_groups,2,4,-1,0.32753702998161316,0.298721581697464
47974,0,03_BN2-166-Ab_comp.jams,15631,3,4,4,4,keep,3,4,1,0.43051445484161377,0.5922454595565796
47987,0,03_BN2-166-Ab_comp.jams,55853,4,4,4,4,keep,4,4,0,0.3813525140285492,0.4299660325050354
47992,0,03_BN2-166-Ab_comp.jams,72224,4,4,2,2,mixed_by_complete_group,2,2,0,0.10083851218223572,0.017102215439081192
47998,0,03_BN2-166-Ab_comp.jams,95146,3,2,3,3,mixed_by_complete_group,3,3,0,0.23579218983650208,0.03771339729428291
48003,0,03_BN2-166-Ab_comp.jams,111910,1,2,2,2,keep,2,2,0,0.373312383890152,0.18544039130210876
48004,0,03_BN2-166-Ab_comp.jams,125964,2,4,4,4,keep,4,4,0,0.11174800992012024,0.21125124394893646
48008,0,03_BN2-166-Ab_comp.jams,144577,0,2,2,2,keep,2,2,0,0.2952688932418823,0.27695101499557495
48011,0,03_BN2-166-Ab_comp.jams,159267,1,4,2,2,mixed_by_complete_group,2,2,0,0.04743240028619766,0.009822770953178406
48013,0,03_BN2-166-Ab_comp.jams,182893,4,4,3,2,local_rates_favor_regression_for_all_groups,2,3,0,0.2853054702281952,0.02136256732046604
48014,0,03_BN2-166-Ab_comp.jams,200262,4,4,2,2,mixed_by_complete_group,2,2,0,0.15858320891857147,0.0024466875474900007
48019,0,03_BN2-166-Ab_comp.jams,223905,3,2,2,2,keep,2,2,0,0.3192214071750641,0.3213966190814972
48025,0,03_BN2-166-Ab_comp.jams,237609,1,2,2,2,keep,2,2,0,0.5331697463989258,0.3527931869029999
48031,0,03_BN2-166-Ab_comp.jams,269564,2,2,2,2,keep,2,2,0,0.14981548488140106,0.025838250294327736
48036,0,03_BN2-166-Ab_comp.jams,286879,1,3,3,2,keep,2,2,0,0.2570496201515198,0.10958923399448395
48037,0,03_BN2-166-Ab_comp.jams,295878,2,3,3,3,keep,3,3,0,0.5561664700508118,0.4822852909564972
48039,0,03_BN2-166-Ab_comp.jams,310443,4,4,4,4,keep,4,4,0,0.6661288738250732,0.880997359752655
48042,0,03_BN2-166-Ab_comp.jams,326707,4,4,2,2,mixed_by_complete_group,2,2,0,0.2315388023853302,0.2416008710861206
48047,0,03_BN2-166-Ab_comp.jams,351333,3,2,3,2,mixed_by_complete_group,2,3,-1,0.25943711400032043,0.22418347001075745
48056,0,03_BN2-166-Ab_comp.jams,381994,4,4,3,3,local_rates_favor_correction_for_all_groups,4,3,1,0.4191279113292694,0.1091395691037178
48063,0,03_BN2-166-Ab_comp.jams,399949,4,3,3,2,keep,2,3,0,0.37316468358039856,0.354330450296402
48067,0,03_BN2-166-Ab_comp.jams,414706,1,2,2,2,keep,2,2,0,0.14480376243591309,0.09092783182859421
48072,0,03_BN2-166-Ab_comp.jams,437836,4,4,4,4,keep,4,4,0,0.5513761639595032,0.5522127151489258
48077,0,03_BN2-166-Ab_comp.jams,454432,3,3,3,4,keep,3,4,0,0.4052346348762512,0.1317061334848404
48081,0,03_BN2-166-Ab_comp.jams,470748,1,4,2,2,mixed_by_complete_group,2,2,0,0.09399978071451187,0.19564948976039886
48082,0,03_BN2-166-Ab_comp.jams,478209,3,2,2,3,keep,2,3,0,0.28487691283226013,0.049137428402900696
48087,0,03_BN2-166-Ab_comp.jams,493945,3,4,4,4,keep,4,4,0,0.8863953351974487,0.43984749913215637
48090,0,03_BN2-166-Ab_comp.jams,509257,4,2,4,2,local_rates_favor_regression_for_all_groups,4,2,0,0.247995063662529,0.8843441605567932
48096,0,03_BN2-166-Ab_comp.jams,525512,3,4,2,3,mixed_by_complete_group,3,4,1,0.22050386667251587,0.3563006520271301
48101,0,03_BN2-166-Ab_comp.jams,542184,1,2,2,2,keep,2,2,0,0.10102981328964233,0.06861219555139542
48105,0,03_BN2-166-Ab_comp.jams,549813,3,2,2,3,keep,2,2,0,0.09971099346876144,0.019939860329031944
48110,0,03_BN2-166-Ab_comp.jams,566662,4,4,4,4,keep,4,4,0,0.6772297024726868,0.7774457931518555
48114,0,03_BN2-166-Ab_comp.jams,582459,4,3,3,3,keep,3,3,0,0.38516339659690857,0.36359527707099915
48122,0,03_BN2-166-Ab_comp.jams,606168,2,2,2,2,keep,2,2,0,0.22959627211093903,0.38071221113204956
48128,0,03_BN2-166-Ab_comp.jams,622726,2,4,2,2,mixed_by_complete_group,2,2,0,0.05820612609386444,0.010832567699253559
48131,0,03_BN2-166-Ab_comp.jams,634978,2,2,2,2,keep,2,2,0,0.2541484534740448,0.0453554168343544
48137,0,03_BN2-166-Ab_comp.jams,653210,4,4,4,4,keep,4,4,0,0.48643842339515686,0.8443684577941895
48141,0,03_BN2-166-Ab_comp.jams,670270,1,4,2,2,mixed_by_complete_group,2,2,0,0.018784910440444946,0.002377071650698781
48143,0,03_BN2-166-Ab_comp.jams,694137,4,4,4,4,keep,4,4,0,0.4314020574092865,0.42716076970100403
48147,0,03_BN2-166-Ab_comp.jams,710123,4,4,4,2,keep,4,2,0,0.4195747673511505,0.0789523795247078
48151,0,03_BN2-166-Ab_comp.jams,733579,3,3,3,2,keep,2,2,-1,0.15337799489498138,0.054005883634090424
48157,0,03_BN2-166-Ab_comp.jams,764276,4,4,4,4,keep,4,4,0,0.6742593050003052,0.7027871608734131
48162,0,03_BN2-166-Ab_comp.jams,780588,4,4,4,4,keep,4,4,0,0.4128483235836029,0.37123164534568787
48167,0,03_BN2-166-Ab_comp.jams,797444,1,4,2,2,mixed_by_complete_group,2,2,0,0.09550587832927704,0.015243932604789734
48170,0,03_BN2-166-Ab_comp.jams,821651,3,4,4,4,keep,4,4,0,0.4253583252429962,0.6516187191009521
48172,0,03_BN2-166-Ab_comp.jams,836774,4,4,4,2,keep,2,2,-1,0.3044384717941284,0.13582827150821686
48179,0,03_BN2-166-Ab_comp.jams,859861,3,3,3,2,keep,2,3,-1,0.2799498736858368,0.2146761417388916
48187,0,03_BN2-166-Ab_comp.jams,890650,3,4,4,3,keep,4,3,0,0.6234933733940125,0.11673236638307571
48193,0,03_BN2-166-Ab_comp.jams,908522,4,3,3,4,keep,3,3,0,0.43176591396331787,0.23580852150917053
48198,0,03_BN2-166-Ab_comp.jams,925398,1,2,2,2,keep,2,2,0,0.30544883012771606,0.7965230345726013
48203,0,03_BN2-166-Ab_comp.jams,948693,4,2,4,4,local_rates_favor_regression_for_all_groups,2,4,-1,0.32785314321517944,0.1281154900789261
48206,0,03_BN2-166-Ab_comp.jams,965127,4,4,4,3,keep,4,3,0,0.573517382144928,0.2688736021518707
48210,0,03_BN2-166-Ab_comp.jams,980979,1,4,2,2,mixed_by_complete_group,2,2,0,0.11233840882778168,0.1254887878894806
48217,0,03_BN2-166-Ab_comp.jams,1004130,3,4,3,3,local_rates_favor_regression_for_all_groups,3,3,0,0.40966498851776123,0.2448045313358307
48344,0,03_BN2-166-Ab_solo.jams,924554,1,2,2,2,keep,2,2,0,0.026077330112457275,0.012240751646459103
48361,0,03_BN2-166-Ab_solo.jams,973187,1,2,2,2,keep,2,2,0,0.5485320687294006,0.858377993106842
48365,0,03_BN2-166-Ab_solo.jams,1005830,1,2,2,2,keep,2,2,0,0.28535446524620056,0.3564993739128113
53371,0,03_Jazz3-150-C_comp.jams,18917,3,3,3,3,keep,3,3,0,0.6774396896362305,0.8587059378623962
53379,0,03_Jazz3-150-C_comp.jams,48026,1,2,2,2,keep,2,2,0,0.10499794781208038,0.05994683876633644
53383,0,03_Jazz3-150-C_comp.jams,88670,3,4,4,4,keep,4,4,0,0.3631041944026947,0.5451895594596863
53399,0,03_Jazz3-150-C_comp.jams,122976,2,3,3,3,keep,3,3,0,0.10528254508972168,0.10932137072086334
53401,0,03_Jazz3-150-C_comp.jams,140674,3,4,4,3,keep,4,2,0,0.3883058726787567,0.2742953896522522
53409,0,03_Jazz3-150-C_comp.jams,169839,3,4,2,2,mixed_by_complete_group,2,2,0,0.1149037703871727,0.03437582775950432
53412,0,03_Jazz3-150-C_comp.jams,188511,2,3,3,3,keep,3,3,0,0.6629895567893982,0.14264997839927673
53414,0,03_Jazz3-150-C_comp.jams,208649,3,3,3,2,keep,2,2,-1,0.4781495928764343,0.14699673652648926
53426,0,03_Jazz3-150-C_comp.jams,241607,3,3,3,4,keep,3,3,0,0.3536365330219269,0.160289466381073
53430,0,03_Jazz3-150-C_comp.jams,257579,3,3,3,3,keep,3,3,0,0.45327308773994446,0.9508763551712036
53431,0,03_Jazz3-150-C_comp.jams,259377,0,2,2,2,keep,2,2,0,0.42981573939323425,0.5457481741905212
53440,0,03_Jazz3-150-C_comp.jams,335966,3,4,4,4,keep,4,4,0,0.4854854941368103,0.6153905987739563
53450,0,03_Jazz3-150-C_comp.jams,400118,3,3,3,3,keep,3,3,0,0.6156385540962219,0.8510843515396118
53454,0,03_Jazz3-150-C_comp.jams,440818,3,4,4,4,keep,4,4,0,0.5652986764907837,0.8132945895195007
53464,0,03_Jazz3-150-C_comp.jams,468854,3,2,2,3,keep,2,3,0,0.5166699290275574,0.3220299184322357
53467,0,03_Jazz3-150-C_comp.jams,511161,3,4,4,4,keep,4,4,0,0.42860424518585205,0.6501445770263672
53478,0,03_Jazz3-150-C_comp.jams,541318,3,3,3,3,keep,3,3,0,0.889478325843811,0.8339435458183289
53508,0,03_Jazz3-150-C_comp.jams,648263,3,3,3,3,keep,3,3,0,0.42281997203826904,0.48653605580329895
53517,0,03_Jazz3-150-C_comp.jams,669397,3,4,4,4,keep,4,4,0,0.4188632667064667,0.5626685619354248
53526,0,03_Jazz3-150-C_comp.jams,707844,3,3,3,3,keep,3,3,0,0.489451140165329,0.7378455996513367
53535,0,03_Jazz3-150-C_comp.jams,735146,3,4,2,2,local_rates_favor_regression_for_all_groups,2,2,0,0.22922086715698242,0.17453524470329285
53542,0,03_Jazz3-150-C_comp.jams,770149,3,4,4,3,keep,3,3,1,0.3374498188495636,0.3047701418399811
53546,0,03_Jazz3-150-C_comp.jams,803990,3,3,2,2,local_rates_favor_correction_for_all_groups,2,2,0,0.4299940764904022,0.12587638199329376
53551,0,03_Jazz3-150-C_comp.jams,828166,3,4,4,4,keep,4,4,0,0.46706631779670715,0.6546457409858704
53554,0,03_Jazz3-150-C_comp.jams,861252,1,4,2,2,mixed_by_complete_group,2,2,0,0.025443226099014282,0.00046135843149386346
53568,0,03_Jazz3-150-C_comp.jams,934734,3,3,3,3,keep,3,3,0,0.5837478637695312,0.8227784633636475
53580,0,03_Jazz3-150-C_comp.jams,971465,2,2,2,2,keep,2,2,0,0.23799365758895874,0.5530429482460022
53586,0,03_Jazz3-150-C_comp.jams,1005082,3,3,2,3,local_rates_favor_regression_for_all_groups,2,3,0,0.2733033299446106,0.4506787657737732
53594,0,03_Jazz3-150-C_comp.jams,1033601,3,4,3,3,mixed_by_complete_group,3,3,0,0.19928774237632751,0.3752593696117401
53603,0,03_Jazz3-150-C_comp.jams,1085081,3,3,2,2,mixed_by_complete_group,2,2,0,0.3340235650539398,0.22059887647628784
53608,0,03_Jazz3-150-C_comp.jams,1103270,3,4,4,4,keep,2,4,0,0.23068951070308685,0.3997754454612732
54932,0,03_Rock2-142-D_comp.jams,19251,4,3,3,3,keep,3,3,0,0.5991614460945129,0.8388403654098511
54939,0,03_Rock2-142-D_comp.jams,36594,1,2,2,2,keep,2,2,0,0.3367077112197876,0.2756759226322174
54944,0,03_Rock2-142-D_comp.jams,47413,3,4,4,4,keep,4,4,0,0.3318592607975006,0.4565642774105072
54954,0,03_Rock2-142-D_comp.jams,92232,2,4,2,2,mixed_by_complete_group,2,2,0,0.16363286972045898,0.000929229601752013
54955,0,03_Rock2-142-D_comp.jams,94013,2,2,2,2,keep,2,2,0,0.4052671194076538,0.3961714506149292
54963,0,03_Rock2-142-D_comp.jams,110027,2,2,2,2,keep,2,2,0,0.46936893463134766,0.37751641869544983
54969,0,03_Rock2-142-D_comp.jams,130995,0,2,2,2,keep,2,2,0,0.3431956171989441,0.3786725699901581
54974,0,03_Rock2-142-D_comp.jams,149148,2,4,2,2,local_rates_favor_correction_for_all_groups,2,2,0,0.2684500813484192,0.08467396348714828
54983,0,03_Rock2-142-D_comp.jams,167480,2,2,2,2,keep,2,2,0,0.4222831428050995,0.31351011991500854
54992,0,03_Rock2-142-D_comp.jams,186724,1,2,3,3,local_rates_favor_correction_for_all_groups,3,3,0,0.3931698799133301,0.21265237033367157
54997,0,03_Rock2-142-D_comp.jams,196641,2,3,3,2,keep,3,2,0,0.387361615896225,0.3098364770412445
55006,0,03_Rock2-142-D_comp.jams,224349,3,4,4,3,keep,4,3,0,0.4968540072441101,0.3412148952484131
55010,0,03_Rock2-142-D_comp.jams,244164,2,2,2,2,keep,2,2,0,0.5203512907028198,0.5624592304229736
55012,0,03_Rock2-142-D_comp.jams,252253,2,2,2,2,keep,2,2,0,0.5016071200370789,0.3420362174510956
55013,0,03_Rock2-142-D_comp.jams,254127,1,2,2,2,keep,2,2,0,0.5206357836723328,0.543871283531189
55029,0,03_Rock2-142-D_comp.jams,317310,3,3,3,3,keep,3,3,0,0.4634353518486023,0.3428056836128235
55033,0,03_Rock2-142-D_comp.jams,326689,1,2,2,3,keep,2,3,0,0.3071445822715759,0.0030004747677594423
55035,0,03_Rock2-142-D_comp.jams,336888,2,2,2,2,keep,2,2,0,0.446621835231781,0.5298008918762207
55039,0,03_Rock2-142-D_comp.jams,346636,3,4,4,3,keep,3,3,1,0.32748231291770935,0.2920457124710083
55044,0,03_Rock2-142-D_comp.jams,374076,3,4,4,2,keep,2,4,0,0.34841370582580566,0.37809181213378906
55045,0,03_Rock2-142-D_comp.jams,375913,2,2,2,2,keep,2,2,0,0.28708136081695557,0.15724100172519684
55051,0,03_Rock2-142-D_comp.jams,387968,0,2,2,2,keep,2,2,0,0.06141200289130211,0.034087393432855606
55054,0,03_Rock2-142-D_comp.jams,400226,2,4,2,2,local_rates_favor_correction_for_all_groups,2,2,0,0.08894643932580948,0.023254653438925743
55055,0,03_Rock2-142-D_comp.jams,402121,3,2,2,2,keep,2,2,0,0.3004341125488281,0.2533973455429077
55063,0,03_Rock2-142-D_comp.jams,419320,2,2,3,2,mixed_by_complete_group,2,2,1,0.3949889838695526,0.44566357135772705
55067,0,03_Rock2-142-D_comp.jams,438612,1,2,2,3,keep,2,3,0,0.18767143785953522,0.00031341411522589624
55069,0,03_Rock2-142-D_comp.jams,448282,4,4,3,4,mixed_by_complete_group,3,4,0,0.37217527627944946,0.45790353417396545
55077,0,03_Rock2-142-D_comp.jams,464772,1,2,3,3,local_rates_favor_regression_for_all_groups,3,3,0,0.3632769286632538,0.30582210421562195
55078,0,03_Rock2-142-D_comp.jams,466714,4,2,3,3,mixed_by_complete_group,3,3,0,0.32179567217826843,0.2221369445323944
55087,0,03_Rock2-142-D_comp.jams,485295,3,2,2,2,keep,2,2,0,0.3639259338378906,0.3829599618911743
55096,0,03_Rock2-142-D_comp.jams,512254,3,3,3,3,keep,3,3,0,0.49541717767715454,0.3633897602558136
55109,0,03_Rock2-142-D_comp.jams,550265,1,2,2,2,keep,2,2,0,0.2267434448003769,0.36197394132614136
55110,0,03_Rock2-142-D_comp.jams,558563,3,4,4,4,keep,4,4,0,0.4693587124347687,0.6350719928741455
55115,0,03_Rock2-142-D_comp.jams,567796,2,2,2,2,keep,2,2,0,0.37640485167503357,0.4061661958694458
55120,0,03_Rock2-142-D_comp.jams,587046,1,2,3,3,local_rates_favor_regression_for_all_groups,3,3,0,0.17486929893493652,0.16318225860595703
55123,0,03_Rock2-142-D_comp.jams,595934,3,3,3,3,keep,3,3,0,0.4069294333457947,0.45911407470703125
55129,0,03_Rock2-142-D_comp.jams,614439,2,2,2,3,keep,2,3,0,0.3862708508968353,0.19963625073432922
55130,0,03_Rock2-142-D_comp.jams,616289,3,2,2,3,keep,2,3,0,0.30815643072128296,0.09256607294082642
55137,0,03_Rock2-142-D_comp.jams,633110,2,2,2,2,keep,2,2,0,0.36914730072021484,0.2783222198486328
55145,0,03_Rock2-142-D_comp.jams,652740,2,3,3,2,keep,3,2,0,0.42881837487220764,0.18910734355449677
55148,0,03_Rock2-142-D_comp.jams,661931,3,4,4,4,keep,4,3,0,0.4113880693912506,0.4064083695411682
55156,0,03_Rock2-142-D_comp.jams,681191,4,4,4,3,keep,4,3,0,0.5015199780464172,0.38952529430389404
55168,0,03_Rock2-142-D_comp.jams,706454,1,2,2,2,keep,2,2,0,0.18315206468105316,0.11474207043647766
55169,0,03_Rock2-142-D_comp.jams,708314,3,3,5,5,local_rates_favor_correction_for_all_groups,5,5,0,0.24688027799129486,0.16954365372657776
55182,0,03_Rock2-142-D_comp.jams,754848,1,3,2,2,mixed_by_complete_group,2,2,0,0.26428863406181335,0.24872557818889618
55186,0,03_Rock2-142-D_comp.jams,763502,1,2,2,2,keep,2,2,0,0.4101026654243469,0.43789833784103394
55194,0,03_Rock2-142-D_comp.jams,781936,3,2,2,2,keep,2,2,0,0.43787580728530884,0.31808578968048096
55199,0,03_Rock2-142-D_comp.jams,792496,3,3,2,2,local_rates_favor_regression_for_all_groups,2,2,0,0.3824816644191742,0.25385987758636475
55205,0,03_Rock2-142-D_comp.jams,810283,2,2,2,2,keep,2,2,0,0.609983503818512,0.7633839845657349
55211,0,03_Rock2-142-D_comp.jams,829656,2,4,4,4,keep,4,4,0,0.6450612545013428,0.845891535282135
55217,0,03_Rock2-142-D_comp.jams,842066,0,2,2,2,keep,2,2,0,0.03758201375603676,0.02775495871901512
55218,0,03_Rock2-142-D_comp.jams,849407,2,2,2,2,keep,2,2,0,0.35534051060676575,0.3824390172958374
55222,0,03_Rock2-142-D_comp.jams,858654,1,2,2,2,keep,2,2,0,0.42369362711906433,0.48613256216049194
55226,0,03_Rock2-142-D_comp.jams,867696,2,3,3,3,keep,3,3,0,0.4261869490146637,0.36704909801483154
55229,0,03_Rock2-142-D_comp.jams,878364,1,2,2,2,keep,2,2,0,0.2344772070646286,0.22196590900421143
55232,0,03_Rock2-142-D_comp.jams,895815,2,3,3,3,keep,3,3,0,0.6585209369659424,0.7212895750999451
55234,0,03_Rock2-142-D_comp.jams,914924,4,4,4,4,keep,4,4,0,0.7152382731437683,0.7562402486801147
55243,0,03_Rock2-142-D_comp.jams,932716,1,2,2,2,keep,2,2,0,0.18203963339328766,0.138615220785141
55247,0,03_Rock2-142-D_comp.jams,941877,3,2,2,2,keep,2,3,0,0.7894762754440308,0.4065319001674652
55250,0,03_Rock2-142-D_comp.jams,960134,3,3,3,2,keep,3,2,0,0.6507003903388977,0.2286236733198166
55251,0,03_Rock2-142-D_comp.jams,962066,1,2,2,2,keep,2,2,0,0.34695127606391907,0.3061262369155884
55256,0,03_Rock2-142-D_comp.jams,979876,3,3,2,4,local_rates_favor_correction_for_all_groups,4,2,0,0.23108306527137756,0.0802970826625824
55257,0,03_Rock2-142-D_comp.jams,981830,0,2,2,2,keep,2,2,0,0.1682252734899521,0.1856933832168579
55268,0,03_Rock2-142-D_comp.jams,1005817,2,4,3,3,mixed_by_complete_group,3,3,0,0.18977829813957214,0.04900648072361946
55269,0,03_Rock2-142-D_comp.jams,1007697,2,2,2,2,keep,2,2,0,0.2740829288959503,0.2816028594970703
55278,0,03_Rock2-142-D_comp.jams,1025812,2,3,3,3,keep,3,3,0,0.25479552149772644,0.12428466975688934
55282,0,03_Rock2-142-D_comp.jams,1043262,3,4,4,3,keep,4,3,0,0.4692043364048004,0.337398499250412
55292,0,03_Rock2-142-D_comp.jams,1061391,4,3,2,2,mixed_by_complete_group,2,2,0,0.240118145942688,0.0647825226187706
55293,0,03_Rock2-142-D_comp.jams,1063161,1,2,2,2,keep,2,2,0,0.4374784231185913,0.6441113352775574
55298,0,03_Rock2-142-D_comp.jams,1072129,1,2,2,2,keep,2,2,0,0.4197254776954651,0.645431637763977
55307,0,03_Rock2-142-D_comp.jams,1090303,1,2,2,2,keep,2,2,0,0.5509331822395325,0.2819138467311859
55308,0,03_Rock2-142-D_comp.jams,1092075,4,2,2,2,keep,2,2,0,0.44392475485801697,0.48941126465797424
55312,0,03_Rock2-142-D_comp.jams,1100709,3,2,2,3,keep,2,3,0,0.26400700211524963,0.032741956412792206
55315,0,03_Rock2-142-D_comp.jams,1110183,4,3,3,3,keep,3,3,0,0.41783055663108826,0.5182198882102966
55325,0,03_Rock2-142-D_comp.jams,1130058,3,3,3,3,keep,3,3,0,0.2750718593597412,0.3988569676876068
55329,0,03_Rock2-142-D_comp.jams,1137539,1,2,2,2,keep,2,2,0,0.5091511607170105,0.5009769797325134
55330,0,03_Rock2-142-D_comp.jams,1139767,3,3,3,3,keep,3,3,0,0.4531833231449127,0.4810830056667328
55336,0,03_Rock2-142-D_comp.jams,1154422,1,2,2,2,keep,2,2,0,0.20981943607330322,0.17769752442836761
55337,0,03_Rock2-142-D_comp.jams,1156540,4,2,3,2,mixed_by_complete_group,3,2,0,0.3790684640407562,0.47459086775779724
55346,0,03_Rock2-142-D_comp.jams,1174729,5,4,4,4,keep,4,4,0,0.5247445106506348,0.609914243221283
55470,0,03_Rock2-142-D_solo.jams,1156810,1,2,2,3,keep,2,3,0,0.22888846695423126,0.0006537872250191867
56871,0,03_Rock3-148-C_comp.jams,18388,4,4,3,3,mixed_by_complete_group,4,3,1,0.39930471777915955,0.3424915373325348
56880,0,03_Rock3-148-C_comp.jams,35607,3,2,2,2,keep,2,2,0,0.3056061863899231,0.48404064774513245
56885,0,03_Rock3-148-C_comp.jams,46592,2,2,2,2,keep,2,2,0,0.37591731548309326,0.28624072670936584
56888,0,03_Rock3-148-C_comp.jams,52982,2,2,2,3,keep,2,3,0,0.2270272672176361,0.031773049384355545
56895,0,03_Rock3-148-C_comp.jams,71131,2,3,2,2,mixed_by_complete_group,2,2,0,0.246925950050354,0.15500888228416443
56896,0,03_Rock3-148-C_comp.jams,72918,3,2,3,2,mixed_by_complete_group,3,3,0,0.450067937374115,0.4774373471736908
56906,0,03_Rock3-148-C_comp.jams,98850,4,2,2,2,keep,2,2,0,0.42325419187545776,0.5007684826850891
56907,0,03_Rock3-148-C_comp.jams,100844,1,2,2,2,keep,2,2,0,0.5070675015449524,0.3689883351325989
56915,0,03_Rock3-148-C_comp.jams,117319,2,3,3,3,keep,3,3,0,0.33181026577949524,0.5085238814353943
56919,0,03_Rock3-148-C_comp.jams,125202,4,3,2,3,mixed_by_complete_group,3,3,0,0.31622952222824097,0.4979472756385803
56930,0,03_Rock3-148-C_comp.jams,159757,4,3,3,4,keep,3,4,0,0.5043200254440308,0.33908212184906006
56939,0,03_Rock3-148-C_comp.jams,178878,3,2,2,2,keep,2,2,0,0.28951457142829895,0.5328966379165649
56943,0,03_Rock3-148-C_comp.jams,188303,2,2,2,3,keep,2,2,0,0.3396201431751251,0.2724512219429016
56947,0,03_Rock3-148-C_comp.jams,196691,3,2,2,2,keep,2,2,0,0.39388683438301086,0.19175787270069122
56950,0,03_Rock3-148-C_comp.jams,206178,2,2,2,2,keep,2,2,0,0.4010241627693176,0.2299252301454544
56954,0,03_Rock3-148-C_comp.jams,214890,3,3,3,3,keep,3,2,0,0.44537192583084106,0.3328847289085388
56965,0,03_Rock3-148-C_comp.jams,240172,2,2,2,2,keep,2,2,0,0.13206373155117035,0.07597131282091141
56966,0,03_Rock3-148-C_comp.jams,242362,3,4,4,4,keep,4,4,0,0.4505561888217926,0.5634762644767761
56974,0,03_Rock3-148-C_comp.jams,257806,2,2,2,2,keep,2,2,0,0.42176151275634766,0.17735497653484344
56978,0,03_Rock3-148-C_comp.jams,266733,2,3,4,4,local_rates_favor_regression_for_all_groups,4,4,0,0.11988289654254913,0.10266543179750443
56979,0,03_Rock3-148-C_comp.jams,268742,2,2,2,2,keep,2,2,0,0.058264050632715225,0.04328451305627823
56984,0,03_Rock3-148-C_comp.jams,284000,1,2,2,2,keep,2,3,0,0.3475276529788971,0.03662628307938576
56993,0,03_Rock3-148-C_comp.jams,302608,2,4,3,3,mixed_by_complete_group,4,3,0,0.368619441986084,0.2554081976413727
56994,0,03_Rock3-148-C_comp.jams,304506,2,2,2,2,keep,2,2,0,0.09707281738519669,0.05339925363659859
57002,0,03_Rock3-148-C_comp.jams,320536,2,2,2,2,keep,2,2,0,0.28921055793762207,0.21666072309017181
57007,0,03_Rock3-148-C_comp.jams,331475,2,3,3,3,keep,3,3,0,0.3073227107524872,0.3954145908355713
57010,0,03_Rock3-148-C_comp.jams,339228,2,2,5,3,local_rates_favor_regression_for_all_groups,3,5,0,0.1910839080810547,0.176573246717453
57011,0,03_Rock3-148-C_comp.jams,341530,2,2,2,2,keep,2,2,0,0.08192288130521774,0.05107098072767258
57012,0,03_Rock3-148-C_comp.jams,343429,0,2,2,2,keep,2,2,0,0.0023037383798509836,0.002261000918224454
57018,0,03_Rock3-148-C_comp.jams,357120,3,4,2,2,mixed_by_complete_group,2,2,0,0.2508457601070404,0.2559177875518799
57022,0,03_Rock3-148-C_comp.jams,367337,2,2,2,2,keep,2,2,0,0.3864181637763977,0.3567602038383484
57028,0,03_Rock3-148-C_comp.jams,384805,3,4,3,4,mixed_by_complete_group,4,4,-1,0.4447510838508606,0.5120212435722351
57029,0,03_Rock3-148-C_comp.jams,386676,2,2,3,3,local_rates_favor_regression_for_all_groups,3,3,0,0.25558793544769287,0.2445627897977829
57037,0,03_Rock3-148-C_comp.jams,403318,3,2,2,2,keep,2,2,0,0.3253508508205414,0.2895696759223938
57040,0,03_Rock3-148-C_comp.jams,411041,1,2,2,2,keep,2,2,0,0.3368315100669861,0.06972270458936691
57046,0,03_Rock3-148-C_comp.jams,429650,2,4,4,4,keep,4,4,0,0.561026930809021,0.562772274017334
57053,0,03_Rock3-148-C_comp.jams,445366,1,2,2,2,keep,2,2,0,0.19628223776817322,0.14306138455867767
57054,0,03_Rock3-148-C_comp.jams,447149,3,3,5,5,mixed_by_complete_group,5,5,0,0.2311253696680069,0.13968299329280853
57062,0,03_Rock3-148-C_comp.jams,463859,1,2,2,2,keep,2,2,0,0.3519338369369507,0.3662847876548767
57063,0,03_Rock3-148-C_comp.jams,465747,2,2,2,2,keep,2,2,0,0.25957614183425903,0.2445172518491745
57067,0,03_Rock3-148-C_comp.jams,473397,1,2,2,2,keep,2,2,0,0.4758734703063965,0.5025347471237183
57068,0,03_Rock3-148-C_comp.jams,475770,2,2,2,2,keep,2,2,0,0.09022257477045059,0.0676751360297203
57071,0,03_Rock3-148-C_comp.jams,482855,2,3,2,2,local_rates_favor_correction_for_all_groups,2,2,0,0.10217686742544174,0.046443402767181396
57074,0,03_Rock3-148-C_comp.jams,490690,0,2,2,2,keep,2,2,0,0.12552504241466522,0.05973087251186371
57079,0,03_Rock3-148-C_comp.jams,500542,3,3,2,2,local_rates_favor_correction_for_all_groups,2,2,0,0.375540554523468,0.2297758013010025
57080,0,03_Rock3-148-C_comp.jams,502396,2,2,2,2,keep,2,2,0,0.15997478365898132,0.11737369745969772
57093,0,03_Rock3-148-C_comp.jams,528445,4,3,3,3,keep,3,3,0,0.24630597233772278,0.21803291141986847
57107,0,03_Rock3-148-C_comp.jams,554979,4,4,3,4,mixed_by_complete_group,3,4,0,0.25744715332984924,0.3295823931694031
57113,0,03_Rock3-148-C_comp.jams,572499,2,2,2,2,keep,2,2,0,0.43791696429252625,0.3912009000778198
57119,0,03_Rock3-148-C_comp.jams,588818,3,2,2,2,keep,2,2,0,0.423198401927948,0.3960784077644348
57120,0,03_Rock3-148-C_comp.jams,590634,2,3,4,4,local_rates_favor_regression_for_all_groups,4,4,0,0.184979647397995,0.17726066708564758
57128,0,03_Rock3-148-C_comp.jams,608363,3,3,5,5,mixed_by_complete_group,5,5,0,0.23586298525333405,0.22765342891216278
57136,0,03_Rock3-148-C_comp.jams,625816,3,3,3,3,keep,3,2,0,0.20663337409496307,0.17963969707489014
57140,0,03_Rock3-148-C_comp.jams,634584,1,2,2,2,keep,2,2,0,0.575793981552124,0.6092159748077393
57142,0,03_Rock3-148-C_comp.jams,643797,4,3,4,4,mixed_by_complete_group,4,4,0,0.23899976909160614,0.32697200775146484
57143,0,03_Rock3-148-C_comp.jams,645711,2,2,2,2,keep,2,2,0,0.1737169325351715,0.08603344112634659
57151,0,03_Rock3-148-C_comp.jams,660706,2,2,2,2,keep,2,2,0,0.32283535599708557,0.24028262495994568
57157,0,03_Rock3-148-C_comp.jams,671840,4,3,3,3,keep,3,3,0,0.39892908930778503,0.26291972398757935
57164,0,03_Rock3-148-C_comp.jams,688062,2,2,2,2,keep,2,2,0,0.18527363240718842,0.20043931901454926
57168,0,03_Rock3-148-C_comp.jams,696703,4,2,2,2,keep,2,2,0,0.3705326020717621,0.6167811751365662
57179,0,03_Rock3-148-C_comp.jams,731377,3,4,3,4,mixed_by_complete_group,3,4,0,0.4064706563949585,0.5680987238883972
57180,0,03_Rock3-148-C_comp.jams,733167,1,2,2,2,keep,2,2,0,0.1237913966178894,0.06205800175666809
57188,0,03_Rock3-148-C_comp.jams,750281,3,3,2,3,mixed_by_complete_group,3,3,1,0.29459917545318604,0.38590601086616516
57190,0,03_Rock3-148-C_comp.jams,754784,0,2,2,2,keep,2,2,0,0.02821728028357029,0.014796774834394455
57191,0,03_Rock3-148-C_comp.jams,757180,1,2,2,2,keep,2,2,0,0.09993311017751694,0.06039104610681534
57192,0,03_Rock3-148-C_comp.jams,759579,2,2,2,2,keep,2,2,0,0.3695962429046631,0.5072125196456909
57196,0,03_Rock3-148-C_comp.jams,768410,2,2,2,2,keep,2,2,0,0.33203959465026855,0.5668613910675049
57200,0,03_Rock3-148-C_comp.jams,778593,2,2,2,2,keep,2,2,0,0.4794995188713074,0.11667884141206741
57203,0,03_Rock3-148-C_comp.jams,786690,4,3,2,2,local_rates_favor_regression_for_all_groups,3,2,0,0.4553508162498474,0.30090540647506714
57214,0,03_Rock3-148-C_comp.jams,813929,4,3,4,4,mixed_by_complete_group,4,4,0,0.24178728461265564,0.3183923661708832
57223,0,03_Rock3-148-C_comp.jams,832400,1,2,2,2,keep,2,2,0,0.187593013048172,0.1585584282875061
57227,0,03_Rock3-148-C_comp.jams,841098,3,2,3,3,mixed_by_complete_group,3,3,0,0.21642643213272095,0.06724540144205093
57231,0,03_Rock3-148-C_comp.jams,850637,2,2,2,2,keep,2,2,0,0.10051947832107544,0.07138089835643768
57233,0,03_Rock3-148-C_comp.jams,856608,1,2,2,2,keep,2,2,0,0.3431568443775177,0.2990725040435791
57241,0,03_Rock3-148-C_comp.jams,874615,1,4,2,2,local_rates_favor_correction_for_all_groups,2,2,0,0.05013084039092064,0.00217952742241323
57242,0,03_Rock3-148-C_comp.jams,876609,3,3,3,3,keep,3,3,0,0.19790299236774445,0.10894650220870972
57250,0,03_Rock3-148-C_comp.jams,892769,1,3,2,2,mixed_by_complete_group,2,2,0,0.13870903849601746,0.10041916370391846
57251,0,03_Rock3-148-C_comp.jams,894770,3,2,2,2,keep,2,2,0,0.23830799758434296,0.19694238901138306
57255,0,03_Rock3-148-C_comp.jams,904141,2,3,2,2,mixed_by_complete_group,2,2,0,0.1254400759935379,0.10332325845956802
57259,0,03_Rock3-148-C_comp.jams,912212,3,4,5,4,local_rates_favor_correction_for_all_groups,5,5,0,0.32447415590286255,0.39219385385513306
57264,0,03_Rock3-148-C_comp.jams,922545,1,2,2,2,keep,2,2,0,0.14305196702480316,0.12403906136751175
57267,0,03_Rock3-148-C_comp.jams,929638,3,3,2,2,local_rates_favor_correction_for_all_groups,2,2,0,0.172517791390419,0.12730495631694794
57272,0,03_Rock3-148-C_comp.jams,940038,3,2,2,2,keep,2,2,0,0.4159570038318634,0.3651748597621918
57277,0,03_Rock3-148-C_comp.jams,958332,4,4,4,4,keep,4,4,0,0.5101036429405212,0.6832438707351685
57286,0,03_Rock3-148-C_comp.jams,976090,2,2,2,2,keep,2,2,0,0.09858927875757217,0.06196058541536331
57290,0,03_Rock3-148-C_comp.jams,984475,3,2,2,2,keep,2,2,0,0.3031248450279236,0.7024057507514954
57295,0,03_Rock3-148-C_comp.jams,1001085,3,2,3,3,mixed_by_complete_group,3,3,0,0.483781099319458,0.34387314319610596
57301,0,03_Rock3-148-C_comp.jams,1018757,3,4,3,3,mixed_by_complete_group,4,3,-1,0.2802243232727051,0.19055624306201935
57310,0,03_Rock3-148-C_comp.jams,1037408,4,4,5,5,local_rates_favor_correction_for_all_groups,4,5,1,0.2926647961139679,0.2536442279815674
57315,0,03_Rock3-148-C_comp.jams,1047087,2,2,2,2,keep,2,2,0,0.2106570303440094,0.23144595324993134
57320,0,03_Rock3-148-C_comp.jams,1063899,1,3,3,2,keep,3,2,0,0.4582969546318054,0.15428532660007477
57324,0,03_Rock3-148-C_comp.jams,1072184,3,3,2,2,mixed_by_complete_group,2,2,0,0.3167943060398102,0.22903764247894287
57325,0,03_Rock3-148-C_comp.jams,1073978,3,2,3,3,local_rates_favor_regression_for_all_groups,3,3,0,0.29784607887268066,0.26392093300819397
57330,0,03_Rock3-148-C_comp.jams,1083377,1,2,2,2,keep,2,2,0,0.09212789684534073,0.08820945024490356
57338,0,03_Rock3-148-C_comp.jams,1099879,4,4,4,5,keep,5,5,-1,0.3193497061729431,0.20780229568481445
57353,0,03_Rock3-148-C_comp.jams,1139823,0,2,2,2,keep,2,2,0,0.22774849832057953,0.3993930518627167
57360,0,03_Rock3-148-C_solo.jams,65081,0,2,2,2,keep,2,2,0,0.09250492602586746,0.12486059963703156
57376,0,03_Rock3-148-C_solo.jams,250868,1,2,2,2,keep,2,2,0,0.013048584572970867,0.08303120732307434
57451,0,03_SS1-68-E_comp.jams,3360,2,3,2,2,mixed_by_complete_group,2,2,0,0.2569330334663391,0.1824008673429489
57465,0,03_SS1-68-E_comp.jams,41342,2,4,2,2,mixed_by_complete_group,2,2,0,0.07116089016199112,0.013110456988215446
57476,0,03_SS1-68-E_comp.jams,67061,2,2,2,2,keep,2,2,0,0.19566753506660461,0.19625899195671082
57479,0,03_SS1-68-E_comp.jams,79071,4,3,2,2,mixed_by_complete_group,2,2,0,0.32404273748397827,0.25093144178390503
57490,0,03_SS1-68-E_comp.jams,103067,2,2,2,2,keep,2,2,0,0.2959805130958557,0.33188849687576294
57491,0,03_SS1-68-E_comp.jams,104962,0,2,2,2,keep,2,2,0,0.4159224331378937,0.36193227767944336
57496,0,03_SS1-68-E_comp.jams,118301,3,3,2,3,mixed_by_complete_group,2,3,0,0.24872075021266937,0.37525439262390137
57500,0,03_SS1-68-E_comp.jams,127711,0,2,2,2,keep,2,2,0,0.17515744268894196,0.12150488793849945
57502,0,03_SS1-68-E_comp.jams,131491,1,2,2,2,keep,2,2,0,0.15638254582881927,0.12568306922912598
57505,0,03_SS1-68-E_comp.jams,138199,0,3,2,2,mixed_by_complete_group,2,2,0,0.009570014663040638,0.003304518526419997
57512,0,03_SS1-68-E_comp.jams,155881,3,3,2,2,local_rates_favor_correction_for_all_groups,2,2,0,0.25763455033302307,0.19410309195518494
57523,0,03_SS1-68-E_comp.jams,180000,1,2,2,2,keep,2,2,0,0.47179341316223145,0.41262659430503845
57529,0,03_SS1-68-E_comp.jams,193810,2,3,2,2,mixed_by_complete_group,2,2,0,0.19243372976779938,0.2912246286869049
57535,0,03_SS1-68-E_comp.jams,206837,2,2,2,2,keep,2,2,0,0.2763095200061798,0.20736278593540192
57546,0,03_SS1-68-E_comp.jams,233622,3,2,2,2,keep,2,2,0,0.5381273627281189,0.42990484833717346
57551,0,03_SS1-68-E_comp.jams,243917,0,2,2,2,keep,2,2,0,0.09302030503749847,0.11907120048999786
57564,0,03_SS1-68-E_comp.jams,272658,2,2,2,2,keep,2,2,0,0.1696803718805313,0.16286258399486542
57575,0,03_SS1-68-E_comp.jams,298476,1,3,3,2,keep,3,2,0,0.3327978849411011,0.24546468257904053
57592,0,03_SS1-68-E_comp.jams,336473,2,2,2,2,keep,2,2,0,0.4413423240184784,0.3170616924762726
57597,0,03_SS1-68-E_comp.jams,346997,0,2,2,2,keep,2,2,0,0.028847333043813705,0.01776214689016342
57599,0,03_SS1-68-E_comp.jams,351263,2,2,2,2,keep,2,2,0,0.4114442467689514,0.45837488770484924
57602,0,03_SS1-68-E_comp.jams,357866,0,2,2,2,keep,2,2,0,0.1286783218383789,0.11987520009279251
57605,0,03_SS1-68-E_comp.jams,364175,2,2,2,3,keep,2,3,0,0.3821159601211548,0.13222143054008484
57615,0,03_SS1-68-E_comp.jams,389564,2,2,2,3,keep,2,3,0,0.33497968316078186,0.2319342941045761
57625,0,03_SS1-68-E_comp.jams,410754,0,2,2,2,keep,2,2,0,0.0634102150797844,0.050198402255773544
57632,0,03_SS1-68-E_comp.jams,429740,2,4,2,2,mixed_by_complete_group,2,2,0,0.15786947309970856,0.0623009167611599
57637,0,03_SS1-68-E_comp.jams,442396,1,2,2,2,keep,2,2,0,0.288758248090744,0.2704070210456848
57642,0,03_SS1-68-E_comp.jams,454159,2,2,2,2,keep,2,2,0,0.24206660687923431,0.22258782386779785
57647,0,03_SS1-68-E_comp.jams,467132,3,2,2,2,keep,2,2,0,0.44931697845458984,0.494523823261261
57659,0,03_SS1-68-E_comp.jams,493894,2,2,2,2,keep,2,2,0,0.3909165859222412,0.3504190444946289
57664,0,03_SS1-68-E_comp.jams,504677,1,2,2,2,keep,2,2,0,0.20937480032444,0.1779739260673523
57665,0,03_SS1-68-E_comp.jams,506472,1,2,2,2,keep,2,2,0,0.1847670078277588,0.1640707552433014
57670,0,03_SS1-68-E_comp.jams,518991,2,2,2,2,keep,2,2,0,0.22770017385482788,0.22170063853263855
57677,0,03_SS1-68-E_comp.jams,539464,0,3,3,3,keep,3,3,0,0.01943843439221382,0.002644650638103485
57679,0,03_SS1-68-E_comp.jams,544665,3,2,2,2,keep,2,2,0,0.5226128101348877,0.4711417853832245
57692,0,03_SS1-68-E_comp.jams,571686,2,2,2,2,keep,2,2,0,0.32850560545921326,0.3328450620174408
57707,0,03_SS1-68-E_comp.jams,609197,1,2,2,2,keep,2,2,0,0.16644838452339172,0.1589464396238327
57713,0,03_SS1-68-E_comp.jams,621362,1,2,2,2,keep,2,2,0,0.21997416019439697,0.1663154512643814
57714,0,03_SS1-68-E_comp.jams,623172,2,2,2,2,keep,2,2,0,0.5032368898391724,0.5451695322990417
57718,0,03_SS1-68-E_comp.jams,651461,2,3,2,3,mixed_by_complete_group,2,3,0,0.19915170967578888,0.37638312578201294
57738,0,03_SS1-68-E_comp.jams,701629,3,4,3,3,mixed_by_complete_group,3,3,0,0.3073881268501282,0.31329381465911865
57750,0,03_SS1-68-E_comp.jams,728454,2,2,2,2,keep,2,2,0,0.38443082571029663,0.30943816900253296
57755,0,03_SS1-68-E_comp.jams,741777,3,3,2,3,mixed_by_complete_group,3,2,1,0.3824866712093353,0.36434119939804077
57759,0,03_SS1-68-E_comp.jams,753187,0,2,2,2,keep,2,2,0,0.3353879153728485,0.3519166111946106
57760,0,03_SS1-68-E_comp.jams,755128,1,2,2,2,keep,2,2,0,0.060128699988126755,0.0744103267788887
57769,0,03_SS1-68-E_comp.jams,778949,2,3,3,3,keep,3,3,0,0.33100584149360657,0.2126643806695938
57770,0,03_SS1-68-E_comp.jams,780855,1,2,2,2,keep,2,2,0,0.13560044765472412,0.08573120087385178
57776,0,03_SS1-68-E_comp.jams,793487,0,3,3,2,keep,3,2,0,0.001982427202165127,5.307716151037312e-07
57779,0,03_SS1-68-E_comp.jams,805918,3,3,4,4,local_rates_favor_regression_for_all_groups,4,4,0,0.2212928682565689,0.10977920144796371
57784,0,03_SS1-68-E_comp.jams,819109,3,2,3,2,mixed_by_complete_group,2,2,-1,0.35040056705474854,0.43972036242485046
57791,0,03_SS1-68-E_comp.jams,833495,1,2,2,2,keep,2,2,0,0.22058723866939545,0.2101055532693863
57794,0,03_SS1-68-E_comp.jams,842848,1,2,2,2,keep,2,2,0,0.20642253756523132,0.18270166218280792
57800,0,03_SS1-68-E_comp.jams,857094,2,2,2,2,keep,2,2,0,0.31132110953330994,0.21814143657684326
57801,0,03_SS1-68-E_comp.jams,858978,2,2,2,2,keep,2,2,0,0.27397945523262024,0.16625970602035522
57808,0,03_SS1-68-E_comp.jams,874291,0,2,2,2,keep,2,2,0,0.010609614662826061,0.013343214988708496
57812,0,03_SS1-68-E_comp.jams,882380,1,2,2,2,keep,2,2,0,0.24603739380836487,0.16578075289726257
57818,0,03_SS1-68-E_comp.jams,896184,2,2,2,3,keep,3,3,-1,0.3781752586364746,0.17274422943592072
57823,0,03_SS1-68-E_comp.jams,909658,2,2,2,2,keep,2,2,0,0.28870734572410583,0.23284092545509338
57824,0,03_SS1-68-E_comp.jams,911834,0,2,2,2,keep,2,2,0,0.04532601311802864,0.03691006824374199
57828,0,03_SS1-68-E_comp.jams,920857,2,2,2,2,keep,2,2,0,0.44900208711624146,0.42864200472831726
57831,0,03_SS1-68-E_comp.jams,933955,3,2,2,2,keep,2,2,0,0.5258409976959229,0.4543626010417938
57843,0,03_SS1-68-E_comp.jams,959595,3,3,2,2,mixed_by_complete_group,2,2,0,0.2975451648235321,0.29032689332962036
57848,0,03_SS1-68-E_comp.jams,972932,2,3,3,2,keep,3,3,0,0.3426445722579956,0.2989109456539154
57858,0,03_SS1-68-E_comp.jams,999255,1,2,2,2,keep,2,2,0,0.18717582523822784,0.16768406331539154
57863,0,03_SS1-68-E_comp.jams,1012818,3,3,2,3,mixed_by_complete_group,2,3,0,0.2569611370563507,0.4238758385181427
57873,0,03_SS1-68-E_comp.jams,1039968,1,3,2,2,mixed_by_complete_group,2,2,0,0.30403563380241394,0.28689903020858765
57881,0,03_SS1-68-E_comp.jams,1066700,2,2,2,2,keep,3,2,-1,0.41504326462745667,0.9105519652366638
57891,0,03_SS1-68-E_comp.jams,1092236,3,3,3,3,keep,3,3,0,0.37677645683288574,0.516940712928772
57902,0,03_SS1-68-E_comp.jams,1115556,1,2,2,2,keep,2,2,0,0.407329261302948,0.36746716499328613
57907,0,03_SS1-68-E_comp.jams,1126194,0,2,2,2,keep,2,2,0,0.025987911969423294,0.03981323167681694
57908,0,03_SS1-68-E_comp.jams,1129289,2,4,2,2,mixed_by_complete_group,2,2,0,0.12111733108758926,0.034171123057603836
57911,0,03_SS1-68-E_comp.jams,1143558,2,2,2,2,keep,2,2,0,0.44042593240737915,0.9441536068916321
57921,0,03_SS1-68-E_comp.jams,1168689,2,4,3,2,local_rates_favor_regression_for_all_groups,2,3,1,0.19421610236167908,0.08866354823112488
57932,0,03_SS1-68-E_comp.jams,1193157,2,2,2,2,keep,2,2,0,0.21518029272556305,0.2112010419368744
57937,0,03_SS1-68-E_comp.jams,1206529,2,2,2,2,keep,2,2,0,0.2622133493423462,0.2376391589641571
57939,0,03_SS1-68-E_comp.jams,1219686,1,2,2,2,keep,2,2,0,0.5641031861305237,0.5181488990783691
57945,0,03_SS1-68-E_comp.jams,1245242,1,2,2,2,keep,2,2,0,0.4581255614757538,0.4811898469924927
57952,0,03_SS1-68-E_comp.jams,1258308,1,2,2,3,keep,2,3,0,0.24800825119018555,0.032194383442401886
57955,0,03_SS1-68-E_comp.jams,1284781,1,2,2,2,keep,2,2,0,0.6152241230010986,0.739223062992096
57967,0,03_SS1-68-E_comp.jams,1312529,1,2,2,2,keep,2,2,0,0.3463038206100464,0.39729705452919006
57974,0,03_SS1-68-E_comp.jams,1336681,1,2,2,2,keep,2,2,0,0.3057132661342621,0.22659045457839966
57976,0,03_SS1-68-E_comp.jams,1349715,1,3,2,2,mixed_by_complete_group,2,3,0,0.14499080181121826,0.22915345430374146
57995,0,03_SS1-68-E_comp.jams,1389371,1,2,2,2,keep,2,2,0,0.4133976697921753,0.4010414481163025
58000,0,03_SS1-68-E_comp.jams,1401846,1,2,2,2,keep,2,2,0,0.5021419525146484,0.3785300552845001
58006,0,03_SS1-68-E_comp.jams,1415297,1,2,3,3,local_rates_favor_correction_for_all_groups,3,3,0,0.29946038126945496,0.14470596611499786
58018,0,03_SS1-68-E_comp.jams,1453640,1,2,2,2,keep,2,2,0,0.3091312646865845,0.5606495141983032
58023,0,03_SS1-68-E_comp.jams,1469885,0,2,2,2,keep,2,2,0,0.05023381486535072,0.0537378266453743
58025,0,03_SS1-68-E_comp.jams,1476496,1,2,2,2,keep,2,2,0,0.3558463752269745,0.20037242770195007
58026,0,03_SS1-68-E_comp.jams,1478268,1,2,2,2,keep,2,2,0,0.14787185192108154,0.06718183308839798
58027,0,03_SS1-68-E_comp.jams,1480266,2,2,2,2,keep,2,2,0,0.37699273228645325,0.3019980192184448
58038,0,03_SS1-68-E_comp.jams,1507531,2,3,3,3,keep,3,3,0,0.34749162197113037,0.7019727826118469
58044,0,03_SS1-68-E_comp.jams,1522429,3,3,3,3,keep,3,3,0,0.4217493236064911,0.34432393312454224
58055,0,03_SS1-68-E_comp.jams,1556352,2,3,3,3,keep,3,3,0,0.3959426283836365,0.6205552816390991
58068,0,03_SS1-68-E_comp.jams,1582239,0,3,3,2,keep,3,2,0,0.5012724995613098,0.43533089756965637
58075,0,03_SS1-68-E_comp.jams,1607097,2,2,2,2,keep,2,2,0,0.35423946380615234,0.8693387508392334
58080,0,03_SS1-68-E_comp.jams,1617530,1,2,2,2,keep,2,2,0,0.11166530102491379,0.06367936730384827
58084,0,03_SS1-68-E_comp.jams,1632488,1,3,3,2,keep,3,2,0,0.45114946365356445,0.3387635052204132
58091,0,03_SS1-68-E_comp.jams,1657834,1,2,2,2,keep,2,2,0,0.5833491683006287,0.7176387310028076
58095,0,03_SS1-68-E_comp.jams,1674712,2,4,2,2,mixed_by_complete_group,2,2,0,0.08288276940584183,0.07240381836891174
58101,0,03_SS1-68-E_comp.jams,1688013,2,2,2,2,keep,2,2,0,0.3812624514102936,0.3337891399860382
58107,0,03_SS1-68-E_comp.jams,1700412,1,2,2,2,keep,2,2,0,0.14319951832294464,0.12823961675167084
58112,0,03_SS1-68-E_comp.jams,1713584,2,4,4,2,keep,4,4,0,0.29228755831718445,0.24972312152385712
58124,0,03_SS1-68-E_comp.jams,1738696,1,2,2,2,keep,2,2,0,0.25100600719451904,0.21402087807655334
58140,0,03_SS1-68-E_comp.jams,1779071,1,2,2,2,keep,2,2,0,0.15311570465564728,0.15094183385372162
58144,0,03_SS1-68-E_comp.jams,1788970,2,2,2,2,keep,2,2,0,0.6345323920249939,0.9109118580818176
58156,0,03_SS1-68-E_comp.jams,1817092,1,2,2,2,keep,2,2,0,0.2329557090997696,0.1728091537952423
58163,0,03_SS1-68-E_comp.jams,1831709,2,2,3,2,mixed_by_complete_group,2,2,1,0.3431146442890167,0.49025267362594604
58172,0,03_SS1-68-E_comp.jams,1851929,1,2,2,2,keep,2,2,0,0.3618931472301483,0.30820921063423157
58178,0,03_SS1-68-E_comp.jams,1863620,0,2,2,2,keep,2,2,0,0.1417117565870285,0.1526387482881546
58295,0,03_SS1-68-E_solo.jams,1531992,1,2,2,2,keep,2,2,0,0.10294918715953827,0.24991954863071442
58332,0,03_SS1-68-E_solo.jams,1751134,2,2,2,2,keep,2,2,0,0.08753468841314316,0.04396262764930725
58333,0,03_SS1-68-E_solo.jams,1772360,2,3,2,2,mixed_by_complete_group,2,2,0,0.33082595467567444,0.3001740872859955
58348,0,03_SS1-68-E_solo.jams,1830573,1,2,2,2,keep,2,2,0,0.22148558497428894,0.27147120237350464
61278,0,04_BN2-166-Ab_comp.jams,6,3,2,2,4,keep,2,3,0,0.5225083231925964,0.05558313429355621
61282,0,04_BN2-166-Ab_comp.jams,16272,3,4,4,4,keep,4,4,0,0.39859142899513245,0.47912701964378357
61290,0,04_BN2-166-Ab_comp.jams,39828,3,4,4,4,keep,4,4,0,0.8118747472763062,0.9540871381759644
61293,0,04_BN2-166-Ab_comp.jams,54864,4,4,4,3,keep,3,4,-1,0.3549990653991699,0.3618779182434082
61301,0,04_BN2-166-Ab_comp.jams,72586,4,4,2,2,mixed_by_complete_group,2,2,0,0.09911064058542252,0.12647615373134613
61305,0,04_BN2-166-Ab_comp.jams,87545,4,4,4,4,keep,4,4,0,0.5510578155517578,0.6837232112884521
61309,0,04_BN2-166-Ab_comp.jams,96700,4,4,4,4,keep,4,4,0,0.32443931698799133,0.4480699300765991
61313,0,04_BN2-166-Ab_comp.jams,111559,4,4,4,4,keep,4,4,0,0.6536831855773926,0.8131914734840393
61317,0,04_BN2-166-Ab_comp.jams,125667,3,3,3,3,keep,3,3,0,0.1672055870294571,0.7123719453811646
61322,0,04_BN2-166-Ab_comp.jams,142652,4,4,4,4,keep,4,4,0,0.44733256101608276,0.50701904296875
61333,0,04_BN2-166-Ab_comp.jams,167175,2,2,2,2,keep,2,2,0,0.17047856748104095,0.11856731027364731
61336,0,04_BN2-166-Ab_comp.jams,182920,3,3,3,3,keep,3,3,0,0.5072002410888672,0.7158077359199524
61343,0,04_BN2-166-Ab_comp.jams,213428,2,2,2,2,keep,2,2,0,0.17794625461101532,0.18384279310703278
61344,0,04_BN2-166-Ab_comp.jams,215258,1,2,2,2,keep,3,2,0,0.33563899993896484,0.5255696773529053
61346,0,04_BN2-166-Ab_comp.jams,223312,3,3,3,3,keep,3,3,0,0.35689789056777954,0.40228915214538574
61348,0,04_BN2-166-Ab_comp.jams,237882,2,4,2,3,mixed_by_complete_group,3,2,-1,0.12029389292001724,0.054101310670375824
61352,0,04_BN2-166-Ab_comp.jams,255548,4,4,4,4,keep,4,4,0,0.49836114048957825,0.441866010427475
61356,0,04_BN2-166-Ab_comp.jams,271532,4,4,4,4,keep,4,4,0,0.40529391169548035,0.558135449886322
61364,0,04_BN2-166-Ab_comp.jams,293520,4,4,4,4,keep,4,3,0,0.5847386121749878,0.4075832962989807
61368,0,04_BN2-166-Ab_comp.jams,310270,3,4,4,4,keep,4,4,0,0.6132588386535645,0.6392332911491394
61371,0,04_BN2-166-Ab_comp.jams,326951,3,4,4,3,keep,4,2,0,0.4850464165210724,0.2240041345357895
61376,0,04_BN2-166-Ab_comp.jams,343353,3,4,4,4,keep,4,4,0,0.7447506785392761,0.7466913461685181
61379,0,04_BN2-166-Ab_comp.jams,352178,3,4,2,2,mixed_by_complete_group,2,2,0,0.2827652096748352,0.12208954244852066
61383,0,04_BN2-166-Ab_comp.jams,364742,3,4,4,4,keep,4,4,0,0.1628698706626892,0.5893352627754211
61387,0,04_BN2-166-Ab_comp.jams,381580,4,2,3,3,local_rates_favor_regression_for_all_groups,3,3,0,0.26092058420181274,0.25922614336013794
61391,0,04_BN2-166-Ab_comp.jams,398364,4,4,4,4,keep,4,4,0,0.5546445250511169,0.6726258397102356
61400,0,04_BN2-166-Ab_comp.jams,422218,4,4,3,2,mixed_by_complete_group,2,3,0,0.2689451575279236,0.3152274489402771
61403,0,04_BN2-166-Ab_comp.jams,437310,2,4,4,4,keep,4,4,0,0.4774339497089386,0.5484219789505005
61409,0,04_BN2-166-Ab_comp.jams,452069,2,2,2,2,keep,2,2,0,0.3862179219722748,0.3242291808128357
61416,0,04_BN2-166-Ab_comp.jams,468652,3,2,2,2,keep,2,2,0,0.47747698426246643,0.49821358919143677
61419,0,04_BN2-166-Ab_comp.jams,477627,4,2,2,2,keep,2,2,0,0.22491738200187683,0.1590868979692459
61422,0,04_BN2-166-Ab_comp.jams,492073,4,2,3,3,mixed_by_complete_group,3,3,0,0.3288775682449341,0.12395952641963959
61426,0,04_BN2-166-Ab_comp.jams,508872,4,4,4,3,keep,3,3,-1,0.41093623638153076,0.2061435878276825
61429,0,04_BN2-166-Ab_comp.jams,524687,4,4,4,3,keep,3,3,-1,0.296284019947052,0.23306366801261902
61437,0,04_BN2-166-Ab_comp.jams,550253,4,4,4,4,keep,4,4,0,0.8417505621910095,0.9551675319671631
61440,0,04_BN2-166-Ab_comp.jams,564421,4,4,4,2,keep,4,2,0,0.22960884869098663,0.05451032146811485
61447,0,04_BN2-166-Ab_comp.jams,581277,4,4,4,2,keep,4,2,0,0.40923553705215454,0.213079035282135
61451,0,04_BN2-166-Ab_comp.jams,597904,4,3,4,4,mixed_by_complete_group,4,4,0,0.45642948150634766,0.03321737423539162
61455,0,04_BN2-166-Ab_comp.jams,614770,4,4,4,4,keep,4,4,0,0.6808879971504211,0.5706586241722107
61458,0,04_BN2-166-Ab_comp.jams,631830,2,4,4,4,keep,3,4,0,0.21252542734146118,0.2777004539966583
61463,0,04_BN2-166-Ab_comp.jams,652925,4,3,2,3,local_rates_favor_regression_for_all_groups,2,3,0,0.46325626969337463,0.8442447781562805
61469,0,04_BN2-166-Ab_comp.jams,669754,2,4,2,2,mixed_by_complete_group,2,2,0,0.23203033208847046,0.21957159042358398
61472,0,04_BN2-166-Ab_comp.jams,677989,4,3,2,2,local_rates_favor_correction_for_all_groups,3,2,0,0.2838893532752991,0.17435666918754578
61476,0,04_BN2-166-Ab_comp.jams,692493,3,4,3,3,mixed_by_complete_group,3,3,0,0.3952042758464813,0.4194478392601013
61480,0,04_BN2-166-Ab_comp.jams,707562,4,4,4,4,keep,4,4,0,0.09906766563653946,0.13169172406196594
61486,0,04_BN2-166-Ab_comp.jams,725317,1,2,2,3,keep,2,3,0,0.5183077454566956,0.0422029085457325
61488,0,04_BN2-166-Ab_comp.jams,733027,3,4,3,3,mixed_by_complete_group,3,3,0,0.333210825920105,0.06178247183561325
61491,0,04_BN2-166-Ab_comp.jams,747420,4,2,2,2,keep,2,2,0,0.4253327548503876,0.09652587026357651
61494,0,04_BN2-166-Ab_comp.jams,764738,1,4,2,2,mixed_by_complete_group,4,2,0,0.04285578429698944,0.014987502247095108
61499,0,04_BN2-166-Ab_comp.jams,788199,4,3,2,2,mixed_by_complete_group,2,2,0,0.30107539892196655,0.3006283640861511
61501,0,04_BN2-166-Ab_comp.jams,796345,3,2,2,2,keep,2,2,0,0.46334192156791687,0.3924664258956909
61504,0,04_BN2-166-Ab_comp.jams,805226,4,4,4,3,keep,4,2,0,0.5296845436096191,0.18369461596012115
61509,0,04_BN2-166-Ab_comp.jams,820128,3,4,4,2,keep,4,2,0,0.4127817749977112,0.03773048520088196
61510,0,04_BN2-166-Ab_comp.jams,821984,0,2,2,2,keep,2,2,0,0.2750892639160156,0.16755372285842896
61514,0,04_BN2-166-Ab_comp.jams,836775,3,2,3,3,local_rates_favor_correction_for_all_groups,3,3,0,0.3877154290676117,0.27286604046821594
61519,0,04_BN2-166-Ab_comp.jams,854195,1,2,3,2,mixed_by_complete_group,2,3,0,0.4690399169921875,0.35433995723724365
61522,0,04_BN2-166-Ab_comp.jams,861510,2,3,2,2,mixed_by_complete_group,2,2,0,0.10426074266433716,0.016835900023579597
61525,0,04_BN2-166-Ab_comp.jams,875207,3,4,2,2,mixed_by_complete_group,2,2,0,0.1498963087797165,0.022012921050190926
61529,0,04_BN2-166-Ab_comp.jams,892301,1,2,2,2,keep,2,2,0,0.21958860754966736,0.1220923513174057
61531,0,04_BN2-166-Ab_comp.jams,909378,3,4,4,4,keep,4,4,0,0.38081035017967224,0.5225794911384583
61537,0,04_BN2-166-Ab_comp.jams,931105,4,2,2,3,keep,2,3,0,0.5766454935073853,0.18745969235897064
61538,0,04_BN2-166-Ab_comp.jams,932880,0,2,2,2,keep,2,2,0,0.21548493206501007,0.09420827776193619
61542,0,04_BN2-166-Ab_comp.jams,946310,4,4,2,2,mixed_by_complete_group,2,2,0,0.11663248389959335,0.2901793420314789
61550,0,04_BN2-166-Ab_comp.jams,963461,2,2,2,2,keep,2,2,0,0.35979583859443665,0.35662660002708435
61555,0,04_BN2-166-Ab_comp.jams,980569,1,3,3,3,keep,3,3,0,0.27881792187690735,0.47289928793907166
61556,0,04_BN2-166-Ab_comp.jams,988354,3,3,3,3,keep,3,3,0,0.4411521553993225,0.5220019221305847
61560,0,04_BN2-166-Ab_comp.jams,1003530,4,4,4,4,keep,4,4,0,0.42434045672416687,0.2999638319015503
61614,0,04_BN2-166-Ab_solo.jams,383743,1,2,2,2,keep,2,2,0,0.3677406907081604,0.24558022618293762
61673,0,04_BN2-166-Ab_solo.jams,933891,1,2,2,2,keep,2,2,0,0.07631362229585648,0.11020553857088089
67151,0,04_Jazz3-150-C_comp.jams,8,2,2,4,4,local_rates_favor_regression_for_all_groups,2,4,1,0.18385742604732513,0.13790786266326904
67152,0,04_Jazz3-150-C_comp.jams,1837,2,2,2,2,keep,2,2,0,0.10628994554281235,0.07061801105737686
67164,0,04_Jazz3-150-C_comp.jams,47018,4,4,4,3,keep,4,3,0,0.5513642430305481,0.3927650451660156
67168,0,04_Jazz3-150-C_comp.jams,64071,3,4,4,4,keep,4,4,0,0.5553574562072754,0.5767697095870972
67178,0,04_Jazz3-150-C_comp.jams,87507,2,4,2,2,mixed_by_complete_group,2,2,0,0.11727004498243332,0.12528492510318756
67182,0,04_Jazz3-150-C_comp.jams,100942,3,4,3,4,mixed_by_complete_group,3,4,0,0.2948812246322632,0.48774126172065735
67195,0,04_Jazz3-150-C_comp.jams,134640,2,4,2,2,mixed_by_complete_group,2,2,0,0.17434225976467133,0.02134292759001255
67214,0,04_Jazz3-150-C_comp.jams,189509,3,3,3,3,keep,3,3,0,0.5830029249191284,0.6652141213417053
67217,0,04_Jazz3-150-C_comp.jams,205810,0,4,4,4,keep,4,2,0,0.15266354382038116,0.05584895610809326
67220,0,04_Jazz3-150-C_comp.jams,223027,2,4,2,3,mixed_by_complete_group,3,2,-1,0.07173573970794678,0.0132677610963583
67223,0,04_Jazz3-150-C_comp.jams,245619,3,4,4,4,keep,4,4,0,0.6997830867767334,0.9037759304046631
67228,0,04_Jazz3-150-C_comp.jams,259589,3,4,4,4,keep,4,4,0,0.4989697337150574,0.6138553023338318
67233,0,04_Jazz3-150-C_comp.jams,294741,3,3,3,3,keep,2,3,-1,0.3419933319091797,0.4484199285507202
67250,0,04_Jazz3-150-C_comp.jams,330445,4,4,3,4,mixed_by_complete_group,3,4,0,0.403693825006485,0.4958367943763733
67254,0,04_Jazz3-150-C_comp.jams,352662,4,4,4,4,keep,4,4,0,0.49868836998939514,0.6376445889472961
67260,0,04_Jazz3-150-C_comp.jams,369729,4,4,3,4,mixed_by_complete_group,3,4,0,0.2891998291015625,0.4632054567337036
67264,0,04_Jazz3-150-C_comp.jams,381259,4,4,2,4,mixed_by_complete_group,2,4,0,0.18612472712993622,0.3796268701553345
67273,0,04_Jazz3-150-C_comp.jams,414554,4,4,4,4,keep,4,4,0,0.689302384853363,0.63599693775177
67285,0,04_Jazz3-150-C_comp.jams,450284,4,4,4,3,keep,4,3,0,0.6514930725097656,0.1934237778186798
67297,0,04_Jazz3-150-C_comp.jams,486989,3,4,4,4,keep,4,4,0,0.6671618819236755,0.6383399963378906
67316,0,04_Jazz3-150-C_comp.jams,529318,3,4,2,4,local_rates_favor_regression_for_all_groups,2,4,0,0.31692376732826233,0.47056806087493896
67320,0,04_Jazz3-150-C_comp.jams,546702,3,4,4,4,keep,4,4,0,0.4904716908931732,0.8419115543365479
67326,0,04_Jazz3-150-C_comp.jams,577112,3,3,2,2,mixed_by_complete_group,2,2,0,0.15127426385879517,0.27507084608078003
67330,0,04_Jazz3-150-C_comp.jams,600708,3,2,2,2,keep,2,2,0,0.3079233467578888,0.2540326416492462
67334,0,04_Jazz3-150-C_comp.jams,611620,3,4,2,4,mixed_by_complete_group,4,4,0,0.2666162848472595,0.3489854633808136
67337,0,04_Jazz3-150-C_comp.jams,628283,4,4,4,4,keep,4,4,0,0.584528923034668,0.603583812713623
67348,0,04_Jazz3-150-C_comp.jams,653181,3,4,4,4,keep,4,4,0,0.46831732988357544,0.5253915190696716
67353,0,04_Jazz3-150-C_comp.jams,663947,2,2,2,2,keep,2,2,0,0.3680955469608307,0.24403922259807587
67367,0,04_Jazz3-150-C_comp.jams,716443,3,3,3,2,keep,2,2,-1,0.2650838792324066,0.09315197914838791
67370,0,04_Jazz3-150-C_comp.jams,734693,1,3,2,2,mixed_by_complete_group,2,2,0,0.07270161807537079,0.009482281282544136
67376,0,04_Jazz3-150-C_comp.jams,752384,3,2,2,2,keep,2,2,0,0.06349971890449524,0.038980837911367416
67382,0,04_Jazz3-150-C_comp.jams,787501,2,2,3,2,mixed_by_complete_group,2,2,1,0.3152046203613281,0.5576485991477966
67383,0,04_Jazz3-150-C_comp.jams,809934,3,4,3,3,local_rates_favor_regression_for_all_groups,3,3,0,0.21785280108451843,0.20651939511299133
67389,0,04_Jazz3-150-C_comp.jams,828832,2,2,2,2,keep,2,2,0,0.19414247572422028,0.037423912435770035
67395,0,04_Jazz3-150-C_comp.jams,858348,3,2,2,2,keep,2,2,0,0.47013118863105774,0.5186540484428406
67398,0,04_Jazz3-150-C_comp.jams,864221,0,2,2,2,keep,2,2,0,0.299468457698822,0.06586460769176483
67400,0,04_Jazz3-150-C_comp.jams,876423,1,2,2,2,keep,2,2,0,0.07057338953018188,0.06716997176408768
67401,0,04_Jazz3-150-C_comp.jams,881994,3,4,3,3,mixed_by_complete_group,3,3,0,0.16110360622406006,0.08639170229434967
67411,0,04_Jazz3-150-C_comp.jams,910772,4,4,4,4,keep,4,4,0,0.47468096017837524,0.8155087232589722
67423,0,04_Jazz3-150-C_comp.jams,945631,3,2,2,2,keep,2,2,0,0.4061574935913086,0.4008830785751343
67432,0,04_Jazz3-150-C_comp.jams,979886,4,4,4,3,keep,4,3,0,0.5952322483062744,0.2509499490261078
67444,0,04_Jazz3-150-C_comp.jams,1003890,0,2,2,2,keep,2,2,0,0.24443021416664124,0.0027813268825411797
67447,0,04_Jazz3-150-C_comp.jams,1017875,1,2,2,2,keep,2,2,0,0.14400169253349304,0.17496061325073242
67448,0,04_Jazz3-150-C_comp.jams,1024137,3,2,2,3,keep,3,2,1,0.2976376712322235,0.2616730332374573
67456,0,04_Jazz3-150-C_comp.jams,1052496,4,4,4,4,keep,4,4,0,0.5094680190086365,0.6069931387901306
67464,0,04_Jazz3-150-C_comp.jams,1068289,0,2,2,2,keep,2,2,0,0.10938799381256104,0.06932003051042557
67467,0,04_Jazz3-150-C_comp.jams,1075909,3,2,2,3,keep,2,3,0,0.5685732364654541,0.2790622413158417
67472,0,04_Jazz3-150-C_comp.jams,1093572,3,4,4,4,keep,4,4,0,0.3817138969898224,0.4993182420730591
67474,0,04_Jazz3-150-C_comp.jams,1110294,3,2,4,2,mixed_by_complete_group,2,2,0,0.3517926037311554,0.6121236085891724
67523,0,04_Jazz3-150-C_solo.jams,470750,1,2,2,2,keep,2,2,0,0.014645414426922798,0.011835725978016853
67554,0,04_Jazz3-150-C_solo.jams,670525,1,2,2,2,keep,2,2,0,0.03766367956995964,0.08936090767383575
67624,0,04_Jazz3-150-C_solo.jams,986020,2,2,2,2,keep,2,2,0,0.021410180255770683,0.005377781577408314
67629,0,04_Jazz3-150-C_solo.jams,1021100,2,2,2,2,keep,2,2,0,0.03030657395720482,0.005731374491006136
67636,0,04_Jazz3-150-C_solo.jams,1049917,2,2,2,2,keep,2,2,0,0.11056816577911377,0.24401991069316864
68833,0,04_Rock2-142-D_comp.jams,5,1,2,3,3,local_rates_favor_regression_for_all_groups,3,3,0,0.2900114357471466,0.09806722402572632
68835,0,04_Rock2-142-D_comp.jams,19463,6,4,4,4,keep,4,4,0,0.45118027925491333,0.4992021918296814
68850,0,04_Rock2-142-D_comp.jams,47905,4,4,5,5,local_rates_favor_correction_for_all_groups,5,5,0,0.23718394339084625,0.26535066962242126
68853,0,04_Rock2-142-D_comp.jams,65052,2,2,3,3,mixed_by_complete_group,3,3,0,0.3057330548763275,0.2811245322227478
68862,0,04_Rock2-142-D_comp.jams,84404,1,2,2,2,keep,2,2,0,0.06808561086654663,0.045091673731803894
68877,0,04_Rock2-142-D_comp.jams,122275,6,3,5,5,local_rates_favor_correction_for_all_groups,5,5,0,0.1855672150850296,0.27014848589897156
68881,0,04_Rock2-142-D_comp.jams,132124,6,2,3,2,local_rates_favor_regression_for_all_groups,3,2,0,0.3202695846557617,0.7388983964920044
68883,0,04_Rock2-142-D_comp.jams,140823,3,3,2,3,mixed_by_complete_group,2,3,0,0.38522276282310486,0.5355046987533569
68896,0,04_Rock2-142-D_comp.jams,168448,6,4,4,4,keep,4,4,0,0.3701210618019104,0.506217360496521
68910,0,04_Rock2-142-D_comp.jams,197437,6,3,3,3,keep,3,3,0,0.11602645367383957,0.08787030726671219
68915,0,04_Rock2-142-D_comp.jams,213680,2,4,2,2,local_rates_favor_correction_for_all_groups,2,2,0,0.15736024081707,0.05029108002781868
68916,0,04_Rock2-142-D_comp.jams,215446,3,2,2,2,keep,2,2,0,0.24719718098640442,0.19387800991535187
68922,0,04_Rock2-142-D_comp.jams,233136,2,2,2,2,keep,2,2,0,0.15145058929920197,0.2496715486049652
68926,0,04_Rock2-142-D_comp.jams,242608,5,4,4,4,keep,4,4,0,0.3113822937011719,0.23926709592342377
68938,0,04_Rock2-142-D_comp.jams,270568,4,4,4,3,keep,4,3,0,0.2661574184894562,0.14501911401748657
68940,0,04_Rock2-142-D_comp.jams,274797,0,2,2,2,keep,2,2,0,0.05551394075155258,0.05654093623161316
68946,0,04_Rock2-142-D_comp.jams,297088,4,3,3,3,keep,3,3,0,0.650964081287384,0.5958635210990906
68952,0,04_Rock2-142-D_comp.jams,314926,3,4,5,5,mixed_by_complete_group,5,5,0,0.25018826127052307,0.20779278874397278
68960,0,04_Rock2-142-D_comp.jams,335871,1,2,2,2,keep,2,2,0,0.07735458761453629,0.08946982771158218
68963,0,04_Rock2-142-D_comp.jams,344915,4,4,3,3,local_rates_favor_regression_for_all_groups,3,3,0,0.1936361938714981,0.0678970143198967
68966,0,04_Rock2-142-D_comp.jams,363068,4,4,4,4,keep,4,4,0,0.5878015756607056,0.6246306300163269
68976,0,04_Rock2-142-D_comp.jams,391887,4,4,4,4,keep,4,4,0,0.5357005596160889,0.6891404986381531
68987,0,04_Rock2-142-D_comp.jams,420536,4,3,4,4,mixed_by_complete_group,4,4,0,0.3268147110939026,0.2411845624446869
68991,0,04_Rock2-142-D_comp.jams,429075,3,2,3,3,mixed_by_complete_group,3,3,0,0.33679553866386414,0.2414424568414688
68994,0,04_Rock2-142-D_comp.jams,438374,1,2,2,2,keep,2,2,0,0.30030208826065063,0.2521228790283203
68998,0,04_Rock2-142-D_comp.jams,446812,5,3,3,3,keep,3,3,0,0.43167683482170105,0.591544508934021
69017,0,04_Rock2-142-D_comp.jams,495351,5,2,3,3,local_rates_favor_regression_for_all_groups,3,3,0,0.34087687730789185,0.21097970008850098
69024,0,04_Rock2-142-D_comp.jams,513169,5,3,5,3,local_rates_favor_correction_for_all_groups,5,3,0,0.21827685832977295,0.38705703616142273
69035,0,04_Rock2-142-D_comp.jams,538872,2,2,2,2,keep,2,2,0,0.3641616702079773,0.38581904768943787
69036,0,04_Rock2-142-D_comp.jams,540647,3,2,2,3,keep,3,3,1,0.23326459527015686,0.037922319024801254
69048,0,04_Rock2-142-D_comp.jams,568193,6,4,5,4,mixed_by_complete_group,5,4,0,0.2950766980648041,0.6156595349311829
69052,0,04_Rock2-142-D_comp.jams,576185,1,2,2,2,keep,2,2,0,0.23953916132450104,0.2092696726322174
69056,0,04_Rock2-142-D_comp.jams,586862,3,4,2,2,local_rates_favor_correction_for_all_groups,2,2,0,0.23626424372196198,0.20399248600006104
69059,0,04_Rock2-142-D_comp.jams,594877,1,2,2,2,keep,2,2,0,0.434795618057251,0.30415165424346924
69069,0,04_Rock2-142-D_comp.jams,614307,5,4,4,4,keep,4,4,0,0.37233468890190125,0.3874818682670593
69080,0,04_Rock2-142-D_comp.jams,642508,5,4,3,4,mixed_by_complete_group,3,4,0,0.40513578057289124,0.6473225355148315
69084,0,04_Rock2-142-D_comp.jams,660226,3,3,2,2,local_rates_favor_correction_for_all_groups,3,2,1,0.3070718050003052,0.09908754378557205
69085,0,04_Rock2-142-D_comp.jams,662022,2,2,2,2,keep,2,2,0,0.18151253461837769,0.1316172480583191
69095,0,04_Rock2-142-D_comp.jams,688960,5,3,3,4,keep,4,4,0,0.36266911029815674,0.24130405485630035
69106,0,04_Rock2-142-D_comp.jams,716766,2,2,2,4,keep,4,2,-1,0.23273706436157227,0.12360940128564835
69107,0,04_Rock2-142-D_comp.jams,718603,3,2,3,3,local_rates_favor_regression_for_all_groups,3,3,0,0.1907721906900406,0.14122255146503448
69110,0,04_Rock2-142-D_comp.jams,727456,4,2,2,3,keep,2,3,0,0.16035732626914978,0.0745348259806633
69113,0,04_Rock2-142-D_comp.jams,736788,4,2,3,3,mixed_by_complete_group,2,3,0,0.415717214345932,0.2739735245704651
69116,0,04_Rock2-142-D_comp.jams,746065,3,3,3,2,keep,2,2,-1,0.12797342240810394,0.0071425968781113625
69124,0,04_Rock2-142-D_comp.jams,762828,4,2,2,3,keep,2,3,0,0.3520028591156006,0.1363864541053772
69138,0,04_Rock2-142-D_comp.jams,791325,6,4,5,5,mixed_by_complete_group,5,5,0,0.1929469108581543,0.2857922613620758
69145,0,04_Rock2-142-D_comp.jams,809823,3,4,4,4,keep,4,4,0,0.4335390031337738,0.4308317303657532
69155,0,04_Rock2-142-D_comp.jams,838416,4,3,4,3,mixed_by_complete_group,3,3,-1,0.42572152614593506,0.4740579426288605
69163,0,04_Rock2-142-D_comp.jams,856434,1,2,3,3,mixed_by_complete_group,3,3,0,0.18279552459716797,0.19977624714374542
69168,0,04_Rock2-142-D_comp.jams,867266,4,4,5,5,local_rates_favor_correction_for_all_groups,5,5,0,0.25861743092536926,0.3244861364364624
69171,0,04_Rock2-142-D_comp.jams,874936,3,3,2,5,local_rates_favor_correction_for_all_groups,5,2,0,0.0918823629617691,0.041582632809877396
69176,0,04_Rock2-142-D_comp.jams,894462,4,4,4,4,keep,4,4,0,0.5312522649765015,0.541421115398407
69195,0,04_Rock2-142-D_comp.jams,941891,4,4,3,3,mixed_by_complete_group,3,3,0,0.18008540570735931,0.0067119174636900425
69198,0,04_Rock2-142-D_comp.jams,958998,1,2,2,2,keep,2,2,0,0.4941747188568115,0.3961029350757599
69199,0,04_Rock2-142-D_comp.jams,960817,3,3,3,2,keep,3,4,0,0.6043598055839539,0.3193509876728058
69218,0,04_Rock2-142-D_comp.jams,1005731,2,2,2,2,keep,3,2,-1,0.19323410093784332,0.23510302603244781
69223,0,04_Rock2-142-D_comp.jams,1017354,2,2,3,3,local_rates_favor_regression_for_all_groups,3,3,0,0.29778170585632324,0.16532188653945923
69227,0,04_Rock2-142-D_comp.jams,1026691,3,2,2,2,keep,2,2,0,0.1575399786233902,0.12032058089971542
69229,0,04_Rock2-142-D_comp.jams,1034259,2,2,2,2,keep,2,2,0,0.32900625467300415,0.2426881045103073
69232,0,04_Rock2-142-D_comp.jams,1043395,5,4,4,4,keep,4,4,0,0.594071626663208,0.6209442615509033
69240,0,04_Rock2-142-D_comp.jams,1062490,5,4,4,4,keep,4,4,0,0.544780969619751,0.5359435677528381
69253,0,04_Rock2-142-D_comp.jams,1090523,6,3,3,3,keep,3,3,0,0.34367895126342773,0.453837126493454
69256,0,04_Rock2-142-D_comp.jams,1108729,4,3,4,4,mixed_by_complete_group,4,4,0,0.22597689926624298,0.036039985716342926
69268,0,04_Rock2-142-D_comp.jams,1137065,5,2,3,3,mixed_by_complete_group,3,3,0,0.28124043345451355,0.01631762646138668
69280,0,04_Rock2-142-D_comp.jams,1164930,5,2,2,3,keep,2,3,0,0.4338533878326416,0.29111647605895996
70916,0,04_Rock3-148-C_comp.jams,18406,3,3,3,4,keep,3,4,0,0.41110843420028687,0.18783482909202576
70926,0,04_Rock3-148-C_comp.jams,46035,3,3,3,3,keep,3,3,0,0.5005963444709778,0.29256555438041687
70931,0,04_Rock3-148-C_comp.jams,62606,4,2,2,2,keep,2,2,0,0.37684082984924316,0.21678540110588074
70939,0,04_Rock3-148-C_comp.jams,90555,5,3,3,3,keep,3,3,0,0.4041614532470703,0.3614700138568878
70947,0,04_Rock3-148-C_comp.jams,117195,2,2,2,2,keep,2,2,0,0.5315704345703125,0.4900510907173157
70949,0,04_Rock3-148-C_comp.jams,126642,5,3,3,3,keep,3,3,0,0.4762211740016937,0.525722324848175
70956,0,04_Rock3-148-C_comp.jams,143677,3,2,2,2,keep,2,2,0,0.6096798181533813,0.7214611172676086
70958,0,04_Rock3-148-C_comp.jams,152017,2,2,2,2,keep,2,2,0,0.7108633518218994,0.8132500052452087
70961,0,04_Rock3-148-C_comp.jams,161188,3,3,3,3,keep,3,3,0,0.7138053774833679,0.5279375910758972
70965,0,04_Rock3-148-C_comp.jams,178338,2,2,2,2,keep,2,2,0,0.5954693555831909,0.6358547210693359
70969,0,04_Rock3-148-C_comp.jams,187790,4,3,3,3,keep,3,3,0,0.5699346661567688,0.49849119782447815
70975,0,04_Rock3-148-C_comp.jams,205610,4,3,3,3,keep,3,3,0,0.38405612111091614,0.5443611145019531
70983,0,04_Rock3-148-C_comp.jams,224482,1,2,2,2,keep,2,2,0,0.5684768557548523,0.6859563589096069
70984,0,04_Rock3-148-C_comp.jams,232684,5,3,3,2,keep,3,3,0,0.4756161868572235,0.10900190472602844
70988,0,04_Rock3-148-C_comp.jams,242286,2,2,2,2,keep,2,2,0,0.5574706196784973,0.5184967517852783
70992,0,04_Rock3-148-C_comp.jams,250807,2,2,2,2,keep,2,2,0,0.5876731276512146,0.746030330657959
70998,0,04_Rock3-148-C_comp.jams,266578,2,2,2,2,keep,2,2,0,0.4343527555465698,0.42337772250175476
71006,0,04_Rock3-148-C_comp.jams,286455,2,2,2,3,keep,2,3,0,0.4624554216861725,0.18571287393569946
71011,0,04_Rock3-148-C_comp.jams,296326,0,2,2,2,keep,2,2,0,0.33522579073905945,0.3381926119327545
71015,0,04_Rock3-148-C_comp.jams,304570,5,4,4,4,keep,4,4,0,0.4574597477912903,0.5011515617370605
71023,0,04_Rock3-148-C_comp.jams,320711,1,2,2,2,keep,2,2,0,0.6968953013420105,0.6360407471656799
71028,0,04_Rock3-148-C_comp.jams,331337,4,2,3,3,mixed_by_complete_group,3,3,0,0.3245375156402588,0.2626226544380188
71036,0,04_Rock3-148-C_comp.jams,348837,4,3,3,4,keep,3,3,0,0.3985918462276459,0.25253480672836304
71044,0,04_Rock3-148-C_comp.jams,367198,2,2,2,2,keep,2,2,0,0.45201078057289124,0.5009634494781494
71047,0,04_Rock3-148-C_comp.jams,374943,4,2,2,3,keep,3,3,0,0.35418766736984253,0.08598417788743973
71052,0,04_Rock3-148-C_comp.jams,388593,2,4,3,3,mixed_by_complete_group,3,3,0,0.09418760240077972,0.05204717814922333
71062,0,04_Rock3-148-C_comp.jams,411090,4,4,4,3,keep,4,3,0,0.43104609847068787,0.3439518213272095
71066,0,04_Rock3-148-C_comp.jams,420449,4,2,2,2,keep,2,2,0,0.37013301253318787,0.4256588816642761
71069,0,04_Rock3-148-C_comp.jams,429857,2,2,2,2,keep,2,2,0,0.7063271999359131,0.8485063314437866
71078,0,04_Rock3-148-C_comp.jams,447679,4,4,4,4,keep,4,4,0,0.7178234457969666,0.7620286345481873
71082,0,04_Rock3-148-C_comp.jams,455520,2,2,2,2,keep,2,2,0,0.3052543103694916,0.2342669814825058
71086,0,04_Rock3-148-C_comp.jams,464651,2,2,2,2,keep,2,2,0,0.5938633680343628,0.6009960174560547
71091,0,04_Rock3-148-C_comp.jams,474385,4,4,4,4,keep,4,4,0,0.47565364837646484,0.43937280774116516
71097,0,04_Rock3-148-C_comp.jams,491510,4,4,3,3,mixed_by_complete_group,3,3,0,0.43925198912620544,0.4308568239212036
71106,0,04_Rock3-148-C_comp.jams,510813,2,2,2,2,keep,2,2,0,0.5213992595672607,0.3371986150741577
71109,0,04_Rock3-148-C_comp.jams,519325,3,4,4,4,keep,4,4,0,0.5072113871574402,0.5703732371330261
71115,0,04_Rock3-148-C_comp.jams,531228,2,2,2,2,keep,2,2,0,0.3029423654079437,0.255036860704422
71116,0,04_Rock3-148-C_comp.jams,533079,1,2,2,2,keep,2,2,0,0.4200509488582611,0.38308730721473694
71127,0,04_Rock3-148-C_comp.jams,554820,4,4,4,3,keep,4,3,0,0.5699676871299744,0.2873867452144623
71134,0,04_Rock3-148-C_comp.jams,573138,3,3,3,3,keep,3,3,0,0.5520684719085693,0.48524242639541626
71135,0,04_Rock3-148-C_comp.jams,581719,3,3,3,3,keep,3,3,0,0.5303151607513428,0.3983214199542999
71139,0,04_Rock3-148-C_comp.jams,589630,3,2,2,2,keep,2,2,0,0.5034735798835754,0.5147368907928467
71150,0,04_Rock3-148-C_comp.jams,617335,2,3,3,3,keep,3,3,0,0.45356830954551697,0.6418952345848083
71157,0,04_Rock3-148-C_comp.jams,635008,4,4,4,4,keep,4,4,0,0.5310196280479431,0.5309732556343079
71169,0,04_Rock3-148-C_comp.jams,662284,2,2,2,3,keep,3,3,-1,0.4652739465236664,0.36573299765586853
71175,0,04_Rock3-148-C_comp.jams,674840,3,3,2,3,local_rates_favor_correction_for_all_groups,2,3,0,0.448369562625885,0.4814574718475342
71177,0,04_Rock3-148-C_comp.jams,684499,3,2,3,3,local_rates_favor_regression_for_all_groups,3,3,0,0.44943904876708984,0.3541271984577179
71181,0,04_Rock3-148-C_comp.jams,696972,3,2,3,3,local_rates_favor_regression_for_all_groups,3,3,0,0.3066380023956299,0.13006442785263062
71189,0,04_Rock3-148-C_comp.jams,712179,3,3,2,2,local_rates_favor_correction_for_all_groups,2,2,0,0.28006142377853394,0.11631932109594345
71194,0,04_Rock3-148-C_comp.jams,724040,1,2,2,2,keep,2,2,0,0.45203644037246704,0.4094504714012146
71196,0,04_Rock3-148-C_comp.jams,734261,4,3,3,3,keep,3,3,0,0.6575497984886169,0.7420560717582703
71200,0,04_Rock3-148-C_comp.jams,752774,3,3,3,3,keep,3,3,0,0.529787540435791,0.5998104214668274
71202,0,04_Rock3-148-C_comp.jams,759454,2,2,2,2,keep,2,2,0,0.3066660463809967,0.4020914137363434
71203,0,04_Rock3-148-C_comp.jams,761223,2,3,3,3,keep,3,3,0,0.44071444869041443,0.46518078446388245
71206,0,04_Rock3-148-C_comp.jams,770104,1,2,2,2,keep,2,2,0,0.5638325214385986,0.5879351496696472
71207,0,04_Rock3-148-C_comp.jams,777734,4,3,3,3,keep,3,3,0,0.4919031858444214,0.4273933470249176
71211,0,04_Rock3-148-C_comp.jams,795770,1,2,2,2,keep,2,2,0,0.723456859588623,0.8511781692504883
71214,0,04_Rock3-148-C_comp.jams,804527,4,3,3,3,keep,3,3,0,0.5641254186630249,0.4213927686214447
71220,0,04_Rock3-148-C_comp.jams,817995,3,3,3,2,keep,3,2,0,0.2776968479156494,0.17331741750240326
71223,0,04_Rock3-148-C_comp.jams,828461,2,3,2,2,local_rates_favor_correction_for_all_groups,2,2,0,0.22438614070415497,0.28389811515808105
71224,0,04_Rock3-148-C_comp.jams,832998,1,2,2,2,keep,2,2,0,0.26934489607810974,0.22411765158176422
71227,0,04_Rock3-148-C_comp.jams,841024,3,3,3,3,keep,3,3,0,0.37516358494758606,0.26996156573295593
71234,0,04_Rock3-148-C_comp.jams,859060,2,3,3,2,keep,3,2,0,0.531558096408844,0.23345309495925903
71239,0,04_Rock3-148-C_comp.jams,876078,4,3,4,4,mixed_by_complete_group,4,4,0,0.26221737265586853,0.3079676032066345
71246,0,04_Rock3-148-C_comp.jams,894680,4,4,4,4,keep,4,4,0,0.4912708103656769,0.6462143659591675
71250,0,04_Rock3-148-C_comp.jams,903518,4,4,5,5,local_rates_favor_correction_for_all_groups,5,5,0,0.11387098580598831,0.16085423529148102
71256,0,04_Rock3-148-C_comp.jams,920929,4,4,3,3,local_rates_favor_regression_for_all_groups,3,3,0,0.4208676218986511,0.37394413352012634
71261,0,04_Rock3-148-C_comp.jams,939508,2,2,2,2,keep,2,2,0,0.48850348591804504,0.5990702509880066
71265,0,04_Rock3-148-C_comp.jams,948384,4,4,4,4,keep,4,4,0,0.5616322755813599,0.6019197702407837
71269,0,04_Rock3-148-C_comp.jams,958109,3,2,2,2,keep,2,2,0,0.32012298703193665,0.2533729374408722
71271,0,04_Rock3-148-C_comp.jams,961961,3,2,2,3,keep,3,2,1,0.33255481719970703,0.21796922385692596
71279,0,04_Rock3-148-C_comp.jams,983623,3,3,3,3,keep,3,3,0,0.452128142118454,0.3298042416572571
71280,0,04_Rock3-148-C_comp.jams,985520,2,2,2,2,keep,2,2,0,0.207153782248497,0.18535847961902618
71283,0,04_Rock3-148-C_comp.jams,993867,3,2,2,3,keep,2,3,0,0.2835431694984436,0.023310506716370583
71286,0,04_Rock3-148-C_comp.jams,1002496,2,3,2,2,local_rates_favor_regression_for_all_groups,2,2,0,0.3589320182800293,0.33773013949394226
71294,0,04_Rock3-148-C_comp.jams,1018898,3,2,2,2,keep,2,2,0,0.4467207193374634,0.3145407736301422
71295,0,04_Rock3-148-C_comp.jams,1020682,1,2,3,3,mixed_by_complete_group,3,3,0,0.3418554663658142,0.30563104152679443
71303,0,04_Rock3-148-C_comp.jams,1038289,2,2,2,2,keep,2,2,0,0.45329830050468445,0.40821003913879395
71307,0,04_Rock3-148-C_comp.jams,1046792,4,4,4,4,keep,4,4,0,0.5015642642974854,0.5918697714805603
71311,0,04_Rock3-148-C_comp.jams,1055378,0,2,2,2,keep,2,2,0,0.011972300708293915,0.007141077890992165
71312,0,04_Rock3-148-C_comp.jams,1063735,4,4,3,3,mixed_by_complete_group,3,3,0,0.44767239689826965,0.2437746822834015
71320,0,04_Rock3-148-C_comp.jams,1082315,2,2,2,2,keep,2,2,0,0.32628586888313293,0.2718084156513214
71324,0,04_Rock3-148-C_comp.jams,1090943,2,4,4,5,keep,4,4,0,0.47642213106155396,0.3229844272136688
71329,0,04_Rock3-148-C_comp.jams,1103571,2,3,3,3,keep,3,3,0,0.4326850175857544,0.3077194094657898
71332,0,04_Rock3-148-C_comp.jams,1113859,2,2,3,2,local_rates_favor_regression_for_all_groups,2,2,1,0.4658006429672241,0.992414116859436
71333,0,04_Rock3-148-C_comp.jams,1117206,2,2,2,2,keep,2,2,0,0.5607173442840576,0.40534695982933044
71338,0,04_Rock3-148-C_comp.jams,1126302,4,2,3,3,mixed_by_complete_group,3,3,0,0.27947521209716797,0.2303835153579712
71376,0,04_Rock3-148-C_solo.jams,527593,2,3,2,2,mixed_by_complete_group,2,2,0,0.13138940930366516,0.00011602252197917551
71428,0,04_SS1-68-E_comp.jams,4,6,4,4,4,keep,4,4,0,0.4133360981941223,0.29688596725463867
71438,0,04_SS1-68-E_comp.jams,20460,4,2,2,2,keep,2,2,0,0.4557346701622009,0.3939969837665558
71447,0,04_SS1-68-E_comp.jams,39679,4,2,2,2,keep,2,2,0,0.38977301120758057,0.4735575020313263
71457,0,04_SS1-68-E_comp.jams,60266,4,3,3,3,keep,3,3,0,0.3172962963581085,0.44212406873703003
71465,0,04_SS1-68-E_comp.jams,77967,2,3,3,3,keep,3,2,0,0.27427512407302856,0.250288188457489
71475,0,04_SS1-68-E_comp.jams,99624,3,3,3,3,keep,3,3,0,0.4069102108478546,0.783401608467102
71484,0,04_SS1-68-E_comp.jams,118576,5,3,2,3,local_rates_favor_regression_for_all_groups,3,2,0,0.35736432671546936,0.24386891722679138
71487,0,04_SS1-68-E_comp.jams,126796,0,2,2,2,keep,2,2,0,0.10542110353708267,0.10801905393600464
71493,0,04_SS1-68-E_comp.jams,139493,3,2,3,3,mixed_by_complete_group,2,3,-1,0.3346368968486786,0.17251671850681305
71500,0,04_SS1-68-E_comp.jams,156216,2,2,2,2,keep,2,2,0,0.4689992666244507,0.4662492871284485
71509,0,04_SS1-68-E_comp.jams,175284,3,2,2,2,keep,2,2,0,0.3820550739765167,0.21518845856189728
71518,0,04_SS1-68-E_comp.jams,194866,3,2,3,3,local_rates_favor_regression_for_all_groups,3,3,0,0.19496536254882812,0.24246817827224731
71519,0,04_SS1-68-E_comp.jams,196841,2,2,2,2,keep,2,3,0,0.3202291429042816,0.19972287118434906
71528,0,04_SS1-68-E_comp.jams,216420,5,2,2,3,keep,2,3,0,0.33653122186660767,0.1216309666633606
71540,0,04_SS1-68-E_comp.jams,247394,3,3,3,3,keep,3,3,0,0.3835732340812683,0.458844393491745
71543,0,04_SS1-68-E_comp.jams,253994,5,4,4,3,keep,4,3,0,0.37880393862724304,0.17915387451648712
71552,0,04_SS1-68-E_comp.jams,272610,5,3,3,3,keep,3,3,0,0.21180924773216248,0.3414173126220703
71556,0,04_SS1-68-E_comp.jams,283979,3,2,2,2,keep,2,2,0,0.26569151878356934,0.19726644456386566
71560,0,04_SS1-68-E_comp.jams,292190,5,4,3,3,mixed_by_complete_group,3,3,0,0.40870434045791626,0.3061984181404114
71573,0,04_SS1-68-E_comp.jams,329651,4,2,2,2,keep,2,2,0,0.5111652612686157,0.5893566012382507
71581,0,04_SS1-68-E_comp.jams,349513,4,4,4,4,keep,4,3,0,0.4051801562309265,0.3467012941837311
71602,0,04_SS1-68-E_comp.jams,396895,3,2,2,2,keep,2,2,0,0.42111605405807495,0.30622896552085876
71604,0,04_SS1-68-E_comp.jams,402533,2,3,3,3,keep,3,3,0,0.3802710771560669,0.6000596880912781
71607,0,04_SS1-68-E_comp.jams,408880,2,3,3,4,keep,4,3,0,0.17252813279628754,0.18938663601875305
71613,0,04_SS1-68-E_comp.jams,421799,3,2,2,2,keep,2,2,0,0.3175496459007263,0.1991797536611557
71616,0,04_SS1-68-E_comp.jams,428177,3,2,2,2,keep,2,2,0,0.2719510793685913,0.21382468938827515
71617,0,04_SS1-68-E_comp.jams,430313,1,2,2,2,keep,2,2,0,0.06502355635166168,0.05025474727153778
71624,0,04_SS1-68-E_comp.jams,449770,5,4,4,4,keep,4,4,0,0.5350475311279297,0.6138346195220947
71633,0,04_SS1-68-E_comp.jams,468621,3,4,2,4,mixed_by_complete_group,4,4,0,0.24463412165641785,0.2692689597606659
71642,0,04_SS1-68-E_comp.jams,487557,4,3,2,3,mixed_by_complete_group,3,3,0,0.24064236879348755,0.6233437061309814
71649,0,04_SS1-68-E_comp.jams,506938,4,3,5,3,mixed_by_complete_group,5,3,0,0.16376379132270813,0.5837553143501282
71657,0,04_SS1-68-E_comp.jams,527056,4,3,2,3,local_rates_favor_regression_for_all_groups,2,3,0,0.26177966594696045,0.45483773946762085
71672,0,04_SS1-68-E_comp.jams,563028,2,2,2,2,keep,2,2,0,0.299143522977829,0.202856183052063
71680,0,04_SS1-68-E_comp.jams,582247,4,2,3,3,mixed_by_complete_group,3,3,0,0.22619901597499847,0.15354394912719727
71689,0,04_SS1-68-E_comp.jams,603622,5,4,4,4,keep,4,4,0,0.3220544159412384,0.43688368797302246
71692,0,04_SS1-68-E_comp.jams,609755,3,3,2,2,local_rates_favor_correction_for_all_groups,2,2,0,0.1482710987329483,0.11831994354724884
71697,0,04_SS1-68-E_comp.jams,622434,6,4,4,3,keep,4,3,0,0.3701382279396057,0.3183020353317261
71706,0,04_SS1-68-E_comp.jams,643108,4,2,3,3,local_rates_favor_correction_for_all_groups,3,3,0,0.2729315459728241,0.21052563190460205
71712,0,04_SS1-68-E_comp.jams,661187,3,2,2,3,keep,3,3,1,0.39053991436958313,0.3498879373073578
71713,0,04_SS1-68-E_comp.jams,662998,2,2,2,2,keep,2,2,0,0.19813555479049683,0.1559230089187622
71731,0,04_SS1-68-E_comp.jams,716192,0,2,2,2,keep,2,2,0,0.07857905328273773,0.062366507947444916
71733,0,04_SS1-68-E_comp.jams,720195,2,2,2,2,keep,2,2,0,0.47565993666648865,0.394846111536026
71742,0,04_SS1-68-E_comp.jams,739082,4,2,2,3,keep,3,2,0,0.3385353088378906,0.34578007459640503
71743,0,04_SS1-68-E_comp.jams,740950,0,2,2,3,keep,3,3,0,0.3602190315723419,0.3350626826286316
71752,0,04_SS1-68-E_comp.jams,760844,4,4,4,2,keep,2,2,-1,0.3512483537197113,0.20597264170646667
71756,0,04_SS1-68-E_comp.jams,773445,3,2,2,2,keep,2,2,0,0.4866076409816742,0.41654324531555176
71758,0,04_SS1-68-E_comp.jams,777499,2,2,3,3,local_rates_favor_regression_for_all_groups,3,3,0,0.1892900913953781,0.03360600769519806
71759,0,04_SS1-68-E_comp.jams,779279,3,2,2,2,keep,2,2,0,0.45204585790634155,0.41429346799850464
71767,0,04_SS1-68-E_comp.jams,799007,5,2,2,2,keep,2,2,0,0.3876517713069916,0.364475816488266
71772,0,04_SS1-68-E_comp.jams,809997,0,2,2,2,keep,2,2,0,0.000814039318356663,0.0005123157170601189
71773,0,04_SS1-68-E_comp.jams,818332,4,4,4,4,keep,4,4,0,0.526634156703949,0.5562730431556702
71797,0,04_SS1-68-E_comp.jams,875384,3,2,2,2,keep,2,2,0,0.34309396147727966,0.3292045593261719
71800,0,04_SS1-68-E_comp.jams,880878,1,2,2,2,keep,2,2,0,0.007056321017444134,0.005144263152033091
71803,0,04_SS1-68-E_comp.jams,888263,2,3,2,2,mixed_by_complete_group,2,2,0,0.18328535556793213,0.33301758766174316
71806,0,04_SS1-68-E_comp.jams,893915,4,3,3,3,keep,3,3,0,0.25833916664123535,0.2655404210090637
71814,0,04_SS1-68-E_comp.jams,914408,5,4,4,4,keep,4,4,0,0.36409661173820496,0.5692087411880493
71815,0,04_SS1-68-E_comp.jams,919105,5,3,2,2,mixed_by_complete_group,2,2,0,0.18708941340446472,0.1344161480665207
71819,0,04_SS1-68-E_comp.jams,928187,6,3,2,2,local_rates_favor_correction_for_all_groups,2,2,0,0.1482113152742386,0.17812547087669373
71822,0,04_SS1-68-E_comp.jams,934138,3,3,3,3,keep,3,3,0,0.37597405910491943,0.45525869727134705
71831,0,04_SS1-68-E_comp.jams,953371,5,2,2,2,keep,2,2,0,0.5320371389389038,0.389786958694458
71839,0,04_SS1-68-E_comp.jams,972489,6,4,5,4,local_rates_favor_correction_for_all_groups,5,4,0,0.32760384678840637,0.5018088221549988
71849,0,04_SS1-68-E_comp.jams,993182,2,2,2,2,keep,2,2,0,0.2723674774169922,0.2041913866996765
71861,0,04_SS1-68-E_comp.jams,1019295,3,2,2,2,keep,2,2,0,0.47813570499420166,0.386692613363266
71867,0,04_SS1-68-E_comp.jams,1031659,3,2,2,2,keep,2,2,0,0.5508236885070801,0.4664320945739746
71876,0,04_SS1-68-E_comp.jams,1051208,4,3,3,4,keep,3,4,0,0.2456558495759964,0.048520587384700775
71879,0,04_SS1-68-E_comp.jams,1057382,1,2,2,2,keep,2,2,0,0.3749270737171173,0.3295745551586151
71886,0,04_SS1-68-E_comp.jams,1072022,3,3,2,3,local_rates_favor_regression_for_all_groups,2,3,0,0.23139141499996185,0.7410911321640015
71891,0,04_SS1-68-E_comp.jams,1083217,0,3,2,2,local_rates_favor_correction_for_all_groups,2,2,0,0.020133737474679947,0.010023009963333607
71892,0,04_SS1-68-E_comp.jams,1085011,6,3,2,2,local_rates_favor_correction_for_all_groups,2,2,0,0.1531786173582077,0.2717040479183197
71895,0,04_SS1-68-E_comp.jams,1091042,2,3,3,2,keep,2,2,1,0.23264001309871674,0.19976525008678436
71903,0,04_SS1-68-E_comp.jams,1108851,4,2,2,2,keep,2,2,0,0.2622150182723999,0.2202112078666687
71912,0,04_SS1-68-E_comp.jams,1127624,5,2,3,3,local_rates_favor_correction_for_all_groups,3,3,0,0.2438793033361435,0.27986690402030945
71922,0,04_SS1-68-E_comp.jams,1148958,2,2,2,2,keep,2,3,0,0.41674017906188965,0.21716268360614777
71925,0,04_SS1-68-E_comp.jams,1155096,1,2,2,2,keep,2,2,0,0.08129677176475525,0.08165769279003143
71930,0,04_SS1-68-E_comp.jams,1166261,1,2,2,2,keep,2,2,0,0.24534548819065094,0.18278633058071136
71938,0,04_SS1-68-E_comp.jams,1184981,3,3,2,2,mixed_by_complete_group,2,2,0,0.15221549570560455,0.23335038125514984
71946,0,04_SS1-68-E_comp.jams,1204260,4,3,2,2,mixed_by_complete_group,2,2,0,0.1250193566083908,0.06800830364227295
71947,0,04_SS1-68-E_comp.jams,1206066,0,2,2,2,keep,2,2,0,0.3358629047870636,0.24428997933864594
71950,0,04_SS1-68-E_comp.jams,1212468,3,2,2,2,keep,2,2,0,0.3217497169971466,0.42758262157440186
71952,0,04_SS1-68-E_comp.jams,1216774,1,3,2,2,mixed_by_complete_group,2,2,0,0.037838079035282135,0.008250389248132706
71956,0,04_SS1-68-E_comp.jams,1225329,3,2,3,3,mixed_by_complete_group,3,3,0,0.29901567101478577,0.3538318872451782
71961,0,04_SS1-68-E_comp.jams,1243339,3,4,4,4,keep,4,4,0,0.6191655993461609,0.6989927887916565
71967,0,04_SS1-68-E_comp.jams,1257033,1,2,2,2,keep,2,2,0,0.11442949622869492,0.07487171143293381
71970,0,04_SS1-68-E_comp.jams,1263809,4,3,3,3,keep,3,3,0,0.35810387134552,0.3807688057422638
71977,0,04_SS1-68-E_comp.jams,1281869,4,4,4,4,keep,4,4,0,0.37466612458229065,0.3430011570453644
71986,0,04_SS1-68-E_comp.jams,1303005,4,4,5,5,mixed_by_complete_group,5,5,0,0.28413936495780945,0.2672920227050781
71998,0,04_SS1-68-E_comp.jams,1329127,4,3,3,3,keep,3,3,0,0.37743258476257324,0.6625765562057495
72004,0,04_SS1-68-E_comp.jams,1342095,2,2,2,2,keep,2,2,0,0.4474974572658539,0.3889092803001404
72005,0,04_SS1-68-E_comp.jams,1343922,2,2,2,2,keep,2,2,0,0.4359266757965088,0.38088464736938477
72013,0,04_SS1-68-E_comp.jams,1361896,5,4,4,3,keep,3,4,0,0.21805179119110107,0.2459668666124344
72017,0,04_SS1-68-E_comp.jams,1369578,2,2,2,2,keep,2,2,0,0.2287924587726593,0.1722903847694397
72022,0,04_SS1-68-E_comp.jams,1379306,0,2,2,2,keep,2,2,0,0.06900621950626373,0.0673634335398674
72024,0,04_SS1-68-E_comp.jams,1383344,4,4,4,3,keep,4,3,0,0.49757012724876404,0.22383669018745422
72030,0,04_SS1-68-E_comp.jams,1396377,2,2,2,2,keep,2,2,0,0.2805664539337158,0.3820725977420807
72033,0,04_SS1-68-E_comp.jams,1402396,5,3,3,3,keep,3,3,0,0.2792704999446869,0.22350823879241943
72042,0,04_SS1-68-E_comp.jams,1422694,4,3,3,3,keep,2,3,0,0.3344365060329437,0.5933012962341309
72050,0,04_SS1-68-E_comp.jams,1440389,4,3,4,4,local_rates_favor_regression_for_all_groups,4,4,0,0.1163896918296814,0.13900892436504364
72051,0,04_SS1-68-E_comp.jams,1442185,1,2,2,2,keep,2,2,0,0.37141528725624084,0.2526995837688446
72059,0,04_SS1-68-E_comp.jams,1461757,4,2,2,2,keep,2,2,0,0.15061672031879425,0.14160990715026855
72072,0,04_SS1-68-E_comp.jams,1500103,4,4,4,4,keep,4,4,0,0.43325328826904297,0.40093836188316345
72079,0,04_SS1-68-E_comp.jams,1518530,2,3,2,3,mixed_by_complete_group,2,2,0,0.2252357006072998,0.2862676680088043
72082,0,04_SS1-68-E_comp.jams,1525807,1,2,2,2,keep,2,2,0,0.1393902450799942,0.10971736907958984
72087,0,04_SS1-68-E_comp.jams,1538764,4,3,2,2,local_rates_favor_correction_for_all_groups,2,2,0,0.3930113911628723,0.33350321650505066
72090,0,04_SS1-68-E_comp.jams,1551331,1,3,2,2,local_rates_favor_correction_for_all_groups,2,2,0,0.10671527683734894,0.10506381094455719
72093,0,04_SS1-68-E_comp.jams,1557602,5,3,3,2,keep,2,2,0,0.33302703499794006,0.2347857654094696
72102,0,04_SS1-68-E_comp.jams,1576756,4,2,2,2,keep,2,2,0,0.49594271183013916,0.5216125845909119
72111,0,04_SS1-68-E_comp.jams,1595938,4,3,5,5,mixed_by_complete_group,5,5,0,0.1544584035873413,0.11900433897972107
72119,0,04_SS1-68-E_comp.jams,1616912,4,2,2,2,keep,2,2,0,0.4964528977870941,0.27496200799942017
72137,0,04_SS1-68-E_comp.jams,1655534,4,3,2,3,mixed_by_complete_group,2,3,0,0.2710578143596649,0.4132532775402069
72146,0,04_SS1-68-E_comp.jams,1674203,4,3,4,5,mixed_by_complete_group,5,4,-1,0.14600306749343872,0.11334379762411118
72149,0,04_SS1-68-E_comp.jams,1680678,1,2,2,2,keep,2,2,0,0.30355337262153625,0.2953431308269501
72156,0,04_SS1-68-E_comp.jams,1694889,3,2,3,3,local_rates_favor_regression_for_all_groups,3,3,0,0.3615642189979553,0.3204231858253479
72163,0,04_SS1-68-E_comp.jams,1713247,6,3,3,3,keep,3,3,0,0.34264153242111206,0.4358876347541809
72172,0,04_SS1-68-E_comp.jams,1733068,5,2,2,2,keep,2,2,0,0.4531882405281067,0.4112880825996399
72181,0,04_SS1-68-E_comp.jams,1752240,4,3,2,3,local_rates_favor_regression_for_all_groups,5,3,0,0.13838286697864532,0.37633803486824036
72190,0,04_SS1-68-E_comp.jams,1771455,4,2,2,2,keep,2,2,0,0.2998005747795105,0.20688927173614502
72201,0,04_SS1-68-E_comp.jams,1797002,2,4,2,2,mixed_by_complete_group,2,2,0,0.07093289494514465,0.04250147193670273
72207,0,04_SS1-68-E_comp.jams,1809732,4,3,3,3,keep,3,3,0,0.28248581290245056,0.3685661554336548
72214,0,04_SS1-68-E_comp.jams,1827976,3,2,2,2,keep,2,2,0,0.36050862073898315,0.20489469170570374
72215,0,04_SS1-68-E_comp.jams,1829741,3,2,3,2,mixed_by_complete_group,2,3,-1,0.3845207095146179,0.36346787214279175
72218,0,04_SS1-68-E_comp.jams,1836480,6,3,2,2,mixed_by_complete_group,2,2,0,0.24656179547309875,0.2002149373292923
72224,0,04_SS1-68-E_comp.jams,1848978,6,4,5,5,mixed_by_complete_group,5,5,0,0.1885618269443512,0.24075326323509216
72294,0,04_SS1-68-E_solo.jams,745127,2,2,2,2,keep,2,2,0,0.04691420868039131,0.024747179821133614
72349,0,04_SS1-68-E_solo.jams,1394618,1,2,2,2,keep,2,2,0,0.21614360809326172,0.11146287620067596
982,1,00_BN3-154-E_comp.jams,6,4,4,4,4,keep,4,4,0,0.7741904258728027,0.9260921478271484
987,1,00_BN3-154-E_comp.jams,9376,2,3,3,3,keep,3,3,0,0.4492599070072174,0.0856049507856369
990,1,00_BN3-154-E_comp.jams,26864,4,4,4,4,keep,4,4,0,0.6409497857093811,0.5164573788642883
993,1,00_BN3-154-E_comp.jams,44657,4,4,4,3,keep,3,3,-1,0.3986535668373108,0.13482020795345306
995,1,00_BN3-154-E_comp.jams,59796,1,2,2,2,keep,2,2,0,0.47582942247390747,0.9863877296447754
996,1,00_BN3-154-E_comp.jams,61587,2,4,4,4,keep,4,4,0,0.5391828417778015,0.5214430689811707
1000,1,00_BN3-154-E_comp.jams,79356,2,3,3,3,keep,3,3,0,0.2819505035877228,0.36501774191856384
1017,1,00_BN3-154-E_comp.jams,120846,1,3,2,2,mixed_by_complete_group,2,2,0,0.11320306360721588,0.04760163277387619
1021,1,00_BN3-154-E_comp.jams,134290,0,2,2,2,keep,2,2,0,0.03491958603262901,0.013189248740673065
1023,1,00_BN3-154-E_comp.jams,139453,4,3,3,2,keep,3,2,0,0.4753042459487915,0.08699517697095871
1026,1,00_BN3-154-E_comp.jams,147938,4,3,3,3,keep,3,3,0,0.5042787194252014,0.5161251425743103
1030,1,00_BN3-154-E_comp.jams,164464,4,4,4,4,keep,4,4,0,0.835290789604187,0.8008323907852173
1033,1,00_BN3-154-E_comp.jams,182092,4,4,4,4,keep,4,4,0,0.6840519905090332,0.7310128211975098
1037,1,00_BN3-154-E_comp.jams,197744,4,4,4,3,keep,4,4,0,0.6071768403053284,0.453829824924469
1046,1,00_BN3-154-E_comp.jams,242575,3,2,3,2,local_rates_favor_regression_for_all_groups,3,2,0,0.2583189606666565,0.4794696867465973
1053,1,00_BN3-154-E_comp.jams,258179,2,2,2,2,keep,2,2,0,0.3841032385826111,0.3737102150917053
1066,1,00_BN3-154-E_comp.jams,302163,3,2,3,2,mixed_by_complete_group,2,2,-1,0.26300519704818726,0.8086816072463989
1072,1,00_BN3-154-E_comp.jams,319562,3,3,2,2,mixed_by_complete_group,2,2,0,0.14684975147247314,0.24467003345489502
1089,1,00_BN3-154-E_comp.jams,378628,2,3,2,2,mixed_by_complete_group,2,2,0,0.14680679142475128,0.12268484383821487
1093,1,00_BN3-154-E_comp.jams,405052,0,2,2,2,keep,2,2,0,0.4379510283470154,0.5066735744476318
1104,1,00_BN3-154-E_comp.jams,439500,3,2,2,3,keep,3,2,1,0.11800941824913025,0.08333051949739456
1115,1,00_BN3-154-E_comp.jams,480289,0,2,2,2,keep,2,2,0,0.06808184087276459,0.14255855977535248
1122,1,00_BN3-154-E_comp.jams,500010,1,2,2,2,keep,2,2,0,0.0023085372522473335,0.0050086756236851215
1140,1,00_BN3-154-E_comp.jams,549610,2,2,2,2,keep,2,2,0,0.13540062308311462,0.16649127006530762
1152,1,00_BN3-154-E_comp.jams,575630,3,2,2,2,keep,2,2,0,0.45478546619415283,0.3011534512042999
1157,1,00_BN3-154-E_comp.jams,592579,5,4,3,3,mixed_by_complete_group,3,3,0,0.1293095350265503,0.06490204483270645
1158,1,00_BN3-154-E_comp.jams,609444,5,2,2,3,keep,2,3,0,0.4975125789642334,0.05292575806379318
1162,1,00_BN3-154-E_comp.jams,627710,4,4,4,4,keep,4,4,0,0.4762902855873108,0.5091099143028259
1174,1,00_BN3-154-E_comp.jams,654246,3,2,2,2,keep,2,2,0,0.5299143195152283,0.6107147932052612
1189,1,00_BN3-154-E_comp.jams,686829,1,2,2,2,keep,2,2,0,0.16781580448150635,0.10360857844352722
1208,1,00_BN3-154-E_comp.jams,731022,4,2,3,3,mixed_by_complete_group,3,3,0,0.2858448028564453,0.3465912938117981
1213,1,00_BN3-154-E_comp.jams,748887,4,4,4,4,keep,4,4,0,0.6863963603973389,0.8696176409721375
1216,1,00_BN3-154-E_comp.jams,765139,1,3,3,3,keep,3,3,0,0.4468644857406616,0.7782164812088013
1220,1,00_BN3-154-E_comp.jams,791160,3,3,3,3,keep,3,3,0,0.5162987112998962,0.7342904806137085
1229,1,00_BN3-154-E_comp.jams,825374,1,2,2,2,keep,2,2,0,0.3334382176399231,0.27726998925209045
1234,1,00_BN3-154-E_comp.jams,850869,4,2,2,2,keep,2,2,0,0.230814129114151,0.35372394323349
1242,1,00_BN3-154-E_comp.jams,868392,3,2,2,2,keep,2,2,0,0.19120998680591583,0.2153436243534088
1263,1,00_BN3-154-E_comp.jams,928675,2,3,2,2,mixed_by_complete_group,2,2,0,0.11642207950353622,0.18508028984069824
1279,1,00_BN3-154-E_comp.jams,988804,4,4,2,2,mixed_by_complete_group,2,2,0,0.054127287119627,0.03267586976289749
1281,1,00_BN3-154-E_comp.jams,1005116,1,2,2,2,keep,2,2,0,0.2701677083969116,0.20265735685825348
1282,1,00_BN3-154-E_comp.jams,1007025,3,2,2,2,keep,2,2,0,0.21674339473247528,0.14494507014751434
1288,1,00_BN3-154-E_comp.jams,1023886,4,4,3,4,mixed_by_complete_group,3,4,0,0.17539089918136597,0.48145928978919983
1294,1,00_BN3-154-E_comp.jams,1040949,5,4,2,2,local_rates_favor_correction_for_all_groups,2,2,0,0.12362351268529892,0.05182396247982979
1318,1,00_BN3-154-E_solo.jams,5,0,2,2,2,keep,2,2,0,0.2730656564235687,0.8029585480690002
1331,1,00_BN3-154-E_solo.jams,35062,1,2,2,2,keep,2,2,0,0.3530428111553192,0.33065831661224365
1334,1,00_BN3-154-E_solo.jams,44104,1,2,2,2,keep,2,2,0,0.21537719666957855,0.16995899379253387
1359,1,00_BN3-154-E_solo.jams,103076,1,2,2,2,keep,2,2,0,0.3378526270389557,0.4861372113227844
1363,1,00_BN3-154-E_solo.jams,111880,1,2,2,3,keep,2,3,0,0.40592190623283386,0.08128782361745834
1371,1,00_BN3-154-E_solo.jams,128332,1,2,2,3,keep,3,2,0,0.3237450420856476,0.30485692620277405
1375,1,00_BN3-154-E_solo.jams,137002,1,4,2,2,mixed_by_complete_group,2,2,0,0.12812364101409912,0.08460330963134766
1379,1,00_BN3-154-E_solo.jams,145472,1,2,2,2,keep,2,2,0,0.4259223937988281,0.3802894651889801
1416,1,00_BN3-154-E_solo.jams,224831,1,2,2,2,keep,2,2,0,0.28296175599098206,0.29741883277893066
1429,1,00_BN3-154-E_solo.jams,250346,1,2,2,2,keep,2,2,0,0.26396825909614563,0.19033627212047577
1446,1,00_BN3-154-E_solo.jams,291777,1,2,2,2,keep,2,2,0,0.3150061368942261,0.35223668813705444
1500,1,00_BN3-154-E_solo.jams,413613,1,2,2,2,keep,2,2,0,0.36873915791511536,0.34089750051498413
1529,1,00_BN3-154-E_solo.jams,482332,1,3,3,2,keep,3,2,0,0.05283469334244728,0.001350492355413735
1565,1,00_BN3-154-E_solo.jams,634848,1,2,2,2,keep,2,2,0,0.22365526854991913,0.26048314571380615
1571,1,00_BN3-154-E_solo.jams,650634,1,2,2,2,keep,2,2,0,0.19987978041172028,0.3087698817253113
1639,1,00_BN3-154-E_solo.jams,893061,1,3,3,2,keep,2,3,0,0.297811359167099,0.25609102845191956
1658,1,00_BN3-154-E_solo.jams,962256,1,4,2,3,mixed_by_complete_group,3,2,0,0.002319873543456197,0.00012445989705156535
1666,1,00_BN3-154-E_solo.jams,978208,1,2,2,2,keep,2,2,0,0.12263680249452591,0.2211463451385498
1670,1,00_BN3-154-E_solo.jams,986372,0,2,2,2,keep,2,2,0,0.265891969203949,0.3387352228164673
1671,1,00_BN3-154-E_solo.jams,988602,1,2,2,2,keep,2,2,0,0.1640266478061676,0.21979841589927673
1678,1,00_BN3-154-E_solo.jams,1006615,1,2,3,3,local_rates_favor_regression_for_all_groups,3,3,0,0.09462162852287292,0.0029327603988349438
1682,1,00_BN3-154-E_solo.jams,1015545,1,2,2,2,keep,2,2,0,0.06577736139297485,0.13948442041873932
1698,1,00_BN3-154-E_solo.jams,1048894,1,2,2,2,keep,2,2,0,0.341415137052536,0.3838508129119873
1699,1,00_BN3-154-E_solo.jams,1050808,0,2,2,2,keep,2,2,0,0.06675977259874344,0.1250276118516922
2869,1,00_Funk2-119-G_comp.jams,29,6,3,4,4,mixed_by_complete_group,4,4,0,0.15169447660446167,0.05829751864075661
2876,1,00_Funk2-119-G_comp.jams,15484,2,2,2,2,keep,2,2,0,0.3523898124694824,0.3431169092655182
2877,1,00_Funk2-119-G_comp.jams,17337,3,3,2,2,local_rates_favor_regression_for_all_groups,2,2,0,0.270476371049881,0.17846331000328064
2882,1,00_Funk2-119-G_comp.jams,33264,3,2,3,3,mixed_by_complete_group,3,3,0,0.36133795976638794,0.217218279838562
2896,1,00_Funk2-119-G_comp.jams,65459,6,2,2,2,keep,2,2,0,0.4987768828868866,0.5925490856170654
2897,1,00_Funk2-119-G_comp.jams,67332,0,2,2,2,keep,2,2,0,0.17836077511310577,0.1463465839624405
2903,1,00_Funk2-119-G_comp.jams,81779,1,2,2,2,keep,2,2,0,0.2900001108646393,0.3013913333415985
2904,1,00_Funk2-119-G_comp.jams,83604,5,3,3,3,keep,3,3,0,0.2692243754863739,0.2096891850233078
2912,1,00_Funk2-119-G_comp.jams,99692,5,2,2,2,keep,2,2,0,0.4094415307044983,0.6727214455604553
2913,1,00_Funk2-119-G_comp.jams,101559,1,2,2,2,keep,2,2,0,0.3164476752281189,0.2422541230916977
2922,1,00_Funk2-119-G_comp.jams,118774,3,2,2,2,keep,2,2,0,0.19905094802379608,0.2708089053630829
2929,1,00_Funk2-119-G_comp.jams,134276,5,3,3,3,keep,3,3,0,0.4512454569339752,0.5364509224891663
2937,1,00_Funk2-119-G_comp.jams,151466,5,3,3,3,keep,3,3,0,0.41686108708381653,0.6079710125923157
2942,1,00_Funk2-119-G_comp.jams,167380,5,3,3,3,keep,3,3,0,0.3251282274723053,0.10953136533498764
2944,1,00_Funk2-119-G_comp.jams,173113,6,4,4,3,keep,3,3,0,0.3797914683818817,0.3426254987716675
2951,1,00_Funk2-119-G_comp.jams,188809,6,3,2,2,mixed_by_complete_group,2,2,0,0.18543539941310883,0.03596348688006401
2952,1,00_Funk2-119-G_comp.jams,190625,0,2,2,2,keep,2,2,0,0.4672817289829254,0.6317226886749268
2955,1,00_Funk2-119-G_comp.jams,197209,0,2,2,2,keep,2,2,0,0.00974823534488678,0.013194586150348186
2959,1,00_Funk2-119-G_comp.jams,206182,5,3,3,4,keep,4,4,0,0.20898045599460602,0.03501104563474655
2961,1,00_Funk2-119-G_comp.jams,223544,6,4,4,4,keep,4,4,0,0.40740862488746643,0.49212417006492615
2967,1,00_Funk2-119-G_comp.jams,240323,4,2,3,3,mixed_by_complete_group,2,3,0,0.26837754249572754,0.24203859269618988
2974,1,00_Funk2-119-G_comp.jams,257400,5,4,4,4,keep,4,4,0,0.5051016211509705,0.561427116394043
2982,1,00_Funk2-119-G_comp.jams,278405,6,4,4,5,keep,4,5,0,0.4401712417602539,0.290282666683197
2989,1,00_Funk2-119-G_comp.jams,295404,5,3,3,4,keep,4,4,0,0.19175194203853607,0.1576869934797287
2992,1,00_Funk2-119-G_comp.jams,312010,5,4,4,3,keep,3,3,0,0.20050238072872162,0.09322153776884079
2994,1,00_Funk2-119-G_comp.jams,333940,3,3,3,3,keep,3,3,0,0.3250195384025574,0.27577364444732666
2997,1,00_Funk2-119-G_comp.jams,350014,3,3,3,4,keep,3,3,0,0.2567528188228607,0.14994177222251892
3000,1,00_Funk2-119-G_comp.jams,356302,0,2,2,2,keep,2,2,0,0.27936121821403503,0.24759255349636078
3005,1,00_Funk2-119-G_comp.jams,366764,5,4,4,5,keep,4,4,0,0.3184570372104645,0.10748706012964249
3021,1,00_Funk2-119-G_comp.jams,400500,4,2,2,2,keep,2,2,0,0.19191904366016388,0.09096734970808029
3022,1,00_Funk2-119-G_comp.jams,402317,1,3,3,5,keep,5,5,0,0.1448013186454773,0.05183987691998482
3027,1,00_Funk2-119-G_comp.jams,413193,0,2,2,3,keep,2,3,0,0.0947292298078537,3.213497620890848e-05
3032,1,00_Funk2-119-G_comp.jams,423222,4,2,2,2,keep,2,2,0,0.1998828500509262,0.5777539610862732
3033,1,00_Funk2-119-G_comp.jams,425021,1,2,3,3,mixed_by_complete_group,3,3,0,0.2148294299840927,0.16670401394367218
3037,1,00_Funk2-119-G_comp.jams,434969,2,2,2,2,keep,2,2,0,0.3670074939727783,0.3564240634441376
3039,1,00_Funk2-119-G_comp.jams,439002,2,2,2,2,keep,2,2,0,0.491420716047287,0.4656054973602295
3041,1,00_Funk2-119-G_comp.jams,442614,1,2,2,2,keep,2,2,0,0.1667068898677826,0.13696816563606262
3047,1,00_Funk2-119-G_comp.jams,455526,4,4,4,4,keep,4,4,0,0.3944089412689209,0.2846444547176361
3055,1,00_Funk2-119-G_comp.jams,471061,0,2,3,3,mixed_by_complete_group,3,3,0,0.14708492159843445,0.010960947722196579
3063,1,00_Funk2-119-G_comp.jams,488397,4,4,4,5,keep,5,5,-1,0.36445754766464233,0.0947374477982521
3074,1,00_Funk2-119-G_comp.jams,510350,4,2,2,4,keep,2,4,0,0.31744280457496643,0.0967545211315155
3075,1,00_Funk2-119-G_comp.jams,512197,0,2,2,2,keep,2,2,0,0.3959066569805145,0.41967475414276123
3081,1,00_Funk2-119-G_comp.jams,528103,3,3,3,2,keep,3,2,0,0.23935404419898987,0.06706777960062027
3089,1,00_Funk2-119-G_comp.jams,543481,3,2,2,3,keep,2,3,0,0.24034902453422546,0.039799898862838745
3090,1,00_Funk2-119-G_comp.jams,545246,2,3,3,4,keep,3,3,0,0.3199210464954376,0.16660133004188538
3092,1,00_Funk2-119-G_comp.jams,561736,5,4,4,3,keep,3,3,0,0.33739134669303894,0.11168808490037918
3095,1,00_Funk2-119-G_comp.jams,578745,6,4,4,6,keep,4,4,0,0.3291562497615814,0.1973663717508316
3099,1,00_Funk2-119-G_comp.jams,586693,0,2,2,2,keep,2,2,0,0.11773623526096344,0.12507662177085876
3103,1,00_Funk2-119-G_comp.jams,596211,5,4,5,5,mixed_by_complete_group,5,5,0,0.10910630971193314,0.00647722277790308
3110,1,00_Funk2-119-G_comp.jams,610613,1,2,2,2,keep,2,2,0,0.38491106033325195,0.04594109207391739
3111,1,00_Funk2-119-G_comp.jams,612508,3,2,2,2,keep,2,2,0,0.11708211153745651,0.18376795947551727
3121,1,00_Funk2-119-G_comp.jams,633744,6,4,4,4,keep,3,4,0,0.3065234124660492,0.42298343777656555
3128,1,00_Funk2-119-G_comp.jams,651352,5,4,4,3,keep,4,4,0,0.4028092324733734,0.2019861340522766
3136,1,00_Funk2-119-G_comp.jams,666516,5,3,4,4,local_rates_favor_correction_for_all_groups,4,4,0,0.2807481288909912,0.11223290860652924
3144,1,00_Funk2-119-G_comp.jams,688508,5,3,3,3,keep,3,3,0,0.42838922142982483,0.448742151260376
3147,1,00_Funk2-119-G_comp.jams,699792,0,3,3,3,keep,3,3,0,0.3576532006263733,0.21112871170043945
3149,1,00_Funk2-119-G_comp.jams,705316,2,3,2,2,mixed_by_complete_group,2,2,0,0.2703307569026947,0.19915825128555298
3154,1,00_Funk2-119-G_comp.jams,722470,4,4,4,3,keep,4,3,0,0.4156167805194855,0.12380265444517136
3159,1,00_Funk2-119-G_comp.jams,739077,3,3,3,3,keep,3,3,0,0.455381840467453,0.26992231607437134
3165,1,00_Funk2-119-G_comp.jams,756123,4,4,4,3,keep,4,3,0,0.43807411193847656,0.06538200378417969
3179,1,00_Funk2-119-G_comp.jams,789675,4,4,5,5,mixed_by_complete_group,5,5,0,0.36300423741340637,0.09853857755661011
3190,1,00_Funk2-119-G_comp.jams,811838,2,2,2,2,keep,2,2,0,0.3377683460712433,0.5426717400550842
3195,1,00_Funk2-119-G_comp.jams,822198,4,3,2,2,mixed_by_complete_group,2,2,0,0.21085286140441895,0.031687259674072266
3196,1,00_Funk2-119-G_comp.jams,823964,0,2,2,2,keep,2,2,0,0.38574907183647156,0.3592071831226349
3204,1,00_Funk2-119-G_comp.jams,839560,4,3,3,3,keep,3,3,0,0.4470515549182892,0.47015178203582764
3212,1,00_Funk2-119-G_comp.jams,855653,3,3,2,2,mixed_by_complete_group,2,2,0,0.27995583415031433,0.09676253795623779
3223,1,00_Funk2-119-G_comp.jams,883168,2,3,2,2,mixed_by_complete_group,2,2,0,0.23896828293800354,0.1982538253068924
3224,1,00_Funk2-119-G_comp.jams,889606,2,2,2,2,keep,2,2,0,0.5666739344596863,0.6647884845733643
3228,1,00_Funk2-119-G_comp.jams,899877,4,4,4,4,keep,4,4,0,0.4316125512123108,0.3780759274959564
3235,1,00_Funk2-119-G_comp.jams,916868,4,3,3,4,keep,4,3,1,0.2842741012573242,0.20146538317203522
3240,1,00_Funk2-119-G_comp.jams,934095,4,4,4,4,keep,4,4,0,0.4706358015537262,0.33958467841148376
3247,1,00_Funk2-119-G_comp.jams,950692,5,4,5,5,mixed_by_complete_group,5,5,0,0.1995195597410202,0.11565686762332916
3255,1,00_Funk2-119-G_comp.jams,967230,4,2,2,2,keep,2,2,0,0.5560713410377502,0.9093011021614075
3256,1,00_Funk2-119-G_comp.jams,968999,1,2,2,2,keep,2,2,0,0.3212559223175049,0.23518508672714233
3265,1,00_Funk2-119-G_comp.jams,990514,5,3,3,3,keep,3,3,0,0.45707714557647705,0.636797308921814
3271,1,00_Funk2-119-G_comp.jams,1007618,6,4,4,5,keep,4,5,0,0.3666732907295227,0.2322661131620407
3277,1,00_Funk2-119-G_comp.jams,1023870,6,3,3,3,keep,3,3,0,0.3816359341144562,0.34267762303352356
3282,1,00_Funk2-119-G_comp.jams,1040377,5,4,4,3,keep,3,3,0,0.2427585870027542,0.1604996621608734
3286,1,00_Funk2-119-G_comp.jams,1050827,5,3,2,2,local_rates_favor_regression_for_all_groups,3,2,0,0.42490851879119873,0.2768554389476776
3289,1,00_Funk2-119-G_comp.jams,1067090,1,2,2,2,keep,2,2,0,0.5992085337638855,0.801959216594696
3293,1,00_Funk2-119-G_comp.jams,1076653,3,2,2,3,keep,2,4,0,0.23025555908679962,0.11969520151615143
3294,1,00_Funk2-119-G_comp.jams,1078548,2,3,4,4,mixed_by_complete_group,4,4,0,0.23571014404296875,0.190839946269989
3298,1,00_Funk2-119-G_comp.jams,1088126,0,2,2,2,keep,2,2,0,0.2088276594877243,0.029385099187493324
3301,1,00_Funk2-119-G_comp.jams,1094015,1,2,4,4,local_rates_favor_correction_for_all_groups,4,4,0,0.20146284997463226,0.21078245341777802
3302,1,00_Funk2-119-G_comp.jams,1095880,4,3,5,5,local_rates_favor_correction_for_all_groups,5,5,0,0.12088814377784729,0.0261898972094059
3309,1,00_Funk2-119-G_comp.jams,1111583,5,2,4,4,mixed_by_complete_group,4,4,0,0.1672990620136261,0.06529419124126434
3318,1,00_Funk2-119-G_comp.jams,1129743,4,3,4,5,mixed_by_complete_group,5,4,-1,0.07500925660133362,0.015009861439466476
3320,1,00_Funk2-119-G_comp.jams,1134422,2,2,2,2,keep,2,2,0,0.44497260451316833,0.5059704780578613
3324,1,00_Funk2-119-G_comp.jams,1145666,5,4,4,3,keep,4,3,0,0.31041961908340454,0.242026224732399
3332,1,00_Funk2-119-G_comp.jams,1167797,4,4,4,3,keep,3,3,-1,0.3513350188732147,0.20983265340328217
3339,1,00_Funk2-119-G_comp.jams,1183614,2,3,3,2,keep,2,3,1,0.24990123510360718,0.19674691557884216
3340,1,00_Funk2-119-G_comp.jams,1185391,2,2,3,2,mixed_by_complete_group,2,3,1,0.2985042631626129,0.32065966725349426
3344,1,00_Funk2-119-G_comp.jams,1195149,2,2,2,2,keep,2,2,0,0.3079880475997925,0.2125411033630371
3346,1,00_Funk2-119-G_comp.jams,1199319,4,3,4,5,mixed_by_complete_group,5,4,-1,0.09824240952730179,0.06353824585676193
3347,1,00_Funk2-119-G_comp.jams,1201129,0,2,2,2,keep,2,2,0,0.4064692556858063,0.6767879724502563
3352,1,00_Funk2-119-G_comp.jams,1211026,4,2,3,3,mixed_by_complete_group,2,3,0,0.2653767466545105,0.0985870435833931
3355,1,00_Funk2-119-G_comp.jams,1217428,4,4,4,5,keep,4,5,0,0.3976800739765167,0.2211669236421585
3363,1,00_Funk2-119-G_comp.jams,1233378,4,3,4,4,mixed_by_complete_group,4,4,0,0.18878284096717834,0.07792584598064423
3364,1,00_Funk2-119-G_comp.jams,1235306,0,2,2,2,keep,2,2,0,0.3199827969074249,0.3734855055809021
3370,1,00_Funk2-119-G_comp.jams,1257124,4,4,3,3,mixed_by_complete_group,3,3,0,0.3021751940250397,0.22902962565422058
3375,1,00_Funk2-119-G_comp.jams,1273269,2,2,2,2,keep,2,2,0,0.31016573309898376,0.3919874131679535
3376,1,00_Funk2-119-G_comp.jams,1275053,1,2,3,3,mixed_by_complete_group,3,3,0,0.13622674345970154,0.044971439987421036
3381,1,00_Funk2-119-G_comp.jams,1289976,4,3,3,5,keep,5,3,0,0.18553557991981506,0.2545587420463562
3388,1,00_Funk2-119-G_comp.jams,1323986,3,2,2,3,keep,2,3,0,0.47306209802627563,0.14204774796962738
3396,1,00_Funk2-119-G_comp.jams,1345550,4,4,3,3,mixed_by_complete_group,3,3,0,0.17539966106414795,0.22048026323318481
3398,1,00_Funk2-119-G_comp.jams,1361944,5,4,4,3,keep,4,3,0,0.37562763690948486,0.08802352845668793
3401,1,00_Funk2-119-G_comp.jams,1378108,5,3,3,2,keep,3,3,0,0.4132363796234131,0.31138548254966736
3402,1,00_Funk2-119-G_comp.jams,1395654,4,3,3,2,keep,2,3,0,0.35606110095977783,0.09287577867507935
3566,1,00_Funk3-112-C#_comp.jams,7,5,4,4,4,keep,4,4,0,0.4929928481578827,0.28647908568382263
3574,1,00_Funk3-112-C#_comp.jams,15754,0,2,2,2,keep,2,2,0,0.4848981201648712,0.5939526557922363
3575,1,00_Funk3-112-C#_comp.jams,17641,6,4,4,3,keep,4,4,0,0.3688028156757355,0.17086130380630493
3583,1,00_Funk3-112-C#_comp.jams,33739,4,3,3,3,keep,3,3,0,0.6360403299331665,0.8597905039787292
3593,1,00_Funk3-112-C#_comp.jams,60589,1,2,2,2,keep,2,2,0,0.03348430618643761,0.07748350501060486
3598,1,00_Funk3-112-C#_comp.jams,72767,6,4,4,3,keep,3,3,0,0.390217661857605,0.22144892811775208
3603,1,00_Funk3-112-C#_comp.jams,84971,0,3,3,2,keep,3,3,0,0.19766664505004883,0.033913012593984604
3605,1,00_Funk3-112-C#_comp.jams,90150,2,3,3,2,keep,3,2,0,0.26274046301841736,0.04465961828827858
3608,1,00_Funk3-112-C#_comp.jams,96597,4,3,3,3,keep,3,3,0,0.37464869022369385,0.28331640362739563
3616,1,00_Funk3-112-C#_comp.jams,113678,4,3,3,3,keep,3,3,0,0.4037623107433319,0.58501136302948
3620,1,00_Funk3-112-C#_comp.jams,130821,4,3,3,4,keep,3,4,0,0.450454980134964,0.3105168640613556
3632,1,00_Funk3-112-C#_comp.jams,154561,0,2,2,2,keep,2,2,0,0.2940986156463623,0.44498884677886963
3638,1,00_Funk3-112-C#_comp.jams,166423,4,4,4,3,keep,4,4,0,0.461520254611969,0.35638856887817383
3641,1,00_Funk3-112-C#_comp.jams,172078,0,3,2,3,mixed_by_complete_group,2,3,0,0.19270797073841095,0.485270619392395
3643,1,00_Funk3-112-C#_comp.jams,183998,3,3,3,3,keep,3,3,0,0.19052350521087646,0.07850294560194016
3646,1,00_Funk3-112-C#_comp.jams,190521,3,3,2,2,local_rates_favor_correction_for_all_groups,2,2,0,0.21344947814941406,0.1397591233253479
3653,1,00_Funk3-112-C#_comp.jams,209228,5,4,4,4,keep,4,4,0,0.5578721761703491,0.4039071202278137
3657,1,00_Funk3-112-C#_comp.jams,226251,4,3,3,4,keep,4,4,1,0.3668266832828522,0.3513800799846649
3671,1,00_Funk3-112-C#_comp.jams,260088,5,3,3,3,keep,3,3,0,0.3258187174797058,0.3276507556438446
3677,1,00_Funk3-112-C#_comp.jams,278509,3,2,2,2,keep,2,2,0,0.30372920632362366,0.2248375564813614
3678,1,00_Funk3-112-C#_comp.jams,282929,5,2,2,2,keep,2,2,0,0.5919437408447266,0.3728814125061035
3683,1,00_Funk3-112-C#_comp.jams,294279,3,3,3,2,keep,2,3,-1,0.1183624118566513,0.14207789301872253
3684,1,00_Funk3-112-C#_comp.jams,296105,3,3,3,3,keep,3,3,0,0.5633548498153687,0.40518614649772644
3688,1,00_Funk3-112-C#_comp.jams,313829,5,3,3,4,keep,3,4,0,0.40803128480911255,0.24477489292621613
3697,1,00_Funk3-112-C#_comp.jams,331642,5,3,3,3,keep,3,3,0,0.4028559923171997,0.6676322221755981
3702,1,00_Funk3-112-C#_comp.jams,341290,4,2,2,2,keep,2,2,0,0.45854318141937256,0.4657803475856781
3712,1,00_Funk3-112-C#_comp.jams,360993,4,4,4,3,keep,4,3,0,0.35371896624565125,0.1882397085428238
3716,1,00_Funk3-112-C#_comp.jams,372433,3,3,3,2,keep,3,2,0,0.1322489231824875,0.002056989585980773
3728,1,00_Funk3-112-C#_comp.jams,408287,4,2,2,3,keep,3,3,0,0.3870936632156372,0.1484174281358719
3736,1,00_Funk3-112-C#_comp.jams,424425,4,4,2,3,mixed_by_complete_group,3,2,0,0.17565207183361053,0.22585806250572205
3743,1,00_Funk3-112-C#_comp.jams,443776,4,3,3,2,keep,3,2,0,0.32646775245666504,0.07818260043859482
3747,1,00_Funk3-112-C#_comp.jams,461247,6,3,3,3,keep,3,3,0,0.3997040390968323,0.5615488290786743
3753,1,00_Funk3-112-C#_comp.jams,484135,5,4,4,4,keep,4,4,0,0.5033072233200073,0.4618959128856659
3762,1,00_Funk3-112-C#_comp.jams,502226,4,2,3,3,local_rates_favor_correction_for_all_groups,3,3,0,0.2512443959712982,0.06043240427970886
3771,1,00_Funk3-112-C#_comp.jams,519714,4,3,2,2,local_rates_favor_regression_for_all_groups,2,2,0,0.22544905543327332,0.1091068685054779
3780,1,00_Funk3-112-C#_comp.jams,537607,4,4,4,2,keep,4,3,0,0.2455301284790039,0.06645843386650085
3785,1,00_Funk3-112-C#_comp.jams,547313,4,3,3,3,keep,3,3,0,0.39073097705841064,0.5600978136062622
3788,1,00_Funk3-112-C#_comp.jams,554293,4,2,2,2,keep,2,2,0,0.3074723184108734,0.42855098843574524
3790,1,00_Funk3-112-C#_comp.jams,560093,3,3,2,2,mixed_by_complete_group,2,2,0,0.19175748527050018,0.009727046824991703
3791,1,00_Funk3-112-C#_comp.jams,565124,3,2,2,2,keep,2,2,0,0.3441704213619232,0.3740817904472351
3797,1,00_Funk3-112-C#_comp.jams,577207,2,2,2,2,keep,2,2,0,0.2898879945278168,0.513886570930481
3800,1,00_Funk3-112-C#_comp.jams,583946,5,4,4,3,keep,4,3,0,0.24894095957279205,0.13864536583423615
3809,1,00_Funk3-112-C#_comp.jams,602576,5,3,3,3,keep,3,3,0,0.4701005220413208,0.5297458171844482
3818,1,00_Funk3-112-C#_comp.jams,620720,4,4,3,3,mixed_by_complete_group,3,3,0,0.25740888714790344,0.10549483448266983
3825,1,00_Funk3-112-C#_comp.jams,638366,4,4,4,2,keep,4,2,0,0.31583869457244873,0.03627665713429451
3829,1,00_Funk3-112-C#_comp.jams,646361,0,2,2,2,keep,2,2,0,0.0741276741027832,0.03281291946768761
3830,1,00_Funk3-112-C#_comp.jams,650666,2,2,2,2,keep,2,2,0,0.09724048525094986,0.12928275763988495
3833,1,00_Funk3-112-C#_comp.jams,657070,2,2,3,3,local_rates_favor_regression_for_all_groups,2,3,1,0.2311839759349823,0.10551665723323822
3839,1,00_Funk3-112-C#_comp.jams,674067,5,3,3,4,keep,4,3,0,0.33800092339515686,0.36961841583251953
3845,1,00_Funk3-112-C#_comp.jams,691138,5,4,4,5,keep,5,5,1,0.3219292163848877,0.13503703474998474
3851,1,00_Funk3-112-C#_comp.jams,708903,5,4,4,5,keep,5,5,1,0.36076831817626953,0.20516091585159302
3856,1,00_Funk3-112-C#_comp.jams,719695,3,2,3,2,mixed_by_complete_group,2,2,-1,0.3368915319442749,0.5314138531684875
3859,1,00_Funk3-112-C#_comp.jams,725736,3,2,2,2,keep,2,2,0,0.46610021591186523,0.8565657138824463
3860,1,00_Funk3-112-C#_comp.jams,727514,2,2,3,3,local_rates_favor_regression_for_all_groups,3,3,0,0.20853149890899658,0.11929479241371155
3864,1,00_Funk3-112-C#_comp.jams,738761,2,3,3,4,keep,3,4,0,0.25833573937416077,0.0760156586766243
3868,1,00_Funk3-112-C#_comp.jams,750186,2,2,2,2,keep,2,2,0,0.355143666267395,0.02249096892774105
3871,1,00_Funk3-112-C#_comp.jams,756241,5,4,4,4,keep,4,4,0,0.3566700220108032,0.30741432309150696
3880,1,00_Funk3-112-C#_comp.jams,773921,4,4,3,3,local_rates_favor_correction_for_all_groups,3,3,0,0.1717761754989624,0.051377199590206146
3883,1,00_Funk3-112-C#_comp.jams,780051,4,3,3,2,keep,3,3,0,0.2681553363800049,0.20559515058994293
3889,1,00_Funk3-112-C#_comp.jams,797765,4,3,3,3,keep,3,3,0,0.5194680690765381,0.5366312861442566
3892,1,00_Funk3-112-C#_comp.jams,803592,5,4,4,4,keep,4,4,0,0.39836570620536804,0.5457474589347839
3897,1,00_Funk3-112-C#_comp.jams,815422,3,4,4,4,keep,4,4,0,0.22687433660030365,0.1997700184583664
3903,1,00_Funk3-112-C#_comp.jams,833635,5,3,3,4,keep,3,3,0,0.35538893938064575,0.11125008761882782
3908,1,00_Funk3-112-C#_comp.jams,851201,2,2,2,2,keep,2,2,0,0.6410843133926392,0.8681662678718567
3915,1,00_Funk3-112-C#_comp.jams,868167,4,3,3,3,keep,3,3,0,0.4717037081718445,0.4485938847064972
3921,1,00_Funk3-112-C#_comp.jams,884833,4,2,2,2,keep,2,2,0,0.5627896785736084,0.790911078453064
3934,1,00_Funk3-112-C#_comp.jams,910993,1,3,3,3,keep,2,3,0,0.2679551839828491,0.6311388611793518
3939,1,00_Funk3-112-C#_comp.jams,922195,4,4,3,3,mixed_by_complete_group,3,3,0,0.2740388512611389,0.06540984660387039
3943,1,00_Funk3-112-C#_comp.jams,933649,2,3,3,2,keep,3,2,0,0.18001170456409454,0.000651506008580327
3944,1,00_Funk3-112-C#_comp.jams,939330,4,3,3,3,keep,3,3,0,0.400391548871994,0.34083694219589233
3947,1,00_Funk3-112-C#_comp.jams,945785,4,2,2,2,keep,2,2,0,0.5634772181510925,0.5724561810493469
3952,1,00_Funk3-112-C#_comp.jams,957333,3,4,4,3,keep,3,4,1,0.23645205795764923,0.15129244327545166
3955,1,00_Funk3-112-C#_comp.jams,964121,1,2,3,2,local_rates_favor_regression_for_all_groups,3,2,0,0.10111793875694275,0.6179772019386292
3957,1,00_Funk3-112-C#_comp.jams,968686,3,3,3,3,keep,3,3,0,0.5036996603012085,0.3638562560081482
3965,1,00_Funk3-112-C#_comp.jams,985309,5,3,3,3,keep,3,3,0,0.2158331423997879,0.18198801577091217
3968,1,00_Funk3-112-C#_comp.jams,991607,4,3,2,2,mixed_by_complete_group,2,2,0,0.31431981921195984,0.20907460153102875
3973,1,00_Funk3-112-C#_comp.jams,1002898,3,2,2,2,keep,2,2,0,0.37410035729408264,0.46116703748703003
3979,1,00_Funk3-112-C#_comp.jams,1027622,5,4,4,3,keep,3,3,0,0.31348809599876404,0.1325131505727768
3989,1,00_Funk3-112-C#_comp.jams,1050122,5,4,2,2,mixed_by_complete_group,2,2,0,0.11332818120718002,0.07391397655010223
4001,1,00_Funk3-112-C#_comp.jams,1075150,5,3,3,4,keep,4,3,0,0.322704017162323,0.32663315534591675
4013,1,00_Funk3-112-C#_comp.jams,1099389,2,2,2,2,keep,2,2,0,0.14831197261810303,0.21815258264541626
4018,1,00_Funk3-112-C#_comp.jams,1110538,5,3,2,2,local_rates_favor_correction_for_all_groups,2,2,0,0.23798301815986633,0.07262254506349564
4019,1,00_Funk3-112-C#_comp.jams,1112375,0,2,2,2,keep,2,2,0,0.1283724308013916,0.1109989657998085
4025,1,00_Funk3-112-C#_comp.jams,1126670,1,2,2,2,keep,2,2,0,0.2760879695415497,0.38148781657218933
4026,1,00_Funk3-112-C#_comp.jams,1128471,2,2,2,3,keep,2,2,0,0.21346010267734528,0.023983754217624664
4034,1,00_Funk3-112-C#_comp.jams,1158359,3,3,3,3,keep,3,2,0,0.3588043451309204,0.1421089917421341
4039,1,00_Funk3-112-C#_comp.jams,1175276,3,3,3,3,keep,3,3,0,0.5367147922515869,0.31835639476776123
4042,1,00_Funk3-112-C#_comp.jams,1181263,1,2,3,3,local_rates_favor_regression_for_all_groups,3,3,0,0.2958407700061798,0.2055477797985077
4047,1,00_Funk3-112-C#_comp.jams,1192933,3,2,2,2,keep,2,2,0,0.44285887479782104,0.37341180443763733
4054,1,00_Funk3-112-C#_comp.jams,1211727,3,2,3,3,local_rates_favor_regression_for_all_groups,3,3,0,0.31317976117134094,0.08159206807613373
4056,1,00_Funk3-112-C#_comp.jams,1223066,2,2,2,2,keep,2,2,0,0.43602073192596436,0.2964259684085846
4059,1,00_Funk3-112-C#_comp.jams,1239811,5,4,4,4,keep,4,4,0,0.3591517508029938,0.30063313245773315
4071,1,00_Funk3-112-C#_comp.jams,1263768,5,4,3,3,mixed_by_complete_group,3,4,0,0.18673498928546906,0.29745644330978394
4083,1,00_Funk3-112-C#_comp.jams,1287039,1,2,2,2,keep,2,2,0,0.23861826956272125,0.3976600468158722
4093,1,00_Funk3-112-C#_comp.jams,1311277,3,2,2,2,keep,2,2,0,0.30418702960014343,0.00824421551078558
4096,1,00_Funk3-112-C#_comp.jams,1322887,6,3,2,3,mixed_by_complete_group,3,3,0,0.2592766284942627,0.3354232907295227
4106,1,00_Funk3-112-C#_comp.jams,1344799,5,3,4,4,mixed_by_complete_group,4,4,0,0.4107029139995575,0.35513126850128174
4115,1,00_Funk3-112-C#_comp.jams,1367758,3,3,3,3,keep,2,3,-1,0.2737904191017151,0.3401624262332916
4116,1,00_Funk3-112-C#_comp.jams,1369532,1,2,2,2,keep,2,2,0,0.20348697900772095,0.17676527798175812
4127,1,00_Funk3-112-C#_comp.jams,1399611,4,4,3,3,local_rates_favor_correction_for_all_groups,3,3,0,0.11400917172431946,0.06173965334892273
4129,1,00_Funk3-112-C#_comp.jams,1406484,4,2,2,2,keep,2,2,0,0.49622732400894165,0.6629354357719421
4134,1,00_Funk3-112-C#_comp.jams,1417596,4,3,3,3,keep,4,3,1,0.2987655997276306,0.6762570738792419
4137,1,00_Funk3-112-C#_comp.jams,1430156,3,2,2,2,keep,2,2,0,0.2256936877965927,0.2614843547344208
4138,1,00_Funk3-112-C#_comp.jams,1441565,5,4,4,3,keep,3,3,0,0.17001864314079285,0.08232072740793228
4141,1,00_Funk3-112-C#_comp.jams,1453860,5,2,3,3,mixed_by_complete_group,3,3,0,0.22465212643146515,0.04045853391289711
4147,1,00_Funk3-112-C#_comp.jams,1465433,4,2,2,2,keep,2,2,0,0.2587333619594574,0.3632740378379822
4152,1,00_Funk3-112-C#_comp.jams,1475491,4,2,2,2,keep,2,2,0,0.26411500573158264,0.26268380880355835
4153,1,00_Funk3-112-C#_comp.jams,1477282,1,2,2,2,keep,2,2,0,0.25903385877609253,0.28376305103302
4155,1,00_Funk3-112-C#_comp.jams,1489106,5,2,3,3,mixed_by_complete_group,3,3,0,0.24586161971092224,0.10584830492734909
4159,1,00_Funk3-112-C#_comp.jams,1500589,4,3,2,2,mixed_by_complete_group,2,2,0,0.09320764243602753,0.05844099819660187
4167,1,00_Funk3-112-C#_solo.jams,35189,2,2,2,2,keep,2,3,0,0.36345329880714417,0.24109895527362823
4275,1,00_Funk3-112-C#_solo.jams,934941,2,2,2,2,keep,2,2,0,0.1734529584646225,0.25558722019195557
4351,1,00_Funk3-112-C#_solo.jams,1477551,2,3,2,2,local_rates_favor_correction_for_all_groups,2,2,0,0.045893579721450806,0.0028045610524713993
4352,1,00_Funk3-112-C#_solo.jams,1489137,2,2,2,2,keep,2,2,0,0.38670113682746887,0.5059482455253601
15738,1,00_SS3-98-C_comp.jams,15131,1,2,2,2,keep,2,2,0,0.3400145471096039,0.36739668250083923
15751,1,00_SS3-98-C_comp.jams,49349,1,3,2,2,mixed_by_complete_group,2,2,0,0.0746540054678917,0.013443178497254848
15758,1,00_SS3-98-C_comp.jams,68724,3,2,3,3,local_rates_favor_regression_for_all_groups,3,3,0,0.07480770349502563,0.020879952237010002
15776,1,00_SS3-98-C_comp.jams,121283,1,2,2,3,keep,2,3,0,0.25710734724998474,0.0401647612452507
15783,1,00_SS3-98-C_comp.jams,135933,1,2,2,2,keep,2,2,0,0.31275230646133423,0.30731579661369324
15793,1,00_SS3-98-C_comp.jams,156456,1,2,2,2,keep,2,2,0,0.34134870767593384,0.23621442914009094
15800,1,00_SS3-98-C_comp.jams,169900,1,2,2,2,keep,2,2,0,0.14081336557865143,0.14612358808517456
15817,1,00_SS3-98-C_comp.jams,205622,3,3,3,2,keep,2,2,-1,0.14775705337524414,0.04740070551633835
15820,1,00_SS3-98-C_comp.jams,219235,1,2,2,3,keep,3,3,0,0.21913212537765503,0.08071425557136536
15825,1,00_SS3-98-C_comp.jams,230577,3,2,2,2,keep,2,2,0,0.3142790198326111,0.13905328512191772
15844,1,00_SS3-98-C_comp.jams,284066,1,2,2,3,keep,2,2,0,0.3717489242553711,0.19862878322601318
15854,1,00_SS3-98-C_comp.jams,310595,1,2,2,2,keep,2,2,0,0.44066470861434937,0.4252209961414337
15859,1,00_SS3-98-C_comp.jams,332395,1,2,2,2,keep,2,2,0,0.017161017283797264,0.011065740138292313
15865,1,00_SS3-98-C_comp.jams,346094,0,2,2,2,keep,2,2,0,0.15726925432682037,0.17097455263137817
15907,1,00_SS3-98-C_comp.jams,444453,1,2,2,2,keep,2,2,0,0.39569368958473206,0.49727991223335266
15921,1,00_SS3-98-C_comp.jams,478220,1,2,2,2,keep,2,2,0,0.3888688385486603,0.5322753190994263
15931,1,00_SS3-98-C_comp.jams,498861,1,3,2,2,local_rates_favor_regression_for_all_groups,2,2,0,0.0826759859919548,0.0787210613489151
15952,1,00_SS3-98-C_comp.jams,552771,2,2,2,2,keep,2,2,0,0.3990420997142792,0.4796041250228882
15953,1,00_SS3-98-C_comp.jams,554743,1,2,2,2,keep,2,2,0,0.10978399962186813,0.12368456274271011
15965,1,00_SS3-98-C_comp.jams,586155,1,2,2,3,keep,3,3,0,0.17775186896324158,0.07215604931116104
15972,1,00_SS3-98-C_comp.jams,607196,1,3,2,2,mixed_by_complete_group,2,2,0,0.16254545748233795,0.17615050077438354
15981,1,00_SS3-98-C_comp.jams,629546,1,2,2,2,keep,2,2,0,0.07882113009691238,0.0706603080034256
15986,1,00_SS3-98-C_comp.jams,643092,1,3,3,3,keep,3,3,0,0.09873829782009125,0.02411821484565735
16018,1,00_SS3-98-C_comp.jams,722620,1,2,2,2,keep,2,2,0,0.1621721386909485,0.15104816854000092
16030,1,00_SS3-98-C_comp.jams,748622,1,2,2,2,keep,2,2,0,0.2966873049736023,0.7301067113876343
16033,1,00_SS3-98-C_comp.jams,756455,0,2,2,2,keep,2,2,0,0.21153438091278076,0.24537886679172516
16045,1,00_SS3-98-C_comp.jams,788816,1,2,2,2,keep,2,2,0,0.27026504278182983,0.2501184046268463
16049,1,00_SS3-98-C_comp.jams,797290,2,2,2,2,keep,2,2,0,0.2147376984357834,0.29561811685562134
16061,1,00_SS3-98-C_comp.jams,826522,4,2,2,2,keep,2,2,0,0.43051669001579285,0.48454758524894714
16064,1,00_SS3-98-C_comp.jams,843858,1,2,2,2,keep,2,2,0,0.5871681571006775,0.5823707580566406
16074,1,00_SS3-98-C_comp.jams,879291,3,3,3,3,keep,3,3,0,0.37314990162849426,0.6555238962173462
16081,1,00_SS3-98-C_comp.jams,896643,1,2,2,2,keep,2,2,0,0.23726290464401245,0.1357193887233734
16086,1,00_SS3-98-C_comp.jams,908859,1,2,2,2,keep,2,2,0,0.3743371367454529,0.28263530135154724
16090,1,00_SS3-98-C_comp.jams,919560,2,2,2,2,keep,2,2,0,0.3547281324863434,0.44747596979141235
16098,1,00_SS3-98-C_comp.jams,947741,3,3,3,3,keep,3,3,0,0.4682522118091583,0.6620850563049316
16111,1,00_SS3-98-C_comp.jams,986042,3,3,4,3,local_rates_favor_regression_for_all_groups,4,3,0,0.39605772495269775,0.6138215065002441
16117,1,00_SS3-98-C_comp.jams,1005209,1,2,2,2,keep,2,2,0,0.13547448813915253,0.0476810522377491
16141,1,00_SS3-98-C_comp.jams,1054667,1,2,2,2,keep,2,2,0,0.5406094193458557,0.6332297921180725
16159,1,00_SS3-98-C_comp.jams,1093905,3,2,2,2,keep,2,3,0,0.2260066121816635,0.22248996794223785
16254,1,00_SS3-98-C_comp.jams,1362820,2,3,2,2,mixed_by_complete_group,2,3,0,0.14988458156585693,0.22473159432411194
16291,1,00_SS3-98-C_comp.jams,1473213,2,2,2,2,keep,2,2,0,0.3134549558162689,0.5657763481140137
16321,1,00_SS3-98-C_comp.jams,1544599,1,2,2,2,keep,2,2,0,0.2892419993877411,0.42864790558815
16338,1,00_SS3-98-C_comp.jams,1579519,2,3,2,2,mixed_by_complete_group,2,2,0,0.07560057193040848,0.024331260472536087
16348,1,00_SS3-98-C_comp.jams,1600220,1,2,2,2,keep,2,2,0,0.10859397053718567,0.08436997979879379
16364,1,00_SS3-98-C_comp.jams,1647539,1,2,2,2,keep,2,2,0,0.23286083340644836,0.2266761213541031
16396,1,00_SS3-98-C_solo.jams,5,1,2,2,2,keep,2,2,0,0.04391684755682945,0.058284658938646317
16424,1,00_SS3-98-C_solo.jams,431828,2,3,3,2,keep,2,2,1,0.3466973900794983,0.22036343812942505
16440,1,00_SS3-98-C_solo.jams,473035,1,2,2,2,keep,2,2,0,0.02319197729229927,0.038898877799510956
16453,1,00_SS3-98-C_solo.jams,500397,1,2,2,2,keep,2,2,0,0.018873440101742744,0.05590725690126419
16482,1,00_SS3-98-C_solo.jams,621149,2,2,3,3,local_rates_favor_regression_for_all_groups,3,3,0,0.331936240196228,0.2199004590511322
16485,1,00_SS3-98-C_solo.jams,634977,0,2,2,2,keep,2,2,0,0.28998711705207825,0.4738418459892273
16491,1,00_SS3-98-C_solo.jams,648108,3,3,3,3,keep,3,3,0,0.500949501991272,0.7160634398460388
16496,1,00_SS3-98-C_solo.jams,676085,3,3,3,3,keep,3,3,0,0.611416220664978,0.38956278562545776
16497,1,00_SS3-98-C_solo.jams,678059,0,2,2,2,keep,2,2,0,0.06769795715808868,0.06938459724187851
16529,1,00_SS3-98-C_solo.jams,741346,2,2,2,2,keep,2,2,0,0.37437814474105835,0.35065630078315735
16534,1,00_SS3-98-C_solo.jams,768478,3,2,2,2,keep,2,2,0,0.5721182823181152,0.6687188744544983
16546,1,00_SS3-98-C_solo.jams,795286,3,2,3,2,local_rates_favor_regression_for_all_groups,2,3,-1,0.3630680739879608,0.3389209508895874
16550,1,00_SS3-98-C_solo.jams,837171,3,3,3,3,keep,3,3,0,0.6031701564788818,0.6832266449928284
16554,1,00_SS3-98-C_solo.jams,864207,3,3,2,2,mixed_by_complete_group,2,2,0,0.2739473879337311,0.27979159355163574
16555,1,00_SS3-98-C_solo.jams,866130,1,2,2,2,keep,2,2,0,0.20728948712348938,0.13531731069087982
16566,1,00_SS3-98-C_solo.jams,889338,0,3,3,2,keep,2,2,0,0.00023301430337596685,3.594029180931102e-07
16576,1,00_SS3-98-C_solo.jams,916582,0,2,2,2,keep,2,2,0,0.4491497576236725,0.9116883873939514
16577,1,00_SS3-98-C_solo.jams,918350,3,2,4,4,local_rates_favor_correction_for_all_groups,4,4,0,0.2258242666721344,0.1355399191379547
16591,1,00_SS3-98-C_solo.jams,947304,3,4,4,4,keep,4,4,0,0.5178272128105164,0.4162382483482361
16603,1,00_SS3-98-C_solo.jams,972345,2,3,3,3,keep,3,3,0,0.3087237477302551,0.2859516441822052
16620,1,00_SS3-98-C_solo.jams,1013824,2,3,2,2,mixed_by_complete_group,2,2,0,0.12875595688819885,0.08740593492984772
16649,1,00_SS3-98-C_solo.jams,1079876,2,2,2,2,keep,2,2,0,0.19140493869781494,0.289986252784729
16653,1,00_SS3-98-C_solo.jams,1094044,2,3,2,2,mixed_by_complete_group,2,2,0,0.23346151411533356,0.08412029594182968
16668,1,00_SS3-98-C_solo.jams,1134570,1,2,2,2,keep,2,2,0,0.24126951396465302,0.2211107313632965
16696,1,00_SS3-98-C_solo.jams,1242628,1,2,2,2,keep,2,2,0,0.2781781554222107,0.2668991684913635
16705,1,00_SS3-98-C_solo.jams,1284074,1,2,2,3,keep,2,3,0,0.2495935559272766,0.01826692558825016
16711,1,00_SS3-98-C_solo.jams,1297222,1,2,3,3,local_rates_favor_regression_for_all_groups,3,3,0,0.20465408265590668,0.042811691761016846
16720,1,00_SS3-98-C_solo.jams,1318714,1,2,2,2,keep,2,2,0,0.31210005283355713,0.3190695345401764
16725,1,00_SS3-98-C_solo.jams,1330110,1,3,2,3,mixed_by_complete_group,2,2,0,0.24448885023593903,0.2727299928665161
16740,1,00_SS3-98-C_solo.jams,1364084,1,2,2,2,keep,2,2,0,0.26129087805747986,0.3319958448410034
16779,1,00_SS3-98-C_solo.jams,1525447,0,2,2,2,keep,2,2,0,0.15502789616584778,0.15735526382923126
16789,1,00_SS3-98-C_solo.jams,1546579,1,4,3,3,mixed_by_complete_group,3,3,0,0.11785086989402771,0.030678197741508484
16818,1,00_SS3-98-C_solo.jams,1633437,2,2,2,2,keep,2,2,0,0.1894788146018982,0.23704184591770172
16820,1,00_SS3-98-C_solo.jams,1646905,3,4,4,3,keep,4,4,0,0.4661619961261749,0.22851991653442383
16827,1,00_SS3-98-C_solo.jams,1661888,2,2,2,2,keep,2,2,0,0.2038373500108719,0.24111123383045197
16846,1,00_SS3-98-C_solo.jams,1701024,1,2,2,2,keep,2,2,0,0.3345910906791687,0.2830706238746643
16852,1,00_SS3-98-C_solo.jams,1716093,2,3,3,2,keep,3,3,0,0.34003493189811707,0.18954570591449738
17763,1,01_BN3-154-E_comp.jams,5,2,3,3,2,keep,3,2,0,0.4880411624908447,0.06591849029064178
17764,1,01_BN3-154-E_comp.jams,1787,1,2,3,3,mixed_by_complete_group,2,3,0,0.3478047251701355,0.15605127811431885
17768,1,01_BN3-154-E_comp.jams,25456,3,3,3,3,keep,3,3,0,0.5294798016548157,0.5818373560905457
17769,1,01_BN3-154-E_comp.jams,27238,1,2,2,2,keep,2,2,0,0.2787191867828369,0.7226924300193787
17780,1,01_BN3-154-E_comp.jams,59698,2,2,2,2,keep,2,2,0,0.23979543149471283,0.16862882673740387
17781,1,01_BN3-154-E_comp.jams,68063,3,3,3,3,keep,3,3,0,0.5833056569099426,0.4625159204006195
17785,1,01_BN3-154-E_comp.jams,96391,3,4,3,3,mixed_by_complete_group,3,3,0,0.37920525670051575,0.3676797151565552
17796,1,01_BN3-154-E_comp.jams,137498,2,3,3,3,keep,3,4,0,0.5815019607543945,0.3304370641708374
17799,1,01_BN3-154-E_comp.jams,164005,3,3,3,3,keep,4,3,-1,0.4085429012775421,0.55389404296875
17811,1,01_BN3-154-E_comp.jams,189137,2,2,3,2,local_rates_favor_regression_for_all_groups,3,2,0,0.1089969277381897,0.33317506313323975
17814,1,01_BN3-154-E_comp.jams,205972,3,3,3,3,keep,3,3,0,0.494184672832489,0.7940340638160706
17819,1,01_BN3-154-E_comp.jams,232987,4,4,4,4,keep,4,4,0,0.6462427377700806,0.6772724390029907
17822,1,01_BN3-154-E_comp.jams,240291,3,2,2,2,keep,2,2,0,0.22589510679244995,0.35876327753067017
17825,1,01_BN3-154-E_comp.jams,248888,1,3,3,2,keep,3,2,0,0.37526461482048035,0.10765120387077332
17829,1,01_BN3-154-E_comp.jams,257674,1,3,3,3,keep,3,3,0,0.2389640063047409,0.19819168746471405
17832,1,01_BN3-154-E_comp.jams,274503,3,3,3,3,keep,3,3,0,0.48439350724220276,0.5834969878196716
17837,1,01_BN3-154-E_comp.jams,301475,4,4,3,3,local_rates_favor_regression_for_all_groups,3,3,0,0.39409831166267395,0.39958393573760986
17843,1,01_BN3-154-E_comp.jams,316076,1,2,2,2,keep,2,2,0,0.08759064972400665,0.1650245636701584
17845,1,01_BN3-154-E_comp.jams,326316,2,3,3,3,keep,3,3,0,0.3252127766609192,0.3478368818759918
17849,1,01_BN3-154-E_comp.jams,343444,3,4,4,4,keep,4,4,0,0.7304356694221497,0.8205356597900391
17854,1,01_BN3-154-E_comp.jams,370303,3,3,3,3,keep,3,3,0,0.3007674515247345,0.23575471341609955
17861,1,01_BN3-154-E_comp.jams,384718,2,2,2,2,keep,2,2,0,0.13853612542152405,0.17002247273921967
17870,1,01_BN3-154-E_comp.jams,411647,3,3,3,3,keep,3,3,0,0.5349521636962891,0.8469637632369995
17875,1,01_BN3-154-E_comp.jams,438378,2,2,3,2,mixed_by_complete_group,2,2,1,0.3926083743572235,0.6794761419296265
17881,1,01_BN3-154-E_comp.jams,463852,2,2,2,2,keep,2,2,0,0.2926618754863739,0.29794156551361084
17884,1,01_BN3-154-E_comp.jams,481204,3,3,3,3,keep,3,3,0,0.6306807994842529,0.714742124080658
17888,1,01_BN3-154-E_comp.jams,498474,3,3,3,3,keep,3,3,0,0.30615973472595215,0.2809002995491028
17901,1,01_BN3-154-E_comp.jams,525111,2,2,2,2,keep,2,2,0,0.3733827471733093,0.7272658944129944
17905,1,01_BN3-154-E_comp.jams,533439,3,4,4,4,keep,4,4,0,0.3857012391090393,0.6395274996757507
17908,1,01_BN3-154-E_comp.jams,542837,0,2,2,3,keep,2,3,0,0.47152179479599,0.22110873460769653
17919,1,01_BN3-154-E_comp.jams,577214,3,2,2,2,keep,2,2,0,0.5755710005760193,0.6718461513519287
17930,1,01_BN3-154-E_comp.jams,600177,1,2,2,2,keep,2,2,0,0.32280436158180237,0.5072996616363525
17937,1,01_BN3-154-E_comp.jams,645190,4,3,3,3,keep,3,3,0,0.5418550968170166,0.7547677159309387
17948,1,01_BN3-154-E_comp.jams,670596,3,3,3,3,keep,3,3,0,0.43072283267974854,0.351429283618927
17951,1,01_BN3-154-E_comp.jams,679978,2,3,3,2,keep,2,2,1,0.2056601196527481,0.07368399202823639
17953,1,01_BN3-154-E_comp.jams,687934,0,2,2,2,keep,2,2,0,0.5371420979499817,0.7688276171684265
17957,1,01_BN3-154-E_comp.jams,713445,0,2,2,2,keep,2,2,0,0.248792827129364,0.08666110783815384
17958,1,01_BN3-154-E_comp.jams,715215,2,2,2,2,keep,2,2,0,0.3878079056739807,0.15913522243499756
17964,1,01_BN3-154-E_comp.jams,731434,2,2,2,2,keep,2,2,0,0.3824789524078369,0.30296778678894043
17968,1,01_BN3-154-E_comp.jams,739428,3,2,3,2,mixed_by_complete_group,2,2,-1,0.29008081555366516,0.48192816972732544
17975,1,01_BN3-154-E_comp.jams,782961,3,3,3,4,keep,3,3,0,0.4556255042552948,0.33819153904914856
17983,1,01_BN3-154-E_comp.jams,807473,3,3,3,3,keep,3,3,0,0.35235169529914856,0.3051806390285492
17987,1,01_BN3-154-E_comp.jams,824391,3,4,4,4,keep,4,4,0,0.6697498559951782,0.696438729763031
17992,1,01_BN3-154-E_comp.jams,851905,3,4,4,4,keep,4,4,0,0.4911210536956787,0.4317956268787384
18000,1,01_BN3-154-E_comp.jams,877481,3,3,3,3,keep,3,3,0,0.39705413579940796,0.2792510986328125
18007,1,01_BN3-154-E_comp.jams,893824,3,3,3,3,keep,3,3,0,0.5152180194854736,0.47130441665649414
18013,1,01_BN3-154-E_comp.jams,910492,1,2,2,3,keep,2,3,0,0.18752701580524445,0.012760462239384651
18017,1,01_BN3-154-E_comp.jams,927899,1,2,2,2,keep,2,2,0,0.30692583322525024,0.14306458830833435
18019,1,01_BN3-154-E_comp.jams,937160,3,3,2,2,mixed_by_complete_group,2,2,0,0.4048593044281006,0.20070646703243256
18023,1,01_BN3-154-E_comp.jams,945363,2,2,2,3,keep,3,3,-1,0.35335391759872437,0.2561904191970825
18030,1,01_BN3-154-E_comp.jams,963068,4,3,3,3,keep,3,3,0,0.41590508818626404,0.45451638102531433
18035,1,01_BN3-154-E_comp.jams,988337,1,4,4,2,keep,2,2,0,0.3061213195323944,0.12993523478507996
18045,1,01_BN3-154-E_comp.jams,1012884,4,2,3,3,mixed_by_complete_group,3,3,0,0.36214765906333923,0.25710436701774597
18050,1,01_BN3-154-E_comp.jams,1030905,3,3,3,4,keep,3,3,0,0.45990821719169617,0.32666903734207153
18053,1,01_BN3-154-E_comp.jams,1048402,3,4,3,4,local_rates_favor_correction_for_all_groups,3,4,0,0.3041157126426697,0.7042053937911987
18170,1,01_BN3-154-E_solo.jams,421783,0,2,2,2,keep,2,2,0,0.002551719546318054,0.006313991267234087
18234,1,01_BN3-154-E_solo.jams,713182,1,2,2,2,keep,2,2,0,0.08242997527122498,0.15907524526119232
19463,1,01_Funk2-119-G_comp.jams,4,2,2,2,3,keep,2,4,0,0.3345102071762085,0.058175355195999146
19465,1,01_Funk2-119-G_comp.jams,11327,2,4,3,3,mixed_by_complete_group,3,3,0,0.37248316407203674,0.19814495742321014
19469,1,01_Funk2-119-G_comp.jams,28230,3,2,2,3,keep,2,3,0,0.6172313094139099,0.3485843539237976
19470,1,01_Funk2-119-G_comp.jams,30034,0,2,3,3,local_rates_favor_correction_for_all_groups,2,3,0,0.10203574597835541,0.013456673361361027
19473,1,01_Funk2-119-G_comp.jams,44690,2,3,3,3,keep,3,3,0,0.4848867654800415,0.31459841132164
19477,1,01_Funk2-119-G_comp.jams,60863,2,3,3,4,keep,3,4,0,0.6681548357009888,0.051529597491025925
19480,1,01_Funk2-119-G_comp.jams,71996,1,3,3,2,keep,3,3,0,0.12704038619995117,0.0011428507277742028
19481,1,01_Funk2-119-G_comp.jams,77372,2,3,3,2,keep,3,2,0,0.39229074120521545,0.07858440279960632
19483,1,01_Funk2-119-G_comp.jams,88442,2,2,2,2,keep,2,2,0,0.49048951268196106,0.6512187719345093
19484,1,01_Funk2-119-G_comp.jams,94083,2,2,2,2,keep,2,2,0,0.033448729664087296,0.0062750861980021
19486,1,01_Funk2-119-G_comp.jams,100135,2,4,2,3,local_rates_favor_correction_for_all_groups,3,2,-1,0.134097158908844,0.020988423377275467
19491,1,01_Funk2-119-G_comp.jams,116464,3,3,3,3,keep,3,3,0,0.46153804659843445,0.5790014266967773
19495,1,01_Funk2-119-G_comp.jams,132935,4,3,3,4,keep,3,3,0,0.3873027265071869,0.2714250385761261
19500,1,01_Funk2-119-G_comp.jams,150750,3,3,3,3,keep,3,3,0,0.665192186832428,0.5928819179534912
19502,1,01_Funk2-119-G_comp.jams,161403,2,2,2,2,keep,2,2,0,0.15318119525909424,0.01180832926183939
19504,1,01_Funk2-119-G_comp.jams,165696,3,2,2,2,keep,2,2,0,0.4038955271244049,0.44261300563812256
19505,1,01_Funk2-119-G_comp.jams,167490,1,2,3,3,mixed_by_complete_group,3,3,0,0.3468482792377472,0.050360649824142456
19511,1,01_Funk2-119-G_comp.jams,189988,2,3,3,3,keep,3,3,0,0.7126571536064148,0.5474066138267517
19515,1,01_Funk2-119-G_comp.jams,207119,3,3,3,3,keep,3,3,0,0.554922878742218,0.615984320640564
19518,1,01_Funk2-119-G_comp.jams,216864,1,2,2,2,keep,2,2,0,0.029510237276554108,0.0003033554821740836
19523,1,01_Funk2-119-G_comp.jams,239767,3,3,3,3,keep,3,3,0,0.6277626156806946,0.5716336369514465
19526,1,01_Funk2-119-G_comp.jams,250330,3,3,3,4,keep,4,2,-1,0.34771353006362915,0.228091761469841
19528,1,01_Funk2-119-G_comp.jams,255972,3,4,3,3,mixed_by_complete_group,3,3,0,0.14234696328639984,0.0633179247379303
19530,1,01_Funk2-119-G_comp.jams,265334,0,3,3,2,keep,2,2,0,0.04278765246272087,0.0008935239748097956
19534,1,01_Funk2-119-G_comp.jams,277616,3,3,3,3,keep,3,3,0,0.5270323157310486,0.30920639634132385
19537,1,01_Funk2-119-G_comp.jams,293854,3,3,3,3,keep,3,3,0,0.6379204988479614,0.3960373103618622
19542,1,01_Funk2-119-G_comp.jams,311337,4,3,3,4,keep,3,3,0,0.5946080684661865,0.36394640803337097
19547,1,01_Funk2-119-G_comp.jams,327804,3,3,3,3,keep,3,3,0,0.5318315029144287,0.34021884202957153
19551,1,01_Funk2-119-G_comp.jams,339136,2,3,3,3,keep,3,3,0,0.6896722316741943,0.6009267568588257
19555,1,01_Funk2-119-G_comp.jams,356539,1,3,3,3,keep,3,3,0,0.3480657637119293,0.007562132086604834
19556,1,01_Funk2-119-G_comp.jams,367679,4,4,4,4,keep,4,4,0,0.52028489112854,0.3930359482765198
19560,1,01_Funk2-119-G_comp.jams,377989,0,3,3,2,keep,3,3,0,0.03705920651555061,9.234967728843912e-05
19561,1,01_Funk2-119-G_comp.jams,384087,4,3,3,3,keep,3,3,0,0.49499422311782837,0.32799577713012695
19565,1,01_Funk2-119-G_comp.jams,400910,4,4,4,3,keep,4,3,0,0.492127925157547,0.13758163154125214
19569,1,01_Funk2-119-G_comp.jams,417045,2,3,3,3,keep,3,3,0,0.6919087767601013,0.4707026183605194
19571,1,01_Funk2-119-G_comp.jams,422775,0,3,3,2,keep,3,3,0,0.01866818405687809,4.236158565618098e-05
19572,1,01_Funk2-119-G_comp.jams,427874,3,3,3,3,keep,3,3,0,0.6156942248344421,0.40240880846977234
19575,1,01_Funk2-119-G_comp.jams,434232,4,2,2,2,keep,2,2,0,0.5855887532234192,0.8385531306266785
19580,1,01_Funk2-119-G_comp.jams,456344,3,3,3,4,keep,3,4,0,0.5386778116226196,0.1298496425151825
19583,1,01_Funk2-119-G_comp.jams,467276,1,3,3,3,keep,3,3,0,0.08408384770154953,8.275559957837686e-05
19584,1,01_Funk2-119-G_comp.jams,472863,4,3,3,2,keep,3,2,0,0.4382037818431854,0.10187758505344391
19588,1,01_Funk2-119-G_comp.jams,489137,2,3,3,3,keep,3,3,0,0.5029107928276062,0.5254507660865784
19592,1,01_Funk2-119-G_comp.jams,505653,3,3,3,3,keep,3,3,0,0.7356154918670654,0.699962317943573
19597,1,01_Funk2-119-G_comp.jams,533855,3,4,4,4,keep,4,4,0,0.4873988926410675,0.5300719141960144
19599,1,01_Funk2-119-G_comp.jams,545125,4,2,2,2,keep,2,2,0,0.6567422151565552,0.5054883360862732
19607,1,01_Funk2-119-G_comp.jams,578589,2,2,2,2,keep,2,2,0,0.4584861993789673,0.04682362079620361
19610,1,01_Funk2-119-G_comp.jams,594777,2,2,2,3,keep,2,3,0,0.572383463382721,0.10314828902482986
19614,1,01_Funk2-119-G_comp.jams,611290,3,3,3,3,keep,3,3,0,0.5734968781471252,0.4818838834762573
19615,1,01_Funk2-119-G_comp.jams,617348,3,3,3,2,keep,3,3,0,0.5987604260444641,0.39877748489379883
19620,1,01_Funk2-119-G_comp.jams,633491,3,3,3,3,keep,3,3,0,0.7892595529556274,0.6950890421867371
19624,1,01_Funk2-119-G_comp.jams,650624,3,3,3,4,keep,3,4,0,0.615444004535675,0.2513594627380371
19628,1,01_Funk2-119-G_comp.jams,666966,2,3,3,3,keep,3,3,0,0.6833723783493042,0.42086949944496155
19631,1,01_Funk2-119-G_comp.jams,683783,1,2,2,2,keep,2,2,0,0.5942248106002808,0.04594520851969719
19634,1,01_Funk2-119-G_comp.jams,695385,1,2,2,2,keep,2,2,0,0.5218178629875183,0.6456115245819092
19635,1,01_Funk2-119-G_comp.jams,700396,0,3,3,2,keep,3,2,0,0.2218608409166336,0.0017976433737203479
19638,1,01_Funk2-119-G_comp.jams,717780,0,3,3,3,keep,3,3,0,0.03425724431872368,0.002245864365249872
19639,1,01_Funk2-119-G_comp.jams,723335,2,3,3,3,keep,3,3,0,0.6835151314735413,0.44679322838783264
19642,1,01_Funk2-119-G_comp.jams,734065,0,3,3,3,keep,3,3,0,0.0528082400560379,0.0008763185469433665
19643,1,01_Funk2-119-G_comp.jams,740256,3,3,3,4,keep,3,4,0,0.5533641576766968,0.39280661940574646
19647,1,01_Funk2-119-G_comp.jams,756771,2,4,4,3,keep,3,4,0,0.42419806122779846,0.19708256423473358
19652,1,01_Funk2-119-G_comp.jams,778302,1,3,3,2,keep,3,3,0,0.46843624114990234,0.3461773693561554
19655,1,01_Funk2-119-G_comp.jams,789422,3,3,3,3,keep,3,3,0,0.39717745780944824,0.22421003878116608
19658,1,01_Funk2-119-G_comp.jams,795307,3,4,4,3,keep,4,3,0,0.42589884996414185,0.16580495238304138
19661,1,01_Funk2-119-G_comp.jams,806550,2,2,2,2,keep,2,2,0,0.6712272763252258,0.6574959754943848
19666,1,01_Funk2-119-G_comp.jams,822983,2,2,2,2,keep,2,2,0,0.47565358877182007,0.2348259687423706
19672,1,01_Funk2-119-G_comp.jams,844618,2,3,3,3,keep,3,3,0,0.5153300762176514,0.5158095955848694
19677,1,01_Funk2-119-G_comp.jams,861541,3,3,3,3,keep,3,3,0,0.7009133696556091,0.7284727096557617
19680,1,01_Funk2-119-G_comp.jams,872992,3,3,3,3,keep,3,3,0,0.42060261964797974,0.230474054813385
19682,1,01_Funk2-119-G_comp.jams,877220,2,2,2,2,keep,2,2,0,0.412692666053772,0.44574689865112305
19687,1,01_Funk2-119-G_comp.jams,890574,2,4,4,3,keep,3,4,0,0.3991107642650604,0.3096155524253845
19689,1,01_Funk2-119-G_comp.jams,901800,3,3,3,3,keep,3,3,0,0.2843467891216278,0.3490760922431946
19691,1,01_Funk2-119-G_comp.jams,918476,3,3,3,3,keep,3,3,0,0.4907512664794922,0.4095284044742584
19696,1,01_Funk2-119-G_comp.jams,935029,3,3,3,3,keep,3,3,0,0.43153753876686096,0.427388459444046
19698,1,01_Funk2-119-G_comp.jams,946032,0,3,3,3,keep,3,3,0,0.276111364364624,0.06361868977546692
19700,1,01_Funk2-119-G_comp.jams,951678,2,4,2,3,mixed_by_complete_group,3,2,-1,0.09227191656827927,0.036228835582733154
19702,1,01_Funk2-119-G_comp.jams,957819,0,2,2,2,keep,2,2,0,0.6268495321273804,0.36035141348838806
19703,1,01_Funk2-119-G_comp.jams,962347,3,3,3,3,keep,3,3,0,0.760637640953064,0.719984233379364
19707,1,01_Funk2-119-G_comp.jams,972503,2,2,2,3,keep,2,3,0,0.5676289200782776,0.09220260381698608
19710,1,01_Funk2-119-G_comp.jams,979359,3,4,2,2,mixed_by_complete_group,2,2,0,0.05351012945175171,0.04797422140836716
19713,1,01_Funk2-119-G_comp.jams,990077,3,3,3,3,keep,3,3,0,0.44370895624160767,0.4872967302799225
19714,1,01_Funk2-119-G_comp.jams,1001397,1,2,2,2,keep,2,2,0,0.42714494466781616,0.3732217252254486
19715,1,01_Funk2-119-G_comp.jams,1007181,2,2,2,2,keep,2,2,0,0.7010932564735413,0.6662729978561401
19718,1,01_Funk2-119-G_comp.jams,1023400,3,3,3,3,keep,3,3,0,0.6655082106590271,0.44876715540885925
19720,1,01_Funk2-119-G_comp.jams,1034498,1,2,2,2,keep,2,2,0,0.4152986407279968,0.514152467250824
19721,1,01_Funk2-119-G_comp.jams,1040061,3,4,3,3,mixed_by_complete_group,3,3,0,0.24474164843559265,0.10396745800971985
19726,1,01_Funk2-119-G_comp.jams,1055590,1,3,3,2,keep,3,2,0,0.30386248230934143,0.039425332099199295
19729,1,01_Funk2-119-G_comp.jams,1067806,3,4,3,3,local_rates_favor_correction_for_all_groups,3,3,0,0.4097091853618622,0.05149512737989426
19732,1,01_Funk2-119-G_comp.jams,1079229,3,4,4,4,keep,4,4,0,0.5251688957214355,0.5358638167381287
19737,1,01_Funk2-119-G_comp.jams,1096313,2,3,3,3,keep,3,3,0,0.270041286945343,0.4931272864341736
19741,1,01_Funk2-119-G_comp.jams,1112618,3,3,3,3,keep,3,3,0,0.7485387325286865,0.6346771717071533
19744,1,01_Funk2-119-G_comp.jams,1123099,0,2,2,2,keep,2,2,0,0.050451118499040604,0.002828397788107395
19745,1,01_Funk2-119-G_comp.jams,1128770,2,3,3,3,keep,3,3,0,0.7455683350563049,0.6866495609283447
19748,1,01_Funk2-119-G_comp.jams,1139294,2,3,3,2,keep,3,2,0,0.4196530282497406,0.1735009402036667
19752,1,01_Funk2-119-G_comp.jams,1148772,1,2,2,2,keep,2,2,0,0.34462878108024597,0.4935361444950104
19758,1,01_Funk2-119-G_comp.jams,1167042,2,3,3,3,keep,3,3,0,0.6022880673408508,0.23291033506393433
19761,1,01_Funk2-119-G_comp.jams,1183416,2,2,2,2,keep,2,2,0,0.5138064622879028,0.501356840133667
19765,1,01_Funk2-119-G_comp.jams,1200527,3,3,3,3,keep,3,3,0,0.620846688747406,0.5377260446548462
19769,1,01_Funk2-119-G_comp.jams,1217484,2,3,3,3,keep,3,3,0,0.6366254091262817,0.24647116661071777
19774,1,01_Funk2-119-G_comp.jams,1240128,2,3,3,2,keep,3,3,0,0.626004159450531,0.24390070140361786
19776,1,01_Funk2-119-G_comp.jams,1245279,2,4,2,2,mixed_by_complete_group,2,2,0,0.11641997843980789,0.025352463126182556
19778,1,01_Funk2-119-G_comp.jams,1256541,2,2,2,2,keep,2,2,0,0.42073535919189453,0.4373243451118469
19780,1,01_Funk2-119-G_comp.jams,1272464,2,2,2,2,keep,2,2,0,0.42872822284698486,0.16690704226493835
19783,1,01_Funk2-119-G_comp.jams,1290040,0,2,2,2,keep,2,2,0,0.46436309814453125,0.20008869469165802
19786,1,01_Funk2-119-G_comp.jams,1306575,3,3,3,3,keep,3,3,0,0.665890634059906,0.6100456714630127
19790,1,01_Funk2-119-G_comp.jams,1322656,3,3,3,3,keep,3,3,0,0.4057924449443817,0.20770636200904846
19791,1,01_Funk2-119-G_comp.jams,1329194,3,3,2,2,mixed_by_complete_group,2,2,0,0.25428372621536255,0.09346732497215271
19795,1,01_Funk2-119-G_comp.jams,1344837,4,3,3,3,keep,3,3,0,0.7845908403396606,0.6033192873001099
19798,1,01_Funk2-119-G_comp.jams,1361269,2,2,2,3,keep,2,3,0,0.4658234715461731,0.1557794213294983
19799,1,01_Funk2-119-G_comp.jams,1363042,2,3,3,2,keep,2,2,1,0.22667162120342255,0.05613359808921814
19803,1,01_Funk2-119-G_comp.jams,1378438,4,3,3,3,keep,3,3,0,0.742081344127655,0.6065782904624939
19807,1,01_Funk2-119-G_comp.jams,1395121,2,3,3,3,keep,3,3,0,0.3249623775482178,0.5416015386581421
19810,1,01_Funk2-119-G_comp.jams,1411359,4,4,4,3,keep,4,3,0,0.33661696314811707,0.07312462478876114
19811,1,01_Funk2-119-G_comp.jams,1417215,3,4,3,3,mixed_by_complete_group,3,3,0,0.18756844103336334,0.04054876044392586
19952,1,01_Funk2-119-G_solo.jams,1040716,1,2,2,2,keep,2,2,0,0.41718971729278564,0.6197896599769592
19980,1,01_Funk2-119-G_solo.jams,1194628,1,2,2,2,keep,2,2,0,0.06786365807056427,0.5289824604988098
20015,1,01_Funk3-112-C#_comp.jams,6,2,2,2,2,keep,2,2,0,0.4531063437461853,0.5402815937995911
20018,1,01_Funk3-112-C#_comp.jams,24379,3,2,2,2,keep,2,2,0,0.3705061078071594,0.5690693855285645
20021,1,01_Funk3-112-C#_comp.jams,47962,3,2,2,3,keep,2,3,0,0.4559576213359833,0.12985798716545105
20025,1,01_Funk3-112-C#_comp.jams,58031,2,3,3,4,keep,3,3,0,0.3162054419517517,0.15475551784038544
20029,1,01_Funk3-112-C#_comp.jams,65951,3,3,3,3,keep,3,3,0,0.6516550183296204,0.5366052389144897
20032,1,01_Funk3-112-C#_comp.jams,77394,3,2,2,2,keep,2,2,0,0.5703243017196655,0.6221967339515686
20034,1,01_Funk3-112-C#_comp.jams,81154,3,3,3,3,keep,3,3,0,0.5520976185798645,0.6837882399559021
20041,1,01_Funk3-112-C#_comp.jams,117628,3,2,4,4,mixed_by_complete_group,4,4,0,0.3074103593826294,0.13634401559829712
20044,1,01_Funk3-112-C#_comp.jams,141513,2,2,4,4,mixed_by_complete_group,2,4,1,0.3840211033821106,0.23343370854854584
20053,1,01_Funk3-112-C#_comp.jams,160271,3,3,3,2,keep,2,3,-1,0.14939655363559723,0.1465267688035965
20058,1,01_Funk3-112-C#_comp.jams,177424,3,2,3,2,mixed_by_complete_group,3,2,0,0.3900145888328552,0.5137378573417664
20061,1,01_Funk3-112-C#_comp.jams,183807,3,2,2,2,keep,2,2,0,0.23823542892932892,0.2049146443605423
20066,1,01_Funk3-112-C#_comp.jams,213121,3,3,3,4,keep,3,4,0,0.5020885467529297,0.324285089969635
20070,1,01_Funk3-112-C#_comp.jams,236600,4,2,2,3,keep,2,3,0,0.41247808933258057,0.18371237814426422
20076,1,01_Funk3-112-C#_comp.jams,260412,3,2,2,3,keep,2,2,0,0.4344157874584198,0.230200856924057
20079,1,01_Funk3-112-C#_comp.jams,284016,3,3,3,3,keep,3,3,0,0.5143070816993713,0.5819779634475708
20083,1,01_Funk3-112-C#_comp.jams,307424,3,3,3,3,keep,3,3,0,0.4092112183570862,0.4561966061592102
20088,1,01_Funk3-112-C#_comp.jams,330709,3,3,3,3,keep,3,3,0,0.38312867283821106,0.5364954471588135
20095,1,01_Funk3-112-C#_comp.jams,347919,2,3,2,2,mixed_by_complete_group,2,2,0,0.1624416559934616,0.017923997715115547
20099,1,01_Funk3-112-C#_comp.jams,360253,3,3,3,3,keep,3,3,0,0.5881925225257874,0.3368300795555115
20104,1,01_Funk3-112-C#_comp.jams,378217,2,2,3,2,mixed_by_complete_group,2,2,1,0.2367558628320694,0.8089980483055115
20106,1,01_Funk3-112-C#_comp.jams,390127,2,2,2,2,keep,3,2,-1,0.38925057649612427,0.6456381678581238
20109,1,01_Funk3-112-C#_comp.jams,402524,3,2,3,3,local_rates_favor_regression_for_all_groups,3,3,0,0.46352288126945496,0.45759299397468567
20113,1,01_Funk3-112-C#_comp.jams,425883,3,2,2,2,keep,2,2,0,0.4615052044391632,0.7657545804977417
20115,1,01_Funk3-112-C#_comp.jams,437468,1,2,2,2,keep,2,2,0,0.283454567193985,0.058379098773002625
20116,1,01_Funk3-112-C#_comp.jams,442867,3,3,3,3,keep,3,3,0,0.7916792035102844,0.8223838806152344
20117,1,01_Funk3-112-C#_comp.jams,454365,3,3,3,3,keep,3,3,0,0.588367223739624,0.5218668580055237
20123,1,01_Funk3-112-C#_comp.jams,496140,3,2,4,4,mixed_by_complete_group,4,4,0,0.23778827488422394,0.0358353853225708
20127,1,01_Funk3-112-C#_comp.jams,519666,3,3,3,4,keep,3,4,0,0.4495401382446289,0.10958047956228256
20133,1,01_Funk3-112-C#_comp.jams,531578,2,3,2,3,mixed_by_complete_group,2,3,0,0.21676574647426605,0.8040058612823486
20136,1,01_Funk3-112-C#_comp.jams,537500,3,4,4,5,keep,4,5,0,0.5122365355491638,0.1875111311674118
20139,1,01_Funk3-112-C#_comp.jams,544742,0,3,2,2,mixed_by_complete_group,2,2,0,0.03653045743703842,0.006323684938251972
20145,1,01_Funk3-112-C#_comp.jams,567536,0,2,2,2,keep,2,2,0,0.14225363731384277,0.15656089782714844
20148,1,01_Funk3-112-C#_comp.jams,590537,3,2,2,3,keep,2,3,0,0.5412825345993042,0.40672430396080017
20150,1,01_Funk3-112-C#_comp.jams,602279,2,2,2,2,keep,2,2,0,0.3094944655895233,0.13067705929279327
20151,1,01_Funk3-112-C#_comp.jams,613857,3,2,2,3,keep,2,3,0,0.4948960542678833,0.4348260164260864
20153,1,01_Funk3-112-C#_comp.jams,626034,3,2,2,2,keep,2,2,0,0.49948498606681824,0.794264554977417
20155,1,01_Funk3-112-C#_comp.jams,637521,3,3,3,2,keep,2,3,-1,0.34112977981567383,0.17983873188495636
20158,1,01_Funk3-112-C#_comp.jams,649605,2,2,2,2,keep,2,2,0,0.2730181813240051,0.48405492305755615
20159,1,01_Funk3-112-C#_comp.jams,661604,2,4,3,3,local_rates_favor_correction_for_all_groups,3,3,0,0.08109404891729355,0.07684728503227234
20161,1,01_Funk3-112-C#_comp.jams,685669,3,3,3,3,keep,3,3,0,0.5304751992225647,0.7840590476989746
20164,1,01_Funk3-112-C#_comp.jams,697033,3,3,3,3,keep,3,3,0,0.343824177980423,0.7671415209770203
20165,1,01_Funk3-112-C#_comp.jams,708936,3,3,3,3,keep,3,3,0,0.7119790315628052,0.7203311920166016
20167,1,01_Funk3-112-C#_comp.jams,719559,2,2,2,2,keep,2,2,0,0.10821536928415298,0.07715797424316406
20168,1,01_Funk3-112-C#_comp.jams,725610,3,3,3,3,keep,3,3,0,0.5160104036331177,0.2378401756286621
20172,1,01_Funk3-112-C#_comp.jams,737822,2,3,3,2,keep,2,2,1,0.43974560499191284,0.36603933572769165
20174,1,01_Funk3-112-C#_comp.jams,743871,0,2,2,2,keep,2,2,0,0.20284989476203918,0.29374265670776367
20178,1,01_Funk3-112-C#_comp.jams,767373,3,2,2,2,keep,2,2,0,0.6401421427726746,0.9689709544181824
20180,1,01_Funk3-112-C#_comp.jams,779420,3,3,3,4,keep,4,3,-1,0.39285022020339966,0.32637012004852295
20184,1,01_Funk3-112-C#_comp.jams,803028,3,2,2,4,keep,2,4,0,0.41961759328842163,0.3098522126674652
20188,1,01_Funk3-112-C#_comp.jams,814006,1,3,3,3,keep,3,3,0,0.6149059534072876,0.7998467087745667
20192,1,01_Funk3-112-C#_comp.jams,821602,3,4,3,3,mixed_by_complete_group,3,3,0,0.23219268023967743,0.2500932812690735
20195,1,01_Funk3-112-C#_comp.jams,833852,3,2,2,2,keep,2,2,0,0.657060444355011,0.9243826270103455
20197,1,01_Funk3-112-C#_comp.jams,838507,3,3,3,4,keep,4,2,-1,0.2357642650604248,0.0847906842827797
20203,1,01_Funk3-112-C#_comp.jams,862840,3,3,3,3,keep,3,3,0,0.5152694582939148,0.42407914996147156
20206,1,01_Funk3-112-C#_comp.jams,874847,2,3,3,4,keep,3,4,0,0.4678414463996887,0.2137714922428131
20211,1,01_Funk3-112-C#_comp.jams,898272,3,2,4,4,mixed_by_complete_group,4,4,0,0.3722076416015625,0.23553423583507538
20214,1,01_Funk3-112-C#_comp.jams,903826,2,2,3,3,local_rates_favor_regression_for_all_groups,2,3,1,0.1725948005914688,0.008555029518902302
20223,1,01_Funk3-112-C#_comp.jams,928071,3,2,2,3,keep,2,3,0,0.643945574760437,0.3014565706253052
20225,1,01_Funk3-112-C#_comp.jams,932463,3,2,2,3,keep,2,3,0,0.3207473158836365,0.1600193828344345
20230,1,01_Funk3-112-C#_comp.jams,951374,3,2,2,2,keep,2,2,0,0.5706167817115784,0.8843377828598022
20233,1,01_Funk3-112-C#_comp.jams,957481,2,3,3,3,keep,3,3,0,0.5222443342208862,0.43295663595199585
20236,1,01_Funk3-112-C#_comp.jams,968708,4,3,3,3,keep,3,3,0,0.529004693031311,0.4721793234348297
20238,1,01_Funk3-112-C#_comp.jams,980521,4,2,2,2,keep,2,2,0,0.5681389570236206,0.3804354965686798
20241,1,01_Funk3-112-C#_comp.jams,992512,4,4,4,4,keep,4,4,0,0.5414515137672424,0.5533751845359802
20245,1,01_Funk3-112-C#_comp.jams,1004620,3,2,2,2,keep,2,2,0,0.7513294816017151,0.4847971200942993
20247,1,01_Funk3-112-C#_comp.jams,1016014,3,3,3,3,keep,3,3,0,0.6163280606269836,0.4896657466888428
20249,1,01_Funk3-112-C#_comp.jams,1027778,3,2,2,3,keep,2,4,0,0.42618829011917114,0.2562752366065979
20255,1,01_Funk3-112-C#_comp.jams,1051487,3,2,3,3,mixed_by_complete_group,3,3,0,0.3720242977142334,0.44192075729370117
20258,1,01_Funk3-112-C#_comp.jams,1063000,3,3,3,3,keep,3,3,0,0.4536253809928894,0.5517508387565613
20261,1,01_Funk3-112-C#_comp.jams,1074711,2,2,2,2,keep,2,2,0,0.5743219256401062,0.9590264558792114
20264,1,01_Funk3-112-C#_comp.jams,1086913,3,2,4,4,mixed_by_complete_group,4,4,0,0.3680470883846283,0.21567323803901672
20269,1,01_Funk3-112-C#_comp.jams,1096857,3,2,2,2,keep,2,2,0,0.4306982755661011,0.5023438334465027
20273,1,01_Funk3-112-C#_comp.jams,1105739,3,4,3,3,mixed_by_complete_group,3,3,0,0.21987774968147278,0.049517109990119934
20276,1,01_Funk3-112-C#_comp.jams,1117155,3,2,2,2,keep,2,2,0,0.5372065305709839,0.616407036781311
20279,1,01_Funk3-112-C#_comp.jams,1122659,3,2,3,3,mixed_by_complete_group,3,3,0,0.209342360496521,0.05548227205872536
20285,1,01_Funk3-112-C#_comp.jams,1158551,3,3,3,3,keep,3,3,0,0.6353484988212585,0.6262228488922119
20288,1,01_Funk3-112-C#_comp.jams,1169907,3,2,2,3,keep,2,3,0,0.5402295589447021,0.39722323417663574
20291,1,01_Funk3-112-C#_comp.jams,1181821,3,2,2,2,keep,2,2,0,0.37657901644706726,0.3511691689491272
20296,1,01_Funk3-112-C#_comp.jams,1198205,2,3,2,2,local_rates_favor_correction_for_all_groups,2,2,0,0.18268559873104095,0.18996921181678772
20298,1,01_Funk3-112-C#_comp.jams,1210507,2,2,2,2,keep,2,2,0,0.46847617626190186,0.48800721764564514
20299,1,01_Funk3-112-C#_comp.jams,1216398,3,3,3,3,keep,3,3,0,0.3830084502696991,0.403953492641449
20300,1,01_Funk3-112-C#_comp.jams,1222984,2,3,2,2,mixed_by_complete_group,2,2,0,0.23087680339813232,0.34724414348602295
20304,1,01_Funk3-112-C#_comp.jams,1240496,2,2,2,2,keep,2,2,0,0.3519008755683899,0.44589582085609436
20306,1,01_Funk3-112-C#_comp.jams,1252258,3,2,3,4,mixed_by_complete_group,4,3,-1,0.2801564931869507,0.0269768089056015
20310,1,01_Funk3-112-C#_comp.jams,1276308,3,2,2,4,keep,4,4,0,0.3861451745033264,0.1902046650648117
20313,1,01_Funk3-112-C#_comp.jams,1283068,1,2,2,2,keep,2,2,0,0.27339673042297363,0.3426412045955658
20321,1,01_Funk3-112-C#_comp.jams,1299884,3,3,2,4,mixed_by_complete_group,4,2,0,0.21917510032653809,0.11810562759637833
20324,1,01_Funk3-112-C#_comp.jams,1305704,1,3,2,2,mixed_by_complete_group,2,2,0,0.18999482691287994,0.08921050280332565
20325,1,01_Funk3-112-C#_comp.jams,1307602,2,2,2,2,keep,2,2,0,0.1282321959733963,0.08244717121124268
20327,1,01_Funk3-112-C#_comp.jams,1311744,3,3,3,3,keep,3,3,0,0.5374308228492737,0.9050283432006836
20329,1,01_Funk3-112-C#_comp.jams,1317014,0,2,2,2,keep,2,2,0,0.32285088300704956,0.4919509291648865
20330,1,01_Funk3-112-C#_comp.jams,1318884,2,2,2,3,keep,2,3,0,0.32935458421707153,0.012790843844413757
20333,1,01_Funk3-112-C#_comp.jams,1335281,2,2,2,2,keep,2,2,0,0.317889928817749,0.7455055713653564
20334,1,01_Funk3-112-C#_comp.jams,1346436,3,3,3,3,keep,3,3,0,0.4343361556529999,0.7388173937797546
20336,1,01_Funk3-112-C#_comp.jams,1358352,3,2,2,2,keep,2,2,0,0.4288279414176941,0.4867193400859833
20339,1,01_Funk3-112-C#_comp.jams,1370456,3,2,2,3,keep,2,3,0,0.4939710795879364,0.22214734554290771
20341,1,01_Funk3-112-C#_comp.jams,1375282,3,2,2,3,keep,3,2,1,0.194123312830925,0.2707633972167969
20345,1,01_Funk3-112-C#_comp.jams,1388564,3,4,3,3,mixed_by_complete_group,3,3,0,0.25878193974494934,0.04643194377422333
20347,1,01_Funk3-112-C#_comp.jams,1399882,3,3,3,3,keep,3,3,0,0.5783941745758057,0.752588152885437
20349,1,01_Funk3-112-C#_comp.jams,1406296,2,3,2,2,mixed_by_complete_group,2,2,0,0.06529299169778824,0.004822974558919668
20351,1,01_Funk3-112-C#_comp.jams,1410594,1,2,2,2,keep,2,2,0,0.24688230454921722,0.3186696171760559
20354,1,01_Funk3-112-C#_comp.jams,1428747,2,2,2,2,keep,2,2,0,0.42043337225914,0.44804489612579346
20355,1,01_Funk3-112-C#_comp.jams,1441038,3,3,3,3,keep,3,3,0,0.7048206329345703,0.6837411522865295
20358,1,01_Funk3-112-C#_comp.jams,1465207,3,3,2,2,local_rates_favor_regression_for_all_groups,2,2,0,0.396912157535553,0.17339056730270386
20363,1,01_Funk3-112-C#_comp.jams,1483494,3,3,3,3,keep,3,3,0,0.6130556464195251,0.5446625351905823
20365,1,01_Funk3-112-C#_comp.jams,1495053,3,3,3,3,keep,3,3,0,0.4503144323825836,0.29831981658935547
20367,1,01_Funk3-112-C#_comp.jams,1506158,2,4,3,3,mixed_by_complete_group,3,3,0,0.20291808247566223,0.1862129420042038
20370,1,01_Funk3-112-C#_solo.jams,20556,1,2,2,2,keep,2,4,0,0.13093498349189758,0.00048228047671727836
20431,1,01_Funk3-112-C#_solo.jams,494805,0,2,2,3,keep,2,3,0,0.1601036787033081,6.2444378272630274e-06
20438,1,01_Funk3-112-C#_solo.jams,558234,1,3,3,2,keep,3,2,0,0.2310827374458313,0.07638593018054962
20441,1,01_Funk3-112-C#_solo.jams,579711,0,2,2,2,keep,2,2,0,0.25166061520576477,0.2882632911205292
20442,1,01_Funk3-112-C#_solo.jams,581828,1,2,2,2,keep,2,2,0,0.022464927285909653,0.021519696339964867
20526,1,01_Funk3-112-C#_solo.jams,1175599,1,2,2,2,keep,2,2,0,0.1513744592666626,0.20686569809913635
31373,1,01_SS3-98-C_comp.jams,5,2,3,3,3,keep,4,3,0,0.2015077918767929,0.29730740189552307
31377,1,01_SS3-98-C_comp.jams,8233,1,2,2,2,keep,2,2,0,0.07457572966814041,0.036483436822891235
31379,1,01_SS3-98-C_comp.jams,11916,1,2,2,2,keep,2,2,0,0.36713820695877075,0.4241797924041748
31384,1,01_SS3-98-C_comp.jams,22009,0,2,2,2,keep,2,2,0,0.24962441623210907,0.30598506331443787
31390,1,01_SS3-98-C_comp.jams,34509,2,2,3,3,local_rates_favor_regression_for_all_groups,3,3,0,0.1922597736120224,0.23548409342765808
31393,1,01_SS3-98-C_comp.jams,40983,2,3,2,3,local_rates_favor_regression_for_all_groups,2,3,0,0.2584753930568695,0.5117788910865784
31397,1,01_SS3-98-C_comp.jams,49219,1,2,2,2,keep,2,2,0,0.21500104665756226,0.2897458076477051
31403,1,01_SS3-98-C_comp.jams,62993,1,2,2,2,keep,2,2,0,0.29517343640327454,0.3366653323173523
31406,1,01_SS3-98-C_comp.jams,69224,2,3,2,4,local_rates_favor_regression_for_all_groups,4,2,-1,0.11432670801877975,0.04832748696208
31410,1,01_SS3-98-C_comp.jams,76749,2,4,4,2,keep,4,3,0,0.10927082598209381,0.021164458245038986
31416,1,01_SS3-98-C_comp.jams,90139,2,3,3,2,keep,2,3,1,0.21488331258296967,0.18956145644187927
31419,1,01_SS3-98-C_comp.jams,96232,1,2,2,2,keep,2,2,0,0.266744464635849,0.18261225521564484
31422,1,01_SS3-98-C_comp.jams,102845,3,4,4,4,keep,4,3,0,0.3650307059288025,0.18170255422592163
31425,1,01_SS3-98-C_comp.jams,109479,1,3,3,3,keep,3,3,0,0.37115678191185,0.36194416880607605
31434,1,01_SS3-98-C_comp.jams,130431,2,2,2,3,keep,2,3,0,0.19457092881202698,0.04405527561903
31447,1,01_SS3-98-C_comp.jams,156141,2,4,4,3,keep,4,3,0,0.31540217995643616,0.041809532791376114
31450,1,01_SS3-98-C_comp.jams,162536,1,3,3,2,keep,2,2,0,0.1672610193490982,0.12376508861780167
31454,1,01_SS3-98-C_comp.jams,170122,2,2,4,4,mixed_by_complete_group,4,4,0,0.1375463902950287,0.2481962889432907
31456,1,01_SS3-98-C_comp.jams,176897,2,2,2,2,keep,2,2,0,0.16349200904369354,0.3098975121974945
31458,1,01_SS3-98-C_comp.jams,183578,2,3,2,2,mixed_by_complete_group,2,2,0,0.07240131497383118,0.017579946666955948
31470,1,01_SS3-98-C_comp.jams,210014,1,3,2,2,mixed_by_complete_group,3,2,0,0.26864925026893616,0.12134063988924026
31473,1,01_SS3-98-C_comp.jams,218993,2,2,2,3,keep,2,3,0,0.30893445014953613,0.25533756613731384
31475,1,01_SS3-98-C_comp.jams,223819,1,2,2,2,keep,2,2,0,0.22260557115077972,0.19217036664485931
31478,1,01_SS3-98-C_comp.jams,230228,1,2,2,3,keep,3,3,0,0.3538565933704376,0.14053687453269958
31479,1,01_SS3-98-C_comp.jams,232147,1,3,2,2,mixed_by_complete_group,2,2,0,0.1316210776567459,0.045309677720069885
31482,1,01_SS3-98-C_comp.jams,238566,2,3,2,2,mixed_by_complete_group,2,2,0,0.11977174133062363,0.022166334092617035
31487,1,01_SS3-98-C_comp.jams,249663,1,3,2,2,mixed_by_complete_group,2,2,0,0.19658614695072174,0.39138469099998474
31488,1,01_SS3-98-C_comp.jams,251545,1,2,3,3,local_rates_favor_regression_for_all_groups,3,3,0,0.2077961564064026,0.23625819385051727
31490,1,01_SS3-98-C_comp.jams,256098,2,3,2,2,local_rates_favor_correction_for_all_groups,2,2,0,0.07296327501535416,0.025823526084423065
31494,1,01_SS3-98-C_comp.jams,264404,2,2,3,3,local_rates_favor_regression_for_all_groups,2,3,1,0.21880997717380524,0.12402889877557755
31497,1,01_SS3-98-C_comp.jams,271694,1,3,2,2,mixed_by_complete_group,2,2,0,0.37663131952285767,0.3235776722431183
31503,1,01_SS3-98-C_comp.jams,284113,1,4,3,2,local_rates_favor_regression_for_all_groups,2,3,0,0.11592069268226624,0.02763521485030651
31507,1,01_SS3-98-C_comp.jams,291732,2,3,4,4,local_rates_favor_regression_for_all_groups,4,4,0,0.24419020116329193,0.034188512712717056
31510,1,01_SS3-98-C_comp.jams,297624,2,3,2,2,mixed_by_complete_group,2,2,0,0.14008624851703644,0.0670677125453949
31514,1,01_SS3-98-C_comp.jams,305478,2,2,2,2,keep,2,2,0,0.1444779932498932,0.3505895435810089
31517,1,01_SS3-98-C_comp.jams,311194,1,2,2,2,keep,2,2,0,0.12299586087465286,0.10205336660146713
31518,1,01_SS3-98-C_comp.jams,317882,4,4,5,5,local_rates_favor_correction_for_all_groups,5,5,0,0.258590430021286,0.13790389895439148
31528,1,01_SS3-98-C_comp.jams,338104,1,2,2,2,keep,2,2,0,0.17367792129516602,0.17032292485237122
31532,1,01_SS3-98-C_comp.jams,345775,1,2,2,2,keep,2,3,0,0.08390872925519943,0.02435917966067791
31543,1,01_SS3-98-C_comp.jams,372314,1,2,2,2,keep,2,2,0,0.23007549345493317,0.2105039656162262
31546,1,01_SS3-98-C_comp.jams,378477,1,2,2,2,keep,2,2,0,0.2918822169303894,0.3324035406112671
31553,1,01_SS3-98-C_comp.jams,392657,1,2,2,2,keep,2,2,0,0.4820873439311981,0.4416988790035248
31557,1,01_SS3-98-C_comp.jams,400436,2,3,2,2,mixed_by_complete_group,2,2,0,0.24087423086166382,0.10568935424089432
31563,1,01_SS3-98-C_comp.jams,414134,0,2,2,2,keep,2,2,0,0.2199726551771164,0.14970874786376953
31568,1,01_SS3-98-C_comp.jams,425644,1,3,2,2,local_rates_favor_correction_for_all_groups,2,2,0,0.19447818398475647,0.13545863330364227
31571,1,01_SS3-98-C_comp.jams,433966,3,3,3,3,keep,3,3,0,0.4210135340690613,0.3287568688392639
31574,1,01_SS3-98-C_comp.jams,439579,2,2,2,2,keep,2,3,0,0.20131322741508484,0.08354633301496506
31577,1,01_SS3-98-C_comp.jams,445860,2,2,2,3,keep,2,2,0,0.16600853204727173,0.1498703509569168
31580,1,01_SS3-98-C_comp.jams,451883,1,2,2,2,keep,2,2,0,0.20886336266994476,0.4861268103122711
31587,1,01_SS3-98-C_comp.jams,466845,3,2,2,2,keep,2,2,0,0.15637412667274475,0.3133704960346222
31593,1,01_SS3-98-C_comp.jams,478823,2,2,2,2,keep,2,2,0,0.25354713201522827,0.43304890394210815
31597,1,01_SS3-98-C_comp.jams,487501,2,2,2,2,keep,2,2,0,0.23112308979034424,0.32173576951026917
31600,1,01_SS3-98-C_comp.jams,493588,1,2,2,2,keep,2,2,0,0.2044243961572647,0.11788225173950195
31603,1,01_SS3-98-C_comp.jams,499632,1,2,4,3,mixed_by_complete_group,3,4,0,0.09626464545726776,0.08570662885904312
31607,1,01_SS3-98-C_comp.jams,507631,4,4,4,3,keep,4,3,0,0.6041135191917419,0.08514659106731415
31613,1,01_SS3-98-C_comp.jams,519785,3,2,3,3,mixed_by_complete_group,3,3,0,0.15042704343795776,0.06934959441423416
31617,1,01_SS3-98-C_comp.jams,527988,2,3,3,2,keep,2,2,1,0.27942559123039246,0.12756116688251495
31627,1,01_SS3-98-C_comp.jams,548744,2,2,3,3,mixed_by_complete_group,2,3,1,0.2829127609729767,0.1519002616405487
31632,1,01_SS3-98-C_comp.jams,561125,3,2,2,2,keep,2,2,0,0.2896294891834259,0.19208195805549622
31645,1,01_SS3-98-C_comp.jams,588693,2,3,2,2,mixed_by_complete_group,2,2,0,0.272205114364624,0.13164441287517548
31654,1,01_SS3-98-C_comp.jams,608615,1,4,4,2,keep,2,2,0,0.09002787619829178,0.0029696249403059483
31656,1,01_SS3-98-C_comp.jams,616022,2,3,2,2,local_rates_favor_correction_for_all_groups,2,2,0,0.29465195536613464,0.22360551357269287
31659,1,01_SS3-98-C_comp.jams,622690,1,3,2,2,mixed_by_complete_group,2,2,0,0.1622089445590973,0.06877025961875916
31662,1,01_SS3-98-C_comp.jams,629986,3,2,3,3,mixed_by_complete_group,3,3,0,0.22697272896766663,0.20813588798046112
31664,1,01_SS3-98-C_comp.jams,635521,2,3,3,2,keep,3,2,0,0.3656981587409973,0.15283739566802979
31667,1,01_SS3-98-C_comp.jams,642473,0,3,3,2,keep,3,2,0,0.3811987638473511,0.24949058890342712
31670,1,01_SS3-98-C_comp.jams,649341,3,3,2,3,mixed_by_complete_group,2,3,0,0.3275647461414337,0.5901080369949341
31676,1,01_SS3-98-C_comp.jams,661249,2,2,3,4,mixed_by_complete_group,4,3,0,0.062266744673252106,0.03646274283528328
31680,1,01_SS3-98-C_comp.jams,669295,2,2,4,3,local_rates_favor_regression_for_all_groups,2,4,1,0.09981521219015121,0.010887445881962776
31686,1,01_SS3-98-C_comp.jams,681353,2,2,3,3,local_rates_favor_regression_for_all_groups,3,3,0,0.12954601645469666,0.22683939337730408
31693,1,01_SS3-98-C_comp.jams,695405,2,2,3,3,mixed_by_complete_group,3,3,0,0.19225068390369415,0.1866927444934845
31694,1,01_SS3-98-C_comp.jams,697240,1,2,2,2,keep,2,2,0,0.10148759186267853,0.08753159642219543
31697,1,01_SS3-98-C_comp.jams,703122,3,2,4,4,mixed_by_complete_group,4,4,0,0.14257802069187164,0.12137704342603683
31700,1,01_SS3-98-C_comp.jams,709133,2,2,3,3,local_rates_favor_regression_for_all_groups,3,3,0,0.12121815979480743,0.0484711229801178
31703,1,01_SS3-98-C_comp.jams,715442,2,2,2,2,keep,2,2,0,0.09370563924312592,0.08085429668426514
31707,1,01_SS3-98-C_comp.jams,723161,3,3,2,2,mixed_by_complete_group,2,2,0,0.1206098273396492,0.03247635066509247
31714,1,01_SS3-98-C_comp.jams,737593,3,4,4,4,keep,4,4,0,0.33649399876594543,0.3694198727607727
31719,1,01_SS3-98-C_comp.jams,750541,3,3,2,2,local_rates_favor_regression_for_all_groups,2,2,0,0.22866840660572052,0.028539320454001427
31728,1,01_SS3-98-C_comp.jams,769985,2,2,3,4,local_rates_favor_regression_for_all_groups,4,3,0,0.09840772300958633,0.0753844827413559
31731,1,01_SS3-98-C_comp.jams,778370,2,3,3,2,keep,2,3,1,0.1636672466993332,0.060894131660461426
31734,1,01_SS3-98-C_comp.jams,790717,1,3,2,2,mixed_by_complete_group,2,2,0,0.1282261312007904,0.03320010006427765
31740,1,01_SS3-98-C_comp.jams,803907,2,3,2,4,mixed_by_complete_group,4,2,-1,0.19218185544013977,0.060688089579343796
31748,1,01_SS3-98-C_comp.jams,824824,3,2,3,2,mixed_by_complete_group,2,3,-1,0.2673278748989105,0.27615320682525635
31756,1,01_SS3-98-C_comp.jams,839799,0,2,2,3,keep,2,3,0,0.3033258020877838,0.010197901166975498
31759,1,01_SS3-98-C_comp.jams,846092,3,2,4,2,mixed_by_complete_group,2,4,0,0.2563195824623108,0.3496188223361969
31760,1,01_SS3-98-C_comp.jams,853002,3,3,2,2,mixed_by_complete_group,2,2,0,0.3374268114566803,0.21745923161506653
31763,1,01_SS3-98-C_comp.jams,859345,2,4,3,3,mixed_by_complete_group,4,3,0,0.2853676974773407,0.03381599113345146
31766,1,01_SS3-98-C_comp.jams,866022,3,4,3,2,mixed_by_complete_group,2,3,-1,0.1867915838956833,0.15312328934669495
31769,1,01_SS3-98-C_comp.jams,872547,1,2,2,3,keep,2,3,0,0.21444271504878998,0.031051188707351685
31772,1,01_SS3-98-C_comp.jams,878949,2,2,2,2,keep,2,2,0,0.2929415702819824,0.29517561197280884
31781,1,01_SS3-98-C_comp.jams,898219,2,3,2,2,mixed_by_complete_group,2,2,0,0.22693440318107605,0.1957116425037384
31792,1,01_SS3-98-C_comp.jams,920029,3,3,2,2,mixed_by_complete_group,2,2,0,0.3058825135231018,0.3126654624938965
31795,1,01_SS3-98-C_comp.jams,925895,1,2,2,2,keep,2,2,0,0.33274078369140625,0.2692171633243561
31799,1,01_SS3-98-C_comp.jams,933621,1,2,2,2,keep,2,2,0,0.13246722519397736,0.1442706137895584
31802,1,01_SS3-98-C_comp.jams,940294,2,2,2,3,keep,2,3,0,0.32535451650619507,0.08127933740615845
31808,1,01_SS3-98-C_comp.jams,953326,2,4,4,4,keep,4,4,0,0.2882077693939209,0.13506998121738434
31814,1,01_SS3-98-C_comp.jams,966170,3,4,4,3,keep,4,3,0,0.38307103514671326,0.192182257771492
31821,1,01_SS3-98-C_comp.jams,980648,1,2,2,2,keep,2,2,0,0.21802093088626862,0.12376523017883301
31828,1,01_SS3-98-C_comp.jams,994124,1,3,2,2,mixed_by_complete_group,2,2,0,0.06411774456501007,0.02858843468129635
31830,1,01_SS3-98-C_comp.jams,1005900,2,3,2,2,local_rates_favor_regression_for_all_groups,2,2,0,0.21808721125125885,0.1089826449751854
31832,1,01_SS3-98-C_comp.jams,1013750,1,3,2,2,mixed_by_complete_group,2,2,0,0.11161316931247711,0.048920296132564545
31840,1,01_SS3-98-C_comp.jams,1034286,1,3,4,2,mixed_by_complete_group,2,4,0,0.18002519011497498,0.06242206320166588
31843,1,01_SS3-98-C_comp.jams,1041413,1,3,2,2,mixed_by_complete_group,2,2,0,0.16624607145786285,0.04075218364596367
31846,1,01_SS3-98-C_comp.jams,1047824,2,4,4,3,keep,3,3,0,0.09143063426017761,0.019849620759487152
31851,1,01_SS3-98-C_comp.jams,1061563,3,3,4,4,local_rates_favor_regression_for_all_groups,3,4,1,0.2925683259963989,0.09890159219503403
31858,1,01_SS3-98-C_comp.jams,1075319,2,2,4,4,mixed_by_complete_group,4,4,0,0.17507882416248322,0.1910085827112198
31864,1,01_SS3-98-C_comp.jams,1088078,0,2,2,2,keep,2,2,0,0.382050484418869,0.3176014721393585
31867,1,01_SS3-98-C_comp.jams,1094531,1,2,2,2,keep,2,2,0,0.19400422275066376,0.09821305423974991
31868,1,01_SS3-98-C_comp.jams,1096332,0,2,3,3,mixed_by_complete_group,3,3,0,0.16431067883968353,0.3008168041706085
31876,1,01_SS3-98-C_comp.jams,1115656,1,4,4,3,keep,4,2,0,0.29227346181869507,0.06522529572248459
31888,1,01_SS3-98-C_comp.jams,1140925,1,2,3,3,mixed_by_complete_group,3,3,0,0.25611716508865356,0.17886224389076233
31891,1,01_SS3-98-C_comp.jams,1147266,1,2,3,3,mixed_by_complete_group,3,3,0,0.14688445627689362,0.07325934618711472
31895,1,01_SS3-98-C_comp.jams,1156023,2,3,2,2,mixed_by_complete_group,2,2,0,0.1837834268808365,0.04714338853955269
31900,1,01_SS3-98-C_comp.jams,1168846,1,2,3,3,mixed_by_complete_group,3,3,0,0.14808660745620728,0.11101866513490677
31903,1,01_SS3-98-C_comp.jams,1174727,1,2,2,2,keep,2,2,0,0.17663533985614777,0.12531720101833344
31904,1,01_SS3-98-C_comp.jams,1176739,0,2,2,2,keep,2,2,0,0.028371835127472878,0.050560835748910904
31906,1,01_SS3-98-C_comp.jams,1181950,3,3,2,2,mixed_by_complete_group,3,2,1,0.3287602365016937,0.09122604876756668
31908,1,01_SS3-98-C_comp.jams,1187295,0,3,2,2,mixed_by_complete_group,2,2,0,0.06389015167951584,0.08792417496442795
31909,1,01_SS3-98-C_comp.jams,1189306,3,2,2,2,keep,2,3,0,0.30735209584236145,0.2171463817358017
31915,1,01_SS3-98-C_comp.jams,1202752,2,2,2,3,keep,2,3,0,0.24622705578804016,0.050537072122097015
31918,1,01_SS3-98-C_comp.jams,1209181,2,3,4,3,mixed_by_complete_group,3,3,0,0.16447855532169342,0.1924530416727066
31924,1,01_SS3-98-C_comp.jams,1222069,2,2,3,3,local_rates_favor_regression_for_all_groups,3,3,0,0.19730499386787415,0.06852775067090988
31926,1,01_SS3-98-C_comp.jams,1226904,1,3,3,2,keep,3,2,0,0.10887361317873001,0.03111136704683304
31931,1,01_SS3-98-C_comp.jams,1237436,1,2,2,3,keep,2,2,0,0.17455360293388367,0.06418623775243759
31936,1,01_SS3-98-C_comp.jams,1248949,1,2,4,2,mixed_by_complete_group,4,4,0,0.09207979589700699,0.29238468408584595
31939,1,01_SS3-98-C_comp.jams,1255428,2,2,2,3,keep,2,2,0,0.189932182431221,0.15630728006362915
31943,1,01_SS3-98-C_comp.jams,1262875,1,2,2,2,keep,2,2,0,0.16454261541366577,0.5292999744415283
31949,1,01_SS3-98-C_comp.jams,1277358,2,3,4,3,mixed_by_complete_group,3,3,0,0.2562446892261505,0.35415148735046387
31955,1,01_SS3-98-C_comp.jams,1289994,2,3,4,3,mixed_by_complete_group,3,3,0,0.36914777755737305,0.42794904112815857
31958,1,01_SS3-98-C_comp.jams,1297740,3,3,2,2,mixed_by_complete_group,2,2,0,0.350887656211853,0.34221982955932617
31961,1,01_SS3-98-C_comp.jams,1304111,2,2,4,2,local_rates_favor_regression_for_all_groups,4,2,0,0.2304658591747284,0.48522627353668213
31971,1,01_SS3-98-C_comp.jams,1324482,2,2,3,3,mixed_by_complete_group,3,3,0,0.17963841557502747,0.15878409147262573
31974,1,01_SS3-98-C_comp.jams,1330777,3,4,4,4,keep,4,3,0,0.3280443251132965,0.1835196316242218
31980,1,01_SS3-98-C_comp.jams,1344362,1,3,3,2,keep,2,3,0,0.0634540319442749,0.0654049962759018
31982,1,01_SS3-98-C_comp.jams,1349895,3,2,3,3,mixed_by_complete_group,3,3,0,0.18906833231449127,0.208515003323555
31986,1,01_SS3-98-C_comp.jams,1357801,2,2,2,2,keep,2,2,0,0.19915491342544556,0.08808190375566483
31988,1,01_SS3-98-C_comp.jams,1361804,0,2,2,2,keep,2,2,0,0.23569060862064362,0.17729084193706512
31989,1,01_SS3-98-C_comp.jams,1363630,3,2,2,3,keep,2,3,0,0.1320294439792633,0.08000153303146362
31992,1,01_SS3-98-C_comp.jams,1369830,1,2,2,2,keep,2,2,0,0.17000111937522888,0.19645528495311737
31999,1,01_SS3-98-C_comp.jams,1384767,3,3,5,5,local_rates_favor_correction_for_all_groups,5,5,0,0.1318891942501068,0.16655480861663818
32006,1,01_SS3-98-C_comp.jams,1403858,1,3,3,3,keep,3,3,0,0.36009496450424194,0.5023225545883179
32008,1,01_SS3-98-C_comp.jams,1408241,0,2,2,2,keep,2,2,0,0.05471952632069588,0.07253118604421616
32010,1,01_SS3-98-C_comp.jams,1412110,1,2,2,2,keep,2,2,0,0.16799558699131012,0.12957479059696198
32012,1,01_SS3-98-C_comp.jams,1416942,1,2,2,2,keep,2,2,0,0.3833240866661072,0.4478706419467926
32016,1,01_SS3-98-C_comp.jams,1426044,3,3,2,2,mixed_by_complete_group,2,2,0,0.2371375858783722,0.06292302906513214
32019,1,01_SS3-98-C_comp.jams,1432403,1,3,2,2,local_rates_favor_correction_for_all_groups,2,2,0,0.13317254185676575,0.06926575303077698
32022,1,01_SS3-98-C_comp.jams,1438433,2,2,3,3,mixed_by_complete_group,3,3,0,0.14086799323558807,0.04842213913798332
32025,1,01_SS3-98-C_comp.jams,1445582,1,2,2,2,keep,2,2,0,0.13799138367176056,0.14411067962646484
32028,1,01_SS3-98-C_comp.jams,1452212,2,2,3,3,mixed_by_complete_group,3,3,0,0.20031453669071198,0.18221838772296906
32031,1,01_SS3-98-C_comp.jams,1459428,2,3,3,3,keep,3,3,0,0.45048901438713074,0.3017171323299408
32037,1,01_SS3-98-C_comp.jams,1472285,1,2,3,3,mixed_by_complete_group,3,3,0,0.20042216777801514,0.1737646907567978
32041,1,01_SS3-98-C_comp.jams,1479679,3,2,5,5,mixed_by_complete_group,5,5,0,0.14976410567760468,0.1430051475763321
32044,1,01_SS3-98-C_comp.jams,1485521,2,3,2,2,mixed_by_complete_group,3,2,-1,0.11587616056203842,0.007852358743548393
32048,1,01_SS3-98-C_comp.jams,1493560,3,4,3,3,local_rates_favor_regression_for_all_groups,3,3,0,0.16807307302951813,0.06238982826471329
32051,1,01_SS3-98-C_comp.jams,1500028,2,2,2,3,keep,2,3,0,0.2584669888019562,0.12172318994998932
32054,1,01_SS3-98-C_comp.jams,1506582,2,4,5,5,tied_local_rates,4,5,0,0.3654554486274719,0.1694156676530838
32058,1,01_SS3-98-C_comp.jams,1514108,2,2,3,3,local_rates_favor_regression_for_all_groups,2,3,1,0.35300412774086,0.24421977996826172
32061,1,01_SS3-98-C_comp.jams,1519825,2,2,3,2,mixed_by_complete_group,3,2,0,0.11767549067735672,0.2598177194595337
32064,1,01_SS3-98-C_comp.jams,1526036,2,2,4,3,mixed_by_complete_group,3,4,0,0.06162628158926964,0.06876091659069061
32068,1,01_SS3-98-C_comp.jams,1534148,2,2,3,3,local_rates_favor_regression_for_all_groups,3,3,0,0.15062519907951355,0.029811443760991096
32074,1,01_SS3-98-C_comp.jams,1547201,2,4,5,4,local_rates_favor_regression_for_all_groups,4,5,0,0.3122030198574066,0.3156621754169464
32077,1,01_SS3-98-C_comp.jams,1553062,1,3,2,2,mixed_by_complete_group,2,2,0,0.08418784290552139,0.016637813299894333
32080,1,01_SS3-98-C_comp.jams,1558855,1,2,2,2,keep,2,2,0,0.2225247621536255,0.1514788568019867
32083,1,01_SS3-98-C_comp.jams,1564870,1,2,2,2,keep,2,2,0,0.2126283496618271,0.1858299970626831
32087,1,01_SS3-98-C_comp.jams,1573335,3,2,3,3,mixed_by_complete_group,3,3,0,0.2865169048309326,0.2370678335428238
32090,1,01_SS3-98-C_comp.jams,1579528,2,2,3,2,mixed_by_complete_group,2,3,1,0.27822762727737427,0.25708186626434326
32094,1,01_SS3-98-C_comp.jams,1587993,3,2,2,3,keep,2,2,0,0.08773212879896164,0.02661256119608879
32101,1,01_SS3-98-C_comp.jams,1601547,2,3,3,2,keep,3,2,0,0.4164436161518097,0.28106528520584106
32107,1,01_SS3-98-C_comp.jams,1613678,1,2,2,2,keep,2,3,0,0.21399696171283722,0.13271436095237732
32121,1,01_SS3-98-C_comp.jams,1642933,2,2,2,3,keep,3,2,-1,0.07759904116392136,0.06454896926879883
32127,1,01_SS3-98-C_comp.jams,1654156,2,2,3,3,mixed_by_complete_group,3,3,0,0.14823667705059052,0.128637433052063
32134,1,01_SS3-98-C_comp.jams,1669021,3,2,2,4,keep,4,4,0,0.1867881566286087,0.07157625257968903
32137,1,01_SS3-98-C_comp.jams,1674405,3,2,3,2,local_rates_favor_regression_for_all_groups,3,2,0,0.19385641813278198,0.5121425986289978
32141,1,01_SS3-98-C_comp.jams,1682595,2,2,2,2,keep,2,2,0,0.21339255571365356,0.18557219207286835
32145,1,01_SS3-98-C_comp.jams,1689724,2,2,4,4,local_rates_favor_regression_for_all_groups,4,4,0,0.18512514233589172,0.09503614157438278
32149,1,01_SS3-98-C_comp.jams,1696863,2,2,2,2,keep,2,2,0,0.18808485567569733,0.16860787570476532
32155,1,01_SS3-98-C_comp.jams,1709475,3,3,2,2,mixed_by_complete_group,2,2,0,0.19134244322776794,0.07203979790210724
32161,1,01_SS3-98-C_comp.jams,1723630,2,2,2,2,keep,2,2,0,0.2543100416660309,0.21632756292819977
32237,1,01_SS3-98-C_solo.jams,309287,1,3,2,2,local_rates_favor_correction_for_all_groups,2,2,0,0.001280543627217412,1.1020960499763532e-07
32303,1,01_SS3-98-C_solo.jams,506454,1,2,2,2,keep,2,2,0,0.01046542078256607,0.04442201554775238
32346,1,01_SS3-98-C_solo.jams,628040,1,2,2,2,keep,2,2,0,0.12271127104759216,0.13964003324508667
32431,1,01_SS3-98-C_solo.jams,938984,0,2,2,2,keep,2,2,0,0.08352240175008774,0.043103620409965515
32599,1,01_SS3-98-C_solo.jams,1506353,1,2,2,2,keep,2,2,0,0.23414060473442078,0.15207074582576752
33373,1,02_BN3-154-E_comp.jams,1834,2,3,4,4,mixed_by_complete_group,4,4,0,0.3394564986228943,0.3685755133628845
33382,1,02_BN3-154-E_comp.jams,26466,1,2,2,2,keep,2,2,0,0.21242737770080566,0.5029143691062927
33389,1,02_BN3-154-E_comp.jams,44136,2,3,3,3,keep,3,3,0,0.5048869848251343,0.8373113870620728
33396,1,02_BN3-154-E_comp.jams,70116,3,3,3,3,keep,3,3,0,0.5513618588447571,0.5960292816162109
33400,1,02_BN3-154-E_comp.jams,93309,1,2,2,2,keep,2,2,0,0.3281809687614441,0.3934687674045563
33408,1,02_BN3-154-E_comp.jams,120757,3,2,2,2,keep,2,2,0,0.4808497428894043,0.4320222735404968
33415,1,02_BN3-154-E_comp.jams,138258,1,2,2,2,keep,2,3,0,0.32111430168151855,0.11800511181354523
33419,1,02_BN3-154-E_comp.jams,164082,2,3,2,2,local_rates_favor_regression_for_all_groups,2,2,0,0.19804348051548004,0.24431532621383667
33425,1,02_BN3-154-E_comp.jams,179947,2,2,2,2,keep,2,2,0,0.7629538774490356,0.7464175820350647
33429,1,02_BN3-154-E_comp.jams,189465,1,3,3,2,keep,3,3,0,0.16113705933094025,0.04007505252957344
33432,1,02_BN3-154-E_comp.jams,197996,0,2,2,2,keep,2,2,0,0.31610599160194397,0.2389782816171646
33441,1,02_BN3-154-E_comp.jams,231599,1,3,3,2,keep,2,2,0,0.18911190330982208,0.057604264467954636
33448,1,02_BN3-154-E_comp.jams,257885,0,2,2,2,keep,2,2,0,0.3096467852592468,0.39723020792007446
33449,1,02_BN3-154-E_comp.jams,259792,3,3,3,3,keep,3,3,0,0.4581780731678009,0.5686733722686768
33457,1,02_BN3-154-E_comp.jams,276674,3,3,3,3,keep,3,3,0,0.5633233785629272,0.7945683002471924
33466,1,02_BN3-154-E_comp.jams,317099,3,2,3,2,mixed_by_complete_group,3,2,0,0.25791406631469727,0.6842925548553467
33470,1,02_BN3-154-E_comp.jams,326027,1,2,2,2,keep,2,2,0,0.3903122544288635,0.3225143849849701
33476,1,02_BN3-154-E_comp.jams,344308,2,2,2,3,keep,2,3,0,0.24110211431980133,0.0008824499673210084
33483,1,02_BN3-154-E_comp.jams,359268,2,2,2,2,keep,2,2,0,0.2007351517677307,0.4014630913734436
33486,1,02_BN3-154-E_comp.jams,367768,1,2,2,2,keep,2,2,0,0.5834590196609497,0.8446330428123474
33487,1,02_BN3-154-E_comp.jams,369658,2,2,2,2,keep,2,2,0,0.281755656003952,0.40884310007095337
33494,1,02_BN3-154-E_comp.jams,386565,3,2,2,2,keep,2,2,0,0.3802378475666046,0.42328599095344543
33498,1,02_BN3-154-E_comp.jams,394770,2,3,3,3,keep,3,3,0,0.25795599818229675,0.14529815316200256
33502,1,02_BN3-154-E_comp.jams,403937,0,2,2,3,keep,2,3,0,0.40125536918640137,0.05532965064048767
33506,1,02_BN3-154-E_comp.jams,412999,3,3,3,2,keep,3,3,0,0.45534583926200867,0.16256271302700043
33512,1,02_BN3-154-E_comp.jams,430513,5,3,3,3,keep,3,3,0,0.44991227984428406,0.6512278914451599
33527,1,02_BN3-154-E_comp.jams,482564,3,3,3,3,keep,3,3,0,0.4459357261657715,0.5998517274856567
33531,1,02_BN3-154-E_comp.jams,490416,3,3,3,2,keep,3,3,0,0.27594465017318726,0.18604521453380585
33535,1,02_BN3-154-E_comp.jams,498592,2,2,2,2,keep,2,2,0,0.20633666217327118,0.5469768643379211
33538,1,02_BN3-154-E_comp.jams,506403,3,2,2,2,keep,2,2,0,0.5541011691093445,0.6563127636909485
33542,1,02_BN3-154-E_comp.jams,515650,3,3,3,2,keep,3,3,0,0.31843453645706177,0.16790655255317688
33551,1,02_BN3-154-E_comp.jams,533993,3,3,3,2,keep,2,2,-1,0.3070327341556549,0.21673856675624847
33553,1,02_BN3-154-E_comp.jams,542072,2,3,3,3,keep,3,3,0,0.5842661261558533,0.8297245502471924
33556,1,02_BN3-154-E_comp.jams,551628,3,3,2,3,local_rates_favor_regression_for_all_groups,2,3,0,0.41096246242523193,0.7505665421485901
33573,1,02_BN3-154-E_comp.jams,591945,1,2,2,2,keep,2,2,0,0.19392400979995728,0.21706727147102356
33578,1,02_BN3-154-E_comp.jams,602061,4,4,4,4,keep,4,4,0,0.3691634237766266,0.4081072211265564
33586,1,02_BN3-154-E_comp.jams,618357,2,2,2,2,keep,2,2,0,0.6275883913040161,0.6878911852836609
33598,1,02_BN3-154-E_comp.jams,671510,4,3,3,3,keep,3,3,0,0.6596951484680176,0.7844528555870056
33606,1,02_BN3-154-E_comp.jams,687908,1,2,2,4,keep,2,2,0,0.13394011557102203,0.011646521277725697
33618,1,02_BN3-154-E_comp.jams,712008,1,2,2,2,keep,2,2,0,0.5158485770225525,0.37303847074508667
33631,1,02_BN3-154-E_comp.jams,739302,4,2,2,2,keep,2,2,0,0.6178922653198242,0.450245201587677
33635,1,02_BN3-154-E_comp.jams,756928,2,3,3,4,keep,3,3,0,0.4210750460624695,0.2811800241470337
33642,1,02_BN3-154-E_comp.jams,775654,0,2,2,2,keep,2,2,0,0.09953295439481735,0.04022916778922081
33644,1,02_BN3-154-E_comp.jams,780177,1,2,2,2,keep,2,2,0,0.40354323387145996,0.5277244448661804
33645,1,02_BN3-154-E_comp.jams,782443,2,4,4,4,keep,3,4,0,0.2844238877296448,0.3863941431045532
33656,1,02_BN3-154-E_comp.jams,808947,3,3,3,3,keep,3,3,0,0.6014266014099121,0.5441226363182068
33661,1,02_BN3-154-E_comp.jams,825829,4,3,3,4,keep,3,4,0,0.4727286696434021,0.3773197531700134
33668,1,02_BN3-154-E_comp.jams,842743,2,2,2,2,keep,2,2,0,0.3237667977809906,0.08636204898357391
33679,1,02_BN3-154-E_comp.jams,884183,2,2,2,2,keep,2,2,0,0.18539834022521973,0.11409372836351395
33683,1,02_BN3-154-E_comp.jams,893805,3,4,4,2,keep,4,2,0,0.1804165095090866,0.04234584793448448
33692,1,02_BN3-154-E_comp.jams,918601,2,2,2,2,keep,2,2,0,0.4634326100349426,0.6462759971618652
33693,1,02_BN3-154-E_comp.jams,920418,1,2,2,2,keep,2,2,0,0.09758290648460388,0.08925219625234604
33699,1,02_BN3-154-E_comp.jams,936761,1,2,2,2,keep,2,2,0,0.09976378083229065,0.11559037119150162
33703,1,02_BN3-154-E_comp.jams,945094,4,2,2,2,keep,2,2,0,0.37847545742988586,0.6045660972595215
33706,1,02_BN3-154-E_comp.jams,953725,2,2,2,2,keep,2,2,0,0.3155386745929718,0.25476258993148804
33710,1,02_BN3-154-E_comp.jams,963406,3,3,3,3,keep,3,3,0,0.5977748036384583,0.47936609387397766
33722,1,02_BN3-154-E_comp.jams,1002509,3,3,3,3,keep,3,3,0,0.195867121219635,0.1787693351507187
33726,1,02_BN3-154-E_comp.jams,1013595,3,3,3,3,keep,3,3,0,0.570672869682312,0.4131283760070801
33731,1,02_BN3-154-E_comp.jams,1030491,2,2,2,2,keep,2,2,0,0.4146210253238678,0.6381598114967346
33734,1,02_BN3-154-E_comp.jams,1040594,3,3,3,3,keep,3,3,0,0.4669954776763916,0.6300753355026245
33741,1,02_BN3-154-E_comp.jams,1055132,2,2,2,2,keep,2,2,0,0.7494181394577026,0.6023770570755005
33742,1,02_BN3-154-E_comp.jams,1056899,1,2,2,2,keep,2,2,0,0.3648958206176758,0.4672546982765198
33746,1,02_BN3-154-E_comp.jams,1065189,4,3,3,3,keep,3,3,0,0.6191385984420776,0.6841445565223694
33749,1,02_BN3-154-E_comp.jams,1073117,2,2,2,2,keep,2,2,0,0.7061356902122498,0.7916903495788574
33751,1,02_BN3-154-E_comp.jams,1083005,4,3,3,4,keep,4,3,1,0.34137699007987976,0.2804831266403198
33755,1,02_BN3-154-E_comp.jams,1091531,2,3,3,3,keep,3,3,0,0.4529704451560974,0.30048489570617676
33804,1,02_BN3-154-E_solo.jams,464364,1,2,2,2,keep,2,2,0,0.04240794479846954,0.1093689501285553
34935,1,02_Funk2-119-G_comp.jams,23,2,2,4,4,mixed_by_complete_group,4,4,0,0.34241020679473877,0.13375861942768097
34940,1,02_Funk2-119-G_comp.jams,11727,1,2,2,2,keep,2,2,0,0.45114558935165405,0.5646371841430664
34944,1,02_Funk2-119-G_comp.jams,23342,3,3,3,3,keep,3,3,0,0.5721830725669861,0.4546067416667938
34949,1,02_Funk2-119-G_comp.jams,33927,1,2,2,2,keep,2,2,0,0.5601887106895447,0.6578992009162903
34960,1,02_Funk2-119-G_comp.jams,57232,0,2,2,2,keep,2,2,0,0.29196518659591675,0.3530750572681427
34964,1,02_Funk2-119-G_comp.jams,65983,3,2,2,2,keep,2,2,0,0.5076285600662231,0.5264490246772766
34971,1,02_Funk2-119-G_comp.jams,89175,1,3,3,3,keep,3,3,0,0.17803189158439636,0.2236131876707077
34974,1,02_Funk2-119-G_comp.jams,112288,3,3,3,3,keep,3,3,0,0.8274333477020264,0.639606773853302
34977,1,02_Funk2-119-G_comp.jams,123352,3,2,2,2,keep,2,2,0,0.47790437936782837,0.5406941771507263
34979,1,02_Funk2-119-G_comp.jams,135599,3,2,2,2,keep,2,2,0,0.3900865316390991,0.39815470576286316
34990,1,02_Funk2-119-G_comp.jams,178313,3,3,3,3,keep,3,3,0,0.6472553014755249,0.8754076361656189
34999,1,02_Funk2-119-G_comp.jams,201032,1,2,2,2,keep,2,2,0,0.1894998550415039,0.017555883154273033
35002,1,02_Funk2-119-G_comp.jams,212302,4,3,4,4,local_rates_favor_correction_for_all_groups,4,4,0,0.15222476422786713,0.37429600954055786
35022,1,02_Funk2-119-G_comp.jams,278099,2,2,2,2,keep,2,2,0,0.4803309142589569,0.4075266122817993
35023,1,02_Funk2-119-G_comp.jams,289671,2,3,3,3,keep,3,3,0,0.6067159175872803,0.5879876613616943
35027,1,02_Funk2-119-G_comp.jams,311111,2,4,3,4,local_rates_favor_correction_for_all_groups,3,4,0,0.2535354793071747,0.4027099311351776
35036,1,02_Funk2-119-G_comp.jams,334156,1,2,2,2,keep,2,2,0,0.2593521773815155,0.39179107546806335
35037,1,02_Funk2-119-G_comp.jams,356043,1,2,2,2,keep,2,2,0,0.522283136844635,0.7053562998771667
35039,1,02_Funk2-119-G_comp.jams,378218,2,2,3,3,mixed_by_complete_group,3,3,0,0.35518360137939453,0.20411087572574615
35045,1,02_Funk2-119-G_comp.jams,410778,2,2,2,2,keep,2,2,0,0.4041348993778229,0.6482983827590942
35056,1,02_Funk2-119-G_comp.jams,445529,1,2,2,2,keep,2,2,0,0.43884342908859253,0.44302406907081604
35061,1,02_Funk2-119-G_comp.jams,456671,1,2,2,2,keep,2,2,0,0.3804825246334076,0.43421998620033264
35064,1,02_Funk2-119-G_comp.jams,467722,2,3,3,3,keep,3,3,0,0.6518792510032654,0.5346832275390625
35069,1,02_Funk2-119-G_comp.jams,490048,3,4,3,4,mixed_by_complete_group,3,4,0,0.27788180112838745,0.56296306848526
35075,1,02_Funk2-119-G_comp.jams,535663,3,2,2,2,keep,2,2,0,0.6376460790634155,0.6963546872138977
35083,1,02_Funk2-119-G_comp.jams,551483,1,2,2,2,keep,2,3,0,0.31485649943351746,0.14935432374477386
35084,1,02_Funk2-119-G_comp.jams,553357,2,3,3,3,keep,3,3,0,0.5570781230926514,0.37010398507118225
35090,1,02_Funk2-119-G_comp.jams,568238,2,2,2,3,keep,2,3,0,0.4668123424053192,0.3004702627658844
35099,1,02_Funk2-119-G_comp.jams,587976,2,2,2,2,keep,2,2,0,0.6175233721733093,0.7997216582298279
35111,1,02_Funk2-119-G_comp.jams,610333,2,2,2,2,keep,2,2,0,0.2363610863685608,0.22735632956027985
35115,1,02_Funk2-119-G_comp.jams,623155,2,3,2,3,mixed_by_complete_group,2,2,0,0.2659744918346405,0.3572584092617035
35125,1,02_Funk2-119-G_comp.jams,644662,2,2,2,2,keep,2,2,0,0.5402177572250366,0.6357998251914978
35138,1,02_Funk2-119-G_comp.jams,710665,2,3,2,3,mixed_by_complete_group,2,3,0,0.3348003923892975,0.42501527070999146
35147,1,02_Funk2-119-G_comp.jams,745113,1,3,3,3,keep,3,3,0,0.3799993693828583,0.3499167859554291
35158,1,02_Funk2-119-G_comp.jams,778093,1,2,2,2,keep,2,2,0,0.5513581037521362,0.4206920266151428
35166,1,02_Funk2-119-G_comp.jams,801136,2,2,2,2,keep,2,2,0,0.5239188075065613,0.542324960231781
35168,1,02_Funk2-119-G_comp.jams,823010,2,3,3,3,keep,3,3,0,0.5419927835464478,0.601471483707428
35174,1,02_Funk2-119-G_comp.jams,835266,2,2,2,2,keep,2,2,0,0.3633801341056824,0.4710249900817871
35177,1,02_Funk2-119-G_comp.jams,845589,2,2,2,3,keep,2,2,0,0.2765669524669647,0.09925096482038498
35189,1,02_Funk2-119-G_comp.jams,890336,3,2,2,3,keep,3,3,1,0.37621647119522095,0.08509350568056107
35201,1,02_Funk2-119-G_comp.jams,923421,3,3,3,3,keep,3,3,0,0.45155927538871765,0.38768550753593445
35211,1,02_Funk2-119-G_comp.jams,957856,0,2,2,3,keep,3,3,0,0.3943012058734894,0.22634167969226837
35218,1,02_Funk2-119-G_comp.jams,979229,2,2,2,2,keep,2,2,0,0.5954424142837524,0.6175740957260132
35221,1,02_Funk2-119-G_comp.jams,1000336,2,3,3,3,keep,3,3,0,0.5292047262191772,0.6781710982322693
35228,1,02_Funk2-119-G_comp.jams,1023018,3,3,3,3,keep,3,3,0,0.5091041326522827,0.7373437285423279
35232,1,02_Funk2-119-G_comp.jams,1046263,0,2,2,2,keep,2,2,0,0.5237466096878052,0.4857187271118164
35234,1,02_Funk2-119-G_comp.jams,1067331,1,2,2,2,keep,2,2,0,0.6104769706726074,0.5441846251487732
35237,1,02_Funk2-119-G_comp.jams,1101471,1,2,2,2,keep,2,2,0,0.27805009484291077,0.34931883215904236
35247,1,02_Funk2-119-G_comp.jams,1166920,1,2,2,3,keep,2,3,0,0.28108036518096924,0.07017158716917038
35248,1,02_Funk2-119-G_comp.jams,1179519,2,2,2,2,keep,2,2,0,0.5845838189125061,0.5186823606491089
35251,1,02_Funk2-119-G_comp.jams,1191021,2,3,3,3,keep,3,2,0,0.45536261796951294,0.20538294315338135
35263,1,02_Funk2-119-G_comp.jams,1221726,2,2,2,3,keep,2,3,0,0.14988481998443604,6.931187090231106e-05
35268,1,02_Funk2-119-G_comp.jams,1245657,2,2,3,3,mixed_by_complete_group,3,3,0,0.37825506925582886,0.24860045313835144
35289,1,02_Funk2-119-G_comp.jams,1295201,1,2,3,2,local_rates_favor_regression_for_all_groups,2,3,0,0.2895469665527344,0.2051951289176941
35303,1,02_Funk2-119-G_comp.jams,1323299,2,2,2,2,keep,2,2,0,0.39827388525009155,0.4237537980079651
35306,1,02_Funk2-119-G_comp.jams,1333361,2,2,2,2,keep,2,2,0,0.2236124724149704,0.19203153252601624
35307,1,02_Funk2-119-G_comp.jams,1335192,0,2,2,2,keep,2,2,0,0.2031760811805725,0.12566620111465454
35313,1,02_Funk2-119-G_comp.jams,1351803,1,2,2,2,keep,2,2,0,0.46724075078964233,0.5958151817321777
35315,1,02_Funk2-119-G_comp.jams,1356198,2,2,2,2,keep,2,2,0,0.7032511234283447,0.6278879642486572
35321,1,02_Funk2-119-G_comp.jams,1369411,1,2,2,2,keep,2,2,0,0.2864927351474762,0.39736664295196533
35513,1,02_Funk3-112-C#_comp.jams,7,3,3,4,3,local_rates_favor_correction_for_all_groups,4,3,0,0.3346159756183624,0.6144217252731323
35520,1,02_Funk3-112-C#_comp.jams,24406,3,3,3,3,keep,3,3,0,0.40203216671943665,0.4764709770679474
35525,1,02_Funk3-112-C#_comp.jams,42727,2,2,2,2,keep,2,2,0,0.45604974031448364,0.4230964183807373
35528,1,02_Funk3-112-C#_comp.jams,61511,2,2,2,2,keep,2,2,0,0.4025263786315918,0.570219874382019
35533,1,02_Funk3-112-C#_comp.jams,72954,3,2,3,3,mixed_by_complete_group,3,3,0,0.37131866812705994,0.3751048147678375
35545,1,02_Funk3-112-C#_comp.jams,118534,3,3,2,2,local_rates_favor_regression_for_all_groups,2,2,0,0.37664154171943665,0.4417678117752075
35550,1,02_Funk3-112-C#_comp.jams,130596,2,2,2,2,keep,2,2,0,0.5773724913597107,0.5354011654853821
35553,1,02_Funk3-112-C#_comp.jams,143540,2,2,2,2,keep,2,2,0,0.4083133935928345,0.3332631587982178
35557,1,02_Funk3-112-C#_comp.jams,191209,2,2,2,2,keep,2,2,0,0.3469105660915375,0.6194982528686523
35561,1,02_Funk3-112-C#_comp.jams,214858,2,3,3,3,keep,3,3,0,0.4337801933288574,0.5722561478614807
35571,1,02_Funk3-112-C#_comp.jams,261447,1,2,2,2,keep,2,2,0,0.4620896577835083,0.659690260887146
35576,1,02_Funk3-112-C#_comp.jams,280658,0,2,3,2,mixed_by_complete_group,2,2,0,0.3972099721431732,0.7518312931060791
35583,1,02_Funk3-112-C#_comp.jams,310342,2,2,3,3,local_rates_favor_regression_for_all_groups,3,3,0,0.28110697865486145,0.23203402757644653
35591,1,02_Funk3-112-C#_comp.jams,332058,2,3,3,3,keep,3,3,0,0.22060634195804596,0.26144590973854065
35596,1,02_Funk3-112-C#_comp.jams,378688,2,2,2,3,keep,3,4,-1,0.2536811828613281,0.22424519062042236
35603,1,02_Funk3-112-C#_comp.jams,402658,2,3,3,3,keep,3,3,0,0.5616123676300049,0.5549812316894531
35608,1,02_Funk3-112-C#_comp.jams,412948,2,2,2,2,keep,2,2,0,0.37731999158859253,0.3884219825267792
35610,1,02_Funk3-112-C#_comp.jams,418107,0,2,2,2,keep,2,2,0,0.4153386652469635,0.376120388507843
35616,1,02_Funk3-112-C#_comp.jams,437999,2,2,4,2,mixed_by_complete_group,4,4,0,0.24418967962265015,0.33347681164741516
35621,1,02_Funk3-112-C#_comp.jams,448837,1,2,2,2,keep,2,2,0,0.5445144176483154,0.43613436818122864
35631,1,02_Funk3-112-C#_comp.jams,484628,1,2,2,2,keep,2,2,0,0.5896252393722534,0.2779596149921417
35642,1,02_Funk3-112-C#_comp.jams,509217,1,2,2,2,keep,2,2,0,0.3402397632598877,0.06681165844202042
35644,1,02_Funk3-112-C#_comp.jams,514596,1,2,3,2,mixed_by_complete_group,3,2,0,0.3131358027458191,0.578521728515625
35649,1,02_Funk3-112-C#_comp.jams,567430,2,2,2,2,keep,2,2,0,0.3993666172027588,0.6499572396278381
35656,1,02_Funk3-112-C#_comp.jams,590943,2,2,2,2,keep,2,2,0,0.44824540615081787,0.2703569531440735
35662,1,02_Funk3-112-C#_comp.jams,603058,0,2,2,2,keep,2,2,0,0.20959997177124023,0.08867774158716202
35664,1,02_Funk3-112-C#_comp.jams,607344,2,3,3,2,keep,2,2,1,0.21159407496452332,0.1508616954088211
35669,1,02_Funk3-112-C#_comp.jams,627194,2,4,4,4,keep,4,4,0,0.4900161325931549,0.5401607155799866
35675,1,02_Funk3-112-C#_comp.jams,638813,1,2,2,2,keep,2,2,0,0.670107364654541,0.5754351615905762
35677,1,02_Funk3-112-C#_comp.jams,643928,0,2,2,2,keep,2,2,0,0.5109604597091675,0.5812922716140747
35683,1,02_Funk3-112-C#_comp.jams,660747,2,2,2,2,keep,2,2,0,0.3872976303100586,0.4059107005596161
35692,1,02_Funk3-112-C#_comp.jams,685413,2,2,2,2,keep,2,2,0,0.4689370393753052,0.48835739493370056
35700,1,02_Funk3-112-C#_comp.jams,707575,0,2,2,2,keep,2,2,0,0.6079561710357666,0.7589302659034729
35701,1,02_Funk3-112-C#_comp.jams,709340,3,2,2,2,keep,2,2,0,0.3579464256763458,0.4723425507545471
35706,1,02_Funk3-112-C#_comp.jams,756644,3,4,4,4,keep,4,4,0,0.4590662121772766,0.39489808678627014
35720,1,02_Funk3-112-C#_comp.jams,815980,2,2,2,2,keep,2,2,0,0.3326287865638733,0.5602605938911438
35736,1,02_Funk3-112-C#_comp.jams,873944,2,2,2,2,keep,2,2,0,0.5296816825866699,0.5786357522010803
35741,1,02_Funk3-112-C#_comp.jams,885822,2,2,3,2,local_rates_favor_regression_for_all_groups,2,3,1,0.24513661861419678,0.19928567111492157
35745,1,02_Funk3-112-C#_comp.jams,898434,2,2,2,2,keep,2,2,0,0.34284281730651855,0.37743261456489563
35751,1,02_Funk3-112-C#_comp.jams,946056,2,2,2,2,keep,2,2,0,0.4609447419643402,0.4963410496711731
35755,1,02_Funk3-112-C#_comp.jams,969931,2,2,2,2,keep,2,2,0,0.5669406056404114,0.6357613801956177
35758,1,02_Funk3-112-C#_comp.jams,986184,2,3,3,3,keep,3,3,0,0.5867700576782227,0.5649541020393372
35762,1,02_Funk3-112-C#_comp.jams,1015088,2,2,2,2,keep,2,2,0,0.547234058380127,0.4802938401699066
35765,1,02_Funk3-112-C#_comp.jams,1039257,1,2,2,3,keep,3,3,0,0.3806532621383667,0.30040985345840454
35775,1,02_Funk3-112-C#_comp.jams,1086669,2,2,2,2,keep,2,2,0,0.3315018117427826,0.36485981941223145
35782,1,02_Funk3-112-C#_comp.jams,1133222,2,2,3,3,mixed_by_complete_group,3,3,0,0.2746696472167969,0.26569604873657227
35790,1,02_Funk3-112-C#_comp.jams,1158459,2,2,2,2,keep,2,2,0,0.4661935269832611,0.5254207253456116
35795,1,02_Funk3-112-C#_comp.jams,1168764,2,2,2,2,keep,2,2,0,0.4322676658630371,0.4552236795425415
35798,1,02_Funk3-112-C#_comp.jams,1174897,3,2,2,2,keep,2,2,0,0.4232456088066101,0.32790639996528625
35802,1,02_Funk3-112-C#_comp.jams,1193843,2,2,3,3,mixed_by_complete_group,3,2,0,0.2600593566894531,0.36269596219062805
35807,1,02_Funk3-112-C#_comp.jams,1204633,2,2,2,2,keep,2,2,0,0.7277682423591614,0.7474992871284485
35815,1,02_Funk3-112-C#_comp.jams,1223027,1,2,2,2,keep,2,2,0,0.49830514192581177,0.3619735836982727
35817,1,02_Funk3-112-C#_comp.jams,1226901,2,3,3,3,keep,3,3,0,0.42137742042541504,0.40589433908462524
35838,1,02_Funk3-112-C#_comp.jams,1275040,1,2,2,2,keep,2,2,0,0.4580986797809601,0.6939918994903564
35849,1,02_Funk3-112-C#_comp.jams,1310948,2,2,2,2,keep,2,2,0,0.31090712547302246,0.10302034765481949
35857,1,02_Funk3-112-C#_comp.jams,1347223,2,2,3,3,mixed_by_complete_group,3,3,0,0.2638810873031616,0.2727595865726471
35870,1,02_Funk3-112-C#_comp.jams,1372548,2,2,2,2,keep,2,2,0,0.16215282678604126,0.18284070491790771
35890,1,02_Funk3-112-C#_comp.jams,1441579,2,3,3,3,keep,3,3,0,0.581889808177948,0.6171753406524658
35895,1,02_Funk3-112-C#_comp.jams,1453428,2,2,2,2,keep,2,2,0,0.4684322774410248,0.5157232284545898
35900,1,02_Funk3-112-C#_comp.jams,1465485,3,2,2,2,keep,2,2,0,0.3695426285266876,0.5530151724815369
35918,1,02_Funk3-112-C#_solo.jams,107445,2,3,3,3,keep,3,3,0,0.2611311972141266,0.18639107048511505
35919,1,02_Funk3-112-C#_solo.jams,124240,2,2,2,2,keep,2,2,0,0.2570638358592987,0.2932544946670532
35958,1,02_Funk3-112-C#_solo.jams,354234,2,2,2,2,keep,2,2,0,0.29609212279319763,0.9036350250244141
35977,1,02_Funk3-112-C#_solo.jams,414204,2,4,2,2,mixed_by_complete_group,2,2,0,0.09072035551071167,0.1098938062787056
35996,1,02_Funk3-112-C#_solo.jams,509533,2,4,2,4,mixed_by_complete_group,2,4,0,0.3008899390697479,0.6716546416282654
36014,1,02_Funk3-112-C#_solo.jams,591370,2,4,4,2,keep,2,4,1,0.12217535078525543,0.2099868655204773
36026,1,02_Funk3-112-C#_solo.jams,627755,2,4,2,2,mixed_by_complete_group,2,2,0,0.11469671130180359,0.032850231975317
36034,1,02_Funk3-112-C#_solo.jams,709148,2,3,3,3,keep,3,3,0,0.34740591049194336,0.7946166396141052
36037,1,02_Funk3-112-C#_solo.jams,757929,2,3,3,2,keep,2,3,1,0.271377295255661,0.2645465135574341
36046,1,02_Funk3-112-C#_solo.jams,779474,1,2,2,2,keep,2,2,0,0.38738757371902466,0.5789980888366699
36053,1,02_Funk3-112-C#_solo.jams,838354,1,2,2,3,keep,2,3,0,0.3092089295387268,0.07635769993066788
36054,1,02_Funk3-112-C#_solo.jams,840174,1,2,2,2,keep,2,2,0,0.25837844610214233,0.31427881121635437
36059,1,02_Funk3-112-C#_solo.jams,862241,1,2,2,3,keep,2,2,0,0.3826688230037689,0.13500924408435822
36065,1,02_Funk3-112-C#_solo.jams,884821,2,2,2,2,keep,2,2,0,0.32290783524513245,0.4392223060131073
36069,1,02_Funk3-112-C#_solo.jams,920454,2,3,3,2,keep,2,2,1,0.10615929216146469,0.003396733431145549
36080,1,02_Funk3-112-C#_solo.jams,943634,1,2,2,3,keep,2,3,0,0.23830220103263855,0.013375476002693176
36093,1,02_Funk3-112-C#_solo.jams,968339,2,2,2,2,keep,2,2,0,0.14221100509166718,0.2185380905866623
36104,1,02_Funk3-112-C#_solo.jams,1002968,1,2,2,3,keep,2,3,0,0.31226253509521484,0.034665003418922424
36107,1,02_Funk3-112-C#_solo.jams,1039515,3,3,3,3,keep,3,3,0,0.6445203423500061,0.4885503053665161
36110,1,02_Funk3-112-C#_solo.jams,1061870,0,2,2,2,keep,2,2,0,0.19980299472808838,0.2600126564502716
36113,1,02_Funk3-112-C#_solo.jams,1076384,1,3,3,3,keep,3,3,0,0.5301259160041809,0.4241749942302704
36120,1,02_Funk3-112-C#_solo.jams,1097889,2,2,2,2,keep,2,2,0,0.46374449133872986,0.47707071900367737
36122,1,02_Funk3-112-C#_solo.jams,1109876,3,3,3,3,keep,3,3,0,0.5797374248504639,0.681017279624939
36125,1,02_Funk3-112-C#_solo.jams,1134019,2,4,2,2,mixed_by_complete_group,2,2,0,0.08011392503976822,0.03813208267092705
36135,1,02_Funk3-112-C#_solo.jams,1158073,2,2,2,2,keep,2,2,0,0.31040096282958984,0.3002506196498871
36140,1,02_Funk3-112-C#_solo.jams,1170209,2,2,2,2,keep,2,2,0,0.23200708627700806,0.23858438432216644
36145,1,02_Funk3-112-C#_solo.jams,1193453,2,4,3,3,mixed_by_complete_group,3,3,0,0.09846662729978561,0.16039913892745972
36161,1,02_Funk3-112-C#_solo.jams,1261104,1,4,4,2,keep,2,4,0,0.21686743199825287,0.22366046905517578
36163,1,02_Funk3-112-C#_solo.jams,1287825,2,2,2,3,keep,3,3,-1,0.24137286841869354,0.004383208695799112
36166,1,02_Funk3-112-C#_solo.jams,1311287,1,3,2,2,mixed_by_complete_group,2,2,0,0.19286921620368958,0.12909522652626038
36171,1,02_Funk3-112-C#_solo.jams,1323373,2,2,2,2,keep,2,2,0,0.2969496548175812,0.3945786952972412
36183,1,02_Funk3-112-C#_solo.jams,1383475,1,3,2,2,mixed_by_complete_group,2,2,0,0.2505798637866974,0.3333035111427307
36189,1,02_Funk3-112-C#_solo.jams,1406856,2,3,2,4,local_rates_favor_regression_for_all_groups,4,2,-1,0.2750169634819031,0.1378762274980545
36191,1,02_Funk3-112-C#_solo.jams,1430274,2,3,2,3,mixed_by_complete_group,2,3,0,0.18480966985225677,0.4143361449241638
36197,1,02_Funk3-112-C#_solo.jams,1453763,2,3,3,4,keep,4,3,0,0.4331471621990204,0.4736965596675873
36213,1,02_Funk3-112-C#_solo.jams,1487838,2,2,3,3,mixed_by_complete_group,3,3,0,0.2815271019935608,0.18660224974155426
46565,1,02_SS3-98-C_comp.jams,1809,1,2,2,2,keep,2,2,0,0.4925992786884308,0.5630946159362793
46574,1,02_SS3-98-C_comp.jams,24986,2,3,3,3,keep,3,3,0,0.2723880708217621,0.3146742880344391
46581,1,02_SS3-98-C_comp.jams,39649,4,4,4,3,keep,4,3,0,0.43902531266212463,0.24734070897102356
46588,1,02_SS3-98-C_comp.jams,68564,2,2,2,2,keep,2,2,0,0.35145917534828186,0.7899835705757141
46591,1,02_SS3-98-C_comp.jams,81257,3,3,4,4,mixed_by_complete_group,4,4,0,0.2099926471710205,0.25769704580307007
46613,1,02_SS3-98-C_comp.jams,134425,3,3,2,3,mixed_by_complete_group,3,2,1,0.3115197718143463,0.31838807463645935
46620,1,02_SS3-98-C_comp.jams,148696,3,2,3,3,mixed_by_complete_group,3,3,0,0.2736017107963562,0.24034544825553894
46628,1,02_SS3-98-C_comp.jams,177169,2,2,2,2,keep,3,2,-1,0.35154446959495544,0.6009376049041748
46634,1,02_SS3-98-C_comp.jams,190606,4,4,4,4,keep,4,4,0,0.4035290777683258,0.5707482695579529
46644,1,02_SS3-98-C_comp.jams,216930,3,2,2,2,keep,2,2,0,0.43360763788223267,0.46254071593284607
46665,1,02_SS3-98-C_comp.jams,283132,2,3,3,3,keep,3,3,0,0.6778032779693604,0.7162162065505981
46670,1,02_SS3-98-C_comp.jams,296745,4,3,3,3,keep,4,3,1,0.41409996151924133,0.5896578431129456
46679,1,02_SS3-98-C_comp.jams,325257,2,2,2,2,keep,2,2,0,0.5250523686408997,0.6512892842292786
46684,1,02_SS3-98-C_comp.jams,336474,2,2,2,2,keep,2,2,0,0.4666178822517395,0.7216581106185913
46691,1,02_SS3-98-C_comp.jams,351662,3,3,3,3,keep,3,3,0,0.3722276985645294,0.5174100995063782
46697,1,02_SS3-98-C_comp.jams,365013,3,2,2,2,keep,2,2,0,0.4256737232208252,0.7369748950004578
46703,1,02_SS3-98-C_comp.jams,378379,4,3,4,3,local_rates_favor_correction_for_all_groups,4,3,0,0.36068418622016907,0.42456895112991333
46709,1,02_SS3-98-C_comp.jams,391032,3,2,2,2,keep,2,2,0,0.6397238373756409,0.5406811833381653
46712,1,02_SS3-98-C_comp.jams,397869,2,2,2,2,keep,2,2,0,0.46094247698783875,0.43758341670036316
46722,1,02_SS3-98-C_comp.jams,419993,2,3,3,2,keep,2,3,1,0.1917055994272232,0.11209895461797714
46733,1,02_SS3-98-C_comp.jams,445476,0,2,2,2,keep,2,2,0,0.5872713923454285,0.748441755771637
46737,1,02_SS3-98-C_comp.jams,459904,3,2,3,3,local_rates_favor_regression_for_all_groups,3,3,0,0.21875102818012238,0.17725171148777008
46743,1,02_SS3-98-C_comp.jams,472022,3,2,3,4,mixed_by_complete_group,4,3,-1,0.1957673281431198,0.06635250896215439
46751,1,02_SS3-98-C_comp.jams,499263,2,2,3,2,mixed_by_complete_group,3,2,0,0.2408277690410614,0.7070699334144592
46757,1,02_SS3-98-C_comp.jams,513500,3,3,3,4,keep,4,4,-1,0.2767358422279358,0.1986379325389862
46763,1,02_SS3-98-C_comp.jams,526218,2,2,2,2,keep,2,2,0,0.15865731239318848,0.1343570202589035
46768,1,02_SS3-98-C_comp.jams,540956,3,2,2,2,keep,2,2,0,0.41166946291923523,0.6384118795394897
46774,1,02_SS3-98-C_comp.jams,553935,3,2,2,2,keep,3,2,1,0.3108446002006531,0.424121618270874
46780,1,02_SS3-98-C_comp.jams,566629,2,2,2,2,keep,2,2,0,0.26246118545532227,0.26114726066589355
46786,1,02_SS3-98-C_comp.jams,580876,4,4,4,4,keep,4,4,0,0.48123428225517273,0.42830750346183777
46793,1,02_SS3-98-C_comp.jams,608752,2,3,3,3,keep,3,3,0,0.5726636052131653,0.7110709547996521
46799,1,02_SS3-98-C_comp.jams,622691,4,3,3,3,keep,3,3,0,0.2643798887729645,0.22276929020881653
46812,1,02_SS3-98-C_comp.jams,649746,3,3,3,3,keep,3,3,0,0.4164307713508606,0.48383399844169617
46817,1,02_SS3-98-C_comp.jams,660596,2,2,2,2,keep,2,2,0,0.32526496052742004,0.3451623320579529
46830,1,02_SS3-98-C_comp.jams,688029,3,2,3,3,local_rates_favor_regression_for_all_groups,3,3,0,0.3101452589035034,0.11495456844568253
46838,1,02_SS3-98-C_comp.jams,715266,3,2,2,2,keep,2,2,0,0.36720767617225647,0.6803861260414124
46845,1,02_SS3-98-C_comp.jams,729446,4,4,4,5,keep,4,5,0,0.44600722193717957,0.40577444434165955
46856,1,02_SS3-98-C_comp.jams,756554,1,2,2,2,keep,2,2,0,0.24933643639087677,0.27759861946105957
46875,1,02_SS3-98-C_comp.jams,805133,1,2,2,2,keep,2,2,0,0.35676661133766174,0.06349276751279831
46898,1,02_SS3-98-C_comp.jams,852528,2,2,2,2,keep,2,2,0,0.4959183931350708,0.31988662481307983
46901,1,02_SS3-98-C_comp.jams,865360,3,3,2,3,mixed_by_complete_group,2,3,0,0.2562701404094696,0.5218502879142761
46911,1,02_SS3-98-C_comp.jams,890662,4,3,3,3,keep,3,3,0,0.6531206369400024,0.7816551923751831
46917,1,02_SS3-98-C_comp.jams,904016,4,2,2,2,keep,2,2,0,0.533674418926239,0.4209980070590973
46924,1,02_SS3-98-C_comp.jams,931493,2,2,2,3,keep,2,3,0,0.30210432410240173,0.0226814616471529
46925,1,02_SS3-98-C_comp.jams,945891,3,3,3,3,keep,3,3,0,0.5976403951644897,0.18320441246032715
46941,1,02_SS3-98-C_comp.jams,984856,2,2,2,2,keep,2,2,0,0.5558450818061829,0.46600595116615295
46947,1,02_SS3-98-C_comp.jams,999152,4,3,3,3,keep,3,3,0,0.40761128067970276,0.4839596152305603
46955,1,02_SS3-98-C_comp.jams,1013859,3,2,3,3,mixed_by_complete_group,3,3,0,0.16444316506385803,0.14174698293209076
46970,1,02_SS3-98-C_comp.jams,1054860,3,3,3,2,keep,3,2,0,0.3861493170261383,0.05264342948794365
46982,1,02_SS3-98-C_comp.jams,1080623,3,3,3,3,keep,3,3,0,0.4213791787624359,0.3774438500404358
46988,1,02_SS3-98-C_comp.jams,1093265,3,2,3,3,mixed_by_complete_group,3,3,0,0.24336904287338257,0.20092995464801788
46999,1,02_SS3-98-C_comp.jams,1118615,3,2,2,2,keep,2,2,0,0.5862168073654175,0.9140809178352356
47008,1,02_SS3-98-C_comp.jams,1147894,2,2,4,4,mixed_by_complete_group,4,4,0,0.2568642199039459,0.15646374225616455
47014,1,02_SS3-98-C_comp.jams,1161688,3,3,4,4,mixed_by_complete_group,4,4,0,0.16782113909721375,0.020863059908151627
47025,1,02_SS3-98-C_comp.jams,1189334,2,2,2,2,keep,2,2,0,0.43584275245666504,0.549049437046051
47039,1,02_SS3-98-C_comp.jams,1227569,2,3,2,2,mixed_by_complete_group,2,2,0,0.08078104257583618,0.023191966116428375
47046,1,02_SS3-98-C_comp.jams,1250204,3,2,2,2,keep,2,2,0,0.5281781554222107,0.45423734188079834
47059,1,02_SS3-98-C_comp.jams,1278497,2,3,3,2,keep,3,4,0,0.3306717574596405,0.10129065811634064
47061,1,02_SS3-98-C_comp.jams,1282830,3,2,2,2,keep,2,2,0,0.5119417309761047,0.5269162654876709
47065,1,02_SS3-98-C_comp.jams,1297418,1,2,2,2,keep,2,2,0,0.2335560917854309,0.37427404522895813
47072,1,02_SS3-98-C_comp.jams,1322500,3,2,2,2,keep,2,2,0,0.3834730088710785,0.2573692202568054
47079,1,02_SS3-98-C_comp.jams,1337679,4,3,3,3,keep,3,3,0,0.234953835606575,0.3095766007900238
47087,1,02_SS3-98-C_comp.jams,1363484,2,3,3,3,keep,3,3,0,0.1954915076494217,0.17075519263744354
47093,1,02_SS3-98-C_comp.jams,1377162,4,4,4,4,keep,4,4,0,0.5262117385864258,0.4463590979576111
47104,1,02_SS3-98-C_comp.jams,1403698,2,2,2,2,keep,2,2,0,0.4867057800292969,0.3722700774669647
47111,1,02_SS3-98-C_comp.jams,1419314,2,2,2,2,keep,2,2,0,0.503002941608429,0.5032634735107422
47116,1,02_SS3-98-C_comp.jams,1430344,2,2,2,2,keep,2,2,0,0.4940771460533142,0.6049435138702393
47123,1,02_SS3-98-C_comp.jams,1444022,3,3,4,4,mixed_by_complete_group,4,4,0,0.162229523062706,0.05770115554332733
47130,1,02_SS3-98-C_comp.jams,1472352,1,2,3,3,mixed_by_complete_group,3,3,0,0.20013967156410217,0.02658722549676895
47135,1,02_SS3-98-C_comp.jams,1486364,4,4,4,3,keep,4,4,0,0.3971356153488159,0.20249177515506744
47154,1,02_SS3-98-C_comp.jams,1538576,3,4,2,4,mixed_by_complete_group,2,4,0,0.19347266852855682,0.6165603399276733
47160,1,02_SS3-98-C_comp.jams,1552264,3,2,4,4,mixed_by_complete_group,4,4,0,0.2766980528831482,0.2259366810321808
47168,1,02_SS3-98-C_comp.jams,1579622,3,2,2,2,keep,2,2,0,0.5412797927856445,0.8030205368995667
47181,1,02_SS3-98-C_comp.jams,1606425,1,2,2,2,keep,2,2,0,0.3821958005428314,0.4176085889339447
47185,1,02_SS3-98-C_comp.jams,1620274,2,2,2,2,keep,2,2,0,0.47351932525634766,0.5981195569038391
47191,1,02_SS3-98-C_comp.jams,1633122,3,2,2,2,keep,2,2,0,0.5291903018951416,0.5464450120925903
47204,1,02_SS3-98-C_comp.jams,1659362,2,2,2,2,keep,2,2,0,0.5805323123931885,0.5521299839019775
47209,1,02_SS3-98-C_comp.jams,1668469,1,2,2,2,keep,2,2,0,0.23837129771709442,0.2648756206035614
47215,1,02_SS3-98-C_comp.jams,1681639,0,2,2,2,keep,2,2,0,0.3385407626628876,0.3282092809677124
47216,1,02_SS3-98-C_comp.jams,1683431,2,2,3,2,local_rates_favor_regression_for_all_groups,2,3,1,0.43744519352912903,0.36729738116264343
47227,1,02_SS3-98-C_comp.jams,1710839,2,3,2,2,mixed_by_complete_group,2,2,0,0.17002880573272705,0.19487228989601135
48369,1,03_BN3-154-E_comp.jams,11,4,3,4,3,local_rates_favor_correction_for_all_groups,4,3,0,0.29119327664375305,0.5186285972595215
48374,1,03_BN3-154-E_comp.jams,17296,4,4,4,4,keep,4,4,0,0.5751441121101379,0.8632873296737671
48380,1,03_BN3-154-E_comp.jams,44373,3,2,2,2,keep,2,2,0,0.36879977583885193,0.31000545620918274
48385,1,03_BN3-154-E_comp.jams,60634,4,4,4,4,keep,4,4,0,0.39232125878334045,0.36253827810287476
48397,1,03_BN3-154-E_comp.jams,104304,3,2,2,2,keep,2,2,0,0.16718828678131104,0.2919487953186035
48405,1,03_BN3-154-E_comp.jams,138179,4,4,4,4,keep,4,4,0,0.6036407947540283,0.7110581398010254
48408,1,03_BN3-154-E_comp.jams,155764,4,4,4,4,keep,4,4,0,0.8161326050758362,0.834364116191864
48414,1,03_BN3-154-E_comp.jams,180301,0,2,2,2,keep,2,2,0,0.16813547909259796,0.22220507264137268
48419,1,03_BN3-154-E_comp.jams,216725,3,4,4,3,keep,3,4,1,0.2548912465572357,0.2538449764251709
48425,1,03_BN3-154-E_comp.jams,240219,3,2,2,2,keep,2,2,0,0.30440208315849304,0.297715961933136
48429,1,03_BN3-154-E_comp.jams,257270,4,2,2,3,keep,2,2,0,0.406474232673645,0.02391892671585083
48432,1,03_BN3-154-E_comp.jams,275481,4,4,3,3,mixed_by_complete_group,3,3,0,0.35578250885009766,0.25980865955352783
48435,1,03_BN3-154-E_comp.jams,292952,4,4,4,4,keep,4,4,0,0.8204476237297058,0.9789102077484131
48442,1,03_BN3-154-E_comp.jams,353603,3,2,2,2,keep,2,2,0,0.2955559194087982,0.16865554451942444
48452,1,03_BN3-154-E_comp.jams,395087,3,2,2,2,keep,2,2,0,0.1574515849351883,0.3071640431880951
48454,1,03_BN3-154-E_comp.jams,411158,4,4,4,4,keep,4,4,0,0.3628619909286499,0.636947751045227
48455,1,03_BN3-154-E_comp.jams,429439,4,4,4,4,keep,4,4,0,0.4523806571960449,0.3516309857368469
48459,1,03_BN3-154-E_comp.jams,447628,1,3,3,3,keep,3,3,0,0.3850429356098175,0.36854153871536255
48462,1,03_BN3-154-E_comp.jams,456915,3,2,2,2,keep,2,2,0,0.43401843309402466,0.46376869082450867
48468,1,03_BN3-154-E_comp.jams,492910,4,4,4,4,keep,4,4,0,0.8990353941917419,0.9414703249931335
48471,1,03_BN3-154-E_comp.jams,508976,1,3,2,3,mixed_by_complete_group,2,3,0,0.24934335052967072,0.49580883979797363
48479,1,03_BN3-154-E_comp.jams,532866,4,4,4,4,keep,4,4,0,0.566596508026123,0.8487816452980042
48484,1,03_BN3-154-E_comp.jams,567353,4,4,3,4,local_rates_favor_regression_for_all_groups,3,4,0,0.4171404540538788,0.533173680305481
48492,1,03_BN3-154-E_comp.jams,595499,3,2,2,2,keep,2,2,0,0.5509347319602966,0.28018343448638916
48495,1,03_BN3-154-E_comp.jams,609985,3,2,2,2,keep,2,2,0,0.5478604435920715,0.8279374837875366
48503,1,03_BN3-154-E_comp.jams,655132,3,2,2,2,keep,2,2,0,0.28717905282974243,0.39207494258880615
48509,1,03_BN3-154-E_comp.jams,688091,4,4,4,4,keep,4,4,0,0.721129834651947,0.7777605652809143
48510,1,03_BN3-154-E_comp.jams,690809,0,2,2,2,keep,2,2,0,0.01274186559021473,0.017639225348830223
48515,1,03_BN3-154-E_comp.jams,704467,3,3,3,2,keep,3,3,0,0.3394832909107208,0.1845821738243103
48534,1,03_BN3-154-E_comp.jams,792959,3,4,3,3,mixed_by_complete_group,3,3,0,0.10468936711549759,0.03158682957291603
48541,1,03_BN3-154-E_comp.jams,807849,3,4,4,2,keep,4,4,0,0.49195361137390137,0.19377446174621582
48544,1,03_BN3-154-E_comp.jams,842250,3,4,4,4,keep,4,4,0,0.43955162167549133,0.4773355722427368
48551,1,03_BN3-154-E_comp.jams,868440,3,3,3,3,keep,3,3,0,0.25043052434921265,0.05474424734711647
48556,1,03_BN3-154-E_comp.jams,901491,4,4,3,4,mixed_by_complete_group,3,4,0,0.43451452255249023,0.8596829771995544
48561,1,03_BN3-154-E_comp.jams,928717,3,2,2,2,keep,2,2,0,0.22511793673038483,0.2711220681667328
48567,1,03_BN3-154-E_comp.jams,945682,4,4,2,2,mixed_by_complete_group,2,2,0,0.20274607837200165,0.07752741128206253
48574,1,03_BN3-154-E_comp.jams,979146,4,3,3,3,keep,3,3,0,0.3845948576927185,0.6329324841499329
48578,1,03_BN3-154-E_comp.jams,996625,1,2,2,2,keep,2,2,0,0.2190687358379364,0.2034846395254135
48582,1,03_BN3-154-E_comp.jams,1004672,3,2,2,2,keep,2,2,0,0.5235835909843445,0.9492668509483337
48591,1,03_BN3-154-E_comp.jams,1047703,3,2,3,3,mixed_by_complete_group,3,3,0,0.30250245332717896,0.2952522039413452
49730,1,03_Funk2-119-G_comp.jams,22955,3,3,3,3,keep,3,3,0,0.5242429971694946,0.7691614031791687
49733,1,03_Funk2-119-G_comp.jams,40611,2,3,3,3,keep,3,3,0,0.6150862574577332,0.8101040124893188
49736,1,03_Funk2-119-G_comp.jams,56685,3,4,2,4,local_rates_favor_correction_for_all_groups,2,4,0,0.25156930088996887,0.3781552314758301
49737,1,03_Funk2-119-G_comp.jams,67605,3,2,2,2,keep,2,2,0,0.5126136541366577,0.3770606815814972
49738,1,03_Funk2-119-G_comp.jams,88179,3,3,3,3,keep,3,3,0,0.5255106687545776,0.7533023357391357
49740,1,03_Funk2-119-G_comp.jams,100394,3,4,3,3,mixed_by_complete_group,3,3,0,0.21540018916130066,0.30197590589523315
49743,1,03_Funk2-119-G_comp.jams,110976,3,3,3,2,keep,2,2,-1,0.1990801841020584,0.040426723659038544
49754,1,03_Funk2-119-G_comp.jams,178089,3,2,3,2,mixed_by_complete_group,3,3,0,0.2620515823364258,0.400956928730011
49765,1,03_Funk2-119-G_comp.jams,212369,3,2,2,2,keep,2,2,0,0.36324357986450195,0.06919100135564804
49767,1,03_Funk2-119-G_comp.jams,222871,4,4,3,4,mixed_by_complete_group,3,4,0,0.2678213119506836,0.45630040764808655
49771,1,03_Funk2-119-G_comp.jams,245151,3,2,2,2,keep,2,2,0,0.2640792429447174,0.3881528079509735
49774,1,03_Funk2-119-G_comp.jams,266843,4,4,3,3,mixed_by_complete_group,3,3,0,0.37366050481796265,0.3432910144329071
49777,1,03_Funk2-119-G_comp.jams,277870,3,3,3,2,keep,3,2,0,0.5213309526443481,0.05908748507499695
49779,1,03_Funk2-119-G_comp.jams,289168,4,3,3,3,keep,3,3,0,0.4639125466346741,0.3279579281806946
49787,1,03_Funk2-119-G_comp.jams,305874,1,2,3,2,local_rates_favor_regression_for_all_groups,2,2,0,0.30777084827423096,0.9076341390609741
49791,1,03_Funk2-119-G_comp.jams,343993,3,2,2,2,keep,2,2,0,0.689859926700592,0.8500861525535583
49796,1,03_Funk2-119-G_comp.jams,353981,1,2,2,2,keep,2,2,0,0.5349269509315491,0.29946738481521606
49797,1,03_Funk2-119-G_comp.jams,355763,3,4,4,3,keep,3,4,1,0.3293665945529938,0.30751049518585205
49805,1,03_Funk2-119-G_comp.jams,374937,2,2,2,3,keep,2,3,0,0.2613651156425476,0.0018643714720383286
49808,1,03_Funk2-119-G_comp.jams,389433,3,2,2,2,keep,2,2,0,0.4155629575252533,0.5282266736030579
49811,1,03_Funk2-119-G_comp.jams,399947,3,3,3,3,keep,3,3,0,0.63536137342453,0.7743279933929443
49814,1,03_Funk2-119-G_comp.jams,422403,4,3,3,3,keep,3,3,0,0.48723262548446655,0.5468074083328247
49816,1,03_Funk2-119-G_comp.jams,445021,4,4,3,3,mixed_by_complete_group,3,3,0,0.3172471821308136,0.22436857223510742
49820,1,03_Funk2-119-G_comp.jams,456586,4,4,4,4,keep,4,4,0,0.3694325387477875,0.4997095763683319
49825,1,03_Funk2-119-G_comp.jams,467462,4,4,4,3,keep,4,4,0,0.34324103593826294,0.27932992577552795
49836,1,03_Funk2-119-G_comp.jams,533315,3,3,3,3,keep,3,3,0,0.5557923913002014,0.8168017864227295
49844,1,03_Funk2-119-G_comp.jams,567458,3,3,3,3,keep,3,3,0,0.4927860498428345,0.4073988199234009
49849,1,03_Funk2-119-G_comp.jams,580350,2,3,2,3,mixed_by_complete_group,3,2,-1,0.2628711760044098,0.20624487102031708
49853,1,03_Funk2-119-G_comp.jams,596833,2,2,2,2,keep,2,2,0,0.1996205747127533,0.11178427189588547
49855,1,03_Funk2-119-G_comp.jams,619997,3,2,2,2,keep,2,2,0,0.4987777769565582,0.0661253109574318
49859,1,03_Funk2-119-G_comp.jams,633626,3,2,2,2,keep,2,2,0,0.7502768039703369,0.600120484828949
49860,1,03_Funk2-119-G_comp.jams,644727,3,3,3,3,keep,3,3,0,0.3934471607208252,0.5145006775856018
49862,1,03_Funk2-119-G_comp.jams,655902,3,2,3,3,mixed_by_complete_group,3,3,0,0.4134523868560791,0.18522734940052032
49864,1,03_Funk2-119-G_comp.jams,662669,3,3,3,3,keep,3,3,0,0.35319051146507263,0.12704738974571228
49868,1,03_Funk2-119-G_comp.jams,710952,4,4,4,3,keep,4,4,0,0.4776962697505951,0.29086217284202576
49871,1,03_Funk2-119-G_comp.jams,731903,2,2,2,2,keep,2,2,0,0.14499172568321228,0.05500767007470131
49873,1,03_Funk2-119-G_comp.jams,746202,4,3,3,2,keep,3,2,0,0.48101091384887695,0.04979463294148445
49874,1,03_Funk2-119-G_comp.jams,756764,3,3,3,3,keep,3,3,0,0.4390867054462433,0.38443922996520996
49875,1,03_Funk2-119-G_comp.jams,777401,3,3,3,3,keep,3,3,0,0.3363812267780304,0.25720229744911194
49877,1,03_Funk2-119-G_comp.jams,797259,0,2,2,2,keep,2,2,0,0.26288872957229614,0.0928201973438263
49879,1,03_Funk2-119-G_comp.jams,801601,4,3,3,3,keep,3,3,0,0.5659025311470032,0.37781327962875366
49881,1,03_Funk2-119-G_comp.jams,812544,2,4,4,4,keep,4,4,0,0.5116000771522522,0.39926591515541077
49882,1,03_Funk2-119-G_comp.jams,822789,4,4,4,4,keep,4,4,0,0.4275969862937927,0.5205987691879272
49892,1,03_Funk2-119-G_comp.jams,888437,4,4,4,4,keep,4,4,0,0.46167701482772827,0.6815202832221985
49900,1,03_Funk2-119-G_comp.jams,909339,1,2,2,3,keep,2,3,0,0.07400595396757126,0.00983361154794693
49903,1,03_Funk2-119-G_comp.jams,924534,3,2,2,2,keep,2,2,0,0.45437905192375183,0.5903047919273376
49909,1,03_Funk2-119-G_comp.jams,953081,3,2,3,2,local_rates_favor_regression_for_all_groups,3,2,0,0.42886269092559814,0.6874346137046814
49913,1,03_Funk2-119-G_comp.jams,976266,2,2,2,2,keep,2,2,0,0.38198330998420715,0.7864026427268982
49916,1,03_Funk2-119-G_comp.jams,1001441,3,3,3,2,keep,3,2,0,0.3889595866203308,0.08132454752922058
49925,1,03_Funk2-119-G_comp.jams,1066804,3,3,2,2,local_rates_favor_regression_for_all_groups,2,2,0,0.3334217965602875,0.23906484246253967
49926,1,03_Funk2-119-G_comp.jams,1086100,2,2,2,2,keep,2,2,0,0.6952980756759644,0.5568773150444031
49929,1,03_Funk2-119-G_comp.jams,1100994,3,2,2,2,keep,2,2,0,0.4958549439907074,0.6331728100776672
49930,1,03_Funk2-119-G_comp.jams,1111001,2,3,2,2,mixed_by_complete_group,2,2,0,0.29527586698532104,0.12642444670200348
49937,1,03_Funk2-119-G_comp.jams,1132676,2,2,2,2,keep,2,2,0,0.765263020992279,0.7563015222549438
49938,1,03_Funk2-119-G_comp.jams,1134680,2,2,2,2,keep,2,2,0,0.3859088122844696,0.4385078549385071
49942,1,03_Funk2-119-G_comp.jams,1157720,4,4,4,4,keep,4,4,0,0.4354741871356964,0.3978792428970337
49951,1,03_Funk2-119-G_comp.jams,1175166,2,2,3,2,local_rates_favor_regression_for_all_groups,2,3,1,0.2719423770904541,0.1398565173149109
49954,1,03_Funk2-119-G_comp.jams,1190356,2,3,3,3,keep,3,3,0,0.3498726487159729,0.32497724890708923
49958,1,03_Funk2-119-G_comp.jams,1200104,2,2,2,2,keep,2,2,0,0.4130449891090393,0.09149212390184402
49971,1,03_Funk2-119-G_comp.jams,1245436,4,4,4,4,keep,4,4,0,0.4489944875240326,0.4103531539440155
49979,1,03_Funk2-119-G_comp.jams,1262977,2,3,2,3,mixed_by_complete_group,2,3,0,0.15575700998306274,0.5369177460670471
49983,1,03_Funk2-119-G_comp.jams,1278867,3,3,3,3,keep,3,3,0,0.44048115611076355,0.41956841945648193
49987,1,03_Funk2-119-G_comp.jams,1289044,3,3,3,3,keep,3,3,0,0.3176381289958954,0.315153568983078
49991,1,03_Funk2-119-G_comp.jams,1312943,4,2,2,2,keep,2,2,0,0.6540075540542603,0.8950254321098328
50000,1,03_Funk2-119-G_comp.jams,1334656,3,2,2,2,keep,2,2,0,0.42599666118621826,0.47262313961982727
50010,1,03_Funk2-119-G_comp.jams,1357603,4,4,4,4,keep,4,4,0,0.3434845805168152,0.31077486276626587
50019,1,03_Funk2-119-G_comp.jams,1378848,4,4,4,4,keep,4,4,0,0.4791686236858368,0.39782580733299255
50025,1,03_Funk2-119-G_comp.jams,1393989,2,3,3,3,keep,2,3,1,0.33553415536880493,0.6493412256240845
50164,1,03_Funk3-112-C#_comp.jams,22740,1,2,2,2,keep,2,2,0,0.43682584166526794,0.1799210160970688
50170,1,03_Funk3-112-C#_comp.jams,41537,2,2,2,2,keep,2,2,0,0.5283615589141846,0.5800665616989136
50182,1,03_Funk3-112-C#_comp.jams,94875,3,2,2,2,keep,2,2,0,0.4508996903896332,0.9160521030426025
50191,1,03_Funk3-112-C#_comp.jams,113258,3,2,2,3,keep,2,3,0,0.5186843276023865,0.24904702603816986
50194,1,03_Funk3-112-C#_comp.jams,130476,2,2,2,2,keep,2,2,0,0.31251806020736694,0.21923445165157318
50195,1,03_Funk3-112-C#_comp.jams,141198,3,3,3,3,keep,3,3,0,0.5437134504318237,0.7158610820770264
50201,1,03_Funk3-112-C#_comp.jams,164522,1,2,2,3,keep,2,2,0,0.4006016254425049,0.35253751277923584
50202,1,03_Funk3-112-C#_comp.jams,166568,2,2,2,2,keep,2,2,0,0.22427107393741608,0.21850256621837616
50207,1,03_Funk3-112-C#_comp.jams,188536,3,2,2,2,keep,2,2,0,0.4214056432247162,0.5296774506568909
50223,1,03_Funk3-112-C#_comp.jams,235631,3,3,3,3,keep,3,3,0,0.41700366139411926,0.4194427728652954
50226,1,03_Funk3-112-C#_comp.jams,241335,2,2,2,2,keep,2,2,0,0.2300029844045639,0.08969812840223312
50229,1,03_Funk3-112-C#_comp.jams,271912,1,3,2,2,mixed_by_complete_group,2,2,0,0.3225204646587372,0.3626088500022888
50235,1,03_Funk3-112-C#_comp.jams,283869,3,4,2,3,local_rates_favor_correction_for_all_groups,3,2,1,0.2457960546016693,0.13959310948848724
50245,1,03_Funk3-112-C#_comp.jams,302827,3,2,2,2,keep,2,3,0,0.5997602939605713,0.4411551058292389
50249,1,03_Funk3-112-C#_comp.jams,318459,2,4,3,3,mixed_by_complete_group,3,3,0,0.11526966094970703,0.1911807507276535
50261,1,03_Funk3-112-C#_comp.jams,341990,1,3,3,2,keep,2,3,0,0.12864992022514343,0.08080902695655823
50267,1,03_Funk3-112-C#_comp.jams,355321,4,3,3,3,keep,3,3,0,0.231052428483963,0.41728925704956055
50273,1,03_Funk3-112-C#_comp.jams,390076,2,2,2,2,keep,2,2,0,0.5553239583969116,0.9890041947364807
50277,1,03_Funk3-112-C#_comp.jams,398287,0,2,2,2,keep,2,2,0,0.054453615099191666,0.060203202068805695
50287,1,03_Funk3-112-C#_comp.jams,425507,1,2,2,2,keep,2,2,0,0.5706173181533813,0.9562382698059082
50288,1,03_Funk3-112-C#_comp.jams,427276,1,2,2,2,keep,2,2,0,0.48307085037231445,0.47428709268569946
50293,1,03_Funk3-112-C#_comp.jams,445675,1,2,2,2,keep,2,2,0,0.4756782054901123,0.35144543647766113
50294,1,03_Funk3-112-C#_comp.jams,455800,2,3,2,2,local_rates_favor_regression_for_all_groups,2,2,0,0.268547385931015,0.027497945353388786
50303,1,03_Funk3-112-C#_comp.jams,497121,4,3,3,2,keep,3,2,0,0.3313344120979309,0.08975187689065933
50307,1,03_Funk3-112-C#_comp.jams,508216,0,3,2,2,mixed_by_complete_group,3,2,0,0.00983283668756485,4.861232127950643e-07
50310,1,03_Funk3-112-C#_comp.jams,514214,2,3,3,3,keep,3,3,0,0.5029132962226868,0.5055460333824158
50315,1,03_Funk3-112-C#_comp.jams,543116,4,3,3,2,keep,3,2,0,0.4122483730316162,0.18380245566368103
50322,1,03_Funk3-112-C#_comp.jams,577567,2,3,3,3,keep,3,3,0,0.4570785462856293,0.2624151408672333
50331,1,03_Funk3-112-C#_comp.jams,617304,2,4,4,4,keep,4,4,0,0.7820099592208862,0.9096961617469788
50349,1,03_Funk3-112-C#_comp.jams,710144,2,4,2,2,mixed_by_complete_group,2,2,0,0.07498852908611298,0.01643894426524639
50365,1,03_Funk3-112-C#_comp.jams,768605,2,2,3,3,local_rates_favor_regression_for_all_groups,3,3,0,0.21860618889331818,0.15611931681632996
50366,1,03_Funk3-112-C#_comp.jams,781076,4,3,3,2,keep,3,2,0,0.31905296444892883,0.08093605190515518
50382,1,03_Funk3-112-C#_comp.jams,851256,2,4,3,3,mixed_by_complete_group,3,3,0,0.42416927218437195,0.18660350143909454
50395,1,03_Funk3-112-C#_comp.jams,898712,2,4,2,2,mixed_by_complete_group,2,2,0,0.16506405174732208,0.11824911087751389
50423,1,03_Funk3-112-C#_comp.jams,1003862,4,3,3,3,keep,3,3,0,0.4681972563266754,0.39385589957237244
50430,1,03_Funk3-112-C#_comp.jams,1039491,4,4,3,3,mixed_by_complete_group,3,3,0,0.28402772545814514,0.2372502088546753
50438,1,03_Funk3-112-C#_comp.jams,1063939,4,2,2,2,keep,2,2,0,0.4598616361618042,0.584933340549469
50444,1,03_Funk3-112-C#_comp.jams,1083275,2,3,2,3,mixed_by_complete_group,2,3,0,0.35537973046302795,0.5172613859176636
50448,1,03_Funk3-112-C#_comp.jams,1099464,2,2,2,2,keep,2,2,0,0.5005000233650208,0.4800749123096466
50453,1,03_Funk3-112-C#_comp.jams,1109226,1,2,2,2,keep,2,2,0,0.37176528573036194,0.1470358818769455
50457,1,03_Funk3-112-C#_comp.jams,1134212,2,2,2,2,keep,2,2,0,0.7192742228507996,0.9798936247825623
50461,1,03_Funk3-112-C#_comp.jams,1170728,2,2,2,2,keep,2,2,0,0.4202161729335785,0.6136399507522583
50465,1,03_Funk3-112-C#_comp.jams,1204817,2,2,4,4,mixed_by_complete_group,4,4,0,0.37890949845314026,0.02016388066112995
50479,1,03_Funk3-112-C#_comp.jams,1251899,3,4,4,4,keep,3,4,1,0.32865816354751587,0.3567691743373871
50492,1,03_Funk3-112-C#_comp.jams,1288846,2,2,4,3,mixed_by_complete_group,3,4,0,0.16246630251407623,0.19495604932308197
50496,1,03_Funk3-112-C#_comp.jams,1323667,2,3,3,3,keep,3,3,0,0.4456437826156616,0.5491998195648193
50506,1,03_Funk3-112-C#_comp.jams,1358508,2,4,4,4,keep,4,4,0,0.5685843229293823,0.4228222966194153
50511,1,03_Funk3-112-C#_comp.jams,1381913,2,3,4,4,mixed_by_complete_group,4,4,0,0.24697478115558624,0.15174062550067902
50516,1,03_Funk3-112-C#_comp.jams,1405982,2,3,4,4,local_rates_favor_correction_for_all_groups,4,4,0,0.33415940403938293,0.45827847719192505
50540,1,03_Funk3-112-C#_comp.jams,1488591,2,3,3,3,keep,3,3,0,0.3219015896320343,0.44871819019317627
50689,1,03_Funk3-112-C#_solo.jams,1417257,1,2,3,2,local_rates_favor_regression_for_all_groups,3,2,0,0.22488835453987122,0.6117011308670044
60009,1,03_SS3-98-C_comp.jams,13574,2,4,3,3,mixed_by_complete_group,3,3,0,0.25702834129333496,0.24249158799648285
60010,1,03_SS3-98-C_comp.jams,15429,2,2,2,2,keep,2,2,0,0.242472842335701,0.18953782320022583
60018,1,03_SS3-98-C_comp.jams,32492,1,2,2,2,keep,2,2,0,0.193889781832695,0.3327617943286896
60023,1,03_SS3-98-C_comp.jams,52896,3,3,3,4,keep,3,3,0,0.46162158250808716,0.28950437903404236
60024,1,03_SS3-98-C_comp.jams,55083,1,2,2,2,keep,2,2,0,0.17394161224365234,0.14448337256908417
60033,1,03_SS3-98-C_comp.jams,73580,1,2,2,2,keep,2,2,0,0.2919686734676361,0.2870329022407532
60034,1,03_SS3-98-C_comp.jams,75430,2,4,4,3,keep,4,3,0,0.2587164044380188,0.1032002717256546
60035,1,03_SS3-98-C_comp.jams,77497,0,3,2,2,local_rates_favor_correction_for_all_groups,3,2,0,0.010261728428304195,4.498917769524269e-05
60049,1,03_SS3-98-C_comp.jams,107677,2,2,2,2,keep,2,2,0,0.3842483162879944,0.5284149050712585
60054,1,03_SS3-98-C_comp.jams,121951,5,4,4,4,keep,4,4,0,0.36546361446380615,0.37351757287979126
60066,1,03_SS3-98-C_comp.jams,143628,3,3,2,2,mixed_by_complete_group,2,2,0,0.13011886179447174,0.29992732405662537
60068,1,03_SS3-98-C_comp.jams,148065,1,2,2,2,keep,2,2,0,0.2940167486667633,0.28831344842910767
60075,1,03_SS3-98-C_comp.jams,161491,1,2,2,2,keep,2,4,0,0.3304884135723114,0.3071410059928894
60076,1,03_SS3-98-C_comp.jams,163276,3,3,3,4,keep,3,2,0,0.3301065266132355,0.1764909327030182
60086,1,03_SS3-98-C_comp.jams,183783,3,4,2,2,mixed_by_complete_group,2,2,0,0.04025294631719589,0.007136978209018707
60091,1,03_SS3-98-C_comp.jams,197225,1,2,2,2,keep,2,2,0,0.322339802980423,0.3222357928752899
60094,1,03_SS3-98-C_comp.jams,203439,2,2,2,2,keep,2,2,0,0.4663565754890442,0.3940424919128418
60097,1,03_SS3-98-C_comp.jams,215486,1,2,2,2,keep,2,2,0,0.15340004861354828,0.31948232650756836
60098,1,03_SS3-98-C_comp.jams,217341,2,2,2,2,keep,2,3,0,0.49020475149154663,0.34974026679992676
60103,1,03_SS3-98-C_comp.jams,228976,2,4,4,2,keep,2,2,1,0.2704817056655884,0.12470512837171555
60104,1,03_SS3-98-C_comp.jams,230844,2,2,2,2,keep,2,2,0,0.2796650826931,0.1926182508468628
60116,1,03_SS3-98-C_comp.jams,256115,1,2,2,2,keep,2,2,0,0.47893938422203064,0.47605517506599426
60118,1,03_SS3-98-C_comp.jams,269915,1,3,3,3,keep,3,3,0,0.5593636631965637,0.4977903366088867
60119,1,03_SS3-98-C_comp.jams,271874,3,2,2,2,keep,2,2,0,0.43049904704093933,0.7223459482192993
60128,1,03_SS3-98-C_comp.jams,291541,3,4,3,3,local_rates_favor_regression_for_all_groups,3,3,0,0.10115981847047806,0.01827305555343628
60134,1,03_SS3-98-C_comp.jams,304996,2,4,4,3,keep,4,3,0,0.3244034945964813,0.11659512668848038
60136,1,03_SS3-98-C_comp.jams,308688,1,2,3,2,mixed_by_complete_group,2,2,0,0.37055566906929016,0.5974748730659485
60137,1,03_SS3-98-C_comp.jams,310498,1,2,2,2,keep,2,2,0,0.13953813910484314,0.15638437867164612
60147,1,03_SS3-98-C_comp.jams,335060,2,2,2,2,keep,2,2,0,0.3620965778827667,0.5664708614349365
60148,1,03_SS3-98-C_comp.jams,336945,3,2,2,5,keep,2,5,0,0.360860139131546,0.17778071761131287
60159,1,03_SS3-98-C_comp.jams,358690,1,2,3,2,local_rates_favor_correction_for_all_groups,2,3,0,0.12864302098751068,0.08734051883220673
60161,1,03_SS3-98-C_comp.jams,362930,1,2,2,2,keep,2,2,0,0.18210946023464203,0.17392535507678986
60162,1,03_SS3-98-C_comp.jams,365091,0,2,2,2,keep,2,2,0,0.130946546792984,0.25470927357673645
60168,1,03_SS3-98-C_comp.jams,377717,3,4,4,4,keep,4,4,0,0.3634231984615326,0.4963655173778534
60178,1,03_SS3-98-C_comp.jams,398672,2,2,2,2,keep,2,2,0,0.27294212579727173,0.23465196788311005
60185,1,03_SS3-98-C_comp.jams,413708,2,2,3,4,mixed_by_complete_group,4,3,0,0.10176722705364227,0.014636693522334099
60187,1,03_SS3-98-C_comp.jams,419131,3,4,3,3,mixed_by_complete_group,3,3,0,0.2511867880821228,0.17816895246505737
60195,1,03_SS3-98-C_comp.jams,445364,4,3,3,3,keep,3,3,0,0.44075271487236023,0.2846890985965729
60206,1,03_SS3-98-C_comp.jams,466680,3,3,2,4,mixed_by_complete_group,4,2,0,0.08436090499162674,0.02940957620739937
60209,1,03_SS3-98-C_comp.jams,473062,2,2,2,3,keep,3,3,-1,0.3044165074825287,0.06193429231643677
60213,1,03_SS3-98-C_comp.jams,481223,0,2,2,2,keep,2,2,0,0.267069548368454,0.07137466967105865
60214,1,03_SS3-98-C_comp.jams,484135,1,2,2,3,keep,2,3,0,0.18518748879432678,0.016858242452144623
60215,1,03_SS3-98-C_comp.jams,485916,2,3,3,3,keep,4,3,0,0.35276156663894653,0.4409427344799042
60222,1,03_SS3-98-C_comp.jams,499442,3,3,2,2,local_rates_favor_correction_for_all_groups,3,2,1,0.3429605960845947,0.1469365805387497
60225,1,03_SS3-98-C_comp.jams,506639,3,3,4,4,local_rates_favor_correction_for_all_groups,4,4,0,0.16058681905269623,0.058644235134124756
60231,1,03_SS3-98-C_comp.jams,521444,1,2,2,2,keep,2,2,0,0.24418503046035767,0.6385915875434875
60233,1,03_SS3-98-C_comp.jams,526432,2,3,3,3,keep,3,3,0,0.23543737828731537,0.17190249264240265
60242,1,03_SS3-98-C_comp.jams,552609,2,3,3,2,keep,2,3,1,0.3984778821468353,0.3792344629764557
60243,1,03_SS3-98-C_comp.jams,554402,3,2,3,2,local_rates_favor_regression_for_all_groups,2,2,-1,0.41327929496765137,0.5969333648681641
60253,1,03_SS3-98-C_comp.jams,573823,3,2,3,3,mixed_by_complete_group,3,3,0,0.17452865839004517,0.19193196296691895
60254,1,03_SS3-98-C_comp.jams,575802,0,2,3,2,mixed_by_complete_group,3,3,0,0.06973141431808472,0.16219808161258698
60255,1,03_SS3-98-C_comp.jams,577885,0,2,2,2,keep,2,2,0,0.13585904240608215,0.12466442584991455
60256,1,03_SS3-98-C_comp.jams,580076,2,4,4,4,keep,3,4,0,0.23790650069713593,0.486802875995636
60257,1,03_SS3-98-C_comp.jams,581967,1,2,2,2,keep,2,2,0,0.11998125165700912,0.11563913524150848
60262,1,03_SS3-98-C_comp.jams,593053,1,2,3,3,local_rates_favor_regression_for_all_groups,3,3,0,0.3509018123149872,0.33476948738098145
60263,1,03_SS3-98-C_comp.jams,594828,1,3,3,4,keep,3,3,0,0.4127415716648102,0.2961180806159973
60273,1,03_SS3-98-C_comp.jams,615304,1,2,2,2,keep,2,2,0,0.2844424247741699,0.6179481148719788
60274,1,03_SS3-98-C_comp.jams,617244,2,2,2,2,keep,2,2,0,0.2626942992210388,0.2918608486652374
60275,1,03_SS3-98-C_comp.jams,619281,0,2,2,2,keep,2,2,0,0.13081173598766327,0.1398339718580246
60283,1,03_SS3-98-C_comp.jams,635282,2,4,3,4,mixed_by_complete_group,4,4,0,0.32878801226615906,0.5717910528182983
60291,1,03_SS3-98-C_comp.jams,661823,3,4,4,2,keep,4,4,0,0.3198933005332947,0.19088928401470184
60292,1,03_SS3-98-C_comp.jams,663593,1,2,2,2,keep,2,2,0,0.18359708786010742,0.17999178171157837
60302,1,03_SS3-98-C_comp.jams,682504,2,4,3,2,mixed_by_complete_group,4,3,0,0.17991527915000916,0.06075659766793251
60305,1,03_SS3-98-C_comp.jams,688837,2,2,2,2,keep,2,2,0,0.12261199206113815,0.15153224766254425
60311,1,03_SS3-98-C_comp.jams,702743,3,4,4,4,keep,4,4,0,0.4891493320465088,0.5016160607337952
60321,1,03_SS3-98-C_comp.jams,721973,2,2,2,2,keep,2,2,0,0.17583750188350677,0.28003454208374023
60324,1,03_SS3-98-C_comp.jams,727753,2,3,2,2,mixed_by_complete_group,2,2,0,0.055310577154159546,0.01686336286365986
60325,1,03_SS3-98-C_comp.jams,729840,1,2,2,2,keep,2,2,0,0.09763424843549728,0.12604808807373047
60328,1,03_SS3-98-C_comp.jams,735387,2,2,2,2,keep,2,2,0,0.262673556804657,0.2276145964860916
60331,1,03_SS3-98-C_comp.jams,741111,2,3,2,3,mixed_by_complete_group,3,3,-1,0.35780495405197144,0.6465915441513062
60335,1,03_SS3-98-C_comp.jams,754244,2,2,2,2,keep,2,2,0,0.526195764541626,0.49282974004745483
60342,1,03_SS3-98-C_comp.jams,767552,1,2,2,2,keep,2,2,0,0.43552690744400024,0.7437671422958374
60343,1,03_SS3-98-C_comp.jams,769446,3,3,2,2,local_rates_favor_regression_for_all_groups,2,2,0,0.22205309569835663,0.10863418877124786
60344,1,03_SS3-98-C_comp.jams,771231,0,2,2,2,keep,2,2,0,0.0579117015004158,0.06915707886219025
60352,1,03_SS3-98-C_comp.jams,789562,3,3,2,2,mixed_by_complete_group,2,2,0,0.13783422112464905,0.06837458908557892
60354,1,03_SS3-98-C_comp.jams,796672,3,2,2,2,keep,2,2,0,0.49055129289627075,0.8116475343704224
60360,1,03_SS3-98-C_comp.jams,809081,4,3,2,2,local_rates_favor_regression_for_all_groups,2,2,0,0.2960074543952942,0.274325430393219
60366,1,03_SS3-98-C_comp.jams,822002,3,3,3,4,keep,3,2,0,0.26121222972869873,0.18555767834186554
60369,1,03_SS3-98-C_comp.jams,827848,0,2,2,2,keep,2,2,0,0.2953745424747467,0.24325546622276306
60370,1,03_SS3-98-C_comp.jams,829641,3,4,2,2,mixed_by_complete_group,2,2,0,0.07411164790391922,0.01849585771560669
60377,1,03_SS3-98-C_comp.jams,843408,1,2,3,3,mixed_by_complete_group,3,3,0,0.40104156732559204,0.07236277312040329
60381,1,03_SS3-98-C_comp.jams,851044,2,3,3,3,keep,3,3,0,0.2056034505367279,0.3881513774394989
60386,1,03_SS3-98-C_comp.jams,862263,2,2,2,2,keep,2,2,0,0.4537721574306488,0.4483536183834076
60392,1,03_SS3-98-C_comp.jams,877533,4,3,3,4,keep,4,4,1,0.23581001162528992,0.07309191673994064
60402,1,03_SS3-98-C_comp.jams,897095,2,3,2,2,mixed_by_complete_group,2,2,0,0.20787644386291504,0.1386912316083908
60403,1,03_SS3-98-C_comp.jams,899473,1,2,2,2,keep,2,2,0,0.07168976962566376,0.06459302455186844
60406,1,03_SS3-98-C_comp.jams,905217,2,3,4,4,mixed_by_complete_group,4,4,0,0.1663985401391983,0.12470138072967529
60411,1,03_SS3-98-C_comp.jams,917013,1,3,3,2,keep,3,2,0,0.19309641420841217,0.01047930121421814
60412,1,03_SS3-98-C_comp.jams,919025,2,4,3,3,mixed_by_complete_group,4,3,0,0.3477514982223511,0.10435371845960617
60417,1,03_SS3-98-C_comp.jams,930791,1,3,4,4,local_rates_favor_correction_for_all_groups,3,4,0,0.31680870056152344,0.2590360641479492
60421,1,03_SS3-98-C_comp.jams,939419,3,3,3,2,keep,3,2,0,0.39739498496055603,0.3022295832633972
60427,1,03_SS3-98-C_comp.jams,951592,1,3,5,4,local_rates_favor_correction_for_all_groups,4,5,0,0.06679841876029968,0.0034187310375273228
60428,1,03_SS3-98-C_comp.jams,953499,2,3,4,4,mixed_by_complete_group,4,4,0,0.23977302014827728,0.14570556581020355
60430,1,03_SS3-98-C_comp.jams,957528,1,3,3,3,keep,3,3,0,0.24253086745738983,0.301156610250473
60431,1,03_SS3-98-C_comp.jams,959341,2,3,3,3,keep,3,3,0,0.16429878771305084,0.06758840382099152
60434,1,03_SS3-98-C_comp.jams,965444,2,3,3,3,keep,3,3,0,0.1845032274723053,0.13347609341144562
60435,1,03_SS3-98-C_comp.jams,967217,0,3,2,3,mixed_by_complete_group,3,2,0,0.15382781624794006,0.15374545753002167
60442,1,03_SS3-98-C_comp.jams,984365,2,3,3,2,keep,2,3,1,0.15940089523792267,0.17010948061943054
60443,1,03_SS3-98-C_comp.jams,986573,3,4,3,2,mixed_by_complete_group,2,3,-1,0.09000201523303986,0.017278999090194702
60460,1,03_SS3-98-C_comp.jams,1026129,3,3,3,3,keep,3,3,0,0.20645038783550262,0.21387581527233124
60471,1,03_SS3-98-C_comp.jams,1047657,3,2,3,2,local_rates_favor_regression_for_all_groups,2,3,-1,0.2403840273618698,0.32609257102012634
60473,1,03_SS3-98-C_comp.jams,1060828,2,3,2,2,mixed_by_complete_group,2,2,0,0.13702523708343506,0.022217480465769768
60476,1,03_SS3-98-C_comp.jams,1066774,2,3,3,3,keep,3,3,0,0.2575570344924927,0.2291562855243683
60478,1,03_SS3-98-C_comp.jams,1070937,0,2,2,2,keep,2,2,0,0.021728752180933952,0.020035140216350555
60482,1,03_SS3-98-C_comp.jams,1082398,2,3,3,3,keep,3,3,0,0.4508001208305359,0.21583960950374603
60483,1,03_SS3-98-C_comp.jams,1087133,0,2,2,2,keep,2,2,0,0.1377977728843689,0.12068654596805573
60485,1,03_SS3-98-C_comp.jams,1094000,3,3,3,4,keep,3,4,0,0.42987480759620667,0.31860435009002686
60486,1,03_SS3-98-C_comp.jams,1095835,1,2,2,2,keep,2,2,0,0.41660258173942566,0.8465863466262817
60497,1,03_SS3-98-C_comp.jams,1119113,0,2,2,2,keep,2,2,0,0.24497057497501373,0.2921014428138733
60500,1,03_SS3-98-C_comp.jams,1133248,2,3,3,3,keep,3,3,0,0.7096370458602905,0.6402220129966736
60501,1,03_SS3-98-C_comp.jams,1135091,1,2,2,2,keep,2,2,0,0.4915980100631714,0.7573208808898926
60507,1,03_SS3-98-C_comp.jams,1154241,1,3,3,3,keep,3,3,0,0.34426063299179077,0.2519696354866028
60508,1,03_SS3-98-C_comp.jams,1156031,1,2,2,2,keep,2,2,0,0.2565406262874603,0.2593119740486145
60514,1,03_SS3-98-C_comp.jams,1168999,2,3,4,4,mixed_by_complete_group,4,4,0,0.2585384249687195,0.4182898998260498
60519,1,03_SS3-98-C_comp.jams,1183238,2,3,3,2,keep,3,3,0,0.06434961408376694,0.0010926744434982538
60520,1,03_SS3-98-C_comp.jams,1187579,1,2,2,2,keep,2,2,0,0.15805231034755707,0.10598264634609222
60521,1,03_SS3-98-C_comp.jams,1189512,0,2,2,3,keep,2,3,0,0.3369169533252716,0.09503181278705597
60525,1,03_SS3-98-C_comp.jams,1201918,3,4,4,3,keep,4,3,0,0.28806373476982117,0.1514626145362854
60526,1,03_SS3-98-C_comp.jams,1203690,1,2,2,2,keep,2,2,0,0.1443699449300766,0.08748145401477814
60535,1,03_SS3-98-C_comp.jams,1222707,2,2,4,2,local_rates_favor_regression_for_all_groups,2,4,1,0.1355748474597931,0.08995262533426285
60537,1,03_SS3-98-C_comp.jams,1227862,3,3,3,3,keep,3,3,0,0.34995654225349426,0.3622211217880249
60543,1,03_SS3-98-C_comp.jams,1241178,1,2,2,2,keep,2,2,0,0.4238555431365967,0.3207213878631592
60544,1,03_SS3-98-C_comp.jams,1243332,3,4,3,3,mixed_by_complete_group,3,3,0,0.1635436862707138,0.1758628785610199
60551,1,03_SS3-98-C_comp.jams,1257706,3,2,3,3,mixed_by_complete_group,3,3,0,0.1394650787115097,0.07222328335046768
60554,1,03_SS3-98-C_comp.jams,1264185,2,4,4,3,keep,4,3,0,0.3889341652393341,0.15388739109039307
60560,1,03_SS3-98-C_comp.jams,1278036,2,4,4,3,keep,4,3,0,0.14689111709594727,0.021806128323078156
60564,1,03_SS3-98-C_comp.jams,1297268,2,4,3,2,mixed_by_complete_group,2,3,1,0.14456641674041748,0.059417933225631714
60570,1,03_SS3-98-C_comp.jams,1309928,4,4,4,3,keep,4,4,0,0.4461115300655365,0.2812722325325012
60579,1,03_SS3-98-C_comp.jams,1329587,3,3,4,4,local_rates_favor_correction_for_all_groups,4,4,0,0.16304846107959747,0.11571624875068665
60584,1,03_SS3-98-C_comp.jams,1349453,2,4,2,2,local_rates_favor_correction_for_all_groups,2,2,0,0.10479356348514557,0.0005636006826534867
60585,1,03_SS3-98-C_comp.jams,1351293,2,2,2,2,keep,2,2,0,0.4299699366092682,0.7066069841384888
60593,1,03_SS3-98-C_comp.jams,1370675,3,4,4,4,keep,4,4,0,0.574167013168335,0.6637600064277649
60600,1,03_SS3-98-C_comp.jams,1384679,2,4,4,3,keep,4,3,0,0.16843990981578827,0.09429931640625
60602,1,03_SS3-98-C_comp.jams,1388667,1,2,2,2,keep,2,2,0,0.5192312598228455,0.35531744360923767
60609,1,03_SS3-98-C_comp.jams,1417092,2,3,3,3,keep,3,3,0,0.5595454573631287,0.4487819969654083
60610,1,03_SS3-98-C_comp.jams,1418892,2,3,2,2,mixed_by_complete_group,2,2,0,0.18372100591659546,0.12476610392332077
60615,1,03_SS3-98-C_comp.jams,1428469,0,3,2,2,mixed_by_complete_group,2,2,0,0.001585432211868465,1.2577872439578641e-05
60620,1,03_SS3-98-C_comp.jams,1438180,2,2,3,3,local_rates_favor_regression_for_all_groups,2,3,1,0.33867156505584717,0.17791342735290527
60623,1,03_SS3-98-C_comp.jams,1444153,3,3,2,5,mixed_by_complete_group,5,2,0,0.10404614359140396,0.03741974011063576
60624,1,03_SS3-98-C_comp.jams,1445948,0,2,2,2,keep,2,2,0,0.19141528010368347,0.20984463393688202
60629,1,03_SS3-98-C_comp.jams,1456990,1,2,3,3,local_rates_favor_regression_for_all_groups,3,3,0,0.2958110570907593,0.06916943937540054
60630,1,03_SS3-98-C_comp.jams,1459012,3,4,4,3,keep,4,4,0,0.2254650592803955,0.21813257038593292
60637,1,03_SS3-98-C_comp.jams,1472435,2,3,3,3,keep,3,3,0,0.4820224940776825,0.4413020610809326
60641,1,03_SS3-98-C_comp.jams,1479853,2,3,3,2,keep,2,2,1,0.17561005055904388,0.10139891505241394
60642,1,03_SS3-98-C_comp.jams,1481753,0,2,2,2,keep,2,2,0,0.1918964684009552,0.22707705199718475
60648,1,03_SS3-98-C_comp.jams,1493205,2,3,2,4,local_rates_favor_correction_for_all_groups,4,2,-1,0.12706688046455383,0.0029234110843390226
60651,1,03_SS3-98-C_comp.jams,1499260,1,4,4,4,keep,4,4,0,0.28699275851249695,0.42004281282424927
60661,1,03_SS3-98-C_comp.jams,1526270,3,3,3,3,keep,3,3,0,0.5344112515449524,0.3041495382785797
60671,1,03_SS3-98-C_comp.jams,1546560,2,4,4,3,keep,4,3,0,0.3583272397518158,0.16286571323871613
60676,1,03_SS3-98-C_comp.jams,1564984,2,3,3,4,keep,4,4,0,0.34896427392959595,0.1536223143339157
60677,1,03_SS3-98-C_comp.jams,1566857,3,2,2,2,keep,2,2,0,0.25004082918167114,0.2616526782512665
60684,1,03_SS3-98-C_comp.jams,1585276,2,4,4,4,keep,4,4,0,0.39960977435112,0.6054984927177429
60685,1,03_SS3-98-C_comp.jams,1587167,1,2,2,2,keep,2,2,0,0.06890670955181122,0.047118451446294785
60687,1,03_SS3-98-C_comp.jams,1591518,2,2,2,2,keep,2,2,0,0.027997370809316635,0.07457467913627625
60697,1,03_SS3-98-C_comp.jams,1620115,2,3,3,3,keep,3,3,0,0.4994945526123047,0.5771956443786621
60701,1,03_SS3-98-C_comp.jams,1632922,3,2,3,3,mixed_by_complete_group,3,3,0,0.2270054966211319,0.08920040726661682
60702,1,03_SS3-98-C_comp.jams,1634965,1,2,2,2,keep,2,2,0,0.16463889181613922,0.14528991281986237
60712,1,03_SS3-98-C_comp.jams,1654448,3,4,3,3,local_rates_favor_regression_for_all_groups,3,3,0,0.22152353823184967,0.03098991885781288
60716,1,03_SS3-98-C_comp.jams,1661630,3,3,3,3,keep,3,3,0,0.3030632734298706,0.3898374140262604
60722,1,03_SS3-98-C_comp.jams,1673780,1,3,2,2,mixed_by_complete_group,3,2,0,0.1551848202943802,0.0056214784272015095
60723,1,03_SS3-98-C_comp.jams,1676173,3,2,2,2,keep,2,2,0,0.3326822817325592,0.228104829788208
60729,1,03_SS3-98-C_comp.jams,1688044,1,3,2,2,mixed_by_complete_group,2,2,0,0.2683700919151306,0.03946654871106148
60733,1,03_SS3-98-C_comp.jams,1695900,1,2,2,3,keep,3,3,0,0.3332488238811493,0.3019633889198303
60734,1,03_SS3-98-C_comp.jams,1697675,2,3,2,2,mixed_by_complete_group,2,2,0,0.27073079347610474,0.08073276281356812
60741,1,03_SS3-98-C_comp.jams,1712973,2,3,4,2,local_rates_favor_correction_for_all_groups,2,4,1,0.20229224860668182,0.285552054643631
61680,1,04_BN3-154-E_comp.jams,8,0,3,4,3,local_rates_favor_correction_for_all_groups,3,3,0,0.24024450778961182,0.7442242503166199
61681,1,04_BN3-154-E_comp.jams,1800,0,2,2,2,keep,3,2,0,0.3048161268234253,0.4384889006614685
61686,1,04_BN3-154-E_comp.jams,17358,2,4,4,4,keep,4,4,0,0.705785870552063,0.7863618731498718
61695,1,04_BN3-154-E_comp.jams,42499,0,4,4,3,keep,4,3,0,0.5192867517471313,0.1319122165441513
61700,1,04_BN3-154-E_comp.jams,59914,4,4,3,3,mixed_by_complete_group,3,3,0,0.06276489794254303,0.010943090543150902
61709,1,04_BN3-154-E_comp.jams,78252,3,3,2,2,mixed_by_complete_group,2,2,0,0.13345371186733246,0.09959511458873749
61717,1,04_BN3-154-E_comp.jams,121031,2,4,3,4,mixed_by_complete_group,3,4,0,0.4535810351371765,0.8413266539573669
61721,1,04_BN3-154-E_comp.jams,136876,3,3,3,3,keep,3,3,0,0.227198526263237,0.7531219720840454
61722,1,04_BN3-154-E_comp.jams,138933,0,2,2,2,keep,2,2,0,0.37879037857055664,0.3755771815776825
61725,1,04_BN3-154-E_comp.jams,155603,3,4,3,3,mixed_by_complete_group,3,3,0,0.322311133146286,0.23616336286067963
61733,1,04_BN3-154-E_comp.jams,172808,3,2,2,3,keep,3,3,1,0.12843643128871918,0.01831590197980404
61735,1,04_BN3-154-E_comp.jams,180588,0,3,3,4,keep,3,2,0,0.40445712208747864,0.15450036525726318
61740,1,04_BN3-154-E_comp.jams,197462,3,4,4,4,keep,4,4,0,0.7337005138397217,0.8430694937705994
61748,1,04_BN3-154-E_comp.jams,215701,3,3,3,2,keep,3,3,0,0.20137296617031097,0.11274764686822891
61754,1,04_BN3-154-E_comp.jams,241228,0,2,2,2,keep,2,2,0,0.3147837221622467,0.3213542699813843
61759,1,04_BN3-154-E_comp.jams,258007,3,4,4,4,keep,4,4,0,0.7318996787071228,0.8035496473312378
61765,1,04_BN3-154-E_comp.jams,292950,1,4,2,2,mixed_by_complete_group,2,2,0,0.043646980077028275,0.02023220993578434
61773,1,04_BN3-154-E_comp.jams,320150,0,2,2,2,keep,2,2,0,0.2759794592857361,0.5090782642364502
61776,1,04_BN3-154-E_comp.jams,334575,0,4,4,4,keep,4,4,0,0.5310822129249573,0.6453555822372437
61784,1,04_BN3-154-E_comp.jams,351668,3,2,2,2,keep,2,2,0,0.4770382046699524,0.48058021068573
61792,1,04_BN3-154-E_comp.jams,377830,0,3,2,3,mixed_by_complete_group,2,3,0,0.374235063791275,0.5981672406196594
61797,1,04_BN3-154-E_comp.jams,393606,0,4,4,4,keep,4,4,0,0.8244618773460388,0.8048635125160217
61803,1,04_BN3-154-E_comp.jams,429212,1,3,2,3,local_rates_favor_regression_for_all_groups,2,3,0,0.2818795144557953,0.4511011242866516
61811,1,04_BN3-154-E_comp.jams,472216,2,4,4,4,keep,4,4,0,0.6284013390541077,0.7428314685821533
61820,1,04_BN3-154-E_comp.jams,496355,0,3,2,2,mixed_by_complete_group,2,3,0,0.13222140073776245,0.31313687562942505
61833,1,04_BN3-154-E_comp.jams,530491,0,2,2,2,keep,2,2,0,0.4106510877609253,0.8248867392539978
61840,1,04_BN3-154-E_comp.jams,568295,0,3,3,3,keep,3,3,0,0.6815055012702942,0.8552814722061157
61846,1,04_BN3-154-E_comp.jams,593951,0,2,3,3,mixed_by_complete_group,3,3,0,0.41419717669487,0.3728124797344208
61854,1,04_BN3-154-E_comp.jams,626882,1,2,2,2,keep,2,2,0,0.2934281527996063,0.39730262756347656
61862,1,04_BN3-154-E_comp.jams,653785,0,2,2,2,keep,2,2,0,0.15251892805099487,0.25642502307891846
61867,1,04_BN3-154-E_comp.jams,670274,0,4,4,4,keep,4,4,0,0.7790868282318115,0.8834831714630127
61872,1,04_BN3-154-E_comp.jams,686646,1,2,2,2,keep,2,2,0,0.049693163484334946,0.01778065785765648
61878,1,04_BN3-154-E_comp.jams,704690,1,2,2,2,keep,2,2,0,0.400039941072464,0.36491671204566956
61887,1,04_BN3-154-E_comp.jams,731127,0,3,3,3,keep,3,3,0,0.7196753025054932,0.4890138804912567
61893,1,04_BN3-154-E_comp.jams,765308,1,4,4,3,keep,3,4,0,0.26116567850112915,0.28837329149246216
61900,1,04_BN3-154-E_comp.jams,791320,0,3,3,2,keep,2,3,0,0.3333819806575775,0.4200664758682251
61904,1,04_BN3-154-E_comp.jams,807597,3,4,4,4,keep,4,4,0,0.6029931306838989,0.6294058561325073
61914,1,04_BN3-154-E_comp.jams,869515,0,3,3,3,keep,2,3,0,0.40084320306777954,0.8004986643791199
61919,1,04_BN3-154-E_comp.jams,902168,1,3,3,3,keep,2,3,0,0.45908066630363464,0.6729156374931335
61925,1,04_BN3-154-E_comp.jams,928546,0,2,2,2,keep,2,2,0,0.43125271797180176,0.3936655819416046
61930,1,04_BN3-154-E_comp.jams,944264,3,4,4,4,keep,4,4,0,0.8178985714912415,0.9818320870399475
61937,1,04_BN3-154-E_comp.jams,979672,1,2,2,2,keep,2,2,0,0.4130953550338745,0.31770336627960205
61943,1,04_BN3-154-E_comp.jams,1006521,0,2,2,2,keep,2,2,0,0.34949201345443726,0.23416182398796082
61951,1,04_BN3-154-E_comp.jams,1038596,1,4,3,3,mixed_by_complete_group,3,3,0,0.08500577509403229,0.08468323945999146
61959,1,04_BN3-154-E_comp.jams,1064671,0,2,2,2,keep,2,2,0,0.11161681264638901,0.21919894218444824
61964,1,04_BN3-154-E_comp.jams,1081578,2,4,4,4,keep,4,4,0,0.6017422080039978,0.8199776411056519
63158,1,04_Funk2-119-G_comp.jams,330,4,3,4,3,local_rates_favor_regression_for_all_groups,4,4,0,0.31252700090408325,0.3935491144657135
63166,1,04_Funk2-119-G_comp.jams,17569,1,3,3,3,keep,3,3,0,0.48849180340766907,0.4462278485298157
63170,1,04_Funk2-119-G_comp.jams,33715,0,3,3,3,keep,3,3,0,0.31889018416404724,0.09872689843177795
63172,1,04_Funk2-119-G_comp.jams,55013,2,2,2,2,keep,2,2,0,0.6503114700317383,0.9805881977081299
63173,1,04_Funk2-119-G_comp.jams,56929,1,2,3,3,local_rates_favor_regression_for_all_groups,3,3,0,0.32987871766090393,0.3401283621788025
63175,1,04_Funk2-119-G_comp.jams,73294,1,2,2,2,keep,2,2,0,0.5876767039299011,0.8767600655555725
63178,1,04_Funk2-119-G_comp.jams,89555,3,3,3,3,keep,3,3,0,0.2595956027507782,0.16964544355869293
63181,1,04_Funk2-119-G_comp.jams,100792,3,3,3,3,keep,2,3,-1,0.4226219058036804,0.8925608992576599
63184,1,04_Funk2-119-G_comp.jams,106644,2,3,2,3,mixed_by_complete_group,2,3,0,0.4211443364620209,0.4691961407661438
63187,1,04_Funk2-119-G_comp.jams,122131,4,4,3,3,mixed_by_complete_group,3,3,0,0.41673392057418823,0.3745262622833252
63194,1,04_Funk2-119-G_comp.jams,145360,4,3,3,3,keep,3,3,0,0.4776076376438141,0.5388334393501282
63197,1,04_Funk2-119-G_comp.jams,156042,3,4,3,4,mixed_by_complete_group,3,4,0,0.21456332504749298,0.38631105422973633
63199,1,04_Funk2-119-G_comp.jams,163202,3,2,2,3,keep,2,3,0,0.5289997458457947,0.23618879914283752
63201,1,04_Funk2-119-G_comp.jams,168663,1,2,2,2,keep,2,2,0,0.09235385805368423,0.0995921865105629
63203,1,04_Funk2-119-G_comp.jams,178894,5,4,4,4,keep,4,4,0,0.443425714969635,0.7124376893043518
63211,1,04_Funk2-119-G_comp.jams,195953,3,4,2,3,local_rates_favor_regression_for_all_groups,3,2,1,0.2105984389781952,0.14589883387088776
63213,1,04_Funk2-119-G_comp.jams,211604,4,4,4,3,keep,3,3,-1,0.35118478536605835,0.3152996897697449
63221,1,04_Funk2-119-G_comp.jams,234109,2,4,3,4,mixed_by_complete_group,3,4,0,0.4187854826450348,0.6000417470932007
63225,1,04_Funk2-119-G_comp.jams,250802,2,3,3,3,keep,3,3,0,0.5773192644119263,0.1990967094898224
63228,1,04_Funk2-119-G_comp.jams,266988,2,3,3,3,keep,3,3,0,0.3282153308391571,0.1438053697347641
63232,1,04_Funk2-119-G_comp.jams,300187,4,4,4,4,keep,3,4,-1,0.40271618962287903,0.7005547881126404
63236,1,04_Funk2-119-G_comp.jams,308234,2,2,3,2,local_rates_favor_regression_for_all_groups,2,2,1,0.3348374664783478,0.45444485545158386
63238,1,04_Funk2-119-G_comp.jams,323597,4,4,4,4,keep,4,4,0,0.5335943698883057,0.5165943503379822
63240,1,04_Funk2-119-G_comp.jams,334097,4,4,4,2,keep,4,2,0,0.3566083014011383,0.30313581228256226
63242,1,04_Funk2-119-G_comp.jams,341491,2,3,3,2,keep,3,3,0,0.09047584235668182,0.062357693910598755
63248,1,04_Funk2-119-G_comp.jams,356517,3,3,3,3,keep,3,3,0,0.4443688690662384,0.592121958732605
63250,1,04_Funk2-119-G_comp.jams,374706,3,2,2,2,keep,2,2,0,0.4966573119163513,0.7766583561897278
63255,1,04_Funk2-119-G_comp.jams,390515,3,3,3,3,keep,3,3,0,0.5760678052902222,0.381612092256546
63259,1,04_Funk2-119-G_comp.jams,407122,2,3,3,2,keep,3,3,0,0.2951209247112274,0.14199118316173553
63261,1,04_Funk2-119-G_comp.jams,411417,3,3,3,3,keep,3,3,0,0.33010607957839966,0.3558100759983063
63263,1,04_Funk2-119-G_comp.jams,422444,4,4,4,3,keep,3,3,-1,0.31948092579841614,0.008397101424634457
63266,1,04_Funk2-119-G_comp.jams,429335,2,2,3,3,mixed_by_complete_group,3,3,0,0.23593451082706451,0.19025205075740814
63270,1,04_Funk2-119-G_comp.jams,445683,2,3,2,4,local_rates_favor_regression_for_all_groups,4,2,-1,0.2020530253648758,0.05253381282091141
63278,1,04_Funk2-119-G_comp.jams,462249,2,2,3,3,mixed_by_complete_group,3,3,0,0.32925596833229065,0.13117171823978424
63282,1,04_Funk2-119-G_comp.jams,478261,3,3,3,4,keep,4,4,-1,0.3154027760028839,0.23738239705562592
63289,1,04_Funk2-119-G_comp.jams,500114,4,4,4,3,keep,3,3,-1,0.4291038513183594,0.06354624778032303
63293,1,04_Funk2-119-G_comp.jams,511859,4,4,4,3,keep,4,3,0,0.4602808654308319,0.015643831342458725
63297,1,04_Funk2-119-G_comp.jams,523301,5,4,4,4,keep,4,4,0,0.40859344601631165,0.4381279945373535
63302,1,04_Funk2-119-G_comp.jams,545582,3,3,3,4,keep,4,3,-1,0.2654317319393158,0.20500235259532928
63310,1,04_Funk2-119-G_comp.jams,564084,3,4,3,3,mixed_by_complete_group,3,3,0,0.11699630320072174,0.07951202243566513
63314,1,04_Funk2-119-G_comp.jams,579031,4,3,4,4,mixed_by_complete_group,4,4,0,0.27337646484375,0.19361411035060883
63317,1,04_Funk2-119-G_comp.jams,584998,2,2,2,2,keep,2,2,0,0.21447992324829102,0.2888627350330353
63324,1,04_Funk2-119-G_comp.jams,611326,3,2,4,3,local_rates_favor_regression_for_all_groups,2,4,0,0.37787091732025146,0.2511018216609955
63327,1,04_Funk2-119-G_comp.jams,618742,1,3,3,2,keep,3,3,0,0.0578400157392025,0.0036273752339184284
63331,1,04_Funk2-119-G_comp.jams,633769,1,2,2,3,keep,2,3,0,0.4004140794277191,0.34207382798194885
63333,1,04_Funk2-119-G_comp.jams,644543,2,4,4,4,keep,4,4,0,0.408991277217865,0.2364048808813095
63337,1,04_Funk2-119-G_comp.jams,662477,0,2,2,2,keep,2,2,0,0.4382684826850891,0.2806008458137512
63338,1,04_Funk2-119-G_comp.jams,667759,2,2,2,3,keep,2,2,0,0.4045822024345398,0.1543779969215393
63342,1,04_Funk2-119-G_comp.jams,684892,3,2,2,3,keep,3,2,1,0.26453787088394165,0.24915941059589386
63345,1,04_Funk2-119-G_comp.jams,700077,2,4,4,4,keep,4,4,0,0.5316241979598999,0.7247521877288818
63348,1,04_Funk2-119-G_comp.jams,706360,0,2,2,2,keep,2,2,0,0.3642443120479584,0.2454831600189209
63352,1,04_Funk2-119-G_comp.jams,721975,3,3,3,3,keep,3,3,0,0.7086220979690552,0.6393790245056152
63354,1,04_Funk2-119-G_comp.jams,733165,3,3,3,3,keep,3,3,0,0.5316939949989319,0.47651612758636475
63356,1,04_Funk2-119-G_comp.jams,744435,2,3,3,2,keep,3,3,0,0.3992272913455963,0.18293635547161102
63357,1,04_Funk2-119-G_comp.jams,755746,3,3,3,3,keep,3,3,0,0.48860856890678406,0.4839422404766083
63362,1,04_Funk2-119-G_comp.jams,775361,0,3,3,3,keep,3,3,0,0.15009856224060059,0.05181204900145531
63365,1,04_Funk2-119-G_comp.jams,788586,3,3,3,3,keep,3,3,0,0.4268433749675751,0.35182398557662964
63368,1,04_Funk2-119-G_comp.jams,796190,2,2,2,2,keep,2,2,0,0.15610235929489136,0.12425004690885544
63372,1,04_Funk2-119-G_comp.jams,810521,4,3,3,4,keep,3,4,0,0.5742238163948059,0.3351728022098541
63375,1,04_Funk2-119-G_comp.jams,822020,5,4,4,4,keep,4,4,0,0.5906928777694702,0.8183034658432007
63378,1,04_Funk2-119-G_comp.jams,832651,5,4,4,4,keep,4,4,0,0.4589022994041443,0.6739895939826965
63380,1,04_Funk2-119-G_comp.jams,844490,4,3,3,3,keep,3,3,0,0.3046283423900604,0.2086818516254425
63386,1,04_Funk2-119-G_comp.jams,862947,2,3,3,3,keep,3,3,0,0.7195600271224976,0.9344419836997986
63390,1,04_Funk2-119-G_comp.jams,877929,1,2,2,2,keep,2,2,0,0.5648118853569031,0.617968738079071
63391,1,04_Funk2-119-G_comp.jams,889087,0,2,2,2,keep,2,2,0,0.19831117987632751,0.12028317898511887
63393,1,04_Funk2-119-G_comp.jams,900808,2,3,2,2,local_rates_favor_regression_for_all_groups,2,2,0,0.34600332379341125,0.3120729625225067
63394,1,04_Funk2-119-G_comp.jams,911853,2,3,3,3,keep,3,3,0,0.37859046459198,0.42158910632133484
63396,1,04_Funk2-119-G_comp.jams,922551,2,3,3,3,keep,3,3,0,0.44695883989334106,0.5164328217506409
63397,1,04_Funk2-119-G_comp.jams,934120,3,3,3,2,keep,3,2,0,0.3989220857620239,0.31690117716789246
63402,1,04_Funk2-119-G_comp.jams,952738,2,3,3,3,keep,3,3,0,0.4629310667514801,0.29074400663375854
63405,1,04_Funk2-119-G_comp.jams,967077,3,3,3,3,keep,4,3,-1,0.3568081259727478,0.5175923705101013
63406,1,04_Funk2-119-G_comp.jams,968917,1,2,2,2,keep,2,2,0,0.3219042122364044,0.5046435594558716
63414,1,04_Funk2-119-G_comp.jams,985949,3,2,3,3,mixed_by_complete_group,3,3,0,0.30630016326904297,0.02448119781911373
63417,1,04_Funk2-119-G_comp.jams,1000865,4,3,3,3,keep,3,3,0,0.3585391044616699,0.43251746892929077
63419,1,04_Funk2-119-G_comp.jams,1010927,5,4,4,4,keep,4,4,0,0.4182514250278473,0.35501959919929504
63421,1,04_Funk2-119-G_comp.jams,1022538,4,4,3,3,mixed_by_complete_group,3,3,0,0.22936277091503143,0.05999124422669411
63424,1,04_Funk2-119-G_comp.jams,1039911,2,3,3,4,keep,3,4,0,0.4794705808162689,0.019626805558800697
63427,1,04_Funk2-119-G_comp.jams,1057107,3,3,3,3,keep,3,3,0,0.3219059109687805,0.23314635455608368
63431,1,04_Funk2-119-G_comp.jams,1073411,2,3,3,3,keep,3,3,0,0.4705857038497925,0.6731964945793152
63435,1,04_Funk2-119-G_comp.jams,1088463,2,3,2,2,mixed_by_complete_group,2,2,0,0.18700633943080902,0.11811204999685287
63436,1,04_Funk2-119-G_comp.jams,1090267,2,3,2,4,local_rates_favor_regression_for_all_groups,4,2,-1,0.1967664211988449,0.21112222969532013
63438,1,04_Funk2-119-G_comp.jams,1094685,0,3,2,2,mixed_by_complete_group,2,2,0,0.16587141156196594,0.05634097009897232
63439,1,04_Funk2-119-G_comp.jams,1096705,2,2,2,2,keep,2,2,0,0.23427043855190277,0.16895002126693726
63444,1,04_Funk2-119-G_comp.jams,1111481,3,4,4,4,keep,4,4,0,0.3606710433959961,0.3358093500137329
63447,1,04_Funk2-119-G_comp.jams,1117819,2,2,2,2,keep,2,2,0,0.3470947742462158,0.3032390773296356
63452,1,04_Funk2-119-G_comp.jams,1127734,1,2,2,2,keep,2,2,0,0.4241563081741333,0.6733778715133667
63453,1,04_Funk2-119-G_comp.jams,1129908,1,2,2,2,keep,2,2,0,0.37019526958465576,0.26422980427742004
63457,1,04_Funk2-119-G_comp.jams,1144891,1,2,2,2,keep,2,2,0,0.4346018135547638,0.3527541756629944
63461,1,04_Funk2-119-G_comp.jams,1152744,2,3,3,2,keep,3,3,0,0.21670041978359222,0.038096386939287186
63465,1,04_Funk2-119-G_comp.jams,1167082,3,4,4,4,keep,4,4,0,0.44042935967445374,0.527490496635437
63469,1,04_Funk2-119-G_comp.jams,1178032,3,4,2,2,local_rates_favor_correction_for_all_groups,2,2,0,0.30062219500541687,0.14518427848815918
63472,1,04_Funk2-119-G_comp.jams,1188851,3,3,3,3,keep,3,3,0,0.4793957769870758,0.4249413311481476
63475,1,04_Funk2-119-G_comp.jams,1200649,3,3,4,4,mixed_by_complete_group,4,4,0,0.2578676640987396,0.15420888364315033
63480,1,04_Funk2-119-G_comp.jams,1210506,3,2,2,2,keep,2,2,0,0.5128175616264343,0.4854157269001007
63484,1,04_Funk2-119-G_comp.jams,1218323,2,2,3,3,mixed_by_complete_group,2,3,1,0.4414390027523041,0.37817078828811646
63488,1,04_Funk2-119-G_comp.jams,1228908,3,2,3,3,mixed_by_complete_group,3,3,0,0.46473392844200134,0.10827338695526123
63493,1,04_Funk2-119-G_comp.jams,1244719,2,3,2,2,mixed_by_complete_group,2,2,0,0.2427726536989212,0.26443541049957275
63496,1,04_Funk2-119-G_comp.jams,1251602,1,2,2,3,keep,3,3,0,0.3870145380496979,0.26869726181030273
63498,1,04_Funk2-119-G_comp.jams,1262265,3,3,2,2,local_rates_favor_regression_for_all_groups,2,2,0,0.22778770327568054,0.1896575540304184
63501,1,04_Funk2-119-G_comp.jams,1277752,3,3,3,3,keep,4,3,-1,0.3687131404876709,0.48378080129623413
63505,1,04_Funk2-119-G_comp.jams,1286186,0,2,2,2,keep,2,2,0,0.0176070686429739,0.019709158688783646
63506,1,04_Funk2-119-G_comp.jams,1288604,1,2,2,2,keep,2,2,0,0.1845211386680603,0.24219098687171936
63509,1,04_Funk2-119-G_comp.jams,1296246,3,2,3,3,local_rates_favor_correction_for_all_groups,2,3,-1,0.3901679217815399,0.1934400051832199
63513,1,04_Funk2-119-G_comp.jams,1311560,4,4,4,3,keep,4,4,0,0.4727630317211151,0.37591972947120667
63516,1,04_Funk2-119-G_comp.jams,1322576,4,4,4,2,keep,2,2,-1,0.3296467959880829,0.2937491536140442
63521,1,04_Funk2-119-G_comp.jams,1334516,4,3,2,2,mixed_by_complete_group,3,2,0,0.3418026566505432,0.20369964838027954
63527,1,04_Funk2-119-G_comp.jams,1353590,3,3,3,2,keep,2,2,-1,0.2342684268951416,0.1148824393749237
63530,1,04_Funk2-119-G_comp.jams,1368178,4,3,4,4,local_rates_favor_regression_for_all_groups,4,4,0,0.4208824932575226,0.0718638077378273
63532,1,04_Funk2-119-G_comp.jams,1376004,1,3,2,2,local_rates_favor_correction_for_all_groups,2,2,0,0.03182869777083397,0.0043905144557356834
63533,1,04_Funk2-119-G_comp.jams,1378432,2,2,3,3,mixed_by_complete_group,3,3,0,0.24705517292022705,0.11918782442808151
63537,1,04_Funk2-119-G_comp.jams,1390532,3,3,4,4,local_rates_favor_regression_for_all_groups,3,4,1,0.4364175796508789,0.24941189587116241
63540,1,04_Funk2-119-G_comp.jams,1401059,4,4,4,5,keep,4,3,0,0.4746350347995758,0.07598812878131866
63555,1,04_Funk2-119-G_solo.jams,33889,2,2,3,2,local_rates_favor_regression_for_all_groups,2,2,1,0.1712600141763687,0.5093843340873718
63570,1,04_Funk2-119-G_solo.jams,145535,2,2,2,2,keep,2,2,0,0.17129482328891754,0.18624581396579742
63580,1,04_Funk2-119-G_solo.jams,401175,2,2,2,2,keep,2,2,0,0.07580586522817612,0.10142961889505386
63669,1,04_Funk2-119-G_solo.jams,821668,1,3,3,3,keep,3,3,0,0.6344277858734131,0.7727506756782532
63731,1,04_Funk2-119-G_solo.jams,1068763,2,2,3,2,local_rates_favor_regression_for_all_groups,2,2,1,0.24423527717590332,0.6547060608863831
63735,1,04_Funk2-119-G_solo.jams,1116485,2,2,3,3,local_rates_favor_regression_for_all_groups,3,3,0,0.19100694358348846,0.09638036042451859
63759,1,04_Funk3-112-C#_comp.jams,14,4,3,3,3,keep,3,3,0,0.612131655216217,0.7773287296295166
63769,1,04_Funk3-112-C#_comp.jams,36179,3,3,3,3,keep,3,3,0,0.34354403614997864,0.3105880916118622
63778,1,04_Funk3-112-C#_comp.jams,53864,3,4,3,3,local_rates_favor_correction_for_all_groups,3,3,0,0.1384378969669342,0.09787266701459885
63781,1,04_Funk3-112-C#_comp.jams,72022,3,3,3,3,keep,3,3,0,0.5266140699386597,0.5017545819282532
63785,1,04_Funk3-112-C#_comp.jams,83006,3,4,4,4,keep,3,4,1,0.377098947763443,0.42217499017715454
63788,1,04_Funk3-112-C#_comp.jams,95502,4,4,4,2,keep,2,4,-1,0.2851378321647644,0.17259973287582397
63792,1,04_Funk3-112-C#_comp.jams,113514,3,3,3,3,keep,3,3,0,0.5022950768470764,0.3968313932418823
63794,1,04_Funk3-112-C#_comp.jams,130762,3,4,4,3,keep,4,3,0,0.3086767792701721,0.1871020495891571
63802,1,04_Funk3-112-C#_comp.jams,150182,2,2,2,2,keep,2,2,0,0.4581497311592102,0.47730526328086853
63805,1,04_Funk3-112-C#_comp.jams,161913,1,2,2,3,keep,2,2,0,0.20092201232910156,0.007583777420222759
63806,1,04_Funk3-112-C#_comp.jams,167460,3,3,5,5,local_rates_favor_correction_for_all_groups,5,5,0,0.1856081485748291,0.08101280778646469
63809,1,04_Funk3-112-C#_comp.jams,173879,2,3,2,2,local_rates_favor_regression_for_all_groups,2,2,0,0.22600045800209045,0.18312209844589233
63811,1,04_Funk3-112-C#_comp.jams,179019,1,3,3,3,keep,3,3,0,0.07451270520687103,0.31427016854286194
63813,1,04_Funk3-112-C#_comp.jams,189947,3,4,4,4,keep,4,4,0,0.309219628572464,0.49672549962997437
63824,1,04_Funk3-112-C#_comp.jams,225025,4,4,4,3,keep,3,3,-1,0.3949684500694275,0.18541219830513
63833,1,04_Funk3-112-C#_comp.jams,244436,3,2,3,2,local_rates_favor_regression_for_all_groups,3,2,0,0.2869318723678589,0.8428958654403687
63837,1,04_Funk3-112-C#_comp.jams,260872,3,4,4,5,keep,4,5,0,0.39616823196411133,0.22198648750782013
63844,1,04_Funk3-112-C#_comp.jams,284149,3,3,3,3,keep,3,3,0,0.49599510431289673,0.32137060165405273
63847,1,04_Funk3-112-C#_comp.jams,303605,2,2,2,2,keep,2,2,0,0.30514681339263916,0.27681806683540344
63851,1,04_Funk3-112-C#_comp.jams,319906,3,2,2,2,keep,3,2,1,0.3497864902019501,0.4296979308128357
63853,1,04_Funk3-112-C#_comp.jams,327974,2,3,2,2,mixed_by_complete_group,2,2,0,0.05000362917780876,0.007875064387917519
63854,1,04_Funk3-112-C#_comp.jams,342293,4,4,3,3,mixed_by_complete_group,3,3,0,0.258308470249176,0.26941487193107605
63857,1,04_Funk3-112-C#_comp.jams,354528,4,4,4,3,keep,4,4,0,0.38140636682510376,0.3108825385570526
63860,1,04_Funk3-112-C#_comp.jams,361475,3,3,3,3,keep,3,3,0,0.5127019286155701,0.7511925101280212
63862,1,04_Funk3-112-C#_comp.jams,373213,0,3,3,3,keep,3,3,0,0.08613137155771255,0.0016297796973958611
63864,1,04_Funk3-112-C#_comp.jams,378798,4,3,3,3,keep,3,3,0,0.3343603312969208,0.47390833497047424
63872,1,04_Funk3-112-C#_comp.jams,395492,3,3,3,2,keep,3,3,0,0.4530191719532013,0.2749231457710266
63873,1,04_Funk3-112-C#_comp.jams,397798,2,2,2,2,keep,2,2,0,0.17681564390659332,0.16221381723880768
63877,1,04_Funk3-112-C#_comp.jams,413810,4,3,4,4,mixed_by_complete_group,4,4,0,0.17616474628448486,0.09937400370836258
63886,1,04_Funk3-112-C#_comp.jams,431609,0,2,2,2,keep,2,2,0,0.3403749465942383,0.2738514840602875
63887,1,04_Funk3-112-C#_comp.jams,433556,4,2,2,3,keep,2,3,0,0.25078681111335754,0.02486785314977169
63890,1,04_Funk3-112-C#_comp.jams,449820,4,3,4,4,mixed_by_complete_group,4,4,0,0.18342739343643188,0.08059506118297577
63897,1,04_Funk3-112-C#_comp.jams,472729,4,4,3,3,mixed_by_complete_group,3,4,0,0.3328644931316376,0.4039057791233063
63910,1,04_Funk3-112-C#_comp.jams,508259,4,2,3,3,local_rates_favor_regression_for_all_groups,3,3,0,0.31714972853660583,0.0952417254447937
63918,1,04_Funk3-112-C#_comp.jams,526560,4,2,2,2,keep,2,2,0,0.3571857810020447,0.33375096321105957
63923,1,04_Funk3-112-C#_comp.jams,542324,3,3,3,3,keep,3,3,0,0.4110066592693329,0.4397062361240387
63924,1,04_Funk3-112-C#_comp.jams,544146,2,2,3,3,mixed_by_complete_group,3,3,0,0.2461070567369461,0.055271413177251816
63927,1,04_Funk3-112-C#_comp.jams,550210,2,4,3,3,local_rates_favor_correction_for_all_groups,3,3,0,0.1581805944442749,0.2912849485874176
63930,1,04_Funk3-112-C#_comp.jams,566779,4,4,3,3,mixed_by_complete_group,3,3,0,0.37155571579933167,0.22069361805915833
63939,1,04_Funk3-112-C#_comp.jams,584553,1,2,2,2,keep,2,2,0,0.3960477113723755,0.4694986641407013
63940,1,04_Funk3-112-C#_comp.jams,586396,3,3,2,3,mixed_by_complete_group,2,3,0,0.174483060836792,0.2631605565547943
63943,1,04_Funk3-112-C#_comp.jams,603064,3,4,4,3,keep,3,3,1,0.4538206160068512,0.311374694108963
63952,1,04_Funk3-112-C#_comp.jams,621724,3,4,4,4,keep,4,4,0,0.3995000720024109,0.5021543502807617
63955,1,04_Funk3-112-C#_comp.jams,633653,2,3,3,3,keep,3,3,0,0.20885184407234192,0.05074765160679817
63957,1,04_Funk3-112-C#_comp.jams,637665,2,2,3,3,mixed_by_complete_group,3,3,0,0.2968418598175049,0.28824684023857117
63958,1,04_Funk3-112-C#_comp.jams,639499,3,2,4,4,local_rates_favor_regression_for_all_groups,4,4,0,0.22640132904052734,0.12329898029565811
63961,1,04_Funk3-112-C#_comp.jams,645612,2,3,2,3,mixed_by_complete_group,2,3,0,0.1062072366476059,0.4276195764541626
63963,1,04_Funk3-112-C#_comp.jams,651079,2,3,2,3,mixed_by_complete_group,2,2,0,0.14201733469963074,0.29778918623924255
63965,1,04_Funk3-112-C#_comp.jams,655538,0,2,2,2,keep,2,2,0,0.1845170110464096,0.25070318579673767
63967,1,04_Funk3-112-C#_comp.jams,661895,2,4,4,4,keep,4,4,0,0.46813297271728516,0.29536327719688416
63975,1,04_Funk3-112-C#_comp.jams,679995,1,3,3,2,keep,2,3,0,0.37669482827186584,0.30263251066207886
63976,1,04_Funk3-112-C#_comp.jams,681780,1,2,2,2,keep,2,2,0,0.19301941990852356,0.22303691506385803
63979,1,04_Funk3-112-C#_comp.jams,691701,1,2,2,2,keep,2,2,0,0.09610641747713089,0.04192987084388733
63981,1,04_Funk3-112-C#_comp.jams,697211,3,3,3,4,keep,4,4,-1,0.24476197361946106,0.09447083622217178
63985,1,04_Funk3-112-C#_comp.jams,706096,3,2,2,2,keep,2,2,0,0.11171996593475342,0.07234121859073639
63989,1,04_Funk3-112-C#_comp.jams,720360,3,3,3,4,keep,3,3,0,0.34709060192108154,0.23652362823486328
63992,1,04_Funk3-112-C#_comp.jams,732719,4,4,4,4,keep,4,4,0,0.7027266621589661,0.7076956033706665
63995,1,04_Funk3-112-C#_comp.jams,744301,4,3,3,3,keep,3,3,0,0.718529462814331,0.5245605111122131
63998,1,04_Funk3-112-C#_comp.jams,756351,5,4,4,4,keep,4,4,0,0.3498099744319916,0.41543278098106384
64007,1,04_Funk3-112-C#_comp.jams,775021,3,2,3,2,local_rates_favor_regression_for_all_groups,2,2,-1,0.3878442347049713,0.6547924876213074
64009,1,04_Funk3-112-C#_comp.jams,787576,3,3,3,3,keep,3,3,0,0.2883075475692749,0.10812729597091675
64011,1,04_Funk3-112-C#_comp.jams,792473,4,4,4,4,keep,4,4,0,0.33564525842666626,0.2553836703300476
64018,1,04_Funk3-112-C#_comp.jams,809384,1,2,2,2,keep,2,2,0,0.357853502035141,0.4824843108654022
64022,1,04_Funk3-112-C#_comp.jams,827207,4,4,5,5,tied_local_rates,5,5,0,0.4191319942474365,0.2631346881389618
64029,1,04_Funk3-112-C#_comp.jams,849916,3,4,4,4,keep,4,4,0,0.3960067629814148,0.5315002799034119
64037,1,04_Funk3-112-C#_comp.jams,868861,2,3,3,2,keep,3,2,0,0.45288822054862976,0.26494285464286804
64041,1,04_Funk3-112-C#_comp.jams,886162,3,4,4,3,keep,4,3,0,0.4591107666492462,0.044264595955610275
64048,1,04_Funk3-112-C#_comp.jams,904695,2,4,2,2,mixed_by_complete_group,2,2,0,0.23641948401927948,0.19829127192497253
64054,1,04_Funk3-112-C#_comp.jams,921956,2,3,3,3,keep,3,3,0,0.36244767904281616,0.30480286478996277
64059,1,04_Funk3-112-C#_comp.jams,934344,2,3,2,2,local_rates_favor_regression_for_all_groups,2,2,0,0.3021225035190582,0.20859530568122864
64062,1,04_Funk3-112-C#_comp.jams,945104,3,4,4,4,keep,4,4,0,0.3754865229129791,0.48414602875709534
64071,1,04_Funk3-112-C#_comp.jams,963928,0,2,2,2,keep,2,2,0,0.3856878876686096,0.32437825202941895
64076,1,04_Funk3-112-C#_comp.jams,981136,3,4,4,3,keep,4,3,0,0.4563641846179962,0.17256282269954681
64087,1,04_Funk3-112-C#_comp.jams,1016120,3,3,3,4,keep,4,3,-1,0.24830926954746246,0.21970944106578827
64095,1,04_Funk3-112-C#_comp.jams,1039885,3,3,4,4,local_rates_favor_correction_for_all_groups,4,4,0,0.3021862804889679,0.1756734400987625
64100,1,04_Funk3-112-C#_comp.jams,1059024,2,3,3,3,keep,3,3,0,0.5589784383773804,0.34715718030929565
64104,1,04_Funk3-112-C#_comp.jams,1075632,3,3,4,4,mixed_by_complete_group,4,4,0,0.18149052560329437,0.05472089350223541
64111,1,04_Funk3-112-C#_comp.jams,1093700,3,2,2,2,keep,2,2,0,0.33059245347976685,0.6772944927215576
64115,1,04_Funk3-112-C#_comp.jams,1110979,3,3,3,3,keep,3,3,0,0.37941890954971313,0.26976829767227173
64120,1,04_Funk3-112-C#_comp.jams,1128706,1,2,2,2,keep,2,2,0,0.18625810742378235,0.1966334730386734
64122,1,04_Funk3-112-C#_comp.jams,1134203,3,3,2,3,local_rates_favor_regression_for_all_groups,3,3,1,0.39313825964927673,0.6573213934898376
64131,1,04_Funk3-112-C#_comp.jams,1152617,3,2,2,2,keep,2,2,0,0.29400336742401123,0.2781795561313629
64134,1,04_Funk3-112-C#_comp.jams,1170175,4,3,3,3,keep,3,3,0,0.35722315311431885,0.427303671836853
64143,1,04_Funk3-112-C#_comp.jams,1188458,4,2,2,2,keep,2,2,0,0.22206014394760132,0.2788734436035156
64147,1,04_Funk3-112-C#_comp.jams,1205175,4,3,3,3,keep,3,3,0,0.3348022997379303,0.2120058685541153
64156,1,04_Funk3-112-C#_comp.jams,1229268,4,4,4,3,keep,4,4,0,0.5351318717002869,0.39694124460220337
64165,1,04_Funk3-112-C#_comp.jams,1246616,1,3,2,2,mixed_by_complete_group,2,2,0,0.13936515152454376,0.09258382767438889
64166,1,04_Funk3-112-C#_comp.jams,1248381,2,2,2,2,keep,2,2,0,0.20523448288440704,0.1776052862405777
64171,1,04_Funk3-112-C#_comp.jams,1264987,4,4,4,4,keep,4,4,0,0.4293743371963501,0.7171127200126648
64180,1,04_Funk3-112-C#_comp.jams,1282499,2,4,3,3,local_rates_favor_correction_for_all_groups,3,3,0,0.08689803630113602,0.05241253226995468
64183,1,04_Funk3-112-C#_comp.jams,1293562,1,2,2,2,keep,2,2,0,0.08182190358638763,0.1307014524936676
64185,1,04_Funk3-112-C#_comp.jams,1298220,2,4,2,2,mixed_by_complete_group,2,2,0,0.18204985558986664,0.23397868871688843
64189,1,04_Funk3-112-C#_comp.jams,1306503,3,4,3,3,mixed_by_complete_group,3,3,0,0.261455237865448,0.3271605372428894
64193,1,04_Funk3-112-C#_comp.jams,1323192,5,3,4,4,local_rates_favor_correction_for_all_groups,4,4,0,0.40670353174209595,0.3447941243648529
64202,1,04_Funk3-112-C#_comp.jams,1340569,0,2,2,2,keep,2,2,0,0.2404322326183319,0.36140382289886475
64203,1,04_Funk3-112-C#_comp.jams,1342494,4,3,3,3,keep,3,3,0,0.4972953796386719,0.3041209578514099
64207,1,04_Funk3-112-C#_comp.jams,1358809,4,4,3,3,mixed_by_complete_group,3,3,0,0.3121379315853119,0.2961079180240631
64216,1,04_Funk3-112-C#_comp.jams,1376795,3,2,2,2,keep,2,2,0,0.3464377820491791,0.24457426369190216
64221,1,04_Funk3-112-C#_comp.jams,1394149,5,3,3,3,keep,4,3,0,0.3615047037601471,0.47761526703834534
64224,1,04_Funk3-112-C#_comp.jams,1399660,2,2,2,2,keep,2,2,0,0.1407771110534668,0.041182827204465866
64228,1,04_Funk3-112-C#_comp.jams,1410670,0,2,2,2,keep,2,2,0,0.28665634989738464,0.0805153101682663
64230,1,04_Funk3-112-C#_comp.jams,1416572,3,3,3,3,keep,3,3,0,0.40733322501182556,0.26029783487319946
64233,1,04_Funk3-112-C#_comp.jams,1429069,3,3,3,3,keep,3,3,0,0.5981980562210083,0.4740648567676544
64236,1,04_Funk3-112-C#_comp.jams,1441412,3,4,4,4,keep,4,4,0,0.6288129687309265,0.8892350196838379
64239,1,04_Funk3-112-C#_comp.jams,1453037,4,4,4,3,keep,4,4,0,0.6629570126533508,0.01824025623500347
64241,1,04_Funk3-112-C#_comp.jams,1465508,4,3,3,3,keep,3,3,0,0.38387396931648254,0.374666690826416
73854,1,04_SS3-98-C_comp.jams,22104,2,2,2,2,keep,2,2,0,0.1887570321559906,0.25846797227859497
73856,1,04_SS3-98-C_comp.jams,26125,1,3,2,2,mixed_by_complete_group,2,2,0,0.09131404757499695,0.025543667376041412
73866,1,04_SS3-98-C_comp.jams,53404,2,4,4,4,keep,3,4,0,0.26375332474708557,0.28016674518585205
73898,1,04_SS3-98-C_comp.jams,149892,1,2,2,2,keep,2,2,0,0.30883562564849854,0.36070573329925537
73904,1,04_SS3-98-C_comp.jams,162399,2,4,3,3,mixed_by_complete_group,3,3,0,0.19397975504398346,0.18139678239822388
73908,1,04_SS3-98-C_comp.jams,180469,0,2,2,2,keep,2,2,0,0.16712291538715363,0.15108665823936462
73914,1,04_SS3-98-C_comp.jams,197318,1,2,2,2,keep,2,2,0,0.10612255334854126,0.05095980688929558
73920,1,04_SS3-98-C_comp.jams,216538,4,2,3,3,mixed_by_complete_group,3,3,0,0.16552455723285675,0.2774845063686371
73922,1,04_SS3-98-C_comp.jams,223040,0,2,2,2,keep,2,2,0,0.05135483294725418,0.038659512996673584
73927,1,04_SS3-98-C_comp.jams,232802,1,3,2,2,mixed_by_complete_group,2,2,0,0.23202985525131226,0.19331242144107819
73935,1,04_SS3-98-C_comp.jams,252604,1,3,2,2,mixed_by_complete_group,2,2,0,0.09989657253026962,0.10310741513967514
73942,1,04_SS3-98-C_comp.jams,270044,3,3,3,3,keep,3,3,0,0.37775227427482605,0.7531418800354004
73961,1,04_SS3-98-C_comp.jams,324018,3,2,2,2,keep,2,2,0,0.465702086687088,0.5563279390335083
73965,1,04_SS3-98-C_comp.jams,345571,1,3,2,2,mixed_by_complete_group,3,2,0,0.0876627117395401,0.0034433898981660604
73993,1,04_SS3-98-C_comp.jams,415404,1,2,2,2,keep,2,2,0,0.19241487979888916,0.10997887700796127
73998,1,04_SS3-98-C_comp.jams,433092,2,2,2,2,keep,2,2,0,0.5929983854293823,0.32416436076164246
74012,1,04_SS3-98-C_comp.jams,474061,1,2,2,2,keep,2,2,0,0.13461759686470032,0.158603698015213
74048,1,04_SS3-98-C_comp.jams,593548,2,2,2,2,keep,2,2,0,0.37595418095588684,0.3287349045276642
74101,1,04_SS3-98-C_comp.jams,755725,2,2,3,3,local_rates_favor_regression_for_all_groups,3,3,0,0.23383870720863342,0.1752568930387497
74104,1,04_SS3-98-C_comp.jams,774642,0,2,2,2,keep,2,2,0,0.35970282554626465,0.31342029571533203
74118,1,04_SS3-98-C_comp.jams,810607,2,2,3,2,local_rates_favor_regression_for_all_groups,3,2,0,0.21437086164951324,0.5156469941139221
74132,1,04_SS3-98-C_comp.jams,864390,3,2,2,2,keep,2,2,0,0.4819497764110565,0.6728489398956299
74139,1,04_SS3-98-C_comp.jams,878168,1,2,3,3,local_rates_favor_regression_for_all_groups,3,2,0,0.12070341408252716,0.3335762619972229
74154,1,04_SS3-98-C_comp.jams,917142,3,3,3,3,keep,3,3,0,0.3574000597000122,0.26533687114715576
74159,1,04_SS3-98-C_comp.jams,932948,1,2,2,2,keep,2,2,0,0.12380456179380417,0.15970979630947113
74168,1,04_SS3-98-C_comp.jams,958363,1,2,2,2,keep,2,2,0,0.2512117326259613,0.27182358503341675
74174,1,04_SS3-98-C_comp.jams,972428,2,2,2,2,keep,2,2,0,0.37406012415885925,0.29523766040802
74187,1,04_SS3-98-C_comp.jams,998606,1,3,2,2,mixed_by_complete_group,3,2,0,0.05147526040673256,0.008110667578876019
74193,1,04_SS3-98-C_comp.jams,1011982,1,2,2,2,keep,2,2,0,0.2701391577720642,0.12469571828842163
74197,1,04_SS3-98-C_comp.jams,1020338,0,2,2,2,keep,2,2,0,0.24986374378204346,0.2398124486207962
74200,1,04_SS3-98-C_comp.jams,1027114,2,4,3,3,mixed_by_complete_group,4,3,0,0.28326767683029175,0.21058985590934753
74232,1,04_SS3-98-C_comp.jams,1134289,3,2,3,3,local_rates_favor_regression_for_all_groups,3,3,0,0.3841395676136017,0.41818907856941223
74238,1,04_SS3-98-C_comp.jams,1147033,1,3,2,2,local_rates_favor_regression_for_all_groups,2,2,0,0.164211243391037,0.2535981237888336
74241,1,04_SS3-98-C_comp.jams,1155453,1,2,2,2,keep,2,2,0,0.21538443863391876,0.2140364795923233
74250,1,04_SS3-98-C_comp.jams,1188234,3,2,3,3,local_rates_favor_regression_for_all_groups,3,3,0,0.252338171005249,0.1632499098777771
74254,1,04_SS3-98-C_comp.jams,1209450,1,3,2,2,local_rates_favor_regression_for_all_groups,2,2,0,0.2739602029323578,0.2694959044456482
74278,1,04_SS3-98-C_comp.jams,1297419,4,3,3,3,keep,3,3,0,0.4658816456794739,0.2853180766105652
74331,1,04_SS3-98-C_comp.jams,1445450,1,2,2,2,keep,2,2,0,0.21480154991149902,0.18768347799777985
74337,1,04_SS3-98-C_comp.jams,1458577,3,4,2,2,mixed_by_complete_group,2,2,0,0.13269682228565216,0.01879844069480896
74346,1,04_SS3-98-C_comp.jams,1480125,1,2,2,2,keep,2,2,0,0.24371980130672455,0.19816473126411438
74387,1,04_SS3-98-C_comp.jams,1606684,1,3,3,2,keep,3,2,0,0.04787244275212288,0.002225185977295041
74390,1,04_SS3-98-C_comp.jams,1621536,2,3,2,4,local_rates_favor_regression_for_all_groups,4,2,-1,0.23306140303611755,0.01827206462621689
74401,1,04_SS3-98-C_comp.jams,1662131,1,2,2,2,keep,2,2,0,0.09448748826980591,0.11513776332139969
1722,2,00_Funk1-114-Ab_comp.jams,4,0,2,2,2,keep,2,2,0,0.17163990437984467,0.22408537566661835
1724,2,00_Funk1-114-Ab_comp.jams,13221,3,2,3,2,mixed_by_complete_group,3,2,0,0.38152191042900085,0.49155914783477783
1727,2,00_Funk1-114-Ab_comp.jams,31604,3,3,3,3,keep,3,3,0,0.656876266002655,0.7597553730010986
1729,2,00_Funk1-114-Ab_comp.jams,48906,3,2,3,3,mixed_by_complete_group,3,3,0,0.2790159285068512,0.2662178874015808
1738,2,00_Funk1-114-Ab_comp.jams,66270,3,2,2,2,keep,2,2,0,0.3265615403652191,0.38838183879852295
1740,2,00_Funk1-114-Ab_comp.jams,81863,3,2,2,2,keep,2,2,0,0.5041764378547668,0.3603243827819824
1745,2,00_Funk1-114-Ab_comp.jams,103420,5,4,4,2,keep,4,4,0,0.43667474389076233,0.2616575360298157
1749,2,00_Funk1-114-Ab_comp.jams,116242,4,2,2,2,keep,2,2,0,0.4168964922428131,0.24433273077011108
1752,2,00_Funk1-114-Ab_comp.jams,122672,4,4,4,4,keep,4,4,0,0.46500128507614136,0.515119194984436
1755,2,00_Funk1-114-Ab_comp.jams,140206,5,4,4,4,keep,4,4,0,0.6745293140411377,0.7970366477966309
1760,2,00_Funk1-114-Ab_comp.jams,152765,0,3,3,2,keep,2,2,0,0.0028449681121855974,5.852598405908793e-05
1762,2,00_Funk1-114-Ab_comp.jams,157840,3,2,2,2,keep,2,2,0,0.46460527181625366,0.4199789762496948
1767,2,00_Funk1-114-Ab_comp.jams,170545,2,2,2,2,keep,2,2,0,0.06378422677516937,0.10669347643852234
1768,2,00_Funk1-114-Ab_comp.jams,175223,4,2,2,2,keep,2,2,0,0.3960351049900055,0.4258911609649658
1770,2,00_Funk1-114-Ab_comp.jams,187444,3,2,2,2,keep,2,2,0,0.4034874141216278,0.38411372900009155
1775,2,00_Funk1-114-Ab_comp.jams,199582,3,2,2,2,keep,2,2,0,0.22718113660812378,0.3084045648574829
1781,2,00_Funk1-114-Ab_comp.jams,216245,3,3,3,3,keep,3,3,0,0.41154152154922485,0.5003367066383362
1789,2,00_Funk1-114-Ab_comp.jams,232904,5,3,3,4,keep,3,4,0,0.4907621443271637,0.31020236015319824
1795,2,00_Funk1-114-Ab_comp.jams,249825,3,3,3,3,keep,3,3,0,0.2872167229652405,0.23571859300136566
1798,2,00_Funk1-114-Ab_comp.jams,266206,5,4,4,4,keep,4,4,0,0.6197760105133057,0.5616936087608337
1800,2,00_Funk1-114-Ab_comp.jams,270323,0,2,2,2,keep,2,2,0,0.04242876172065735,0.028516080230474472
1804,2,00_Funk1-114-Ab_comp.jams,285129,4,4,4,3,keep,4,4,0,0.33357110619544983,0.24085961282253265
1812,2,00_Funk1-114-Ab_comp.jams,302030,5,4,4,4,keep,4,4,0,0.3515389561653137,0.40639728307724
1820,2,00_Funk1-114-Ab_comp.jams,321201,4,4,4,4,keep,4,4,0,0.4185997545719147,0.46740198135375977
1826,2,00_Funk1-114-Ab_comp.jams,337443,3,3,3,3,keep,3,3,0,0.2537398636341095,0.4998788833618164
1836,2,00_Funk1-114-Ab_comp.jams,360782,5,4,4,4,keep,4,4,0,0.4598728120326996,0.26283347606658936
1847,2,00_Funk1-114-Ab_comp.jams,383865,1,3,2,2,mixed_by_complete_group,2,2,0,0.2899756133556366,0.14128082990646362
1855,2,00_Funk1-114-Ab_comp.jams,401647,3,4,4,4,keep,4,4,0,0.4995497763156891,0.38484421372413635
1859,2,00_Funk1-114-Ab_comp.jams,418387,5,4,4,4,keep,4,4,0,0.447055459022522,0.3875097930431366
1865,2,00_Funk1-114-Ab_comp.jams,435420,4,3,3,3,keep,3,3,0,0.4488573968410492,0.3719930946826935
1866,2,00_Funk1-114-Ab_comp.jams,451648,4,2,3,3,mixed_by_complete_group,3,3,0,0.2933444678783417,0.07819243520498276
1875,2,00_Funk1-114-Ab_comp.jams,470182,3,2,2,2,keep,2,2,0,0.41708114743232727,0.5272400379180908
1878,2,00_Funk1-114-Ab_comp.jams,486526,4,4,4,3,keep,4,3,0,0.4446195363998413,0.26612916588783264
1884,2,00_Funk1-114-Ab_comp.jams,510190,4,4,4,4,keep,4,4,0,0.6049355864524841,0.664063036441803
1887,2,00_Funk1-114-Ab_comp.jams,527869,3,2,2,2,keep,2,2,0,0.34420859813690186,0.6796694993972778
1888,2,00_Funk1-114-Ab_comp.jams,545060,3,2,2,2,keep,2,2,0,0.6241346001625061,0.29553306102752686
1889,2,00_Funk1-114-Ab_comp.jams,563396,4,4,4,4,keep,4,4,0,0.6683114171028137,0.7999114394187927
1893,2,00_Funk1-114-Ab_comp.jams,579272,2,2,2,2,keep,2,2,0,0.305733859539032,0.4199586808681488
1894,2,00_Funk1-114-Ab_comp.jams,581045,2,3,2,2,mixed_by_complete_group,2,2,0,0.3701927065849304,0.18691278994083405
1897,2,00_Funk1-114-Ab_comp.jams,603816,3,3,3,3,keep,3,3,0,0.3366786539554596,0.2685644328594208
1898,2,00_Funk1-114-Ab_comp.jams,621822,4,3,3,3,keep,3,3,0,0.4955429434776306,0.3658936023712158
1901,2,00_Funk1-114-Ab_comp.jams,637811,2,3,2,3,mixed_by_complete_group,2,3,0,0.3505305349826813,0.7903845310211182
1903,2,00_Funk1-114-Ab_comp.jams,656586,4,4,4,4,keep,4,4,0,0.5085874795913696,0.7561407089233398
1905,2,00_Funk1-114-Ab_comp.jams,660227,0,2,2,2,keep,2,2,0,0.08491881191730499,0.14151933789253235
1907,2,00_Funk1-114-Ab_comp.jams,674503,5,4,4,4,keep,4,4,0,0.6103329658508301,0.5788878798484802
1913,2,00_Funk1-114-Ab_comp.jams,691609,3,2,2,2,keep,2,2,0,0.4558100402355194,0.3327985405921936
1917,2,00_Funk1-114-Ab_comp.jams,702309,3,2,2,2,keep,2,2,0,0.5806033611297607,0.9092859029769897
1924,2,00_Funk1-114-Ab_comp.jams,719574,2,3,2,3,local_rates_favor_correction_for_all_groups,2,3,0,0.3598957359790802,0.3970813751220703
1931,2,00_Funk1-114-Ab_comp.jams,736983,4,2,2,3,keep,2,3,0,0.4385175406932831,0.22399641573429108
1935,2,00_Funk1-114-Ab_comp.jams,754807,6,4,4,4,keep,4,4,0,0.6200916767120361,0.5312062501907349
1939,2,00_Funk1-114-Ab_comp.jams,773619,5,3,3,3,keep,3,3,0,0.49077993631362915,0.2669083774089813
1941,2,00_Funk1-114-Ab_comp.jams,784616,4,3,2,3,mixed_by_complete_group,2,2,0,0.03808247298002243,0.1610753983259201
1942,2,00_Funk1-114-Ab_comp.jams,790212,5,3,3,3,keep,3,3,0,0.6004443168640137,0.844451367855072
1944,2,00_Funk1-114-Ab_comp.jams,794778,1,4,2,2,mixed_by_complete_group,2,2,0,0.0639045387506485,0.0001948588469531387
1950,2,00_Funk1-114-Ab_comp.jams,807471,4,3,3,2,keep,3,2,0,0.29483774304389954,0.21688713133335114
1958,2,00_Funk1-114-Ab_comp.jams,825105,1,3,3,2,keep,2,2,0,0.007508616428822279,0.0005890832981094718
1960,2,00_Funk1-114-Ab_comp.jams,832143,2,2,2,2,keep,2,2,0,0.26297008991241455,0.27836406230926514
1962,2,00_Funk1-114-Ab_comp.jams,836228,0,2,2,2,keep,2,2,0,0.011666633188724518,0.019170913845300674
1976,2,00_Funk1-114-Ab_comp.jams,867229,5,3,4,3,mixed_by_complete_group,2,3,0,0.19044536352157593,0.3153153359889984
1979,2,00_Funk1-114-Ab_comp.jams,877686,5,3,2,3,mixed_by_complete_group,3,3,0,0.18413503468036652,0.3163674771785736
1981,2,00_Funk1-114-Ab_comp.jams,882426,5,4,4,4,keep,4,4,0,0.3926747739315033,0.40981975197792053
1987,2,00_Funk1-114-Ab_comp.jams,895099,0,2,2,2,keep,2,2,0,0.009622898884117603,0.018110055476427078
1994,2,00_Funk1-114-Ab_comp.jams,914842,4,3,3,3,keep,3,3,0,0.6035134196281433,0.5914868116378784
1997,2,00_Funk1-114-Ab_comp.jams,939746,4,4,4,4,keep,4,4,0,0.41244781017303467,0.47590669989585876
1999,2,00_Funk1-114-Ab_comp.jams,958659,5,3,4,2,mixed_by_complete_group,2,4,0,0.2023402899503708,0.17727065086364746
2003,2,00_Funk1-114-Ab_comp.jams,976270,5,4,4,4,keep,4,4,0,0.600811243057251,0.6687811017036438
2006,2,00_Funk1-114-Ab_comp.jams,988111,1,2,2,2,keep,2,2,0,0.02838595025241375,0.016281608492136
2007,2,00_Funk1-114-Ab_comp.jams,994365,5,4,4,4,keep,4,4,0,0.6463255286216736,0.850156843662262
2012,2,00_Funk1-114-Ab_comp.jams,1006119,3,4,4,4,keep,4,4,0,0.46031418442726135,0.8752229809761047
2014,2,00_Funk1-114-Ab_comp.jams,1010457,3,3,3,3,keep,3,3,0,0.5019622445106506,0.5086127519607544
2017,2,00_Funk1-114-Ab_comp.jams,1030016,0,2,2,2,keep,2,2,0,0.26040390133857727,0.004032244440168142
2018,2,00_Funk1-114-Ab_comp.jams,1034606,4,4,4,4,keep,4,4,0,0.5443257689476013,0.3777707517147064
2022,2,00_Funk1-114-Ab_comp.jams,1053128,3,3,2,2,local_rates_favor_regression_for_all_groups,2,2,0,0.3467148244380951,0.13929012417793274
2026,2,00_Funk1-114-Ab_comp.jams,1085292,1,2,2,2,keep,2,2,0,0.3098700940608978,0.36168739199638367
2028,2,00_Funk1-114-Ab_comp.jams,1091600,2,2,2,2,keep,2,2,0,0.20277991890907288,0.22029070556163788
2030,2,00_Funk1-114-Ab_comp.jams,1096976,2,2,2,2,keep,2,2,0,0.4186253249645233,0.4351046085357666
2065,2,00_Funk1-114-Ab_solo.jams,256758,1,2,2,2,keep,2,2,0,0.263671338558197,0.3377262353897095
2099,2,00_Funk1-114-Ab_solo.jams,623632,1,2,2,2,keep,2,2,0,0.4753318130970001,0.660470724105835
2112,2,00_Funk1-114-Ab_solo.jams,803896,1,2,2,2,keep,2,2,0,0.47538959980010986,0.9700384736061096
2125,2,00_Funk1-114-Ab_solo.jams,835545,1,2,2,2,keep,2,2,0,0.23937849700450897,0.5352365374565125
5488,2,00_Jazz1-200-B_comp.jams,2128,2,2,2,2,keep,2,2,0,0.521255612373352,0.6998118758201599
5494,2,00_Jazz1-200-B_comp.jams,13471,2,2,3,2,local_rates_favor_regression_for_all_groups,2,3,1,0.39832791686058044,0.3479597270488739
5500,2,00_Jazz1-200-B_comp.jams,40142,2,2,2,2,keep,2,2,0,0.40183478593826294,0.5950143933296204
5504,2,00_Jazz1-200-B_comp.jams,61859,3,2,3,3,mixed_by_complete_group,3,3,0,0.4351328909397125,0.03778798505663872
5509,2,00_Jazz1-200-B_comp.jams,79505,3,4,4,4,keep,4,4,0,0.42599400877952576,0.7067517638206482
5516,2,00_Jazz1-200-B_comp.jams,99522,5,3,3,3,keep,3,3,0,0.50395667552948,0.4338587522506714
5519,2,00_Jazz1-200-B_comp.jams,118705,3,4,4,3,keep,4,2,0,0.3929721713066101,0.2017717808485031
5524,2,00_Jazz1-200-B_comp.jams,129091,0,2,2,2,keep,2,2,0,0.005184641107916832,0.00808613933622837
5528,2,00_Jazz1-200-B_comp.jams,138980,4,3,3,3,keep,3,3,0,0.6205849051475525,0.695838212966919
5531,2,00_Jazz1-200-B_comp.jams,152008,2,2,2,2,keep,2,2,0,0.4247451424598694,0.7748603820800781
5538,2,00_Jazz1-200-B_comp.jams,170117,3,3,3,2,keep,3,2,0,0.5493934750556946,0.301685094833374
5543,2,00_Jazz1-200-B_comp.jams,183809,5,4,4,4,keep,4,4,0,0.5445935130119324,0.2777148485183716
5547,2,00_Jazz1-200-B_comp.jams,196115,0,2,2,2,keep,2,2,0,0.4777185022830963,0.6693264245986938
5549,2,00_Jazz1-200-B_comp.jams,204484,3,2,2,3,keep,3,2,1,0.3792014420032501,0.4043256640434265
5553,2,00_Jazz1-200-B_comp.jams,224506,4,3,3,3,keep,3,3,0,0.5873331427574158,0.7514352202415466
5556,2,00_Jazz1-200-B_comp.jams,245914,3,3,3,3,keep,3,3,0,0.6951394081115723,0.8022387623786926
5560,2,00_Jazz1-200-B_comp.jams,265055,3,2,2,2,keep,2,2,0,0.2809647023677826,0.14019808173179626
5562,2,00_Jazz1-200-B_comp.jams,277351,3,2,2,2,keep,2,2,0,0.5593414306640625,0.5609942674636841
5566,2,00_Jazz1-200-B_comp.jams,290639,5,4,4,3,keep,3,3,0,0.2737872302532196,0.16104397177696228
5571,2,00_Jazz1-200-B_comp.jams,311549,5,4,4,3,keep,4,3,0,0.5711750388145447,0.03238422051072121
5583,2,00_Jazz1-200-B_comp.jams,370118,4,4,4,4,keep,4,4,0,0.5097627639770508,0.5503914952278137
5590,2,00_Jazz1-200-B_comp.jams,397504,2,2,2,2,keep,2,2,0,0.30328476428985596,0.3502407968044281
5592,2,00_Jazz1-200-B_comp.jams,417009,2,3,3,3,keep,3,3,0,0.6382452845573425,0.6944996118545532
5595,2,00_Jazz1-200-B_comp.jams,436726,5,3,3,4,keep,3,3,0,0.3762351870536804,0.3595433831214905
5605,2,00_Jazz1-200-B_comp.jams,456957,4,3,3,2,keep,3,2,0,0.4028364419937134,0.06924747675657272
5610,2,00_Jazz1-200-B_comp.jams,475329,4,4,4,4,keep,5,4,-1,0.231761634349823,0.4888783395290375
5611,2,00_Jazz1-200-B_comp.jams,477219,1,2,2,2,keep,2,2,0,0.4011121690273285,0.3472979962825775
5621,2,00_Jazz1-200-B_comp.jams,497775,5,4,4,4,keep,4,4,0,0.38368576765060425,0.7315370440483093
5629,2,00_Jazz1-200-B_comp.jams,516788,2,4,2,2,mixed_by_complete_group,2,2,0,0.015061709098517895,0.002613410586491227
5631,2,00_Jazz1-200-B_comp.jams,524262,3,3,3,3,keep,4,3,-1,0.27375441789627075,0.3447815477848053
5639,2,00_Jazz1-200-B_comp.jams,540257,3,2,3,2,local_rates_favor_regression_for_all_groups,2,2,-1,0.22859962284564972,0.436225563287735
5642,2,00_Jazz1-200-B_comp.jams,562576,4,3,3,3,keep,3,3,0,0.48853135108947754,0.6707624793052673
5645,2,00_Jazz1-200-B_comp.jams,576015,3,4,4,4,keep,4,4,0,0.524642825126648,0.816781759262085
5650,2,00_Jazz1-200-B_comp.jams,589207,2,2,2,2,keep,2,2,0,0.14567315578460693,0.08013980835676193
5652,2,00_Jazz1-200-B_comp.jams,593535,3,2,2,2,keep,2,2,0,0.447479784488678,0.5550628304481506
5658,2,00_Jazz1-200-B_comp.jams,605896,2,3,3,2,keep,3,2,0,0.22214016318321228,0.00016956588660832494
5659,2,00_Jazz1-200-B_comp.jams,607670,4,4,4,4,keep,4,3,0,0.38881078362464905,0.25939318537712097
5673,2,00_Jazz1-200-B_solo.jams,44503,1,2,2,2,keep,2,2,0,0.08399084955453873,0.2209627479314804
5731,2,00_Jazz1-200-B_solo.jams,449938,1,2,2,2,keep,2,2,0,0.5389832258224487,0.5726760029792786
5758,2,00_Jazz1-200-B_solo.jams,517621,1,2,2,2,keep,2,2,0,0.25405624508857727,0.26651531457901
5771,2,00_Jazz2-110-Bb_comp.jams,2306,2,2,2,2,keep,2,2,0,0.3311876058578491,0.5394602417945862
5774,2,00_Jazz2-110-Bb_comp.jams,24293,4,2,2,2,keep,2,2,0,0.5192531943321228,0.5913636088371277
5792,2,00_Jazz2-110-Bb_comp.jams,63526,4,4,4,3,keep,4,3,0,0.40760061144828796,0.18903906643390656
5805,2,00_Jazz2-110-Bb_comp.jams,109015,3,2,2,2,keep,2,2,0,0.31341832876205444,0.38679906725883484
5813,2,00_Jazz2-110-Bb_comp.jams,135673,2,2,2,2,keep,2,2,0,0.5014461874961853,0.523368239402771
5814,2,00_Jazz2-110-Bb_comp.jams,143115,3,2,3,2,local_rates_favor_regression_for_all_groups,2,3,-1,0.36330917477607727,0.21540498733520508
5824,2,00_Jazz2-110-Bb_comp.jams,166765,5,4,4,4,keep,4,4,0,0.5908974409103394,0.7257229685783386
5834,2,00_Jazz2-110-Bb_comp.jams,190785,3,2,2,2,keep,2,2,0,0.4811243712902069,0.8093878030776978
5844,2,00_Jazz2-110-Bb_comp.jams,215866,3,2,2,2,keep,2,2,0,0.48382440209388733,0.5009026527404785
5855,2,00_Jazz2-110-Bb_comp.jams,239672,1,2,2,2,keep,2,2,0,0.28385812044143677,0.4662085473537445
5856,2,00_Jazz2-110-Bb_comp.jams,254837,3,3,3,3,keep,3,3,0,0.4118809401988983,0.5381855964660645
5864,2,00_Jazz2-110-Bb_comp.jams,279237,3,3,3,3,keep,3,3,0,0.548367977142334,0.6416309475898743
5874,2,00_Jazz2-110-Bb_comp.jams,335018,4,4,4,4,keep,4,4,0,0.5567822456359863,0.600341796875
5887,2,00_Jazz2-110-Bb_comp.jams,360869,3,2,2,2,keep,2,2,0,0.46207109093666077,0.6151031851768494
5891,2,00_Jazz2-110-Bb_comp.jams,375108,1,3,3,3,keep,2,3,0,0.2946447432041168,0.47219517827033997
5895,2,00_Jazz2-110-Bb_comp.jams,406914,3,3,3,4,keep,3,3,0,0.28937819600105286,0.0534273236989975
5905,2,00_Jazz2-110-Bb_comp.jams,431956,2,2,2,2,keep,2,2,0,0.3345346450805664,0.3915208578109741
5908,2,00_Jazz2-110-Bb_comp.jams,446722,3,4,4,3,keep,4,4,0,0.3220999836921692,0.14220373332500458
5912,2,00_Jazz2-110-Bb_comp.jams,470229,3,3,2,2,local_rates_favor_regression_for_all_groups,2,2,0,0.4586695730686188,0.11448120325803757
5920,2,00_Jazz2-110-Bb_comp.jams,489103,0,3,3,3,keep,3,3,0,0.043920986354351044,0.10318484902381897
5923,2,00_Jazz2-110-Bb_comp.jams,518126,3,3,3,3,keep,3,3,0,0.561889111995697,0.8545148968696594
5934,2,00_Jazz2-110-Bb_comp.jams,551310,3,3,3,2,keep,3,2,0,0.4701138138771057,0.3021218478679657
5937,2,00_Jazz2-110-Bb_comp.jams,566273,1,2,2,2,keep,2,2,0,0.546546459197998,0.5218797326087952
5939,2,00_Jazz2-110-Bb_comp.jams,576264,2,2,3,3,mixed_by_complete_group,3,3,0,0.3452949523925781,0.3142991364002228
6007,2,00_Jazz2-110-Bb_comp.jams,759854,3,2,2,2,keep,2,2,0,0.40103477239608765,0.28151533007621765
6021,2,00_Jazz2-110-Bb_comp.jams,791338,3,2,2,3,keep,2,3,0,0.5751320719718933,0.3293088972568512
6028,2,00_Jazz2-110-Bb_comp.jams,805571,0,2,2,2,keep,2,2,0,0.0904894471168518,0.14478273689746857
6040,2,00_Jazz2-110-Bb_comp.jams,831723,5,3,3,3,keep,3,3,0,0.4439985156059265,0.12204717099666595
6052,2,00_Jazz2-110-Bb_comp.jams,854749,4,4,4,5,keep,4,5,0,0.2698543071746826,0.16117975115776062
6059,2,00_Jazz2-110-Bb_comp.jams,889168,0,3,2,2,mixed_by_complete_group,2,2,0,0.2045857012271881,0.05947032570838928
6060,2,00_Jazz2-110-Bb_comp.jams,912241,4,4,4,4,keep,4,4,0,0.5579733848571777,0.4561978876590729
6069,2,00_Jazz2-110-Bb_comp.jams,936146,2,2,3,3,mixed_by_complete_group,3,3,0,0.4446803629398346,0.3187469244003296
6075,2,00_Jazz2-110-Bb_comp.jams,949307,2,3,3,2,keep,3,3,0,0.4018726050853729,0.21724019944667816
6081,2,00_Jazz2-110-Bb_comp.jams,961039,4,2,3,2,mixed_by_complete_group,2,2,0,0.4602825939655304,0.6294779777526855
6091,2,00_Jazz2-110-Bb_comp.jams,984802,2,2,2,2,keep,2,2,0,0.4119638502597809,0.5412134528160095
6109,2,00_Jazz2-110-Bb_comp.jams,1025048,4,3,3,3,keep,4,3,1,0.39416226744651794,0.42833876609802246
6120,2,00_Jazz2-110-Bb_comp.jams,1058815,4,4,4,3,keep,4,3,0,0.5337721705436707,0.2239443063735962
6126,2,00_Jazz2-110-Bb_comp.jams,1072686,4,3,3,3,keep,3,3,0,0.403958261013031,0.46648409962654114
6137,2,00_Jazz2-110-Bb_comp.jams,1095913,3,2,2,3,keep,2,3,0,0.4386414587497711,0.14814221858978271
6142,2,00_Jazz2-110-Bb_comp.jams,1105786,3,2,2,2,keep,2,2,0,0.4204427897930145,0.5075287818908691
6148,2,00_Jazz2-110-Bb_comp.jams,1120676,4,4,4,3,keep,4,3,0,0.33581268787384033,0.1330481767654419
6154,2,00_Jazz2-110-Bb_comp.jams,1142137,2,4,4,4,keep,4,4,0,0.5472095012664795,0.5731847286224365
6163,2,00_Jazz2-110-Bb_comp.jams,1176119,4,3,3,2,keep,2,2,0,0.36386698484420776,0.34346821904182434
6169,2,00_Jazz2-110-Bb_comp.jams,1189205,0,2,2,2,keep,2,2,0,0.06194276735186577,0.06799143552780151
6170,2,00_Jazz2-110-Bb_comp.jams,1192607,0,2,2,2,keep,2,2,0,0.02932165563106537,0.03956812620162964
6179,2,00_Jazz2-110-Bb_comp.jams,1227665,4,4,4,4,keep,4,4,0,0.5801401138305664,0.800955593585968
6185,2,00_Jazz2-110-Bb_comp.jams,1250457,2,3,3,2,keep,2,2,1,0.40301892161369324,0.35068121552467346
6190,2,00_Jazz2-110-Bb_comp.jams,1265244,2,4,3,4,mixed_by_complete_group,3,4,0,0.4046599268913269,0.47741392254829407
6195,2,00_Jazz2-110-Bb_comp.jams,1288018,4,4,4,3,keep,4,4,0,0.3562486469745636,0.3180425465106964
6209,2,00_Jazz2-110-Bb_comp.jams,1320359,3,2,2,3,keep,2,3,0,0.36942026019096375,0.17453017830848694
6212,2,00_Jazz2-110-Bb_comp.jams,1336306,1,3,3,2,keep,3,2,0,0.33872392773628235,0.13525816798210144
6219,2,00_Jazz2-110-Bb_comp.jams,1370729,6,3,3,3,keep,3,2,0,0.4118492007255554,0.3276248574256897
6228,2,00_Jazz2-110-Bb_comp.jams,1394796,3,3,3,2,keep,3,2,0,0.35290616750717163,0.17379790544509888
6235,2,00_Jazz2-110-Bb_comp.jams,1409923,2,4,2,2,local_rates_favor_correction_for_all_groups,2,2,0,0.18168683350086212,0.00618841964751482
6248,2,00_Jazz2-110-Bb_comp.jams,1435210,2,4,4,2,keep,2,2,1,0.17572897672653198,0.0926455408334732
6276,2,00_Jazz2-110-Bb_comp.jams,1491215,5,2,2,3,keep,2,3,0,0.5050291419029236,0.25385791063308716
6287,2,00_Jazz2-110-Bb_comp.jams,1513828,4,3,4,3,local_rates_favor_correction_for_all_groups,4,3,0,0.406675785779953,0.6572173833847046
6291,2,00_Jazz2-110-Bb_comp.jams,1521904,0,3,3,3,keep,2,3,0,0.0307475496083498,0.30657827854156494
6373,2,00_Jazz2-110-Bb_solo.jams,792224,1,2,2,2,keep,2,2,0,0.12490874528884888,0.11669901758432388
6418,2,00_Jazz2-110-Bb_solo.jams,938049,1,2,2,2,keep,2,2,0,0.21338699758052826,0.24776862561702728
6447,2,00_Jazz2-110-Bb_solo.jams,1060005,1,2,2,2,keep,2,2,0,0.4893973171710968,0.5415661931037903
8034,2,00_Rock1-130-A_comp.jams,18,5,4,4,4,keep,4,4,0,0.4288809597492218,0.45027756690979004
8040,2,00_Rock1-130-A_comp.jams,13814,0,2,2,2,keep,2,2,0,0.4368005394935608,0.5219091176986694
8049,2,00_Rock1-130-A_comp.jams,36150,5,3,3,2,keep,2,2,0,0.31451183557510376,0.21430973708629608
8053,2,00_Rock1-130-A_comp.jams,45593,3,3,3,3,keep,3,3,0,0.2798529267311096,0.44830986857414246
8055,2,00_Rock1-130-A_comp.jams,52535,3,2,2,2,keep,2,2,0,0.456906259059906,0.41113826632499695
8062,2,00_Rock1-130-A_comp.jams,68497,5,4,2,4,local_rates_favor_correction_for_all_groups,4,4,0,0.3310295343399048,0.41468125581741333
8068,2,00_Rock1-130-A_comp.jams,82546,0,3,2,2,local_rates_favor_correction_for_all_groups,2,2,0,0.17678454518318176,0.02385748364031315
8069,2,00_Rock1-130-A_comp.jams,84749,2,3,2,2,local_rates_favor_correction_for_all_groups,2,2,0,0.261781245470047,0.12049290537834167
8073,2,00_Rock1-130-A_comp.jams,93517,3,2,2,2,keep,2,2,0,0.3568183183670044,0.5044115781784058
8078,2,00_Rock1-130-A_comp.jams,104249,4,4,4,4,keep,4,4,0,0.5353025197982788,0.6967600584030151
8082,2,00_Rock1-130-A_comp.jams,113340,2,2,2,2,keep,2,3,0,0.3462798297405243,0.08156967908143997
8085,2,00_Rock1-130-A_comp.jams,119695,4,2,2,2,keep,2,2,0,0.4163934588432312,0.5281055569648743
8091,2,00_Rock1-130-A_comp.jams,134024,4,2,2,2,keep,2,2,0,0.3530086874961853,0.5092183351516724
8095,2,00_Rock1-130-A_comp.jams,143573,3,4,4,4,keep,4,4,0,0.4221518635749817,0.9272946715354919
8097,2,00_Rock1-130-A_comp.jams,157145,2,3,3,2,keep,3,2,0,0.2786512076854706,0.18198376893997192
8102,2,00_Rock1-130-A_comp.jams,172160,2,3,2,2,mixed_by_complete_group,2,2,0,0.19066283106803894,0.16137459874153137
8106,2,00_Rock1-130-A_comp.jams,182994,5,4,4,4,keep,4,4,0,0.32262569665908813,0.46598997712135315
8111,2,00_Rock1-130-A_comp.jams,193119,2,2,2,2,keep,2,2,0,0.18873952329158783,0.2117125689983368
8113,2,00_Rock1-130-A_comp.jams,198782,3,2,2,2,keep,2,2,0,0.3177499771118164,0.4509246349334717
8124,2,00_Rock1-130-A_comp.jams,229223,3,3,2,2,local_rates_favor_correction_for_all_groups,2,2,0,0.20728778839111328,0.04187804087996483
8128,2,00_Rock1-130-A_comp.jams,238913,2,3,2,2,local_rates_favor_correction_for_all_groups,2,2,0,0.08599964529275894,0.08684384077787399
8129,2,00_Rock1-130-A_comp.jams,241062,0,2,2,2,keep,2,2,0,0.09063339233398438,0.08455803245306015
8134,2,00_Rock1-130-A_comp.jams,252740,3,3,3,2,keep,2,2,-1,0.2666819989681244,0.13020123541355133
8139,2,00_Rock1-130-A_comp.jams,263964,4,4,4,3,keep,4,4,0,0.436857670545578,0.20818530023097992
8143,2,00_Rock1-130-A_comp.jams,279024,3,2,2,2,keep,2,2,0,0.22068463265895844,0.272430956363678
8147,2,00_Rock1-130-A_comp.jams,289108,2,2,2,2,keep,2,2,0,0.36181771755218506,0.4951865077018738
8151,2,00_Rock1-130-A_comp.jams,298649,2,3,3,5,keep,3,2,0,0.16635482013225555,0.020425109192728996
8154,2,00_Rock1-130-A_comp.jams,305674,4,2,2,2,keep,2,2,0,0.3987560570240021,0.5343851447105408
8155,2,00_Rock1-130-A_comp.jams,309808,3,3,3,2,keep,2,3,-1,0.3520113229751587,0.30609193444252014
8166,2,00_Rock1-130-A_comp.jams,344777,2,2,2,2,keep,2,2,0,0.38402727246284485,0.56108158826828
8167,2,00_Rock1-130-A_comp.jams,346557,2,3,3,3,keep,3,2,0,0.48714542388916016,0.26776695251464844
8172,2,00_Rock1-130-A_comp.jams,362222,2,2,2,2,keep,2,2,0,0.13399730622768402,0.18544673919677734
8174,2,00_Rock1-130-A_comp.jams,370002,1,2,2,2,keep,2,2,0,0.3440103828907013,0.3592086434364319
8178,2,00_Rock1-130-A_comp.jams,381188,2,2,2,2,keep,2,2,0,0.03924500197172165,0.025715600699186325
8181,2,00_Rock1-130-A_comp.jams,386765,4,4,4,4,keep,4,4,0,0.6417214274406433,0.8003918528556824
8186,2,00_Rock1-130-A_comp.jams,401432,2,2,2,2,keep,2,2,0,0.3704637587070465,0.3876197040081024
8190,2,00_Rock1-130-A_comp.jams,410951,3,3,2,2,mixed_by_complete_group,2,2,0,0.020014671608805656,0.00026409304700791836
8192,2,00_Rock1-130-A_comp.jams,416352,3,4,2,4,mixed_by_complete_group,3,4,1,0.1895536333322525,0.2581605613231659
8200,2,00_Rock1-130-A_comp.jams,430781,3,2,2,2,keep,2,2,0,0.362490713596344,0.4766555428504944
8208,2,00_Rock1-130-A_comp.jams,446560,2,4,2,2,mixed_by_complete_group,2,2,0,0.15793922543525696,0.023919688537716866
8216,2,00_Rock1-130-A_comp.jams,462539,3,2,2,2,keep,2,2,0,0.2029784470796585,0.19653618335723877
8221,2,00_Rock1-130-A_comp.jams,477514,2,3,2,2,local_rates_favor_correction_for_all_groups,2,2,0,0.05459791421890259,0.07572267949581146
8222,2,00_Rock1-130-A_comp.jams,482698,3,2,2,2,keep,2,2,0,0.1930098682641983,0.16349568963050842
8227,2,00_Rock1-130-A_comp.jams,497075,2,3,2,2,mixed_by_complete_group,2,2,0,0.35938236117362976,0.38163498044013977
8232,2,00_Rock1-130-A_comp.jams,508494,4,3,2,3,mixed_by_complete_group,2,3,0,0.20963691174983978,0.4040984809398651
8236,2,00_Rock1-130-A_comp.jams,518302,2,2,2,2,keep,2,2,0,0.3864269554615021,0.519822359085083
8243,2,00_Rock1-130-A_comp.jams,534057,3,2,2,2,keep,2,2,0,0.28914597630500793,0.16710560023784637
8245,2,00_Rock1-130-A_comp.jams,538935,5,4,4,4,keep,4,4,0,0.4433669447898865,0.3500646948814392
8251,2,00_Rock1-130-A_comp.jams,554770,4,4,3,4,mixed_by_complete_group,4,3,1,0.1618366241455078,0.08198530972003937
8258,2,00_Rock1-130-A_comp.jams,570641,4,4,4,4,keep,4,4,0,0.4805644154548645,0.6369462013244629
8264,2,00_Rock1-130-A_comp.jams,585811,4,4,4,2,keep,2,2,-1,0.3064967095851898,0.10303916782140732
8268,2,00_Rock1-130-A_comp.jams,594999,2,3,2,2,local_rates_favor_correction_for_all_groups,2,2,0,0.29787734150886536,0.17333517968654633
8269,2,00_Rock1-130-A_comp.jams,596787,2,2,2,2,keep,2,2,0,0.2823868989944458,0.2632885277271271
8271,2,00_Rock1-130-A_comp.jams,605375,4,2,2,2,keep,2,2,0,0.5416325926780701,0.7454198598861694
8273,2,00_Rock1-130-A_comp.jams,610103,1,2,2,2,keep,2,2,0,0.5521092414855957,0.7060911059379578
8278,2,00_Rock1-130-A_comp.jams,620697,5,4,4,4,keep,4,4,0,0.2970162630081177,0.40155845880508423
8284,2,00_Rock1-130-A_comp.jams,635395,5,3,3,2,keep,2,2,0,0.09552499651908875,0.046342261135578156
8288,2,00_Rock1-130-A_comp.jams,645846,4,4,3,3,local_rates_favor_correction_for_all_groups,3,3,0,0.056385986506938934,0.004160493146628141
8295,2,00_Rock1-130-A_comp.jams,660936,3,2,2,2,keep,2,2,0,0.4041369557380676,0.48552456498146057
8300,2,00_Rock1-130-A_comp.jams,671940,5,4,4,4,keep,4,4,0,0.13611969351768494,0.13016308844089508
8307,2,00_Rock1-130-A_comp.jams,687209,4,4,4,2,keep,4,4,0,0.15343472361564636,0.08787970244884491
8311,2,00_Rock1-130-A_comp.jams,701699,5,4,4,5,keep,4,5,0,0.3956683874130249,0.0417773462831974
8316,2,00_Rock1-130-A_comp.jams,712024,3,2,2,2,keep,2,2,0,0.31555476784706116,0.263414591550827
8319,2,00_Rock1-130-A_comp.jams,718481,4,4,3,3,local_rates_favor_regression_for_all_groups,3,3,0,0.21810868382453918,0.08619210124015808
8323,2,00_Rock1-130-A_comp.jams,727131,2,3,3,2,keep,2,3,1,0.2848066985607147,0.37799009680747986
8326,2,00_Rock1-130-A_comp.jams,733863,3,4,2,2,local_rates_favor_correction_for_all_groups,2,2,0,0.020284978672862053,0.05034764111042023
8330,2,00_Rock1-130-A_comp.jams,743456,3,3,3,3,keep,3,3,0,0.14527453482151031,0.23027680814266205
8332,2,00_Rock1-130-A_comp.jams,748979,0,2,2,2,keep,2,2,0,0.05668143555521965,0.08882831782102585
8333,2,00_Rock1-130-A_comp.jams,752712,2,3,3,4,keep,3,4,0,0.20265690982341766,0.028624018654227257
8336,2,00_Rock1-130-A_comp.jams,759864,4,2,2,2,keep,2,2,0,0.346385657787323,0.3256319463253021
8338,2,00_Rock1-130-A_comp.jams,763729,1,2,2,2,keep,2,2,0,0.07646916806697845,0.07549847662448883
8340,2,00_Rock1-130-A_comp.jams,769439,2,3,2,2,local_rates_favor_correction_for_all_groups,2,2,0,0.20472566783428192,0.06824890524148941
8342,2,00_Rock1-130-A_comp.jams,773135,3,4,4,5,keep,4,4,0,0.24242058396339417,0.04908354952931404
8346,2,00_Rock1-130-A_comp.jams,788847,4,4,2,2,mixed_by_complete_group,2,2,0,0.15202610194683075,0.08572858572006226
8367,2,00_Rock1-130-A_comp.jams,833944,3,3,3,2,keep,3,2,0,0.26389989256858826,0.032401397824287415
8373,2,00_Rock1-130-A_comp.jams,849497,4,4,4,2,keep,4,2,0,0.33360201120376587,0.17333875596523285
8378,2,00_Rock1-130-A_comp.jams,859737,4,2,2,2,keep,2,2,0,0.3811471462249756,0.33301493525505066
8380,2,00_Rock1-130-A_comp.jams,864539,5,4,3,4,mixed_by_complete_group,2,4,0,0.2812257409095764,0.6041437983512878
8386,2,00_Rock1-130-A_comp.jams,880522,3,4,2,2,mixed_by_complete_group,2,2,0,0.10402671247720718,0.05500803142786026
8390,2,00_Rock1-130-A_comp.jams,889696,2,2,2,2,keep,2,2,0,0.6334753632545471,0.6563953161239624
8391,2,00_Rock1-130-A_comp.jams,894899,3,2,2,2,keep,2,2,0,0.5044766068458557,0.4156864583492279
8398,2,00_Rock1-130-A_comp.jams,914779,3,4,4,3,keep,3,3,1,0.2187613844871521,0.019416607916355133
8399,2,00_Rock1-130-A_comp.jams,916553,1,2,2,2,keep,2,2,0,0.3737263083457947,0.45576995611190796
8406,2,00_Rock1-130-A_comp.jams,941446,5,4,4,4,keep,3,4,0,0.34051716327667236,0.42715245485305786
8409,2,00_Rock1-130-A_comp.jams,951049,4,2,2,2,keep,2,2,0,0.2774292528629303,0.3217211067676544
8411,2,00_Rock1-130-A_comp.jams,955576,3,2,2,2,keep,2,2,0,0.4247611165046692,0.6683492064476013
8413,2,00_Rock1-130-A_comp.jams,960690,5,4,4,2,keep,2,2,0,0.36954668164253235,0.16219735145568848
8414,2,00_Rock1-130-A_comp.jams,966199,5,3,3,3,keep,3,3,0,0.4040575623512268,0.5232690572738647
8420,2,00_Rock1-130-A_solo.jams,19873,1,3,3,2,keep,3,2,0,0.45233094692230225,0.28879979252815247
8426,2,00_Rock1-130-A_solo.jams,34320,1,2,2,2,keep,2,2,0,0.2222386598587036,0.10518179088830948
8441,2,00_Rock1-130-A_solo.jams,71652,1,2,2,2,keep,2,2,0,0.28970375657081604,0.32577428221702576
8482,2,00_Rock1-130-A_solo.jams,183651,1,2,2,2,keep,2,2,0,0.3180750608444214,0.4433184564113617
8487,2,00_Rock1-130-A_solo.jams,196274,0,2,2,2,keep,2,2,0,0.14154928922653198,0.04172554239630699
8489,2,00_Rock1-130-A_solo.jams,202729,1,3,3,2,keep,2,3,0,0.07738472521305084,0.04547562450170517
8501,2,00_Rock1-130-A_solo.jams,233168,0,2,2,2,keep,2,2,0,0.40084734559059143,0.44126370549201965
8530,2,00_Rock1-130-A_solo.jams,294299,0,2,2,2,keep,2,2,0,0.3391953110694885,0.27519306540489197
8539,2,00_Rock1-130-A_solo.jams,327003,2,2,2,2,keep,2,2,0,0.38059771060943604,0.33450570702552795
8547,2,00_Rock1-130-A_solo.jams,347395,2,2,2,2,keep,2,2,0,0.39223939180374146,0.4820318818092346
8552,2,00_Rock1-130-A_solo.jams,376991,2,2,2,2,keep,2,2,0,0.4135095477104187,0.5144281387329102
8576,2,00_Rock1-130-A_solo.jams,509698,1,4,3,3,mixed_by_complete_group,3,3,0,0.115008644759655,0.014956055209040642
8584,2,00_Rock1-130-A_solo.jams,550510,1,2,2,2,keep,2,2,0,0.16111332178115845,0.18871599435806274
8652,2,00_Rock1-130-A_solo.jams,847470,2,2,2,2,keep,2,2,0,0.4215478003025055,0.800525426864624
8654,2,00_Rock1-130-A_solo.jams,851367,1,2,2,2,keep,2,2,0,0.24161435663700104,0.27113738656044006
8659,2,00_Rock1-130-A_solo.jams,863730,1,3,2,2,mixed_by_complete_group,2,2,0,0.19427499175071716,0.33488357067108154
8678,2,00_Rock1-130-A_solo.jams,915852,1,3,3,3,keep,3,3,0,0.6287178993225098,0.48834460973739624
10389,2,00_Rock2-85-F_comp.jams,10,5,4,4,3,keep,4,3,0,0.500736653804779,0.07084808498620987
10400,2,00_Rock2-85-F_comp.jams,30652,5,4,4,4,keep,4,4,0,0.46225714683532715,0.5044494271278381
10411,2,00_Rock2-85-F_comp.jams,52900,4,4,4,2,keep,4,2,0,0.43703681230545044,0.05166659131646156
10423,2,00_Rock2-85-F_comp.jams,82819,4,4,4,4,keep,4,3,0,0.442981481552124,0.16007831692695618
10427,2,00_Rock2-85-F_comp.jams,91603,5,3,4,4,local_rates_favor_correction_for_all_groups,4,4,0,0.17920097708702087,0.2459208071231842
10438,2,00_Rock2-85-F_comp.jams,114191,5,4,2,2,mixed_by_complete_group,2,2,0,0.17819029092788696,0.025543034076690674
10457,2,00_Rock2-85-F_comp.jams,153251,5,4,4,3,keep,4,3,0,0.33043208718299866,0.15212926268577576
10469,2,00_Rock2-85-F_comp.jams,177990,4,4,4,4,keep,4,4,0,0.4409821331501007,0.35394415259361267
10476,2,00_Rock2-85-F_comp.jams,194064,3,2,2,2,keep,2,2,0,0.3926124572753906,0.5852730870246887
10482,2,00_Rock2-85-F_comp.jams,208921,5,4,2,2,local_rates_favor_correction_for_all_groups,2,2,0,0.18692819774150848,0.10587407648563385
10486,2,00_Rock2-85-F_comp.jams,217265,6,4,4,4,keep,4,4,0,0.4138129651546478,0.46187150478363037
10488,2,00_Rock2-85-F_comp.jams,221272,0,3,3,3,keep,3,3,0,0.011852875351905823,0.010275277309119701
10490,2,00_Rock2-85-F_comp.jams,225425,2,2,2,2,keep,2,2,0,0.3388024866580963,0.20347651839256287
10491,2,00_Rock2-85-F_comp.jams,232782,2,3,2,2,mixed_by_complete_group,2,2,0,0.07548641413450241,0.004101091995835304
10493,2,00_Rock2-85-F_comp.jams,240308,5,4,2,2,mixed_by_complete_group,2,2,0,0.25693878531455994,0.14634288847446442
10510,2,00_Rock2-85-F_comp.jams,279258,6,4,4,4,keep,4,4,0,0.6583089232444763,0.7390671968460083
10519,2,00_Rock2-85-F_comp.jams,303319,4,4,2,2,mixed_by_complete_group,2,2,0,0.22164496779441833,0.12343398481607437
10526,2,00_Rock2-85-F_comp.jams,317152,3,2,2,2,keep,2,2,0,0.47385042905807495,0.443506121635437
10534,2,00_Rock2-85-F_comp.jams,334200,6,3,2,2,local_rates_favor_correction_for_all_groups,2,2,0,0.18705475330352783,0.34876835346221924
10538,2,00_Rock2-85-F_comp.jams,342660,6,4,4,4,keep,4,4,0,0.2935975193977356,0.2873336672782898
10541,2,00_Rock2-85-F_comp.jams,349170,4,2,2,2,keep,2,2,0,0.4127134382724762,0.39737531542778015
10544,2,00_Rock2-85-F_comp.jams,357552,3,4,2,2,mixed_by_complete_group,2,2,0,0.04826265200972557,0.08532853424549103
10546,2,00_Rock2-85-F_comp.jams,365070,4,4,3,3,mixed_by_complete_group,3,3,0,0.19005709886550903,0.08339601755142212
10549,2,00_Rock2-85-F_comp.jams,371100,1,2,2,2,keep,2,2,0,0.4069959819316864,0.33901986479759216
10554,2,00_Rock2-85-F_comp.jams,380615,3,3,3,2,keep,3,2,0,0.2837779223918915,0.10109350085258484
10557,2,00_Rock2-85-F_comp.jams,386405,1,2,2,2,keep,2,2,0,0.4838411808013916,0.3357585072517395
10561,2,00_Rock2-85-F_comp.jams,393965,2,3,3,3,keep,3,3,0,0.40224671363830566,0.2892318665981293
10565,2,00_Rock2-85-F_comp.jams,402491,4,3,2,3,mixed_by_complete_group,2,3,0,0.21828508377075195,0.7971404790878296
10566,2,00_Rock2-85-F_comp.jams,404266,1,2,2,2,keep,2,2,0,0.5776914954185486,0.5979399085044861
10578,2,00_Rock2-85-F_comp.jams,428028,5,4,4,2,keep,4,2,0,0.31227171421051025,0.18559277057647705
10585,2,00_Rock2-85-F_comp.jams,441823,3,3,3,3,keep,3,3,0,0.5428996682167053,0.8191360831260681
10593,2,00_Rock2-85-F_comp.jams,458219,4,3,3,3,keep,3,3,0,0.4330454468727112,0.7142780423164368
10604,2,00_Rock2-85-F_comp.jams,481815,2,2,3,3,mixed_by_complete_group,2,3,1,0.4379180669784546,0.30660611391067505
10607,2,00_Rock2-85-F_comp.jams,489457,2,3,2,2,mixed_by_complete_group,2,2,0,0.35732555389404297,0.16492927074432373
10611,2,00_Rock2-85-F_comp.jams,497153,2,2,2,3,keep,2,3,0,0.3760104477405548,0.1918899416923523
10619,2,00_Rock2-85-F_comp.jams,513151,1,2,3,3,mixed_by_complete_group,2,3,0,0.30163541436195374,0.12932373583316803
10626,2,00_Rock2-85-F_comp.jams,529441,5,4,4,4,keep,4,4,0,0.3893018364906311,0.46786409616470337
10633,2,00_Rock2-85-F_comp.jams,544766,4,3,3,2,keep,2,3,0,0.1802077293395996,0.18189138174057007
10637,2,00_Rock2-85-F_comp.jams,553254,3,3,2,2,mixed_by_complete_group,3,2,1,0.26631927490234375,0.1605466604232788
10651,2,00_Rock2-85-F_comp.jams,581815,2,4,2,2,mixed_by_complete_group,2,2,0,0.235574871301651,0.007373506668955088
10656,2,00_Rock2-85-F_comp.jams,592073,4,4,4,4,keep,4,4,0,0.400737464427948,0.1697993129491806
10666,2,00_Rock2-85-F_comp.jams,613574,2,3,3,2,keep,3,3,0,0.2813929617404938,0.1416959911584854
10670,2,00_Rock2-85-F_comp.jams,622375,4,3,3,2,keep,3,2,0,0.4141255021095276,0.2754902243614197
10684,2,00_Rock2-85-F_comp.jams,653675,4,4,4,4,keep,4,4,0,0.4116021990776062,0.31303468346595764
10690,2,00_Rock2-85-F_comp.jams,669109,3,3,2,2,mixed_by_complete_group,2,2,0,0.3628002405166626,0.06446728855371475
10693,2,00_Rock2-85-F_comp.jams,676809,4,4,4,4,keep,4,4,0,0.4845506250858307,0.31594982743263245
10699,2,00_Rock2-85-F_comp.jams,690821,1,3,2,2,local_rates_favor_correction_for_all_groups,2,2,0,0.16318459808826447,0.07952044159173965
10700,2,00_Rock2-85-F_comp.jams,692671,3,2,2,2,keep,2,2,0,0.472798615694046,0.5619110465049744
10704,2,00_Rock2-85-F_comp.jams,701404,3,3,2,2,local_rates_favor_correction_for_all_groups,2,2,0,0.1685178279876709,0.296993225812912
10709,2,00_Rock2-85-F_comp.jams,715868,2,2,2,3,keep,2,2,0,0.3513108491897583,0.22986720502376556
10713,2,00_Rock2-85-F_comp.jams,729717,5,3,3,3,keep,2,3,0,0.3454039990901947,0.7968489527702332
10716,2,00_Rock2-85-F_comp.jams,737521,1,4,2,2,mixed_by_complete_group,2,2,0,0.03792068362236023,0.0042807562276721
10735,2,00_Rock2-85-F_comp.jams,778529,5,4,4,4,keep,4,4,0,0.5753412246704102,0.6076318025588989
10743,2,00_Rock2-85-F_comp.jams,793766,4,3,2,3,mixed_by_complete_group,2,2,0,0.1806742399930954,0.4349879324436188
10754,2,00_Rock2-85-F_comp.jams,815500,3,2,2,3,keep,2,3,0,0.48443666100502014,0.2896600663661957
10758,2,00_Rock2-85-F_comp.jams,823551,2,2,2,2,keep,2,2,0,0.30634844303131104,0.21760861575603485
10759,2,00_Rock2-85-F_comp.jams,825657,3,3,3,2,keep,3,2,0,0.3951415717601776,0.058116842061281204
10771,2,00_Rock2-85-F_comp.jams,849254,4,3,2,2,local_rates_favor_regression_for_all_groups,2,2,0,0.32677507400512695,0.29002249240875244
10778,2,00_Rock2-85-F_comp.jams,862863,3,2,2,2,keep,2,2,0,0.5590543150901794,0.5660673379898071
10783,2,00_Rock2-85-F_comp.jams,872386,4,2,2,2,keep,2,2,0,0.3487084209918976,0.3178754150867462
10784,2,00_Rock2-85-F_comp.jams,886800,5,3,3,3,keep,3,3,0,0.4521770477294922,0.44514721632003784
10787,2,00_Rock2-85-F_comp.jams,893381,2,2,2,3,keep,2,3,0,0.5274778604507446,0.34789153933525085
10795,2,00_Rock2-85-F_comp.jams,909469,2,2,2,2,keep,2,2,0,0.4781549870967865,0.4887608289718628
10799,2,00_Rock2-85-F_comp.jams,917145,2,3,3,2,keep,3,2,0,0.2003229409456253,0.019357111304998398
10800,2,00_Rock2-85-F_comp.jams,919393,3,2,2,2,keep,2,2,0,0.4337414503097534,0.42912235856056213
10803,2,00_Rock2-85-F_comp.jams,925592,5,4,2,5,mixed_by_complete_group,5,2,1,0.25712746381759644,0.10737745463848114
10807,2,00_Rock2-85-F_comp.jams,933278,3,4,4,4,keep,5,4,0,0.2239343523979187,0.4327736496925354
10811,2,00_Rock2-85-F_comp.jams,940870,2,3,3,2,keep,3,2,0,0.10791779309511185,0.00269650062546134
10816,2,00_Rock2-85-F_comp.jams,950583,3,2,2,2,keep,2,2,0,0.43130630254745483,0.4572209119796753
10819,2,00_Rock2-85-F_comp.jams,956726,3,2,2,3,keep,2,2,0,0.34555816650390625,0.21581725776195526
10823,2,00_Rock2-85-F_comp.jams,964837,2,2,2,2,keep,2,2,0,0.3777484893798828,0.17389385402202606
10824,2,00_Rock2-85-F_comp.jams,966829,3,4,2,2,mixed_by_complete_group,2,2,0,0.15107405185699463,0.02290939725935459
10828,2,00_Rock2-85-F_comp.jams,974341,3,4,3,3,mixed_by_complete_group,3,3,0,0.10432892292737961,0.03695111721754074
10831,2,00_Rock2-85-F_comp.jams,980568,2,2,2,2,keep,2,3,0,0.1718233823776245,0.04608733206987381
10833,2,00_Rock2-85-F_comp.jams,988873,2,4,2,4,local_rates_favor_correction_for_all_groups,2,4,0,0.35202065110206604,0.4528568387031555
10837,2,00_Rock2-85-F_comp.jams,997234,5,3,3,3,keep,3,3,0,0.3681633174419403,0.6083418726921082
10845,2,00_Rock2-85-F_comp.jams,1026454,4,4,4,4,keep,4,4,0,0.2656829357147217,0.5121833682060242
10846,2,00_Rock2-85-F_comp.jams,1028255,2,3,3,2,keep,3,2,0,0.21772801876068115,0.09664864093065262
10855,2,00_Rock2-85-F_comp.jams,1050058,4,4,4,3,keep,4,3,0,0.34466227889060974,0.08281657099723816
10859,2,00_Rock2-85-F_comp.jams,1057706,4,2,2,2,keep,2,2,0,0.39503657817840576,0.45254576206207275
10862,2,00_Rock2-85-F_comp.jams,1065221,5,4,4,5,keep,4,5,0,0.34000346064567566,0.06966762244701385
10866,2,00_Rock2-85-F_comp.jams,1074155,6,4,4,4,keep,4,4,0,0.2378903329372406,0.14776377379894257
10870,2,00_Rock2-85-F_comp.jams,1082707,0,2,2,2,keep,2,2,0,0.037861451506614685,0.047728415578603745
10877,2,00_Rock2-85-F_comp.jams,1096647,6,4,4,4,keep,4,4,0,0.37527891993522644,0.17465165257453918
10884,2,00_Rock2-85-F_comp.jams,1112449,5,4,4,3,keep,4,5,0,0.4530102014541626,0.1357010155916214
10901,2,00_Rock2-85-F_comp.jams,1151660,5,4,4,4,keep,4,4,0,0.40374261140823364,0.43273404240608215
10911,2,00_Rock2-85-F_comp.jams,1175202,4,4,4,4,keep,4,2,0,0.5113237500190735,0.17774710059165955
10919,2,00_Rock2-85-F_comp.jams,1191390,5,4,3,3,local_rates_favor_regression_for_all_groups,4,3,0,0.3013981580734253,0.11719851195812225
10922,2,00_Rock2-85-F_comp.jams,1198666,5,2,3,3,mixed_by_complete_group,3,3,0,0.33658215403556824,0.4063838720321655
10925,2,00_Rock2-85-F_comp.jams,1206540,5,4,4,4,keep,4,4,0,0.38535067439079285,0.27371248602867126
10928,2,00_Rock2-85-F_comp.jams,1214453,4,4,4,4,keep,4,4,0,0.43293896317481995,0.5112272500991821
10931,2,00_Rock2-85-F_comp.jams,1220565,1,2,2,2,keep,2,2,0,0.2958424985408783,0.37001851201057434
10932,2,00_Rock2-85-F_comp.jams,1222578,4,3,2,2,mixed_by_complete_group,2,2,0,0.26989471912384033,0.054918985813856125
10936,2,00_Rock2-85-F_comp.jams,1237291,3,3,3,3,keep,3,3,0,0.47024834156036377,0.7548240423202515
10942,2,00_Rock2-85-F_comp.jams,1261504,3,2,2,2,keep,2,2,0,0.44169744849205017,0.48244643211364746
10947,2,00_Rock2-85-F_comp.jams,1276371,6,4,4,4,keep,4,4,0,0.5572656393051147,0.32974082231521606
10958,2,00_Rock2-85-F_comp.jams,1300429,5,4,4,4,keep,4,4,0,0.40035223960876465,0.37401285767555237
10965,2,00_Rock2-85-F_comp.jams,1316235,5,4,4,4,keep,4,4,0,0.2988228499889374,0.2529900074005127
10971,2,00_Rock2-85-F_comp.jams,1330301,4,4,3,2,local_rates_favor_regression_for_all_groups,2,3,0,0.1665378212928772,0.015630409121513367
10975,2,00_Rock2-85-F_comp.jams,1339113,5,3,3,4,keep,4,2,0,0.24076999723911285,0.12276574224233627
10978,2,00_Rock2-85-F_comp.jams,1345395,2,2,2,2,keep,2,2,0,0.4433150887489319,0.5148226022720337
10979,2,00_Rock2-85-F_comp.jams,1347242,4,2,2,2,keep,2,3,0,0.3655271530151367,0.178066685795784
10983,2,00_Rock2-85-F_comp.jams,1355082,3,3,2,2,local_rates_favor_correction_for_all_groups,2,2,0,0.16518154740333557,0.12088359147310257
10984,2,00_Rock2-85-F_comp.jams,1362513,3,3,3,2,keep,3,3,0,0.29078689217567444,0.1371910572052002
10987,2,00_Rock2-85-F_comp.jams,1370556,3,2,3,3,local_rates_favor_regression_for_all_groups,2,3,-1,0.35210317373275757,0.16574546694755554
11001,2,00_Rock2-85-F_comp.jams,1401240,4,4,4,4,keep,4,4,0,0.489736407995224,0.530812680721283
11007,2,00_Rock2-85-F_comp.jams,1416742,4,3,3,2,keep,3,2,0,0.35507336258888245,0.1718771755695343
11011,2,00_Rock2-85-F_comp.jams,1425816,3,4,4,4,keep,4,4,0,0.42292726039886475,0.4563925266265869
11018,2,00_Rock2-85-F_comp.jams,1441359,5,3,3,4,keep,3,2,0,0.23201490938663483,0.09857401251792908
11019,2,00_Rock2-85-F_comp.jams,1447205,3,2,2,2,keep,2,2,0,0.4828258454799652,0.4559546709060669
11023,2,00_Rock2-85-F_comp.jams,1456309,4,3,3,3,keep,3,3,0,0.28263556957244873,0.20894363522529602
11026,2,00_Rock2-85-F_comp.jams,1463484,5,4,4,5,keep,4,5,0,0.31136372685432434,0.10909704864025116
11029,2,00_Rock2-85-F_comp.jams,1471741,5,4,3,3,local_rates_favor_regression_for_all_groups,3,3,0,0.1910569816827774,0.07912677526473999
11034,2,00_Rock2-85-F_comp.jams,1486560,3,4,4,4,keep,4,4,0,0.24743813276290894,0.4208650588989258
11038,2,00_Rock2-85-F_comp.jams,1495581,1,3,3,2,keep,3,2,0,0.36326929926872253,0.06897672265768051
11044,2,00_Rock2-85-F_comp.jams,1510340,2,2,2,3,keep,2,3,0,0.4508143365383148,0.13579022884368896
11051,2,00_Rock2-85-F_comp.jams,1526220,5,4,4,4,keep,4,4,0,0.4368545711040497,0.5023519396781921
11058,2,00_Rock2-85-F_comp.jams,1541191,2,2,2,2,keep,2,2,0,0.3528473973274231,0.3412877321243286
11062,2,00_Rock2-85-F_comp.jams,1549314,3,2,2,3,keep,3,3,1,0.26136133074760437,0.03954968601465225
11069,2,00_Rock2-85-F_comp.jams,1564258,4,4,4,3,keep,3,4,-1,0.31587907671928406,0.29773178696632385
11076,2,00_Rock2-85-F_comp.jams,1579251,5,4,4,5,keep,5,4,1,0.30428165197372437,0.293842613697052
11079,2,00_Rock2-85-F_comp.jams,1585762,2,2,2,2,keep,3,2,-1,0.27016282081604004,0.7239237427711487
11080,2,00_Rock2-85-F_comp.jams,1587527,3,4,4,4,keep,4,4,0,0.3670288324356079,0.32615146040916443
11091,2,00_Rock2-85-F_comp.jams,1610486,3,2,2,2,keep,2,2,0,0.43523848056793213,0.03885243088006973
11095,2,00_Rock2-85-F_comp.jams,1618470,4,4,3,4,local_rates_favor_regression_for_all_groups,4,3,1,0.26097676157951355,0.19611045718193054
11102,2,00_Rock2-85-F_comp.jams,1633532,4,2,3,3,local_rates_favor_regression_for_all_groups,3,3,0,0.25004303455352783,0.21765781939029694
11110,2,00_Rock2-85-F_comp.jams,1648832,1,2,2,3,keep,2,2,0,0.2588799297809601,0.0922941192984581
11111,2,00_Rock2-85-F_comp.jams,1650655,3,4,4,4,keep,4,4,0,0.3330366909503937,0.35412856936454773
11122,2,00_Rock2-85-F_comp.jams,1674312,4,2,3,2,mixed_by_complete_group,2,3,0,0.35988226532936096,0.3520256280899048
11124,2,00_Rock2-85-F_comp.jams,1680443,0,2,2,2,keep,2,2,0,0.002596754115074873,0.0009321208344772458
11130,2,00_Rock2-85-F_comp.jams,1697208,2,3,2,2,mixed_by_complete_group,2,2,0,0.011298934929072857,0.0044215465895831585
11133,2,00_Rock2-85-F_comp.jams,1704968,4,2,2,2,keep,2,2,0,0.3917439579963684,0.43580034375190735
11136,2,00_Rock2-85-F_comp.jams,1712130,5,4,4,4,keep,5,4,1,0.327293336391449,0.6734259724617004
11139,2,00_Rock2-85-F_comp.jams,1718181,1,2,2,2,keep,2,2,0,0.13888773322105408,0.06928332149982452
11144,2,00_Rock2-85-F_comp.jams,1727887,3,2,2,2,keep,2,2,0,0.13511590659618378,0.07445795834064484
11145,2,00_Rock2-85-F_comp.jams,1734082,2,2,2,2,keep,2,2,0,0.2641570270061493,0.08225420117378235
11146,2,00_Rock2-85-F_comp.jams,1735848,2,2,2,2,keep,2,2,0,0.3678896427154541,0.5223262310028076
11149,2,00_Rock2-85-F_comp.jams,1742720,3,3,2,2,mixed_by_complete_group,2,2,0,0.21382522583007812,0.0034233839251101017
11164,2,00_Rock2-85-F_comp.jams,1774570,6,4,4,4,keep,5,4,0,0.24344201385974884,0.4714868366718292
11172,2,00_Rock2-85-F_comp.jams,1790667,5,3,3,2,keep,2,2,0,0.2582204043865204,0.1108674630522728
11176,2,00_Rock2-85-F_comp.jams,1798477,5,4,4,5,keep,4,4,0,0.28434234857559204,0.17051109671592712
11183,2,00_Rock2-85-F_comp.jams,1812996,3,2,2,3,keep,2,3,0,0.1306247115135193,0.03236137330532074
11187,2,00_Rock2-85-F_comp.jams,1821588,5,4,4,3,keep,4,3,0,0.3769147992134094,0.09923040866851807
11194,2,00_Rock2-85-F_comp.jams,1836169,5,2,2,2,keep,2,2,0,0.4258198142051697,0.383124440908432
11204,2,00_Rock2-85-F_comp.jams,1858892,5,4,2,3,mixed_by_complete_group,3,2,0,0.25002244114875793,0.07225846499204636
11208,2,00_Rock2-85-F_comp.jams,1867010,5,4,4,5,keep,5,5,1,0.25315240025520325,0.05686960369348526
11214,2,00_Rock2-85-F_comp.jams,1878659,0,2,2,2,keep,2,2,0,0.04355144500732422,0.06443994492292404
11215,2,00_Rock2-85-F_comp.jams,1880668,0,2,2,2,keep,2,2,0,0.09476429224014282,0.08748934417963028
11219,2,00_Rock2-85-F_comp.jams,1889971,5,3,3,3,keep,3,4,0,0.24961508810520172,0.15824244916439056
11223,2,00_Rock2-85-F_comp.jams,1898572,6,4,4,4,keep,4,4,0,0.23576071858406067,0.3952353000640869
11234,2,00_Rock2-85-F_comp.jams,1921470,2,2,2,2,keep,2,2,0,0.22249069809913635,0.1989804208278656
11245,2,00_Rock2-85-F_comp.jams,1944704,3,2,2,2,keep,2,2,0,0.4216286838054657,0.29880639910697937
11246,2,00_Rock2-85-F_comp.jams,1946488,3,2,2,2,keep,2,2,0,0.5756051540374756,0.5858500599861145
11253,2,00_Rock2-85-F_comp.jams,1961329,5,2,2,3,keep,2,2,0,0.2822171449661255,0.13191157579421997
11256,2,00_Rock2-85-F_comp.jams,1967326,2,2,2,2,keep,2,2,0,0.20327942073345184,0.1243949607014656
11260,2,00_Rock2-85-F_comp.jams,1975936,6,4,4,2,keep,4,4,0,0.12105448544025421,0.027660861611366272
11264,2,00_Rock2-85-F_comp.jams,1983627,5,3,3,5,keep,5,5,1,0.14057354629039764,0.03218555077910423
11358,2,00_Rock2-85-F_solo.jams,839933,1,2,2,2,keep,2,2,0,0.06252852827310562,0.10494337975978851
11479,2,00_Rock2-85-F_solo.jams,1572812,3,2,2,2,keep,2,2,0,0.5707200169563293,0.7313862442970276
11512,2,00_Rock2-85-F_solo.jams,1805675,2,2,2,2,keep,2,2,0,0.3215772211551666,0.40945062041282654
11522,2,00_Rock2-85-F_solo.jams,1851189,2,2,2,2,keep,2,2,0,0.44756895303726196,0.5313695669174194
11528,2,00_Rock2-85-F_solo.jams,1883213,2,2,2,2,keep,2,2,0,0.5480061173439026,0.677829384803772
11529,2,00_Rock2-85-F_solo.jams,1915053,2,2,2,2,keep,2,2,0,0.5934911966323853,0.735197126865387
11535,2,00_Rock2-85-F_solo.jams,1942964,3,3,2,2,mixed_by_complete_group,2,2,0,0.3546542525291443,0.11100488901138306
18333,2,01_Funk1-114-Ab_comp.jams,15,3,4,4,4,keep,4,4,0,0.7570037245750427,0.5101276636123657
18335,2,01_Funk1-114-Ab_comp.jams,10891,3,3,3,3,keep,3,3,0,0.41772031784057617,0.7488959431648254
18339,2,01_Funk1-114-Ab_comp.jams,28560,2,2,2,2,keep,2,2,0,0.6019059419631958,0.9917539358139038
18344,2,01_Funk1-114-Ab_comp.jams,46335,2,3,3,4,keep,3,4,0,0.5002421736717224,0.3617490231990814
18348,2,01_Funk1-114-Ab_comp.jams,63974,0,2,2,2,keep,2,2,0,0.2449362725019455,0.08171121776103973
18350,2,01_Funk1-114-Ab_comp.jams,75063,3,3,3,4,keep,3,3,0,0.6501860022544861,0.26081904768943787
18352,2,01_Funk1-114-Ab_comp.jams,79644,3,4,4,3,keep,4,3,0,0.256602942943573,0.0377713106572628
18355,2,01_Funk1-114-Ab_comp.jams,87774,3,3,2,2,local_rates_favor_correction_for_all_groups,2,2,0,0.15755534172058105,0.21136635541915894
18357,2,01_Funk1-114-Ab_comp.jams,91488,1,3,3,2,keep,3,2,0,0.14345687627792358,0.10957548022270203
18359,2,01_Funk1-114-Ab_comp.jams,104859,3,3,2,2,mixed_by_complete_group,2,2,0,0.18596166372299194,0.28303858637809753
18363,2,01_Funk1-114-Ab_comp.jams,122096,3,2,2,2,keep,2,2,0,0.5446402430534363,0.9942590594291687
18367,2,01_Funk1-114-Ab_comp.jams,139363,3,3,4,4,local_rates_favor_correction_for_all_groups,4,4,0,0.2596264183521271,0.28174158930778503
18371,2,01_Funk1-114-Ab_comp.jams,155985,3,2,3,2,mixed_by_complete_group,3,2,0,0.26806023716926575,0.9701764583587646
18375,2,01_Funk1-114-Ab_comp.jams,174145,3,2,2,3,keep,2,2,0,0.3329077363014221,0.2598629593849182
18377,2,01_Funk1-114-Ab_comp.jams,180949,3,3,2,2,local_rates_favor_correction_for_all_groups,2,2,0,0.15091106295585632,0.06960835307836533
18381,2,01_Funk1-114-Ab_comp.jams,198153,3,3,2,2,mixed_by_complete_group,2,2,0,0.0743173211812973,0.10147465020418167
18383,2,01_Funk1-114-Ab_comp.jams,210354,3,2,3,2,local_rates_favor_correction_for_all_groups,3,2,0,0.36995306611061096,0.6786604523658752
18384,2,01_Funk1-114-Ab_comp.jams,216973,3,2,2,3,keep,2,3,0,0.07793757319450378,0.00041971731116063893
18387,2,01_Funk1-114-Ab_comp.jams,232667,3,3,3,3,keep,3,3,0,0.5017883777618408,0.5499612092971802
18390,2,01_Funk1-114-Ab_comp.jams,249538,3,3,3,3,keep,3,3,0,0.6739083528518677,0.851845383644104
18394,2,01_Funk1-114-Ab_comp.jams,266523,3,3,3,3,keep,3,3,0,0.5385116934776306,0.7843101620674133
18397,2,01_Funk1-114-Ab_comp.jams,272659,3,3,3,2,keep,3,2,0,0.5623835921287537,0.38312965631484985
18401,2,01_Funk1-114-Ab_comp.jams,289716,3,3,2,2,mixed_by_complete_group,2,2,0,0.10121376067399979,0.1662011295557022
18404,2,01_Funk1-114-Ab_comp.jams,301889,2,3,2,2,mixed_by_complete_group,2,2,0,0.336244136095047,0.0735430121421814
18405,2,01_Funk1-114-Ab_comp.jams,307490,3,3,2,2,mixed_by_complete_group,2,2,0,0.10870762914419174,0.03591620922088623
18409,2,01_Funk1-114-Ab_comp.jams,324109,3,2,3,2,mixed_by_complete_group,3,2,0,0.26005905866622925,0.8770997524261475
18412,2,01_Funk1-114-Ab_comp.jams,341715,2,2,2,2,keep,2,2,0,0.7269359230995178,0.6907488703727722
18413,2,01_Funk1-114-Ab_comp.jams,346498,1,2,3,3,local_rates_favor_regression_for_all_groups,3,3,0,0.14759548008441925,0.06054820865392685
18415,2,01_Funk1-114-Ab_comp.jams,352701,0,3,2,2,mixed_by_complete_group,2,2,0,0.18052411079406738,0.0013161541428416967
18417,2,01_Funk1-114-Ab_comp.jams,358750,2,3,2,3,mixed_by_complete_group,2,2,0,0.11575911194086075,0.3206782639026642
18418,2,01_Funk1-114-Ab_comp.jams,365264,3,2,3,3,local_rates_favor_regression_for_all_groups,3,3,0,0.35926973819732666,0.07526291161775589
18420,2,01_Funk1-114-Ab_comp.jams,369972,1,2,2,2,keep,2,2,0,0.20555101335048676,0.07544593513011932
18421,2,01_Funk1-114-Ab_comp.jams,371791,2,3,2,2,mixed_by_complete_group,2,2,0,0.28707781434059143,0.059856705367565155
18425,2,01_Funk1-114-Ab_comp.jams,382324,3,3,3,3,keep,3,3,0,0.5843650698661804,0.7412595748901367
18429,2,01_Funk1-114-Ab_comp.jams,394676,3,3,3,3,keep,3,3,0,0.5343635678291321,0.6276931762695312
18432,2,01_Funk1-114-Ab_comp.jams,401464,3,3,3,2,keep,2,3,-1,0.09469423443078995,0.014316519722342491
18435,2,01_Funk1-114-Ab_comp.jams,417991,2,2,2,2,keep,2,2,0,0.39936310052871704,0.3808322548866272
18439,2,01_Funk1-114-Ab_comp.jams,429487,1,3,2,2,mixed_by_complete_group,2,2,0,0.20732486248016357,0.20112214982509613
18440,2,01_Funk1-114-Ab_comp.jams,435982,3,3,3,3,keep,3,3,0,0.5303934216499329,0.8171555995941162
18445,2,01_Funk1-114-Ab_comp.jams,453115,3,4,4,4,keep,4,4,0,0.5109737515449524,0.7516031265258789
18453,2,01_Funk1-114-Ab_comp.jams,476352,3,4,4,4,keep,4,4,0,0.5180332064628601,0.6156079173088074
18456,2,01_Funk1-114-Ab_comp.jams,488015,2,2,2,2,keep,2,2,0,0.30890941619873047,0.3494991362094879
18459,2,01_Funk1-114-Ab_comp.jams,493864,2,3,3,2,keep,2,3,1,0.4844109117984772,0.4895532727241516
18464,2,01_Funk1-114-Ab_comp.jams,510863,2,4,4,2,keep,2,2,1,0.4315665662288666,0.07768028229475021
18468,2,01_Funk1-114-Ab_comp.jams,528017,2,2,3,2,local_rates_favor_regression_for_all_groups,3,2,0,0.3660643398761749,0.5251258611679077
18470,2,01_Funk1-114-Ab_comp.jams,539965,2,2,2,2,keep,2,2,0,0.4468615651130676,0.24146829545497894
18471,2,01_Funk1-114-Ab_comp.jams,546014,2,2,2,2,keep,2,2,0,0.34074440598487854,0.4256707429885864
18475,2,01_Funk1-114-Ab_comp.jams,569535,2,2,3,2,mixed_by_complete_group,2,3,1,0.20136088132858276,0.28645649552345276
18478,2,01_Funk1-114-Ab_comp.jams,586909,2,3,3,4,keep,3,4,0,0.36824488639831543,0.034575365483760834
18482,2,01_Funk1-114-Ab_comp.jams,603762,3,3,4,4,mixed_by_complete_group,4,4,0,0.2529965341091156,0.2847360372543335
18485,2,01_Funk1-114-Ab_comp.jams,610144,3,3,2,2,local_rates_favor_correction_for_all_groups,2,2,0,0.33463117480278015,0.16540639102458954
18488,2,01_Funk1-114-Ab_comp.jams,616016,3,2,2,2,keep,2,2,0,0.49147576093673706,0.5061243176460266
18493,2,01_Funk1-114-Ab_comp.jams,638207,3,3,4,3,local_rates_favor_regression_for_all_groups,2,3,0,0.2771219313144684,0.7525148987770081
18497,2,01_Funk1-114-Ab_comp.jams,655190,2,2,2,2,keep,3,2,-1,0.4840773642063141,0.6310737729072571
18501,2,01_Funk1-114-Ab_comp.jams,667276,3,3,2,2,local_rates_favor_correction_for_all_groups,2,3,0,0.3750058710575104,0.4479137361049652
18505,2,01_Funk1-114-Ab_comp.jams,683765,3,4,4,4,keep,4,4,0,0.5127533078193665,0.7133930325508118
18507,2,01_Funk1-114-Ab_comp.jams,689917,0,2,2,2,keep,2,2,0,0.22895024716854095,0.24493423104286194
18508,2,01_Funk1-114-Ab_comp.jams,696137,3,3,3,3,keep,3,3,0,0.4759773910045624,0.5365424752235413
18512,2,01_Funk1-114-Ab_comp.jams,713402,3,3,3,3,keep,3,3,0,0.7391567230224609,0.8816723227500916
18515,2,01_Funk1-114-Ab_comp.jams,724789,3,3,3,3,keep,3,3,0,0.583349883556366,0.7689327001571655
18520,2,01_Funk1-114-Ab_comp.jams,742664,3,4,4,4,keep,4,4,0,0.47707536816596985,0.8639193177223206
18523,2,01_Funk1-114-Ab_comp.jams,754530,3,4,4,4,keep,4,4,0,0.5859970450401306,0.7441297173500061
18527,2,01_Funk1-114-Ab_comp.jams,771885,1,2,2,2,keep,2,2,0,0.1915600299835205,0.0765521228313446
18530,2,01_Funk1-114-Ab_comp.jams,789582,2,4,3,4,mixed_by_complete_group,4,4,0,0.47727105021476746,0.7692614793777466
18536,2,01_Funk1-114-Ab_comp.jams,817839,3,3,3,3,keep,3,3,0,0.5606582164764404,0.569582462310791
18538,2,01_Funk1-114-Ab_comp.jams,824620,3,3,3,3,keep,3,3,0,0.35888004302978516,0.3211149573326111
18539,2,01_Funk1-114-Ab_comp.jams,831088,3,2,2,2,keep,2,2,0,0.3495221734046936,0.3565704822540283
18542,2,01_Funk1-114-Ab_comp.jams,848433,3,4,4,4,keep,4,4,0,0.6274641752243042,0.713813304901123
18546,2,01_Funk1-114-Ab_comp.jams,864885,3,4,4,4,keep,4,4,0,0.5324450135231018,0.8104482293128967
18550,2,01_Funk1-114-Ab_comp.jams,882613,3,3,3,4,keep,4,3,-1,0.4162808954715729,0.42252054810523987
18555,2,01_Funk1-114-Ab_comp.jams,899048,3,3,3,3,keep,3,3,0,0.5509599447250366,0.8779507875442505
18559,2,01_Funk1-114-Ab_comp.jams,910560,3,3,3,3,keep,3,3,0,0.6984865665435791,0.8452615737915039
18565,2,01_Funk1-114-Ab_comp.jams,928434,3,4,4,3,keep,3,4,1,0.41228312253952026,0.4036092758178711
18568,2,01_Funk1-114-Ab_comp.jams,940105,2,3,3,2,keep,2,2,1,0.4343966543674469,0.17977440357208252
18572,2,01_Funk1-114-Ab_comp.jams,958370,3,2,3,3,mixed_by_complete_group,3,3,0,0.19994382560253143,0.06956660002470016
18577,2,01_Funk1-114-Ab_comp.jams,976425,2,2,2,2,keep,2,2,0,0.16900895535945892,0.5040983557701111
18580,2,01_Funk1-114-Ab_comp.jams,992868,2,2,2,2,keep,3,2,-1,0.34904003143310547,0.9374851584434509
18584,2,01_Funk1-114-Ab_comp.jams,1009760,2,3,3,3,keep,3,3,0,0.46210917830467224,0.3891643285751343
18585,2,01_Funk1-114-Ab_comp.jams,1016171,2,3,2,3,local_rates_favor_correction_for_all_groups,2,3,0,0.3319786787033081,0.4907776117324829
18588,2,01_Funk1-114-Ab_comp.jams,1033095,2,3,2,2,mixed_by_complete_group,2,2,0,0.17793181538581848,0.1657804697751999
18590,2,01_Funk1-114-Ab_comp.jams,1044881,2,2,3,3,mixed_by_complete_group,3,3,0,0.23697268962860107,0.15640784800052643
18591,2,01_Funk1-114-Ab_comp.jams,1051417,2,3,2,2,local_rates_favor_correction_for_all_groups,2,2,0,0.23581451177597046,0.14915938675403595
18594,2,01_Funk1-114-Ab_comp.jams,1062343,0,3,3,3,keep,3,3,0,0.06038706749677658,0.0007717644912190735
18595,2,01_Funk1-114-Ab_comp.jams,1068007,2,2,3,2,mixed_by_complete_group,3,2,0,0.24169743061065674,0.5457431077957153
18597,2,01_Funk1-114-Ab_comp.jams,1078722,1,2,2,2,keep,2,2,0,0.19521519541740417,0.2859320342540741
18598,2,01_Funk1-114-Ab_comp.jams,1084561,2,2,2,2,keep,2,2,0,0.589134156703949,0.7535646557807922
18601,2,01_Funk1-114-Ab_comp.jams,1096280,1,2,2,2,keep,2,2,0,0.4072835445404053,0.4462398886680603
18603,2,01_Funk1-114-Ab_comp.jams,1101752,2,4,3,3,mixed_by_complete_group,3,3,0,0.22216492891311646,0.16129529476165771
18604,2,01_Funk1-114-Ab_comp.jams,1108321,2,3,3,2,keep,3,2,0,0.24621127545833588,0.13153398036956787
18609,2,01_Funk1-114-Ab_solo.jams,57189,2,4,4,2,keep,2,4,1,0.19488130509853363,0.06014816090464592
18777,2,01_Funk1-114-Ab_solo.jams,830738,1,3,3,2,keep,3,2,0,0.06729312241077423,0.006714235059916973
18797,2,01_Funk1-114-Ab_solo.jams,904475,1,3,2,2,local_rates_favor_correction_for_all_groups,2,2,0,0.22086571156978607,0.2336203008890152
18810,2,01_Funk1-114-Ab_solo.jams,952205,1,3,2,3,mixed_by_complete_group,2,3,0,0.2088882178068161,0.43946635723114014
18817,2,01_Funk1-114-Ab_solo.jams,968125,1,2,2,2,keep,2,2,0,0.19225868582725525,0.37806156277656555
18834,2,01_Funk1-114-Ab_solo.jams,1044365,1,3,2,2,mixed_by_complete_group,2,2,0,0.08297185599803925,0.012188333086669445
18840,2,01_Funk1-114-Ab_solo.jams,1077985,1,3,3,2,keep,3,2,0,0.27697381377220154,0.040761854499578476
18844,2,01_Funk1-114-Ab_solo.jams,1097221,2,2,3,2,local_rates_favor_regression_for_all_groups,2,3,1,0.4431404173374176,0.42934438586235046
21755,2,01_Jazz1-200-B_comp.jams,1,2,4,4,4,keep,4,4,0,0.4465377628803253,0.5686118006706238
21762,2,01_Jazz1-200-B_comp.jams,15206,2,2,2,2,keep,2,2,0,0.2422577291727066,0.29725316166877747
21770,2,01_Jazz1-200-B_comp.jams,33715,2,2,2,2,keep,2,2,0,0.10161475837230682,0.3857552707195282
21773,2,01_Jazz1-200-B_comp.jams,53051,2,2,2,2,keep,2,2,0,0.2544374167919159,0.2908703088760376
21774,2,01_Jazz1-200-B_comp.jams,66535,1,2,2,2,keep,2,2,0,0.047092460095882416,0.14087221026420593
21777,2,01_Jazz1-200-B_comp.jams,73017,2,2,2,2,keep,2,2,0,0.33293843269348145,0.9601662755012512
21794,2,01_Jazz1-200-B_comp.jams,138190,2,2,2,2,keep,2,2,0,0.29012611508369446,0.4104304909706116
21805,2,01_Jazz1-200-B_comp.jams,180351,2,2,2,2,keep,2,2,0,0.30457621812820435,0.26689061522483826
21823,2,01_Jazz1-200-B_comp.jams,277937,2,2,2,2,keep,2,2,0,0.24377021193504333,0.40286967158317566
21828,2,01_Jazz1-200-B_comp.jams,299543,1,2,2,2,keep,2,2,0,0.6634933948516846,0.6073286533355713
21831,2,01_Jazz1-200-B_comp.jams,305565,0,2,2,2,keep,2,2,0,0.15602955222129822,0.17868800461292267
21846,2,01_Jazz1-200-B_comp.jams,371025,2,2,2,2,keep,2,2,0,0.3659880459308624,0.40121492743492126
21857,2,01_Jazz1-200-B_comp.jams,410549,2,2,2,2,keep,2,2,0,0.15173371136188507,0.1386735439300537
21865,2,01_Jazz1-200-B_comp.jams,476228,4,2,2,2,keep,2,2,0,0.4343208372592926,0.44527843594551086
21878,2,01_Jazz1-200-B_comp.jams,510821,1,4,2,2,mixed_by_complete_group,2,2,0,0.4000638425350189,0.026738006621599197
21885,2,01_Jazz1-200-B_comp.jams,529734,2,2,2,2,keep,2,2,0,0.5775061845779419,0.5861569046974182
21892,2,01_Jazz1-200-B_comp.jams,555664,2,2,2,2,keep,2,2,0,0.5242254734039307,0.6001377105712891
21906,2,01_Jazz1-200-B_comp.jams,621992,2,2,2,2,keep,2,2,0,0.49195611476898193,0.4069446325302124
21932,2,01_Jazz1-200-B_solo.jams,78384,1,3,3,2,keep,3,2,0,0.016783569008111954,2.852787929441547e-06
21964,2,01_Jazz1-200-B_solo.jams,179031,1,2,2,2,keep,2,2,0,0.7977485656738281,0.6046676635742188
22018,2,01_Jazz1-200-B_solo.jams,442444,1,2,2,2,keep,2,2,0,0.21373911201953888,0.3133450150489807
22051,2,01_Jazz1-200-B_solo.jams,555270,1,2,2,2,keep,2,2,0,0.4983993470668793,0.41683030128479004
22065,2,01_Jazz2-110-Bb_comp.jams,5,1,2,2,4,keep,2,4,0,0.2429526448249817,0.0003838512930087745
22071,2,01_Jazz2-110-Bb_comp.jams,37337,3,2,2,3,keep,2,3,0,0.5081072449684143,0.4356955587863922
22080,2,01_Jazz2-110-Bb_comp.jams,61499,0,2,2,2,keep,2,2,0,0.20407924056053162,0.4697395861148834
22084,2,01_Jazz2-110-Bb_comp.jams,71254,4,2,2,2,keep,2,2,0,0.10237010568380356,0.09923332929611206
22087,2,01_Jazz2-110-Bb_comp.jams,96096,2,2,2,2,keep,2,2,0,0.4640585780143738,0.48447659611701965
22096,2,01_Jazz2-110-Bb_comp.jams,118704,0,2,3,2,local_rates_favor_regression_for_all_groups,3,3,0,0.1204550713300705,0.27555403113365173
22099,2,01_Jazz2-110-Bb_comp.jams,135885,4,4,4,4,keep,4,4,0,0.7005957961082458,0.9562219977378845
22111,2,01_Jazz2-110-Bb_comp.jams,161047,2,2,2,2,keep,2,2,0,0.2459031045436859,0.3321133255958557
22114,2,01_Jazz2-110-Bb_comp.jams,168369,2,4,4,4,keep,4,4,0,0.3384055197238922,0.16493932902812958
22119,2,01_Jazz2-110-Bb_comp.jams,192269,2,2,2,2,keep,2,2,0,0.529308557510376,0.5181013345718384
22132,2,01_Jazz2-110-Bb_comp.jams,232865,3,3,4,3,mixed_by_complete_group,3,3,1,0.44049492478370667,0.7628610134124756
22143,2,01_Jazz2-110-Bb_comp.jams,255706,1,2,2,2,keep,2,2,0,0.20545460283756256,0.27126356959342957
22147,2,01_Jazz2-110-Bb_comp.jams,264222,3,3,2,3,mixed_by_complete_group,3,3,1,0.2806352376937866,0.3590596914291382
22149,2,01_Jazz2-110-Bb_comp.jams,287923,3,2,3,3,local_rates_favor_regression_for_all_groups,3,3,0,0.35167810320854187,0.31268110871315
22163,2,01_Jazz2-110-Bb_comp.jams,328892,4,4,4,4,keep,4,4,0,0.6841718554496765,0.6102967858314514
22178,2,01_Jazz2-110-Bb_comp.jams,361759,1,2,2,2,keep,2,2,0,0.43419480323791504,0.30039364099502563
22191,2,01_Jazz2-110-Bb_comp.jams,407906,0,2,2,2,keep,2,2,0,0.03232858330011368,0.06731610000133514
22193,2,01_Jazz2-110-Bb_comp.jams,425336,3,4,4,4,keep,4,4,0,0.52882319688797,0.4919072091579437
22206,2,01_Jazz2-110-Bb_comp.jams,457202,4,3,3,3,keep,3,3,0,0.4767880141735077,0.4192925989627838
22211,2,01_Jazz2-110-Bb_comp.jams,481574,2,2,2,2,keep,2,2,0,0.5367438793182373,0.5513855218887329
22212,2,01_Jazz2-110-Bb_comp.jams,505234,0,2,2,2,keep,2,2,0,0.22963941097259521,0.10946573317050934
22213,2,01_Jazz2-110-Bb_comp.jams,520375,4,3,3,3,keep,3,3,0,0.4554136097431183,0.41764992475509644
22233,2,01_Jazz2-110-Bb_comp.jams,575303,2,2,2,2,keep,2,2,0,0.4585038125514984,0.6899479627609253
22242,2,01_Jazz2-110-Bb_comp.jams,601981,0,2,2,2,keep,2,2,0,0.36276453733444214,0.22603954374790192
22243,2,01_Jazz2-110-Bb_comp.jams,618242,4,3,3,3,keep,3,3,0,0.7826412320137024,0.8824812173843384
22249,2,01_Jazz2-110-Bb_comp.jams,649054,2,4,4,4,keep,4,4,0,0.2223602682352066,0.21845366060733795
22252,2,01_Jazz2-110-Bb_comp.jams,665940,3,4,2,2,mixed_by_complete_group,2,2,0,0.16463351249694824,0.007984654977917671
22257,2,01_Jazz2-110-Bb_comp.jams,698584,0,3,3,3,keep,3,3,0,0.02556113339960575,0.0019870782271027565
22259,2,01_Jazz2-110-Bb_comp.jams,714511,3,3,3,2,keep,3,2,0,0.48217928409576416,0.003029257757589221
22266,2,01_Jazz2-110-Bb_comp.jams,738122,1,2,2,2,keep,2,2,0,0.5796447992324829,0.7289020419120789
22268,2,01_Jazz2-110-Bb_comp.jams,745683,3,3,3,2,keep,2,3,-1,0.2198117971420288,0.3848230242729187
22272,2,01_Jazz2-110-Bb_comp.jams,794897,0,2,2,2,keep,2,2,0,0.42605093121528625,0.3780116140842438
22273,2,01_Jazz2-110-Bb_comp.jams,809588,3,4,4,4,keep,4,4,0,0.5617086291313171,0.6525231003761292
22285,2,01_Jazz2-110-Bb_comp.jams,840450,3,4,4,4,keep,4,3,0,0.4566103518009186,0.2295902818441391
22298,2,01_Jazz2-110-Bb_comp.jams,890165,0,3,3,2,keep,3,3,0,0.011051680892705917,0.0010342480381950736
22300,2,01_Jazz2-110-Bb_comp.jams,906689,2,3,4,3,mixed_by_complete_group,4,3,0,0.2750709652900696,0.4689958989620209
22314,2,01_Jazz2-110-Bb_comp.jams,937511,2,2,2,2,keep,2,2,0,0.1813948154449463,0.30026066303253174
22315,2,01_Jazz2-110-Bb_comp.jams,939276,2,2,2,2,keep,2,2,0,0.35872411727905273,0.1471269726753235
22318,2,01_Jazz2-110-Bb_comp.jams,962833,2,2,2,2,keep,2,2,0,0.5745826363563538,0.6188319325447083
22329,2,01_Jazz2-110-Bb_comp.jams,986129,1,4,4,2,keep,2,2,0,0.028302820399403572,0.013595002703368664
22330,2,01_Jazz2-110-Bb_comp.jams,1003251,3,3,3,3,keep,3,3,0,0.41063204407691956,0.6922556161880493
22345,2,01_Jazz2-110-Bb_comp.jams,1034187,1,2,2,2,keep,2,2,0,0.3478999137878418,0.4437354803085327
22347,2,01_Jazz2-110-Bb_comp.jams,1057492,3,2,2,3,keep,2,2,0,0.4227515757083893,0.30125758051872253
22359,2,01_Jazz2-110-Bb_comp.jams,1080683,0,2,2,2,keep,2,2,0,0.036855313926935196,0.007817056961357594
22361,2,01_Jazz2-110-Bb_comp.jams,1098034,3,4,4,4,keep,4,4,0,0.3557880222797394,0.2830815315246582
22376,2,01_Jazz2-110-Bb_comp.jams,1129713,4,4,4,4,keep,4,4,0,0.4728785455226898,0.519385814666748
22380,2,01_Jazz2-110-Bb_comp.jams,1153737,2,2,2,2,keep,2,2,0,0.538831353187561,0.719688355922699
22386,2,01_Jazz2-110-Bb_comp.jams,1178110,0,2,2,2,keep,2,2,0,0.029061350971460342,0.03347548842430115
22388,2,01_Jazz2-110-Bb_comp.jams,1194475,4,4,4,3,keep,4,3,0,0.6682199239730835,0.2920387387275696
22400,2,01_Jazz2-110-Bb_comp.jams,1224345,2,2,2,2,keep,3,2,-1,0.29136112332344055,0.3732669949531555
22401,2,01_Jazz2-110-Bb_comp.jams,1226122,2,2,2,2,keep,2,2,0,0.29683664441108704,0.3000640273094177
22407,2,01_Jazz2-110-Bb_comp.jams,1290451,4,4,4,3,keep,4,3,0,0.5812340974807739,0.021859141066670418
22422,2,01_Jazz2-110-Bb_comp.jams,1322440,3,4,4,3,keep,4,3,0,0.5217514038085938,0.2930077612400055
22425,2,01_Jazz2-110-Bb_comp.jams,1347512,2,2,2,2,keep,2,2,0,0.36194369196891785,0.4570966362953186
22430,2,01_Jazz2-110-Bb_comp.jams,1361718,1,2,2,2,keep,2,2,0,0.05609754100441933,0.0730111375451088
22431,2,01_Jazz2-110-Bb_comp.jams,1371761,1,3,2,3,mixed_by_complete_group,2,2,0,0.3784767985343933,0.45095929503440857
22432,2,01_Jazz2-110-Bb_comp.jams,1388075,4,4,4,4,keep,4,4,0,0.534943163394928,0.7108851671218872
22443,2,01_Jazz2-110-Bb_comp.jams,1418007,4,3,3,3,keep,3,3,0,0.30587202310562134,0.537983238697052
22452,2,01_Jazz2-110-Bb_comp.jams,1467651,0,3,3,3,keep,3,3,0,0.03681986778974533,0.015395056456327438
22454,2,01_Jazz2-110-Bb_comp.jams,1484466,4,4,4,4,keep,4,4,0,0.6145173907279968,0.8300962448120117
22463,2,01_Jazz2-110-Bb_comp.jams,1504552,1,2,2,2,keep,2,2,0,0.1769697219133377,0.2624414563179016
22468,2,01_Jazz2-110-Bb_comp.jams,1515615,3,2,2,2,keep,2,2,0,0.45905575156211853,0.4978516399860382
22475,2,01_Jazz2-110-Bb_comp.jams,1530583,2,2,2,2,keep,2,2,0,0.536261260509491,0.4965541958808899
22555,2,01_Jazz2-110-Bb_solo.jams,830553,1,4,4,2,keep,2,2,0,0.2749764621257782,0.003438064595684409
22560,2,01_Jazz2-110-Bb_solo.jams,844011,0,2,2,2,keep,2,2,0,0.049454741179943085,0.18966329097747803
23860,2,01_Rock1-130-A_comp.jams,6,4,4,4,4,keep,4,4,0,0.4968276023864746,0.2892014980316162
23870,2,01_Rock1-130-A_comp.jams,19767,3,2,2,2,keep,2,2,0,0.46087703108787537,0.6279564499855042
23876,2,01_Rock1-130-A_comp.jams,50288,2,3,3,3,keep,3,3,0,0.42436861991882324,0.4242687225341797
23881,2,01_Rock1-130-A_comp.jams,71629,3,3,3,3,keep,3,3,0,0.371852844953537,0.4526605010032654
23893,2,01_Rock1-130-A_comp.jams,101024,2,4,4,2,keep,2,4,1,0.3583739399909973,0.3031204342842102
23894,2,01_Rock1-130-A_comp.jams,102801,2,2,2,2,keep,2,2,0,0.510051429271698,0.9602227807044983
23897,2,01_Rock1-130-A_comp.jams,109221,0,2,2,2,keep,2,2,0,0.11754920333623886,0.09096018970012665
23899,2,01_Rock1-130-A_comp.jams,121590,1,2,2,2,keep,2,2,0,0.6012327075004578,0.5883755087852478
23902,2,01_Rock1-130-A_comp.jams,131815,3,4,4,4,keep,4,4,0,0.5180809497833252,0.5904833078384399
23910,2,01_Rock1-130-A_comp.jams,152423,2,4,4,4,keep,4,4,0,0.2897180914878845,0.2640431523323059
23924,2,01_Rock1-130-A_comp.jams,182837,3,4,4,4,keep,4,4,0,0.4022550880908966,0.394267201423645
23930,2,01_Rock1-130-A_comp.jams,203823,1,2,2,2,keep,2,2,0,0.4625582695007324,0.5162643194198608
23931,2,01_Rock1-130-A_comp.jams,213916,2,4,4,2,keep,2,2,1,0.36649441719055176,0.12224072217941284
23932,2,01_Rock1-130-A_comp.jams,215728,3,3,2,2,mixed_by_complete_group,2,2,0,0.3130483329296112,0.02994302660226822
23939,2,01_Rock1-130-A_comp.jams,235922,3,4,4,4,keep,4,4,0,0.4069584310054779,0.4385410249233246
23940,2,01_Rock1-130-A_comp.jams,237698,0,3,2,2,mixed_by_complete_group,2,2,0,0.05331546813249588,0.048971958458423615
23953,2,01_Rock1-130-A_comp.jams,267247,2,2,2,2,keep,2,2,0,0.4877934455871582,0.9558181762695312
23962,2,01_Rock1-130-A_comp.jams,295073,3,4,3,3,mixed_by_complete_group,3,3,0,0.2950420677661896,0.201641246676445
23969,2,01_Rock1-130-A_comp.jams,313260,2,2,2,3,keep,2,3,0,0.36408957839012146,0.045728497207164764
23974,2,01_Rock1-130-A_comp.jams,324796,2,2,2,3,keep,2,3,0,0.2698005735874176,0.006238438654690981
23975,2,01_Rock1-130-A_comp.jams,326596,1,4,3,3,mixed_by_complete_group,3,3,0,0.2161976546049118,0.07904259860515594
23984,2,01_Rock1-130-A_comp.jams,346498,1,2,2,2,keep,2,2,0,0.5290697813034058,0.3204294741153717
23992,2,01_Rock1-130-A_comp.jams,365576,2,2,2,2,keep,2,2,0,0.4296537935733795,0.5220338106155396
23997,2,01_Rock1-130-A_comp.jams,376517,3,4,4,5,keep,4,4,0,0.3191368579864502,0.24662938714027405
24007,2,01_Rock1-130-A_comp.jams,397490,4,4,4,4,keep,4,4,0,0.6411619782447815,0.6877982020378113
24018,2,01_Rock1-130-A_comp.jams,426814,2,4,4,4,keep,4,4,0,0.35656386613845825,0.32392770051956177
24027,2,01_Rock1-130-A_comp.jams,446047,2,2,2,2,keep,2,2,0,0.5061631798744202,0.5962481498718262
24028,2,01_Rock1-130-A_comp.jams,447943,0,2,2,2,keep,2,2,0,0.30012449622154236,0.5600614547729492
24032,2,01_Rock1-130-A_comp.jams,456075,0,2,2,2,keep,2,2,0,0.2639892101287842,0.48118892312049866
24036,2,01_Rock1-130-A_comp.jams,466814,2,4,4,3,keep,4,4,0,0.18267998099327087,0.0619753897190094
24046,2,01_Rock1-130-A_comp.jams,488441,4,4,4,4,keep,4,4,0,0.3601645529270172,0.26692065596580505
24054,2,01_Rock1-130-A_comp.jams,508507,1,2,2,2,keep,2,2,0,0.27721667289733887,0.2702710032463074
24055,2,01_Rock1-130-A_comp.jams,510447,3,2,2,2,keep,2,2,0,0.4674244821071625,0.4500480592250824
24060,2,01_Rock1-130-A_comp.jams,528862,1,2,2,2,keep,2,2,0,0.43076086044311523,0.3383576571941376
24065,2,01_Rock1-130-A_comp.jams,538623,2,3,2,2,mixed_by_complete_group,2,2,0,0.3383367657661438,0.34935837984085083
24066,2,01_Rock1-130-A_comp.jams,540389,1,2,3,2,local_rates_favor_regression_for_all_groups,3,2,0,0.3330976665019989,0.6566323041915894
24071,2,01_Rock1-130-A_comp.jams,559979,3,4,4,4,keep,4,4,0,0.41041994094848633,0.5034377574920654
24076,2,01_Rock1-130-A_comp.jams,580407,1,2,2,2,keep,2,2,0,0.4491814374923706,0.5664092898368835
24077,2,01_Rock1-130-A_comp.jams,591252,3,4,4,3,keep,4,3,0,0.2298322170972824,0.06932651251554489
24090,2,01_Rock1-130-A_comp.jams,621386,3,3,4,4,local_rates_favor_regression_for_all_groups,4,4,0,0.23291818797588348,0.3525315523147583
24094,2,01_Rock1-130-A_comp.jams,629400,3,2,2,2,keep,2,2,0,0.2873053550720215,0.6170486211776733
24095,2,01_Rock1-130-A_comp.jams,631344,0,2,2,2,keep,2,2,0,0.45667028427124023,0.6710759401321411
24101,2,01_Rock1-130-A_comp.jams,651197,6,3,4,3,mixed_by_complete_group,4,3,0,0.26557520031929016,0.4421260356903076
24102,2,01_Rock1-130-A_comp.jams,653120,0,2,2,2,keep,2,2,0,0.09889250248670578,0.08602531254291534
24111,2,01_Rock1-130-A_comp.jams,671672,4,2,2,2,keep,2,2,0,0.42246875166893005,0.43225011229515076
24120,2,01_Rock1-130-A_comp.jams,691821,0,2,2,2,keep,2,2,0,0.5107869505882263,0.5946361422538757
24125,2,01_Rock1-130-A_comp.jams,702212,4,4,4,4,keep,4,4,0,0.30579420924186707,0.2820724546909332
24130,2,01_Rock1-130-A_comp.jams,712164,1,2,2,2,keep,2,2,0,0.390750527381897,0.4880504012107849
24135,2,01_Rock1-130-A_comp.jams,723507,3,3,3,3,keep,3,3,0,0.5847368836402893,0.4579794406890869
24148,2,01_Rock1-130-A_comp.jams,753287,3,4,4,4,keep,4,4,0,0.4896387457847595,0.38977131247520447
24158,2,01_Rock1-130-A_comp.jams,782473,1,2,2,2,keep,2,2,0,0.4606460928916931,0.5937094688415527
24162,2,01_Rock1-130-A_comp.jams,792526,1,4,4,4,keep,4,4,0,0.35538092255592346,0.45862969756126404
24172,2,01_Rock1-130-A_comp.jams,814339,4,3,3,3,keep,3,3,0,0.30778253078460693,0.3373490273952484
24181,2,01_Rock1-130-A_comp.jams,833151,1,3,3,3,keep,3,3,0,0.20030708611011505,0.23509475588798523
24182,2,01_Rock1-130-A_comp.jams,834916,3,2,2,2,keep,2,2,0,0.40167978405952454,0.8713696599006653
24192,2,01_Rock1-130-A_comp.jams,854008,0,2,2,2,keep,2,2,0,0.39326658844947815,0.4181930720806122
24195,2,01_Rock1-130-A_comp.jams,865290,4,4,4,4,keep,4,4,0,0.2468758076429367,0.24953971803188324
24205,2,01_Rock1-130-A_comp.jams,885184,4,3,3,3,keep,4,3,1,0.3321096897125244,0.510944128036499
24216,2,01_Rock1-130-A_comp.jams,916927,4,4,4,4,keep,4,4,0,0.5439625382423401,0.7176524996757507
24225,2,01_Rock1-130-A_comp.jams,935166,2,3,2,2,local_rates_favor_correction_for_all_groups,2,2,0,0.18758656084537506,0.1053997203707695
24226,2,01_Rock1-130-A_comp.jams,937112,2,2,3,2,local_rates_favor_regression_for_all_groups,2,2,1,0.4048188030719757,0.8730014562606812
24235,2,01_Rock1-130-A_comp.jams,955133,3,4,4,3,keep,4,4,0,0.3630911111831665,0.1450319141149521
24236,2,01_Rock1-130-A_comp.jams,957087,1,2,2,2,keep,2,2,0,0.3722454607486725,0.2940494418144226
24240,2,01_Rock1-130-A_comp.jams,965182,1,2,2,2,keep,2,2,0,0.2636665105819702,0.5921451449394226
24241,2,01_Rock1-130-A_comp.jams,967272,3,2,2,2,keep,2,2,0,0.5327267646789551,0.6777036786079407
24249,2,01_Rock1-130-A_solo.jams,22814,0,2,2,2,keep,2,2,0,0.1284419596195221,0.09269920736551285
24253,2,01_Rock1-130-A_solo.jams,50797,1,2,2,2,keep,2,2,0,0.38308340311050415,0.22228266298770905
24256,2,01_Rock1-130-A_solo.jams,70193,1,2,2,2,keep,2,2,0,0.45836907625198364,0.7176627516746521
24279,2,01_Rock1-130-A_solo.jams,182282,1,2,2,3,keep,2,2,0,0.19268646836280823,0.0009713909821584821
24455,2,01_Rock1-130-A_solo.jams,859610,2,2,2,2,keep,2,2,0,0.30905431509017944,0.35567334294319153
26164,2,01_Rock2-85-F_comp.jams,1,4,4,4,4,keep,2,4,-1,0.38820475339889526,0.5561636090278625
26181,2,01_Rock2-85-F_comp.jams,45545,2,3,3,2,keep,3,2,0,0.42714887857437134,0.017726067453622818
26182,2,01_Rock2-85-F_comp.jams,47422,2,2,2,2,keep,2,2,0,0.393136590719223,0.3581670820713043
26200,2,01_Rock2-85-F_comp.jams,90866,4,4,4,4,keep,4,4,0,0.39685675501823425,0.3811931610107422
26209,2,01_Rock2-85-F_comp.jams,122620,2,4,4,3,keep,4,3,0,0.6518435478210449,0.32351255416870117
26224,2,01_Rock2-85-F_comp.jams,155460,2,2,2,2,keep,2,2,0,0.6634138226509094,0.7868372201919556
26227,2,01_Rock2-85-F_comp.jams,169646,2,4,4,4,keep,4,4,0,0.5962353348731995,0.5114122033119202
26250,2,01_Rock2-85-F_comp.jams,217241,3,2,2,2,keep,2,2,0,0.43150609731674194,0.5476467609405518
26258,2,01_Rock2-85-F_comp.jams,248677,2,4,4,4,keep,4,4,0,0.707253098487854,0.9759172201156616
26259,2,01_Rock2-85-F_comp.jams,250510,3,2,2,2,keep,2,2,0,0.273365318775177,0.21801568567752838
26274,2,01_Rock2-85-F_comp.jams,281343,2,2,2,2,keep,2,2,0,0.41005390882492065,0.46204501390457153
26279,2,01_Rock2-85-F_comp.jams,294292,3,4,2,2,local_rates_favor_correction_for_all_groups,2,2,0,0.09059268981218338,0.0017596679972484708
26280,2,01_Rock2-85-F_comp.jams,296276,3,3,2,2,mixed_by_complete_group,2,2,0,0.3412862718105316,0.23251864314079285
26294,2,01_Rock2-85-F_comp.jams,325157,2,2,2,2,keep,2,2,0,0.4277374744415283,0.38043081760406494
26300,2,01_Rock2-85-F_comp.jams,338941,2,2,2,2,keep,2,2,0,0.13492286205291748,0.1690196543931961
26301,2,01_Rock2-85-F_comp.jams,340719,2,3,3,3,keep,3,3,0,0.21581898629665375,0.23749308288097382
26308,2,01_Rock2-85-F_comp.jams,357391,1,2,2,3,keep,2,2,0,0.34186798334121704,0.052088022232055664
26311,2,01_Rock2-85-F_comp.jams,372319,0,2,2,3,keep,2,3,0,0.12969990074634552,0.0001371719263261184
26312,2,01_Rock2-85-F_comp.jams,374201,4,3,3,3,keep,3,3,0,0.41016069054603577,0.5203725099563599
26327,2,01_Rock2-85-F_comp.jams,404696,2,2,2,2,keep,2,2,0,0.4783760905265808,0.512658953666687
26334,2,01_Rock2-85-F_comp.jams,418419,2,2,2,2,keep,2,2,0,0.4147125780582428,0.17760732769966125
26335,2,01_Rock2-85-F_comp.jams,420272,2,3,3,3,keep,3,3,0,0.47837260365486145,0.23484069108963013
26358,2,01_Rock2-85-F_comp.jams,465416,2,2,2,2,keep,2,2,0,0.39805668592453003,0.6038801074028015
26359,2,01_Rock2-85-F_comp.jams,467205,2,2,2,2,keep,2,2,0,0.431676983833313,0.6551657319068909
26369,2,01_Rock2-85-F_comp.jams,497214,3,3,3,3,keep,3,3,0,0.34008845686912537,0.6088309288024902
26386,2,01_Rock2-85-F_comp.jams,528132,2,2,2,2,keep,2,2,0,0.3300122916698456,0.19822654128074646
26395,2,01_Rock2-85-F_comp.jams,545220,3,3,2,3,mixed_by_complete_group,3,3,1,0.2771437168121338,0.3167403042316437
26420,2,01_Rock2-85-F_comp.jams,590770,2,4,4,4,keep,4,4,0,0.5023142099380493,0.34481459856033325
26433,2,01_Rock2-85-F_comp.jams,621879,3,4,4,2,keep,4,2,0,0.3003053665161133,0.15355633199214935
26448,2,01_Rock2-85-F_comp.jams,668614,2,4,4,4,keep,4,4,0,0.5618776679039001,0.7640724778175354
26471,2,01_Rock2-85-F_comp.jams,715616,3,4,3,3,mixed_by_complete_group,3,3,0,0.23988962173461914,0.13735279440879822
26478,2,01_Rock2-85-F_comp.jams,747515,3,3,3,3,keep,3,3,0,0.35392680764198303,0.6049342751502991
26479,2,01_Rock2-85-F_comp.jams,749310,2,2,2,2,keep,2,2,0,0.3481752574443817,0.5997016429901123
26494,2,01_Rock2-85-F_comp.jams,779068,1,2,2,2,keep,2,2,0,0.6240982413291931,0.6285298466682434
26500,2,01_Rock2-85-F_comp.jams,792085,1,2,2,2,keep,2,2,0,0.26220768690109253,0.4700513780117035
26501,2,01_Rock2-85-F_comp.jams,793931,4,2,3,3,mixed_by_complete_group,3,3,0,0.2488805204629898,0.35560524463653564
26502,2,01_Rock2-85-F_comp.jams,795794,1,2,2,2,keep,2,2,0,0.2804829478263855,0.27602142095565796
26516,2,01_Rock2-85-F_comp.jams,823623,0,2,2,2,keep,2,2,0,0.39486727118492126,0.43291980028152466
26524,2,01_Rock2-85-F_comp.jams,839668,2,4,4,3,keep,3,3,0,0.2713582515716553,0.07992594689130783
26525,2,01_Rock2-85-F_comp.jams,841678,2,2,2,2,keep,3,2,-1,0.18822546303272247,0.5512340664863586
26540,2,01_Rock2-85-F_comp.jams,872870,3,2,3,4,mixed_by_complete_group,4,3,-1,0.12040653079748154,0.0241510309278965
26562,2,01_Rock2-85-F_comp.jams,917481,1,3,3,2,keep,2,2,0,0.2721630334854126,0.00824915524572134
26563,2,01_Rock2-85-F_comp.jams,919543,4,2,2,2,keep,2,2,0,0.26054254174232483,0.43941372632980347
26578,2,01_Rock2-85-F_comp.jams,949593,1,2,2,2,keep,2,2,0,0.12387894839048386,0.15260553359985352
26586,2,01_Rock2-85-F_comp.jams,965983,4,4,4,4,keep,4,4,0,0.34171149134635925,0.5842468738555908
26593,2,01_Rock2-85-F_comp.jams,980322,0,2,2,2,keep,2,2,0,0.11896424740552902,0.1464201956987381
26595,2,01_Rock2-85-F_comp.jams,995932,3,4,4,4,keep,4,4,0,0.5668420791625977,0.748100996017456
26596,2,01_Rock2-85-F_comp.jams,997730,2,2,2,2,keep,2,2,0,0.42151567339897156,0.45300453901290894
26612,2,01_Rock2-85-F_comp.jams,1042041,2,4,2,2,local_rates_favor_correction_for_all_groups,2,2,0,0.09223947674036026,0.0005596245755441487
26613,2,01_Rock2-85-F_comp.jams,1043864,3,4,3,3,mixed_by_complete_group,3,3,0,0.19556549191474915,0.09628921002149582
26627,2,01_Rock2-85-F_comp.jams,1071063,0,2,2,2,keep,2,2,0,0.47344323992729187,0.5437560677528381
26628,2,01_Rock2-85-F_comp.jams,1072884,2,2,2,2,keep,2,2,0,0.3261403441429138,0.4546658992767334
26633,2,01_Rock2-85-F_comp.jams,1088204,3,3,3,2,keep,3,2,0,0.4175695776939392,0.16293272376060486
26634,2,01_Rock2-85-F_comp.jams,1090081,1,3,3,2,keep,3,2,0,0.36773934960365295,0.030043592676520348
26643,2,01_Rock2-85-F_comp.jams,1119319,2,2,2,2,keep,2,2,0,0.4839755892753601,0.6357728242874146
26660,2,01_Rock2-85-F_comp.jams,1167450,3,3,3,3,keep,3,3,0,0.5287585258483887,0.43089112639427185
26674,2,01_Rock2-85-F_comp.jams,1214044,2,4,4,3,keep,4,3,0,0.5099908709526062,0.2022215723991394
26681,2,01_Rock2-85-F_comp.jams,1230711,1,2,2,2,keep,2,2,0,0.22924543917179108,0.7299125790596008
26683,2,01_Rock2-85-F_comp.jams,1245974,3,3,3,3,keep,3,3,0,0.609595000743866,0.8747261166572571
26697,2,01_Rock2-85-F_comp.jams,1275730,3,4,4,4,keep,4,4,0,0.6871211528778076,0.7516652345657349
26703,2,01_Rock2-85-F_comp.jams,1289697,3,3,3,2,keep,2,3,-1,0.25660714507102966,0.28366348147392273
26723,2,01_Rock2-85-F_comp.jams,1337333,3,4,4,4,keep,4,4,0,0.4220450818538666,0.4574478566646576
26732,2,01_Rock2-85-F_comp.jams,1368863,2,4,4,4,keep,4,4,0,0.4145505726337433,0.2303270697593689
26745,2,01_Rock2-85-F_comp.jams,1400361,2,2,2,2,keep,2,2,0,0.4509164094924927,0.5835821032524109
26750,2,01_Rock2-85-F_comp.jams,1414042,1,2,2,2,keep,2,2,0,0.05467675253748894,0.0977083221077919
26751,2,01_Rock2-85-F_comp.jams,1415935,0,2,2,2,keep,2,2,0,0.0723344087600708,0.08782187104225159
26757,2,01_Rock2-85-F_comp.jams,1432738,2,2,2,2,keep,2,2,0,0.43400678038597107,0.5444105863571167
26764,2,01_Rock2-85-F_comp.jams,1447502,3,4,4,4,keep,4,4,0,0.2624521553516388,0.1652292162179947
26772,2,01_Rock2-85-F_comp.jams,1464354,1,2,2,2,keep,2,2,0,0.3138357698917389,0.3340899348258972
26776,2,01_Rock2-85-F_comp.jams,1478158,1,2,2,2,keep,2,2,0,0.5854952335357666,0.4817053973674774
26777,2,01_Rock2-85-F_comp.jams,1492742,3,4,4,4,keep,4,4,0,0.35767078399658203,0.5224456787109375
26794,2,01_Rock2-85-F_comp.jams,1524155,2,2,2,2,keep,2,2,0,0.43340304493904114,0.42624902725219727
26802,2,01_Rock2-85-F_comp.jams,1540086,3,4,4,3,keep,4,3,0,0.485740602016449,0.28874799609184265
26818,2,01_Rock2-85-F_comp.jams,1569592,1,2,2,2,keep,2,2,0,0.5309371948242188,0.5719277858734131
26826,2,01_Rock2-85-F_comp.jams,1584798,1,2,2,2,keep,2,2,0,0.3515787422657013,0.25292012095451355
26827,2,01_Rock2-85-F_comp.jams,1586565,0,2,2,2,keep,2,2,0,0.3501081168651581,0.40569040179252625
26838,2,01_Rock2-85-F_comp.jams,1616104,1,4,4,3,keep,4,3,0,0.4664304554462433,0.23235593736171722
26854,2,01_Rock2-85-F_comp.jams,1664823,3,4,4,4,keep,4,4,0,0.6553456783294678,0.9568383693695068
26872,2,01_Rock2-85-F_comp.jams,1711011,1,4,4,3,keep,4,3,0,0.5440061688423157,0.19128644466400146
26880,2,01_Rock2-85-F_comp.jams,1741995,2,4,4,2,keep,4,4,0,0.4237931966781616,0.34700703620910645
26881,2,01_Rock2-85-F_comp.jams,1743777,2,3,3,3,keep,3,3,0,0.46108320355415344,0.7463772892951965
26882,2,01_Rock2-85-F_comp.jams,1745594,1,2,2,2,keep,2,2,0,0.31983980536460876,0.3254552483558655
26896,2,01_Rock2-85-F_comp.jams,1773494,3,3,3,3,keep,3,3,0,0.27703768014907837,0.25332367420196533
26903,2,01_Rock2-85-F_comp.jams,1788302,3,3,2,2,mixed_by_complete_group,2,2,0,0.1462405025959015,0.10634088516235352
26918,2,01_Rock2-85-F_comp.jams,1819423,2,2,2,2,keep,2,2,0,0.4894847273826599,0.6496959328651428
26921,2,01_Rock2-85-F_comp.jams,1835878,4,3,4,4,mixed_by_complete_group,4,4,0,0.1747477799654007,0.16788488626480103
26934,2,01_Rock2-85-F_comp.jams,1868073,4,3,4,3,mixed_by_complete_group,4,3,0,0.19191811978816986,0.6482864022254944
26950,2,01_Rock2-85-F_comp.jams,1900234,2,2,3,3,local_rates_favor_regression_for_all_groups,3,3,0,0.36860981583595276,0.26878246665000916
26957,2,01_Rock2-85-F_comp.jams,1913822,3,3,3,3,keep,3,3,0,0.1877739429473877,0.28495725989341736
26979,2,01_Rock2-85-F_comp.jams,1958815,2,2,2,2,keep,2,2,0,0.2847718596458435,0.18215590715408325
26980,2,01_Rock2-85-F_comp.jams,1960643,2,4,4,4,keep,4,4,0,0.33173173666000366,0.2814747989177704
26987,2,01_Rock2-85-F_comp.jams,1976411,2,2,2,2,keep,2,2,0,0.35633572936058044,0.4990366995334625
27219,2,01_Rock2-85-F_solo.jams,1034673,0,2,2,2,keep,2,2,0,0.08677307516336441,0.053474195301532745
27245,2,01_Rock2-85-F_solo.jams,1166587,1,2,2,2,keep,2,2,0,0.1366710215806961,0.14828747510910034
27256,2,01_Rock2-85-F_solo.jams,1230239,1,2,2,2,keep,2,2,0,0.10947971045970917,0.18123434484004974
33903,2,02_Funk1-114-Ab_comp.jams,8,2,2,2,3,keep,2,3,0,0.43575501441955566,0.2743266224861145
33910,2,02_Funk1-114-Ab_comp.jams,24349,3,3,3,3,keep,3,3,0,0.5654759407043457,0.8194027543067932
33924,2,02_Funk1-114-Ab_comp.jams,59358,4,3,3,3,keep,3,3,0,0.4733942747116089,0.5588507056236267
33933,2,02_Funk1-114-Ab_comp.jams,94476,3,2,2,2,keep,2,2,0,0.5314831733703613,0.7222111821174622
33942,2,02_Funk1-114-Ab_comp.jams,127587,2,2,2,2,keep,2,2,0,0.468589186668396,0.6199058294296265
33953,2,02_Funk1-114-Ab_comp.jams,152277,3,3,3,2,keep,3,3,0,0.42457249760627747,0.3207787871360779
33961,2,02_Funk1-114-Ab_comp.jams,181247,2,2,2,2,keep,2,2,0,0.15688665211200714,0.36891162395477295
33969,2,02_Funk1-114-Ab_comp.jams,209395,3,2,2,2,keep,2,2,0,0.5458685755729675,0.6700617074966431
33973,2,02_Funk1-114-Ab_comp.jams,223351,0,2,2,2,keep,2,2,0,0.06350872665643692,0.05551351234316826
33992,2,02_Funk1-114-Ab_comp.jams,279212,3,2,2,2,keep,2,2,0,0.5632268786430359,0.705440878868103
33997,2,02_Funk1-114-Ab_comp.jams,291834,3,2,2,2,keep,2,2,0,0.4545306861400604,0.375491738319397
34000,2,02_Funk1-114-Ab_comp.jams,302066,3,3,3,3,keep,3,3,0,0.4786875545978546,0.5638640522956848
34007,2,02_Funk1-114-Ab_comp.jams,319424,3,2,2,2,keep,2,2,0,0.5635225772857666,0.45493602752685547
34014,2,02_Funk1-114-Ab_comp.jams,336026,3,3,3,3,keep,3,3,0,0.41183018684387207,0.6322409510612488
34021,2,02_Funk1-114-Ab_comp.jams,372086,3,3,3,2,keep,3,2,0,0.3794637620449066,0.14220544695854187
34028,2,02_Funk1-114-Ab_comp.jams,395189,3,3,3,2,keep,3,2,0,0.4846295416355133,0.19298844039440155
34034,2,02_Funk1-114-Ab_comp.jams,407390,2,2,2,2,keep,2,2,0,0.0699346587061882,0.13316728174686432
34035,2,02_Funk1-114-Ab_comp.jams,413940,3,2,2,2,keep,2,2,0,0.5830170512199402,0.20729167759418488
34042,2,02_Funk1-114-Ab_comp.jams,431451,3,3,3,2,keep,3,3,0,0.3090918958187103,0.15722772479057312
34051,2,02_Funk1-114-Ab_comp.jams,463911,3,3,2,2,mixed_by_complete_group,2,2,0,0.31374284625053406,0.07154269516468048
34058,2,02_Funk1-114-Ab_comp.jams,487341,3,3,3,2,keep,3,2,0,0.5384373664855957,0.13706135749816895
34066,2,02_Funk1-114-Ab_comp.jams,505654,1,2,2,2,keep,2,2,0,0.6120194792747498,0.6087253093719482
34070,2,02_Funk1-114-Ab_comp.jams,517187,2,2,2,2,keep,2,2,0,0.20378601551055908,0.09379912167787552
34072,2,02_Funk1-114-Ab_comp.jams,521253,2,2,2,2,keep,2,2,0,0.6058260202407837,0.5743078589439392
34077,2,02_Funk1-114-Ab_comp.jams,534868,1,2,2,2,keep,2,2,0,0.4534647464752197,0.186033695936203
34079,2,02_Funk1-114-Ab_comp.jams,546274,2,3,3,3,keep,3,3,0,0.7217287421226501,0.7668262124061584
34084,2,02_Funk1-114-Ab_comp.jams,559519,2,2,2,2,keep,2,2,0,0.578372061252594,0.46731802821159363
34089,2,02_Funk1-114-Ab_comp.jams,580989,3,2,2,2,keep,2,2,0,0.5570749640464783,0.6706048846244812
34093,2,02_Funk1-114-Ab_comp.jams,591116,1,2,2,2,keep,2,2,0,0.30596598982810974,0.30123335123062134
34095,2,02_Funk1-114-Ab_comp.jams,598361,2,2,2,2,keep,2,2,0,0.3806127905845642,0.380233496427536
34097,2,02_Funk1-114-Ab_comp.jams,609916,2,2,2,2,keep,2,2,0,0.27439528703689575,0.1913183480501175
34099,2,02_Funk1-114-Ab_comp.jams,614059,2,2,2,2,keep,2,2,0,0.6347259879112244,0.6763029098510742
34108,2,02_Funk1-114-Ab_comp.jams,650456,3,3,3,3,keep,3,3,0,0.5021547079086304,0.636336088180542
34112,2,02_Funk1-114-Ab_comp.jams,663156,2,2,2,2,keep,2,2,0,0.44712042808532715,0.44822290539741516
34115,2,02_Funk1-114-Ab_comp.jams,672938,0,2,2,2,keep,2,2,0,0.41819220781326294,0.3454963266849518
34116,2,02_Funk1-114-Ab_comp.jams,674711,3,2,2,2,keep,2,2,0,0.4848070442676544,0.5289233326911926
34124,2,02_Funk1-114-Ab_comp.jams,697588,2,2,2,2,keep,3,2,-1,0.40658798813819885,0.7582936882972717
34133,2,02_Funk1-114-Ab_comp.jams,719378,3,2,2,2,keep,2,2,0,0.5493970513343811,0.6529550552368164
34140,2,02_Funk1-114-Ab_comp.jams,743546,3,2,2,2,keep,2,2,0,0.5080066323280334,0.5311846137046814
34143,2,02_Funk1-114-Ab_comp.jams,766740,3,2,2,2,keep,2,2,0,0.40507975220680237,0.6966994404792786
34146,2,02_Funk1-114-Ab_comp.jams,785140,3,3,3,3,keep,3,3,0,0.5757933259010315,0.5018534064292908
34149,2,02_Funk1-114-Ab_comp.jams,796598,3,2,2,2,keep,2,2,0,0.48006588220596313,0.7301169633865356
34151,2,02_Funk1-114-Ab_comp.jams,802377,3,2,2,2,keep,2,2,0,0.3620395362377167,0.34833231568336487
34161,2,02_Funk1-114-Ab_comp.jams,836055,2,3,3,3,keep,3,3,0,0.4675237834453583,0.41727644205093384
34167,2,02_Funk1-114-Ab_comp.jams,848011,1,2,2,3,keep,2,3,0,0.3913043141365051,0.012920594774186611
34173,2,02_Funk1-114-Ab_comp.jams,859660,3,4,4,4,keep,4,4,0,0.5358899831771851,0.7957925200462341
34179,2,02_Funk1-114-Ab_comp.jams,882059,3,3,3,3,keep,3,3,0,0.49457013607025146,0.6771294474601746
34189,2,02_Funk1-114-Ab_comp.jams,928875,2,2,2,2,keep,2,2,0,0.505959153175354,0.19567739963531494
34192,2,02_Funk1-114-Ab_comp.jams,952592,3,2,2,2,keep,2,2,0,0.4884728491306305,0.4851701259613037
34200,2,02_Funk1-114-Ab_comp.jams,970544,2,3,3,3,keep,3,3,0,0.23430335521697998,0.3436170220375061
34203,2,02_Funk1-114-Ab_comp.jams,981918,2,4,3,4,mixed_by_complete_group,3,4,0,0.4268586039543152,0.7999428510665894
34205,2,02_Funk1-114-Ab_comp.jams,987094,3,2,2,2,keep,2,2,0,0.6145013570785522,0.6301367282867432
34210,2,02_Funk1-114-Ab_comp.jams,998327,0,2,2,3,keep,2,3,0,0.18565137684345245,0.013809078373014927
34215,2,02_Funk1-114-Ab_comp.jams,1021902,3,2,2,2,keep,2,2,0,0.4728851914405823,0.5041024684906006
34225,2,02_Funk1-114-Ab_comp.jams,1044031,1,2,2,2,keep,3,2,0,0.28171664476394653,0.7671793103218079
34231,2,02_Funk1-114-Ab_comp.jams,1057169,2,2,3,2,mixed_by_complete_group,2,2,1,0.3618050515651703,0.49825775623321533
34234,2,02_Funk1-114-Ab_comp.jams,1068376,3,4,4,3,keep,4,3,0,0.43578192591667175,0.19379347562789917
37181,2,02_Jazz1-200-B_comp.jams,20377,2,2,2,2,keep,2,2,0,0.40390780568122864,0.42804571986198425
37200,2,02_Jazz1-200-B_comp.jams,60176,2,3,3,2,keep,2,3,1,0.32631781697273254,0.30977651476860046
37204,2,02_Jazz1-200-B_comp.jams,75061,2,3,3,3,keep,3,3,0,0.8182279467582703,0.7090176939964294
37212,2,02_Jazz1-200-B_comp.jams,101428,3,3,2,3,local_rates_favor_correction_for_all_groups,2,3,0,0.24275292456150055,0.3860546350479126
37214,2,02_Jazz1-200-B_comp.jams,105653,3,2,2,2,keep,2,2,0,0.4388226568698883,0.528298020362854
37220,2,02_Jazz1-200-B_comp.jams,119010,4,3,2,3,local_rates_favor_regression_for_all_groups,2,2,0,0.33721286058425903,0.41327792406082153
37230,2,02_Jazz1-200-B_comp.jams,140655,3,3,2,3,mixed_by_complete_group,3,3,1,0.30733829736709595,0.49296194314956665
37232,2,02_Jazz1-200-B_comp.jams,144889,3,2,2,2,keep,2,2,0,0.5524294972419739,0.9460957646369934
37243,2,02_Jazz1-200-B_comp.jams,171743,4,2,2,2,keep,2,2,0,0.6234485507011414,0.8707199096679688
37256,2,02_Jazz1-200-B_comp.jams,199455,2,2,2,2,keep,2,2,0,0.435568630695343,0.47412732243537903
37262,2,02_Jazz1-200-B_comp.jams,225039,3,2,2,4,keep,4,4,0,0.3563026487827301,0.24072019755840302
37269,2,02_Jazz1-200-B_comp.jams,250876,2,2,2,2,keep,2,2,0,0.6299842000007629,0.6813879609107971
37273,2,02_Jazz1-200-B_comp.jams,259661,1,2,2,2,keep,2,2,0,0.47330111265182495,0.5516619086265564
37300,2,02_Jazz1-200-B_comp.jams,331289,4,3,3,3,keep,3,3,0,0.44492053985595703,0.5180275440216064
37311,2,02_Jazz1-200-B_comp.jams,358061,1,2,2,2,keep,2,2,0,0.4710449278354645,0.44453415274620056
37319,2,02_Jazz1-200-B_comp.jams,385082,4,2,2,3,keep,2,2,0,0.4769819974899292,0.39416366815567017
37327,2,02_Jazz1-200-B_comp.jams,404519,3,2,2,2,keep,2,2,0,0.280914306640625,0.8385273814201355
37329,2,02_Jazz1-200-B_comp.jams,410446,2,2,3,3,mixed_by_complete_group,3,3,0,0.3877534568309784,0.2902257442474365
37332,2,02_Jazz1-200-B_comp.jams,418739,1,3,2,2,mixed_by_complete_group,2,2,0,0.01402034517377615,0.13176989555358887
37334,2,02_Jazz1-200-B_comp.jams,423702,3,2,2,2,keep,2,2,0,0.30306491255760193,0.23452125489711761
37341,2,02_Jazz1-200-B_comp.jams,438035,3,2,2,2,keep,2,2,0,0.42790907621383667,0.336963415145874
37347,2,02_Jazz1-200-B_comp.jams,449758,2,2,2,2,keep,2,2,0,0.5626527667045593,0.5987710952758789
37364,2,02_Jazz1-200-B_comp.jams,490534,3,3,3,3,keep,3,3,0,0.39370837807655334,0.3966919779777527
37382,2,02_Jazz1-200-B_comp.jams,530167,3,3,2,2,mixed_by_complete_group,2,2,0,0.40661385655403137,0.3857250511646271
37392,2,02_Jazz1-200-B_comp.jams,550339,2,2,2,2,keep,2,2,0,0.6122372150421143,0.7135555148124695
37399,2,02_Jazz1-200-B_comp.jams,565156,1,2,2,2,keep,2,2,0,0.5649450421333313,0.6240125894546509
37401,2,02_Jazz1-200-B_comp.jams,569095,4,2,3,2,local_rates_favor_regression_for_all_groups,2,3,0,0.4388963282108307,0.3798665404319763
37404,2,02_Jazz1-200-B_comp.jams,575798,2,2,2,2,keep,2,2,0,0.41287922859191895,0.34948304295539856
37405,2,02_Jazz1-200-B_comp.jams,577618,1,3,2,2,mixed_by_complete_group,2,2,0,0.28548428416252136,0.38426974415779114
37413,2,02_Jazz1-200-B_comp.jams,596336,3,2,2,2,keep,2,2,0,0.40436604619026184,0.46973153948783875
37423,2,02_Jazz1-200-B_comp.jams,621724,3,2,2,2,keep,2,2,0,0.5199511051177979,0.4851868450641632
37426,2,02_Jazz1-200-B_comp.jams,629667,2,2,3,3,local_rates_favor_regression_for_all_groups,3,2,0,0.33498698472976685,0.40214407444000244
37513,2,02_Jazz2-110-Bb_comp.jams,5,3,2,2,2,keep,2,2,0,0.13255180418491364,0.0002848246367648244
37514,2,02_Jazz2-110-Bb_comp.jams,1993,1,2,2,2,keep,2,2,0,0.5188356637954712,0.5780866146087646
37525,2,02_Jazz2-110-Bb_comp.jams,26799,3,3,3,3,keep,3,3,0,0.5208446383476257,0.6325255036354065
37531,2,02_Jazz2-110-Bb_comp.jams,40750,2,3,3,3,keep,3,3,0,0.506498396396637,0.22744563221931458
37558,2,02_Jazz2-110-Bb_comp.jams,120235,3,3,3,3,keep,3,3,0,0.39205875992774963,0.5910505056381226
37579,2,02_Jazz2-110-Bb_comp.jams,186936,1,2,2,2,keep,2,2,0,0.14121749997138977,0.09893748164176941
37580,2,02_Jazz2-110-Bb_comp.jams,193155,3,3,3,3,keep,3,3,0,0.5085336565971375,0.4396366775035858
37582,2,02_Jazz2-110-Bb_comp.jams,217721,2,2,2,2,keep,2,2,0,0.608135998249054,0.7089061141014099
37589,2,02_Jazz2-110-Bb_comp.jams,231559,1,3,3,2,keep,2,2,0,0.23325958847999573,0.08106932789087296
37590,2,02_Jazz2-110-Bb_comp.jams,233445,3,2,2,2,keep,2,2,0,0.3307218849658966,0.29747217893600464
37600,2,02_Jazz2-110-Bb_comp.jams,263725,4,4,4,2,keep,4,2,0,0.400671124458313,0.2296568602323532
37605,2,02_Jazz2-110-Bb_comp.jams,279955,0,2,3,3,local_rates_favor_regression_for_all_groups,3,3,0,0.2500944435596466,0.23960110545158386
37607,2,02_Jazz2-110-Bb_comp.jams,288645,1,2,2,2,keep,2,2,0,0.41510745882987976,0.19334281980991364
37618,2,02_Jazz2-110-Bb_comp.jams,328583,3,3,3,3,keep,3,3,0,0.3780892789363861,0.41827505826950073
37634,2,02_Jazz2-110-Bb_comp.jams,360647,3,3,3,3,keep,3,3,0,0.2020541876554489,0.3219052255153656
37639,2,02_Jazz2-110-Bb_comp.jams,384976,4,4,4,2,keep,4,3,0,0.4189900755882263,0.22652751207351685
37641,2,02_Jazz2-110-Bb_comp.jams,402230,4,4,4,4,keep,4,4,0,0.36481210589408875,0.3539259433746338
37656,2,02_Jazz2-110-Bb_comp.jams,434287,3,2,2,2,keep,2,2,0,0.3315885365009308,0.2999015748500824
37664,2,02_Jazz2-110-Bb_comp.jams,457168,2,3,2,2,mixed_by_complete_group,3,2,-1,0.3808996379375458,0.1798599362373352
37668,2,02_Jazz2-110-Bb_comp.jams,481683,3,4,4,3,keep,4,4,0,0.5034378170967102,0.258694052696228
37675,2,02_Jazz2-110-Bb_comp.jams,496590,2,2,2,2,keep,2,2,0,0.45313847064971924,0.4716290533542633
37676,2,02_Jazz2-110-Bb_comp.jams,498493,2,2,2,2,keep,2,2,0,0.37949490547180176,0.5915875434875488
37684,2,02_Jazz2-110-Bb_comp.jams,519170,4,3,3,3,keep,3,3,0,0.22447232902050018,0.31388822197914124
37697,2,02_Jazz2-110-Bb_comp.jams,545500,3,4,4,3,keep,4,3,0,0.19147589802742004,0.04609714820981026
37700,2,02_Jazz2-110-Bb_comp.jams,552941,1,2,2,2,keep,2,2,0,0.19594570994377136,0.26285818219184875
37704,2,02_Jazz2-110-Bb_comp.jams,577893,5,3,3,4,keep,3,4,0,0.4911014437675476,0.11905420571565628
37710,2,02_Jazz2-110-Bb_comp.jams,593473,1,2,2,2,keep,2,2,0,0.23305253684520721,0.3678131401538849
37711,2,02_Jazz2-110-Bb_comp.jams,595368,3,3,3,3,keep,3,3,0,0.3998396098613739,0.31690713763237
37726,2,02_Jazz2-110-Bb_comp.jams,627594,4,3,3,2,keep,3,3,0,0.4113559126853943,0.18460217118263245
37732,2,02_Jazz2-110-Bb_comp.jams,643139,3,4,4,4,keep,4,4,0,0.5671564340591431,0.5335025787353516
37739,2,02_Jazz2-110-Bb_comp.jams,661909,2,2,3,3,local_rates_favor_regression_for_all_groups,2,3,1,0.366055965423584,0.23705801367759705
37745,2,02_Jazz2-110-Bb_comp.jams,675135,3,2,2,2,keep,2,3,0,0.3278867304325104,0.23395830392837524
37752,2,02_Jazz2-110-Bb_comp.jams,690879,2,4,4,3,keep,4,3,0,0.5107976794242859,0.18138961493968964
37765,2,02_Jazz2-110-Bb_comp.jams,722931,4,3,3,3,keep,3,3,0,0.14573372900485992,0.1701323539018631
37774,2,02_Jazz2-110-Bb_comp.jams,744610,0,3,3,2,keep,2,2,0,0.11285348981618881,0.03257783502340317
37778,2,02_Jazz2-110-Bb_comp.jams,770251,4,4,4,2,keep,4,2,0,0.5372075438499451,0.23484797775745392
37782,2,02_Jazz2-110-Bb_comp.jams,788576,3,4,4,3,keep,4,4,0,0.4111751317977905,0.1639234721660614
37789,2,02_Jazz2-110-Bb_comp.jams,804926,4,2,2,2,keep,2,2,0,0.26771077513694763,0.2063080221414566
37793,2,02_Jazz2-110-Bb_comp.jams,820715,4,4,3,3,mixed_by_complete_group,3,3,0,0.2138737291097641,0.07264203578233719
37802,2,02_Jazz2-110-Bb_comp.jams,868533,4,4,4,4,keep,4,4,0,0.565744161605835,0.7011570334434509
37821,2,02_Jazz2-110-Bb_comp.jams,914387,4,3,3,3,keep,3,3,0,0.46369272470474243,0.3572736382484436
37828,2,02_Jazz2-110-Bb_comp.jams,931364,2,4,4,3,keep,4,3,0,0.36304762959480286,0.04558417201042175
37839,2,02_Jazz2-110-Bb_comp.jams,962308,3,4,2,3,mixed_by_complete_group,3,2,1,0.17255817353725433,0.10501882433891296
37848,2,02_Jazz2-110-Bb_comp.jams,998209,3,3,3,3,keep,3,3,0,0.3245490491390228,0.5605083107948303
37854,2,02_Jazz2-110-Bb_comp.jams,1010351,3,2,2,2,keep,2,2,0,0.3684963583946228,0.24180571734905243
37866,2,02_Jazz2-110-Bb_comp.jams,1059006,4,3,3,3,keep,3,3,0,0.4688795208930969,0.7779021263122559
37886,2,02_Jazz2-110-Bb_comp.jams,1097590,1,3,3,2,keep,3,2,0,0.39990660548210144,0.2005656510591507
37891,2,02_Jazz2-110-Bb_comp.jams,1107694,4,2,2,2,keep,2,2,0,0.4032050669193268,0.4692535102367401
37898,2,02_Jazz2-110-Bb_comp.jams,1122654,2,2,2,2,keep,2,2,0,0.3380712568759918,0.31938740611076355
37899,2,02_Jazz2-110-Bb_comp.jams,1124623,2,2,2,2,keep,2,2,0,0.49592921137809753,0.5736595392227173
37902,2,02_Jazz2-110-Bb_comp.jams,1132080,4,3,3,2,keep,3,2,0,0.45964229106903076,0.2522875964641571
37912,2,02_Jazz2-110-Bb_comp.jams,1153801,2,2,2,2,keep,2,2,0,0.296545147895813,0.0738590657711029
37913,2,02_Jazz2-110-Bb_comp.jams,1155573,0,2,2,2,keep,2,2,0,0.43069708347320557,0.3633599579334259
37923,2,02_Jazz2-110-Bb_comp.jams,1178764,0,2,2,2,keep,2,2,0,0.4873366355895996,0.5522868037223816
37929,2,02_Jazz2-110-Bb_comp.jams,1194786,4,4,4,4,keep,4,4,0,0.5107429623603821,0.4426113963127136
37939,2,02_Jazz2-110-Bb_comp.jams,1218360,2,2,2,3,keep,2,3,0,0.3708263635635376,0.16964422166347504
37943,2,02_Jazz2-110-Bb_comp.jams,1226665,0,3,2,2,local_rates_favor_correction_for_all_groups,2,2,0,0.14960815012454987,0.02030719444155693
37947,2,02_Jazz2-110-Bb_comp.jams,1251710,3,3,3,3,keep,3,3,0,0.4656006097793579,0.4264758825302124
37965,2,02_Jazz2-110-Bb_comp.jams,1290267,2,4,3,2,mixed_by_complete_group,2,3,1,0.09553459286689758,0.0486457459628582
37976,2,02_Jazz2-110-Bb_comp.jams,1314301,1,2,2,2,keep,2,2,0,0.19777141511440277,0.1479235589504242
37977,2,02_Jazz2-110-Bb_comp.jams,1316261,3,2,2,2,keep,2,2,0,0.29144030809402466,0.24740692973136902
37981,2,02_Jazz2-110-Bb_comp.jams,1325160,4,4,3,3,local_rates_favor_regression_for_all_groups,3,3,0,0.18343593180179596,0.035275157541036606
37986,2,02_Jazz2-110-Bb_comp.jams,1336786,0,2,2,2,keep,2,2,0,0.4912298321723938,0.2843559682369232
37989,2,02_Jazz2-110-Bb_comp.jams,1346428,1,2,2,2,keep,2,2,0,0.46608710289001465,0.39888206124305725
38001,2,02_Jazz2-110-Bb_comp.jams,1386229,2,3,3,3,keep,3,3,0,0.4423992931842804,0.6327217817306519
38004,2,02_Jazz2-110-Bb_comp.jams,1408721,2,3,2,2,mixed_by_complete_group,2,2,0,0.26585736870765686,0.35872089862823486
38005,2,02_Jazz2-110-Bb_comp.jams,1410501,1,2,2,2,keep,2,2,0,0.280382364988327,0.2701907157897949
38007,2,02_Jazz2-110-Bb_comp.jams,1417778,3,2,2,2,keep,2,2,0,0.2096964716911316,0.161355122923851
38013,2,02_Jazz2-110-Bb_comp.jams,1430930,1,3,2,2,mixed_by_complete_group,2,2,0,0.10540680587291718,0.14609265327453613
38014,2,02_Jazz2-110-Bb_comp.jams,1432719,3,3,2,3,mixed_by_complete_group,2,3,0,0.317750483751297,0.4632457196712494
38023,2,02_Jazz2-110-Bb_comp.jams,1456150,2,3,3,3,keep,3,2,0,0.3618136942386627,0.2038068175315857
38027,2,02_Jazz2-110-Bb_comp.jams,1465510,3,3,2,2,local_rates_favor_correction_for_all_groups,2,2,0,0.2400888353586197,0.12039455771446228
38034,2,02_Jazz2-110-Bb_comp.jams,1480944,2,3,2,2,mixed_by_complete_group,3,2,-1,0.317820280790329,0.2495204210281372
38046,2,02_Jazz2-110-Bb_comp.jams,1504209,2,2,2,2,keep,2,2,0,0.4290454089641571,0.514667272567749
38047,2,02_Jazz2-110-Bb_comp.jams,1506457,2,2,2,2,keep,2,2,0,0.491665780544281,0.6567829251289368
38051,2,02_Jazz2-110-Bb_comp.jams,1515307,5,4,4,4,keep,4,4,0,0.46582886576652527,0.6240288615226746
39819,2,02_Rock1-130-A_comp.jams,8,2,2,2,2,keep,2,2,0,0.4064977765083313,0.3444156050682068
39828,2,02_Rock1-130-A_comp.jams,21448,1,2,2,4,keep,2,4,0,0.4950520396232605,0.10216929763555527
39832,2,02_Rock1-130-A_comp.jams,30942,3,3,3,2,keep,2,2,-1,0.2680965065956116,0.008206790313124657
39833,2,02_Rock1-130-A_comp.jams,32738,2,2,3,3,mixed_by_complete_group,3,3,0,0.3616228997707367,0.20753660798072815
39851,2,02_Rock1-130-A_comp.jams,96429,2,2,2,2,keep,2,2,0,0.35628899931907654,0.3500296473503113
39857,2,02_Rock1-130-A_comp.jams,112286,4,4,4,4,keep,4,4,0,0.3555281460285187,0.24051153659820557
39864,2,02_Rock1-130-A_comp.jams,131443,0,2,2,2,keep,2,2,0,0.2930114269256592,0.14432045817375183
39865,2,02_Rock1-130-A_comp.jams,143424,1,4,4,3,keep,3,3,0,0.33806487917900085,0.1992204189300537
39870,2,02_Rock1-130-A_comp.jams,164454,1,3,3,2,keep,3,3,0,0.46802154183387756,0.3206644058227539
39875,2,02_Rock1-130-A_comp.jams,184800,1,2,2,2,keep,2,2,0,0.5929548740386963,0.6940333843231201
39877,2,02_Rock1-130-A_comp.jams,194641,4,3,3,3,keep,3,3,0,0.4855650067329407,0.41971108317375183
39889,2,02_Rock1-130-A_comp.jams,235320,4,3,3,3,keep,3,3,0,0.34428727626800537,0.32238510251045227
39902,2,02_Rock1-130-A_comp.jams,274838,5,4,4,4,keep,4,4,0,0.44865816831588745,0.40952587127685547
39915,2,02_Rock1-130-A_comp.jams,305561,2,2,4,3,mixed_by_complete_group,3,4,0,0.20063020288944244,0.10868237912654877
39920,2,02_Rock1-130-A_comp.jams,316513,2,4,4,4,keep,4,4,0,0.46059978008270264,0.3545916676521301
39933,2,02_Rock1-130-A_comp.jams,346427,4,4,4,4,keep,4,4,0,0.5938562154769897,0.3772633671760559
39942,2,02_Rock1-130-A_comp.jams,368666,4,4,4,4,keep,4,4,0,0.5643789768218994,0.5965995788574219
39946,2,02_Rock1-130-A_comp.jams,379728,3,3,2,2,mixed_by_complete_group,2,2,0,0.2835178077220917,0.005543336272239685
39955,2,02_Rock1-130-A_comp.jams,398158,3,4,4,2,keep,4,4,0,0.3417031168937683,0.12707847356796265
39964,2,02_Rock1-130-A_comp.jams,418577,4,2,2,3,keep,2,3,0,0.3713877499103546,0.1593308001756668
39970,2,02_Rock1-130-A_comp.jams,438916,1,3,3,2,keep,3,2,0,0.2874999940395355,0.2530183792114258
39973,2,02_Rock1-130-A_comp.jams,448328,3,3,3,3,keep,3,3,0,0.3847309648990631,0.5252750515937805
39978,2,02_Rock1-130-A_comp.jams,458911,2,2,2,2,keep,2,2,0,0.2584463953971863,0.08801106363534927
39984,2,02_Rock1-130-A_comp.jams,478957,3,2,2,2,keep,2,2,0,0.28254517912864685,0.2405097931623459
39991,2,02_Rock1-130-A_comp.jams,509872,4,4,4,4,keep,4,4,0,0.5223338603973389,0.6403699517250061
40001,2,02_Rock1-130-A_comp.jams,540800,3,3,4,3,mixed_by_complete_group,3,4,1,0.296672523021698,0.27728408575057983
40007,2,02_Rock1-130-A_comp.jams,560784,4,4,4,4,keep,4,4,0,0.24715657532215118,0.1813913732767105
40012,2,02_Rock1-130-A_comp.jams,600818,3,4,4,4,keep,4,4,0,0.47203269600868225,0.49592500925064087
40022,2,02_Rock1-130-A_comp.jams,630245,1,2,2,2,keep,2,2,0,0.3172094523906708,0.6716477870941162
40023,2,02_Rock1-130-A_comp.jams,632038,2,2,2,2,keep,2,2,0,0.36232951283454895,0.4915205240249634
40025,2,02_Rock1-130-A_comp.jams,641968,1,2,2,2,keep,2,2,0,0.5733245015144348,0.634070873260498
40036,2,02_Rock1-130-A_comp.jams,671409,3,2,2,2,keep,3,2,1,0.36959484219551086,0.47074756026268005
40037,2,02_Rock1-130-A_comp.jams,673183,0,2,2,2,keep,2,2,0,0.41381844878196716,0.3497392237186432
40046,2,02_Rock1-130-A_comp.jams,693303,0,2,2,2,keep,2,2,0,0.3579866588115692,0.44970354437828064
40059,2,02_Rock1-130-A_comp.jams,722915,3,4,3,4,local_rates_favor_regression_for_all_groups,4,3,-1,0.33584633469581604,0.2915725111961365
40063,2,02_Rock1-130-A_comp.jams,731567,0,2,2,2,keep,2,2,0,0.18046700954437256,0.18029344081878662
40068,2,02_Rock1-130-A_comp.jams,743902,4,4,4,3,keep,4,2,0,0.251030296087265,0.045712992548942566
40072,2,02_Rock1-130-A_comp.jams,754686,5,3,2,2,mixed_by_complete_group,3,2,0,0.3017345666885376,0.253327876329422
40084,2,02_Rock1-130-A_comp.jams,784661,3,2,2,3,keep,2,2,0,0.2519173324108124,0.10547319054603577
40086,2,02_Rock1-130-A_comp.jams,795448,0,2,2,2,keep,2,2,0,0.14706924557685852,0.15883705019950867
40090,2,02_Rock1-130-A_comp.jams,804719,3,3,3,2,keep,2,3,-1,0.2148977667093277,0.20266248285770416
40097,2,02_Rock1-130-A_comp.jams,833791,3,4,4,4,keep,4,4,0,0.5809110999107361,0.7647364735603333
40102,2,02_Rock1-130-A_comp.jams,844695,2,3,2,2,local_rates_favor_correction_for_all_groups,2,2,0,0.1787799596786499,0.12077498435974121
40112,2,02_Rock1-130-A_comp.jams,867215,2,2,2,2,keep,2,2,0,0.35903120040893555,0.25568118691444397
40117,2,02_Rock1-130-A_comp.jams,877458,1,2,3,3,local_rates_favor_regression_for_all_groups,3,3,0,0.12805303931236267,0.051348380744457245
40119,2,02_Rock1-130-A_comp.jams,886924,3,4,3,4,local_rates_favor_regression_for_all_groups,3,4,0,0.39427074790000916,0.8215287327766418
40136,2,02_Rock1-130-A_comp.jams,928336,4,4,4,3,keep,4,3,0,0.38339763879776,0.2701130211353302
40147,2,02_Rock1-130-A_comp.jams,957320,4,2,2,2,keep,2,2,0,0.4252776801586151,0.5720126628875732
40151,2,02_Rock1-130-A_comp.jams,966809,3,3,3,2,keep,3,2,0,0.31207793951034546,0.1809743344783783
41444,2,02_Rock2-85-F_comp.jams,46751,3,2,2,2,keep,2,2,0,0.47392967343330383,0.44016653299331665
41453,2,02_Rock2-85-F_comp.jams,91974,3,2,2,2,keep,2,2,0,0.5619271993637085,0.4659191370010376
41474,2,02_Rock2-85-F_comp.jams,187057,2,2,2,2,keep,2,2,0,0.5288075804710388,0.6369048953056335
41477,2,02_Rock2-85-F_comp.jams,217864,3,2,2,2,keep,2,2,0,0.40088027715682983,0.378391832113266
41489,2,02_Rock2-85-F_comp.jams,249262,2,2,2,2,keep,2,2,0,0.21270281076431274,0.09583103656768799
41496,2,02_Rock2-85-F_comp.jams,280981,3,2,2,2,keep,2,2,0,0.5379189252853394,0.6296226978302002
41501,2,02_Rock2-85-F_comp.jams,296351,3,2,2,2,keep,2,2,0,0.4616312086582184,0.503697395324707
41512,2,02_Rock2-85-F_comp.jams,342712,3,3,3,3,keep,3,3,0,0.4219833016395569,0.283148854970932
41521,2,02_Rock2-85-F_comp.jams,404729,4,2,2,2,keep,2,2,0,0.5324538946151733,0.4992620050907135
41536,2,02_Rock2-85-F_comp.jams,437081,2,2,2,2,keep,2,2,0,0.5148887038230896,0.34590357542037964
41548,2,02_Rock2-85-F_comp.jams,467067,3,2,2,2,keep,2,2,0,0.47391051054000854,0.4560562074184418
41556,2,02_Rock2-85-F_comp.jams,487938,1,3,2,2,local_rates_favor_correction_for_all_groups,2,2,0,0.12570306658744812,0.0008153797243721783
41557,2,02_Rock2-85-F_comp.jams,490012,2,3,2,2,mixed_by_complete_group,2,2,0,0.24742430448532104,0.04871873930096626
41560,2,02_Rock2-85-F_comp.jams,498172,1,2,2,2,keep,2,2,0,0.37768036127090454,0.33826860785484314
41569,2,02_Rock2-85-F_comp.jams,530073,3,3,3,3,keep,3,3,0,0.42307576537132263,0.32665112614631653
41584,2,02_Rock2-85-F_comp.jams,560824,3,2,3,3,mixed_by_complete_group,3,3,0,0.34536823630332947,0.2439952790737152
41595,2,02_Rock2-85-F_comp.jams,591677,3,2,2,4,keep,2,4,0,0.32977497577667236,0.21218723058700562
41603,2,02_Rock2-85-F_comp.jams,608466,2,2,2,2,keep,2,2,0,0.4711816906929016,0.4115641117095947
41609,2,02_Rock2-85-F_comp.jams,623823,2,2,2,2,keep,2,2,0,0.2849441468715668,0.34101998805999756
41622,2,02_Rock2-85-F_comp.jams,655533,2,2,2,2,keep,2,2,0,0.5434619784355164,0.5719265937805176
41629,2,02_Rock2-85-F_comp.jams,670613,2,3,3,3,keep,3,3,0,0.5209202170372009,0.6878736019134521
41642,2,02_Rock2-85-F_comp.jams,698791,0,2,2,2,keep,2,2,0,0.07186134159564972,0.10907439887523651
41648,2,02_Rock2-85-F_comp.jams,718176,3,3,3,3,keep,3,3,0,0.5149974822998047,0.6879475712776184
41681,2,02_Rock2-85-F_comp.jams,810172,2,2,2,2,keep,2,2,0,0.40640541911125183,0.3178163170814514
41688,2,02_Rock2-85-F_comp.jams,824943,1,2,2,2,keep,2,2,0,0.14569921791553497,0.1825684756040573
41732,2,02_Rock2-85-F_comp.jams,981843,1,2,2,2,keep,2,2,0,0.4633927345275879,0.35776421427726746
41735,2,02_Rock2-85-F_comp.jams,996915,1,2,2,2,keep,2,2,0,0.5203378200531006,0.5207850933074951
41746,2,02_Rock2-85-F_comp.jams,1059241,3,2,2,2,keep,2,2,0,0.5008521676063538,0.5876550674438477
41767,2,02_Rock2-85-F_comp.jams,1152648,4,2,2,3,keep,2,2,0,0.44683945178985596,0.3582416772842407
41772,2,02_Rock2-85-F_comp.jams,1183840,3,2,3,3,local_rates_favor_regression_for_all_groups,3,3,0,0.4110090136528015,0.33543017506599426
41775,2,02_Rock2-85-F_comp.jams,1197091,1,2,2,2,keep,2,2,0,0.3707979619503021,0.3029458820819855
41785,2,02_Rock2-85-F_comp.jams,1230155,4,3,3,3,keep,3,3,0,0.5565744638442993,0.7483656406402588
41794,2,02_Rock2-85-F_comp.jams,1276671,3,2,2,2,keep,2,2,0,0.5185475945472717,0.439508855342865
41802,2,02_Rock2-85-F_comp.jams,1309046,3,3,3,3,keep,3,2,0,0.49090155959129333,0.2533973753452301
41812,2,02_Rock2-85-F_comp.jams,1338423,2,2,2,2,keep,2,2,0,0.44161635637283325,0.5770090818405151
41813,2,02_Rock2-85-F_comp.jams,1340225,1,3,3,2,keep,3,2,0,0.38252055644989014,0.15424183011054993
41833,2,02_Rock2-85-F_comp.jams,1401564,3,3,3,3,keep,3,3,0,0.5372309684753418,0.4192921817302704
41845,2,02_Rock2-85-F_comp.jams,1432563,3,4,4,4,keep,4,4,0,0.36839354038238525,0.38673534989356995
41859,2,02_Rock2-85-F_comp.jams,1464334,4,4,4,4,keep,4,4,0,0.47305530309677124,0.471193790435791
41862,2,02_Rock2-85-F_comp.jams,1469972,0,2,2,2,keep,2,2,0,0.00017133123765233904,0.0005315853632055223
41880,2,02_Rock2-85-F_comp.jams,1525907,4,3,4,3,mixed_by_complete_group,4,3,0,0.3081658184528351,0.48009738326072693
41895,2,02_Rock2-85-F_comp.jams,1556657,4,2,4,4,mixed_by_complete_group,4,4,0,0.20007792115211487,0.007684593088924885
41912,2,02_Rock2-85-F_comp.jams,1588798,4,2,2,3,keep,2,2,0,0.43689316511154175,0.3521364629268646
41920,2,02_Rock2-85-F_comp.jams,1605146,2,2,2,2,keep,2,2,0,0.4772501587867737,0.6232776641845703
41937,2,02_Rock2-85-F_comp.jams,1652613,2,2,2,2,keep,2,2,0,0.4957495629787445,0.6101581454277039
41943,2,02_Rock2-85-F_comp.jams,1682299,3,3,3,3,keep,3,3,0,0.4656732380390167,0.4699443578720093
41951,2,02_Rock2-85-F_comp.jams,1712919,3,4,4,3,keep,4,3,0,0.39118146896362305,0.20710726082324982
41957,2,02_Rock2-85-F_comp.jams,1729417,2,2,2,2,keep,2,2,0,0.5658717155456543,0.48948904871940613
41978,2,02_Rock2-85-F_comp.jams,1774190,1,4,2,2,mixed_by_complete_group,2,2,0,0.110270194709301,0.004542388487607241
41991,2,02_Rock2-85-F_comp.jams,1805568,3,3,2,2,local_rates_favor_correction_for_all_groups,2,2,0,0.3286571502685547,0.10071978718042374
41999,2,02_Rock2-85-F_comp.jams,1821717,3,2,2,2,keep,2,2,0,0.10853984951972961,0.1326538622379303
42005,2,02_Rock2-85-F_comp.jams,1851574,2,4,3,3,mixed_by_complete_group,3,3,0,0.22144250571727753,0.041115887463092804
42014,2,02_Rock2-85-F_comp.jams,1898698,3,4,3,3,mixed_by_complete_group,3,3,0,0.3502357304096222,0.27072638273239136
42033,2,02_Rock2-85-F_comp.jams,1943841,0,2,2,2,keep,2,2,0,0.2507895529270172,0.14454597234725952
42041,2,02_Rock2-85-F_comp.jams,1961050,1,4,2,2,local_rates_favor_correction_for_all_groups,2,2,0,0.1029607504606247,0.003011565888300538
42049,2,02_Rock2-85-F_solo.jams,5,0,2,2,2,keep,2,2,0,0.444632351398468,0.28332844376564026
42124,2,02_Rock2-85-F_solo.jams,857400,1,2,2,2,keep,2,2,0,0.10629317909479141,0.1459096223115921
42131,2,02_Rock2-85-F_solo.jams,887473,0,2,2,2,keep,2,2,0,0.2168106883764267,0.2525865435600281
48764,2,03_Funk1-114-Ab_comp.jams,23424,4,4,4,4,keep,4,4,0,0.4270281493663788,0.258794367313385
48774,2,03_Funk1-114-Ab_comp.jams,42489,2,2,2,2,keep,2,2,0,0.36770784854888916,0.42523911595344543
48781,2,03_Funk1-114-Ab_comp.jams,93255,4,3,4,3,mixed_by_complete_group,3,3,-1,0.39165231585502625,0.6333342790603638
48782,2,03_Funk1-114-Ab_comp.jams,111475,1,2,2,2,keep,2,2,0,0.08791445940732956,0.13906191289424896
48785,2,03_Funk1-114-Ab_comp.jams,127697,3,4,4,4,keep,4,4,0,0.553213357925415,0.6961175799369812
48802,2,03_Funk1-114-Ab_comp.jams,209742,3,4,2,2,local_rates_favor_correction_for_all_groups,4,2,0,0.30658939480781555,0.1980416178703308
48810,2,03_Funk1-114-Ab_comp.jams,227576,1,2,2,2,keep,2,2,0,0.4205954968929291,0.999618649482727
48813,2,03_Funk1-114-Ab_comp.jams,255317,3,4,4,4,keep,4,4,0,0.6508340239524841,0.8868665099143982
48816,2,03_Funk1-114-Ab_comp.jams,267051,1,3,2,2,mixed_by_complete_group,2,2,0,0.11881918460130692,0.05909441411495209
48817,2,03_Funk1-114-Ab_comp.jams,279466,4,4,4,4,keep,4,4,0,0.4344373345375061,0.6210535168647766
48826,2,03_Funk1-114-Ab_comp.jams,298439,1,4,4,2,keep,2,2,0,0.024357864633202553,1.1824959074147046e-05
48829,2,03_Funk1-114-Ab_comp.jams,313415,4,4,4,3,keep,3,3,-1,0.3664838373661041,0.1416066437959671
48839,2,03_Funk1-114-Ab_comp.jams,332597,2,3,3,3,keep,3,3,0,0.4998307526111603,0.6133102774620056
48840,2,03_Funk1-114-Ab_comp.jams,334585,1,3,3,2,keep,3,2,0,0.1282561868429184,0.0021725159604102373
48842,2,03_Funk1-114-Ab_comp.jams,347960,3,3,3,3,keep,3,3,0,0.49214962124824524,0.2900078594684601
48848,2,03_Funk1-114-Ab_comp.jams,381860,3,2,2,4,keep,2,4,0,0.4622516632080078,0.29250743985176086
48852,2,03_Funk1-114-Ab_comp.jams,393073,2,2,2,2,keep,2,2,0,0.46086448431015015,0.5891985893249512
48853,2,03_Funk1-114-Ab_comp.jams,394882,3,2,3,2,mixed_by_complete_group,3,2,0,0.3363843858242035,0.532921552658081
48862,2,03_Funk1-114-Ab_comp.jams,412643,2,2,2,2,keep,2,2,0,0.1960953027009964,0.18555442988872528
48865,2,03_Funk1-114-Ab_comp.jams,428718,3,3,4,3,local_rates_favor_correction_for_all_groups,3,4,1,0.38414937257766724,0.33948612213134766
48870,2,03_Funk1-114-Ab_comp.jams,439600,0,3,3,3,keep,3,3,0,0.03620806708931923,0.003139927051961422
48872,2,03_Funk1-114-Ab_comp.jams,452254,2,2,2,2,keep,2,2,0,0.4667663276195526,0.735447108745575
48878,2,03_Funk1-114-Ab_comp.jams,464018,4,4,4,4,keep,4,4,0,0.5648586750030518,0.9676259756088257
48885,2,03_Funk1-114-Ab_comp.jams,480995,2,3,3,2,keep,2,2,1,0.38877660036087036,0.16909649968147278
48887,2,03_Funk1-114-Ab_comp.jams,485096,0,2,2,2,keep,2,2,0,0.24314053356647491,0.2597830891609192
48890,2,03_Funk1-114-Ab_comp.jams,498009,2,4,4,4,keep,4,4,0,0.6455882787704468,0.674190878868103
48895,2,03_Funk1-114-Ab_comp.jams,522073,4,4,4,4,keep,4,4,0,0.4217601716518402,0.36983904242515564
48901,2,03_Funk1-114-Ab_comp.jams,546831,1,2,2,2,keep,2,2,0,0.36168792843818665,0.4565218985080719
48909,2,03_Funk1-114-Ab_comp.jams,581220,4,4,4,4,keep,4,4,0,0.6008983850479126,0.8482230305671692
48918,2,03_Funk1-114-Ab_comp.jams,598841,1,3,3,3,keep,3,3,0,0.13561861217021942,0.09567038714885712
48923,2,03_Funk1-114-Ab_comp.jams,638227,1,3,3,3,keep,3,3,0,0.17450106143951416,0.13510917127132416
48925,2,03_Funk1-114-Ab_comp.jams,649713,3,4,4,4,keep,4,4,0,0.5936580896377563,0.7251893877983093
48936,2,03_Funk1-114-Ab_comp.jams,684645,4,4,4,4,keep,4,4,0,0.47103044390678406,0.7547168135643005
48940,2,03_Funk1-114-Ab_comp.jams,706849,3,3,3,3,keep,3,3,0,0.47893261909484863,0.45739442110061646
48947,2,03_Funk1-114-Ab_comp.jams,742334,4,4,4,4,keep,4,4,0,0.5858568549156189,0.6729158759117126
48956,2,03_Funk1-114-Ab_comp.jams,760615,2,2,2,2,keep,2,2,0,0.3232834041118622,0.31252217292785645
48961,2,03_Funk1-114-Ab_comp.jams,800776,5,4,4,4,keep,4,4,0,0.581695556640625,0.7931877374649048
48966,2,03_Funk1-114-Ab_comp.jams,823931,3,3,3,3,keep,3,3,0,0.6510413289070129,0.43575039505958557
48971,2,03_Funk1-114-Ab_comp.jams,834594,1,2,2,3,keep,3,3,0,0.2631918787956238,0.017083996906876564
48972,2,03_Funk1-114-Ab_comp.jams,836359,4,4,4,4,keep,4,4,0,0.5055556893348694,0.7106667757034302
48981,2,03_Funk1-114-Ab_comp.jams,854432,2,2,2,2,keep,2,2,0,0.06273995339870453,0.04178209230303764
48984,2,03_Funk1-114-Ab_comp.jams,870674,3,4,3,2,mixed_by_complete_group,2,3,-1,0.19905327260494232,0.023909559473395348
48989,2,03_Funk1-114-Ab_comp.jams,893203,4,4,4,4,keep,4,4,0,0.3869778513908386,0.6485192775726318
48999,2,03_Funk1-114-Ab_comp.jams,952527,4,4,4,4,keep,4,4,0,0.7427172064781189,0.6945961117744446
49007,2,03_Funk1-114-Ab_comp.jams,969920,1,2,2,2,keep,2,2,0,0.46042320132255554,0.6070006489753723
49010,2,03_Funk1-114-Ab_comp.jams,985325,1,2,2,2,keep,2,2,0,0.3720547556877136,0.7780677080154419
49013,2,03_Funk1-114-Ab_comp.jams,1009051,4,2,2,2,keep,3,2,0,0.3915427029132843,0.5499183535575867
49015,2,03_Funk1-114-Ab_comp.jams,1030137,2,4,3,3,mixed_by_complete_group,3,3,0,0.172275573015213,9.047905041370541e-05
49019,2,03_Funk1-114-Ab_comp.jams,1046791,4,3,2,2,mixed_by_complete_group,2,2,0,0.23103410005569458,0.10579616576433182
49023,2,03_Funk1-114-Ab_comp.jams,1067593,3,4,4,4,keep,4,4,0,0.4393949508666992,0.8418436646461487
49034,2,03_Funk1-114-Ab_comp.jams,1090035,4,4,4,4,keep,4,4,0,0.5149046182632446,0.5302806496620178
51763,2,03_Jazz1-200-B_comp.jams,13844,3,4,2,3,mixed_by_complete_group,3,2,1,0.24300052225589752,0.046560969203710556
51771,2,03_Jazz1-200-B_comp.jams,64475,3,4,4,3,keep,4,2,0,0.6155673265457153,0.15907974541187286
51775,2,03_Jazz1-200-B_comp.jams,103715,3,2,2,2,keep,2,2,0,0.14621375501155853,0.1020381897687912
51785,2,03_Jazz1-200-B_comp.jams,160473,3,2,2,2,keep,2,2,0,0.5661253333091736,0.5813300609588623
51788,2,03_Jazz1-200-B_comp.jams,181234,3,2,2,2,keep,2,2,0,0.45530885457992554,0.75797039270401
51793,2,03_Jazz1-200-B_comp.jams,225052,4,4,3,3,mixed_by_complete_group,3,3,0,0.2546544373035431,0.3442476689815521
51804,2,03_Jazz1-200-B_comp.jams,266563,4,2,2,2,keep,2,2,0,0.3293748199939728,0.30888596177101135
51806,2,03_Jazz1-200-B_comp.jams,287362,4,3,3,2,keep,3,2,0,0.525927722454071,0.09524977207183838
51811,2,03_Jazz1-200-B_comp.jams,329856,3,2,2,2,keep,2,2,0,0.56333327293396,0.5756932497024536
51818,2,03_Jazz1-200-B_comp.jams,356528,2,2,2,2,keep,2,2,0,0.2641841471195221,0.527491569519043
51819,2,03_Jazz1-200-B_comp.jams,380886,3,2,2,2,keep,2,2,0,0.565260112285614,0.5510662794113159
51830,2,03_Jazz1-200-B_comp.jams,423422,4,2,2,3,keep,2,3,0,0.5414454936981201,0.4492512345314026
51851,2,03_Jazz1-200-B_comp.jams,486369,4,4,4,4,keep,4,4,0,0.48361703753471375,0.8106237053871155
51853,2,03_Jazz1-200-B_comp.jams,502780,1,2,2,2,keep,2,2,0,0.224849134683609,0.3514145612716675
51858,2,03_Jazz1-200-B_comp.jams,530483,4,3,3,3,keep,3,3,0,0.5952565670013428,0.4501687288284302
51866,2,03_Jazz1-200-B_comp.jams,552462,3,4,2,2,mixed_by_complete_group,2,2,0,0.37093213200569153,0.05885784700512886
51867,2,03_Jazz1-200-B_comp.jams,571530,3,2,2,3,keep,3,2,1,0.3354955315589905,0.32688087224960327
51872,2,03_Jazz1-200-B_comp.jams,595369,4,2,2,2,keep,2,2,0,0.4997892379760742,0.5730689167976379
51874,2,03_Jazz1-200-B_comp.jams,609201,4,4,2,3,local_rates_favor_correction_for_all_groups,3,2,0,0.21918697655200958,0.006760110147297382
51963,2,03_Jazz2-110-Bb_comp.jams,23283,4,4,4,3,keep,4,3,0,0.49394044280052185,0.29995742440223694
51978,2,03_Jazz2-110-Bb_comp.jams,64126,3,3,2,2,mixed_by_complete_group,2,2,0,0.3764963150024414,0.08939050883054733
51982,2,03_Jazz2-110-Bb_comp.jams,90572,0,4,2,2,mixed_by_complete_group,2,2,0,0.008208123967051506,0.000614635122474283
51983,2,03_Jazz2-110-Bb_comp.jams,96552,3,4,2,2,mixed_by_complete_group,2,2,0,0.12177075445652008,0.0016801368910819292
51994,2,03_Jazz2-110-Bb_comp.jams,134913,4,4,4,4,keep,4,4,0,0.5389180779457092,0.4078006446361542
52009,2,03_Jazz2-110-Bb_comp.jams,190572,3,3,2,3,local_rates_favor_regression_for_all_groups,3,3,1,0.472242146730423,0.5330827236175537
52023,2,03_Jazz2-110-Bb_comp.jams,230539,4,4,4,4,keep,4,4,0,0.6556236743927002,0.8826542496681213
52028,2,03_Jazz2-110-Bb_comp.jams,280844,4,4,4,4,keep,4,4,0,0.7362157106399536,0.8644307255744934
52057,2,03_Jazz2-110-Bb_comp.jams,350967,3,2,2,2,keep,2,2,0,0.36291250586509705,0.3335554003715515
52062,2,03_Jazz2-110-Bb_comp.jams,377940,0,2,2,2,keep,2,2,0,0.3404633402824402,0.29898902773857117
52063,2,03_Jazz2-110-Bb_comp.jams,401990,4,4,4,4,keep,4,4,0,0.5000271201133728,0.2817858159542084
52075,2,03_Jazz2-110-Bb_comp.jams,432984,3,3,3,2,keep,2,2,-1,0.245356485247612,0.09379421174526215
52081,2,03_Jazz2-110-Bb_comp.jams,473240,4,4,4,3,keep,4,3,0,0.61752849817276,0.2542489469051361
52096,2,03_Jazz2-110-Bb_comp.jams,519782,4,2,2,2,keep,2,2,0,0.4492725729942322,0.44101953506469727
52108,2,03_Jazz2-110-Bb_comp.jams,548324,0,2,2,2,keep,2,2,0,0.4610551595687866,0.404958039522171
52113,2,03_Jazz2-110-Bb_comp.jams,577851,4,4,4,4,keep,4,4,0,0.6814037561416626,0.8282027840614319
52128,2,03_Jazz2-110-Bb_comp.jams,618093,3,3,3,2,keep,2,3,-1,0.2996310591697693,0.28872939944267273
52140,2,03_Jazz2-110-Bb_comp.jams,647628,3,4,4,3,keep,3,3,1,0.1836196482181549,0.1285892128944397
52149,2,03_Jazz2-110-Bb_comp.jams,689196,4,4,4,4,keep,4,4,0,0.5149082541465759,0.36318355798721313
52154,2,03_Jazz2-110-Bb_comp.jams,714646,1,2,2,2,keep,2,2,0,0.2929151952266693,0.27196696400642395
52155,2,03_Jazz2-110-Bb_comp.jams,721000,3,2,2,2,keep,2,2,0,0.2858765721321106,0.3045617640018463
52169,2,03_Jazz2-110-Bb_comp.jams,769862,4,4,3,3,mixed_by_complete_group,3,3,0,0.22938567399978638,0.1541082262992859
52183,2,03_Jazz2-110-Bb_comp.jams,811542,4,3,3,2,keep,3,2,0,0.29869329929351807,0.10095494240522385
52198,2,03_Jazz2-110-Bb_comp.jams,865248,4,4,4,3,keep,4,3,0,0.5149964690208435,0.3768763244152069
52205,2,03_Jazz2-110-Bb_comp.jams,906043,4,4,4,4,keep,4,4,0,0.643447756767273,0.6648247838020325
52207,2,03_Jazz2-110-Bb_comp.jams,928941,4,4,4,4,keep,4,4,0,0.7211728692054749,0.7093589305877686
52215,2,03_Jazz2-110-Bb_comp.jams,962707,4,4,3,3,mixed_by_complete_group,3,3,0,0.24502184987068176,0.22127069532871246
52244,2,03_Jazz2-110-Bb_comp.jams,1057163,4,3,2,3,local_rates_favor_regression_for_all_groups,3,3,0,0.42151668667793274,0.6077215671539307
52270,2,03_Jazz2-110-Bb_comp.jams,1121718,4,4,4,4,keep,4,4,0,0.6490925550460815,0.9192814230918884
52275,2,03_Jazz2-110-Bb_comp.jams,1171551,4,4,4,4,keep,4,4,0,0.632374107837677,0.6817578077316284
52287,2,03_Jazz2-110-Bb_comp.jams,1203651,3,3,2,2,mixed_by_complete_group,2,2,0,0.20297127962112427,0.13754095137119293
52295,2,03_Jazz2-110-Bb_comp.jams,1243272,4,4,4,3,keep,4,3,0,0.5979039669036865,0.11857454478740692
52310,2,03_Jazz2-110-Bb_comp.jams,1313987,4,2,2,4,keep,2,4,0,0.4762975871562958,0.23702719807624817
52314,2,03_Jazz2-110-Bb_comp.jams,1336792,4,4,4,4,keep,4,4,0,0.6135243773460388,0.3763125538825989
52321,2,03_Jazz2-110-Bb_comp.jams,1351251,0,2,2,2,keep,2,2,0,0.0654725581407547,0.07453127205371857
52355,2,03_Jazz2-110-Bb_comp.jams,1443845,4,4,3,3,local_rates_favor_regression_for_all_groups,3,3,0,0.27018746733665466,0.1384599506855011
52362,2,03_Jazz2-110-Bb_comp.jams,1484087,4,4,4,4,keep,4,4,0,0.6354374289512634,0.6015186309814453
52523,2,03_Jazz2-110-Bb_solo.jams,1206552,1,2,2,2,keep,2,2,0,0.18889695405960083,0.21022941172122955
53757,2,03_Rock1-130-A_comp.jams,19590,2,2,2,2,keep,2,2,0,0.5394754409790039,0.43400266766548157
53765,2,03_Rock1-130-A_comp.jams,52604,3,4,4,4,keep,4,4,0,0.6291643381118774,0.6715945601463318
53773,2,03_Rock1-130-A_comp.jams,72412,1,2,2,2,keep,2,2,0,0.5956699252128601,0.7268912196159363
53777,2,03_Rock1-130-A_comp.jams,81983,3,3,2,2,mixed_by_complete_group,2,2,0,0.3399015963077545,0.26774507761001587
53782,2,03_Rock1-130-A_comp.jams,102637,3,4,3,3,mixed_by_complete_group,3,3,0,0.3756926953792572,0.03739375248551369
53787,2,03_Rock1-130-A_comp.jams,113411,2,3,3,3,keep,3,3,0,0.3140667676925659,0.2735482454299927
53791,2,03_Rock1-130-A_comp.jams,121818,3,2,2,2,keep,2,2,0,0.07879887521266937,0.09622962027788162
53799,2,03_Rock1-130-A_comp.jams,144567,3,2,2,2,keep,2,2,0,0.42097875475883484,0.5601952075958252
53803,2,03_Rock1-130-A_comp.jams,154708,1,3,2,2,mixed_by_complete_group,2,2,0,0.30299174785614014,0.361133873462677
53807,2,03_Rock1-130-A_comp.jams,165046,1,2,2,2,keep,2,2,0,0.5113459229469299,0.5519734621047974
53812,2,03_Rock1-130-A_comp.jams,183122,3,4,4,4,keep,4,4,0,0.592405378818512,0.6163561344146729
53821,2,03_Rock1-130-A_comp.jams,204265,1,2,2,2,keep,2,2,0,0.4976389706134796,0.5786401033401489
53824,2,03_Rock1-130-A_comp.jams,214273,3,4,4,4,keep,4,4,0,0.426300972700119,0.4582422375679016
53833,2,03_Rock1-130-A_comp.jams,234386,1,3,2,3,mixed_by_complete_group,2,3,0,0.31675291061401367,0.4153611660003662
53837,2,03_Rock1-130-A_comp.jams,243522,1,3,4,3,local_rates_favor_regression_for_all_groups,3,4,0,0.19840764999389648,0.2824009954929352
53845,2,03_Rock1-130-A_comp.jams,264077,1,2,2,2,keep,2,2,0,0.3081664741039276,0.36424753069877625
53849,2,03_Rock1-130-A_comp.jams,273669,1,4,2,2,local_rates_favor_correction_for_all_groups,2,2,0,0.06319934129714966,0.00025310448836535215
53850,2,03_Rock1-130-A_comp.jams,275636,2,2,3,2,mixed_by_complete_group,3,2,0,0.42576199769973755,0.7917431592941284
53854,2,03_Rock1-130-A_comp.jams,284479,3,2,2,2,keep,2,2,0,0.3644231855869293,0.49381372332572937
53858,2,03_Rock1-130-A_comp.jams,294767,2,2,2,2,keep,2,2,0,0.3552970886230469,0.5226165056228638
53870,2,03_Rock1-130-A_comp.jams,325102,2,4,4,2,keep,2,3,1,0.3092959523200989,0.07860076427459717
53871,2,03_Rock1-130-A_comp.jams,326896,1,3,3,2,keep,2,3,0,0.29819974303245544,0.31891196966171265
53879,2,03_Rock1-130-A_comp.jams,348179,2,3,3,3,keep,3,3,0,0.447055846452713,0.5002761483192444
53882,2,03_Rock1-130-A_comp.jams,358103,2,4,2,2,local_rates_favor_correction_for_all_groups,2,2,0,0.10510601103305817,0.013733740895986557
53886,2,03_Rock1-130-A_comp.jams,367766,4,4,4,3,keep,3,3,-1,0.23105080425739288,0.06904249638319016
53895,2,03_Rock1-130-A_comp.jams,387763,3,3,3,3,keep,3,3,0,0.4320637285709381,0.35753512382507324
53900,2,03_Rock1-130-A_comp.jams,397430,3,4,4,4,keep,4,4,0,0.46582335233688354,0.39269933104515076
53902,2,03_Rock1-130-A_comp.jams,401447,0,2,2,2,keep,2,2,0,0.05563205108046532,0.05364996939897537
53908,2,03_Rock1-130-A_comp.jams,417648,3,4,4,2,keep,4,2,0,0.3486179709434509,0.13540127873420715
53909,2,03_Rock1-130-A_comp.jams,419432,1,2,2,2,keep,2,2,0,0.3592243194580078,0.3207932114601135
53918,2,03_Rock1-130-A_comp.jams,438318,2,2,2,2,keep,2,2,0,0.589051365852356,0.6660643815994263
53922,2,03_Rock1-130-A_comp.jams,447335,2,4,4,3,keep,4,3,0,0.35641738772392273,0.07390984892845154
53932,2,03_Rock1-130-A_comp.jams,467223,3,4,4,2,keep,2,2,0,0.24703888595104218,0.04364384710788727
53935,2,03_Rock1-130-A_comp.jams,473184,1,2,2,2,keep,2,2,0,0.08490120619535446,0.09791108965873718
53939,2,03_Rock1-130-A_comp.jams,487741,2,2,2,2,keep,2,2,0,0.48397672176361084,0.2576933205127716
53948,2,03_Rock1-130-A_comp.jams,508576,2,4,2,2,local_rates_favor_correction_for_all_groups,2,2,0,0.15789823234081268,0.05512435734272003
53949,2,03_Rock1-130-A_comp.jams,510406,2,2,2,2,keep,2,2,0,0.46332645416259766,0.6494603753089905
53959,2,03_Rock1-130-A_comp.jams,539676,3,4,4,4,keep,4,4,0,0.4553389847278595,0.3247837424278259
53972,2,03_Rock1-130-A_comp.jams,568126,1,2,2,2,keep,2,2,0,0.201601043343544,0.47118785977363586
53973,2,03_Rock1-130-A_comp.jams,569920,2,3,3,3,keep,3,3,0,0.3961484730243683,0.6961382031440735
53978,2,03_Rock1-130-A_comp.jams,589397,2,2,2,2,keep,2,2,0,0.32104092836380005,0.3394322097301483
53983,2,03_Rock1-130-A_comp.jams,599755,2,3,3,2,keep,3,3,0,0.4496385157108307,0.3453925848007202
53987,2,03_Rock1-130-A_comp.jams,607318,1,2,2,2,keep,2,2,0,0.3406444191932678,0.30644941329956055
54000,2,03_Rock1-130-A_comp.jams,650321,3,3,3,2,keep,2,2,-1,0.3189449906349182,0.07415799796581268
54006,2,03_Rock1-130-A_comp.jams,662291,2,2,2,2,keep,2,2,0,0.24577581882476807,0.3294673562049866
54007,2,03_Rock1-130-A_comp.jams,664450,1,2,2,2,keep,2,2,0,0.10932955145835876,0.08748934417963028
54011,2,03_Rock1-130-A_comp.jams,672452,2,2,2,2,keep,2,2,0,0.22012586891651154,0.2577902376651764
54012,2,03_Rock1-130-A_comp.jams,674281,0,2,2,2,keep,2,2,0,0.09658384323120117,0.13972820341587067
54029,2,03_Rock1-130-A_comp.jams,722416,3,4,4,3,keep,3,3,1,0.22832871973514557,0.12502726912498474
54031,2,03_Rock1-130-A_comp.jams,726704,2,2,2,2,keep,2,2,0,0.020718956366181374,0.022052735090255737
54037,2,03_Rock1-130-A_comp.jams,741590,2,3,2,4,mixed_by_complete_group,4,2,-1,0.1331297606229782,0.1035890057682991
54038,2,03_Rock1-130-A_comp.jams,743753,2,4,2,2,local_rates_favor_correction_for_all_groups,2,2,0,0.047587983310222626,0.055452823638916016
54042,2,03_Rock1-130-A_comp.jams,753980,1,3,2,2,local_rates_favor_correction_for_all_groups,2,2,0,0.1829024851322174,0.13840210437774658
54043,2,03_Rock1-130-A_comp.jams,755765,1,2,2,2,keep,2,2,0,0.06656678020954132,0.08017300069332123
54050,2,03_Rock1-130-A_comp.jams,772235,3,4,3,4,local_rates_favor_regression_for_all_groups,3,4,0,0.31492671370506287,0.5260294675827026
54059,2,03_Rock1-130-A_comp.jams,792949,3,4,2,2,mixed_by_complete_group,2,2,0,0.19141577184200287,0.2903794050216675
54070,2,03_Rock1-130-A_comp.jams,823954,2,2,2,2,keep,2,2,0,0.4516487419605255,0.2824394702911377
54074,2,03_Rock1-130-A_comp.jams,834770,3,2,4,2,mixed_by_complete_group,2,4,0,0.3113124668598175,0.409023255109787
54078,2,03_Rock1-130-A_comp.jams,842524,1,2,2,2,keep,2,2,0,0.07734522223472595,0.07052239775657654
54082,2,03_Rock1-130-A_comp.jams,854154,1,2,2,2,keep,2,2,0,0.5672924518585205,0.7081828713417053
54086,2,03_Rock1-130-A_comp.jams,864601,2,2,3,3,mixed_by_complete_group,3,3,0,0.3338998556137085,0.1825748234987259
54087,2,03_Rock1-130-A_comp.jams,866386,2,2,2,2,keep,2,2,0,0.4114430248737335,0.6871364116668701
54095,2,03_Rock1-130-A_comp.jams,886286,1,3,2,2,mixed_by_complete_group,2,2,0,0.2789282500743866,0.18565471470355988
54097,2,03_Rock1-130-A_comp.jams,894630,1,2,2,2,keep,2,2,0,0.33933666348457336,0.5493234992027283
54106,2,03_Rock1-130-A_comp.jams,915452,2,3,2,2,mixed_by_complete_group,2,2,0,0.2311687022447586,0.297850638628006
54111,2,03_Rock1-130-A_comp.jams,927148,1,4,3,3,local_rates_favor_correction_for_all_groups,3,3,0,0.12353839725255966,0.04796363785862923
54115,2,03_Rock1-130-A_comp.jams,936146,1,3,2,3,mixed_by_complete_group,3,3,0,0.13545383512973785,0.2004283368587494
54118,2,03_Rock1-130-A_comp.jams,947589,2,2,2,2,keep,2,2,0,0.4408424496650696,0.48175501823425293
54127,2,03_Rock1-130-A_comp.jams,966732,1,2,2,3,keep,2,3,0,0.4160010516643524,0.22596092522144318
54207,2,03_Rock1-130-A_solo.jams,693054,1,2,2,2,keep,2,2,0,0.4318251311779022,0.5912368893623352
55474,2,03_Rock2-85-F_comp.jams,4,2,2,2,2,keep,2,2,0,0.08357542008161545,0.02188182808458805
55486,2,03_Rock2-85-F_comp.jams,24148,3,3,2,2,local_rates_favor_regression_for_all_groups,2,2,0,0.40914401412010193,0.12983080744743347
55489,2,03_Rock2-85-F_comp.jams,46071,3,4,4,3,keep,4,3,0,0.5728511214256287,0.29025769233703613
55504,2,03_Rock2-85-F_comp.jams,76540,1,2,2,2,keep,2,2,0,0.4453206956386566,0.48728451132774353
55513,2,03_Rock2-85-F_comp.jams,106803,2,3,3,2,keep,3,2,0,0.4458962678909302,0.1704397052526474
55515,2,03_Rock2-85-F_comp.jams,121919,2,4,4,4,keep,3,4,0,0.23549100756645203,0.28529295325279236
55527,2,03_Rock2-85-F_comp.jams,146326,2,2,2,2,keep,2,2,0,0.2622092068195343,0.2852642834186554
55532,2,03_Rock2-85-F_comp.jams,169321,2,3,2,3,local_rates_favor_correction_for_all_groups,2,3,0,0.3186834454536438,0.5623392462730408
55541,2,03_Rock2-85-F_comp.jams,201710,1,2,2,2,keep,2,2,0,0.27360403537750244,0.22945499420166016
55546,2,03_Rock2-85-F_comp.jams,247178,3,4,4,4,keep,4,4,0,0.6179599761962891,0.7889794707298279
55558,2,03_Rock2-85-F_comp.jams,270091,1,2,2,2,keep,2,2,0,0.42430269718170166,0.3448808193206787
55564,2,03_Rock2-85-F_comp.jams,294537,3,2,2,2,keep,2,2,0,0.5880885124206543,0.5354178547859192
55586,2,03_Rock2-85-F_comp.jams,339253,2,2,2,4,keep,2,2,0,0.28606465458869934,0.20774440467357635
55591,2,03_Rock2-85-F_comp.jams,371866,2,4,4,3,keep,4,3,0,0.5575553774833679,0.25400474667549133
55601,2,03_Rock2-85-F_comp.jams,395061,3,2,2,2,keep,2,2,0,0.4540598392486572,0.3710271716117859
55608,2,03_Rock2-85-F_comp.jams,419511,1,3,4,4,local_rates_favor_regression_for_all_groups,4,4,0,0.24210308492183685,0.02028629183769226
55621,2,03_Rock2-85-F_comp.jams,464775,2,4,4,4,keep,4,4,0,0.5832678079605103,0.5011049509048462
55628,2,03_Rock2-85-F_comp.jams,496529,3,3,4,3,local_rates_favor_regression_for_all_groups,4,3,0,0.3805014491081238,0.609697163105011
55640,2,03_Rock2-85-F_comp.jams,520685,3,2,2,2,keep,2,2,0,0.2500830292701721,0.3099062442779541
55645,2,03_Rock2-85-F_comp.jams,543810,2,4,4,4,keep,4,4,0,0.4797949492931366,0.8713603019714355
55661,2,03_Rock2-85-F_comp.jams,591376,3,4,4,4,keep,4,4,0,0.5677347183227539,0.7609832882881165
55665,2,03_Rock2-85-F_comp.jams,622810,4,4,4,4,keep,4,4,0,0.5010160207748413,0.7065767049789429
55675,2,03_Rock2-85-F_comp.jams,647096,3,3,2,2,mixed_by_complete_group,2,2,0,0.2469852715730667,0.24579517543315887
55678,2,03_Rock2-85-F_comp.jams,668496,4,4,4,4,keep,4,4,0,0.4712018370628357,0.33146604895591736
55690,2,03_Rock2-85-F_comp.jams,698077,2,2,2,2,keep,2,2,0,0.2297578603029251,0.13489699363708496
55700,2,03_Rock2-85-F_comp.jams,741641,1,2,2,2,keep,2,2,0,0.27080607414245605,0.4276086986064911
55701,2,03_Rock2-85-F_comp.jams,743834,1,3,3,2,keep,2,3,0,0.14311660826206207,0.0821533128619194
55702,2,03_Rock2-85-F_comp.jams,746104,1,2,2,2,keep,2,2,0,0.5044367909431458,0.6926130056381226
55703,2,03_Rock2-85-F_comp.jams,747906,2,2,2,2,keep,2,2,0,0.3853749930858612,0.40067484974861145
55717,2,03_Rock2-85-F_comp.jams,776028,3,2,2,2,keep,2,2,0,0.4600394368171692,0.40982240438461304
55726,2,03_Rock2-85-F_comp.jams,793836,2,2,2,2,keep,2,2,0,0.5354017019271851,0.5951904058456421
55740,2,03_Rock2-85-F_comp.jams,823186,2,2,2,2,keep,2,2,0,0.5216526389122009,0.6302841305732727
55747,2,03_Rock2-85-F_comp.jams,838365,3,4,4,3,keep,4,3,0,0.4173184633255005,0.13109570741653442
55755,2,03_Rock2-85-F_comp.jams,854795,1,2,2,2,keep,2,2,0,0.5118892192840576,0.5906907320022583
55762,2,03_Rock2-85-F_comp.jams,870455,2,3,3,2,keep,3,3,0,0.4476069509983063,0.37025004625320435
55769,2,03_Rock2-85-F_comp.jams,883875,2,2,2,2,keep,2,2,0,0.2891182005405426,0.41076409816741943
55776,2,03_Rock2-85-F_comp.jams,898991,1,2,2,2,keep,2,2,0,0.3630802631378174,0.8505740761756897
55777,2,03_Rock2-85-F_comp.jams,900877,3,4,4,4,keep,4,4,0,0.3618071377277374,0.4089590609073639
55784,2,03_Rock2-85-F_comp.jams,916359,2,2,2,2,keep,2,2,0,0.31406763195991516,0.2785116732120514
55791,2,03_Rock2-85-F_comp.jams,930548,2,2,2,2,keep,2,2,0,0.2393147200345993,0.29442736506462097
55799,2,03_Rock2-85-F_comp.jams,947475,1,2,2,2,keep,2,2,0,0.5041709542274475,0.4184313416481018
55806,2,03_Rock2-85-F_comp.jams,963340,3,3,2,4,local_rates_favor_regression_for_all_groups,4,2,0,0.2610284686088562,0.11078843474388123
55809,2,03_Rock2-85-F_comp.jams,969488,0,2,2,2,keep,2,2,0,0.20388707518577576,0.19444134831428528
55818,2,03_Rock2-85-F_comp.jams,990234,1,2,2,2,keep,2,2,0,0.5674647092819214,0.7359630465507507
55826,2,03_Rock2-85-F_comp.jams,1007092,0,2,2,2,keep,2,2,0,0.0017915827920660377,0.008075326681137085
55831,2,03_Rock2-85-F_comp.jams,1018519,2,3,2,2,local_rates_favor_correction_for_all_groups,2,2,0,0.17797081172466278,0.005287219304591417
55836,2,03_Rock2-85-F_comp.jams,1041888,3,4,2,2,local_rates_favor_correction_for_all_groups,2,2,0,0.24383415281772614,0.08539099991321564
55850,2,03_Rock2-85-F_comp.jams,1072666,1,3,2,2,mixed_by_complete_group,2,2,0,0.27871644496917725,0.04871311038732529
55855,2,03_Rock2-85-F_comp.jams,1088794,4,4,2,3,local_rates_favor_regression_for_all_groups,3,2,0,0.16517145931720734,0.2348286658525467
55857,2,03_Rock2-85-F_comp.jams,1092712,0,2,2,2,keep,2,2,0,0.08922658115625381,0.13891126215457916
55862,2,03_Rock2-85-F_comp.jams,1117488,1,4,4,2,keep,4,2,0,0.09142142534255981,7.353634282480925e-05
55863,2,03_Rock2-85-F_comp.jams,1119278,3,3,2,2,local_rates_favor_regression_for_all_groups,2,2,0,0.2666705250740051,0.11133462190628052
55873,2,03_Rock2-85-F_comp.jams,1143186,3,4,4,4,keep,3,4,1,0.3634675443172455,0.7361885905265808
55877,2,03_Rock2-85-F_comp.jams,1165271,2,3,2,2,local_rates_favor_correction_for_all_groups,2,2,0,0.08351076394319534,0.02372698485851288
55895,2,03_Rock2-85-F_comp.jams,1211606,2,3,4,4,mixed_by_complete_group,3,4,0,0.41665661334991455,0.21331901848316193
55918,2,03_Rock2-85-F_comp.jams,1290725,3,4,4,4,keep,4,4,0,0.49375757575035095,0.8994331955909729
55940,2,03_Rock2-85-F_comp.jams,1336841,3,4,4,4,keep,4,4,0,0.5241912603378296,0.49208787083625793
55948,2,03_Rock2-85-F_comp.jams,1369592,2,4,2,2,mixed_by_complete_group,2,2,0,0.2108955681324005,0.02753576822578907
55949,2,03_Rock2-85-F_comp.jams,1371492,2,2,2,2,keep,2,2,0,0.26752614974975586,0.30139806866645813
55960,2,03_Rock2-85-F_comp.jams,1392725,1,3,3,2,keep,3,2,0,0.12553441524505615,0.00012217226321808994
55966,2,03_Rock2-85-F_comp.jams,1416382,3,4,4,4,keep,4,4,0,0.5458070635795593,0.6079476475715637
55981,2,03_Rock2-85-F_comp.jams,1445539,1,2,2,2,keep,2,2,0,0.5405099987983704,0.5774399042129517
55989,2,03_Rock2-85-F_comp.jams,1461538,3,4,2,2,local_rates_favor_correction_for_all_groups,2,2,0,0.17689508199691772,0.12646004557609558
55990,2,03_Rock2-85-F_comp.jams,1463331,2,2,2,2,keep,2,2,0,0.4881868064403534,0.8800927996635437
55996,2,03_Rock2-85-F_comp.jams,1494113,2,3,4,3,mixed_by_complete_group,4,3,0,0.3654489517211914,0.8152941465377808
55997,2,03_Rock2-85-F_comp.jams,1495936,2,2,2,2,keep,2,2,0,0.25818774104118347,0.3313644230365753
56008,2,03_Rock2-85-F_comp.jams,1518301,3,4,3,3,local_rates_favor_regression_for_all_groups,3,3,0,0.21023744344711304,0.13576200604438782
56012,2,03_Rock2-85-F_comp.jams,1538322,2,2,2,2,keep,3,2,-1,0.38671058416366577,0.4544564187526703
56028,2,03_Rock2-85-F_comp.jams,1586943,4,4,4,4,keep,4,4,0,0.5479460954666138,0.4166354238986969
56031,2,03_Rock2-85-F_comp.jams,1592892,0,2,2,2,keep,2,2,0,0.018250124529004097,0.0366746224462986
56035,2,03_Rock2-85-F_comp.jams,1620182,2,4,2,2,local_rates_favor_correction_for_all_groups,2,2,0,0.13434508442878723,0.12400154769420624
56042,2,03_Rock2-85-F_comp.jams,1641632,3,3,3,3,keep,3,3,0,0.27966684103012085,0.2463889867067337
56043,2,03_Rock2-85-F_comp.jams,1663775,2,3,2,2,local_rates_favor_correction_for_all_groups,2,2,0,0.30301469564437866,0.19319160282611847
56048,2,03_Rock2-85-F_comp.jams,1675396,0,2,2,2,keep,2,2,0,0.02140900492668152,0.018950093537569046
56061,2,03_Rock2-85-F_comp.jams,1726983,2,2,2,2,keep,2,2,0,0.6237559914588928,0.9840816259384155
56065,2,03_Rock2-85-F_comp.jams,1741050,2,2,2,2,keep,2,2,0,0.373725563287735,0.9244787096977234
56078,2,03_Rock2-85-F_comp.jams,1768216,1,2,2,2,keep,2,2,0,0.36031147837638855,0.39769190549850464
56084,2,03_Rock2-85-F_comp.jams,1790380,2,4,2,4,local_rates_favor_correction_for_all_groups,2,4,0,0.25366905331611633,0.5671660900115967
56085,2,03_Rock2-85-F_comp.jams,1792149,2,2,3,3,mixed_by_complete_group,3,3,0,0.2085224837064743,0.14421704411506653
56105,2,03_Rock2-85-F_comp.jams,1835754,3,4,4,4,keep,4,4,0,0.4078187346458435,0.1965833604335785
56112,2,03_Rock2-85-F_comp.jams,1850551,2,2,2,2,keep,2,2,0,0.5762380361557007,0.5168026089668274
56118,2,03_Rock2-85-F_comp.jams,1862385,0,2,2,2,keep,2,2,0,0.14589275419712067,0.19586002826690674
56119,2,03_Rock2-85-F_comp.jams,1864150,1,2,2,2,keep,2,2,0,0.5743510723114014,0.8298801183700562
56121,2,03_Rock2-85-F_comp.jams,1869038,1,2,2,2,keep,2,2,0,0.27480825781822205,0.309604674577713
56132,2,03_Rock2-85-F_comp.jams,1890795,1,3,2,2,local_rates_favor_correction_for_all_groups,2,2,0,0.13803482055664062,0.015103409998118877
56136,2,03_Rock2-85-F_comp.jams,1898945,3,2,2,2,keep,2,2,0,0.26571768522262573,0.17804120481014252
56142,2,03_Rock2-85-F_comp.jams,1912854,2,3,3,2,keep,2,2,1,0.1359288990497589,0.0021674041636288166
56143,2,03_Rock2-85-F_comp.jams,1915464,2,2,2,2,keep,2,2,0,0.2274780571460724,0.289172887802124
56166,2,03_Rock2-85-F_comp.jams,1962140,1,2,2,2,keep,2,2,0,0.5103855133056641,0.5317445993423462
56204,2,03_Rock2-85-F_solo.jams,356094,1,3,2,2,mixed_by_complete_group,2,2,0,0.1630329191684723,0.04144909605383873
56330,2,03_Rock2-85-F_solo.jams,1855608,1,2,2,2,keep,2,2,0,0.32047685980796814,0.7954853773117065
62095,2,04_Funk1-114-Ab_comp.jams,27,3,4,4,3,keep,4,3,0,0.5839884281158447,0.22049197554588318
62103,2,04_Funk1-114-Ab_comp.jams,18973,3,4,3,2,mixed_by_complete_group,2,3,-1,0.2326311469078064,0.3323499858379364
62110,2,04_Funk1-114-Ab_comp.jams,57661,1,3,3,3,keep,3,3,0,0.55772864818573,0.685238778591156
62115,2,04_Funk1-114-Ab_comp.jams,75299,3,3,3,4,keep,3,4,0,0.5004602670669556,0.3402610421180725
62120,2,04_Funk1-114-Ab_comp.jams,93577,3,4,4,4,keep,4,4,0,0.5978354215621948,0.7083248496055603
62128,2,04_Funk1-114-Ab_comp.jams,110074,0,2,2,2,keep,2,2,0,0.1048453077673912,0.23833994567394257
62129,2,04_Funk1-114-Ab_comp.jams,111846,3,4,4,2,keep,2,3,0,0.17795860767364502,0.047238193452358246
62136,2,04_Funk1-114-Ab_comp.jams,151131,3,4,4,4,keep,4,4,0,0.5069859027862549,0.8909326195716858
62139,2,04_Funk1-114-Ab_comp.jams,168748,3,3,3,3,keep,3,4,0,0.6639479994773865,0.32532864809036255
62143,2,04_Funk1-114-Ab_comp.jams,186115,3,4,4,4,keep,4,4,0,0.5021723508834839,0.34353673458099365
62152,2,04_Funk1-114-Ab_comp.jams,204383,3,2,3,3,mixed_by_complete_group,3,3,0,0.3891429007053375,0.14848241209983826
62159,2,04_Funk1-114-Ab_comp.jams,243900,3,4,4,4,keep,4,4,0,0.5876240730285645,0.5693410634994507
62163,2,04_Funk1-114-Ab_comp.jams,260544,0,2,2,2,keep,2,2,0,0.34025928378105164,0.12052501738071442
62167,2,04_Funk1-114-Ab_comp.jams,278819,3,4,4,4,keep,4,4,0,0.5150272250175476,0.23417037725448608
62170,2,04_Funk1-114-Ab_comp.jams,284512,3,2,2,2,keep,2,2,0,0.05590110644698143,0.07630585879087448
62175,2,04_Funk1-114-Ab_comp.jams,295471,1,2,2,3,keep,2,3,0,0.30998414754867554,0.0476364903151989
62179,2,04_Funk1-114-Ab_comp.jams,313182,4,4,4,4,keep,4,4,0,0.5560424327850342,0.7030051350593567
62184,2,04_Funk1-114-Ab_comp.jams,330726,0,2,2,3,keep,2,3,0,0.037087295204401016,8.781604992691427e-05
62186,2,04_Funk1-114-Ab_comp.jams,336765,4,4,4,4,keep,4,4,0,0.6710026860237122,0.3851662278175354
62190,2,04_Funk1-114-Ab_comp.jams,348731,4,4,4,4,keep,4,4,0,0.41919803619384766,0.2978373169898987
62193,2,04_Funk1-114-Ab_comp.jams,355248,2,3,3,3,keep,3,3,0,0.2866843640804291,0.24643392860889435
62197,2,04_Funk1-114-Ab_comp.jams,371603,3,4,4,4,keep,4,4,0,0.6092557311058044,0.6450355052947998
62205,2,04_Funk1-114-Ab_comp.jams,388802,1,3,3,3,keep,3,3,0,0.5760542154312134,0.9454237222671509
62213,2,04_Funk1-114-Ab_comp.jams,429902,3,4,4,4,keep,4,4,0,0.62029629945755,0.7853299379348755
62217,2,04_Funk1-114-Ab_comp.jams,447054,1,3,3,3,keep,3,3,0,0.3574464023113251,0.5747324824333191
62222,2,04_Funk1-114-Ab_comp.jams,464126,3,4,4,4,keep,4,4,0,0.34118926525115967,0.31561771035194397
62229,2,04_Funk1-114-Ab_comp.jams,480707,0,3,3,3,keep,3,3,0,0.19034187495708466,0.21482259035110474
62237,2,04_Funk1-114-Ab_comp.jams,522090,2,3,3,3,keep,4,3,0,0.30815210938453674,0.3647962212562561
62242,2,04_Funk1-114-Ab_comp.jams,540144,2,3,3,3,keep,3,3,0,0.36504673957824707,0.4181990623474121
62249,2,04_Funk1-114-Ab_comp.jams,568527,3,3,3,3,keep,3,3,0,0.4036300778388977,0.5269408226013184
62253,2,04_Funk1-114-Ab_comp.jams,585925,1,3,2,2,local_rates_favor_correction_for_all_groups,3,2,0,0.33647873997688293,0.1027265191078186
62258,2,04_Funk1-114-Ab_comp.jams,603680,3,4,4,4,keep,4,4,0,0.32783493399620056,0.31338024139404297
62266,2,04_Funk1-114-Ab_comp.jams,621934,3,4,3,4,mixed_by_complete_group,3,4,0,0.3546232283115387,0.7029560208320618
62270,2,04_Funk1-114-Ab_comp.jams,639495,2,3,3,3,keep,3,3,0,0.33834731578826904,0.4900384545326233
62272,2,04_Funk1-114-Ab_comp.jams,647197,2,2,2,2,keep,2,2,0,0.2058619111776352,0.16562248766422272
62275,2,04_Funk1-114-Ab_comp.jams,662258,3,4,4,4,keep,4,4,0,0.540266752243042,0.8221924304962158
62280,2,04_Funk1-114-Ab_comp.jams,679747,3,2,2,2,keep,2,2,0,0.5230557918548584,0.842629611492157
62284,2,04_Funk1-114-Ab_comp.jams,696544,3,4,4,4,keep,4,4,0,0.2886101007461548,0.456600546836853
62291,2,04_Funk1-114-Ab_comp.jams,713426,0,2,2,2,keep,2,2,0,0.2414924055337906,0.21132713556289673
62292,2,04_Funk1-114-Ab_comp.jams,715268,3,2,2,2,keep,2,2,0,0.3314365744590759,0.4071042239665985
62294,2,04_Funk1-114-Ab_comp.jams,726698,3,2,2,2,keep,2,2,0,0.57994544506073,0.86497563123703
62299,2,04_Funk1-114-Ab_comp.jams,742890,3,4,4,4,keep,4,4,0,0.6028892993927002,0.7035245895385742
62302,2,04_Funk1-114-Ab_comp.jams,753891,3,4,4,4,keep,4,4,0,0.39279431104660034,0.4676755964756012
62307,2,04_Funk1-114-Ab_comp.jams,771255,0,2,2,2,keep,2,2,0,0.29233285784721375,0.05909645929932594
62310,2,04_Funk1-114-Ab_comp.jams,789627,2,3,3,3,keep,3,3,0,0.3786598742008209,0.4941537380218506
62315,2,04_Funk1-114-Ab_comp.jams,806975,2,2,2,2,keep,2,2,0,0.691932737827301,0.9490872621536255
62319,2,04_Funk1-114-Ab_comp.jams,823663,3,4,4,4,keep,4,4,0,0.40122073888778687,0.618205726146698
62322,2,04_Funk1-114-Ab_comp.jams,835569,2,2,2,3,keep,3,2,-1,0.406864732503891,0.4018976092338562
62324,2,04_Funk1-114-Ab_comp.jams,846375,3,4,4,4,keep,4,4,0,0.51734858751297,0.8231678605079651
62329,2,04_Funk1-114-Ab_comp.jams,864419,2,2,2,2,keep,2,2,0,0.24986965954303741,0.6547505855560303
62333,2,04_Funk1-114-Ab_comp.jams,881982,3,4,4,4,keep,4,4,0,0.6017183661460876,0.6916390657424927
62341,2,04_Funk1-114-Ab_comp.jams,901365,3,2,2,2,keep,2,2,0,0.28250283002853394,0.24068856239318848
62343,2,04_Funk1-114-Ab_comp.jams,911706,3,3,3,3,keep,3,3,0,0.36682018637657166,0.5711790919303894
62348,2,04_Funk1-114-Ab_comp.jams,939650,3,4,4,4,keep,4,4,0,0.5699099898338318,0.5618606805801392
62351,2,04_Funk1-114-Ab_comp.jams,957415,2,3,3,3,keep,3,3,0,0.42911893129348755,0.7396650314331055
62355,2,04_Funk1-114-Ab_comp.jams,974312,3,4,4,4,keep,4,4,0,0.28850921988487244,0.3923199474811554
62363,2,04_Funk1-114-Ab_comp.jams,991268,2,4,4,4,keep,4,4,0,0.2503746747970581,0.0549047477543354
62367,2,04_Funk1-114-Ab_comp.jams,1009484,2,4,4,4,keep,4,4,0,0.6225706934928894,0.7782860994338989
62369,2,04_Funk1-114-Ab_comp.jams,1015355,2,2,2,2,keep,2,2,0,0.235707089304924,0.23991632461547852
62370,2,04_Funk1-114-Ab_comp.jams,1017134,1,2,2,2,keep,2,2,0,0.28724047541618347,0.2703034579753876
62373,2,04_Funk1-114-Ab_comp.jams,1027218,2,3,3,3,keep,3,3,0,0.5850654244422913,0.8357312083244324
62378,2,04_Funk1-114-Ab_comp.jams,1044576,2,3,3,3,keep,3,3,0,0.4402940571308136,0.38311347365379333
62380,2,04_Funk1-114-Ab_comp.jams,1051163,3,4,2,3,mixed_by_complete_group,3,2,1,0.20790793001651764,0.30534645915031433
62383,2,04_Funk1-114-Ab_comp.jams,1061533,0,3,3,3,keep,3,3,0,0.01457432471215725,0.0006469131913036108
62385,2,04_Funk1-114-Ab_comp.jams,1067483,3,4,4,4,keep,4,4,0,0.2920086681842804,0.30353429913520813
62389,2,04_Funk1-114-Ab_comp.jams,1078810,2,4,4,4,keep,4,4,0,0.5493263602256775,0.5463862419128418
62393,2,04_Funk1-114-Ab_comp.jams,1091294,4,4,4,4,keep,4,4,0,0.5181722640991211,0.6330620050430298
62396,2,04_Funk1-114-Ab_comp.jams,1102203,4,4,4,4,keep,4,4,0,0.32327625155448914,0.27177274227142334
62451,2,04_Funk1-114-Ab_solo.jams,308348,1,2,2,2,keep,2,2,0,0.19198448956012726,0.28635114431381226
62528,2,04_Funk1-114-Ab_solo.jams,745926,0,2,2,2,keep,2,2,0,0.0788632333278656,0.059727754443883896
62557,2,04_Funk1-114-Ab_solo.jams,941805,1,2,2,2,keep,2,2,0,0.14491158723831177,0.22420234978199005
62567,2,04_Funk1-114-Ab_solo.jams,1008366,1,2,2,3,keep,2,3,0,0.1371248960494995,0.005710711237043142
65473,2,04_Jazz1-200-B_comp.jams,4,0,4,4,4,keep,4,4,0,0.5155242085456848,0.5433055758476257
65476,2,04_Jazz1-200-B_comp.jams,13930,4,4,4,3,keep,4,3,0,0.5910414457321167,0.4150395095348358
65480,2,04_Jazz1-200-B_comp.jams,27901,4,4,4,4,keep,4,4,0,0.4917045533657074,0.7020630836486816
65484,2,04_Jazz1-200-B_comp.jams,40450,4,4,4,4,keep,4,4,0,0.7575088739395142,0.8378976583480835
65488,2,04_Jazz1-200-B_comp.jams,54901,4,2,2,2,keep,2,2,0,0.47666653990745544,0.15968962013721466
65491,2,04_Jazz1-200-B_comp.jams,66487,1,4,4,4,keep,4,4,0,0.6393091678619385,0.7284964323043823
65495,2,04_Jazz1-200-B_comp.jams,79281,2,4,2,3,local_rates_favor_correction_for_all_groups,3,2,-1,0.2565273940563202,0.21918220818042755
65499,2,04_Jazz1-200-B_comp.jams,91551,0,2,2,2,keep,2,2,0,0.5228603482246399,0.47330906987190247
65507,2,04_Jazz1-200-B_comp.jams,113462,1,4,4,4,keep,4,4,0,0.5716667175292969,0.964719295501709
65513,2,04_Jazz1-200-B_comp.jams,132026,1,3,2,2,mixed_by_complete_group,2,2,0,0.18044695258140564,0.24011321365833282
65521,2,04_Jazz1-200-B_comp.jams,152095,0,2,2,2,keep,2,2,0,0.17092879116535187,0.036938730627298355
65524,2,04_Jazz1-200-B_comp.jams,165307,1,4,3,3,mixed_by_complete_group,3,3,0,0.33292722702026367,0.25017249584198
65533,2,04_Jazz1-200-B_comp.jams,184486,2,4,4,3,keep,3,2,0,0.27940839529037476,0.040258996188640594
65538,2,04_Jazz1-200-B_comp.jams,198470,2,2,2,2,keep,2,2,0,0.5414820909500122,0.27907830476760864
65542,2,04_Jazz1-200-B_comp.jams,211739,1,2,2,2,keep,2,2,0,0.07250064611434937,0.03183819353580475
65544,2,04_Jazz1-200-B_comp.jams,220713,0,4,4,2,keep,2,2,0,0.2449527382850647,0.0005435334169305861
65545,2,04_Jazz1-200-B_comp.jams,222674,0,2,2,2,keep,2,2,0,0.2371724545955658,0.06933256983757019
65552,2,04_Jazz1-200-B_comp.jams,249714,0,2,2,2,keep,2,2,0,0.4510430097579956,0.7152020931243896
65553,2,04_Jazz1-200-B_comp.jams,251514,2,2,2,2,keep,2,2,0,0.26633721590042114,0.10167394578456879
65556,2,04_Jazz1-200-B_comp.jams,263916,3,2,2,2,keep,2,2,0,0.15224246680736542,0.08659695088863373
65559,2,04_Jazz1-200-B_comp.jams,272645,0,2,2,2,keep,2,2,0,0.12425222992897034,0.08071968704462051
65570,2,04_Jazz1-200-B_comp.jams,316936,1,4,4,4,keep,4,4,0,0.7866514921188354,0.9792288541793823
65576,2,04_Jazz1-200-B_comp.jams,331276,4,2,2,3,keep,2,3,0,0.38085344433784485,0.20550072193145752
65581,2,04_Jazz1-200-B_comp.jams,344752,4,4,3,4,local_rates_favor_regression_for_all_groups,4,4,1,0.37406912446022034,0.38956353068351746
65584,2,04_Jazz1-200-B_comp.jams,357637,4,4,2,2,mixed_by_complete_group,2,2,0,0.1580648422241211,0.027265876531600952
65592,2,04_Jazz1-200-B_comp.jams,379214,2,4,4,4,keep,4,4,0,0.64523845911026,0.8000816702842712
65600,2,04_Jazz1-200-B_comp.jams,397591,2,4,4,3,keep,4,3,0,0.38673242926597595,0.24735163152217865
65612,2,04_Jazz1-200-B_comp.jams,423800,1,2,2,2,keep,2,2,0,0.17481729388237,0.15867355465888977
65615,2,04_Jazz1-200-B_comp.jams,430772,0,3,3,3,keep,3,3,0,0.5983210206031799,0.6126664876937866
65623,2,04_Jazz1-200-B_comp.jams,452123,0,3,2,2,mixed_by_complete_group,2,2,0,0.10156916826963425,0.030839204788208008
65627,2,04_Jazz1-200-B_comp.jams,463208,0,4,4,2,keep,2,3,0,0.24369488656520844,0.06533060222864151
65628,2,04_Jazz1-200-B_comp.jams,464984,3,2,2,2,keep,2,2,0,0.3367384970188141,0.19261610507965088
65631,2,04_Jazz1-200-B_comp.jams,476601,4,2,2,2,keep,2,2,0,0.36154085397720337,0.9869701862335205
65632,2,04_Jazz1-200-B_comp.jams,478409,0,2,2,2,keep,2,2,0,0.4798566699028015,0.23468409478664398
65635,2,04_Jazz1-200-B_comp.jams,488296,0,2,2,3,keep,2,2,0,0.014658660627901554,2.163023418688681e-05
65637,2,04_Jazz1-200-B_comp.jams,491839,2,2,2,3,keep,2,2,0,0.4377951920032501,0.17941029369831085
65641,2,04_Jazz1-200-B_comp.jams,503226,1,4,4,3,keep,4,3,0,0.5134872198104858,0.35801324248313904
65646,2,04_Jazz1-200-B_comp.jams,515853,3,4,3,3,local_rates_favor_regression_for_all_groups,3,3,0,0.16524888575077057,0.2743068039417267
65654,2,04_Jazz1-200-B_comp.jams,539094,0,2,2,2,keep,2,2,0,0.3454737067222595,0.34225496649742126
65659,2,04_Jazz1-200-B_comp.jams,556127,0,2,2,2,keep,2,2,0,0.15532280504703522,0.12746430933475494
65672,2,04_Jazz1-200-B_comp.jams,594354,3,2,4,2,local_rates_favor_regression_for_all_groups,2,2,0,0.2737503945827484,0.6820836663246155
65682,2,04_Jazz1-200-B_comp.jams,620298,0,2,2,2,keep,2,2,0,0.3798067569732666,0.7719250917434692
65683,2,04_Jazz1-200-B_comp.jams,622282,0,2,2,2,keep,2,2,0,0.5161145329475403,0.7717423439025879
65805,2,04_Jazz2-110-Bb_comp.jams,4,1,2,2,2,keep,2,2,0,0.12233491986989975,0.11999234557151794
65806,2,04_Jazz2-110-Bb_comp.jams,1827,1,2,2,2,keep,2,2,0,0.4889660179615021,0.5930572152137756
65814,2,04_Jazz2-110-Bb_comp.jams,89207,4,4,4,4,keep,4,4,0,0.48475730419158936,0.5084198713302612
65856,2,04_Jazz2-110-Bb_comp.jams,192470,3,2,2,2,keep,2,2,0,0.2918793857097626,0.0726880133152008
65878,2,04_Jazz2-110-Bb_comp.jams,256244,3,3,3,3,keep,3,3,0,0.5035756230354309,0.4887155294418335
65904,2,04_Jazz2-110-Bb_comp.jams,362422,3,4,4,4,keep,4,4,0,0.5057752728462219,0.4118974208831787
65908,2,04_Jazz2-110-Bb_comp.jams,385761,1,4,4,2,keep,2,4,0,0.03144184872508049,0.06603614240884781
65934,2,04_Jazz2-110-Bb_comp.jams,471019,3,4,4,4,keep,4,4,0,0.6147413849830627,0.8248350620269775
65953,2,04_Jazz2-110-Bb_comp.jams,521558,3,4,4,4,keep,4,4,0,0.6158718466758728,0.6489223837852478
65957,2,04_Jazz2-110-Bb_comp.jams,544818,3,4,4,4,keep,4,4,0,0.6132940649986267,0.6240491271018982
65962,2,04_Jazz2-110-Bb_comp.jams,567709,4,4,4,4,keep,4,4,0,0.6917592883110046,0.6179437041282654
65986,2,04_Jazz2-110-Bb_comp.jams,641200,4,4,4,4,keep,4,4,0,0.7618625164031982,0.8312394022941589
65989,2,04_Jazz2-110-Bb_comp.jams,664149,4,4,4,3,keep,4,2,0,0.5174405574798584,0.17740048468112946
66008,2,04_Jazz2-110-Bb_comp.jams,712133,4,3,3,3,keep,3,3,0,0.40480542182922363,0.40673044323921204
66011,2,04_Jazz2-110-Bb_comp.jams,735410,3,3,2,3,mixed_by_complete_group,2,3,0,0.41227251291275024,0.5698423981666565
66015,2,04_Jazz2-110-Bb_comp.jams,759713,4,4,3,4,local_rates_favor_regression_for_all_groups,4,3,1,0.4658011198043823,0.4340150058269501
66033,2,04_Jazz2-110-Bb_comp.jams,816521,3,2,2,3,keep,3,3,1,0.2656901776790619,0.04537054896354675
66038,2,04_Jazz2-110-Bb_comp.jams,832361,3,3,3,3,keep,3,3,0,0.5157806277275085,0.6535717248916626
66041,2,04_Jazz2-110-Bb_comp.jams,854587,4,4,4,4,keep,4,4,0,0.7122678756713867,0.8097238540649414
66046,2,04_Jazz2-110-Bb_comp.jams,882000,4,4,4,4,keep,4,4,0,0.7444244623184204,0.7561540603637695
66050,2,04_Jazz2-110-Bb_comp.jams,905080,4,4,4,4,keep,4,4,0,0.6404673457145691,0.6244216561317444
66054,2,04_Jazz2-110-Bb_comp.jams,930044,4,4,4,4,keep,4,4,0,0.576111912727356,0.6351003646850586
66058,2,04_Jazz2-110-Bb_comp.jams,964229,3,3,3,3,keep,3,3,0,0.3780578672885895,0.34464168548583984
66069,2,04_Jazz2-110-Bb_comp.jams,999659,4,2,2,3,keep,2,3,0,0.48883143067359924,0.09953716397285461
66074,2,04_Jazz2-110-Bb_comp.jams,1009846,4,4,2,4,mixed_by_complete_group,2,4,0,0.06782788038253784,0.5317119359970093
66080,2,04_Jazz2-110-Bb_comp.jams,1024833,4,4,4,4,keep,4,4,0,0.3604615330696106,0.6032552123069763
66083,2,04_Jazz2-110-Bb_comp.jams,1047951,4,4,4,4,keep,4,4,0,0.5849942564964294,0.8612123131752014
66111,2,04_Jazz2-110-Bb_comp.jams,1122145,4,4,3,4,local_rates_favor_regression_for_all_groups,3,4,0,0.36233794689178467,0.465605229139328
66117,2,04_Jazz2-110-Bb_comp.jams,1156014,3,3,3,2,keep,3,2,0,0.49246299266815186,0.2515190839767456
66138,2,04_Jazz2-110-Bb_comp.jams,1216468,4,4,4,4,keep,4,4,0,0.7260777950286865,0.8369970321655273
66141,2,04_Jazz2-110-Bb_comp.jams,1240730,3,4,4,4,keep,4,4,0,0.5591020584106445,0.5864989161491394
66157,2,04_Jazz2-110-Bb_comp.jams,1287324,3,4,4,4,keep,4,4,0,0.47653478384017944,0.6591350436210632
66169,2,04_Jazz2-110-Bb_comp.jams,1336032,1,2,2,2,keep,2,2,0,0.1291694939136505,0.11697086691856384
66171,2,04_Jazz2-110-Bb_comp.jams,1340035,1,2,2,2,keep,2,2,0,0.2587670087814331,0.15147720277309418
66205,2,04_Jazz2-110-Bb_comp.jams,1435057,3,4,2,4,mixed_by_complete_group,4,4,0,0.273220419883728,0.3766818046569824
66364,2,04_Jazz2-110-Bb_solo.jams,1436482,1,2,2,2,keep,2,2,0,0.19697996973991394,0.30520451068878174
67639,2,04_Rock1-130-A_comp.jams,1882,0,2,2,2,keep,2,2,0,0.4263741075992584,0.5358374714851379
67653,2,04_Rock1-130-A_comp.jams,42208,2,2,2,2,keep,2,2,0,0.40786945819854736,0.5205810070037842
67661,2,04_Rock1-130-A_comp.jams,61311,2,2,2,2,keep,4,2,-1,0.34654563665390015,0.38942408561706543
67665,2,04_Rock1-130-A_comp.jams,72837,2,2,2,2,keep,2,2,0,0.46371185779571533,0.4439436197280884
67676,2,04_Rock1-130-A_comp.jams,103236,2,2,2,2,keep,2,4,0,0.4455069303512573,0.35911014676094055
67682,2,04_Rock1-130-A_comp.jams,122197,1,3,3,3,keep,3,3,0,0.34608906507492065,0.36964887380599976
67691,2,04_Rock1-130-A_comp.jams,142641,2,2,2,3,keep,2,3,0,0.4530855417251587,0.3085176348686218
67698,2,04_Rock1-130-A_comp.jams,162783,2,2,2,3,keep,2,3,0,0.5464735627174377,0.25333544611930847
67708,2,04_Rock1-130-A_comp.jams,184356,2,2,2,2,keep,2,2,0,0.4486497938632965,0.5396924018859863
67727,2,04_Rock1-130-A_comp.jams,226056,2,2,2,2,keep,2,2,0,0.3563377857208252,0.45292091369628906
67743,2,04_Rock1-130-A_comp.jams,264908,2,2,2,3,keep,2,4,0,0.2953185439109802,0.09325858950614929
67750,2,04_Rock1-130-A_comp.jams,284881,1,2,2,3,keep,2,4,0,0.5458155274391174,0.2711198925971985
67758,2,04_Rock1-130-A_comp.jams,305773,2,2,2,2,keep,2,2,0,0.36519089341163635,0.4388348460197449
67763,2,04_Rock1-130-A_comp.jams,324947,3,2,2,2,keep,2,2,0,0.5652440190315247,0.6298943758010864
67772,2,04_Rock1-130-A_comp.jams,345315,2,2,2,2,keep,2,2,0,0.5226024389266968,0.619117796421051
67781,2,04_Rock1-130-A_comp.jams,367194,3,2,2,2,keep,2,2,0,0.5217863321304321,0.7446514368057251
67794,2,04_Rock1-130-A_comp.jams,397836,2,4,2,2,local_rates_favor_correction_for_all_groups,2,2,0,0.052893828600645065,0.024995852261781693
67805,2,04_Rock1-130-A_comp.jams,427787,2,2,2,2,keep,2,2,0,0.46886369585990906,0.5895711779594421
67820,2,04_Rock1-130-A_comp.jams,458603,2,2,2,2,keep,2,2,0,0.5372885465621948,0.6765430569648743
67825,2,04_Rock1-130-A_comp.jams,468694,2,2,2,2,keep,2,2,0,0.5091793537139893,0.6098464727401733
67831,2,04_Rock1-130-A_comp.jams,487955,2,4,2,4,mixed_by_complete_group,2,4,0,0.19003725051879883,0.4478785991668701
67838,2,04_Rock1-130-A_comp.jams,509141,3,3,3,3,keep,3,3,0,0.40129002928733826,0.46174320578575134
67846,2,04_Rock1-130-A_comp.jams,529403,3,2,2,2,keep,2,2,0,0.6023784279823303,0.4382730722427368
67854,2,04_Rock1-130-A_comp.jams,549423,0,2,2,3,keep,2,3,0,0.3048628270626068,0.0787644162774086
67855,2,04_Rock1-130-A_comp.jams,551278,3,2,2,2,keep,2,2,0,0.4412575364112854,0.5675178170204163
67858,2,04_Rock1-130-A_comp.jams,561338,3,2,2,2,keep,2,2,0,0.4689977765083313,0.3799707591533661
67863,2,04_Rock1-130-A_comp.jams,580989,2,2,2,2,keep,2,2,0,0.46620771288871765,0.5041693449020386
67867,2,04_Rock1-130-A_comp.jams,591098,2,2,2,3,keep,3,2,-1,0.33014965057373047,0.38878241181373596
67879,2,04_Rock1-130-A_comp.jams,621430,3,2,2,2,keep,2,2,0,0.467496782541275,0.5667641758918762
67887,2,04_Rock1-130-A_comp.jams,651020,3,4,4,4,keep,4,4,0,0.3457321226596832,0.6091877818107605
67893,2,04_Rock1-130-A_comp.jams,671715,1,3,3,2,keep,2,2,0,0.1660953164100647,0.006012931000441313
67906,2,04_Rock1-130-A_comp.jams,711836,1,2,2,2,keep,2,2,0,0.19313891232013702,0.28718966245651245
67909,2,04_Rock1-130-A_comp.jams,723557,3,3,2,2,mixed_by_complete_group,2,2,0,0.4054955244064331,0.2776813507080078
67916,2,04_Rock1-130-A_comp.jams,754706,2,2,2,2,keep,2,2,0,0.5307649374008179,0.5026124715805054
67922,2,04_Rock1-130-A_comp.jams,773945,3,2,2,2,keep,2,2,0,0.4405966103076935,0.6556688547134399
67927,2,04_Rock1-130-A_comp.jams,784547,2,2,2,2,keep,2,2,0,0.4466533362865448,0.6418636441230774
67932,2,04_Rock1-130-A_comp.jams,794582,2,2,2,2,keep,2,2,0,0.47914746403694153,0.5677525401115417
67937,2,04_Rock1-130-A_comp.jams,804182,1,2,2,2,keep,2,2,0,0.20866090059280396,0.26597559452056885
67941,2,04_Rock1-130-A_comp.jams,814586,2,2,2,3,keep,2,3,0,0.503036379814148,0.32552555203437805
67947,2,04_Rock1-130-A_comp.jams,835043,2,2,2,2,keep,2,2,0,0.2644994556903839,0.3058770000934601
67953,2,04_Rock1-130-A_comp.jams,855791,3,3,3,2,keep,3,2,0,0.4875693619251251,0.2196289449930191
67959,2,04_Rock1-130-A_comp.jams,874784,2,2,2,2,keep,2,2,0,0.44071125984191895,0.43567538261413574
67967,2,04_Rock1-130-A_comp.jams,905657,2,2,2,3,keep,2,3,0,0.592907190322876,0.30480462312698364
67978,2,04_Rock1-130-A_comp.jams,937136,3,2,2,2,keep,2,2,0,0.511651337146759,0.5820760726928711
67986,2,04_Rock1-130-A_comp.jams,956522,2,2,2,2,keep,2,2,0,0.43778470158576965,0.4807024300098419
68070,2,04_Rock1-130-A_solo.jams,640339,3,2,2,2,keep,2,2,0,0.2437777817249298,0.07502999901771545
68080,2,04_Rock1-130-A_solo.jams,661594,2,2,2,2,keep,2,2,0,0.625329852104187,0.734394907951355
68085,2,04_Rock1-130-A_solo.jams,671730,2,3,2,2,local_rates_favor_correction_for_all_groups,2,2,0,0.2667105793952942,0.014985248446464539
68090,2,04_Rock1-130-A_solo.jams,681925,2,3,2,2,mixed_by_complete_group,2,2,0,0.3131260871887207,0.059971559792757034
68095,2,04_Rock1-130-A_solo.jams,692144,2,3,2,2,local_rates_favor_correction_for_all_groups,2,2,0,0.2645818889141083,0.07326943427324295
68100,2,04_Rock1-130-A_solo.jams,702912,2,2,2,2,keep,2,2,0,0.6235198974609375,0.7406405806541443
69401,2,04_Rock2-85-F_comp.jams,45819,1,4,2,2,local_rates_favor_correction_for_all_groups,4,2,0,0.12876775860786438,0.06148000806570053
69527,2,04_Rock2-85-F_comp.jams,435596,1,4,3,3,local_rates_favor_regression_for_all_groups,3,3,0,0.16464397311210632,0.056629031896591187
69534,2,04_Rock2-85-F_comp.jams,451009,1,2,2,2,keep,2,2,0,0.4074944257736206,0.4501316249370575
69541,2,04_Rock2-85-F_comp.jams,466607,1,2,2,2,keep,2,2,0,0.10583943128585815,0.19755759835243225
69556,2,04_Rock2-85-F_comp.jams,526421,1,4,2,2,mixed_by_complete_group,2,2,0,0.025038084015250206,0.0026846881955862045
69563,2,04_Rock2-85-F_comp.jams,543797,1,4,4,4,keep,4,4,0,0.2941367030143738,0.23430299758911133
69571,2,04_Rock2-85-F_comp.jams,560160,1,4,2,2,local_rates_favor_correction_for_all_groups,2,2,0,0.21112941205501556,0.16658075153827667
69578,2,04_Rock2-85-F_comp.jams,575308,1,4,2,2,local_rates_favor_correction_for_all_groups,2,2,0,0.09056060016155243,0.008666759356856346
69585,2,04_Rock2-85-F_comp.jams,590481,1,3,2,2,mixed_by_complete_group,2,2,0,0.0386979803442955,0.041995320469141006
69594,2,04_Rock2-85-F_comp.jams,622231,1,2,3,3,mixed_by_complete_group,3,3,0,0.36120855808258057,0.12289819866418839
69612,2,04_Rock2-85-F_comp.jams,668877,1,4,2,2,local_rates_favor_correction_for_all_groups,2,2,0,0.08317472785711288,0.006282098591327667
69618,2,04_Rock2-85-F_comp.jams,685952,1,2,2,2,keep,2,2,0,0.3623092770576477,0.4069308340549469
69624,2,04_Rock2-85-F_comp.jams,699479,1,3,2,2,local_rates_favor_correction_for_all_groups,2,2,0,0.18931107223033905,0.1549852043390274
69631,2,04_Rock2-85-F_comp.jams,716871,1,4,3,3,mixed_by_complete_group,3,3,0,0.16018927097320557,0.03635614365339279
69637,2,04_Rock2-85-F_comp.jams,731322,1,3,2,2,mixed_by_complete_group,2,2,0,0.18453434109687805,0.15925072133541107
69662,2,04_Rock2-85-F_comp.jams,808418,1,3,2,2,mixed_by_complete_group,2,2,0,0.32815980911254883,0.2110854536294937
69675,2,04_Rock2-85-F_comp.jams,839614,0,2,2,3,keep,2,3,0,0.2701423168182373,0.036733392626047134
69705,2,04_Rock2-85-F_comp.jams,901038,1,2,2,2,keep,2,2,0,0.21923623979091644,0.2591210901737213
69748,2,04_Rock2-85-F_comp.jams,1009957,1,4,2,2,local_rates_favor_correction_for_all_groups,2,2,0,0.044434480369091034,0.004754647146910429
69755,2,04_Rock2-85-F_comp.jams,1024584,1,3,2,3,mixed_by_complete_group,2,2,0,0.16786856949329376,0.2552536129951477
69757,2,04_Rock2-85-F_comp.jams,1040311,1,4,2,2,mixed_by_complete_group,2,2,0,0.144285649061203,0.028086040169000626
69772,2,04_Rock2-85-F_comp.jams,1074875,1,2,2,2,keep,2,3,0,0.22245937585830688,0.02775556594133377
69779,2,04_Rock2-85-F_comp.jams,1089065,1,4,2,2,mixed_by_complete_group,2,2,0,0.13970330357551575,0.017926586791872978
69803,2,04_Rock2-85-F_comp.jams,1182760,1,2,2,2,keep,2,2,0,0.29462960362434387,0.3542070686817169
69808,2,04_Rock2-85-F_comp.jams,1215021,1,3,2,2,local_rates_favor_correction_for_all_groups,2,2,0,0.1868918538093567,0.12394218891859055
69817,2,04_Rock2-85-F_comp.jams,1246275,1,2,2,2,keep,2,2,0,0.3662945628166199,0.39265406131744385
69852,2,04_Rock2-85-F_comp.jams,1370011,1,2,2,2,keep,2,2,0,0.3971553444862366,0.7356564402580261
69878,2,04_Rock2-85-F_comp.jams,1447712,1,2,3,3,local_rates_favor_regression_for_all_groups,2,3,0,0.2503666877746582,0.03805570304393768
69883,2,04_Rock2-85-F_comp.jams,1462568,1,4,2,2,mixed_by_complete_group,2,2,0,0.0561518520116806,0.012779684737324715
69895,2,04_Rock2-85-F_comp.jams,1509995,1,4,2,2,local_rates_favor_correction_for_all_groups,2,2,0,0.11601172387599945,0.062079738825559616
69902,2,04_Rock2-85-F_comp.jams,1524614,1,4,3,3,local_rates_favor_regression_for_all_groups,3,3,0,0.06405126303434372,0.033703189343214035
69926,2,04_Rock2-85-F_comp.jams,1586252,1,4,3,3,mixed_by_complete_group,3,3,0,0.13397260010242462,0.036526795476675034
69935,2,04_Rock2-85-F_comp.jams,1618052,1,2,2,2,keep,2,2,0,0.47036993503570557,0.586254894733429
69942,2,04_Rock2-85-F_comp.jams,1634330,1,2,2,2,keep,2,2,0,0.2993658185005188,0.30655577778816223
69948,2,04_Rock2-85-F_comp.jams,1647851,1,2,2,2,keep,2,2,0,0.1831723153591156,0.1410032957792282
69949,2,04_Rock2-85-F_comp.jams,1649651,0,2,2,2,keep,2,2,0,0.29692041873931885,0.31645816564559937
69955,2,04_Rock2-85-F_comp.jams,1663268,1,4,4,3,keep,3,2,0,0.057786859571933746,0.009842832572758198
69969,2,04_Rock2-85-F_comp.jams,1694477,1,3,2,2,local_rates_favor_correction_for_all_groups,2,2,0,0.18447840213775635,0.02552919276058674
69978,2,04_Rock2-85-F_comp.jams,1712227,0,3,2,2,local_rates_favor_correction_for_all_groups,2,2,0,0.1706181913614273,0.05032609403133392
69984,2,04_Rock2-85-F_comp.jams,1727495,0,2,2,2,keep,2,2,0,0.08859854936599731,0.09993937611579895
69990,2,04_Rock2-85-F_comp.jams,1758702,1,2,3,2,local_rates_favor_regression_for_all_groups,2,2,0,0.24117140471935272,0.2594992220401764
70005,2,04_Rock2-85-F_comp.jams,1789684,1,4,3,3,mixed_by_complete_group,3,3,0,0.14195209741592407,0.14551134407520294
70012,2,04_Rock2-85-F_comp.jams,1805078,1,3,2,2,mixed_by_complete_group,2,2,0,0.07184954732656479,0.07134613394737244
70020,2,04_Rock2-85-F_comp.jams,1821250,1,2,2,2,keep,2,2,0,0.3159914016723633,0.2593449056148529
70027,2,04_Rock2-85-F_comp.jams,1835048,1,3,2,2,mixed_by_complete_group,2,2,0,0.09141376614570618,0.03729918971657753
70035,2,04_Rock2-85-F_comp.jams,1851411,1,4,3,3,local_rates_favor_regression_for_all_groups,3,3,0,0.15144963562488556,0.14782044291496277
70066,2,04_Rock2-85-F_comp.jams,1914019,1,3,2,2,local_rates_favor_correction_for_all_groups,2,2,0,0.11984991282224655,0.06299573928117752
70081,2,04_Rock2-85-F_comp.jams,1943763,1,2,2,2,keep,2,2,0,0.2855522334575653,0.3203061521053314
70096,2,04_Rock2-85-F_comp.jams,1974786,1,3,3,2,keep,2,2,0,0.10895682126283646,0.009027174673974514
70130,2,04_Rock2-85-F_solo.jams,371799,2,3,4,4,mixed_by_complete_group,4,4,0,0.3564763069152832,0.1651998907327652
70141,2,04_Rock2-85-F_solo.jams,402679,2,2,2,3,keep,3,3,-1,0.3403182327747345,0.12078900635242462
70153,2,04_Rock2-85-F_solo.jams,462896,2,3,3,3,keep,3,3,0,0.4270634055137634,0.7044939398765564
70226,2,04_Rock2-85-F_solo.jams,1308585,2,2,3,3,mixed_by_complete_group,3,3,0,0.41100865602493286,0.1599755585193634
70234,2,04_Rock2-85-F_solo.jams,1338966,2,2,2,2,keep,2,2,0,0.41448190808296204,0.6496631503105164
2148,4,00_Funk2-108-Eb_comp.jams,4,4,3,3,4,keep,3,4,0,0.19460318982601166,0.01036254595965147
2149,4,00_Funk2-108-Eb_comp.jams,1789,0,2,2,3,keep,2,3,0,0.2955436408519745,0.042660992592573166
2154,4,00_Funk2-108-Eb_comp.jams,18954,5,4,4,4,keep,4,4,0,0.5757128596305847,0.760522186756134
2157,4,00_Funk2-108-Eb_comp.jams,32161,3,2,2,2,keep,2,2,0,0.3997837007045746,0.00595701253041625
2160,4,00_Funk2-108-Eb_comp.jams,37692,4,3,4,3,mixed_by_complete_group,3,4,-1,0.22121402621269226,0.2437920868396759
2166,4,00_Funk2-108-Eb_comp.jams,57270,4,3,5,5,mixed_by_complete_group,5,5,0,0.2671244740486145,0.08454572409391403
2174,4,00_Funk2-108-Eb_comp.jams,74057,4,3,3,3,keep,3,3,0,0.32464542984962463,0.24923209846019745
2180,4,00_Funk2-108-Eb_comp.jams,92688,3,2,2,2,keep,2,2,0,0.40528154373168945,0.5744176506996155
2182,4,00_Funk2-108-Eb_comp.jams,97071,2,3,2,2,local_rates_favor_correction_for_all_groups,2,2,0,0.1872631013393402,0.08100388199090958
2183,4,00_Funk2-108-Eb_comp.jams,98947,2,2,2,2,keep,2,2,0,0.4372551441192627,0.13233859837055206
2186,4,00_Funk2-108-Eb_comp.jams,104509,0,2,2,2,keep,2,2,0,0.05989199876785278,0.0563509501516819
2188,4,00_Funk2-108-Eb_comp.jams,108760,3,2,2,2,keep,2,2,0,0.5678989291191101,0.43116363883018494
2192,4,00_Funk2-108-Eb_comp.jams,117069,3,2,2,2,keep,3,2,1,0.35616472363471985,0.5128485560417175
2197,4,00_Funk2-108-Eb_comp.jams,134759,3,3,3,5,keep,3,5,0,0.3408229649066925,0.091587595641613
2221,4,00_Funk2-108-Eb_comp.jams,196176,4,4,4,4,keep,3,4,-1,0.2943115830421448,0.5462259650230408
2224,4,00_Funk2-108-Eb_comp.jams,202606,5,3,4,4,local_rates_favor_correction_for_all_groups,4,4,0,0.33646824955940247,0.26940879225730896
2231,4,00_Funk2-108-Eb_comp.jams,215789,5,4,4,4,keep,4,5,0,0.38271409273147583,0.38151246309280396
2239,4,00_Funk2-108-Eb_comp.jams,234062,2,2,2,2,keep,2,2,0,0.155293270945549,0.12171491235494614
2256,4,00_Funk2-108-Eb_comp.jams,269218,5,3,4,4,mixed_by_complete_group,4,4,0,0.07927926629781723,0.0028152235317975283
2260,4,00_Funk2-108-Eb_comp.jams,287175,2,3,3,3,keep,3,3,0,0.5796124339103699,0.6478434801101685
2261,4,00_Funk2-108-Eb_comp.jams,294058,4,3,3,3,keep,4,3,1,0.28239011764526367,0.3111439645290375
2266,4,00_Funk2-108-Eb_comp.jams,312004,3,3,3,3,keep,3,3,0,0.16961172223091125,0.28436923027038574
2269,4,00_Funk2-108-Eb_comp.jams,331674,4,2,4,4,local_rates_favor_regression_for_all_groups,4,4,0,0.22766098380088806,0.019450899213552475
2279,4,00_Funk2-108-Eb_comp.jams,357316,4,3,3,3,keep,3,3,0,0.37330275774002075,0.4786873161792755
2286,4,00_Funk2-108-Eb_comp.jams,380886,1,2,2,2,keep,2,2,0,0.11072558909654617,0.1712309569120407
2288,4,00_Funk2-108-Eb_comp.jams,393184,3,3,3,3,keep,3,3,0,0.619271457195282,0.6195896863937378
2289,4,00_Funk2-108-Eb_comp.jams,399617,3,3,2,2,mixed_by_complete_group,2,2,0,0.23744019865989685,0.0037837678100913763
2291,4,00_Funk2-108-Eb_comp.jams,411265,4,3,3,3,keep,3,3,0,0.6059355139732361,0.4853455424308777
2295,4,00_Funk2-108-Eb_comp.jams,429164,4,4,3,3,mixed_by_complete_group,3,3,0,0.40765851736068726,0.17686595022678375
2308,4,00_Funk2-108-Eb_comp.jams,455148,2,2,2,2,keep,2,2,0,0.2917778193950653,0.2986353635787964
2313,4,00_Funk2-108-Eb_comp.jams,465243,4,3,2,5,local_rates_favor_correction_for_all_groups,3,2,0,0.25559985637664795,0.1750718057155609
2314,4,00_Funk2-108-Eb_comp.jams,467015,0,2,2,2,keep,2,2,0,0.17138686776161194,0.12034425884485245
2319,4,00_Funk2-108-Eb_comp.jams,483974,4,3,3,3,keep,3,3,0,0.30223023891448975,0.3689627945423126
2322,4,00_Funk2-108-Eb_comp.jams,490302,5,3,3,3,keep,3,3,0,0.3942643404006958,0.7073314189910889
2325,4,00_Funk2-108-Eb_comp.jams,496455,5,3,3,4,keep,3,4,0,0.3743292987346649,0.11895734816789627
2328,4,00_Funk2-108-Eb_comp.jams,509037,3,3,3,3,keep,3,3,0,0.45096898078918457,0.4749446511268616
2329,4,00_Funk2-108-Eb_comp.jams,520863,4,3,3,3,keep,3,3,0,0.755816638469696,0.5816748142242432
2333,4,00_Funk2-108-Eb_comp.jams,528289,0,2,2,2,keep,2,2,0,0.4723053574562073,0.5218955278396606
2348,4,00_Funk2-108-Eb_comp.jams,562580,2,2,2,2,keep,2,2,0,0.24666263163089752,0.2520965337753296
2349,4,00_Funk2-108-Eb_comp.jams,564434,3,3,3,3,keep,3,3,0,0.3651755154132843,0.4499434530735016
2354,4,00_Funk2-108-Eb_comp.jams,587766,5,3,3,3,keep,3,3,0,0.5157716274261475,0.3653278648853302
2361,4,00_Funk2-108-Eb_comp.jams,607044,4,2,3,2,local_rates_favor_regression_for_all_groups,2,2,0,0.39239078760147095,0.49253562092781067
2363,4,00_Funk2-108-Eb_comp.jams,625077,5,3,3,3,keep,3,3,0,0.5350852608680725,0.5900380611419678
2372,4,00_Funk2-108-Eb_comp.jams,644989,4,3,2,2,mixed_by_complete_group,2,2,0,0.13317842781543732,0.01801171712577343
2374,4,00_Funk2-108-Eb_comp.jams,662098,5,3,3,3,keep,3,3,0,0.6710165143013,0.5351778268814087
2379,4,00_Funk2-108-Eb_comp.jams,672026,1,2,2,2,keep,2,2,0,0.41076380014419556,0.26580747961997986
2385,4,00_Funk2-108-Eb_comp.jams,686109,3,2,3,3,mixed_by_complete_group,3,3,0,0.3058244585990906,0.14269305765628815
2394,4,00_Funk2-108-Eb_comp.jams,704783,5,3,3,2,keep,3,3,0,0.3361285924911499,0.09485290199518204
2396,4,00_Funk2-108-Eb_comp.jams,716123,3,2,2,2,keep,2,2,0,0.09305905550718307,0.006539835128933191
2397,4,00_Funk2-108-Eb_comp.jams,722241,5,3,3,3,keep,3,3,0,0.5306107997894287,0.7758939266204834
2402,4,00_Funk2-108-Eb_comp.jams,735059,3,2,2,2,keep,2,2,0,0.4957769811153412,0.532393753528595
2404,4,00_Funk2-108-Eb_comp.jams,740097,5,3,3,3,keep,3,3,0,0.39843401312828064,0.49093714356422424
2406,4,00_Funk2-108-Eb_comp.jams,745103,5,2,2,2,keep,2,2,0,0.49663060903549194,0.37969347834587097
2410,4,00_Funk2-108-Eb_comp.jams,753112,4,3,3,3,keep,3,3,0,0.6428102850914001,0.7466620802879333
2412,4,00_Funk2-108-Eb_comp.jams,757610,5,2,2,2,keep,2,2,0,0.5302873849868774,0.45823344588279724
2413,4,00_Funk2-108-Eb_comp.jams,759434,0,2,2,2,keep,2,2,0,0.6473440527915955,0.5536471009254456
2416,4,00_Funk2-108-Eb_comp.jams,765546,3,2,2,2,keep,2,2,0,0.6411722302436829,0.8858192563056946
2418,4,00_Funk2-108-Eb_comp.jams,770056,4,3,2,2,mixed_by_complete_group,2,2,0,0.04706632345914841,0.10142220556735992
2420,4,00_Funk2-108-Eb_comp.jams,777960,1,2,3,3,local_rates_favor_regression_for_all_groups,3,3,0,0.2076941579580307,0.04130438715219498
2421,4,00_Funk2-108-Eb_comp.jams,783505,3,3,3,2,keep,3,2,0,0.37710216641426086,0.10369999706745148
2428,4,00_Funk2-108-Eb_comp.jams,801694,4,2,3,3,mixed_by_complete_group,3,3,0,0.2723669409751892,0.05729370191693306
2429,4,00_Funk2-108-Eb_comp.jams,803502,1,2,2,3,keep,3,3,0,0.3857782781124115,0.03961731120944023
2430,4,00_Funk2-108-Eb_comp.jams,805767,0,2,2,2,keep,2,2,0,0.017592264339327812,0.019593266770243645
2433,4,00_Funk2-108-Eb_comp.jams,821666,6,3,3,3,keep,3,3,0,0.32835423946380615,0.3791016936302185
2440,4,00_Funk2-108-Eb_comp.jams,842178,4,3,3,3,keep,3,3,0,0.4401853680610657,0.49585631489753723
2445,4,00_Funk2-108-Eb_comp.jams,854075,0,2,2,2,keep,2,2,0,0.09184351563453674,0.011999959126114845
2447,4,00_Funk2-108-Eb_comp.jams,859117,6,3,3,3,keep,4,3,0,0.23388291895389557,0.5087933540344238
2450,4,00_Funk2-108-Eb_comp.jams,867041,0,2,2,2,keep,2,2,0,0.2859196960926056,0.19112537801265717
2451,4,00_Funk2-108-Eb_comp.jams,877020,6,3,3,4,keep,3,3,0,0.27219536900520325,0.20716343820095062
2453,4,00_Funk2-108-Eb_comp.jams,881291,0,2,2,2,keep,2,2,0,0.261875718832016,0.17744910717010498
2459,4,00_Funk2-108-Eb_comp.jams,893819,5,3,3,4,keep,3,4,0,0.3782109320163727,0.17525890469551086
2463,4,00_Funk2-108-Eb_comp.jams,903100,0,2,2,2,keep,2,2,0,0.010015774518251419,0.013897640630602837
2467,4,00_Funk2-108-Eb_comp.jams,912479,5,3,3,3,keep,3,3,0,0.2879088521003723,0.2472083568572998
2474,4,00_Funk2-108-Eb_comp.jams,928752,3,3,4,4,mixed_by_complete_group,4,3,0,0.14336058497428894,0.3639066815376282
2475,4,00_Funk2-108-Eb_comp.jams,930625,2,2,2,2,keep,2,2,0,0.4342150390148163,0.28268253803253174
2490,4,00_Funk2-108-Eb_comp.jams,960643,2,2,3,3,local_rates_favor_correction_for_all_groups,3,3,0,0.3591125011444092,0.3027831017971039
2492,4,00_Funk2-108-Eb_comp.jams,966472,2,2,2,2,keep,2,2,0,0.31792333722114563,0.16190192103385925
2494,4,00_Funk2-108-Eb_comp.jams,972907,4,3,2,2,mixed_by_complete_group,3,2,0,0.20791102945804596,0.08606286346912384
2504,4,00_Funk2-108-Eb_comp.jams,992700,6,4,3,3,local_rates_favor_regression_for_all_groups,3,3,0,0.3662194013595581,0.14870236814022064
2512,4,00_Funk2-108-Eb_comp.jams,1010690,5,3,5,5,local_rates_favor_regression_for_all_groups,5,5,0,0.1718372255563736,0.10110963135957718
2521,4,00_Funk2-108-Eb_comp.jams,1028902,5,3,3,3,keep,3,3,0,0.4217158555984497,0.5774222612380981
2531,4,00_Funk2-108-Eb_comp.jams,1048547,5,3,3,4,keep,3,4,0,0.29618212580680847,0.15122157335281372
2539,4,00_Funk2-108-Eb_comp.jams,1064423,5,3,4,4,local_rates_favor_correction_for_all_groups,4,4,0,0.19140152633190155,0.008749096654355526
2547,4,00_Funk2-108-Eb_comp.jams,1088494,5,4,3,4,local_rates_favor_regression_for_all_groups,4,4,0,0.3908417820930481,0.44419828057289124
2551,4,00_Funk2-108-Eb_comp.jams,1107715,5,3,3,4,keep,3,4,0,0.43325451016426086,0.20711904764175415
2554,4,00_Funk2-108-Eb_comp.jams,1124360,4,3,2,2,local_rates_favor_correction_for_all_groups,2,2,0,0.21260681748390198,0.14987395703792572
2555,4,00_Funk2-108-Eb_comp.jams,1126191,0,2,2,2,keep,2,2,0,0.36088037490844727,0.33046233654022217
2561,4,00_Funk2-108-Eb_comp.jams,1152222,4,3,3,5,keep,3,3,0,0.4279305040836334,0.2598021924495697
2566,4,00_Funk2-108-Eb_comp.jams,1170495,0,3,2,2,mixed_by_complete_group,2,2,0,0.08351346850395203,2.7241908355790656e-06
2567,4,00_Funk2-108-Eb_comp.jams,1188391,4,3,3,3,keep,3,3,0,0.5797921419143677,0.4320458173751831
2574,4,00_Funk2-108-Eb_comp.jams,1206927,4,3,3,3,keep,3,3,0,0.39517003297805786,0.2839065194129944
2582,4,00_Funk2-108-Eb_comp.jams,1223578,4,3,3,3,keep,3,3,0,0.2464812994003296,0.26646560430526733
2583,4,00_Funk2-108-Eb_comp.jams,1225435,0,3,2,2,mixed_by_complete_group,2,2,0,0.18439513444900513,0.1840239018201828
2596,4,00_Funk2-108-Eb_comp.jams,1252012,0,2,2,2,keep,2,2,0,0.014068672433495522,0.016315048560500145
2606,4,00_Funk2-108-Eb_comp.jams,1280556,4,4,3,5,local_rates_favor_regression_for_all_groups,5,3,0,0.340872198343277,0.2926691174507141
2609,4,00_Funk2-108-Eb_comp.jams,1287234,2,2,2,2,keep,2,2,0,0.4693147540092468,0.47218573093414307
2613,4,00_Funk2-108-Eb_comp.jams,1299075,4,3,3,3,keep,3,3,0,0.3289041817188263,0.36818939447402954
2619,4,00_Funk2-108-Eb_comp.jams,1311304,1,2,3,3,local_rates_favor_correction_for_all_groups,3,3,0,0.346084326505661,0.10186416655778885
2621,4,00_Funk2-108-Eb_comp.jams,1315008,0,2,2,2,keep,2,2,0,0.22294004261493683,0.09163598716259003
2622,4,00_Funk2-108-Eb_comp.jams,1317259,4,3,3,3,keep,3,3,0,0.3365246057510376,0.31255125999450684
2623,4,00_Funk2-108-Eb_comp.jams,1319036,0,2,2,2,keep,2,2,0,0.44295552372932434,0.36941778659820557
2625,4,00_Funk2-108-Eb_comp.jams,1324289,4,3,3,3,keep,3,3,0,0.6199200749397278,0.7437500357627869
2629,4,00_Funk2-108-Eb_comp.jams,1333925,2,2,2,2,keep,2,2,0,0.4766324758529663,0.5760228037834167
2630,4,00_Funk2-108-Eb_comp.jams,1336123,2,2,2,2,keep,2,2,0,0.6448633670806885,0.6607881188392639
2633,4,00_Funk2-108-Eb_comp.jams,1346702,3,2,2,2,keep,2,2,0,0.3333173990249634,0.3026440739631653
2634,4,00_Funk2-108-Eb_comp.jams,1348518,2,2,2,3,keep,2,3,0,0.3220134377479553,0.15861263871192932
2639,4,00_Funk2-108-Eb_comp.jams,1359512,5,3,2,2,mixed_by_complete_group,2,2,0,0.3665632903575897,0.2733357548713684
2642,4,00_Funk2-108-Eb_comp.jams,1371794,5,3,3,3,keep,3,3,0,0.3431224822998047,0.3419025242328644
2648,4,00_Funk2-108-Eb_comp.jams,1390396,5,3,3,3,keep,3,3,0,0.3893267512321472,0.16246719658374786
2650,4,00_Funk2-108-Eb_comp.jams,1401889,2,2,2,2,keep,2,2,0,0.4398450255393982,0.47402384877204895
2651,4,00_Funk2-108-Eb_comp.jams,1403828,2,2,2,2,keep,2,2,0,0.5535062551498413,0.9005246758460999
2653,4,00_Funk2-108-Eb_comp.jams,1409229,4,3,4,4,mixed_by_complete_group,4,4,0,0.3654058575630188,0.28521662950515747
2660,4,00_Funk2-108-Eb_comp.jams,1428173,4,3,2,2,mixed_by_complete_group,2,2,0,0.2762596905231476,0.20054315030574799
2662,4,00_Funk2-108-Eb_comp.jams,1433618,3,2,2,2,keep,2,2,0,0.5722394585609436,0.5324606895446777
2665,4,00_Funk2-108-Eb_comp.jams,1439537,4,3,5,3,local_rates_favor_regression_for_all_groups,3,5,0,0.273425430059433,0.29266825318336487
2668,4,00_Funk2-108-Eb_comp.jams,1446837,3,2,2,2,keep,2,2,0,0.3617886006832123,0.175099179148674
2670,4,00_Funk2-108-Eb_comp.jams,1459057,3,2,2,2,keep,2,2,0,0.47416698932647705,0.48099401593208313
2671,4,00_Funk2-108-Eb_comp.jams,1465555,4,3,3,3,keep,3,3,0,0.7291757464408875,0.9458550214767456
2672,4,00_Funk2-108-Eb_comp.jams,1471220,4,2,2,2,keep,2,2,0,0.4448862075805664,0.32314229011535645
2674,4,00_Funk2-108-Eb_comp.jams,1482611,5,3,5,5,mixed_by_complete_group,5,5,0,0.19762876629829407,0.07388412207365036
2677,4,00_Funk2-108-Eb_comp.jams,1488426,4,2,2,2,keep,2,2,0,0.598915696144104,0.9244586825370789
2680,4,00_Funk2-108-Eb_comp.jams,1495178,4,3,2,2,mixed_by_complete_group,2,2,0,0.153367280960083,0.12464656680822372
2684,4,00_Funk2-108-Eb_comp.jams,1519790,4,3,3,2,keep,2,2,0,0.26611632108688354,0.028167041018605232
2687,4,00_Funk2-108-Eb_comp.jams,1530089,1,2,2,2,keep,2,2,0,0.5228474736213684,0.6216815710067749
2689,4,00_Funk2-108-Eb_comp.jams,1536806,4,3,2,3,mixed_by_complete_group,2,3,0,0.14483897387981415,0.6524960994720459
2691,4,00_Funk2-108-Eb_comp.jams,1542746,3,2,2,2,keep,2,2,0,0.25138720870018005,0.18795259296894073
2693,4,00_Funk2-108-Eb_comp.jams,1556110,4,3,3,2,keep,2,3,0,0.3424915373325348,0.25340163707733154
2719,4,00_Funk2-108-Eb_solo.jams,180710,1,2,2,2,keep,2,2,0,0.4928462505340576,0.30168864130973816
2724,4,00_Funk2-108-Eb_solo.jams,199494,1,2,2,2,keep,2,2,0,0.4980786442756653,0.5714108347892761
2773,4,00_Funk2-108-Eb_solo.jams,589403,2,2,2,2,keep,2,2,0,0.04289575293660164,0.09802614897489548
2829,4,00_Funk2-108-Eb_solo.jams,1212222,1,2,2,2,keep,2,2,0,0.3933769762516022,0.4605819582939148
2856,4,00_Funk2-108-Eb_solo.jams,1420886,1,2,2,2,keep,2,2,0,0.31809666752815247,0.5700705647468567
5071,4,00_Jazz1-130-D_comp.jams,21035,4,3,3,3,keep,3,3,0,0.4025235176086426,0.34385401010513306
5084,4,00_Jazz1-130-D_comp.jams,53600,2,3,3,3,keep,4,3,0,0.2117200493812561,0.38366401195526123
5091,4,00_Jazz1-130-D_comp.jams,72908,3,3,5,3,local_rates_favor_regression_for_all_groups,5,3,0,0.2709033489227295,0.4958192706108093
5095,4,00_Jazz1-130-D_comp.jams,80889,1,2,2,2,keep,2,2,0,0.26164618134498596,0.16028262674808502
5097,4,00_Jazz1-130-D_comp.jams,94968,4,3,3,3,keep,3,3,0,0.42618995904922485,0.45176148414611816
5102,4,00_Jazz1-130-D_comp.jams,120389,4,3,3,3,keep,3,3,0,0.4085710346698761,0.5126124024391174
5108,4,00_Jazz1-130-D_comp.jams,141017,5,3,4,4,mixed_by_complete_group,4,4,0,0.3585403263568878,0.12504014372825623
5126,4,00_Jazz1-130-D_comp.jams,181524,3,3,2,3,mixed_by_complete_group,2,3,0,0.3372792899608612,0.4715658128261566
5141,4,00_Jazz1-130-D_comp.jams,215602,1,3,2,2,mixed_by_complete_group,2,2,0,0.2112671136856079,0.06752951443195343
5142,4,00_Jazz1-130-D_comp.jams,217379,4,3,3,3,keep,3,3,0,0.37056413292884827,0.16393718123435974
5147,4,00_Jazz1-130-D_comp.jams,235580,5,3,3,4,keep,3,4,0,0.35050734877586365,0.15454316139221191
5155,4,00_Jazz1-130-D_comp.jams,255971,4,3,3,3,keep,3,3,0,0.3898308575153351,0.3042635917663574
5158,4,00_Jazz1-130-D_comp.jams,263886,1,2,2,2,keep,2,2,0,0.40557393431663513,0.23255771398544312
5162,4,00_Jazz1-130-D_comp.jams,277497,4,3,3,3,keep,3,3,0,0.4511542022228241,0.33595040440559387
5166,4,00_Jazz1-130-D_comp.jams,297574,5,3,3,3,keep,3,3,0,0.36744892597198486,0.6480330228805542
5169,4,00_Jazz1-130-D_comp.jams,305079,5,3,3,3,keep,3,2,0,0.5062822103500366,0.2383960336446762
5173,4,00_Jazz1-130-D_comp.jams,326405,3,3,3,3,keep,3,3,0,0.4730032682418823,0.7440400719642639
5183,4,00_Jazz1-130-D_comp.jams,358751,3,3,4,4,local_rates_favor_correction_for_all_groups,4,3,0,0.2130909562110901,0.32406482100486755
5196,4,00_Jazz1-130-D_comp.jams,385973,3,3,4,4,mixed_by_complete_group,4,4,0,0.22241877019405365,0.06987757235765457
5207,4,00_Jazz1-130-D_comp.jams,410615,0,2,2,2,keep,2,2,0,0.22604255378246307,0.2531934082508087
5209,4,00_Jazz1-130-D_comp.jams,414423,1,2,2,2,keep,2,2,0,0.45577749609947205,0.3893872797489166
5210,4,00_Jazz1-130-D_comp.jams,416188,1,2,3,3,local_rates_favor_correction_for_all_groups,2,3,0,0.2450084239244461,0.18138833343982697
5220,4,00_Jazz1-130-D_comp.jams,438337,0,3,2,2,mixed_by_complete_group,2,2,0,0.2457771599292755,0.22661319375038147
5221,4,00_Jazz1-130-D_comp.jams,440146,3,3,3,3,keep,3,3,0,0.45943260192871094,0.4792456030845642
5229,4,00_Jazz1-130-D_comp.jams,459912,3,3,3,3,keep,3,3,0,0.4689430594444275,0.6090089678764343
5236,4,00_Jazz1-130-D_comp.jams,479712,3,3,2,3,mixed_by_complete_group,3,2,1,0.33256956934928894,0.2929898798465729
5237,4,00_Jazz1-130-D_comp.jams,481747,0,2,2,2,keep,2,2,0,0.1896621435880661,0.07964218407869339
5241,4,00_Jazz1-130-D_comp.jams,507570,6,3,3,4,keep,3,3,0,0.41902801394462585,0.16167087852954865
5251,4,00_Jazz1-130-D_comp.jams,541455,4,3,3,3,keep,3,3,0,0.46610066294670105,0.44336333870887756
5253,4,00_Jazz1-130-D_comp.jams,562616,3,3,3,3,keep,3,3,0,0.5786567330360413,0.5923870801925659
5257,4,00_Jazz1-130-D_comp.jams,582619,1,2,2,2,keep,2,2,0,0.538824200630188,0.509550154209137
5258,4,00_Jazz1-130-D_comp.jams,591427,3,3,3,3,keep,3,3,0,0.42713192105293274,0.3407847285270691
5269,4,00_Jazz1-130-D_comp.jams,622534,4,3,3,3,keep,4,3,1,0.38191893696784973,0.6149532198905945
5278,4,00_Jazz1-130-D_comp.jams,642024,2,3,2,2,mixed_by_complete_group,2,2,0,0.18096299469470978,0.0459534116089344
5285,4,00_Jazz1-130-D_comp.jams,672060,4,3,3,3,keep,3,3,0,0.42451903223991394,0.37633007764816284
5295,4,00_Jazz1-130-D_comp.jams,693562,2,2,2,2,keep,2,2,0,0.47407132387161255,0.39988699555397034
5298,4,00_Jazz1-130-D_comp.jams,704898,5,3,5,5,local_rates_favor_regression_for_all_groups,5,5,0,0.3159709870815277,0.10942301899194717
5303,4,00_Jazz1-130-D_comp.jams,725185,5,3,3,3,keep,3,3,0,0.342544823884964,0.33377963304519653
5307,4,00_Jazz1-130-D_comp.jams,734380,4,4,2,2,mixed_by_complete_group,2,2,0,0.1967180222272873,0.10724999010562897
5311,4,00_Jazz1-130-D_comp.jams,744788,3,3,3,3,keep,3,3,0,0.392303466796875,0.6550818681716919
5315,4,00_Jazz1-130-D_comp.jams,752100,3,2,2,2,keep,2,2,0,0.5250840783119202,0.39079681038856506
5316,4,00_Jazz1-130-D_comp.jams,753971,1,2,2,2,keep,2,2,0,0.257997989654541,0.20031918585300446
5324,4,00_Jazz1-130-D_comp.jams,773112,5,4,4,4,keep,4,4,0,0.31854090094566345,0.17252852022647858
5325,4,00_Jazz1-130-D_comp.jams,774940,1,2,2,2,keep,2,2,0,0.41104769706726074,0.355633944272995
5345,4,00_Jazz1-130-D_comp.jams,834312,4,3,3,3,keep,3,3,0,0.5355351567268372,0.3605922758579254
5354,4,00_Jazz1-130-D_comp.jams,855586,3,2,2,2,keep,2,2,0,0.17085623741149902,0.1046278327703476
5360,4,00_Jazz1-130-D_comp.jams,866681,1,3,2,2,local_rates_favor_correction_for_all_groups,2,2,0,0.19838771224021912,0.0029724554624408484
5372,4,00_Jazz1-130-D_comp.jams,897238,2,3,3,3,keep,3,3,0,0.3357483744621277,0.49635642766952515
5375,4,00_Jazz1-130-D_comp.jams,907972,1,2,2,2,keep,2,2,0,0.26660221815109253,0.29757171869277954
5382,4,00_Jazz1-130-D_comp.jams,928205,3,3,2,2,mixed_by_complete_group,3,2,1,0.27202630043029785,0.015023206360638142
5406,4,00_Jazz1-130-D_solo.jams,19990,1,2,2,2,keep,2,2,0,0.3441573679447174,0.3913867771625519
5414,4,00_Jazz1-130-D_solo.jams,60731,1,2,2,2,keep,2,2,0,0.41091644763946533,0.26583680510520935
5433,4,00_Jazz1-130-D_solo.jams,161715,1,2,2,2,keep,2,2,0,0.3849429488182068,0.6782163977622986
5460,4,00_Jazz1-130-D_solo.jams,316155,1,2,2,2,keep,2,2,0,0.2564002275466919,0.0743132010102272
6875,4,00_Jazz3-137-Eb_comp.jams,5,4,3,3,3,keep,3,3,0,0.2263530194759369,0.18620441854000092
6877,4,00_Jazz3-137-Eb_comp.jams,19743,4,3,3,2,keep,2,2,0,0.36029258370399475,0.21201838552951813
6886,4,00_Jazz3-137-Eb_comp.jams,50129,3,3,3,5,keep,3,5,0,0.3288520574569702,0.2728446125984192
6890,4,00_Jazz3-137-Eb_comp.jams,69767,3,3,3,2,keep,2,2,-1,0.3081115186214447,0.05520956963300705
6894,4,00_Jazz3-137-Eb_comp.jams,90345,2,3,3,3,keep,3,3,0,0.547270655632019,0.5823152661323547
6902,4,00_Jazz3-137-Eb_comp.jams,115844,3,2,2,2,keep,2,2,0,0.3785274922847748,0.11959198117256165
6907,4,00_Jazz3-137-Eb_comp.jams,135464,3,2,2,2,keep,2,2,0,0.3130597174167633,0.31149476766586304
6912,4,00_Jazz3-137-Eb_comp.jams,146553,4,3,2,2,mixed_by_complete_group,2,2,0,0.20541805028915405,0.1226004809141159
6913,4,00_Jazz3-137-Eb_comp.jams,148468,1,2,2,2,keep,2,2,0,0.5686042904853821,0.5482544898986816
6924,4,00_Jazz3-137-Eb_comp.jams,172768,4,3,3,3,keep,3,3,0,0.4490138292312622,0.32878777384757996
6935,4,00_Jazz3-137-Eb_comp.jams,204639,4,3,5,3,local_rates_favor_regression_for_all_groups,5,5,0,0.37957924604415894,0.4139368534088135
6939,4,00_Jazz3-137-Eb_comp.jams,224202,3,3,2,2,mixed_by_complete_group,2,2,0,0.2106013000011444,0.029790496453642845
6940,4,00_Jazz3-137-Eb_comp.jams,242640,4,3,3,2,keep,2,2,0,0.3372897207736969,0.20827265083789825
6944,4,00_Jazz3-137-Eb_comp.jams,270128,3,3,2,2,mixed_by_complete_group,2,2,0,0.2792035937309265,0.08688642084598541
6951,4,00_Jazz3-137-Eb_comp.jams,301583,2,3,2,3,mixed_by_complete_group,2,3,0,0.3691464364528656,0.4287090599536896
6955,4,00_Jazz3-137-Eb_comp.jams,327685,4,3,3,3,keep,3,3,0,0.4047597646713257,0.51750648021698
6968,4,00_Jazz3-137-Eb_comp.jams,358487,1,2,2,2,keep,2,2,0,0.27761170268058777,0.4148070514202118
6969,4,00_Jazz3-137-Eb_comp.jams,360284,2,3,3,3,keep,3,3,0,0.4389663636684418,0.6282846927642822
6974,4,00_Jazz3-137-Eb_comp.jams,378887,2,2,3,3,mixed_by_complete_group,3,3,0,0.2832028567790985,0.11154396086931229
6975,4,00_Jazz3-137-Eb_comp.jams,385648,3,3,3,3,keep,3,3,0,0.5974310040473938,0.6089641451835632
6978,4,00_Jazz3-137-Eb_comp.jams,397624,2,3,3,3,keep,3,3,0,0.6051978468894958,0.5107207298278809
6979,4,00_Jazz3-137-Eb_comp.jams,406046,1,2,2,2,keep,2,2,0,0.24460528790950775,0.17190557718276978
6981,4,00_Jazz3-137-Eb_comp.jams,424291,4,3,3,5,keep,3,5,0,0.35587698221206665,0.13038425147533417
6982,4,00_Jazz3-137-Eb_comp.jams,443901,1,2,2,2,keep,2,2,0,0.36870959401130676,0.38381484150886536
6985,4,00_Jazz3-137-Eb_comp.jams,454955,4,3,3,3,keep,3,3,0,0.5335652828216553,0.30167102813720703
6998,4,00_Jazz3-137-Eb_comp.jams,482337,5,3,3,3,keep,3,3,0,0.318837970495224,0.2764461934566498
7011,4,00_Jazz3-137-Eb_comp.jams,513679,2,3,3,3,keep,3,3,0,0.5425103306770325,0.5964666604995728
7012,4,00_Jazz3-137-Eb_comp.jams,515625,1,2,2,2,keep,2,2,0,0.04585728049278259,0.016799084842205048
7015,4,00_Jazz3-137-Eb_comp.jams,540682,2,3,4,4,local_rates_favor_regression_for_all_groups,3,4,0,0.40674781799316406,0.053357552736997604
7017,4,00_Jazz3-137-Eb_comp.jams,552507,4,3,3,3,keep,3,3,0,0.4693138897418976,0.3647473454475403
7021,4,00_Jazz3-137-Eb_comp.jams,571641,3,3,3,3,keep,3,3,0,0.3931562900543213,0.35019779205322266
7023,4,00_Jazz3-137-Eb_comp.jams,579231,3,3,3,2,keep,3,3,0,0.2807343006134033,0.05603334680199623
7032,4,00_Jazz3-137-Eb_comp.jams,597903,5,3,3,3,keep,3,3,0,0.3267366588115692,0.44748905301094055
7038,4,00_Jazz3-137-Eb_comp.jams,609824,3,2,2,2,keep,2,2,0,0.32600799202919006,0.411710262298584
7039,4,00_Jazz3-137-Eb_comp.jams,612079,1,2,2,2,keep,2,2,0,0.5600473284721375,0.34554824233055115
7040,4,00_Jazz3-137-Eb_comp.jams,618928,2,2,2,2,keep,2,2,0,0.4074234962463379,0.37745729088783264
7045,4,00_Jazz3-137-Eb_comp.jams,635382,4,3,2,3,local_rates_favor_regression_for_all_groups,3,3,0,0.27936843037605286,0.5298129320144653
7053,4,00_Jazz3-137-Eb_comp.jams,670232,3,3,3,2,keep,3,2,0,0.2593930959701538,0.026961686089634895
7055,4,00_Jazz3-137-Eb_comp.jams,688038,4,3,2,2,local_rates_favor_correction_for_all_groups,2,2,0,0.2988135814666748,0.097751185297966
7058,4,00_Jazz3-137-Eb_comp.jams,694498,1,2,2,2,keep,2,2,0,0.3479018807411194,0.22909142076969147
7064,4,00_Jazz3-137-Eb_comp.jams,715483,1,2,3,2,local_rates_favor_correction_for_all_groups,3,2,0,0.35512030124664307,0.5433170795440674
7066,4,00_Jazz3-137-Eb_comp.jams,735675,3,3,3,3,keep,3,3,0,0.5789030194282532,0.744841992855072
7072,4,00_Jazz3-137-Eb_comp.jams,790063,1,3,3,3,keep,3,3,0,0.48066580295562744,0.5416447520256042
7087,4,00_Jazz3-137-Eb_comp.jams,829448,3,3,3,3,keep,3,3,0,0.48074713349342346,0.7444612383842468
7088,4,00_Jazz3-137-Eb_comp.jams,841521,3,3,2,2,local_rates_favor_correction_for_all_groups,2,2,0,0.24541130661964417,0.1283746212720871
7092,4,00_Jazz3-137-Eb_comp.jams,860138,2,2,2,2,keep,2,2,0,0.6707895994186401,0.8740004301071167
7093,4,00_Jazz3-137-Eb_comp.jams,888322,3,3,3,3,keep,3,3,0,0.6100812554359436,0.6772412061691284
7106,4,00_Jazz3-137-Eb_comp.jams,919679,0,2,2,3,keep,2,2,0,0.15067915618419647,0.06308819353580475
7107,4,00_Jazz3-137-Eb_comp.jams,926609,1,2,3,3,local_rates_favor_regression_for_all_groups,3,3,0,0.3332131803035736,0.3461766242980957
7110,4,00_Jazz3-137-Eb_comp.jams,944941,3,3,3,4,keep,3,4,0,0.43540525436401367,0.15161223709583282
7122,4,00_Jazz3-137-Eb_comp.jams,975639,2,3,3,3,keep,3,3,0,0.21720702946186066,0.1953599900007248
7123,4,00_Jazz3-137-Eb_comp.jams,977433,1,2,2,2,keep,2,2,0,0.37989604473114014,0.3537634015083313
7126,4,00_Jazz3-137-Eb_comp.jams,993979,2,2,2,2,keep,2,2,0,0.31337788701057434,0.35742616653442383
7127,4,00_Jazz3-137-Eb_comp.jams,1001716,2,2,2,2,keep,3,2,-1,0.3569612503051758,0.41110196709632874
7132,4,00_Jazz3-137-Eb_comp.jams,1042116,2,3,3,3,keep,3,3,0,0.4905962347984314,0.49202194809913635
7133,4,00_Jazz3-137-Eb_comp.jams,1073182,3,4,4,4,keep,4,4,0,0.3167183995246887,0.25086507201194763
7134,4,00_Jazz3-137-Eb_comp.jams,1075093,0,2,2,2,keep,2,2,0,0.1354370415210724,0.17963899672031403
7146,4,00_Jazz3-137-Eb_comp.jams,1100879,2,2,2,2,keep,2,2,0,0.7327873110771179,0.6677905321121216
7158,4,00_Jazz3-137-Eb_comp.jams,1131996,3,3,2,2,local_rates_favor_regression_for_all_groups,2,2,0,0.2686149775981903,0.30585697293281555
7163,4,00_Jazz3-137-Eb_comp.jams,1151343,1,2,2,2,keep,2,2,0,0.33626192808151245,0.0054672337137162685
7170,4,00_Jazz3-137-Eb_comp.jams,1171697,2,2,2,2,keep,2,2,0,0.533487856388092,0.2790122926235199
7176,4,00_Jazz3-137-Eb_comp.jams,1188326,1,2,2,2,keep,2,2,0,0.36948642134666443,0.8761023283004761
7177,4,00_Jazz3-137-Eb_comp.jams,1190095,2,3,3,3,keep,3,3,0,0.48688462376594543,0.5191981792449951
7187,4,00_Jazz3-137-Eb_comp.jams,1216603,3,3,3,3,keep,3,3,0,0.4024728238582611,0.453776091337204
7196,4,00_Jazz3-137-Eb_solo.jams,5,2,3,2,2,local_rates_favor_correction_for_all_groups,2,2,0,0.1670621931552887,0.03416367247700691
7197,4,00_Jazz3-137-Eb_solo.jams,1793,1,2,2,2,keep,2,2,0,0.19588232040405273,0.08099843561649323
7199,4,00_Jazz3-137-Eb_solo.jams,5955,1,2,2,2,keep,2,2,0,0.00824762787669897,0.01624087430536747
7268,4,00_Jazz3-137-Eb_solo.jams,386929,1,2,2,3,keep,3,2,0,0.43974214792251587,0.39788082242012024
7287,4,00_Jazz3-137-Eb_solo.jams,462361,1,2,2,2,keep,2,2,0,0.4043140113353729,0.4381144344806671
7317,4,00_Jazz3-137-Eb_solo.jams,588921,1,3,2,2,mixed_by_complete_group,2,2,0,0.11705690622329712,0.022116754204034805
7321,4,00_Jazz3-137-Eb_solo.jams,598843,1,3,3,2,keep,2,2,0,0.021522818133234978,8.202023309422657e-05
7323,4,00_Jazz3-137-Eb_solo.jams,607947,1,3,3,2,keep,2,2,0,0.006603433284908533,3.864057816826971e-06
7336,4,00_Jazz3-137-Eb_solo.jams,725389,0,2,2,2,keep,2,2,0,0.14891459047794342,0.19474588334560394
7337,4,00_Jazz3-137-Eb_solo.jams,734420,1,3,3,2,keep,2,2,0,0.010695215314626694,8.458322554361075e-06
7338,4,00_Jazz3-137-Eb_solo.jams,745024,1,2,2,2,keep,2,2,0,0.012573855929076672,0.03658195212483406
7343,4,00_Jazz3-137-Eb_solo.jams,775661,1,2,2,2,keep,2,2,0,0.05326627939939499,0.08747290819883347
7350,4,00_Jazz3-137-Eb_solo.jams,790800,1,2,2,3,keep,2,3,0,0.07807834446430206,0.001060360111296177
7352,4,00_Jazz3-137-Eb_solo.jams,801047,1,2,2,2,keep,2,2,0,0.3626781702041626,0.4946981966495514
7353,4,00_Jazz3-137-Eb_solo.jams,811641,1,2,2,2,keep,2,2,0,0.0617760606110096,0.11791284382343292
8688,4,00_Rock1-90-C#_comp.jams,4,5,3,4,4,mixed_by_complete_group,4,4,0,0.06522414088249207,0.0001541026431368664
8701,4,00_Rock1-90-C#_comp.jams,29373,4,3,2,4,mixed_by_complete_group,4,2,1,0.20326542854309082,0.04216102510690689
8702,4,00_Rock1-90-C#_comp.jams,31319,1,2,2,3,keep,2,2,0,0.2930651307106018,0.03304821997880936
8711,4,00_Rock1-90-C#_comp.jams,50568,4,2,2,2,keep,2,2,0,0.38040199875831604,0.35211947560310364
8718,4,00_Rock1-90-C#_comp.jams,66514,2,2,2,3,keep,2,2,0,0.4543769061565399,0.3395404517650604
8726,4,00_Rock1-90-C#_comp.jams,85746,4,3,3,3,keep,3,3,0,0.2210240364074707,0.5603208541870117
8730,4,00_Rock1-90-C#_comp.jams,93647,4,3,2,2,local_rates_favor_correction_for_all_groups,2,2,0,0.20029093325138092,0.21167874336242676
8733,4,00_Rock1-90-C#_comp.jams,101370,4,3,2,3,mixed_by_complete_group,3,3,0,0.3838115930557251,0.48883646726608276
8736,4,00_Rock1-90-C#_comp.jams,108302,3,2,2,2,keep,2,2,0,0.3206116557121277,0.2977798879146576
8739,4,00_Rock1-90-C#_comp.jams,115570,5,3,5,3,mixed_by_complete_group,5,3,0,0.276435524225235,0.4840744137763977
8745,4,00_Rock1-90-C#_comp.jams,136666,3,3,3,3,keep,3,3,0,0.45271942019462585,0.5095651745796204
8749,4,00_Rock1-90-C#_comp.jams,145665,4,2,2,3,keep,3,3,0,0.3147094249725342,0.17019575834274292
8756,4,00_Rock1-90-C#_comp.jams,159363,3,2,2,2,keep,2,2,0,0.5267578363418579,0.3372049927711487
8759,4,00_Rock1-90-C#_comp.jams,166626,3,2,2,2,keep,2,2,0,0.3771415054798126,0.40112242102622986
8760,4,00_Rock1-90-C#_comp.jams,168399,2,2,2,3,keep,2,2,0,0.37330663204193115,0.21050070226192474
8762,4,00_Rock1-90-C#_comp.jams,175429,4,2,2,2,keep,2,2,0,0.33154618740081787,0.24199722707271576
8765,4,00_Rock1-90-C#_comp.jams,181448,3,3,3,3,keep,3,2,0,0.3193814158439636,0.21425017714500427
8766,4,00_Rock1-90-C#_comp.jams,183225,1,2,2,2,keep,2,2,0,0.4977664351463318,0.3064282536506653
8775,4,00_Rock1-90-C#_comp.jams,205699,5,3,5,4,local_rates_favor_regression_for_all_groups,4,5,-1,0.23995335400104523,0.04898634925484657
8780,4,00_Rock1-90-C#_comp.jams,216076,0,3,2,3,mixed_by_complete_group,3,2,0,0.03220215439796448,0.027143947780132294
8781,4,00_Rock1-90-C#_comp.jams,218828,3,2,2,2,keep,2,2,0,0.39186468720436096,0.27479976415634155
8782,4,00_Rock1-90-C#_comp.jams,221064,1,2,2,2,keep,2,2,0,0.5857649445533752,0.4430983066558838
8785,4,00_Rock1-90-C#_comp.jams,227320,3,3,3,3,keep,3,3,0,0.42519035935401917,0.26713821291923523
8788,4,00_Rock1-90-C#_comp.jams,234854,5,3,5,5,local_rates_favor_regression_for_all_groups,5,5,0,0.1875276416540146,0.03852446377277374
8797,4,00_Rock1-90-C#_comp.jams,256792,3,2,3,3,mixed_by_complete_group,3,3,0,0.3182375133037567,0.2744678556919098
8801,4,00_Rock1-90-C#_comp.jams,265212,4,3,4,4,local_rates_favor_regression_for_all_groups,4,4,0,0.27361589670181274,0.1218898743391037
8805,4,00_Rock1-90-C#_comp.jams,275006,0,2,2,2,keep,2,2,0,0.10156039893627167,0.09127330780029297
8807,4,00_Rock1-90-C#_comp.jams,278783,4,2,2,2,keep,2,2,0,0.6457652449607849,0.6111688613891602
8811,4,00_Rock1-90-C#_comp.jams,287789,5,3,3,3,keep,3,5,0,0.30279985070228577,0.18551528453826904
8817,4,00_Rock1-90-C#_comp.jams,303460,3,2,2,2,keep,2,2,0,0.44493770599365234,0.3843837082386017
8820,4,00_Rock1-90-C#_comp.jams,309633,3,3,3,3,keep,3,2,0,0.7499280571937561,0.3751579225063324
8824,4,00_Rock1-90-C#_comp.jams,317714,5,3,3,2,keep,3,3,0,0.29179149866104126,0.19123350083827972
8830,4,00_Rock1-90-C#_comp.jams,330590,1,2,2,2,keep,2,2,0,0.5812024474143982,0.48565226793289185
8834,4,00_Rock1-90-C#_comp.jams,339077,3,4,3,4,local_rates_favor_regression_for_all_groups,4,3,-1,0.29685553908348083,0.3477785587310791
8837,4,00_Rock1-90-C#_comp.jams,346319,4,3,5,3,local_rates_favor_regression_for_all_groups,5,3,0,0.2499534636735916,0.2911446988582611
8840,4,00_Rock1-90-C#_comp.jams,353920,4,3,3,3,keep,3,3,0,0.36488860845565796,0.37527212500572205
8844,4,00_Rock1-90-C#_comp.jams,367756,4,3,3,3,keep,3,3,0,0.407785564661026,0.3183538317680359
8851,4,00_Rock1-90-C#_comp.jams,382717,3,2,2,3,keep,3,2,1,0.29115429520606995,0.21783889830112457
8854,4,00_Rock1-90-C#_comp.jams,389970,2,2,2,2,keep,2,2,0,0.4552190899848938,0.178945392370224
8856,4,00_Rock1-90-C#_comp.jams,395626,4,2,2,2,keep,2,2,0,0.41990581154823303,0.8483467698097229
8863,4,00_Rock1-90-C#_comp.jams,410492,4,3,5,5,mixed_by_complete_group,5,5,0,0.31408512592315674,0.0993606224656105
8868,4,00_Rock1-90-C#_comp.jams,425242,5,4,4,4,keep,4,4,0,0.31062740087509155,0.4478781223297119
8874,4,00_Rock1-90-C#_comp.jams,438480,5,3,3,4,keep,4,4,0,0.20650890469551086,0.18036474287509918
8875,4,00_Rock1-90-C#_comp.jams,440270,0,3,2,2,mixed_by_complete_group,2,2,0,0.16841906309127808,0.15404066443443298
8881,4,00_Rock1-90-C#_comp.jams,453988,3,2,2,2,keep,2,2,0,0.17787155508995056,0.09967512637376785
8884,4,00_Rock1-90-C#_comp.jams,460594,6,3,3,3,keep,3,3,0,0.2068033665418625,0.21786706149578094
8888,4,00_Rock1-90-C#_comp.jams,468731,4,4,4,4,keep,4,4,0,0.24540086090564728,0.19883382320404053
8901,4,00_Rock1-90-C#_comp.jams,501347,6,4,5,5,mixed_by_complete_group,5,5,0,0.20096522569656372,0.0068170130252838135
8909,4,00_Rock1-90-C#_comp.jams,522477,4,3,5,5,local_rates_favor_regression_for_all_groups,5,5,0,0.1528661698102951,0.04612499475479126
8910,4,00_Rock1-90-C#_comp.jams,524312,1,2,2,2,keep,2,2,0,0.3152630031108856,0.3324284553527832
8916,4,00_Rock1-90-C#_comp.jams,537227,4,4,4,4,keep,4,4,0,0.46875059604644775,0.7082292437553406
8918,4,00_Rock1-90-C#_comp.jams,541340,0,3,2,2,mixed_by_complete_group,3,2,0,0.013414667919278145,5.8523302868707106e-05
8921,4,00_Rock1-90-C#_comp.jams,549196,2,2,2,2,keep,2,2,0,0.17810647189617157,0.1291782557964325
8922,4,00_Rock1-90-C#_comp.jams,551075,4,3,3,5,keep,5,5,0,0.28567373752593994,0.0540899857878685
8923,4,00_Rock1-90-C#_comp.jams,553314,0,2,2,2,keep,2,2,0,0.004069723654538393,0.009264765307307243
8933,4,00_Rock1-90-C#_comp.jams,572821,3,2,2,2,keep,2,2,0,0.34919872879981995,0.3394888639450073
8940,4,00_Rock1-90-C#_comp.jams,586398,6,3,4,4,local_rates_favor_correction_for_all_groups,4,4,0,0.25275692343711853,0.19148823618888855
8951,4,00_Rock1-90-C#_comp.jams,609056,3,2,2,2,keep,2,2,0,0.30044615268707275,0.4658224582672119
8954,4,00_Rock1-90-C#_comp.jams,615332,4,3,5,5,local_rates_favor_regression_for_all_groups,5,5,0,0.22543896734714508,0.17681580781936646
8958,4,00_Rock1-90-C#_comp.jams,623607,1,2,2,3,keep,2,2,0,0.3652642071247101,0.16220779716968536
8965,4,00_Rock1-90-C#_comp.jams,637185,3,3,2,2,local_rates_favor_regression_for_all_groups,2,2,0,0.22634588181972504,0.16918092966079712
8967,4,00_Rock1-90-C#_comp.jams,645073,5,4,4,4,keep,4,4,0,0.3670448958873749,0.42763784527778625
8976,4,00_Rock1-90-C#_comp.jams,663903,0,2,2,2,keep,2,2,0,0.2600966691970825,0.1811918020248413
8977,4,00_Rock1-90-C#_comp.jams,666473,3,3,3,2,keep,3,2,0,0.2711194157600403,0.12268803268671036
8981,4,00_Rock1-90-C#_comp.jams,674948,4,3,3,5,keep,5,5,0,0.35236281156539917,0.018633168190717697
8987,4,00_Rock1-90-C#_comp.jams,688190,3,3,3,3,keep,3,3,0,0.507066547870636,0.30184537172317505
8991,4,00_Rock1-90-C#_comp.jams,704239,4,3,4,4,mixed_by_complete_group,3,4,-1,0.25825992226600647,0.009535001590847969
9004,4,00_Rock1-90-C#_comp.jams,736184,5,3,4,4,local_rates_favor_correction_for_all_groups,4,4,0,0.3733377754688263,0.19756081700325012
9011,4,00_Rock1-90-C#_comp.jams,751858,0,2,2,2,keep,2,2,0,0.275550901889801,0.16277296841144562
9014,4,00_Rock1-90-C#_comp.jams,758776,3,2,3,3,local_rates_favor_regression_for_all_groups,3,3,0,0.24885030090808868,0.17475681006908417
9018,4,00_Rock1-90-C#_comp.jams,767875,0,2,2,2,keep,2,2,0,0.2585487365722656,0.19215139746665955
9020,4,00_Rock1-90-C#_comp.jams,771873,5,3,3,3,keep,3,3,0,0.34744659066200256,0.656796932220459
9024,4,00_Rock1-90-C#_comp.jams,781031,3,3,4,4,mixed_by_complete_group,4,4,0,0.28735822439193726,0.20497781038284302
9029,4,00_Rock1-90-C#_comp.jams,793789,3,2,2,2,keep,2,2,0,0.3906867802143097,0.334064245223999
9032,4,00_Rock1-90-C#_comp.jams,801130,2,2,3,3,local_rates_favor_regression_for_all_groups,3,3,0,0.19973589479923248,0.12544575333595276
9033,4,00_Rock1-90-C#_comp.jams,802906,3,2,3,5,mixed_by_complete_group,5,3,-1,0.2954098582267761,0.03523949533700943
9041,4,00_Rock1-90-C#_comp.jams,823301,5,4,4,5,keep,4,5,0,0.4754539430141449,0.066728875041008
9047,4,00_Rock1-90-C#_comp.jams,834711,0,2,2,2,keep,2,2,0,0.10301162302494049,0.09902996569871902
9048,4,00_Rock1-90-C#_comp.jams,837214,4,2,2,2,keep,2,2,0,0.3476209044456482,0.1970357447862625
9051,4,00_Rock1-90-C#_comp.jams,844510,5,4,4,4,keep,4,4,0,0.3790994882583618,0.48682013154029846
9055,4,00_Rock1-90-C#_comp.jams,852406,5,3,3,5,keep,3,5,0,0.2711490988731384,0.08256340026855469
9058,4,00_Rock1-90-C#_comp.jams,859444,5,3,3,5,keep,3,2,0,0.40936243534088135,0.178300678730011
9061,4,00_Rock1-90-C#_comp.jams,867202,4,3,3,3,keep,3,3,0,0.39284729957580566,0.2428024560213089
9064,4,00_Rock1-90-C#_comp.jams,873838,5,2,2,2,keep,2,2,0,0.46778813004493713,0.20077866315841675
9066,4,00_Rock1-90-C#_comp.jams,879807,4,3,2,3,mixed_by_complete_group,3,2,0,0.14128829538822174,0.13513846695423126
9067,4,00_Rock1-90-C#_comp.jams,881752,1,3,3,2,keep,3,2,0,0.3053479492664337,0.13493141531944275
9072,4,00_Rock1-90-C#_comp.jams,895269,4,2,2,2,keep,2,2,0,0.518233597278595,0.5315101146697998
9075,4,00_Rock1-90-C#_comp.jams,901871,5,3,4,4,mixed_by_complete_group,4,4,0,0.18278071284294128,0.10556522756814957
9084,4,00_Rock1-90-C#_comp.jams,923788,5,3,3,2,keep,3,3,0,0.1412188708782196,0.11471007019281387
9085,4,00_Rock1-90-C#_comp.jams,925991,1,2,2,2,keep,2,2,0,0.18933871388435364,0.09787411987781525
9087,4,00_Rock1-90-C#_comp.jams,930230,1,3,3,3,keep,3,3,0,0.0401652455329895,0.055811554193496704
9088,4,00_Rock1-90-C#_comp.jams,932199,0,3,2,2,mixed_by_complete_group,2,2,0,0.31590741872787476,0.1546398103237152
9091,4,00_Rock1-90-C#_comp.jams,939370,2,3,3,3,keep,3,3,0,0.4557885229587555,0.4317920506000519
9097,4,00_Rock1-90-C#_comp.jams,953654,1,2,2,2,keep,2,2,0,0.6555880308151245,0.6666532158851624
9099,4,00_Rock1-90-C#_comp.jams,969198,6,3,3,3,keep,3,3,0,0.4124619662761688,0.39166954159736633
9105,4,00_Rock1-90-C#_comp.jams,982871,3,3,3,3,keep,3,3,0,0.49940598011016846,0.741235613822937
9108,4,00_Rock1-90-C#_comp.jams,990732,4,3,4,4,mixed_by_complete_group,4,4,0,0.2053242325782776,0.1920984536409378
9116,4,00_Rock1-90-C#_comp.jams,1006298,4,3,3,5,keep,3,2,0,0.3428316116333008,0.057275548577308655
9122,4,00_Rock1-90-C#_comp.jams,1019924,5,3,3,3,keep,3,3,0,0.4828561544418335,0.47482219338417053
9126,4,00_Rock1-90-C#_comp.jams,1028310,6,4,3,4,local_rates_favor_regression_for_all_groups,4,4,0,0.2909885048866272,0.37226781249046326
9129,4,00_Rock1-90-C#_comp.jams,1034206,3,2,2,2,keep,2,2,0,0.3214450776576996,0.32880860567092896
9133,4,00_Rock1-90-C#_comp.jams,1042615,6,4,4,5,keep,4,4,0,0.20629562437534332,0.1179056391119957
9137,4,00_Rock1-90-C#_comp.jams,1050293,4,2,2,2,keep,2,2,0,0.5619398355484009,0.5632351040840149
9140,4,00_Rock1-90-C#_comp.jams,1056298,5,2,4,2,mixed_by_complete_group,4,4,0,0.16480258107185364,0.33234351873397827
9141,4,00_Rock1-90-C#_comp.jams,1058124,1,2,2,2,keep,2,2,0,0.47389814257621765,0.3836219310760498
9143,4,00_Rock1-90-C#_comp.jams,1062323,0,2,2,2,keep,2,2,0,0.060554731637239456,0.029833072796463966
9146,4,00_Rock1-90-C#_comp.jams,1070981,4,3,3,3,keep,3,3,0,0.30101075768470764,0.6901999115943909
9154,4,00_Rock1-90-C#_comp.jams,1087078,4,3,3,2,keep,3,3,0,0.25964826345443726,0.08849058300256729
9162,4,00_Rock1-90-C#_comp.jams,1102122,4,2,2,2,keep,2,2,0,0.48338282108306885,0.5034053325653076
9165,4,00_Rock1-90-C#_comp.jams,1108285,6,3,4,3,mixed_by_complete_group,4,3,0,0.1848360002040863,0.42328083515167236
9169,4,00_Rock1-90-C#_comp.jams,1116187,5,3,3,2,keep,3,2,0,0.5201414227485657,0.22061605751514435
9172,4,00_Rock1-90-C#_comp.jams,1122676,5,3,3,3,keep,5,3,1,0.2868480384349823,0.30605489015579224
9173,4,00_Rock1-90-C#_comp.jams,1124568,1,2,2,2,keep,3,2,0,0.36472198367118835,0.5662559866905212
9176,4,00_Rock1-90-C#_comp.jams,1130282,5,3,2,2,mixed_by_complete_group,2,2,0,0.1540394127368927,0.0944836437702179
9177,4,00_Rock1-90-C#_comp.jams,1132112,1,2,2,2,keep,2,2,0,0.3553558588027954,0.23420055210590363
9180,4,00_Rock1-90-C#_comp.jams,1137725,6,2,2,3,keep,3,3,0,0.3350730538368225,0.16636444628238678
9184,4,00_Rock1-90-C#_comp.jams,1145732,6,3,4,4,mixed_by_complete_group,4,4,0,0.08407685160636902,0.006870773155242205
9187,4,00_Rock1-90-C#_comp.jams,1152033,5,3,3,3,keep,3,3,0,0.13631902635097504,0.13945503532886505
9189,4,00_Rock1-90-C#_comp.jams,1156542,0,2,2,2,keep,2,2,0,0.2269466072320938,0.10468949377536774
9191,4,00_Rock1-90-C#_comp.jams,1160385,5,3,2,2,mixed_by_complete_group,2,2,0,0.06711114197969437,0.05215030536055565
9194,4,00_Rock1-90-C#_comp.jams,1167544,2,2,2,2,keep,2,2,0,0.07723405212163925,0.05331134796142578
9196,4,00_Rock1-90-C#_comp.jams,1175051,6,3,4,4,local_rates_favor_correction_for_all_groups,4,4,0,0.37606871128082275,0.2680976390838623
9211,4,00_Rock1-90-C#_comp.jams,1204658,6,3,2,2,local_rates_favor_correction_for_all_groups,2,2,0,0.280943900346756,0.2492975890636444
9212,4,00_Rock1-90-C#_comp.jams,1206525,0,2,2,2,keep,2,2,0,0.4597334563732147,0.3515223264694214
9222,4,00_Rock1-90-C#_comp.jams,1226535,2,2,2,2,keep,2,2,0,0.3354911208152771,0.6276781558990479
9223,4,00_Rock1-90-C#_comp.jams,1228317,4,3,3,3,keep,3,3,0,0.5066255331039429,0.38646942377090454
9230,4,00_Rock1-90-C#_comp.jams,1241566,4,3,2,3,mixed_by_complete_group,3,3,0,0.3917328417301178,0.4621165692806244
9234,4,00_Rock1-90-C#_comp.jams,1249849,4,2,2,2,keep,2,2,0,0.35416221618652344,0.29554542899131775
9237,4,00_Rock1-90-C#_comp.jams,1255525,3,3,2,3,mixed_by_complete_group,3,2,1,0.17839737236499786,0.2505373954772949
9244,4,00_Rock1-90-C#_comp.jams,1271170,4,2,2,2,keep,2,2,0,0.4049804210662842,0.36387863755226135
9247,4,00_Rock1-90-C#_comp.jams,1278221,3,3,3,3,keep,3,3,0,0.6277705430984497,0.7909097075462341
9250,4,00_Rock1-90-C#_comp.jams,1286816,1,3,3,3,keep,2,3,0,0.33743423223495483,0.3792119324207306
9253,4,00_Rock1-90-C#_comp.jams,1292943,3,3,3,3,keep,3,3,0,0.568911075592041,0.31712040305137634
9255,4,00_Rock1-90-C#_comp.jams,1300516,4,3,3,3,keep,3,3,0,0.4510073661804199,0.5511497259140015
9262,4,00_Rock1-90-C#_comp.jams,1314412,6,4,4,4,keep,4,4,0,0.4761963486671448,0.5019097924232483
9266,4,00_Rock1-90-C#_comp.jams,1322348,6,3,3,3,keep,3,3,0,0.4456733465194702,0.5571733117103577
9269,4,00_Rock1-90-C#_comp.jams,1328467,5,2,2,2,keep,2,2,0,0.46061792969703674,0.3569337725639343
9273,4,00_Rock1-90-C#_comp.jams,1336524,5,3,3,2,keep,3,2,0,0.5200396180152893,0.16050030291080475
9277,4,00_Rock1-90-C#_comp.jams,1344448,5,3,3,3,keep,3,5,0,0.3896302282810211,0.21130234003067017
9285,4,00_Rock1-90-C#_comp.jams,1360056,5,2,3,3,mixed_by_complete_group,3,3,0,0.4168415069580078,0.12811003625392914
9289,4,00_Rock1-90-C#_comp.jams,1368295,2,2,2,2,keep,2,2,0,0.3632013499736786,0.2084125429391861
9292,4,00_Rock1-90-C#_comp.jams,1374237,6,2,2,3,keep,2,3,0,0.43072250485420227,0.13576292991638184
9295,4,00_Rock1-90-C#_comp.jams,1380267,1,2,2,2,keep,2,2,0,0.20462137460708618,0.15502922236919403
9296,4,00_Rock1-90-C#_comp.jams,1382162,5,3,3,3,keep,2,3,0,0.2598276734352112,0.48756393790245056
9299,4,00_Rock1-90-C#_comp.jams,1389070,5,2,2,2,keep,2,2,0,0.5980474948883057,0.5613079071044922
9306,4,00_Rock1-90-C#_comp.jams,1402879,6,3,3,2,keep,3,2,0,0.4457489550113678,0.22856630384922028
9312,4,00_Rock1-90-C#_solo.jams,7832,2,2,2,3,keep,2,3,0,0.40635350346565247,0.1554912030696869
9318,4,00_Rock1-90-C#_solo.jams,36847,2,2,2,2,keep,2,2,0,0.3987824618816376,0.2780221402645111
9324,4,00_Rock1-90-C#_solo.jams,51588,2,2,2,2,keep,2,2,0,0.5614578127861023,0.5060069561004639
9331,4,00_Rock1-90-C#_solo.jams,71163,2,3,3,3,keep,3,3,0,0.2466874122619629,0.40562209486961365
9335,4,00_Rock1-90-C#_solo.jams,80172,2,2,2,2,keep,2,3,0,0.3681177496910095,0.17880937457084656
9342,4,00_Rock1-90-C#_solo.jams,94805,2,2,2,2,keep,2,2,0,0.2792736887931824,0.18234829604625702
9353,4,00_Rock1-90-C#_solo.jams,123194,1,2,2,2,keep,2,2,0,0.5151094198226929,0.40823960304260254
9358,4,00_Rock1-90-C#_solo.jams,138316,2,3,3,3,keep,3,3,0,0.4966389536857605,0.7752196788787842
9362,4,00_Rock1-90-C#_solo.jams,153835,2,2,2,2,keep,2,2,0,0.5061782598495483,0.5563904047012329
9367,4,00_Rock1-90-C#_solo.jams,168710,1,3,2,3,mixed_by_complete_group,2,3,0,0.3067759573459625,0.358076274394989
9383,4,00_Rock1-90-C#_solo.jams,257606,2,2,2,2,keep,2,2,0,0.6308521032333374,0.5317280292510986
9398,4,00_Rock1-90-C#_solo.jams,300183,2,3,4,3,local_rates_favor_correction_for_all_groups,3,3,0,0.2999275326728821,0.33555838465690613
9406,4,00_Rock1-90-C#_solo.jams,316017,2,2,2,2,keep,2,2,0,0.38755500316619873,0.325722873210907
9409,4,00_Rock1-90-C#_solo.jams,322132,1,2,2,2,keep,2,2,0,0.37248536944389343,0.23958751559257507
9413,4,00_Rock1-90-C#_solo.jams,330935,2,2,2,2,keep,2,2,0,0.3957590162754059,0.2715858817100525
9419,4,00_Rock1-90-C#_solo.jams,345632,1,2,2,2,keep,2,2,0,0.46487048268318176,0.6638705134391785
9426,4,00_Rock1-90-C#_solo.jams,360242,2,3,3,3,keep,3,3,0,0.4236154854297638,0.6450726985931396
9429,4,00_Rock1-90-C#_solo.jams,367878,2,3,2,3,mixed_by_complete_group,3,3,-1,0.4417415261268616,0.48268836736679077
9432,4,00_Rock1-90-C#_solo.jams,375135,2,2,2,2,keep,2,2,0,0.2918066382408142,0.364633172750473
9437,4,00_Rock1-90-C#_solo.jams,389424,2,2,2,2,keep,2,2,0,0.4012853801250458,0.4547249376773834
9443,4,00_Rock1-90-C#_solo.jams,403640,2,3,3,3,keep,3,3,0,0.32926008105278015,0.4890720844268799
9446,4,00_Rock1-90-C#_solo.jams,411033,2,3,3,3,keep,3,2,0,0.2582719624042511,0.1740977019071579
9457,4,00_Rock1-90-C#_solo.jams,433466,2,3,3,2,keep,3,2,0,0.5063087344169617,0.2718086242675781
9458,4,00_Rock1-90-C#_solo.jams,440203,2,2,2,2,keep,2,2,0,0.428507924079895,0.2945811450481415
9469,4,00_Rock1-90-C#_solo.jams,468042,2,4,2,3,mixed_by_complete_group,3,2,-1,0.07728573679924011,0.0003474736586213112
9475,4,00_Rock1-90-C#_solo.jams,482843,2,2,2,2,keep,2,2,0,0.4444129765033722,0.3709944784641266
9480,4,00_Rock1-90-C#_solo.jams,506335,0,2,3,2,local_rates_favor_regression_for_all_groups,2,2,0,0.2417939454317093,0.7040964961051941
9481,4,00_Rock1-90-C#_solo.jams,513044,2,4,4,3,keep,4,3,0,0.5173633098602295,0.40609973669052124
9488,4,00_Rock1-90-C#_solo.jams,529477,2,2,2,2,keep,2,2,0,0.30514833331108093,0.16188755631446838
9491,4,00_Rock1-90-C#_solo.jams,542798,2,2,2,2,keep,2,2,0,0.4508836269378662,0.491907000541687
9498,4,00_Rock1-90-C#_solo.jams,572589,2,2,3,3,mixed_by_complete_group,3,3,0,0.2693002223968506,0.15119189023971558
9505,4,00_Rock1-90-C#_solo.jams,587219,2,4,2,2,mixed_by_complete_group,2,2,0,0.12195362150669098,0.02532297745347023
9516,4,00_Rock1-90-C#_solo.jams,616008,2,2,2,2,keep,2,2,0,0.5110676288604736,0.34868600964546204
9527,4,00_Rock1-90-C#_solo.jams,645296,2,4,4,4,keep,2,4,1,0.4003034234046936,0.5527341365814209
9531,4,00_Rock1-90-C#_solo.jams,659707,2,2,2,2,keep,2,2,0,0.5720917582511902,0.8986572623252869
9535,4,00_Rock1-90-C#_solo.jams,673934,2,4,4,3,keep,4,3,0,0.5755215287208557,0.2747931480407715
9548,4,00_Rock1-90-C#_solo.jams,704878,2,2,2,3,keep,2,2,0,0.45355939865112305,0.43869197368621826
9592,4,00_Rock1-90-C#_solo.jams,968836,1,2,2,2,keep,2,2,0,0.6139921545982361,0.5277835726737976
14099,4,00_SS2-107-Ab_comp.jams,7,1,2,2,2,keep,2,2,0,0.7149249315261841,0.7562596797943115
14105,4,00_SS2-107-Ab_comp.jams,32142,1,2,2,2,keep,2,2,0,0.23300890624523163,0.13816747069358826
14110,4,00_SS2-107-Ab_comp.jams,51486,1,2,2,2,keep,2,2,0,0.1304880827665329,0.14919590950012207
14117,4,00_SS2-107-Ab_comp.jams,66999,2,2,2,2,keep,2,2,0,0.5731456279754639,0.2793285846710205
14123,4,00_SS2-107-Ab_comp.jams,88210,3,3,3,2,keep,3,2,0,0.4327520728111267,0.14222490787506104
14132,4,00_SS2-107-Ab_comp.jams,114567,2,2,2,2,keep,2,2,0,0.42352572083473206,0.4487498104572296
14154,4,00_SS2-107-Ab_comp.jams,174489,1,2,2,2,keep,2,2,0,0.4909152090549469,0.4702218174934387
14157,4,00_SS2-107-Ab_comp.jams,186338,1,2,2,2,keep,2,2,0,0.5237592458724976,0.48762667179107666
14160,4,00_SS2-107-Ab_comp.jams,198534,1,2,2,2,keep,2,2,0,0.3428395092487335,0.18855571746826172
14165,4,00_SS2-107-Ab_comp.jams,212736,3,3,3,3,keep,3,3,0,0.499372273683548,0.6454247832298279
14168,4,00_SS2-107-Ab_comp.jams,224594,1,2,2,2,keep,2,2,0,0.6668269634246826,0.6323909759521484
14178,4,00_SS2-107-Ab_comp.jams,253298,1,2,2,2,keep,2,2,0,0.21098604798316956,0.19661110639572144
14191,4,00_SS2-107-Ab_comp.jams,290204,1,3,2,2,mixed_by_complete_group,2,2,0,0.11825858056545258,0.010348043404519558
14194,4,00_SS2-107-Ab_comp.jams,310513,3,2,2,2,keep,2,2,0,0.5266173481941223,0.7228375673294067
14215,4,00_SS2-107-Ab_comp.jams,384844,3,3,2,3,local_rates_favor_regression_for_all_groups,2,3,0,0.2946399748325348,0.7048825621604919
14232,4,00_SS2-107-Ab_comp.jams,421045,1,2,2,2,keep,2,2,0,0.6271010041236877,0.515957236289978
14238,4,00_SS2-107-Ab_comp.jams,434949,1,2,2,2,keep,2,2,0,0.283265084028244,0.28520163893699646
14252,4,00_SS2-107-Ab_comp.jams,470259,0,2,2,2,keep,2,2,0,0.07592621445655823,0.04186198487877846
14256,4,00_SS2-107-Ab_comp.jams,480980,2,2,2,2,keep,2,2,0,0.14364613592624664,0.13688568770885468
14260,4,00_SS2-107-Ab_comp.jams,509098,2,2,2,2,keep,2,2,0,0.5619357228279114,0.6442834138870239
14264,4,00_SS2-107-Ab_comp.jams,519267,2,2,2,2,keep,2,2,0,0.5523389577865601,0.5148506164550781
14292,4,00_SS2-107-Ab_comp.jams,606324,3,2,2,3,keep,2,3,0,0.20646947622299194,0.008832431398332119
14304,4,00_SS2-107-Ab_comp.jams,635287,1,2,2,2,keep,2,2,0,0.3955497741699219,0.3448490798473358
14310,4,00_SS2-107-Ab_comp.jams,648781,1,2,2,2,keep,2,2,0,0.11548170447349548,0.11750103533267975
14316,4,00_SS2-107-Ab_comp.jams,662327,1,2,2,2,keep,2,2,0,0.48761671781539917,0.49037420749664307
14319,4,00_SS2-107-Ab_comp.jams,669251,1,2,2,2,keep,2,2,0,0.25253939628601074,0.23079389333724976
14327,4,00_SS2-107-Ab_comp.jams,687328,1,2,2,2,keep,2,2,0,0.4480259418487549,0.3555838465690613
14331,4,00_SS2-107-Ab_comp.jams,704730,3,3,2,2,local_rates_favor_regression_for_all_groups,3,2,1,0.311282753944397,0.24009738862514496
14332,4,00_SS2-107-Ab_comp.jams,717586,1,2,2,2,keep,2,2,0,0.30992916226387024,0.28777021169662476
14337,4,00_SS2-107-Ab_comp.jams,728616,1,2,2,2,keep,2,2,0,0.34820014238357544,0.3587697744369507
14340,4,00_SS2-107-Ab_comp.jams,735377,1,2,2,2,keep,2,2,0,0.26340389251708984,0.37970471382141113
14349,4,00_SS2-107-Ab_comp.jams,754538,1,2,2,2,keep,2,2,0,0.4183720350265503,0.4346572756767273
14353,4,00_SS2-107-Ab_comp.jams,766590,1,2,2,2,keep,2,2,0,0.3672542870044708,0.3518177568912506
14359,4,00_SS2-107-Ab_comp.jams,791902,1,2,2,2,keep,2,2,0,0.11412283778190613,0.07665279507637024
14363,4,00_SS2-107-Ab_comp.jams,804654,3,2,2,2,keep,2,2,0,0.5057874917984009,0.10591491311788559
14368,4,00_SS2-107-Ab_comp.jams,822013,1,2,2,2,keep,2,2,0,0.48362383246421814,0.3216831684112549
14373,4,00_SS2-107-Ab_comp.jams,834213,1,3,2,2,local_rates_favor_regression_for_all_groups,2,2,0,0.14965017139911652,0.005598992109298706
14379,4,00_SS2-107-Ab_comp.jams,846385,1,2,2,2,keep,2,2,0,0.3933607041835785,0.3744622766971588
14391,4,00_SS2-107-Ab_comp.jams,877520,3,2,2,2,keep,2,2,0,0.3952881693840027,0.3745899498462677
14392,4,00_SS2-107-Ab_comp.jams,879384,0,2,2,3,keep,2,3,0,0.5060657858848572,0.15221397578716278
14395,4,00_SS2-107-Ab_comp.jams,892794,1,3,3,3,keep,3,2,0,0.216334268450737,0.0545654296875
14400,4,00_SS2-107-Ab_comp.jams,902286,3,2,2,2,keep,2,2,0,0.6183765530586243,0.6318328380584717
14421,4,00_SS2-107-Ab_comp.jams,945320,0,2,2,2,keep,2,2,0,0.06238440051674843,0.08105477690696716
14424,4,00_SS2-107-Ab_comp.jams,951712,1,2,2,2,keep,2,2,0,0.24728301167488098,0.21103982627391815
14430,4,00_SS2-107-Ab_comp.jams,963836,1,3,3,3,keep,2,3,0,0.23039768636226654,0.6067585349082947
14439,4,00_SS2-107-Ab_comp.jams,1001541,1,3,2,2,mixed_by_complete_group,2,2,0,0.3868200480937958,0.007998190820217133
14448,4,00_SS2-107-Ab_comp.jams,1026972,1,2,2,2,keep,2,2,0,0.37682199478149414,0.3162386119365692
14450,4,00_SS2-107-Ab_comp.jams,1033928,1,3,3,2,keep,3,3,0,0.08944271504878998,0.0034854409750550985
14452,4,00_SS2-107-Ab_comp.jams,1038557,1,2,2,2,keep,2,2,0,0.29988476634025574,0.22018317878246307
14455,4,00_SS2-107-Ab_comp.jams,1046413,0,3,3,3,keep,3,3,0,0.1265949010848999,0.15137167274951935
14460,4,00_SS2-107-Ab_comp.jams,1057447,0,2,2,2,keep,2,2,0,0.40249213576316833,0.31028449535369873
14463,4,00_SS2-107-Ab_comp.jams,1062977,1,2,2,2,keep,2,2,0,0.4216541349887848,0.31693246960639954
14471,4,00_SS2-107-Ab_comp.jams,1083276,1,2,2,2,keep,2,2,0,0.2176390141248703,0.07114861905574799
14473,4,00_SS2-107-Ab_comp.jams,1101480,3,3,3,2,keep,3,2,0,0.2695760428905487,0.15700998902320862
14475,4,00_SS2-107-Ab_comp.jams,1111897,1,2,2,3,keep,2,3,0,0.2082216590642929,0.007071365136653185
14481,4,00_SS2-107-Ab_comp.jams,1124372,1,2,2,2,keep,2,2,0,0.40022701025009155,0.3868888318538666
14485,4,00_SS2-107-Ab_comp.jams,1132586,1,2,3,3,mixed_by_complete_group,3,3,0,0.21364295482635498,0.1859135776758194
14498,4,00_SS2-107-Ab_comp.jams,1163099,1,2,2,2,keep,2,2,0,0.36271601915359497,0.3132374882698059
14501,4,00_SS2-107-Ab_comp.jams,1175855,1,3,3,3,keep,3,3,0,0.4946146309375763,0.5705695748329163
14504,4,00_SS2-107-Ab_comp.jams,1188540,1,2,2,2,keep,2,2,0,0.49408799409866333,0.5014712810516357
14524,4,00_SS2-107-Ab_comp.jams,1249425,3,2,2,2,keep,2,2,0,0.3920378088951111,0.26048514246940613
14532,4,00_SS2-107-Ab_comp.jams,1268662,2,2,2,3,keep,2,3,0,0.3206291198730469,0.019104408100247383
14539,4,00_SS2-107-Ab_comp.jams,1298798,2,4,4,4,keep,4,4,0,0.7243471145629883,0.8522352576255798
14544,4,00_SS2-107-Ab_comp.jams,1329190,1,2,2,2,keep,2,2,0,0.7465885877609253,0.6635932326316833
14546,4,00_SS2-107-Ab_comp.jams,1335515,1,2,2,2,keep,2,2,0,0.6398962736129761,0.7484543323516846
14551,4,00_SS2-107-Ab_comp.jams,1347219,1,2,2,2,keep,2,2,0,0.551412045955658,0.4914878010749817
14560,4,00_SS2-107-Ab_comp.jams,1386231,2,2,2,2,keep,2,2,0,0.5157470107078552,0.5341641306877136
14561,4,00_SS2-107-Ab_comp.jams,1397735,3,2,2,2,keep,2,2,0,0.40945303440093994,0.24230507016181946
14564,4,00_SS2-107-Ab_comp.jams,1409423,1,2,2,2,keep,2,2,0,0.19544662535190582,0.0862930566072464
14567,4,00_SS2-107-Ab_comp.jams,1416432,2,3,3,2,keep,3,2,0,0.38267824053764343,0.07243335247039795
14571,4,00_SS2-107-Ab_comp.jams,1427245,0,2,2,2,keep,2,2,0,0.019445965066552162,0.06466101855039597
14576,4,00_SS2-107-Ab_comp.jams,1438501,0,2,2,2,keep,2,2,0,0.40579232573509216,0.4024241268634796
14598,4,00_SS2-107-Ab_comp.jams,1497124,1,3,2,2,mixed_by_complete_group,2,2,0,0.02930496819317341,0.0002524704032111913
14610,4,00_SS2-107-Ab_comp.jams,1527311,0,2,2,2,keep,2,2,0,0.22141757607460022,0.2544744312763214
14614,4,00_SS2-107-Ab_comp.jams,1536625,0,2,2,2,keep,2,2,0,0.24451395869255066,0.16967229545116425
14616,4,00_SS2-107-Ab_comp.jams,1545595,3,2,2,2,keep,2,2,0,0.466621994972229,0.36705586314201355
14627,4,00_SS2-107-Ab_comp.jams,1571601,0,3,2,2,mixed_by_complete_group,2,2,0,0.02509046345949173,0.0005367066478356719
14631,4,00_SS2-107-Ab_solo.jams,5,1,2,4,4,local_rates_favor_regression_for_all_groups,4,4,0,0.09552157670259476,0.04788181185722351
14636,4,00_SS2-107-Ab_solo.jams,13093,1,3,3,3,keep,3,3,0,0.13776031136512756,0.13518741726875305
14696,4,00_SS2-107-Ab_solo.jams,261631,1,2,2,2,keep,2,2,0,0.3293772041797638,0.3291442096233368
14761,4,00_SS2-107-Ab_solo.jams,573986,0,2,2,2,keep,2,2,0,0.10946187376976013,0.014918068423867226
14791,4,00_SS2-107-Ab_solo.jams,791900,2,2,2,2,keep,2,2,0,0.4778248071670532,0.5893504619598389
14825,4,00_SS2-107-Ab_solo.jams,941393,2,2,2,2,keep,2,2,0,0.6286537647247314,0.6090439558029175
14832,4,00_SS2-107-Ab_solo.jams,965869,2,2,2,2,keep,2,2,0,0.36361128091812134,0.41511616110801697
14838,4,00_SS2-107-Ab_solo.jams,989511,2,2,2,2,keep,2,2,0,0.6014230251312256,0.567249059677124
14844,4,00_SS2-107-Ab_solo.jams,1013981,1,2,2,2,keep,2,2,0,0.49920424818992615,0.3839040696620941
14849,4,00_SS2-107-Ab_solo.jams,1038666,2,2,2,3,keep,3,3,-1,0.34434008598327637,0.2369363009929657
14852,4,00_SS2-107-Ab_solo.jams,1050785,1,2,2,2,keep,2,2,0,0.4439898431301117,0.39552855491638184
14882,4,00_SS2-107-Ab_solo.jams,1385261,1,2,2,2,keep,2,2,0,0.028986888006329536,0.016193890944123268
14887,4,00_SS2-107-Ab_solo.jams,1497131,1,2,2,2,keep,2,2,0,0.5522046685218811,0.5279742479324341
14890,4,00_SS2-107-Ab_solo.jams,1546738,1,2,2,2,keep,2,2,0,0.22421270608901978,0.3878576457500458
18849,4,01_Funk2-108-Eb_comp.jams,7,3,3,3,3,keep,3,3,0,0.48270776867866516,0.17577749490737915
18851,4,01_Funk2-108-Eb_comp.jams,12618,2,3,3,3,keep,3,3,0,0.40526700019836426,0.34743666648864746
18853,4,01_Funk2-108-Eb_comp.jams,31843,3,3,3,3,keep,3,3,0,0.635154664516449,0.6118916869163513
18856,4,01_Funk2-108-Eb_comp.jams,49374,3,3,3,3,keep,3,3,0,0.47216323018074036,0.49973878264427185
18860,4,01_Funk2-108-Eb_comp.jams,67895,3,3,3,3,keep,3,3,0,0.6144717335700989,0.4432837963104248
18861,4,01_Funk2-108-Eb_comp.jams,79421,3,3,3,3,keep,3,3,0,0.6348702907562256,0.8303731679916382
18862,4,01_Funk2-108-Eb_comp.jams,85046,3,3,3,3,keep,3,3,0,0.38157451152801514,0.5808695554733276
18864,4,01_Funk2-108-Eb_comp.jams,97583,0,3,3,3,keep,3,2,0,0.08370655030012131,0.015464089810848236
18865,4,01_Funk2-108-Eb_comp.jams,110504,3,3,3,3,keep,3,3,0,0.272604376077652,0.30344444513320923
18868,4,01_Funk2-108-Eb_comp.jams,122445,3,3,3,3,keep,3,3,0,0.4217413067817688,0.28348904848098755
18871,4,01_Funk2-108-Eb_comp.jams,129130,2,2,2,2,keep,2,2,0,0.5548638105392456,0.8174911737442017
18876,4,01_Funk2-108-Eb_comp.jams,147208,3,3,3,3,keep,3,3,0,0.35666632652282715,0.27365005016326904
18881,4,01_Funk2-108-Eb_comp.jams,165225,3,3,3,3,keep,3,3,0,0.45507359504699707,0.4922647178173065
18884,4,01_Funk2-108-Eb_comp.jams,177695,1,3,3,3,keep,3,3,0,0.4727823734283447,0.40134844183921814
18886,4,01_Funk2-108-Eb_comp.jams,184007,0,3,3,3,keep,3,3,0,0.5943502187728882,0.9097093343734741
18889,4,01_Funk2-108-Eb_comp.jams,196392,0,2,2,2,keep,2,2,0,0.14804556965827942,0.27880463004112244
18891,4,01_Funk2-108-Eb_comp.jams,208631,2,3,3,4,keep,3,3,0,0.37737777829170227,0.22833149135112762
18893,4,01_Funk2-108-Eb_comp.jams,221104,4,2,2,3,keep,2,4,0,0.3498519957065582,0.06565827876329422
18895,4,01_Funk2-108-Eb_comp.jams,227495,3,3,3,2,keep,3,2,0,0.5558269619941711,0.47053438425064087
18899,4,01_Funk2-108-Eb_comp.jams,244956,4,3,4,3,mixed_by_complete_group,4,3,0,0.4153308570384979,0.6783415675163269
18903,4,01_Funk2-108-Eb_comp.jams,264065,4,3,3,4,keep,3,4,0,0.4323657155036926,0.17752332985401154
18906,4,01_Funk2-108-Eb_comp.jams,275932,4,3,3,3,keep,3,3,0,0.5840933322906494,0.5231882929801941
18908,4,01_Funk2-108-Eb_comp.jams,281714,4,3,3,5,keep,5,3,0,0.25952965021133423,0.2570348381996155
18910,4,01_Funk2-108-Eb_comp.jams,288568,4,3,3,3,keep,3,3,0,0.3877357244491577,0.5601316690444946
18914,4,01_Funk2-108-Eb_comp.jams,306174,3,3,3,3,keep,3,3,0,0.5579816699028015,0.6689263582229614
18916,4,01_Funk2-108-Eb_comp.jams,318449,3,3,3,3,keep,3,3,0,0.3796863257884979,0.21266840398311615
18918,4,01_Funk2-108-Eb_comp.jams,324556,2,3,3,3,keep,3,3,0,0.5728976130485535,0.708460807800293
18922,4,01_Funk2-108-Eb_comp.jams,342932,3,3,3,3,keep,3,3,0,0.4200432300567627,0.5126035809516907
18927,4,01_Funk2-108-Eb_comp.jams,361637,3,3,3,3,keep,3,3,0,0.6303540468215942,0.6082780957221985
18930,4,01_Funk2-108-Eb_comp.jams,373713,3,3,3,3,keep,3,3,0,0.5949543118476868,0.8306835293769836
18935,4,01_Funk2-108-Eb_comp.jams,392634,1,3,3,3,keep,3,3,0,0.3800433874130249,0.38037824630737305
18938,4,01_Funk2-108-Eb_comp.jams,405112,3,3,3,3,keep,3,3,0,0.577714204788208,0.2256111204624176
18941,4,01_Funk2-108-Eb_comp.jams,417685,3,3,3,3,keep,3,3,0,0.5491516590118408,0.2505737841129303
18943,4,01_Funk2-108-Eb_comp.jams,424373,2,3,3,3,keep,3,3,0,0.5090215802192688,0.3171736001968384
18945,4,01_Funk2-108-Eb_comp.jams,428316,0,2,2,2,keep,2,2,0,0.20650064945220947,0.0871817097067833
18948,4,01_Funk2-108-Eb_comp.jams,441811,4,3,3,3,keep,3,4,0,0.41908949613571167,0.14554058015346527
18951,4,01_Funk2-108-Eb_comp.jams,454080,0,2,2,2,keep,2,2,0,0.11440879106521606,0.011922934092581272
18952,4,01_Funk2-108-Eb_comp.jams,460283,3,3,3,4,keep,3,4,0,0.540459156036377,0.14285309612751007
18955,4,01_Funk2-108-Eb_comp.jams,472389,3,3,3,3,keep,3,3,0,0.5365476012229919,0.45024994015693665
18956,4,01_Funk2-108-Eb_comp.jams,477143,3,3,3,3,keep,3,3,0,0.4110323488712311,0.500370979309082
18957,4,01_Funk2-108-Eb_comp.jams,478918,1,3,3,3,keep,2,3,0,0.393366277217865,0.7512434124946594
18959,4,01_Funk2-108-Eb_comp.jams,484805,4,3,3,5,keep,3,2,0,0.39905160665512085,0.1038534864783287
18961,4,01_Funk2-108-Eb_comp.jams,490004,1,2,2,2,keep,2,2,0,0.12838824093341827,0.025317290797829628
18963,4,01_Funk2-108-Eb_comp.jams,502813,3,3,2,3,mixed_by_complete_group,3,3,1,0.32674843072891235,0.5482825040817261
18966,4,01_Funk2-108-Eb_comp.jams,520982,2,3,3,3,keep,3,3,0,0.5604479908943176,0.5095412135124207
18969,4,01_Funk2-108-Eb_comp.jams,538817,2,3,3,2,keep,2,2,1,0.3319902718067169,0.139910027384758
18971,4,01_Funk2-108-Eb_comp.jams,557135,2,3,3,3,keep,3,3,0,0.5007461905479431,0.5224869847297668
18974,4,01_Funk2-108-Eb_comp.jams,569631,2,2,2,2,keep,2,2,0,0.4714558720588684,0.8995979428291321
18976,4,01_Funk2-108-Eb_comp.jams,575149,1,3,3,3,keep,3,3,0,0.6178510785102844,0.5720975995063782
18981,4,01_Funk2-108-Eb_comp.jams,599846,3,3,3,2,keep,3,2,0,0.4500228762626648,0.014288694597780704
18983,4,01_Funk2-108-Eb_comp.jams,618477,3,3,3,3,keep,3,3,0,0.669018030166626,0.6650094985961914
18985,4,01_Funk2-108-Eb_comp.jams,636092,3,3,3,2,keep,3,3,0,0.5549982786178589,0.32337185740470886
18987,4,01_Funk2-108-Eb_comp.jams,655182,2,3,3,3,keep,3,3,0,0.5587644577026367,0.71954345703125
18991,4,01_Funk2-108-Eb_comp.jams,673513,3,3,3,3,keep,3,3,0,0.4902891516685486,0.6975455284118652
18992,4,01_Funk2-108-Eb_comp.jams,679447,3,3,3,3,keep,3,3,0,0.45986029505729675,0.7846675515174866
18995,4,01_Funk2-108-Eb_comp.jams,698249,2,3,3,3,keep,3,3,0,0.5421430468559265,0.6993209719657898
18998,4,01_Funk2-108-Eb_comp.jams,716333,3,3,3,3,keep,3,3,0,0.581189751625061,0.6611180305480957
19002,4,01_Funk2-108-Eb_comp.jams,734995,2,3,3,2,keep,3,2,0,0.5301744937896729,0.039497241377830505
19005,4,01_Funk2-108-Eb_comp.jams,753651,2,3,3,3,keep,3,3,0,0.44030898809432983,0.3681327700614929
19007,4,01_Funk2-108-Eb_comp.jams,766135,2,2,3,3,local_rates_favor_correction_for_all_groups,3,3,0,0.4189812242984772,0.18213145434856415
19011,4,01_Funk2-108-Eb_comp.jams,785343,1,3,3,3,keep,3,3,0,0.43931397795677185,0.6659961938858032
19013,4,01_Funk2-108-Eb_comp.jams,796696,1,3,3,3,keep,3,3,0,0.45780467987060547,0.4718346893787384
19017,4,01_Funk2-108-Eb_comp.jams,809615,3,3,3,3,keep,3,3,0,0.4433589577674866,0.5541976690292358
19018,4,01_Funk2-108-Eb_comp.jams,815639,2,3,2,2,mixed_by_complete_group,2,2,0,0.28435441851615906,0.2518162727355957
19021,4,01_Funk2-108-Eb_comp.jams,833411,3,3,3,3,keep,3,3,0,0.3758571445941925,0.3068743646144867
19024,4,01_Funk2-108-Eb_comp.jams,852305,3,3,3,3,keep,3,3,0,0.6140232086181641,0.40315476059913635
19026,4,01_Funk2-108-Eb_comp.jams,863971,2,3,3,3,keep,3,3,0,0.3548415005207062,0.4090767204761505
19027,4,01_Funk2-108-Eb_comp.jams,869667,1,2,2,2,keep,2,2,0,0.43413373827934265,0.4784747064113617
19029,4,01_Funk2-108-Eb_comp.jams,876383,2,2,2,2,keep,2,2,0,0.5986592173576355,0.40464529395103455
19032,4,01_Funk2-108-Eb_comp.jams,893962,2,4,4,4,keep,4,4,0,0.5005553960800171,0.5915032029151917
19036,4,01_Funk2-108-Eb_comp.jams,912988,2,3,3,2,keep,3,2,0,0.517012357711792,0.2336454838514328
19039,4,01_Funk2-108-Eb_comp.jams,931617,2,3,3,3,keep,3,3,0,0.3891579508781433,0.3910214900970459
19043,4,01_Funk2-108-Eb_comp.jams,950440,1,3,3,3,keep,3,3,0,0.5009193420410156,0.34458813071250916
19045,4,01_Funk2-108-Eb_comp.jams,961771,2,3,3,3,keep,3,3,0,0.43577149510383606,0.7136699557304382
19048,4,01_Funk2-108-Eb_comp.jams,968447,2,3,3,3,keep,3,3,0,0.5273149609565735,0.759951114654541
19050,4,01_Funk2-108-Eb_comp.jams,974616,1,2,2,2,keep,2,2,0,0.1882278323173523,0.05819995701313019
19053,4,01_Funk2-108-Eb_comp.jams,993346,2,4,4,3,keep,3,3,0,0.440545916557312,0.08555370569229126
19056,4,01_Funk2-108-Eb_comp.jams,1006237,0,2,2,2,keep,2,2,0,0.23164691030979156,0.12179327011108398
19057,4,01_Funk2-108-Eb_comp.jams,1012750,3,3,3,2,keep,3,3,0,0.4067053496837616,0.22304213047027588
19061,4,01_Funk2-108-Eb_comp.jams,1030166,4,3,3,3,keep,3,3,0,0.4830784201622009,0.3840571939945221
19066,4,01_Funk2-108-Eb_comp.jams,1048044,3,3,3,3,keep,3,3,0,0.6384962201118469,0.40791040658950806
19069,4,01_Funk2-108-Eb_comp.jams,1059785,3,3,3,3,keep,3,3,0,0.5176699757575989,0.5040388703346252
19072,4,01_Funk2-108-Eb_comp.jams,1065672,2,3,3,5,keep,3,5,0,0.3726264238357544,0.23827266693115234
19075,4,01_Funk2-108-Eb_comp.jams,1072604,1,3,2,3,local_rates_favor_regression_for_all_groups,3,3,0,0.3424341678619385,0.5289025902748108
19077,4,01_Funk2-108-Eb_comp.jams,1090502,2,4,3,3,mixed_by_complete_group,3,3,0,0.2984873354434967,0.05569802224636078
19079,4,01_Funk2-108-Eb_comp.jams,1109919,3,3,3,3,keep,3,3,0,0.5348072648048401,0.6871422529220581
19083,4,01_Funk2-108-Eb_comp.jams,1127871,2,3,3,3,keep,3,3,0,0.41717424988746643,0.4344092905521393
19086,4,01_Funk2-108-Eb_comp.jams,1139634,0,3,3,3,keep,3,3,0,0.06624594330787659,0.012589257210493088
19087,4,01_Funk2-108-Eb_comp.jams,1145725,2,3,3,3,keep,3,3,0,0.7672900557518005,0.7854029536247253
19090,4,01_Funk2-108-Eb_comp.jams,1162265,0,3,3,2,keep,3,2,0,0.0771017000079155,0.0008014216437004507
19092,4,01_Funk2-108-Eb_comp.jams,1169807,0,2,3,3,local_rates_favor_regression_for_all_groups,2,3,0,0.2334381490945816,0.10768160969018936
19093,4,01_Funk2-108-Eb_comp.jams,1176539,1,3,3,3,keep,3,3,0,0.4071592688560486,0.23549756407737732
19095,4,01_Funk2-108-Eb_comp.jams,1188594,4,3,3,2,keep,2,4,0,0.3789791762828827,0.1990753561258316
19097,4,01_Funk2-108-Eb_comp.jams,1200765,1,2,2,3,keep,3,3,0,0.31608253717422485,0.1395968645811081
19098,4,01_Funk2-108-Eb_comp.jams,1206807,3,3,3,5,keep,5,5,-1,0.30528709292411804,0.0810718834400177
19099,4,01_Funk2-108-Eb_comp.jams,1208601,1,2,3,3,local_rates_favor_correction_for_all_groups,3,3,0,0.2585003674030304,0.23825307190418243
19103,4,01_Funk2-108-Eb_comp.jams,1225578,3,3,3,3,keep,3,3,0,0.5209062099456787,0.41598841547966003
19107,4,01_Funk2-108-Eb_comp.jams,1243752,4,4,3,3,mixed_by_complete_group,3,4,0,0.3276267945766449,0.36064645648002625
19111,4,01_Funk2-108-Eb_comp.jams,1255439,4,3,3,3,keep,3,3,0,0.3332202732563019,0.40111836791038513
19113,4,01_Funk2-108-Eb_comp.jams,1260785,2,3,3,3,keep,3,3,0,0.4412529170513153,0.14608414471149445
19116,4,01_Funk2-108-Eb_comp.jams,1267861,0,2,2,2,keep,2,2,0,0.1528199315071106,0.0994020476937294
19117,4,01_Funk2-108-Eb_comp.jams,1273797,1,3,2,2,mixed_by_complete_group,3,2,0,0.17770251631736755,0.031485505402088165
19120,4,01_Funk2-108-Eb_comp.jams,1285334,2,3,3,3,keep,3,3,0,0.3099660873413086,0.4174184501171112
19124,4,01_Funk2-108-Eb_comp.jams,1304702,3,3,3,3,keep,3,3,0,0.3404015600681305,0.23600289225578308
19128,4,01_Funk2-108-Eb_comp.jams,1323234,3,3,2,3,mixed_by_complete_group,3,2,1,0.409934401512146,0.33601683378219604
19131,4,01_Funk2-108-Eb_comp.jams,1341534,1,3,3,3,keep,3,3,0,0.34474998712539673,0.6466440558433533
19134,4,01_Funk2-108-Eb_comp.jams,1353562,3,2,3,3,mixed_by_complete_group,3,3,0,0.33096808195114136,0.3959537744522095
19139,4,01_Funk2-108-Eb_comp.jams,1372553,0,3,3,3,keep,3,2,0,0.24273008108139038,0.13885529339313507
19140,4,01_Funk2-108-Eb_comp.jams,1384559,2,3,3,2,keep,3,2,0,0.5016006827354431,0.22077888250350952
19143,4,01_Funk2-108-Eb_comp.jams,1402557,2,3,3,3,keep,3,3,0,0.6883307695388794,0.6029068827629089
19147,4,01_Funk2-108-Eb_comp.jams,1421477,2,3,3,3,keep,3,3,0,0.37488412857055664,0.8418212532997131
19151,4,01_Funk2-108-Eb_comp.jams,1439881,2,3,3,3,keep,3,3,0,0.4445428252220154,0.48155859112739563
19152,4,01_Funk2-108-Eb_comp.jams,1445713,0,2,2,2,keep,2,2,0,0.5248798131942749,0.44980475306510925
19154,4,01_Funk2-108-Eb_comp.jams,1457642,4,3,3,3,keep,3,3,0,0.5046383142471313,0.4124620258808136
19157,4,01_Funk2-108-Eb_comp.jams,1465000,4,2,2,2,keep,2,2,0,0.4916391670703888,0.9199400544166565
19162,4,01_Funk2-108-Eb_comp.jams,1482085,3,3,3,3,keep,3,3,0,0.5078336596488953,0.8308880925178528
19166,4,01_Funk2-108-Eb_comp.jams,1501666,2,3,3,3,keep,3,3,0,0.4143572449684143,0.6149410605430603
19170,4,01_Funk2-108-Eb_comp.jams,1519179,3,3,2,2,mixed_by_complete_group,2,2,0,0.36525219678878784,0.35033556818962097
19173,4,01_Funk2-108-Eb_comp.jams,1531218,1,2,2,2,keep,2,2,0,0.27070870995521545,0.3282519578933716
19174,4,01_Funk2-108-Eb_comp.jams,1537515,3,3,3,3,keep,3,3,0,0.7368484735488892,0.841576874256134
19178,4,01_Funk2-108-Eb_comp.jams,1549365,3,3,3,3,keep,3,3,0,0.5760679244995117,0.6206629276275635
19179,4,01_Funk2-108-Eb_comp.jams,1555375,3,3,3,3,keep,3,2,0,0.4403371810913086,0.32970356941223145
19181,4,01_Funk2-108-Eb_comp.jams,1561892,4,3,3,3,keep,3,3,0,0.5028620362281799,0.45522835850715637
19266,4,01_Funk2-108-Eb_solo.jams,405439,2,2,2,2,keep,2,2,0,0.5947329998016357,0.8951287269592285
19269,4,01_Funk2-108-Eb_solo.jams,416430,1,2,2,3,keep,2,2,0,0.14163418114185333,0.006165558006614447
19299,4,01_Funk2-108-Eb_solo.jams,534628,1,2,2,2,keep,2,2,0,0.005744465161114931,0.004723432939499617
19332,4,01_Funk2-108-Eb_solo.jams,752795,1,2,2,2,keep,2,2,0,0.681486189365387,0.6998991370201111
19333,4,01_Funk2-108-Eb_solo.jams,759409,2,2,2,2,keep,2,2,0,0.3390651047229767,0.4514564573764801
19443,4,01_Funk2-108-Eb_solo.jams,1464458,1,2,2,3,keep,3,2,0,0.37673652172088623,0.4494188129901886
19448,4,01_Funk2-108-Eb_solo.jams,1481992,1,2,2,3,keep,2,3,0,0.3490632474422455,0.11230002343654633
19450,4,01_Funk2-108-Eb_solo.jams,1494258,1,3,3,2,keep,3,2,0,0.2836659252643585,0.0035467154812067747
19454,4,01_Funk2-108-Eb_solo.jams,1518635,1,3,3,2,keep,2,2,0,0.32275253534317017,0.003622702555730939
19457,4,01_Funk2-108-Eb_solo.jams,1535995,0,2,2,2,keep,2,2,0,0.20180398225784302,0.14622829854488373
21392,4,01_Jazz1-130-D_comp.jams,20544,2,3,3,2,keep,3,2,0,0.599627673625946,0.1802375763654709
21397,4,01_Jazz1-130-D_comp.jams,53852,2,2,2,2,keep,2,2,0,0.6801503896713257,0.9296031594276428
21402,4,01_Jazz1-130-D_comp.jams,73418,2,3,3,2,keep,2,2,1,0.37042295932769775,0.013332979753613472
21407,4,01_Jazz1-130-D_comp.jams,102484,2,2,2,2,keep,2,2,0,0.46731194853782654,0.5101839900016785
21410,4,01_Jazz1-130-D_comp.jams,135309,2,2,2,2,keep,2,2,0,0.7231734991073608,0.9841693639755249
21413,4,01_Jazz1-130-D_comp.jams,155136,2,3,3,2,keep,3,2,0,0.7539777159690857,0.15699371695518494
21415,4,01_Jazz1-130-D_comp.jams,182709,2,3,3,3,keep,3,3,0,0.7667135000228882,0.7594491839408875
21416,4,01_Jazz1-130-D_comp.jams,216242,2,3,3,2,keep,3,2,0,0.6641412377357483,0.20064325630664825
21419,4,01_Jazz1-130-D_comp.jams,236521,2,2,2,2,keep,2,2,0,0.7521825432777405,0.37558063864707947
21422,4,01_Jazz1-130-D_comp.jams,264134,2,3,3,3,keep,3,3,0,0.47902464866638184,0.561854898929596
21429,4,01_Jazz1-130-D_comp.jams,298466,2,2,2,2,keep,2,2,0,0.4365948736667633,0.7438704967498779
21434,4,01_Jazz1-130-D_comp.jams,318736,2,3,3,2,keep,3,2,0,0.720917284488678,0.44882485270500183
21437,4,01_Jazz1-130-D_comp.jams,346035,2,2,2,3,keep,3,3,-1,0.4290176331996918,0.22337938845157623
21447,4,01_Jazz1-130-D_comp.jams,365472,1,2,2,2,keep,2,2,0,0.18706049025058746,0.0798131600022316
21449,4,01_Jazz1-130-D_comp.jams,379233,2,2,2,3,keep,2,2,0,0.592741847038269,0.32655996084213257
21457,4,01_Jazz1-130-D_comp.jams,406639,1,2,3,3,local_rates_favor_correction_for_all_groups,3,3,0,0.29763221740722656,0.06010787561535835
21465,4,01_Jazz1-130-D_comp.jams,426477,2,2,2,3,keep,2,2,0,0.3986647427082062,0.08640753477811813
21477,4,01_Jazz1-130-D_comp.jams,460991,2,3,3,2,keep,3,2,0,0.4975471794605255,0.22069896757602692
21483,4,01_Jazz1-130-D_comp.jams,481546,2,2,2,2,keep,2,2,0,0.573985755443573,0.9119827151298523
21490,4,01_Jazz1-130-D_comp.jams,503106,2,3,3,2,keep,3,2,0,0.7924115657806396,0.1709606796503067
21493,4,01_Jazz1-130-D_comp.jams,523047,2,3,2,2,local_rates_favor_regression_for_all_groups,2,2,0,0.21703864634037018,0.17875578999519348
21497,4,01_Jazz1-130-D_comp.jams,543167,2,3,3,3,keep,3,3,0,0.17640744149684906,0.8055329918861389
21502,4,01_Jazz1-130-D_comp.jams,562051,2,3,3,3,keep,3,3,0,0.5890304446220398,0.4982142150402069
21504,4,01_Jazz1-130-D_comp.jams,590746,2,3,3,2,keep,3,2,0,0.6758750677108765,0.3157555162906647
21511,4,01_Jazz1-130-D_comp.jams,622601,2,3,3,3,keep,3,3,0,0.6216177344322205,0.6110771894454956
21515,4,01_Jazz1-130-D_comp.jams,644310,2,2,2,2,keep,2,2,0,0.6540216207504272,0.7571723461151123
21519,4,01_Jazz1-130-D_comp.jams,671771,3,3,3,3,keep,3,3,0,0.5539004802703857,0.3598633110523224
21529,4,01_Jazz1-130-D_comp.jams,704915,2,2,3,2,mixed_by_complete_group,3,2,0,0.1896076202392578,0.5513566136360168
21538,4,01_Jazz1-130-D_comp.jams,724421,2,2,3,2,local_rates_favor_correction_for_all_groups,3,2,0,0.356114000082016,0.777153491973877
21562,4,01_Jazz1-130-D_comp.jams,805834,2,2,2,2,keep,2,2,0,0.672590970993042,0.5800382494926453
21565,4,01_Jazz1-130-D_comp.jams,811740,0,2,2,2,keep,2,2,0,0.36347800493240356,0.8349422216415405
21566,4,01_Jazz1-130-D_comp.jams,833097,3,3,3,4,keep,3,4,0,0.6466680765151978,0.16210030019283295
21576,4,01_Jazz1-130-D_comp.jams,866294,2,3,2,2,mixed_by_complete_group,2,2,0,0.38329076766967773,0.05352674052119255
21580,4,01_Jazz1-130-D_comp.jams,887514,2,3,3,3,keep,3,3,0,0.412815123796463,0.2698267698287964
21584,4,01_Jazz1-130-D_comp.jams,916218,2,3,3,2,keep,3,2,0,0.479762464761734,0.04207463935017586
21595,4,01_Jazz1-130-D_comp.jams,970183,1,2,2,3,keep,2,3,0,0.4497499167919159,0.12098374217748642
21598,4,01_Jazz1-130-D_solo.jams,5,0,2,2,3,keep,3,2,0,0.30978190898895264,0.10840032994747162
21632,4,01_Jazz1-130-D_solo.jams,236192,1,2,2,2,keep,2,2,0,0.20968855917453766,0.13443653285503387
21687,4,01_Jazz1-130-D_solo.jams,630817,1,2,2,2,keep,2,2,0,0.21230478584766388,0.2794935405254364
23065,4,01_Jazz3-137-Eb_comp.jams,19862,2,3,2,2,local_rates_favor_regression_for_all_groups,2,2,0,0.34749647974967957,0.21643956005573273
23067,4,01_Jazz3-137-Eb_comp.jams,31020,1,3,2,2,mixed_by_complete_group,2,2,0,0.09786529839038849,0.0016880311304703355
23068,4,01_Jazz3-137-Eb_comp.jams,32802,2,2,2,2,keep,2,2,0,0.5265074968338013,0.7885927557945251
23070,4,01_Jazz3-137-Eb_comp.jams,58255,2,3,2,2,mixed_by_complete_group,2,2,0,0.3293083906173706,0.1343594789505005
23073,4,01_Jazz3-137-Eb_comp.jams,77675,2,3,3,3,keep,3,3,0,0.740696132183075,0.8673909306526184
23082,4,01_Jazz3-137-Eb_comp.jams,108252,3,3,3,3,keep,3,3,0,0.5388026833534241,0.5482908487319946
23087,4,01_Jazz3-137-Eb_comp.jams,127570,1,2,2,2,keep,2,2,0,0.38663169741630554,0.35748857259750366
23090,4,01_Jazz3-137-Eb_comp.jams,134752,0,3,3,3,keep,3,3,0,0.10720373690128326,0.05836034193634987
23093,4,01_Jazz3-137-Eb_comp.jams,154539,1,2,2,2,keep,2,2,0,0.5238592028617859,0.5164867043495178
23101,4,01_Jazz3-137-Eb_comp.jams,171619,2,2,2,2,keep,2,2,0,0.08004054427146912,0.025887001305818558
23102,4,01_Jazz3-137-Eb_comp.jams,173384,0,2,2,3,keep,2,2,0,0.24315916001796722,0.19805248081684113
23104,4,01_Jazz3-137-Eb_comp.jams,185724,2,3,3,3,keep,3,3,0,0.597827672958374,0.7366071343421936
23111,4,01_Jazz3-137-Eb_comp.jams,204176,1,2,3,2,local_rates_favor_regression_for_all_groups,2,2,0,0.4253225326538086,0.6137593984603882
23114,4,01_Jazz3-137-Eb_comp.jams,211766,0,2,2,2,keep,2,2,0,0.1364741325378418,0.002639417303726077
23115,4,01_Jazz3-137-Eb_comp.jams,231054,3,2,2,2,keep,2,2,0,0.48637494444847107,0.4686359167098999
23125,4,01_Jazz3-137-Eb_comp.jams,249937,0,2,2,2,keep,2,2,0,0.051356926560401917,0.00785623025149107
23127,4,01_Jazz3-137-Eb_comp.jams,262719,3,3,3,3,keep,3,3,0,0.5906149744987488,0.7680056095123291
23128,4,01_Jazz3-137-Eb_comp.jams,264597,0,2,2,2,keep,2,2,0,0.38302087783813477,0.27542850375175476
23134,4,01_Jazz3-137-Eb_comp.jams,281985,1,2,3,3,mixed_by_complete_group,3,3,0,0.34128183126449585,0.10884394496679306
23136,4,01_Jazz3-137-Eb_comp.jams,288579,1,3,2,2,mixed_by_complete_group,2,2,0,0.20414842665195465,0.15066079795360565
23138,4,01_Jazz3-137-Eb_comp.jams,300307,3,2,3,2,local_rates_favor_correction_for_all_groups,3,3,0,0.4045131206512451,0.47262775897979736
23139,4,01_Jazz3-137-Eb_comp.jams,302135,1,2,2,2,keep,2,2,0,0.5877844095230103,0.4933101534843445
23147,4,01_Jazz3-137-Eb_comp.jams,327488,1,3,3,3,keep,3,3,0,0.041039541363716125,0.0027872687205672264
23148,4,01_Jazz3-137-Eb_comp.jams,339540,3,3,3,3,keep,3,3,0,0.5888338685035706,0.5529313087463379
23150,4,01_Jazz3-137-Eb_comp.jams,346651,3,2,2,2,keep,2,2,0,0.5783631801605225,0.5912438631057739
23156,4,01_Jazz3-137-Eb_comp.jams,367109,2,2,2,2,keep,2,2,0,0.3624027371406555,0.3880288004875183
23160,4,01_Jazz3-137-Eb_comp.jams,386851,2,2,3,3,mixed_by_complete_group,3,3,0,0.4236506521701813,0.2763959467411041
23165,4,01_Jazz3-137-Eb_comp.jams,417568,3,3,3,3,keep,3,3,0,0.47426727414131165,0.6453983187675476
23169,4,01_Jazz3-137-Eb_comp.jams,443703,3,3,2,2,mixed_by_complete_group,2,2,0,0.26134970784187317,0.18757444620132446
23172,4,01_Jazz3-137-Eb_comp.jams,463332,3,3,3,3,keep,3,3,0,0.585241973400116,0.7020421624183655
23181,4,01_Jazz3-137-Eb_comp.jams,494752,2,2,3,3,local_rates_favor_correction_for_all_groups,3,3,0,0.3267088830471039,0.24873042106628418
23185,4,01_Jazz3-137-Eb_comp.jams,515110,2,2,2,2,keep,2,2,0,0.47814705967903137,0.75689697265625
23188,4,01_Jazz3-137-Eb_comp.jams,521697,1,2,3,2,local_rates_favor_regression_for_all_groups,2,2,0,0.4706924557685852,0.5087031126022339
23193,4,01_Jazz3-137-Eb_comp.jams,560451,2,3,3,3,keep,3,3,0,0.4240742325782776,0.43414515256881714
23195,4,01_Jazz3-137-Eb_comp.jams,571966,2,3,3,3,keep,3,3,0,0.5262871384620667,0.7188947200775146
23196,4,01_Jazz3-137-Eb_comp.jams,573749,3,2,2,3,keep,2,2,0,0.4883050322532654,0.11524030566215515
23200,4,01_Jazz3-137-Eb_comp.jams,591356,2,2,2,2,keep,2,2,0,0.6446133255958557,0.547641932964325
23202,4,01_Jazz3-137-Eb_comp.jams,598771,4,3,3,3,keep,3,3,0,0.5448203086853027,0.4756922721862793
23206,4,01_Jazz3-137-Eb_comp.jams,618899,2,2,2,2,keep,2,2,0,0.7574034333229065,0.7721940279006958
23213,4,01_Jazz3-137-Eb_comp.jams,648882,2,3,2,2,mixed_by_complete_group,2,2,0,0.2874952554702759,0.11678356677293777
23214,4,01_Jazz3-137-Eb_comp.jams,650651,2,2,2,2,keep,2,2,0,0.5057258009910583,0.40648311376571655
23219,4,01_Jazz3-137-Eb_comp.jams,676732,2,3,2,2,local_rates_favor_regression_for_all_groups,2,2,0,0.30779340863227844,0.214491069316864
23221,4,01_Jazz3-137-Eb_comp.jams,695537,2,3,3,3,keep,3,3,0,0.47850051522254944,0.3987339735031128
23225,4,01_Jazz3-137-Eb_comp.jams,714044,1,3,3,3,keep,3,3,0,0.04874545708298683,0.008903578855097294
23227,4,01_Jazz3-137-Eb_comp.jams,725754,2,3,2,2,mixed_by_complete_group,2,2,0,0.30298593640327454,0.1730271428823471
23232,4,01_Jazz3-137-Eb_comp.jams,746813,1,2,2,2,keep,2,2,0,0.15059934556484222,0.09628331661224365
23236,4,01_Jazz3-137-Eb_comp.jams,772406,2,2,2,2,keep,2,2,0,0.5458958745002747,0.6094180941581726
23245,4,01_Jazz3-137-Eb_comp.jams,790850,1,2,2,2,keep,2,2,0,0.1291143000125885,0.022957243025302887
23247,4,01_Jazz3-137-Eb_comp.jams,803871,2,2,2,2,keep,2,2,0,0.5084795951843262,0.6554704308509827
23248,4,01_Jazz3-137-Eb_comp.jams,805661,1,2,2,2,keep,2,2,0,0.4105565845966339,0.21207666397094727
23256,4,01_Jazz3-137-Eb_comp.jams,824720,2,2,2,2,keep,2,2,0,0.6136666536331177,0.9349234700202942
23258,4,01_Jazz3-137-Eb_comp.jams,831356,3,3,2,2,mixed_by_complete_group,2,2,0,0.2713598310947418,0.14157384634017944
23264,4,01_Jazz3-137-Eb_comp.jams,880890,4,3,3,3,keep,3,3,0,0.4644114375114441,0.7939648032188416
23274,4,01_Jazz3-137-Eb_comp.jams,908806,3,3,3,3,keep,3,3,0,0.5097253322601318,0.7257300019264221
23279,4,01_Jazz3-137-Eb_comp.jams,927292,3,3,3,3,keep,3,3,0,0.5797779560089111,0.6852182149887085
23285,4,01_Jazz3-137-Eb_comp.jams,944643,0,2,2,2,keep,2,2,0,0.057688817381858826,0.012240600772202015
23287,4,01_Jazz3-137-Eb_comp.jams,956843,4,3,3,3,keep,3,3,0,0.6041714549064636,0.3019489347934723
23290,4,01_Jazz3-137-Eb_comp.jams,964414,2,2,2,3,keep,2,3,0,0.44193655252456665,0.15273286402225494
23295,4,01_Jazz3-137-Eb_comp.jams,976735,2,2,2,3,keep,3,3,-1,0.33627966046333313,0.105927973985672
23298,4,01_Jazz3-137-Eb_comp.jams,983078,1,3,3,3,keep,3,3,0,0.36721932888031006,0.236106738448143
23302,4,01_Jazz3-137-Eb_comp.jams,994144,0,2,2,2,keep,2,2,0,0.43649235367774963,0.29134228825569153
23304,4,01_Jazz3-137-Eb_comp.jams,1004900,2,2,2,2,keep,2,2,0,0.7177276611328125,0.5895841121673584
23307,4,01_Jazz3-137-Eb_comp.jams,1034856,3,3,3,3,keep,3,3,0,0.5725141167640686,0.5511950850486755
23315,4,01_Jazz3-137-Eb_comp.jams,1062508,3,2,2,2,keep,2,2,0,0.5051107406616211,0.4766363501548767
23319,4,01_Jazz3-137-Eb_comp.jams,1082215,2,3,3,2,keep,3,3,0,0.5279116630554199,0.13676846027374268
23325,4,01_Jazz3-137-Eb_comp.jams,1099699,0,3,3,3,keep,3,2,0,0.1186140701174736,0.01247476413846016
23327,4,01_Jazz3-137-Eb_comp.jams,1112061,2,2,2,2,keep,2,2,0,0.5040028691291809,0.8468105792999268
23328,4,01_Jazz3-137-Eb_comp.jams,1113840,2,2,2,2,keep,2,2,0,0.493268758058548,0.353211909532547
23335,4,01_Jazz3-137-Eb_comp.jams,1132024,2,2,2,2,keep,2,2,0,0.3716047704219818,0.4423719346523285
23338,4,01_Jazz3-137-Eb_comp.jams,1139031,1,2,2,2,keep,2,2,0,0.4198940396308899,0.7279398441314697
23339,4,01_Jazz3-137-Eb_comp.jams,1150779,3,3,3,3,keep,3,3,0,0.40418627858161926,0.4944094121456146
23351,4,01_Jazz3-137-Eb_comp.jams,1189657,2,3,2,2,mixed_by_complete_group,2,2,0,0.2553350627422333,0.2656654715538025
23359,4,01_Jazz3-137-Eb_comp.jams,1208632,2,2,2,2,keep,2,2,0,0.2642262279987335,0.22622732818126678
23361,4,01_Jazz3-137-Eb_comp.jams,1226183,1,2,2,2,keep,2,2,0,0.20552457869052887,0.12171285599470139
23362,4,01_Jazz3-137-Eb_comp.jams,1227953,2,3,2,2,mixed_by_complete_group,2,2,0,0.11248739063739777,0.0003918637812603265
23398,4,01_Jazz3-137-Eb_solo.jams,339326,1,2,2,2,keep,2,2,0,0.2492600977420807,0.13120779395103455
23417,4,01_Jazz3-137-Eb_solo.jams,559802,1,2,2,3,keep,2,3,0,0.17813022434711456,0.00017381442012265325
24497,4,01_Rock1-90-C#_comp.jams,4,4,3,3,3,keep,3,3,0,0.43125662207603455,0.5133839249610901
24512,4,01_Rock1-90-C#_comp.jams,28932,3,2,2,2,keep,2,2,0,0.44641605019569397,0.44016242027282715
24513,4,01_Rock1-90-C#_comp.jams,30741,1,3,3,3,keep,3,3,0,0.5397557616233826,0.30498644709587097
24534,4,01_Rock1-90-C#_comp.jams,74111,3,3,3,4,keep,3,4,0,0.45111629366874695,0.2941545844078064
24542,4,01_Rock1-90-C#_comp.jams,89572,2,2,2,2,keep,2,2,0,0.36604398488998413,0.39826080203056335
24549,4,01_Rock1-90-C#_comp.jams,102859,3,3,3,3,keep,3,3,0,0.572634756565094,0.6761024594306946
24550,4,01_Rock1-90-C#_comp.jams,104712,1,2,2,2,keep,2,2,0,0.37437474727630615,0.3420579433441162
24570,4,01_Rock1-90-C#_comp.jams,144876,3,4,3,3,local_rates_favor_correction_for_all_groups,3,3,0,0.40096476674079895,0.04381847754120827
24578,4,01_Rock1-90-C#_comp.jams,160469,2,2,2,2,keep,2,2,0,0.44358697533607483,0.40677759051322937
24586,4,01_Rock1-90-C#_comp.jams,176437,1,2,2,2,keep,2,2,0,0.3671347498893738,0.32055652141571045
24593,4,01_Rock1-90-C#_comp.jams,189854,2,2,2,2,keep,2,2,0,0.3835737705230713,0.4880504608154297
24594,4,01_Rock1-90-C#_comp.jams,191685,1,2,2,2,keep,2,2,0,0.4800161123275757,0.24383415281772614
24608,4,01_Rock1-90-C#_comp.jams,219910,1,2,3,3,mixed_by_complete_group,3,3,0,0.34496963024139404,0.2991214692592621
24615,4,01_Rock1-90-C#_comp.jams,234248,2,3,4,4,mixed_by_complete_group,4,4,0,0.18387112021446228,0.010511881671845913
24629,4,01_Rock1-90-C#_comp.jams,262573,2,2,3,3,mixed_by_complete_group,3,3,0,0.12786786258220673,0.050666820257902145
24630,4,01_Rock1-90-C#_comp.jams,264511,2,2,2,2,keep,2,2,0,0.5527507662773132,0.590505838394165
24637,4,01_Rock1-90-C#_comp.jams,277895,2,2,2,2,keep,2,2,0,0.23362506926059723,0.13812850415706635
24646,4,01_Rock1-90-C#_comp.jams,294929,0,2,2,2,keep,2,2,0,0.656495213508606,0.6615976691246033
24654,4,01_Rock1-90-C#_comp.jams,310185,2,2,2,3,keep,2,3,0,0.4060567617416382,0.19292229413986206
24661,4,01_Rock1-90-C#_comp.jams,325842,2,2,2,2,keep,2,2,0,0.46702340245246887,0.37402647733688354
24665,4,01_Rock1-90-C#_comp.jams,337917,4,4,4,4,keep,4,4,0,0.48165345191955566,0.5608431696891785
24688,4,01_Rock1-90-C#_comp.jams,382424,2,3,3,2,keep,3,2,0,0.421364963054657,0.17460215091705322
24695,4,01_Rock1-90-C#_comp.jams,396307,2,2,2,2,keep,2,2,0,0.42168572545051575,0.23898530006408691
24703,4,01_Rock1-90-C#_comp.jams,411946,2,2,2,2,keep,2,2,0,0.5801902413368225,0.5382257103919983
24710,4,01_Rock1-90-C#_comp.jams,425129,4,3,2,2,local_rates_favor_correction_for_all_groups,3,2,0,0.354218453168869,0.21710973978042603
24719,4,01_Rock1-90-C#_comp.jams,454615,2,3,3,3,keep,3,3,0,0.6589424014091492,0.7292470932006836
24726,4,01_Rock1-90-C#_comp.jams,468969,5,3,4,4,mixed_by_complete_group,4,4,0,0.17533406615257263,0.1999671459197998
24742,4,01_Rock1-90-C#_comp.jams,499819,3,2,2,2,keep,2,2,0,0.26959216594696045,0.26035869121551514
24743,4,01_Rock1-90-C#_comp.jams,501643,3,2,3,3,mixed_by_complete_group,3,3,0,0.35822826623916626,0.432283878326416
24757,4,01_Rock1-90-C#_comp.jams,528702,3,2,2,2,keep,2,2,0,0.362094521522522,0.4104812741279602
24758,4,01_Rock1-90-C#_comp.jams,530495,2,3,3,2,keep,3,3,0,0.5743584036827087,0.11581842601299286
24765,4,01_Rock1-90-C#_comp.jams,544175,4,2,2,2,keep,2,2,0,0.34566715359687805,0.2346663624048233
24766,4,01_Rock1-90-C#_comp.jams,546057,0,2,2,2,keep,2,2,0,0.35542380809783936,0.2173527032136917
24769,4,01_Rock1-90-C#_comp.jams,551715,0,3,3,2,keep,2,2,0,5.028930536354892e-05,3.7777565797814106e-11
24780,4,01_Rock1-90-C#_comp.jams,573901,3,2,3,3,local_rates_favor_correction_for_all_groups,3,3,0,0.1534450352191925,0.005448499694466591
24801,4,01_Rock1-90-C#_comp.jams,616679,3,2,3,3,mixed_by_complete_group,3,3,0,0.2155628502368927,0.02918144501745701
24802,4,01_Rock1-90-C#_comp.jams,618785,2,2,2,2,keep,2,2,0,0.388496458530426,0.4464869499206543
24823,4,01_Rock1-90-C#_comp.jams,660403,2,2,2,2,keep,2,2,0,0.24813054502010345,0.3024795651435852
24824,4,01_Rock1-90-C#_comp.jams,662217,1,2,2,2,keep,2,2,0,0.5074184536933899,0.5986036658287048
24831,4,01_Rock1-90-C#_comp.jams,676200,4,4,4,4,keep,4,4,0,0.2651652693748474,0.33660414814949036
24837,4,01_Rock1-90-C#_comp.jams,689850,1,2,2,2,keep,2,2,0,0.26405203342437744,0.24137017130851746
24840,4,01_Rock1-90-C#_comp.jams,705487,4,3,3,2,keep,3,2,0,0.5831254124641418,0.2710793912410736
24854,4,01_Rock1-90-C#_comp.jams,734331,4,3,4,4,mixed_by_complete_group,4,4,0,0.3079693615436554,0.2129324972629547
24863,4,01_Rock1-90-C#_comp.jams,764430,4,4,4,3,keep,4,3,0,0.40034037828445435,0.15379838645458221
24868,4,01_Rock1-90-C#_comp.jams,775844,0,3,3,3,keep,3,3,0,0.06664279848337173,0.02406509593129158
24870,4,01_Rock1-90-C#_comp.jams,779709,2,3,2,2,mixed_by_complete_group,2,2,0,0.3172744810581207,0.26130276918411255
24878,4,01_Rock1-90-C#_comp.jams,795591,0,2,2,2,keep,2,2,0,0.36265790462493896,0.49961036443710327
24884,4,01_Rock1-90-C#_comp.jams,808190,4,3,4,4,mixed_by_complete_group,4,4,0,0.3178822696208954,0.09560591727495193
24885,4,01_Rock1-90-C#_comp.jams,810030,0,2,2,2,keep,2,2,0,0.48371589183807373,0.5359147787094116
24886,4,01_Rock1-90-C#_comp.jams,811926,0,2,2,2,keep,2,2,0,0.036108631640672684,0.056227464228868484
24898,4,01_Rock1-90-C#_comp.jams,835102,2,2,2,2,keep,2,2,0,0.27022919058799744,0.21850897371768951
24899,4,01_Rock1-90-C#_comp.jams,837112,0,2,2,2,keep,2,2,0,0.2721139192581177,0.1905226707458496
24906,4,01_Rock1-90-C#_comp.jams,851127,4,4,5,5,local_rates_favor_correction_for_all_groups,5,5,0,0.35618069767951965,0.1266699582338333
24907,4,01_Rock1-90-C#_comp.jams,852976,0,2,2,2,keep,2,2,0,0.32037487626075745,0.2797395586967468
24914,4,01_Rock1-90-C#_comp.jams,866797,2,2,2,2,keep,2,2,0,0.2886784076690674,0.17141206562519073
24921,4,01_Rock1-90-C#_comp.jams,880421,2,2,2,2,keep,2,2,0,0.736390233039856,0.6383783221244812
24922,4,01_Rock1-90-C#_comp.jams,882244,0,2,2,2,keep,2,2,0,0.5222797393798828,0.6155982613563538
24929,4,01_Rock1-90-C#_comp.jams,896546,4,3,4,4,mixed_by_complete_group,4,4,0,0.3477894067764282,0.223053976893425
24936,4,01_Rock1-90-C#_comp.jams,909964,3,2,2,2,keep,2,2,0,0.3168366551399231,0.27998101711273193
24944,4,01_Rock1-90-C#_comp.jams,925131,4,3,4,4,mixed_by_complete_group,4,4,0,0.2559875249862671,0.1236906424164772
24947,4,01_Rock1-90-C#_comp.jams,939716,3,3,3,4,keep,3,3,0,0.3429565727710724,0.2114485204219818
24948,4,01_Rock1-90-C#_comp.jams,941826,2,2,2,2,keep,2,2,0,0.3738654553890228,0.4425118863582611
24957,4,01_Rock1-90-C#_comp.jams,969023,4,2,2,2,keep,2,2,0,0.33138319849967957,0.5168746709823608
24958,4,01_Rock1-90-C#_comp.jams,970851,2,2,2,3,keep,2,3,0,0.33414292335510254,0.21936166286468506
24964,4,01_Rock1-90-C#_comp.jams,983953,2,2,2,2,keep,2,2,0,0.4042559266090393,0.32451745867729187
24968,4,01_Rock1-90-C#_comp.jams,992476,1,2,2,2,keep,2,2,0,0.3431354761123657,0.20551539957523346
24969,4,01_Rock1-90-C#_comp.jams,994496,3,4,4,3,keep,4,3,0,0.25122618675231934,0.05552276596426964
24976,4,01_Rock1-90-C#_comp.jams,1015010,5,3,4,4,mixed_by_complete_group,4,4,0,0.308491587638855,0.1866159737110138
24983,4,01_Rock1-90-C#_comp.jams,1028895,3,2,2,2,keep,2,2,0,0.37763771414756775,0.2754409611225128
24989,4,01_Rock1-90-C#_comp.jams,1042690,2,3,2,2,mixed_by_complete_group,3,2,-1,0.37762364745140076,0.09217708557844162
24990,4,01_Rock1-90-C#_comp.jams,1044473,2,2,2,2,keep,2,2,0,0.4258613586425781,0.37649258971214294
24996,4,01_Rock1-90-C#_comp.jams,1056573,2,3,3,3,keep,3,3,0,0.20535483956336975,0.4056137502193451
24997,4,01_Rock1-90-C#_comp.jams,1058539,3,3,2,2,mixed_by_complete_group,2,2,0,0.3418906033039093,0.41854122281074524
25011,4,01_Rock1-90-C#_comp.jams,1086765,4,4,4,4,keep,4,4,0,0.3788852095603943,0.6477068066596985
25019,4,01_Rock1-90-C#_comp.jams,1102330,2,2,2,2,keep,2,2,0,0.5769272446632385,0.7089418172836304
25023,4,01_Rock1-90-C#_comp.jams,1109826,2,2,2,2,keep,2,2,0,0.43954434990882874,0.3559274673461914
25024,4,01_Rock1-90-C#_comp.jams,1111711,4,2,2,2,keep,2,2,0,0.34105154871940613,0.478858083486557
25034,4,01_Rock1-90-C#_comp.jams,1131344,4,3,4,4,mixed_by_complete_group,4,4,0,0.11840406060218811,0.020665805786848068
25035,4,01_Rock1-90-C#_comp.jams,1133115,2,2,3,3,local_rates_favor_regression_for_all_groups,2,3,1,0.1773669719696045,0.1050209328532219
25045,4,01_Rock1-90-C#_comp.jams,1154599,4,3,4,4,local_rates_favor_correction_for_all_groups,4,4,0,0.16504506766796112,0.1499769240617752
25048,4,01_Rock1-90-C#_comp.jams,1160229,3,3,2,2,local_rates_favor_regression_for_all_groups,2,3,0,0.24503792822360992,0.36942973732948303
25052,4,01_Rock1-90-C#_comp.jams,1170154,1,2,2,2,keep,2,2,0,0.06756683439016342,0.028701530769467354
25054,4,01_Rock1-90-C#_comp.jams,1174732,2,3,3,3,keep,3,3,0,0.4469261169433594,0.3747795820236206
25055,4,01_Rock1-90-C#_comp.jams,1176586,1,2,2,2,keep,2,2,0,0.4192936420440674,0.46072420477867126
25063,4,01_Rock1-90-C#_comp.jams,1205842,3,3,3,3,keep,3,3,0,0.4061601758003235,0.5245665311813354
25078,4,01_Rock1-90-C#_comp.jams,1234614,2,3,3,3,keep,3,2,0,0.5362489819526672,0.4308284521102905
25086,4,01_Rock1-90-C#_comp.jams,1249864,4,3,4,4,mixed_by_complete_group,4,4,0,0.3513820171356201,0.27006441354751587
25100,4,01_Rock1-90-C#_comp.jams,1278582,4,2,2,2,keep,2,2,0,0.5590503215789795,0.6482318639755249
25101,4,01_Rock1-90-C#_comp.jams,1280410,0,2,2,2,keep,2,2,0,0.4897249937057495,0.5618388652801514
25108,4,01_Rock1-90-C#_comp.jams,1293904,4,3,3,3,keep,3,3,0,0.2388887256383896,0.5153693556785583
25123,4,01_Rock1-90-C#_comp.jams,1323166,4,3,3,3,keep,3,3,0,0.2912146747112274,0.41270554065704346
25130,4,01_Rock1-90-C#_comp.jams,1336702,2,2,2,2,keep,2,2,0,0.48922520875930786,0.32427626848220825
25137,4,01_Rock1-90-C#_comp.jams,1350903,2,3,3,3,keep,3,2,0,0.4153405725955963,0.3556038439273834
25145,4,01_Rock1-90-C#_comp.jams,1366089,4,3,4,3,local_rates_favor_correction_for_all_groups,4,3,0,0.450859934091568,0.7906768321990967
25160,4,01_Rock1-90-C#_comp.jams,1396487,4,3,4,4,local_rates_favor_correction_for_all_groups,4,4,0,0.2640056908130646,0.23316873610019684
25178,4,01_Rock1-90-C#_solo.jams,117239,1,2,2,2,keep,2,2,0,0.30532827973365784,0.3428219258785248
25189,4,01_Rock1-90-C#_solo.jams,183196,1,2,2,2,keep,2,2,0,0.46169185638427734,0.3481878638267517
25196,4,01_Rock1-90-C#_solo.jams,221269,1,2,2,2,keep,2,2,0,0.09106127917766571,0.023165196180343628
25229,4,01_Rock1-90-C#_solo.jams,440720,1,2,2,2,keep,2,2,0,0.17712201178073883,0.481612890958786
25231,4,01_Rock1-90-C#_solo.jams,456223,1,2,2,2,keep,2,2,0,0.7235813140869141,0.6006450653076172
25318,4,01_Rock1-90-C#_solo.jams,1139629,1,2,2,2,keep,2,2,0,0.30612754821777344,0.22832228243350983
25329,4,01_Rock1-90-C#_solo.jams,1220349,1,2,2,2,keep,2,2,0,0.5892705321311951,0.4705812335014343
25336,4,01_Rock1-90-C#_solo.jams,1281381,1,2,2,3,keep,2,3,0,0.2784327566623688,0.007289571221917868
25356,4,01_Rock1-90-C#_solo.jams,1381384,2,3,3,2,keep,3,2,0,0.48555755615234375,0.1411616951227188
29655,4,01_SS2-107-Ab_comp.jams,3,2,2,2,2,keep,2,2,0,0.5107746124267578,0.7640851140022278
29661,4,01_SS2-107-Ab_comp.jams,12007,3,3,3,3,keep,3,3,0,0.5401566624641418,0.6912978887557983
29665,4,01_SS2-107-Ab_comp.jams,24092,3,3,2,3,mixed_by_complete_group,3,3,1,0.42375773191452026,0.4447636604309082
29667,4,01_SS2-107-Ab_comp.jams,30184,2,2,2,2,keep,2,2,0,0.5933745503425598,0.44714459776878357
29668,4,01_SS2-107-Ab_comp.jams,37495,3,4,4,4,keep,4,4,0,0.4705698788166046,0.4645480215549469
29674,4,01_SS2-107-Ab_comp.jams,62012,3,3,3,3,keep,3,3,0,0.5736532807350159,0.6471828818321228
29679,4,01_SS2-107-Ab_comp.jams,80749,1,2,2,2,keep,2,2,0,0.4869605302810669,0.6642447710037231
29680,4,01_SS2-107-Ab_comp.jams,87452,3,3,2,3,local_rates_favor_correction_for_all_groups,3,3,1,0.35675644874572754,0.5192369222640991
29684,4,01_SS2-107-Ab_comp.jams,99944,1,2,2,3,keep,2,3,0,0.5460242629051208,0.3746624290943146
29689,4,01_SS2-107-Ab_comp.jams,111269,3,4,4,4,keep,4,4,0,0.45139411091804504,0.45588424801826477
29695,4,01_SS2-107-Ab_comp.jams,135490,2,3,4,4,local_rates_favor_regression_for_all_groups,3,4,0,0.3534625470638275,0.22250239551067352
29701,4,01_SS2-107-Ab_comp.jams,154846,0,2,2,2,keep,2,2,0,0.42356616258621216,0.3496347665786743
29703,4,01_SS2-107-Ab_comp.jams,160910,3,3,3,3,keep,3,3,0,0.39654457569122314,0.627905011177063
29708,4,01_SS2-107-Ab_comp.jams,178473,0,2,2,2,keep,2,2,0,0.49889078736305237,0.40887096524238586
29710,4,01_SS2-107-Ab_comp.jams,183964,1,2,2,2,keep,2,2,0,0.4109591841697693,0.33490440249443054
29711,4,01_SS2-107-Ab_comp.jams,185734,2,3,3,3,keep,3,3,0,0.4676212966442108,0.6553694009780884
29720,4,01_SS2-107-Ab_comp.jams,210093,4,4,4,3,keep,4,4,0,0.3932640254497528,0.30165085196495056
29726,4,01_SS2-107-Ab_comp.jams,234873,4,4,4,4,keep,4,4,0,0.538869321346283,0.9243900775909424
29730,4,01_SS2-107-Ab_comp.jams,259959,4,3,3,3,keep,3,3,0,0.6566315293312073,0.6990707516670227
29735,4,01_SS2-107-Ab_comp.jams,278409,1,2,2,2,keep,2,2,0,0.6124155521392822,0.8665435314178467
29738,4,01_SS2-107-Ab_comp.jams,284587,3,3,3,3,keep,3,3,0,0.5915033221244812,0.6863586902618408
29746,4,01_SS2-107-Ab_comp.jams,309463,3,3,3,3,keep,3,3,0,0.471484899520874,0.6289389133453369
29752,4,01_SS2-107-Ab_comp.jams,334779,3,3,3,3,keep,3,3,0,0.6506750583648682,0.6305777430534363
29758,4,01_SS2-107-Ab_comp.jams,359123,3,3,3,3,keep,3,3,0,0.6115662455558777,0.6658321619033813
29763,4,01_SS2-107-Ab_comp.jams,377570,1,2,2,2,keep,2,2,0,0.4430985748767853,0.3156265616416931
29764,4,01_SS2-107-Ab_comp.jams,383873,1,3,2,2,mixed_by_complete_group,2,2,0,0.23752358555793762,0.43116462230682373
29768,4,01_SS2-107-Ab_comp.jams,396364,1,2,2,2,keep,2,2,0,0.2152184396982193,0.05299079418182373
29769,4,01_SS2-107-Ab_comp.jams,408118,4,3,3,3,keep,3,3,0,0.6229730844497681,0.6006601452827454
29774,4,01_SS2-107-Ab_comp.jams,432705,3,3,3,3,keep,3,3,0,0.34256842732429504,0.20913733541965485
29778,4,01_SS2-107-Ab_comp.jams,450507,0,2,2,2,keep,2,2,0,0.3384299874305725,0.2443237155675888
29779,4,01_SS2-107-Ab_comp.jams,457013,2,3,3,3,keep,3,3,0,0.6237104535102844,0.6217188835144043
29784,4,01_SS2-107-Ab_comp.jams,475925,1,3,2,3,local_rates_favor_regression_for_all_groups,3,2,0,0.3677489459514618,0.3526719808578491
29786,4,01_SS2-107-Ab_comp.jams,482425,4,3,5,3,local_rates_favor_regression_for_all_groups,5,5,0,0.32740136981010437,0.36498039960861206
29791,4,01_SS2-107-Ab_comp.jams,507049,3,3,3,3,keep,3,3,0,0.7017312049865723,0.787158191204071
29797,4,01_SS2-107-Ab_comp.jams,531624,1,3,2,2,mixed_by_complete_group,2,2,0,0.3498528301715851,0.036191970109939575
29802,4,01_SS2-107-Ab_comp.jams,556341,3,3,3,3,keep,3,3,0,0.6120873093605042,0.5819071531295776
29810,4,01_SS2-107-Ab_comp.jams,593973,1,2,2,2,keep,2,2,0,0.3515414595603943,0.36839404702186584
29815,4,01_SS2-107-Ab_comp.jams,606213,2,3,2,2,local_rates_favor_regression_for_all_groups,3,2,-1,0.3795027732849121,0.36422374844551086
29818,4,01_SS2-107-Ab_comp.jams,611936,1,3,2,2,mixed_by_complete_group,2,2,0,0.355032354593277,0.1735425442457199
29821,4,01_SS2-107-Ab_comp.jams,623992,1,2,2,2,keep,2,2,0,0.4389559328556061,0.17310674488544464
29822,4,01_SS2-107-Ab_comp.jams,629942,4,3,3,4,keep,3,4,0,0.49589136242866516,0.1846557855606079
29823,4,01_SS2-107-Ab_comp.jams,631781,1,2,2,2,keep,2,2,0,0.19446109235286713,0.19398482143878937
29828,4,01_SS2-107-Ab_comp.jams,654598,4,3,3,3,keep,3,3,0,0.566580057144165,0.6071357727050781
29829,4,01_SS2-107-Ab_comp.jams,656771,0,2,2,2,keep,2,2,0,0.08488742262125015,0.05082091689109802
29834,4,01_SS2-107-Ab_comp.jams,680090,3,3,3,3,keep,3,3,0,0.45528650283813477,0.36027663946151733
29837,4,01_SS2-107-Ab_comp.jams,688382,2,3,2,2,mixed_by_complete_group,2,2,0,0.3601960241794586,0.3863801062107086
29842,4,01_SS2-107-Ab_comp.jams,704496,2,3,3,3,keep,3,3,0,0.4793585538864136,0.605923593044281
29843,4,01_SS2-107-Ab_comp.jams,706276,1,2,2,2,keep,2,2,0,0.3056793212890625,0.31628426909446716
29848,4,01_SS2-107-Ab_comp.jams,729114,4,3,3,3,keep,3,3,0,0.5244972109794617,0.30418309569358826
29854,4,01_SS2-107-Ab_comp.jams,753856,3,3,3,3,keep,3,3,0,0.5821899771690369,0.599492073059082
29859,4,01_SS2-107-Ab_comp.jams,771454,0,2,2,2,keep,2,2,0,0.3913331627845764,0.46737203001976013
29861,4,01_SS2-107-Ab_comp.jams,778270,2,3,3,3,keep,3,3,0,0.35794374346733093,0.4200051724910736
29864,4,01_SS2-107-Ab_comp.jams,784887,0,2,2,2,keep,2,2,0,0.4980124533176422,0.42514005303382874
29866,4,01_SS2-107-Ab_comp.jams,803283,2,3,3,3,keep,3,3,0,0.32248958945274353,0.23607675731182098
29871,4,01_SS2-107-Ab_comp.jams,828149,4,3,3,3,keep,3,3,0,0.4505481719970703,0.18007135391235352
29876,4,01_SS2-107-Ab_comp.jams,852329,4,4,4,3,keep,4,3,0,0.44361844658851624,0.4108981490135193
29882,4,01_SS2-107-Ab_comp.jams,877352,4,3,3,3,keep,3,3,0,0.5400786995887756,0.25474944710731506
29888,4,01_SS2-107-Ab_comp.jams,902998,3,3,3,3,keep,3,3,0,0.7034063339233398,0.7534081339836121
29894,4,01_SS2-107-Ab_comp.jams,928099,3,3,3,3,keep,3,3,0,0.5976428389549255,0.6365119218826294
29900,4,01_SS2-107-Ab_comp.jams,951813,2,3,3,4,keep,3,4,0,0.3406469523906708,0.05259549617767334
29903,4,01_SS2-107-Ab_comp.jams,957987,1,2,3,3,local_rates_favor_regression_for_all_groups,3,3,0,0.3357204496860504,0.024076275527477264
29906,4,01_SS2-107-Ab_comp.jams,976721,2,2,3,3,local_rates_favor_regression_for_all_groups,3,3,0,0.28782302141189575,0.08713948726654053
29909,4,01_SS2-107-Ab_comp.jams,989499,2,2,2,2,keep,2,2,0,0.4839622378349304,0.5956403017044067
29915,4,01_SS2-107-Ab_comp.jams,1001283,2,3,3,3,keep,3,3,0,0.7022661566734314,0.7274929285049438
29920,4,01_SS2-107-Ab_comp.jams,1025262,3,3,3,3,keep,3,3,0,0.6642842888832092,0.6840611100196838
29926,4,01_SS2-107-Ab_comp.jams,1050868,3,3,3,3,keep,3,3,0,0.4816928505897522,0.6023945212364197
29931,4,01_SS2-107-Ab_comp.jams,1069268,1,2,2,2,keep,2,2,0,0.5327634215354919,0.32790449261665344
29933,4,01_SS2-107-Ab_comp.jams,1075642,2,3,3,3,keep,3,3,0,0.39244696497917175,0.33884820342063904
29939,4,01_SS2-107-Ab_comp.jams,1100381,4,3,2,2,mixed_by_complete_group,2,2,0,0.24898020923137665,0.0890149250626564
29944,4,01_SS2-107-Ab_comp.jams,1124732,4,3,3,3,keep,3,3,0,0.5080574154853821,0.5426349639892578
29950,4,01_SS2-107-Ab_comp.jams,1150485,3,3,3,3,keep,3,3,0,0.599388837814331,0.7398539781570435
29954,4,01_SS2-107-Ab_comp.jams,1162457,0,2,2,2,keep,2,2,0,0.3623466491699219,0.6543099284172058
29955,4,01_SS2-107-Ab_comp.jams,1168930,1,3,3,2,keep,3,2,0,0.37693122029304504,0.00634761992841959
29957,4,01_SS2-107-Ab_comp.jams,1175044,1,2,2,3,keep,2,3,0,0.29373157024383545,0.1350959688425064
29959,4,01_SS2-107-Ab_comp.jams,1187331,2,2,2,2,keep,2,2,0,0.2533959150314331,0.167550191283226
29961,4,01_SS2-107-Ab_comp.jams,1199961,3,4,3,3,mixed_by_complete_group,3,3,0,0.2887519299983978,0.2183321714401245
29965,4,01_SS2-107-Ab_comp.jams,1217605,0,2,2,2,keep,2,2,0,0.05446747690439224,0.01543094776570797
29966,4,01_SS2-107-Ab_comp.jams,1223736,4,3,3,3,keep,3,3,0,0.41411444544792175,0.3524821102619171
29972,4,01_SS2-107-Ab_comp.jams,1248082,4,3,3,3,keep,3,3,0,0.5205731391906738,0.8458395004272461
29973,4,01_SS2-107-Ab_comp.jams,1249872,0,3,2,2,mixed_by_complete_group,2,2,0,0.09416352212429047,0.09422546625137329
29977,4,01_SS2-107-Ab_comp.jams,1272856,4,3,3,3,keep,3,3,0,0.4487825036048889,0.1142304390668869
29982,4,01_SS2-107-Ab_comp.jams,1298347,2,3,3,3,keep,3,3,0,0.3744003176689148,0.31959691643714905
29987,4,01_SS2-107-Ab_comp.jams,1322349,1,3,3,3,keep,3,3,0,0.4170193374156952,0.4030940532684326
29991,4,01_SS2-107-Ab_comp.jams,1334312,0,2,3,3,local_rates_favor_regression_for_all_groups,3,3,0,0.23499904572963715,0.11339407414197922
29993,4,01_SS2-107-Ab_comp.jams,1346683,1,3,3,3,keep,3,3,0,0.5206342339515686,0.5781207084655762
29994,4,01_SS2-107-Ab_comp.jams,1348461,1,2,2,2,keep,2,2,0,0.27235743403434753,0.11547817289829254
29998,4,01_SS2-107-Ab_comp.jams,1372084,1,3,2,2,mixed_by_complete_group,2,2,0,0.2837322950363159,0.11587412655353546
30005,4,01_SS2-107-Ab_comp.jams,1397447,3,3,3,4,keep,3,4,0,0.6197612881660461,0.14235883951187134
30012,4,01_SS2-107-Ab_comp.jams,1420855,2,3,3,3,keep,3,3,0,0.5208746790885925,0.39184802770614624
30013,4,01_SS2-107-Ab_comp.jams,1422803,1,2,2,2,keep,2,2,0,0.2568754553794861,0.12402914464473724
30015,4,01_SS2-107-Ab_comp.jams,1426561,1,2,2,2,keep,2,2,0,0.2506762444972992,0.07599373906850815
30018,4,01_SS2-107-Ab_comp.jams,1446537,4,3,3,3,keep,3,3,0,0.4508031904697418,0.37551349401474
30024,4,01_SS2-107-Ab_comp.jams,1471252,4,3,3,3,keep,3,3,0,0.4565717875957489,0.21829089522361755
30032,4,01_SS2-107-Ab_comp.jams,1496685,3,3,3,3,keep,3,3,0,0.4858373999595642,0.562086284160614
30037,4,01_SS2-107-Ab_comp.jams,1520601,3,3,3,3,keep,3,3,0,0.5047445297241211,0.515657901763916
30044,4,01_SS2-107-Ab_comp.jams,1545464,3,3,3,3,keep,3,4,0,0.4475441873073578,0.09881402552127838
30050,4,01_SS2-107-Ab_comp.jams,1570150,4,3,3,3,keep,3,3,0,0.43352606892585754,0.31537917256355286
30052,4,01_SS2-107-Ab_comp.jams,1577117,3,3,3,3,keep,3,2,0,0.46039965748786926,0.2450333535671234
30055,4,01_SS2-107-Ab_solo.jams,7,1,2,2,2,keep,2,2,0,0.012979223392903805,0.027425402775406837
30085,4,01_SS2-107-Ab_solo.jams,112012,1,2,2,2,keep,2,2,0,0.7592743039131165,0.35330572724342346
30108,4,01_SS2-107-Ab_solo.jams,178569,1,2,2,2,keep,2,2,0,0.1494596302509308,0.10752033442258835
30111,4,01_SS2-107-Ab_solo.jams,184590,1,2,3,3,local_rates_favor_correction_for_all_groups,3,3,0,0.0538712814450264,0.00042706599924713373
30121,4,01_SS2-107-Ab_solo.jams,206836,0,3,3,2,keep,3,2,0,0.03503626585006714,0.00010612636106088758
30207,4,01_SS2-107-Ab_solo.jams,518689,1,3,2,2,mixed_by_complete_group,2,2,0,0.17919345200061798,0.022738324478268623
30212,4,01_SS2-107-Ab_solo.jams,538182,1,3,3,2,keep,3,2,0,0.19185848534107208,0.000727402395568788
30221,4,01_SS2-107-Ab_solo.jams,605851,0,2,2,2,keep,2,2,0,0.08980454504489899,0.02861807309091091
30261,4,01_SS2-107-Ab_solo.jams,754982,1,3,3,3,keep,3,3,0,0.3571489155292511,0.5302900075912476
30280,4,01_SS2-107-Ab_solo.jams,815375,1,2,2,2,keep,2,2,0,0.28121012449264526,0.6581332087516785
30283,4,01_SS2-107-Ab_solo.jams,823020,0,2,2,2,keep,2,2,0,0.25536099076271057,0.4575923681259155
30295,4,01_SS2-107-Ab_solo.jams,864116,2,3,2,3,mixed_by_complete_group,3,2,-1,0.24335984885692596,0.16677501797676086
30301,4,01_SS2-107-Ab_solo.jams,885046,2,2,2,2,keep,2,2,0,0.5534104704856873,0.09412609785795212
30316,4,01_SS2-107-Ab_solo.jams,963238,1,3,3,2,keep,3,2,0,0.0009326262515969574,2.3145095562338014e-10
30317,4,01_SS2-107-Ab_solo.jams,965051,0,3,3,2,keep,3,2,0,0.04181940108537674,3.942711828130996e-06
30349,4,01_SS2-107-Ab_solo.jams,1106951,1,2,2,2,keep,2,2,0,0.0883847326040268,0.08262371271848679
30359,4,01_SS2-107-Ab_solo.jams,1131115,1,2,2,2,keep,2,2,0,0.2627013027667999,0.37834998965263367
30369,4,01_SS2-107-Ab_solo.jams,1150151,2,2,2,2,keep,2,2,0,0.11637542396783829,0.11699867248535156
30376,4,01_SS2-107-Ab_solo.jams,1163568,1,2,2,2,keep,2,2,0,0.08267788589000702,0.06251100450754166
30460,4,01_SS2-107-Ab_solo.jams,1465213,2,2,2,2,keep,2,2,0,0.6010985970497131,0.6896055936813354
30465,4,01_SS2-107-Ab_solo.jams,1496251,2,2,3,3,local_rates_favor_correction_for_all_groups,3,3,0,0.020497379824519157,0.01791781559586525
30471,4,01_SS2-107-Ab_solo.jams,1522142,2,3,3,2,keep,3,2,0,0.6470346450805664,0.06981796771287918
30474,4,01_SS2-107-Ab_solo.jams,1534874,1,3,3,3,keep,3,3,0,0.14459964632987976,0.10180947929620743
30476,4,01_SS2-107-Ab_solo.jams,1547813,2,2,2,2,keep,2,2,0,0.058797214180231094,0.10770144313573837
30480,4,01_SS2-107-Ab_solo.jams,1572902,2,2,2,2,keep,2,2,0,0.35210612416267395,0.8986353278160095
34381,4,02_Funk2-108-Eb_comp.jams,5,3,2,2,2,keep,2,2,0,0.4832121729850769,0.5067594647407532
34386,4,02_Funk2-108-Eb_comp.jams,13276,1,2,2,2,keep,2,2,0,0.41936904191970825,0.3916741907596588
34391,4,02_Funk2-108-Eb_comp.jams,25405,3,3,2,2,local_rates_favor_regression_for_all_groups,3,2,1,0.28561922907829285,0.12417871505022049
34396,4,02_Funk2-108-Eb_comp.jams,37776,3,3,3,3,keep,3,3,0,0.3222036361694336,0.37921687960624695
34401,4,02_Funk2-108-Eb_comp.jams,52052,3,2,2,2,keep,2,2,0,0.5971989035606384,0.5819169282913208
34411,4,02_Funk2-108-Eb_comp.jams,74431,3,3,3,3,keep,3,3,0,0.6607057452201843,0.5516911149024963
34420,4,02_Funk2-108-Eb_comp.jams,98421,3,3,3,2,keep,3,2,0,0.5172374844551086,0.09800038486719131
34426,4,02_Funk2-108-Eb_comp.jams,110141,2,2,2,2,keep,2,2,0,0.29041656851768494,0.062273118644952774
34428,4,02_Funk2-108-Eb_comp.jams,123414,3,2,3,3,local_rates_favor_regression_for_all_groups,2,3,-1,0.2363821268081665,0.005194621626287699
34433,4,02_Funk2-108-Eb_comp.jams,134500,1,2,3,3,local_rates_favor_correction_for_all_groups,3,3,0,0.14168956875801086,0.06898795813322067
34438,4,02_Funk2-108-Eb_comp.jams,147550,2,2,2,3,keep,2,2,0,0.240070179104805,0.10947015881538391
34444,4,02_Funk2-108-Eb_comp.jams,195605,2,3,3,3,keep,3,3,0,0.5130870938301086,0.5140671730041504
34450,4,02_Funk2-108-Eb_comp.jams,207702,3,2,2,2,keep,2,2,0,0.48235654830932617,0.37619784474372864
34456,4,02_Funk2-108-Eb_comp.jams,220386,3,3,3,3,keep,3,4,0,0.44108590483665466,0.40017837285995483
34465,4,02_Funk2-108-Eb_comp.jams,238381,2,2,2,2,keep,2,2,0,0.4153982400894165,0.34111741185188293
34468,4,02_Funk2-108-Eb_comp.jams,244420,3,3,3,3,keep,3,3,0,0.44716012477874756,0.5983292460441589
34472,4,02_Funk2-108-Eb_comp.jams,256419,2,2,2,2,keep,2,2,0,0.24678249657154083,0.1458529382944107
34480,4,02_Funk2-108-Eb_comp.jams,286913,0,2,2,2,keep,2,2,0,0.18470019102096558,0.15533512830734253
34483,4,02_Funk2-108-Eb_comp.jams,293574,3,3,3,3,keep,3,3,0,0.5356776118278503,0.5122792720794678
34485,4,02_Funk2-108-Eb_comp.jams,317048,3,2,2,2,keep,2,2,0,0.5645005702972412,0.8218193054199219
34496,4,02_Funk2-108-Eb_comp.jams,342740,3,2,3,3,mixed_by_complete_group,3,3,0,0.29341304302215576,0.03401331603527069
34503,4,02_Funk2-108-Eb_comp.jams,392906,1,2,2,2,keep,2,2,0,0.5520379543304443,0.48836472630500793
34505,4,02_Funk2-108-Eb_comp.jams,410463,2,2,3,3,mixed_by_complete_group,3,3,0,0.24235831201076508,0.35123419761657715
34507,4,02_Funk2-108-Eb_comp.jams,415983,2,2,2,2,keep,2,2,0,0.6570475697517395,0.6126689314842224
34519,4,02_Funk2-108-Eb_comp.jams,442205,1,3,3,3,keep,3,3,0,0.718751847743988,0.8671507835388184
34524,4,02_Funk2-108-Eb_comp.jams,466094,2,3,3,3,keep,3,3,0,0.43770459294319153,0.38742440938949585
34532,4,02_Funk2-108-Eb_comp.jams,491940,2,3,3,3,keep,3,3,0,0.723699152469635,0.8305715918540955
34537,4,02_Funk2-108-Eb_comp.jams,515257,3,3,3,3,keep,3,3,0,0.3537164032459259,0.42958128452301025
34546,4,02_Funk2-108-Eb_comp.jams,539487,4,3,3,3,keep,3,3,0,0.40418657660484314,0.2633393406867981
34560,4,02_Funk2-108-Eb_comp.jams,587378,1,3,2,2,mixed_by_complete_group,2,2,0,0.43095463514328003,0.051206074655056
34561,4,02_Funk2-108-Eb_comp.jams,613036,3,3,3,3,keep,3,3,0,0.42210808396339417,0.5478025078773499
34567,4,02_Funk2-108-Eb_comp.jams,636197,3,3,2,2,mixed_by_complete_group,3,2,1,0.2791469097137451,0.08171583712100983
34573,4,02_Funk2-108-Eb_comp.jams,679093,2,3,3,2,keep,3,2,0,0.22095200419425964,0.055730901658535004
34581,4,02_Funk2-108-Eb_comp.jams,705011,1,2,2,2,keep,2,2,0,0.2565650939941406,0.06358540803194046
34583,4,02_Funk2-108-Eb_comp.jams,711375,2,2,2,3,keep,2,3,0,0.5712060332298279,0.3375498652458191
34591,4,02_Funk2-108-Eb_comp.jams,729500,2,3,2,2,mixed_by_complete_group,2,2,0,0.3168168365955353,0.040426675230264664
34596,4,02_Funk2-108-Eb_comp.jams,785641,3,3,3,3,keep,3,3,0,0.643608808517456,0.6845119595527649
34601,4,02_Funk2-108-Eb_comp.jams,797233,3,2,2,2,keep,2,2,0,0.24148769676685333,0.16104839742183685
34606,4,02_Funk2-108-Eb_comp.jams,810934,3,3,3,3,keep,3,3,0,0.5651470422744751,0.618589460849762
34610,4,02_Funk2-108-Eb_comp.jams,821898,3,3,2,2,mixed_by_complete_group,2,2,0,0.3285961151123047,0.27715373039245605
34624,4,02_Funk2-108-Eb_comp.jams,858031,3,4,4,4,keep,4,4,0,0.5175445079803467,0.5446630120277405
34631,4,02_Funk2-108-Eb_comp.jams,882984,3,2,3,2,mixed_by_complete_group,2,2,-1,0.43635934591293335,0.45409491658210754
34637,4,02_Funk2-108-Eb_comp.jams,895062,3,2,2,2,keep,2,2,0,0.2743837237358093,0.13749149441719055
34638,4,02_Funk2-108-Eb_comp.jams,907583,3,2,2,2,keep,2,2,0,0.3873448669910431,0.4487946033477783
34649,4,02_Funk2-108-Eb_comp.jams,931878,4,3,3,3,keep,3,3,0,0.5831939578056335,0.7767924070358276
34660,4,02_Funk2-108-Eb_comp.jams,954715,1,2,2,2,keep,2,2,0,0.3325361907482147,0.5111685991287231
34662,4,02_Funk2-108-Eb_comp.jams,982182,3,3,3,3,keep,3,3,0,0.5823849439620972,0.3325771689414978
34669,4,02_Funk2-108-Eb_comp.jams,1006455,3,3,3,3,keep,3,3,0,0.4931504428386688,0.49343547224998474
34681,4,02_Funk2-108-Eb_comp.jams,1030810,2,2,2,2,keep,2,2,0,0.1646687537431717,0.14666898548603058
34691,4,02_Funk2-108-Eb_comp.jams,1055099,0,3,2,2,mixed_by_complete_group,2,2,0,0.38603007793426514,0.23402079939842224
34706,4,02_Funk2-108-Eb_comp.jams,1101068,3,2,2,2,keep,2,2,0,0.40925753116607666,0.3962258994579315
34709,4,02_Funk2-108-Eb_comp.jams,1107535,2,2,2,2,keep,2,2,0,0.7661924362182617,0.8156524300575256
34710,4,02_Funk2-108-Eb_comp.jams,1109302,0,2,2,2,keep,2,2,0,0.54617840051651,0.5446604490280151
34714,4,02_Funk2-108-Eb_comp.jams,1120991,2,2,2,2,keep,2,2,0,0.5371941924095154,0.5552800893783569
34719,4,02_Funk2-108-Eb_comp.jams,1176049,2,3,3,3,keep,3,3,0,0.3558608591556549,0.4132210314273834
34729,4,02_Funk2-108-Eb_comp.jams,1201433,0,3,2,3,mixed_by_complete_group,3,3,0,0.3512747883796692,0.47327032685279846
34734,4,02_Funk2-108-Eb_comp.jams,1212633,2,2,2,2,keep,2,2,0,0.37075474858283997,0.3390413224697113
34739,4,02_Funk2-108-Eb_comp.jams,1225742,2,3,3,3,keep,3,3,0,0.6040456891059875,0.4873962998390198
34756,4,02_Funk2-108-Eb_comp.jams,1274703,3,3,3,3,keep,3,3,0,0.4328369200229645,0.33623048663139343
34764,4,02_Funk2-108-Eb_comp.jams,1299246,3,3,3,3,keep,3,3,0,0.597364068031311,0.6539151668548584
34775,4,02_Funk2-108-Eb_comp.jams,1323790,3,3,3,3,keep,3,3,0,0.24974970519542694,0.25428253412246704
34787,4,02_Funk2-108-Eb_comp.jams,1357137,0,2,2,2,keep,2,2,0,0.6138530969619751,0.7296708822250366
34790,4,02_Funk2-108-Eb_comp.jams,1372302,1,3,2,2,mixed_by_complete_group,2,2,0,0.30731305480003357,0.02332964912056923
34792,4,02_Funk2-108-Eb_comp.jams,1397148,3,4,3,2,local_rates_favor_correction_for_all_groups,2,3,-1,0.2648550271987915,0.0685497373342514
34795,4,02_Funk2-108-Eb_comp.jams,1415582,2,2,2,2,keep,2,2,0,0.6594367623329163,0.6416323184967041
34796,4,02_Funk2-108-Eb_comp.jams,1432896,1,3,2,2,mixed_by_complete_group,2,2,0,0.15576787292957306,0.009191700257360935
34797,4,02_Funk2-108-Eb_comp.jams,1445538,2,2,2,2,keep,2,2,0,0.14793957769870758,0.061226408928632736
34798,4,02_Funk2-108-Eb_comp.jams,1458351,3,2,2,2,keep,2,2,0,0.4598744809627533,0.5284828543663025
34799,4,02_Funk2-108-Eb_comp.jams,1470967,3,4,3,3,mixed_by_complete_group,3,3,0,0.3293534815311432,0.19738030433654785
34807,4,02_Funk2-108-Eb_comp.jams,1495371,2,3,3,3,keep,3,3,0,0.5068992972373962,0.5109353065490723
34811,4,02_Funk2-108-Eb_comp.jams,1513150,2,2,2,2,keep,2,2,0,0.6545844674110413,0.6341620683670044
34842,4,02_Funk2-108-Eb_solo.jams,393427,1,2,2,2,keep,2,2,0,0.22989940643310547,0.3392203152179718
36737,4,02_Jazz1-130-D_comp.jams,22815,4,3,3,3,keep,3,3,0,0.5261571407318115,0.6292760372161865
36739,4,02_Jazz1-130-D_comp.jams,35144,3,3,3,3,keep,3,3,0,0.36321908235549927,0.22907361388206482
36747,4,02_Jazz1-130-D_comp.jams,60578,2,2,2,2,keep,2,2,0,0.39138612151145935,0.16177551448345184
36753,4,02_Jazz1-130-D_comp.jams,101128,3,2,2,2,keep,2,3,0,0.5767335295677185,0.3714587092399597
36755,4,02_Jazz1-130-D_comp.jams,113748,3,3,2,2,mixed_by_complete_group,3,2,1,0.45001134276390076,0.24473673105239868
36756,4,02_Jazz1-130-D_comp.jams,135003,4,3,3,3,keep,3,3,0,0.4912709891796112,0.8938227891921997
36759,4,02_Jazz1-130-D_comp.jams,141513,4,3,3,2,keep,3,2,0,0.3144852817058563,0.10968733578920364
36766,4,02_Jazz1-130-D_comp.jams,154585,4,3,3,3,keep,3,3,0,0.5860856175422668,0.8201619386672974
36769,4,02_Jazz1-130-D_comp.jams,183405,3,3,3,2,keep,3,2,0,0.6956261992454529,0.4207478165626526
36774,4,02_Jazz1-130-D_comp.jams,197378,3,2,2,2,keep,2,2,0,0.6291297078132629,0.6483477354049683
36776,4,02_Jazz1-130-D_comp.jams,224839,4,2,2,2,keep,2,2,0,0.28882649540901184,0.27868789434432983
36782,4,02_Jazz1-130-D_comp.jams,236577,3,3,3,2,keep,3,2,0,0.34350985288619995,0.17720428109169006
36788,4,02_Jazz1-130-D_comp.jams,264895,4,3,3,3,keep,3,3,0,0.5307080745697021,0.5010185241699219
36792,4,02_Jazz1-130-D_comp.jams,276888,2,3,2,2,mixed_by_complete_group,2,2,0,0.20719851553440094,0.008155720308423042
36798,4,02_Jazz1-130-D_comp.jams,304449,2,2,2,2,keep,2,2,0,0.45157352089881897,0.3955206871032715
36803,4,02_Jazz1-130-D_comp.jams,317040,3,2,2,2,keep,2,2,0,0.5548170804977417,0.5582172274589539
36804,4,02_Jazz1-130-D_comp.jams,325266,2,2,2,2,keep,2,2,0,0.3209216594696045,0.043469157069921494
36807,4,02_Jazz1-130-D_comp.jams,345818,4,3,2,2,mixed_by_complete_group,2,2,0,0.3617301881313324,0.3071593940258026
36814,4,02_Jazz1-130-D_comp.jams,358757,2,2,2,2,keep,2,2,0,0.24328961968421936,0.2045045644044876
36820,4,02_Jazz1-130-D_comp.jams,379725,3,2,4,3,local_rates_favor_regression_for_all_groups,3,4,1,0.29972800612449646,0.21336418390274048
36824,4,02_Jazz1-130-D_comp.jams,387535,2,2,2,2,keep,2,2,0,0.3623495101928711,0.38008156418800354
36831,4,02_Jazz1-130-D_comp.jams,400365,2,3,2,2,local_rates_favor_correction_for_all_groups,2,2,0,0.06529180705547333,0.05362126603722572
36846,4,02_Jazz1-130-D_comp.jams,429194,2,2,2,2,keep,2,2,0,0.5191063284873962,0.424468457698822
36855,4,02_Jazz1-130-D_comp.jams,461449,4,4,4,4,keep,4,4,0,0.5516132712364197,0.6191999912261963
36859,4,02_Jazz1-130-D_comp.jams,468865,1,2,2,2,keep,2,2,0,0.3371331989765167,0.3713396489620209
36860,4,02_Jazz1-130-D_comp.jams,470631,2,3,2,3,mixed_by_complete_group,2,3,0,0.3280956745147705,0.47887226939201355
36862,4,02_Jazz1-130-D_comp.jams,509673,4,2,2,2,keep,2,2,0,0.476500540971756,0.6330265998840332
36871,4,02_Jazz1-130-D_comp.jams,563379,2,2,2,2,keep,2,2,0,0.7487413883209229,0.6795192956924438
36877,4,02_Jazz1-130-D_comp.jams,590876,2,2,2,2,keep,2,2,0,0.4765234887599945,0.32539165019989014
36886,4,02_Jazz1-130-D_comp.jams,624678,3,2,2,2,keep,2,2,0,0.7255610823631287,0.6838959455490112
36892,4,02_Jazz1-130-D_comp.jams,671473,5,3,3,3,keep,3,3,0,0.6028904318809509,0.4579240679740906
36898,4,02_Jazz1-130-D_comp.jams,685486,3,3,3,2,keep,3,2,0,0.34528809785842896,0.18845869600772858
36906,4,02_Jazz1-130-D_comp.jams,705690,3,2,2,2,keep,2,2,0,0.5569533705711365,0.47752293944358826
36910,4,02_Jazz1-130-D_comp.jams,747145,3,3,2,3,local_rates_favor_regression_for_all_groups,3,2,1,0.43165460228919983,0.43000221252441406
36919,4,02_Jazz1-130-D_comp.jams,766595,2,3,2,2,mixed_by_complete_group,2,2,0,0.39277756214141846,0.37865325808525085
36923,4,02_Jazz1-130-D_comp.jams,794800,4,2,3,3,local_rates_favor_regression_for_all_groups,3,3,0,0.4242737889289856,0.17431695759296417
36933,4,02_Jazz1-130-D_comp.jams,835920,4,3,3,3,keep,3,2,0,0.5740053057670593,0.47679150104522705
36941,4,02_Jazz1-130-D_comp.jams,850362,2,2,2,2,keep,2,2,0,0.2076319307088852,0.24595209956169128
36960,4,02_Jazz1-130-D_comp.jams,889648,2,2,2,2,keep,2,2,0,0.7322953343391418,0.6506003737449646
36962,4,02_Jazz1-130-D_comp.jams,915751,2,3,3,3,keep,3,2,0,0.49560627341270447,0.351014107465744
36975,4,02_Jazz1-130-D_comp.jams,949925,2,2,2,2,keep,2,2,0,0.49518367648124695,0.4320971667766571
36979,4,02_Jazz1-130-D_comp.jams,957519,3,2,2,2,keep,2,2,0,0.5895867347717285,0.6997328996658325
36984,4,02_Jazz1-130-D_comp.jams,969110,3,3,3,3,keep,3,3,0,0.5645776987075806,0.5166996717453003
37005,4,02_Jazz1-130-D_solo.jams,101526,1,2,3,3,mixed_by_complete_group,3,3,0,0.21981605887413025,0.13324080407619476
37026,4,02_Jazz1-130-D_solo.jams,183345,1,2,2,3,keep,2,3,0,0.3737681806087494,0.19752079248428345
37043,4,02_Jazz1-130-D_solo.jams,264914,1,2,2,3,keep,2,2,0,0.21320706605911255,0.11115781217813492
37054,4,02_Jazz1-130-D_solo.jams,319775,1,2,2,2,keep,2,2,0,0.23904766142368317,0.16638189554214478
37062,4,02_Jazz1-130-D_solo.jams,367736,1,2,2,2,keep,2,2,0,0.4044768214225769,0.060998011380434036
37065,4,02_Jazz1-130-D_solo.jams,381762,0,2,2,2,keep,2,2,0,0.530613899230957,0.59480220079422
37100,4,02_Jazz1-130-D_solo.jams,510191,1,2,2,2,keep,2,2,0,0.5250117778778076,0.647315263748169
37122,4,02_Jazz1-130-D_solo.jams,624430,0,2,2,2,keep,2,2,0,0.04497142881155014,0.03760446608066559
37124,4,02_Jazz1-130-D_solo.jams,633005,2,2,2,2,keep,2,2,0,0.5552729368209839,0.5861390233039856
37137,4,02_Jazz1-130-D_solo.jams,706162,1,3,3,3,keep,3,3,0,0.3493305742740631,0.3052133321762085
37140,4,02_Jazz1-130-D_solo.jams,713659,1,2,2,2,keep,2,2,0,0.5118351578712463,0.36943647265434265
37145,4,02_Jazz1-130-D_solo.jams,775324,1,2,2,2,keep,2,2,0,0.35137489438056946,0.20773734152317047
37147,4,02_Jazz1-130-D_solo.jams,796221,1,2,2,2,keep,2,2,0,0.23361456394195557,0.257728636264801
37159,4,02_Jazz1-130-D_solo.jams,837407,1,2,2,2,keep,2,2,0,0.05640413239598274,0.1481577306985855
37160,4,02_Jazz1-130-D_solo.jams,850119,1,2,2,2,keep,2,2,0,0.033687934279441833,0.038204796612262726
37170,4,02_Jazz1-130-D_solo.jams,896565,1,2,2,2,keep,2,2,0,0.08409743010997772,0.2582501471042633
38606,4,02_Jazz3-137-Eb_comp.jams,19838,3,2,2,2,keep,2,2,0,0.5352437496185303,0.5804929137229919
38608,4,02_Jazz3-137-Eb_comp.jams,32023,2,2,3,3,local_rates_favor_correction_for_all_groups,3,3,0,0.3588672876358032,0.13193026185035706
38620,4,02_Jazz3-137-Eb_comp.jams,58781,1,2,2,2,keep,2,2,0,0.5623130202293396,0.45151442289352417
38624,4,02_Jazz3-137-Eb_comp.jams,96846,2,2,2,3,keep,2,3,0,0.48506221175193787,0.3403770327568054
38629,4,02_Jazz3-137-Eb_comp.jams,109242,2,2,2,2,keep,2,2,0,0.5515812635421753,0.531626284122467
38638,4,02_Jazz3-137-Eb_comp.jams,129319,2,2,2,2,keep,2,2,0,0.4543411135673523,0.5388637781143188
38641,4,02_Jazz3-137-Eb_comp.jams,136174,1,2,2,2,keep,2,2,0,0.5060070157051086,0.663941502571106
38652,4,02_Jazz3-137-Eb_comp.jams,174208,2,2,2,2,keep,2,2,0,0.6260987520217896,0.6475272178649902
38662,4,02_Jazz3-137-Eb_comp.jams,207087,1,2,2,2,keep,2,2,0,0.3396633267402649,0.17419001460075378
38667,4,02_Jazz3-137-Eb_comp.jams,251242,3,3,3,3,keep,3,3,0,0.4491557776927948,0.3253159523010254
38681,4,02_Jazz3-137-Eb_comp.jams,289872,3,3,4,4,mixed_by_complete_group,4,4,0,0.38116466999053955,0.30425381660461426
38685,4,02_Jazz3-137-Eb_comp.jams,328221,3,3,3,3,keep,3,3,0,0.4782249927520752,0.38200899958610535
38693,4,02_Jazz3-137-Eb_comp.jams,347731,0,2,2,2,keep,2,2,0,0.31790122389793396,0.2233319729566574
38698,4,02_Jazz3-137-Eb_comp.jams,360258,2,2,2,2,keep,3,2,-1,0.43178966641426086,0.4610442817211151
38701,4,02_Jazz3-137-Eb_comp.jams,366712,2,3,5,5,local_rates_favor_regression_for_all_groups,5,5,0,0.27128177881240845,0.26999908685684204
38705,4,02_Jazz3-137-Eb_comp.jams,376328,0,2,2,2,keep,2,2,0,0.01643829047679901,0.024895619601011276
38707,4,02_Jazz3-137-Eb_comp.jams,387397,3,3,2,3,local_rates_favor_regression_for_all_groups,3,2,1,0.43362346291542053,0.3365788459777832
38710,4,02_Jazz3-137-Eb_comp.jams,406762,3,3,2,3,mixed_by_complete_group,3,3,1,0.4216414988040924,0.49834614992141724
38718,4,02_Jazz3-137-Eb_comp.jams,446022,2,2,2,2,keep,2,2,0,0.7040318250656128,0.6729884147644043
38720,4,02_Jazz3-137-Eb_comp.jams,457441,0,2,2,3,keep,3,2,0,0.13897031545639038,0.09023527055978775
38722,4,02_Jazz3-137-Eb_comp.jams,464121,3,3,3,3,keep,3,3,0,0.4406898617744446,0.27831268310546875
38729,4,02_Jazz3-137-Eb_comp.jams,482942,3,2,3,3,mixed_by_complete_group,2,3,-1,0.38289982080459595,0.21792732179164886
38746,4,02_Jazz3-137-Eb_comp.jams,522143,3,2,2,2,keep,2,2,0,0.43513166904449463,0.43408578634262085
38753,4,02_Jazz3-137-Eb_comp.jams,572631,1,2,2,2,keep,2,2,0,0.3461185395717621,0.4543325901031494
38754,4,02_Jazz3-137-Eb_comp.jams,574410,1,2,3,3,local_rates_favor_regression_for_all_groups,3,2,0,0.35095569491386414,0.43142637610435486
38760,4,02_Jazz3-137-Eb_comp.jams,590555,2,2,2,2,keep,2,2,0,0.42733946442604065,0.34728506207466125
38761,4,02_Jazz3-137-Eb_comp.jams,592452,1,2,2,2,keep,2,2,0,0.34537991881370544,0.16566528379917145
38768,4,02_Jazz3-137-Eb_comp.jams,610095,3,2,2,2,keep,2,2,0,0.3194114565849304,0.399574339389801
38770,4,02_Jazz3-137-Eb_comp.jams,618275,2,3,2,2,mixed_by_complete_group,3,2,-1,0.3448074460029602,0.04511990398168564
38771,4,02_Jazz3-137-Eb_comp.jams,637327,3,3,3,3,keep,3,3,0,0.4381243884563446,0.5330498814582825
38772,4,02_Jazz3-137-Eb_comp.jams,669640,1,2,3,3,local_rates_favor_correction_for_all_groups,3,3,0,0.4022582769393921,0.27609485387802124
38774,4,02_Jazz3-137-Eb_comp.jams,677161,3,2,2,2,keep,2,2,0,0.41504716873168945,0.37794607877731323
38777,4,02_Jazz3-137-Eb_comp.jams,696276,2,2,2,2,keep,2,2,0,0.4643446207046509,0.11853817850351334
38780,4,02_Jazz3-137-Eb_comp.jams,714347,1,3,2,2,local_rates_favor_regression_for_all_groups,2,2,0,0.3694116175174713,0.4456633925437927
38793,4,02_Jazz3-137-Eb_comp.jams,753286,3,2,2,2,keep,2,2,0,0.3521515429019928,0.14736442267894745
38800,4,02_Jazz3-137-Eb_comp.jams,773416,1,2,3,3,mixed_by_complete_group,3,3,0,0.3725365698337555,0.2969987988471985
38804,4,02_Jazz3-137-Eb_comp.jams,792349,2,3,3,3,keep,3,3,0,0.5377259254455566,0.5076704621315002
38808,4,02_Jazz3-137-Eb_comp.jams,823179,2,2,3,3,mixed_by_complete_group,3,3,0,0.25464022159576416,0.11258215457201004
38812,4,02_Jazz3-137-Eb_comp.jams,831087,2,3,3,5,keep,3,5,0,0.3641021251678467,0.18572883307933807
38816,4,02_Jazz3-137-Eb_comp.jams,850822,2,3,2,3,mixed_by_complete_group,3,3,-1,0.3801307678222656,0.4356631338596344
38822,4,02_Jazz3-137-Eb_comp.jams,869634,3,3,3,3,keep,3,3,0,0.39972347021102905,0.45346328616142273
38833,4,02_Jazz3-137-Eb_comp.jams,890149,1,2,2,2,keep,2,2,0,0.3794424831867218,0.3222920298576355
38841,4,02_Jazz3-137-Eb_comp.jams,907556,2,2,2,2,keep,2,2,0,0.42810553312301636,0.5062810182571411
38842,4,02_Jazz3-137-Eb_comp.jams,909422,1,3,3,3,keep,3,3,0,0.6493790149688721,0.7650068402290344
38850,4,02_Jazz3-137-Eb_comp.jams,926804,1,2,3,3,local_rates_favor_regression_for_all_groups,3,3,0,0.20838673412799835,0.011094419285655022
38852,4,02_Jazz3-137-Eb_comp.jams,946479,3,4,4,4,keep,4,4,0,0.5184386372566223,0.4583195149898529
38867,4,02_Jazz3-137-Eb_comp.jams,983128,1,2,2,2,keep,2,2,0,0.16627910733222961,0.11779895424842834
38868,4,02_Jazz3-137-Eb_comp.jams,985616,2,2,2,2,keep,2,2,0,0.2551766633987427,0.19477717578411102
38874,4,02_Jazz3-137-Eb_comp.jams,1004993,1,2,2,3,keep,2,2,0,0.2565227746963501,0.01741805300116539
38876,4,02_Jazz3-137-Eb_comp.jams,1023985,3,3,2,3,mixed_by_complete_group,2,3,0,0.3691743314266205,0.6943108439445496
38889,4,02_Jazz3-137-Eb_comp.jams,1062620,3,2,2,2,keep,2,2,0,0.4057079255580902,0.40178078413009644
38891,4,02_Jazz3-137-Eb_comp.jams,1073884,0,2,2,2,keep,2,2,0,0.31832659244537354,0.2161838859319687
38893,4,02_Jazz3-137-Eb_comp.jams,1081565,2,2,2,2,keep,2,2,0,0.44331011176109314,0.480055570602417
38899,4,02_Jazz3-137-Eb_comp.jams,1099862,3,3,3,2,keep,3,2,0,0.37006568908691406,0.31777215003967285
38913,4,02_Jazz3-137-Eb_comp.jams,1131600,2,3,2,2,local_rates_favor_correction_for_all_groups,2,2,0,0.22233372926712036,0.050940901041030884
38914,4,02_Jazz3-137-Eb_comp.jams,1133526,1,2,3,3,mixed_by_complete_group,3,3,0,0.33683136105537415,0.24004508554935455
38917,4,02_Jazz3-137-Eb_comp.jams,1140322,2,3,3,3,keep,3,3,0,0.4093025326728821,0.6166536808013916
38925,4,02_Jazz3-137-Eb_comp.jams,1171067,3,3,3,3,keep,3,3,0,0.36119866371154785,0.4298550486564636
38933,4,02_Jazz3-137-Eb_comp.jams,1190283,2,2,2,2,keep,2,2,0,0.4276485741138458,0.30479198694229126
38945,4,02_Jazz3-137-Eb_comp.jams,1217538,3,2,2,2,keep,2,2,0,0.5064539909362793,0.39633122086524963
38950,4,02_Jazz3-137-Eb_comp.jams,1229579,1,2,2,2,keep,2,2,0,0.16108030080795288,0.045063480734825134
38951,4,02_Jazz3-137-Eb_solo.jams,5,1,2,2,2,keep,2,2,0,0.6061459183692932,0.07493379712104797
38982,4,02_Jazz3-137-Eb_solo.jams,291373,1,2,2,2,keep,2,2,0,0.40031901001930237,0.35067081451416016
40326,4,02_Rock1-90-C#_comp.jams,8,2,3,3,3,keep,3,3,0,0.6340925693511963,0.8499762415885925
40328,4,02_Rock1-90-C#_comp.jams,28875,2,2,2,2,keep,2,2,0,0.5048789381980896,0.5184094905853271
40337,4,02_Rock1-90-C#_comp.jams,60896,2,3,3,3,keep,3,3,0,0.5555352568626404,0.4371922016143799
40340,4,02_Rock1-90-C#_comp.jams,66705,1,2,2,2,keep,2,2,0,0.42118313908576965,0.22105816006660461
40344,4,02_Rock1-90-C#_comp.jams,75183,1,2,2,2,keep,2,2,0,0.048989418894052505,0.035550255328416824
40348,4,02_Rock1-90-C#_comp.jams,90374,3,3,3,3,keep,3,3,0,0.5611996650695801,0.573560357093811
40351,4,02_Rock1-90-C#_comp.jams,96070,1,2,2,2,keep,2,2,0,0.42476141452789307,0.24618662893772125
40357,4,02_Rock1-90-C#_comp.jams,147474,3,3,3,3,keep,3,3,0,0.467877596616745,0.4129578173160553
40365,4,02_Rock1-90-C#_comp.jams,162539,1,2,2,2,keep,2,2,0,0.1959390789270401,0.06561106443405151
40366,4,02_Rock1-90-C#_comp.jams,169755,1,2,2,2,keep,2,2,0,0.5301011800765991,0.42909738421440125
40367,4,02_Rock1-90-C#_comp.jams,176980,2,2,2,3,keep,3,3,-1,0.39957311749458313,0.19342131912708282
40377,4,02_Rock1-90-C#_comp.jams,206097,3,3,3,3,keep,3,3,0,0.5272005200386047,0.33400556445121765
40385,4,02_Rock1-90-C#_comp.jams,235736,2,3,2,2,mixed_by_complete_group,2,2,0,0.43384554982185364,0.40187492966651917
40392,4,02_Rock1-90-C#_comp.jams,249765,1,2,2,2,keep,2,2,0,0.5871337652206421,0.43240606784820557
40394,4,02_Rock1-90-C#_comp.jams,265270,2,2,2,2,keep,2,2,0,0.4114001393318176,0.4261690378189087
40400,4,02_Rock1-90-C#_comp.jams,278614,1,2,2,2,keep,2,2,0,0.3116236925125122,0.30826738476753235
40402,4,02_Rock1-90-C#_comp.jams,294348,2,3,3,3,keep,3,3,0,0.5724849700927734,0.39144399762153625
40412,4,02_Rock1-90-C#_comp.jams,324717,2,3,3,3,keep,3,3,0,0.4475569427013397,0.4461864233016968
40418,4,02_Rock1-90-C#_comp.jams,353889,2,2,2,3,keep,2,3,0,0.5312610268592834,0.4474315941333771
40419,4,02_Rock1-90-C#_comp.jams,367869,1,2,2,2,keep,2,2,0,0.6099085807800293,0.5271885991096497
40421,4,02_Rock1-90-C#_comp.jams,382657,3,3,3,3,keep,3,3,0,0.4577218294143677,0.3534059226512909
40429,4,02_Rock1-90-C#_comp.jams,412034,3,3,3,3,keep,3,3,0,0.46335673332214355,0.5196855068206787
40436,4,02_Rock1-90-C#_comp.jams,425576,1,2,2,2,keep,2,2,0,0.09002359211444855,0.06001001223921776
40437,4,02_Rock1-90-C#_comp.jams,441591,3,3,3,3,keep,3,3,0,0.6417382955551147,0.6881102323532104
40440,4,02_Rock1-90-C#_comp.jams,447661,1,2,2,2,keep,2,2,0,0.24324846267700195,0.12093855440616608
40448,4,02_Rock1-90-C#_comp.jams,470511,2,3,3,3,keep,3,2,0,0.2370944619178772,0.07688050717115402
40457,4,02_Rock1-90-C#_comp.jams,500279,3,3,2,2,mixed_by_complete_group,2,2,0,0.460548996925354,0.0986657664179802
40471,4,02_Rock1-90-C#_comp.jams,529587,3,3,3,2,keep,3,2,0,0.12524668872356415,0.0029327913653105497
40477,4,02_Rock1-90-C#_comp.jams,543910,3,2,2,2,keep,2,2,0,0.2239152044057846,0.186278834939003
40486,4,02_Rock1-90-C#_comp.jams,573379,3,3,2,2,mixed_by_complete_group,2,2,0,0.42322027683258057,0.3427787721157074
40498,4,02_Rock1-90-C#_comp.jams,617720,3,3,3,3,keep,3,3,0,0.5999699234962463,0.4881729781627655
40512,4,02_Rock1-90-C#_comp.jams,707460,2,2,2,3,keep,2,3,0,0.5114336013793945,0.34222978353500366
40521,4,02_Rock1-90-C#_comp.jams,736718,3,3,3,3,keep,3,3,0,0.5222611427307129,0.4057031273841858
40530,4,02_Rock1-90-C#_comp.jams,765442,3,3,3,4,keep,3,4,0,0.4200041890144348,0.15715990960597992
40534,4,02_Rock1-90-C#_comp.jams,773003,1,3,2,2,mixed_by_complete_group,2,2,0,0.03250965103507042,0.0012682436499744654
40540,4,02_Rock1-90-C#_comp.jams,795205,3,3,3,3,keep,3,3,0,0.45107555389404297,0.4325849413871765
40543,4,02_Rock1-90-C#_comp.jams,801056,1,2,2,2,keep,2,2,0,0.36319079995155334,0.2810667157173157
40548,4,02_Rock1-90-C#_comp.jams,824583,3,2,2,2,keep,2,2,0,0.4792979955673218,0.6302567720413208
40555,4,02_Rock1-90-C#_comp.jams,837830,1,2,2,2,keep,2,2,0,0.552312970161438,0.8083857893943787
40558,4,02_Rock1-90-C#_comp.jams,853199,3,3,3,3,keep,3,3,0,0.6200252175331116,0.5926172733306885
40568,4,02_Rock1-90-C#_comp.jams,882140,2,3,3,3,keep,3,3,0,0.38161852955818176,0.2273879498243332
40576,4,02_Rock1-90-C#_comp.jams,911671,3,3,3,3,keep,3,3,0,0.5561558604240417,0.47932344675064087
40583,4,02_Rock1-90-C#_comp.jams,925549,1,2,2,2,keep,2,2,0,0.4758094847202301,0.9034978747367859
40586,4,02_Rock1-90-C#_comp.jams,941674,2,3,3,3,keep,3,3,0,0.5428586006164551,0.6341726183891296
40594,4,02_Rock1-90-C#_comp.jams,971365,6,3,4,3,local_rates_favor_correction_for_all_groups,4,3,0,0.3242706060409546,0.41006675362586975
40605,4,02_Rock1-90-C#_comp.jams,1001047,1,3,3,3,keep,3,3,0,0.5313330292701721,0.4810043275356293
40611,4,02_Rock1-90-C#_comp.jams,1015761,3,3,3,3,keep,3,3,0,0.48123544454574585,0.3851437568664551
40623,4,02_Rock1-90-C#_comp.jams,1043583,6,4,4,3,keep,4,4,0,0.42451122403144836,0.30093708634376526
40641,4,02_Rock1-90-C#_comp.jams,1085730,5,3,3,3,keep,3,3,0,0.38814878463745117,0.2809392809867859
40650,4,02_Rock1-90-C#_comp.jams,1103108,1,2,2,2,keep,2,2,0,0.16904442012310028,0.03666417673230171
40666,4,02_Rock1-90-C#_comp.jams,1147987,4,2,2,3,keep,2,3,0,0.3858550786972046,0.13756142556667328
40670,4,02_Rock1-90-C#_comp.jams,1177557,2,3,3,2,keep,3,2,0,0.5620284080505371,0.27206650376319885
40681,4,02_Rock1-90-C#_comp.jams,1206556,4,3,3,3,keep,3,3,0,0.5431110262870789,0.4829725921154022
40689,4,02_Rock1-90-C#_comp.jams,1236207,4,3,3,3,keep,3,3,0,0.3863535225391388,0.2444957047700882
40697,4,02_Rock1-90-C#_comp.jams,1266423,2,2,2,2,keep,2,2,0,0.5275037884712219,0.47320762276649475
40698,4,02_Rock1-90-C#_comp.jams,1280096,4,3,3,3,keep,3,3,0,0.5512471199035645,0.4987037777900696
40709,4,02_Rock1-90-C#_comp.jams,1322714,2,3,3,3,keep,3,3,0,0.32696104049682617,0.3735094666481018
40719,4,02_Rock1-90-C#_comp.jams,1353468,2,3,3,3,keep,3,3,0,0.4304729104042053,0.398617148399353
40728,4,02_Rock1-90-C#_comp.jams,1373814,0,2,2,2,keep,2,2,0,0.442251980304718,0.441383957862854
40732,4,02_Rock1-90-C#_comp.jams,1383362,0,2,2,3,keep,3,3,0,0.40681567788124084,0.3537772297859192
40868,4,02_Rock1-90-C#_solo.jams,1220595,1,2,2,2,keep,2,2,0,0.4360608458518982,0.5582126975059509
40869,4,02_Rock1-90-C#_solo.jams,1222372,1,2,2,2,keep,2,2,0,0.5418949723243713,0.6652101278305054
40872,4,02_Rock1-90-C#_solo.jams,1252628,2,3,3,2,keep,3,3,0,0.7303071618080139,0.4187906086444855
40873,4,02_Rock1-90-C#_solo.jams,1279894,2,2,2,3,keep,2,3,0,0.5125219821929932,0.27204495668411255
44687,4,02_SS2-107-Ab_comp.jams,35890,2,2,2,2,keep,2,2,0,0.19748176634311676,0.19791430234909058
44720,4,02_SS2-107-Ab_comp.jams,112582,1,2,2,2,keep,2,2,0,0.08740604668855667,0.12467440962791443
44751,4,02_SS2-107-Ab_comp.jams,175056,3,3,3,2,keep,3,3,0,0.4362185001373291,0.4077192544937134
44761,4,02_SS2-107-Ab_comp.jams,198253,2,3,3,3,keep,3,3,0,0.412038117647171,0.5143305063247681
44767,4,02_SS2-107-Ab_comp.jams,210466,1,2,2,2,keep,2,2,0,0.7209551930427551,0.7325900197029114
44772,4,02_SS2-107-Ab_comp.jams,222060,1,2,2,2,keep,2,2,0,0.39836743474006653,0.4206477999687195
44778,4,02_SS2-107-Ab_comp.jams,234599,3,3,3,3,keep,3,3,0,0.3538532853126526,0.2966046631336212
44792,4,02_SS2-107-Ab_comp.jams,260056,1,2,2,2,keep,2,2,0,0.28152212500572205,0.09929463267326355
44798,4,02_SS2-107-Ab_comp.jams,270708,3,3,3,3,keep,3,3,0,0.4589330852031708,0.44600406289100647
44806,4,02_SS2-107-Ab_comp.jams,285880,0,2,2,2,keep,2,2,0,0.40225961804389954,0.47719672322273254
44808,4,02_SS2-107-Ab_comp.jams,297525,3,3,3,3,keep,3,3,0,0.4204813838005066,0.8291817903518677
44813,4,02_SS2-107-Ab_comp.jams,309302,1,2,3,2,local_rates_favor_regression_for_all_groups,3,2,0,0.13588513433933258,0.6254409551620483
44818,4,02_SS2-107-Ab_comp.jams,320993,2,3,3,3,keep,3,3,0,0.5869389772415161,0.5765160322189331
44825,4,02_SS2-107-Ab_comp.jams,335218,2,2,2,2,keep,2,2,0,0.2887006402015686,0.33009690046310425
44830,4,02_SS2-107-Ab_comp.jams,346864,2,3,3,3,keep,3,3,0,0.44282448291778564,0.2938728332519531
44834,4,02_SS2-107-Ab_comp.jams,359063,3,3,3,3,keep,3,3,0,0.3974335193634033,0.4679729640483856
44837,4,02_SS2-107-Ab_comp.jams,372130,3,3,2,3,mixed_by_complete_group,2,3,0,0.3756435513496399,0.5924230813980103
44843,4,02_SS2-107-Ab_comp.jams,384599,1,3,3,3,keep,3,3,0,0.5946388244628906,0.5508367419242859
44847,4,02_SS2-107-Ab_comp.jams,395778,1,2,2,2,keep,2,2,0,0.4543803632259369,0.4645496606826782
44853,4,02_SS2-107-Ab_comp.jams,421099,2,2,2,2,keep,2,2,0,0.3983742594718933,0.32780376076698303
44857,4,02_SS2-107-Ab_comp.jams,431860,2,2,2,2,keep,2,2,0,0.3233606219291687,0.16107885539531708
44858,4,02_SS2-107-Ab_comp.jams,433631,0,2,2,2,keep,2,3,0,0.3519427478313446,0.055936358869075775
44870,4,02_SS2-107-Ab_comp.jams,457996,2,3,3,3,keep,3,3,0,0.5450512170791626,0.5154914259910583
44872,4,02_SS2-107-Ab_comp.jams,471118,3,2,3,3,mixed_by_complete_group,2,3,-1,0.34933045506477356,0.16620418429374695
44877,4,02_SS2-107-Ab_comp.jams,482349,0,2,2,2,keep,2,2,0,0.04228409752249718,0.03826778009533882
44879,4,02_SS2-107-Ab_comp.jams,487711,2,2,2,2,keep,2,2,0,0.3173779249191284,0.348827987909317
44882,4,02_SS2-107-Ab_comp.jams,494655,1,2,2,2,keep,2,2,0,0.5592948794364929,0.6461399793624878
44884,4,02_SS2-107-Ab_comp.jams,507526,1,2,2,2,keep,2,2,0,0.31077197194099426,0.2889215052127838
44885,4,02_SS2-107-Ab_comp.jams,519333,2,2,2,2,keep,2,2,0,0.3617696762084961,0.3818565309047699
44886,4,02_SS2-107-Ab_comp.jams,532295,2,3,3,3,keep,3,3,0,0.4770142734050751,0.6063143014907837
44892,4,02_SS2-107-Ab_comp.jams,569704,3,3,3,3,keep,3,3,0,0.388305127620697,0.2821395695209503
44900,4,02_SS2-107-Ab_comp.jams,594060,1,2,2,2,keep,2,2,0,0.5296899080276489,0.597377598285675
44901,4,02_SS2-107-Ab_comp.jams,618442,2,3,3,3,keep,3,3,0,0.4403254985809326,0.4258373975753784
44907,4,02_SS2-107-Ab_comp.jams,631537,3,3,3,3,keep,3,3,0,0.5138493776321411,0.5428953766822815
44919,4,02_SS2-107-Ab_comp.jams,656243,3,2,2,3,keep,2,3,0,0.4989657700061798,0.2199656218290329
44924,4,02_SS2-107-Ab_comp.jams,668081,4,3,3,3,keep,3,3,0,0.40775206685066223,0.4754602909088135
44928,4,02_SS2-107-Ab_comp.jams,680463,2,2,2,3,keep,2,2,0,0.47490203380584717,0.2523353099822998
44940,4,02_SS2-107-Ab_comp.jams,706577,3,3,4,2,mixed_by_complete_group,2,4,0,0.3238792419433594,0.08570216596126556
44945,4,02_SS2-107-Ab_comp.jams,718050,1,2,2,2,keep,2,2,0,0.2482808232307434,0.18507003784179688
44950,4,02_SS2-107-Ab_comp.jams,729838,3,4,4,3,keep,4,4,0,0.5388752222061157,0.3833119571208954
44962,4,02_SS2-107-Ab_comp.jams,755219,2,3,3,3,keep,3,3,0,0.44551321864128113,0.5295066237449646
44967,4,02_SS2-107-Ab_comp.jams,766455,4,3,2,2,local_rates_favor_correction_for_all_groups,2,2,0,0.20816272497177124,0.16124173998832703
44978,4,02_SS2-107-Ab_comp.jams,789501,2,3,2,3,mixed_by_complete_group,2,2,0,0.25202158093452454,0.32175663113594055
44985,4,02_SS2-107-Ab_comp.jams,804274,1,2,2,2,keep,2,2,0,0.4684745967388153,0.5125916004180908
44990,4,02_SS2-107-Ab_comp.jams,815306,1,3,3,3,keep,3,3,0,0.5201388001441956,0.503369152545929
44992,4,02_SS2-107-Ab_comp.jams,828407,3,3,3,4,keep,3,3,0,0.37749993801116943,0.2828158736228943
45005,4,02_SS2-107-Ab_comp.jams,853201,1,2,2,2,keep,2,2,0,0.6020832061767578,0.5304189324378967
45011,4,02_SS2-107-Ab_comp.jams,865543,3,3,3,3,keep,3,3,0,0.3504185676574707,0.6462777853012085
45017,4,02_SS2-107-Ab_comp.jams,877457,1,2,2,2,keep,2,2,0,0.18006505072116852,0.06848287582397461
45020,4,02_SS2-107-Ab_comp.jams,885027,1,2,2,2,keep,2,2,0,0.37780821323394775,0.18239794671535492
45022,4,02_SS2-107-Ab_comp.jams,889239,0,2,2,2,keep,2,2,0,0.3020479381084442,0.1648217886686325
45026,4,02_SS2-107-Ab_comp.jams,902543,2,2,2,2,keep,2,2,0,0.5605812668800354,0.5407359004020691
45033,4,02_SS2-107-Ab_comp.jams,915993,2,2,2,2,keep,2,2,0,0.7029381990432739,0.6238811016082764
45038,4,02_SS2-107-Ab_comp.jams,925856,2,2,2,2,keep,2,2,0,0.5128248333930969,0.5982022285461426
45039,4,02_SS2-107-Ab_comp.jams,927627,0,3,3,3,keep,3,3,0,0.4362890124320984,0.5630568861961365
45058,4,02_SS2-107-Ab_comp.jams,965892,3,2,3,2,local_rates_favor_regression_for_all_groups,3,2,0,0.35402560234069824,0.46328890323638916
45069,4,02_SS2-107-Ab_comp.jams,989694,2,3,2,2,mixed_by_complete_group,3,2,-1,0.24177339673042297,0.04622456431388855
45084,4,02_SS2-107-Ab_comp.jams,1027697,2,3,3,3,keep,3,3,0,0.6259586811065674,0.6785055994987488
45093,4,02_SS2-107-Ab_comp.jams,1053170,2,2,2,2,keep,2,2,0,0.4483124315738678,0.24333521723747253
45098,4,02_SS2-107-Ab_comp.jams,1064480,3,3,3,3,keep,4,3,-1,0.36195480823516846,0.5047712326049805
45108,4,02_SS2-107-Ab_comp.jams,1101478,2,2,2,2,keep,2,3,0,0.5565230846405029,0.43110382556915283
45109,4,02_SS2-107-Ab_comp.jams,1114076,4,3,3,3,keep,3,3,0,0.33780133724212646,0.484636515378952
45115,4,02_SS2-107-Ab_comp.jams,1126445,2,2,2,2,keep,2,2,0,0.36234068870544434,0.2652333378791809
45119,4,02_SS2-107-Ab_comp.jams,1139448,3,3,3,3,keep,3,3,0,0.3769090473651886,0.6026510000228882
45129,4,02_SS2-107-Ab_comp.jams,1163202,3,3,3,4,keep,3,4,0,0.3664908707141876,0.2565549612045288
45135,4,02_SS2-107-Ab_comp.jams,1175182,2,2,2,2,keep,2,2,0,0.5329029560089111,0.419779509305954
45138,4,02_SS2-107-Ab_comp.jams,1188495,1,2,2,2,keep,2,2,0,0.4697129726409912,0.6465407013893127
45142,4,02_SS2-107-Ab_comp.jams,1212736,1,2,2,2,keep,2,2,0,0.6535694003105164,0.648724377155304
45158,4,02_SS2-107-Ab_comp.jams,1261839,3,2,3,2,mixed_by_complete_group,2,2,-1,0.4702902138233185,0.6515852808952332
45164,4,02_SS2-107-Ab_comp.jams,1279754,0,3,2,2,mixed_by_complete_group,2,2,0,0.10301502048969269,0.006539199501276016
45166,4,02_SS2-107-Ab_comp.jams,1285500,2,3,3,3,keep,3,3,0,0.5818089842796326,0.7347527146339417
45172,4,02_SS2-107-Ab_comp.jams,1310050,2,3,2,2,mixed_by_complete_group,3,2,-1,0.23358765244483948,0.1029408648610115
45174,4,02_SS2-107-Ab_comp.jams,1322803,3,3,3,3,keep,3,3,0,0.5233578085899353,0.494759738445282
45185,4,02_SS2-107-Ab_comp.jams,1361952,3,3,3,3,keep,3,3,0,0.43629541993141174,0.6855509281158447
45195,4,02_SS2-107-Ab_comp.jams,1385802,2,3,3,3,keep,3,3,0,0.6657581925392151,0.6183886528015137
45204,4,02_SS2-107-Ab_comp.jams,1409472,2,2,2,2,keep,2,2,0,0.6417649984359741,0.5356245636940002
45209,4,02_SS2-107-Ab_comp.jams,1421674,2,2,2,2,keep,2,2,0,0.5753509402275085,0.5018067359924316
45218,4,02_SS2-107-Ab_comp.jams,1447730,3,2,2,2,keep,2,2,0,0.47387367486953735,0.3095850944519043
45224,4,02_SS2-107-Ab_comp.jams,1471107,2,2,2,2,keep,2,2,0,0.5156945586204529,0.4758063852787018
45225,4,02_SS2-107-Ab_comp.jams,1484593,2,3,3,2,keep,3,2,0,0.48596811294555664,0.063083715736866
45233,4,02_SS2-107-Ab_comp.jams,1508937,2,3,3,4,keep,3,2,0,0.39903438091278076,0.19337721168994904
45243,4,02_SS2-107-Ab_comp.jams,1534347,2,2,2,2,keep,2,2,0,0.5386675000190735,0.5006080269813538
45251,4,02_SS2-107-Ab_comp.jams,1558435,1,2,2,2,keep,2,2,0,0.5763939023017883,0.6045114398002625
45259,4,02_SS2-107-Ab_solo.jams,5,1,2,2,2,keep,2,2,0,0.5818673372268677,0.3338990807533264
45302,4,02_SS2-107-Ab_solo.jams,285382,0,2,2,2,keep,2,2,0,0.2771545648574829,0.38194143772125244
49171,4,03_Funk2-108-Eb_comp.jams,6,3,3,3,3,keep,3,3,0,0.27884429693222046,0.2790504992008209
49178,4,03_Funk2-108-Eb_comp.jams,18275,1,3,3,2,keep,3,3,0,0.3508951961994171,0.07672864943742752
49182,4,03_Funk2-108-Eb_comp.jams,37573,1,3,2,2,mixed_by_complete_group,2,2,0,0.3045581877231598,0.08251534402370453
49187,4,03_Funk2-108-Eb_comp.jams,50793,2,3,3,3,keep,3,3,0,0.4033207595348358,0.25319796800613403
49194,4,03_Funk2-108-Eb_comp.jams,72727,3,3,3,3,keep,3,3,0,0.4879963994026184,0.4616847634315491
49201,4,03_Funk2-108-Eb_comp.jams,97466,3,3,3,4,keep,4,4,-1,0.4384723901748657,0.08910272270441055
49209,4,03_Funk2-108-Eb_comp.jams,116520,2,3,3,3,keep,2,3,1,0.45280537009239197,0.533268928527832
49212,4,03_Funk2-108-Eb_comp.jams,134367,2,2,3,2,mixed_by_complete_group,2,2,1,0.3510912358760834,0.517278254032135
49217,4,03_Funk2-108-Eb_comp.jams,146603,3,3,5,4,mixed_by_complete_group,4,5,0,0.2682570815086365,0.05603513866662979
49222,4,03_Funk2-108-Eb_comp.jams,170696,4,3,3,3,keep,3,3,0,0.36467695236206055,0.2720366418361664
49226,4,03_Funk2-108-Eb_comp.jams,195718,3,3,3,3,keep,3,3,0,0.37701237201690674,0.32712963223457336
49232,4,03_Funk2-108-Eb_comp.jams,214758,1,2,2,2,keep,2,2,0,0.43426838517189026,0.8885539770126343
49234,4,03_Funk2-108-Eb_comp.jams,232636,2,3,3,3,keep,3,3,0,0.4840629994869232,0.4307239353656769
49237,4,03_Funk2-108-Eb_comp.jams,244268,3,3,5,5,local_rates_favor_regression_for_all_groups,5,5,0,0.32325249910354614,0.1605641394853592
49241,4,03_Funk2-108-Eb_comp.jams,267813,3,4,4,4,keep,4,4,0,0.25107768177986145,0.2754431664943695
49246,4,03_Funk2-108-Eb_comp.jams,294597,3,3,3,3,keep,3,3,0,0.44809141755104065,0.4603572487831116
49253,4,03_Funk2-108-Eb_comp.jams,312885,2,2,2,2,keep,2,2,0,0.5519132614135742,0.9086595177650452
49257,4,03_Funk2-108-Eb_comp.jams,331367,2,2,2,2,keep,2,2,0,0.4263498783111572,0.12151739746332169
49261,4,03_Funk2-108-Eb_comp.jams,342959,2,3,3,3,keep,3,3,0,0.5637569427490234,0.8038582801818848
49264,4,03_Funk2-108-Eb_comp.jams,367030,3,4,3,3,mixed_by_complete_group,4,3,-1,0.3584837317466736,0.19251565635204315
49270,4,03_Funk2-108-Eb_comp.jams,392738,4,4,3,3,mixed_by_complete_group,3,3,0,0.14705416560173035,0.0024486887268722057
49278,4,03_Funk2-108-Eb_comp.jams,411144,2,3,3,2,keep,3,3,0,0.49009203910827637,0.0653182789683342
49281,4,03_Funk2-108-Eb_comp.jams,428122,3,3,3,3,keep,3,3,0,0.39825886487960815,0.5546292662620544
49287,4,03_Funk2-108-Eb_comp.jams,439988,2,3,4,5,local_rates_favor_correction_for_all_groups,5,4,0,0.21617573499679565,0.12152967602014542
49293,4,03_Funk2-108-Eb_comp.jams,463949,4,3,3,4,keep,3,4,0,0.38412439823150635,0.02844170480966568
49296,4,03_Funk2-108-Eb_comp.jams,489564,4,3,3,3,keep,3,3,0,0.4661867320537567,0.2485552281141281
49301,4,03_Funk2-108-Eb_comp.jams,508081,2,2,2,2,keep,2,2,0,0.498841255903244,0.771898627281189
49306,4,03_Funk2-108-Eb_comp.jams,538274,4,3,3,4,keep,3,4,0,0.5447445511817932,0.2710381746292114
49310,4,03_Funk2-108-Eb_comp.jams,563718,4,3,3,3,keep,3,3,0,0.6704843640327454,0.40891551971435547
49315,4,03_Funk2-108-Eb_comp.jams,587970,5,3,3,4,keep,3,4,0,0.5474579334259033,0.3131650984287262
49324,4,03_Funk2-108-Eb_comp.jams,606300,2,2,2,2,keep,2,2,0,0.5575094223022461,0.8060460686683655
49328,4,03_Funk2-108-Eb_comp.jams,624953,3,3,2,2,local_rates_favor_regression_for_all_groups,3,2,1,0.43083834648132324,0.3092900812625885
49330,4,03_Funk2-108-Eb_comp.jams,637778,3,2,2,2,keep,2,2,0,0.28950536251068115,0.21341663599014282
49333,4,03_Funk2-108-Eb_comp.jams,649433,1,2,2,2,keep,2,2,0,0.10939963907003403,0.0302584208548069
49337,4,03_Funk2-108-Eb_comp.jams,661090,4,3,3,3,keep,3,3,0,0.5093205571174622,0.581898033618927
49340,4,03_Funk2-108-Eb_comp.jams,666645,0,2,2,2,keep,2,2,0,0.16154468059539795,0.09562846273183823
49342,4,03_Funk2-108-Eb_comp.jams,680179,2,2,2,2,keep,2,2,0,0.4996899664402008,0.8824796080589294
49343,4,03_Funk2-108-Eb_comp.jams,685553,4,3,3,3,keep,3,3,0,0.5189094543457031,0.38886621594429016
49348,4,03_Funk2-108-Eb_comp.jams,699119,2,3,3,2,keep,3,2,0,0.5290546417236328,0.14771847426891327
49353,4,03_Funk2-108-Eb_comp.jams,709899,4,3,3,3,keep,3,3,0,0.34697940945625305,0.5337877869606018
49356,4,03_Funk2-108-Eb_comp.jams,729540,3,2,3,3,local_rates_favor_correction_for_all_groups,3,3,0,0.3689105808734894,0.07683191448450089
49360,4,03_Funk2-108-Eb_comp.jams,741280,3,3,3,3,keep,3,3,0,0.5868940949440002,0.534015953540802
49364,4,03_Funk2-108-Eb_comp.jams,759691,4,4,3,3,mixed_by_complete_group,3,3,0,0.3993992209434509,0.24235349893569946
49368,4,03_Funk2-108-Eb_comp.jams,784489,3,3,3,3,keep,3,3,0,0.39261651039123535,0.48960092663764954
49375,4,03_Funk2-108-Eb_comp.jams,802087,2,3,3,2,keep,3,3,0,0.47729766368865967,0.11805883049964905
49380,4,03_Funk2-108-Eb_comp.jams,821102,2,2,2,2,keep,2,2,0,0.5217792987823486,0.5972927212715149
49386,4,03_Funk2-108-Eb_comp.jams,833364,3,3,2,2,mixed_by_complete_group,3,2,1,0.36118656396865845,0.10279723256826401
49392,4,03_Funk2-108-Eb_comp.jams,856608,4,4,4,4,keep,4,3,0,0.4642121493816376,0.24702462553977966
49399,4,03_Funk2-108-Eb_comp.jams,882124,4,4,4,3,keep,4,3,0,0.4604911804199219,0.12082511186599731
49407,4,03_Funk2-108-Eb_comp.jams,899948,2,3,3,3,keep,3,3,0,0.5185209512710571,0.9831023812294006
49410,4,03_Funk2-108-Eb_comp.jams,918311,3,2,2,2,keep,2,3,0,0.5721698999404907,0.47156187891960144
49414,4,03_Funk2-108-Eb_comp.jams,930328,2,3,2,2,local_rates_favor_regression_for_all_groups,2,2,0,0.46869218349456787,0.28797778487205505
49416,4,03_Funk2-108-Eb_comp.jams,954294,4,3,3,5,keep,3,3,0,0.3211704194545746,0.1449134796857834
49421,4,03_Funk2-108-Eb_comp.jams,980141,4,3,3,3,keep,3,3,0,0.5486797094345093,0.4469218850135803
49428,4,03_Funk2-108-Eb_comp.jams,996624,2,3,2,3,mixed_by_complete_group,3,3,-1,0.28023749589920044,0.3770384192466736
49432,4,03_Funk2-108-Eb_comp.jams,1017060,4,4,4,3,keep,4,3,0,0.33732765913009644,0.04707323759794235
49436,4,03_Funk2-108-Eb_comp.jams,1029115,3,3,3,3,keep,3,3,0,0.4604548513889313,0.4237663745880127
49440,4,03_Funk2-108-Eb_comp.jams,1043399,0,2,2,2,keep,2,2,0,0.47235774993896484,0.4599166512489319
49441,4,03_Funk2-108-Eb_comp.jams,1049361,3,3,2,2,mixed_by_complete_group,2,2,0,0.233083114027977,0.16419218480587006
49447,4,03_Funk2-108-Eb_comp.jams,1078214,3,3,3,4,keep,3,3,0,0.5502846240997314,0.07768697291612625
49453,4,03_Funk2-108-Eb_comp.jams,1115725,2,2,2,3,keep,2,3,0,0.5431714653968811,0.38599541783332825
49459,4,03_Funk2-108-Eb_comp.jams,1127284,1,2,3,3,mixed_by_complete_group,3,3,0,0.29605633020401,0.3896261155605316
49463,4,03_Funk2-108-Eb_comp.jams,1150984,3,3,3,3,keep,3,3,0,0.4780750572681427,0.5588107109069824
49467,4,03_Funk2-108-Eb_comp.jams,1164021,1,3,3,3,keep,3,3,0,0.1314513385295868,0.009545697830617428
49468,4,03_Funk2-108-Eb_comp.jams,1176279,4,4,4,3,keep,4,3,0,0.47753655910491943,0.4065190553665161
49478,4,03_Funk2-108-Eb_comp.jams,1195098,0,2,2,2,keep,2,2,0,0.4177972078323364,0.4831777811050415
49481,4,03_Funk2-108-Eb_comp.jams,1212521,3,3,2,2,local_rates_favor_correction_for_all_groups,3,2,1,0.4736481010913849,0.32247743010520935
49486,4,03_Funk2-108-Eb_comp.jams,1224523,4,3,3,3,keep,3,3,0,0.5676350593566895,0.3995401859283447
49492,4,03_Funk2-108-Eb_comp.jams,1249457,4,3,3,3,keep,3,3,0,0.6711937785148621,0.5865730047225952
49496,4,03_Funk2-108-Eb_comp.jams,1274179,4,4,4,3,keep,4,3,0,0.4028075337409973,0.14303146302700043
49506,4,03_Funk2-108-Eb_comp.jams,1293255,0,2,2,2,keep,2,2,0,0.5576209425926208,0.8085777759552002
49509,4,03_Funk2-108-Eb_comp.jams,1310977,3,3,2,2,mixed_by_complete_group,2,2,0,0.35127970576286316,0.04898657277226448
49510,4,03_Funk2-108-Eb_comp.jams,1322464,4,3,3,3,keep,3,3,0,0.5958473682403564,0.8473731875419617
49516,4,03_Funk2-108-Eb_comp.jams,1348516,3,2,2,2,keep,2,2,0,0.5146525502204895,0.5053539872169495
49522,4,03_Funk2-108-Eb_comp.jams,1371214,5,3,4,3,mixed_by_complete_group,3,3,0,0.36353781819343567,0.4341147243976593
49532,4,03_Funk2-108-Eb_comp.jams,1390686,2,2,2,2,keep,2,2,0,0.32154014706611633,0.17364954948425293
49537,4,03_Funk2-108-Eb_comp.jams,1410524,3,3,3,3,keep,3,3,0,0.4321114718914032,0.4228554368019104
49542,4,03_Funk2-108-Eb_comp.jams,1423915,3,3,2,3,mixed_by_complete_group,2,3,0,0.30053481459617615,0.5412715673446655
49546,4,03_Funk2-108-Eb_comp.jams,1444916,3,3,2,2,mixed_by_complete_group,3,2,1,0.3872259259223938,0.34428372979164124
49548,4,03_Funk2-108-Eb_comp.jams,1457805,3,2,2,3,keep,2,3,0,0.440309077501297,0.0695667639374733
49551,4,03_Funk2-108-Eb_comp.jams,1469320,4,2,2,2,keep,2,2,0,0.47330087423324585,0.6605478525161743
49554,4,03_Funk2-108-Eb_comp.jams,1482454,4,2,2,2,keep,2,2,0,0.5777397155761719,0.5980291962623596
49558,4,03_Funk2-108-Eb_comp.jams,1494789,5,3,3,3,keep,3,3,0,0.41881507635116577,0.462716281414032
49565,4,03_Funk2-108-Eb_comp.jams,1513975,3,3,3,3,keep,3,3,0,0.44388681650161743,0.27142906188964844
49566,4,03_Funk2-108-Eb_comp.jams,1527173,1,2,2,2,keep,2,2,0,0.5571496486663818,0.5372225046157837
49568,4,03_Funk2-108-Eb_comp.jams,1531675,2,3,3,2,keep,3,4,0,0.4144896864891052,0.1095491275191307
49573,4,03_Funk2-108-Eb_comp.jams,1543810,4,3,3,3,keep,3,3,0,0.47409436106681824,0.45473191142082214
49626,4,03_Funk2-108-Eb_solo.jams,511753,2,2,2,2,keep,2,2,0,0.3842664957046509,0.2980368435382843
49662,4,03_Funk2-108-Eb_solo.jams,908902,2,2,2,2,keep,2,2,0,0.06103254109621048,0.09485170990228653
49696,4,03_Funk2-108-Eb_solo.jams,1286012,1,2,2,2,keep,2,2,0,0.7482526302337646,0.7993608713150024
51417,4,03_Jazz1-130-D_comp.jams,21614,4,3,3,3,keep,3,3,0,0.4215904772281647,0.4028841257095337
51435,4,03_Jazz1-130-D_comp.jams,82776,3,3,3,2,keep,3,2,0,0.6159867644309998,0.19245590269565582
51438,4,03_Jazz1-130-D_comp.jams,114511,4,3,3,3,keep,3,3,0,0.5324508547782898,0.37143126130104065
51442,4,03_Jazz1-130-D_comp.jams,136684,4,3,3,2,keep,3,2,0,0.5230081677436829,0.24649681150913239
51445,4,03_Jazz1-130-D_comp.jams,155018,4,2,3,3,mixed_by_complete_group,2,3,0,0.37122103571891785,0.34000393748283386
51459,4,03_Jazz1-130-D_comp.jams,205306,4,3,3,3,keep,3,3,0,0.48402997851371765,0.5446730852127075
51461,4,03_Jazz1-130-D_comp.jams,239510,4,3,3,3,keep,3,3,0,0.7547189593315125,0.8379619717597961
51475,4,03_Jazz1-130-D_comp.jams,285277,2,3,3,3,keep,3,3,0,0.8571311831474304,0.9324769973754883
51480,4,03_Jazz1-130-D_comp.jams,305421,3,3,3,3,keep,3,3,0,0.6048425436019897,0.6134637594223022
51483,4,03_Jazz1-130-D_comp.jams,326686,3,3,3,2,keep,3,2,0,0.40280887484550476,0.07389505207538605
51484,4,03_Jazz1-130-D_comp.jams,328528,0,3,2,2,mixed_by_complete_group,2,2,0,0.026987336575984955,0.003079976886510849
51487,4,03_Jazz1-130-D_comp.jams,334175,0,2,2,2,keep,2,2,0,0.026660090312361717,0.027235528454184532
51489,4,03_Jazz1-130-D_comp.jams,338160,0,2,2,2,keep,2,2,0,0.03729843720793724,0.03331545740365982
51501,4,03_Jazz1-130-D_comp.jams,406263,2,2,2,3,keep,2,3,0,0.5108112096786499,0.3136378526687622
51508,4,03_Jazz1-130-D_comp.jams,439532,3,3,3,3,keep,3,3,0,0.8268106579780579,0.8727177381515503
51513,4,03_Jazz1-130-D_comp.jams,459982,3,3,3,3,keep,3,3,0,0.6048396229743958,0.715471088886261
51518,4,03_Jazz1-130-D_comp.jams,482267,2,3,3,3,keep,3,3,0,0.6776467561721802,0.5944112539291382
51541,4,03_Jazz1-130-D_comp.jams,541346,2,3,3,3,keep,3,3,0,0.6684297919273376,0.5373967289924622
51543,4,03_Jazz1-130-D_comp.jams,587368,1,2,2,2,keep,2,2,0,0.09099341928958893,0.023996418341994286
51544,4,03_Jazz1-130-D_comp.jams,589303,3,3,2,2,mixed_by_complete_group,2,2,0,0.24242427945137024,0.22366151213645935
51545,4,03_Jazz1-130-D_comp.jams,591128,1,2,2,2,keep,2,2,0,0.2564670443534851,0.20979000627994537
51551,4,03_Jazz1-130-D_comp.jams,623800,3,3,3,3,keep,3,3,0,0.5345478057861328,0.5079504251480103
51555,4,03_Jazz1-130-D_comp.jams,666643,3,3,3,3,keep,3,3,0,0.5357968211174011,0.43134161829948425
51562,4,03_Jazz1-130-D_comp.jams,692731,3,3,3,3,keep,3,3,0,0.7523411512374878,0.78362637758255
51568,4,03_Jazz1-130-D_comp.jams,746937,3,2,2,2,keep,2,2,0,0.6755246520042419,0.9518260359764099
51574,4,03_Jazz1-130-D_comp.jams,775695,3,2,2,2,keep,2,2,0,0.4945776164531708,0.4216321110725403
51585,4,03_Jazz1-130-D_comp.jams,807066,4,3,3,4,keep,3,4,0,0.3669448494911194,0.16254769265651703
51598,4,03_Jazz1-130-D_comp.jams,834073,2,3,3,3,keep,3,3,0,0.5559077858924866,0.7656059861183167
51606,4,03_Jazz1-130-D_comp.jams,867174,2,3,3,3,keep,3,3,0,0.5272234082221985,0.5792327523231506
51607,4,03_Jazz1-130-D_comp.jams,869037,1,2,2,2,keep,2,2,0,0.1768924742937088,0.2564849555492401
51612,4,03_Jazz1-130-D_comp.jams,893148,1,3,4,2,local_rates_favor_regression_for_all_groups,2,4,0,0.02649751678109169,0.00013438580208458006
51613,4,03_Jazz1-130-D_comp.jams,894919,2,2,2,2,keep,2,2,0,0.5748427510261536,0.5049998760223389
51617,4,03_Jazz1-130-D_comp.jams,949042,4,3,3,3,keep,3,3,0,0.7030045986175537,0.6894726753234863
51725,4,03_Jazz1-130-D_solo.jams,792928,1,2,2,3,keep,2,3,0,0.47091659903526306,0.00495455227792263
52956,4,03_Jazz3-137-Eb_comp.jams,19176,3,3,3,3,keep,3,3,0,0.8626075983047485,0.869307279586792
52967,4,03_Jazz3-137-Eb_comp.jams,49562,2,3,3,2,keep,3,2,0,0.510755181312561,0.13798494637012482
52972,4,03_Jazz3-137-Eb_comp.jams,89384,3,3,3,3,keep,3,3,0,0.7936747670173645,0.8801840543746948
52978,4,03_Jazz3-137-Eb_comp.jams,116380,2,2,2,2,keep,2,2,0,0.7166590094566345,0.9492228627204895
52983,4,03_Jazz3-137-Eb_comp.jams,148388,3,3,3,3,keep,3,3,0,0.569499135017395,0.4733509421348572
52993,4,03_Jazz3-137-Eb_comp.jams,170079,0,2,2,2,keep,2,2,0,0.0559958778321743,0.0006851951475255191
52995,4,03_Jazz3-137-Eb_comp.jams,187631,3,3,3,4,keep,3,2,0,0.4133285880088806,0.061583682894706726
52997,4,03_Jazz3-137-Eb_comp.jams,206533,3,3,3,3,keep,3,3,0,0.5308256149291992,0.5007894039154053
53000,4,03_Jazz3-137-Eb_comp.jams,228631,3,3,3,3,keep,3,3,0,0.6404931545257568,0.4782879650592804
53017,4,03_Jazz3-137-Eb_comp.jams,308706,2,3,2,2,mixed_by_complete_group,2,2,0,0.3566184937953949,0.06861522048711777
53024,4,03_Jazz3-137-Eb_comp.jams,342630,4,3,3,4,keep,3,3,0,0.427853524684906,0.35694342851638794
53038,4,03_Jazz3-137-Eb_comp.jams,382646,3,3,3,3,keep,3,3,0,0.7959275841712952,0.8918923139572144
53057,4,03_Jazz3-137-Eb_comp.jams,443915,2,3,3,3,keep,3,3,0,0.5886521935462952,0.6819338798522949
53058,4,03_Jazz3-137-Eb_comp.jams,481960,4,3,3,3,keep,3,3,0,0.6236670613288879,0.3971163034439087
53063,4,03_Jazz3-137-Eb_comp.jams,514403,4,3,4,3,mixed_by_complete_group,4,3,0,0.48343753814697266,0.5099831223487854
53066,4,03_Jazz3-137-Eb_comp.jams,553995,3,3,3,3,keep,3,3,0,0.606380045413971,0.6563478112220764
53070,4,03_Jazz3-137-Eb_comp.jams,579927,2,2,2,2,keep,2,2,0,0.36562231183052063,0.10106834024190903
53078,4,03_Jazz3-137-Eb_comp.jams,595505,0,3,3,2,keep,2,3,0,0.1088452935218811,0.10767816752195358
53081,4,03_Jazz3-137-Eb_comp.jams,631135,3,3,3,3,keep,3,3,0,0.7855960726737976,0.8605320453643799
53091,4,03_Jazz3-137-Eb_comp.jams,667726,2,2,2,2,keep,2,2,0,0.4807513654232025,0.6192261576652527
53095,4,03_Jazz3-137-Eb_comp.jams,706192,3,3,2,4,local_rates_favor_correction_for_all_groups,4,2,0,0.19749920070171356,0.08578333258628845
53101,4,03_Jazz3-137-Eb_comp.jams,734234,2,2,2,2,keep,2,2,0,0.8593577742576599,0.7486650943756104
53110,4,03_Jazz3-137-Eb_comp.jams,783415,3,3,3,3,keep,3,3,0,0.5650163888931274,0.33573806285858154
53116,4,03_Jazz3-137-Eb_comp.jams,813763,3,2,2,2,keep,2,2,0,0.48207026720046997,0.050214219838380814
53117,4,03_Jazz3-137-Eb_comp.jams,815567,0,2,2,2,keep,2,3,0,0.6733608841896057,0.3570203185081482
53120,4,03_Jazz3-137-Eb_comp.jams,841992,3,3,3,3,keep,3,3,0,0.6930146813392639,0.5487186312675476
53127,4,03_Jazz3-137-Eb_comp.jams,856523,0,2,2,2,keep,2,2,0,0.09901565313339233,0.1102382019162178
53132,4,03_Jazz3-137-Eb_comp.jams,879993,3,3,3,3,keep,3,3,0,0.5413195490837097,0.46134039759635925
53135,4,03_Jazz3-137-Eb_comp.jams,927624,2,2,2,2,keep,2,2,0,0.45696306228637695,0.28257232904434204
53144,4,03_Jazz3-137-Eb_comp.jams,958589,4,3,3,3,keep,3,4,0,0.4193868637084961,0.39993128180503845
53158,4,03_Jazz3-137-Eb_comp.jams,997849,3,3,3,3,keep,3,3,0,0.7561094760894775,0.7736228108406067
53175,4,03_Jazz3-137-Eb_comp.jams,1053989,2,3,3,3,keep,3,3,0,0.5424518585205078,0.580775797367096
53176,4,03_Jazz3-137-Eb_comp.jams,1055889,0,2,2,2,keep,2,2,0,0.13520818948745728,0.07005498558282852
53179,4,03_Jazz3-137-Eb_comp.jams,1099599,2,4,2,2,mixed_by_complete_group,2,2,0,0.1319836974143982,0.026860026642680168
53190,4,03_Jazz3-137-Eb_comp.jams,1121020,1,2,2,2,keep,2,2,0,0.12283768504858017,0.0846921056509018
53201,4,03_Jazz3-137-Eb_comp.jams,1172216,3,3,3,3,keep,3,3,0,0.755776047706604,0.7108250856399536
53207,4,03_Jazz3-137-Eb_comp.jams,1198885,3,2,2,2,keep,2,2,0,0.7906601428985596,0.7173874974250793
53215,4,03_Jazz3-137-Eb_comp.jams,1216636,3,2,2,2,keep,2,2,0,0.6901342868804932,0.7404767870903015
53259,4,03_Jazz3-137-Eb_solo.jams,301984,1,2,2,2,keep,2,2,0,0.5918778777122498,0.33263257145881653
53262,4,03_Jazz3-137-Eb_solo.jams,310891,0,2,2,2,keep,2,2,0,0.6274192333221436,0.41304656863212585
53285,4,03_Jazz3-137-Eb_solo.jams,446017,1,2,2,2,keep,2,2,0,0.6173319220542908,0.8076425790786743
53321,4,03_Jazz3-137-Eb_solo.jams,803166,1,2,2,2,keep,2,2,0,0.29958465695381165,0.3732281029224396
53361,4,03_Jazz3-137-Eb_solo.jams,1178251,1,2,2,2,keep,2,2,0,0.2993397116661072,0.46936628222465515
54254,4,03_Rock1-90-C#_comp.jams,26267,2,2,3,2,mixed_by_complete_group,3,2,0,0.4519846439361572,0.6757926344871521
54262,4,03_Rock1-90-C#_comp.jams,57236,3,4,4,4,keep,4,4,0,0.48051244020462036,0.5568294525146484
54269,4,03_Rock1-90-C#_comp.jams,72162,1,2,2,2,keep,2,2,0,0.45543530583381653,0.47540947794914246
54282,4,03_Rock1-90-C#_comp.jams,115037,2,3,3,2,keep,3,2,0,0.5490585565567017,0.3740423023700714
54293,4,03_Rock1-90-C#_comp.jams,147930,3,3,3,4,keep,3,3,0,0.5331266522407532,0.3092767596244812
54306,4,03_Rock1-90-C#_comp.jams,176323,2,3,3,3,keep,3,3,0,0.4967356026172638,0.3523206412792206
54314,4,03_Rock1-90-C#_comp.jams,192192,1,3,3,2,keep,3,2,0,0.547456681728363,0.23557791113853455
54326,4,03_Rock1-90-C#_comp.jams,219155,2,3,2,3,mixed_by_complete_group,2,3,0,0.414295494556427,0.5367884635925293
54342,4,03_Rock1-90-C#_comp.jams,262527,3,2,2,3,keep,2,2,0,0.5291229486465454,0.4379918873310089
54348,4,03_Rock1-90-C#_comp.jams,274102,0,2,2,2,keep,2,2,0,0.0702713206410408,0.04294523969292641
54350,4,03_Rock1-90-C#_comp.jams,278069,0,2,2,2,keep,2,2,0,0.31824320554733276,0.22755734622478485
54356,4,03_Rock1-90-C#_comp.jams,291393,1,2,2,3,keep,3,2,0,0.3921002149581909,0.40119481086730957
54364,4,03_Rock1-90-C#_comp.jams,308289,1,3,3,2,keep,3,3,0,0.33725541830062866,0.20459985733032227
54373,4,03_Rock1-90-C#_comp.jams,336973,2,3,3,3,keep,3,3,0,0.38962844014167786,0.3334914743900299
54385,4,03_Rock1-90-C#_comp.jams,368067,1,2,2,2,keep,2,2,0,0.5396208763122559,0.5345006585121155
54392,4,03_Rock1-90-C#_comp.jams,382274,2,3,4,3,local_rates_favor_correction_for_all_groups,4,3,0,0.3251761794090271,0.46721917390823364
54398,4,03_Rock1-90-C#_comp.jams,396540,1,3,3,3,keep,3,3,0,0.35080215334892273,0.35614660382270813
54404,4,03_Rock1-90-C#_comp.jams,409508,1,2,2,2,keep,2,2,0,0.42405006289482117,0.7807050943374634
54412,4,03_Rock1-90-C#_comp.jams,426267,2,4,3,3,local_rates_favor_regression_for_all_groups,3,3,0,0.18114396929740906,0.03108338639140129
54419,4,03_Rock1-90-C#_comp.jams,455538,2,2,2,2,keep,2,2,0,0.4674370288848877,0.7203764319419861
54420,4,03_Rock1-90-C#_comp.jams,457442,0,2,2,2,keep,2,2,0,0.29123637080192566,0.21728141605854034
54426,4,03_Rock1-90-C#_comp.jams,471042,2,3,3,3,keep,3,3,0,0.5065827369689941,0.5459049344062805
54432,4,03_Rock1-90-C#_comp.jams,483052,2,2,2,2,keep,2,2,0,0.2591891288757324,0.2893574833869934
54441,4,03_Rock1-90-C#_comp.jams,500238,3,3,4,4,mixed_by_complete_group,4,4,0,0.18757182359695435,0.037066105753183365
54455,4,03_Rock1-90-C#_comp.jams,528427,2,3,4,4,mixed_by_complete_group,4,4,0,0.14817889034748077,0.27943453192710876
54456,4,03_Rock1-90-C#_comp.jams,530313,1,2,2,2,keep,2,2,0,0.36156904697418213,0.3474661707878113
54464,4,03_Rock1-90-C#_comp.jams,548066,1,2,2,2,keep,2,2,0,0.30383020639419556,0.27749770879745483
54472,4,03_Rock1-90-C#_comp.jams,573525,3,3,2,2,local_rates_favor_correction_for_all_groups,2,2,0,0.26685839891433716,0.19620977342128754
54501,4,03_Rock1-90-C#_comp.jams,631154,1,2,2,2,keep,2,2,0,0.39674028754234314,0.338689923286438
54508,4,03_Rock1-90-C#_comp.jams,646413,2,3,2,2,local_rates_favor_regression_for_all_groups,2,2,0,0.3681161105632782,0.29500454664230347
54514,4,03_Rock1-90-C#_comp.jams,658421,2,2,2,2,keep,2,2,0,0.3357676863670349,0.20564517378807068
54515,4,03_Rock1-90-C#_comp.jams,662193,0,2,2,2,keep,2,2,0,0.4028361141681671,0.4909232556819916
54521,4,03_Rock1-90-C#_comp.jams,674630,3,2,2,2,keep,2,2,0,0.2883134186267853,0.19729827344417572
54534,4,03_Rock1-90-C#_comp.jams,703311,1,2,2,3,keep,2,3,0,0.48906806111335754,0.2700596749782562
54538,4,03_Rock1-90-C#_comp.jams,718812,2,2,2,2,keep,2,2,0,0.6143708229064941,0.5536468029022217
54542,4,03_Rock1-90-C#_comp.jams,734616,4,3,3,3,keep,4,3,1,0.3735538423061371,0.6226748824119568
54556,4,03_Rock1-90-C#_comp.jams,764807,2,4,4,4,keep,4,4,0,0.4497242867946625,0.4388783276081085
54564,4,03_Rock1-90-C#_comp.jams,780421,1,3,3,2,keep,3,2,0,0.5617384910583496,0.12227723747491837
54572,4,03_Rock1-90-C#_comp.jams,808344,3,3,4,4,mixed_by_complete_group,4,4,0,0.37500354647636414,0.12803730368614197
54588,4,03_Rock1-90-C#_comp.jams,852013,2,3,2,2,local_rates_favor_correction_for_all_groups,2,2,0,0.3419922888278961,0.1974961906671524
54589,4,03_Rock1-90-C#_comp.jams,853906,1,2,2,2,keep,2,2,0,0.557580292224884,0.5263528823852539
54603,4,03_Rock1-90-C#_comp.jams,880528,1,2,3,3,mixed_by_complete_group,2,3,0,0.3896174728870392,0.05926075205206871
54604,4,03_Rock1-90-C#_comp.jams,882433,2,2,2,2,keep,2,2,0,0.4779015779495239,0.4087699055671692
54611,4,03_Rock1-90-C#_comp.jams,897138,3,4,4,4,keep,4,4,0,0.4361920654773712,0.44494178891181946
54619,4,03_Rock1-90-C#_comp.jams,925439,2,2,3,3,local_rates_favor_regression_for_all_groups,3,3,0,0.32652294635772705,0.03821082040667534
54623,4,03_Rock1-90-C#_comp.jams,940945,2,2,3,3,mixed_by_complete_group,3,3,0,0.4134275019168854,0.2907553017139435
54629,4,03_Rock1-90-C#_comp.jams,955796,2,2,2,2,keep,2,2,0,0.4862082302570343,0.40370985865592957
54633,4,03_Rock1-90-C#_comp.jams,968045,2,3,3,2,keep,3,3,0,0.06971648335456848,0.0029054637998342514
54634,4,03_Rock1-90-C#_comp.jams,970414,2,2,3,3,local_rates_favor_regression_for_all_groups,3,3,0,0.2688182294368744,0.2251172810792923
54635,4,03_Rock1-90-C#_comp.jams,972183,1,2,2,2,keep,2,2,0,0.19183887541294098,0.12326095253229141
54648,4,03_Rock1-90-C#_comp.jams,1000075,2,2,3,3,mixed_by_complete_group,2,3,1,0.29301005601882935,0.2529657483100891
54654,4,03_Rock1-90-C#_comp.jams,1015338,3,3,4,4,mixed_by_complete_group,4,4,0,0.2151016891002655,0.04578106105327606
54663,4,03_Rock1-90-C#_comp.jams,1045453,2,2,3,3,local_rates_favor_correction_for_all_groups,3,3,0,0.4209028482437134,0.44675570726394653
54669,4,03_Rock1-90-C#_comp.jams,1057386,2,2,2,2,keep,2,2,0,0.43684452772140503,0.463809996843338
54682,4,03_Rock1-90-C#_comp.jams,1085321,2,2,2,2,keep,2,2,0,0.3825683295726776,0.2328665405511856
54683,4,03_Rock1-90-C#_comp.jams,1087193,3,3,3,2,keep,3,2,0,0.4032967686653137,0.30810749530792236
54690,4,03_Rock1-90-C#_comp.jams,1101521,1,2,2,2,keep,2,2,0,0.5274769067764282,0.554222583770752
54691,4,03_Rock1-90-C#_comp.jams,1103377,0,2,2,2,keep,2,2,0,0.12718333303928375,0.11845295131206512
54697,4,03_Rock1-90-C#_comp.jams,1116321,2,3,3,3,keep,3,3,0,0.4123247265815735,0.7189437747001648
54711,4,03_Rock1-90-C#_comp.jams,1144928,2,3,2,2,local_rates_favor_correction_for_all_groups,2,2,0,0.2771644592285156,0.31288373470306396
54730,4,03_Rock1-90-C#_comp.jams,1204721,3,3,2,2,mixed_by_complete_group,2,2,0,0.3790898323059082,0.2537533938884735
54738,4,03_Rock1-90-C#_comp.jams,1233962,1,2,3,3,mixed_by_complete_group,2,3,0,0.3035794496536255,0.05052332952618599
54739,4,03_Rock1-90-C#_comp.jams,1235739,1,3,3,3,keep,3,3,0,0.42717328667640686,0.3217918574810028
54746,4,03_Rock1-90-C#_comp.jams,1249328,2,2,2,2,keep,2,2,0,0.57818603515625,0.6360508799552917
54755,4,03_Rock1-90-C#_comp.jams,1278467,3,2,2,3,keep,2,3,0,0.5661227703094482,0.45458829402923584
54762,4,03_Rock1-90-C#_comp.jams,1292734,3,3,3,3,keep,3,3,0,0.4547809660434723,0.5205451250076294
54770,4,03_Rock1-90-C#_comp.jams,1322303,3,3,3,3,keep,3,3,0,0.3862800896167755,0.39407992362976074
54783,4,03_Rock1-90-C#_comp.jams,1352361,2,2,2,3,keep,2,2,0,0.4634547233581543,0.36169031262397766
54790,4,03_Rock1-90-C#_comp.jams,1366687,3,3,3,3,keep,3,3,0,0.5437914133071899,0.30044078826904297
54799,4,03_Rock1-90-C#_comp.jams,1396495,3,2,2,2,keep,2,2,0,0.5134783983230591,0.35504767298698425
54806,4,03_Rock1-90-C#_solo.jams,73185,2,3,3,3,keep,3,3,0,0.7837012410163879,0.5370101928710938
54809,4,03_Rock1-90-C#_solo.jams,98203,2,2,2,2,keep,2,2,0,0.12697796523571014,0.11278977990150452
58357,4,03_SS2-107-Ab_comp.jams,12996,4,3,3,3,keep,4,3,1,0.4598717987537384,0.591047465801239
58367,4,03_SS2-107-Ab_comp.jams,33229,3,3,3,3,keep,3,3,0,0.5630316734313965,0.5451996922492981
58371,4,03_SS2-107-Ab_comp.jams,50030,3,4,4,3,keep,4,3,0,0.431183397769928,0.18305568397045135
58372,4,03_SS2-107-Ab_comp.jams,51819,1,2,2,2,keep,2,2,0,0.37599992752075195,0.33997204899787903
58377,4,03_SS2-107-Ab_comp.jams,68755,3,3,3,3,keep,3,3,0,0.4454787075519562,0.5270213484764099
58380,4,03_SS2-107-Ab_comp.jams,74395,4,3,3,3,keep,3,3,0,0.5796346664428711,0.6234853863716125
58385,4,03_SS2-107-Ab_comp.jams,86226,0,2,2,2,keep,2,2,0,0.46609583497047424,0.27425113320350647
58387,4,03_SS2-107-Ab_comp.jams,98106,2,2,2,2,keep,2,2,0,0.39277228713035583,0.4186374247074127
58392,4,03_SS2-107-Ab_comp.jams,110290,3,3,2,2,mixed_by_complete_group,2,2,0,0.12152282893657684,0.09059753268957138
58393,4,03_SS2-107-Ab_comp.jams,112071,2,3,4,4,mixed_by_complete_group,4,4,0,0.21407334506511688,0.13260528445243835
58402,4,03_SS2-107-Ab_comp.jams,130484,2,3,3,2,keep,3,3,0,0.22414425015449524,0.10097029060125351
58410,4,03_SS2-107-Ab_comp.jams,148966,3,3,4,4,local_rates_favor_correction_for_all_groups,4,3,0,0.2244468778371811,0.3401930630207062
58415,4,03_SS2-107-Ab_comp.jams,161086,1,3,3,3,keep,3,3,0,0.2741396725177765,0.5753183960914612
58418,4,03_SS2-107-Ab_comp.jams,167172,1,2,2,2,keep,2,2,0,0.22640322148799896,0.1979113221168518
58419,4,03_SS2-107-Ab_comp.jams,169132,2,2,2,2,keep,2,2,0,0.3827569782733917,0.4852813184261322
58421,4,03_SS2-107-Ab_comp.jams,174862,3,2,2,2,keep,2,2,0,0.5853590369224548,0.46243226528167725
58424,4,03_SS2-107-Ab_comp.jams,181888,3,2,2,3,keep,3,3,1,0.31508809328079224,0.07104659825563431
58429,4,03_SS2-107-Ab_comp.jams,197158,1,2,2,3,keep,2,2,0,0.5249260663986206,0.2715163230895996
58436,4,03_SS2-107-Ab_comp.jams,210221,3,3,2,2,local_rates_favor_correction_for_all_groups,2,2,0,0.2285265028476715,0.131319060921669
58437,4,03_SS2-107-Ab_comp.jams,212166,2,2,2,2,keep,3,2,-1,0.39721304178237915,0.5137431621551514
58446,4,03_SS2-107-Ab_comp.jams,229942,2,3,2,2,mixed_by_complete_group,2,2,0,0.4036100506782532,0.2476169914007187
58450,4,03_SS2-107-Ab_comp.jams,247176,4,3,3,3,keep,3,3,0,0.40690988302230835,0.39947521686553955
58455,4,03_SS2-107-Ab_comp.jams,259525,2,3,2,2,mixed_by_complete_group,2,2,0,0.45265713334083557,0.3543531894683838
58458,4,03_SS2-107-Ab_comp.jams,266500,2,3,2,3,local_rates_favor_correction_for_all_groups,2,3,0,0.29192042350769043,0.6824325323104858
58461,4,03_SS2-107-Ab_comp.jams,272522,3,3,3,3,keep,3,3,0,0.6113168001174927,0.686808168888092
58465,4,03_SS2-107-Ab_comp.jams,283839,3,3,3,2,keep,3,2,0,0.39321351051330566,0.21335797011852264
58470,4,03_SS2-107-Ab_comp.jams,296955,1,2,2,3,keep,2,3,0,0.6085833311080933,0.4188864529132843
58474,4,03_SS2-107-Ab_comp.jams,309802,5,3,4,4,local_rates_favor_correction_for_all_groups,4,4,0,0.30557170510292053,0.21288375556468964
58483,4,03_SS2-107-Ab_comp.jams,328618,2,2,2,2,keep,2,2,0,0.2350870817899704,0.21476995944976807
58485,4,03_SS2-107-Ab_comp.jams,332903,0,2,2,2,keep,2,2,0,0.25768283009529114,0.1778413951396942
58489,4,03_SS2-107-Ab_comp.jams,345293,2,2,2,3,keep,2,3,0,0.3680986166000366,0.1777905374765396
58490,4,03_SS2-107-Ab_comp.jams,347437,2,2,2,2,keep,2,2,0,0.415219247341156,0.6831017136573792
58495,4,03_SS2-107-Ab_comp.jams,358636,1,2,2,2,keep,2,2,0,0.47075769305229187,0.2964778244495392
58497,4,03_SS2-107-Ab_comp.jams,364913,3,3,2,3,mixed_by_complete_group,3,2,1,0.2274530827999115,0.3062402009963989
58500,4,03_SS2-107-Ab_comp.jams,370963,4,2,2,2,keep,2,2,0,0.44886645674705505,0.6270583271980286
58503,4,03_SS2-107-Ab_comp.jams,378396,3,2,2,2,keep,2,2,0,0.4917159378528595,0.6812289953231812
58505,4,03_SS2-107-Ab_comp.jams,383392,2,2,2,2,keep,2,2,0,0.16631320118904114,0.272309273481369
58507,4,03_SS2-107-Ab_comp.jams,388995,1,2,2,2,keep,2,2,0,0.4381774663925171,0.3484964370727539
58514,4,03_SS2-107-Ab_comp.jams,407321,2,3,2,3,mixed_by_complete_group,2,3,0,0.33730217814445496,0.42563778162002563
58515,4,03_SS2-107-Ab_comp.jams,409114,2,3,3,3,keep,3,3,0,0.2578619718551636,0.2188284993171692
58523,4,03_SS2-107-Ab_comp.jams,427833,2,3,2,2,mixed_by_complete_group,2,2,0,0.26462993025779724,0.3528360426425934
58526,4,03_SS2-107-Ab_comp.jams,444711,3,3,3,3,keep,3,3,0,0.37331098318099976,0.3846770226955414
58532,4,03_SS2-107-Ab_comp.jams,463266,2,3,3,3,keep,3,3,0,0.7052419781684875,0.6048206090927124
58540,4,03_SS2-107-Ab_comp.jams,483385,1,2,2,2,keep,2,2,0,0.380208283662796,0.5818818807601929
58541,4,03_SS2-107-Ab_comp.jams,493756,1,3,2,2,mixed_by_complete_group,2,2,0,0.2877671718597412,0.17702075839042664
58545,4,03_SS2-107-Ab_comp.jams,507998,3,3,3,3,keep,3,3,0,0.3715936541557312,0.41381335258483887
58546,4,03_SS2-107-Ab_comp.jams,509848,0,2,2,2,keep,2,2,0,0.5355182886123657,0.5110179781913757
58553,4,03_SS2-107-Ab_comp.jams,525523,2,3,2,2,mixed_by_complete_group,2,2,0,0.23912516236305237,0.0916547104716301
58558,4,03_SS2-107-Ab_comp.jams,542830,4,4,4,4,keep,4,4,0,0.5250835418701172,0.4503408372402191
58565,4,03_SS2-107-Ab_comp.jams,557167,2,2,2,2,keep,2,2,0,0.3908829689025879,0.3431203365325928
58568,4,03_SS2-107-Ab_comp.jams,563032,2,3,2,2,mixed_by_complete_group,2,2,0,0.21803492307662964,0.1893559992313385
58569,4,03_SS2-107-Ab_comp.jams,564860,1,2,2,2,keep,2,2,0,0.045440930873155594,0.06635547429323196
58575,4,03_SS2-107-Ab_comp.jams,577143,1,2,2,3,keep,2,2,0,0.35283902287483215,0.11666157096624374
58578,4,03_SS2-107-Ab_comp.jams,593870,2,2,2,3,keep,3,3,-1,0.3458658754825592,0.08129601925611496
58584,4,03_SS2-107-Ab_comp.jams,606884,3,4,4,3,keep,4,3,0,0.43368586897850037,0.2899053394794464
58593,4,03_SS2-107-Ab_comp.jams,625799,3,3,3,2,keep,2,3,-1,0.20303143560886383,0.23009108006954193
58595,4,03_SS2-107-Ab_comp.jams,629677,2,2,2,2,keep,2,2,0,0.27115705609321594,0.25054359436035156
58596,4,03_SS2-107-Ab_comp.jams,631594,3,2,2,3,keep,3,3,1,0.3479275703430176,0.2742554247379303
58598,4,03_SS2-107-Ab_comp.jams,635419,0,2,2,2,keep,2,2,0,0.0840141549706459,0.06258618086576462
58599,4,03_SS2-107-Ab_comp.jams,643944,4,3,3,3,keep,4,3,1,0.2373901605606079,0.29092156887054443
58605,4,03_SS2-107-Ab_comp.jams,656727,3,2,2,2,keep,2,2,0,0.24411991238594055,0.23891593515872955
58606,4,03_SS2-107-Ab_comp.jams,658729,0,2,2,2,keep,2,2,0,0.11244543641805649,0.07894827425479889
58608,4,03_SS2-107-Ab_comp.jams,663742,3,2,2,2,keep,2,2,0,0.39330175518989563,0.35410332679748535
58613,4,03_SS2-107-Ab_comp.jams,674518,3,2,2,2,keep,2,2,0,0.6169782876968384,0.44854214787483215
58616,4,03_SS2-107-Ab_comp.jams,680400,3,3,2,2,mixed_by_complete_group,2,2,0,0.13124072551727295,0.017587073147296906
58617,4,03_SS2-107-Ab_comp.jams,686373,1,2,3,3,local_rates_favor_regression_for_all_groups,2,3,0,0.364055871963501,0.028454771265387535
58619,4,03_SS2-107-Ab_comp.jams,693590,1,2,2,2,keep,2,2,0,0.478083997964859,0.07464320957660675
58621,4,03_SS2-107-Ab_comp.jams,704955,5,3,3,3,keep,3,3,0,0.3981419503688812,0.599716305732727
58624,4,03_SS2-107-Ab_comp.jams,711191,0,2,2,2,keep,2,2,0,0.10543011873960495,0.04610417038202286
58627,4,03_SS2-107-Ab_comp.jams,717196,2,2,2,2,keep,2,2,0,0.16880272328853607,0.09749607741832733
58630,4,03_SS2-107-Ab_comp.jams,724514,2,3,2,3,mixed_by_complete_group,2,3,0,0.38983604311943054,0.6531040072441101
58633,4,03_SS2-107-Ab_comp.jams,741235,3,3,3,3,keep,3,3,0,0.3759450912475586,0.3611563444137573
58634,4,03_SS2-107-Ab_comp.jams,743114,2,2,2,2,keep,2,2,0,0.2598772644996643,0.1996617466211319
58638,4,03_SS2-107-Ab_comp.jams,754401,2,3,2,2,mixed_by_complete_group,2,2,0,0.2160976231098175,0.2273612916469574
58639,4,03_SS2-107-Ab_comp.jams,761034,3,4,4,4,keep,4,4,0,0.35466599464416504,0.318027138710022
58644,4,03_SS2-107-Ab_comp.jams,774962,2,2,2,2,keep,2,2,0,0.7547170519828796,0.8335073590278625
58645,4,03_SS2-107-Ab_comp.jams,778359,2,2,2,2,keep,2,2,0,0.27467507123947144,0.19999082386493683
58647,4,03_SS2-107-Ab_comp.jams,791247,2,3,3,3,keep,3,3,0,0.4076445996761322,0.2757936120033264
58649,4,03_SS2-107-Ab_comp.jams,804204,3,3,4,4,local_rates_favor_correction_for_all_groups,4,4,0,0.32897573709487915,0.4254317879676819
58654,4,03_SS2-107-Ab_comp.jams,816609,1,2,2,2,keep,2,2,0,0.7140824198722839,0.5433226823806763
58658,4,03_SS2-107-Ab_comp.jams,827716,3,2,2,3,keep,2,3,0,0.4877784848213196,0.34693771600723267
58659,4,03_SS2-107-Ab_comp.jams,829484,1,3,3,2,keep,3,2,0,0.164653941988945,0.022155728191137314
58661,4,03_SS2-107-Ab_comp.jams,840961,3,3,3,3,keep,3,3,0,0.5528935790061951,0.24073979258537292
58667,4,03_SS2-107-Ab_comp.jams,860328,3,3,3,3,keep,3,3,0,0.3853921890258789,0.6555617451667786
58677,4,03_SS2-107-Ab_comp.jams,884828,0,2,2,2,keep,2,2,0,0.13407574594020844,0.183955118060112
58678,4,03_SS2-107-Ab_comp.jams,890978,2,3,3,3,keep,3,3,0,0.7931559681892395,0.8918986320495605
58684,4,03_SS2-107-Ab_comp.jams,902852,3,3,2,2,mixed_by_complete_group,2,2,0,0.10904762148857117,0.08815102279186249
58685,4,03_SS2-107-Ab_comp.jams,904721,2,2,2,2,keep,2,2,0,0.3108982741832733,0.38483792543411255
58693,4,03_SS2-107-Ab_comp.jams,922348,4,3,3,2,keep,3,3,0,0.2584225833415985,0.10033200681209564
58699,4,03_SS2-107-Ab_comp.jams,938923,3,3,3,3,keep,3,3,0,0.5634096264839172,0.45087873935699463
58705,4,03_SS2-107-Ab_comp.jams,951699,4,3,3,3,keep,3,3,0,0.37699809670448303,0.4236854910850525
58708,4,03_SS2-107-Ab_comp.jams,959377,2,3,2,2,mixed_by_complete_group,2,2,0,0.1577807515859604,0.17370390892028809
58714,4,03_SS2-107-Ab_comp.jams,973047,2,3,3,3,keep,3,3,0,0.49626442790031433,0.8185967803001404
58719,4,03_SS2-107-Ab_comp.jams,989126,2,3,3,3,keep,3,3,0,0.5650995373725891,0.8931880593299866
58725,4,03_SS2-107-Ab_comp.jams,1002397,2,3,3,3,keep,3,3,0,0.44623154401779175,0.4354251027107239
58733,4,03_SS2-107-Ab_comp.jams,1020797,2,3,3,2,keep,2,3,1,0.29427725076675415,0.3936760723590851
58735,4,03_SS2-107-Ab_comp.jams,1026370,2,3,2,2,local_rates_favor_correction_for_all_groups,2,2,0,0.34430280327796936,0.31925979256629944
58738,4,03_SS2-107-Ab_comp.jams,1038523,2,2,3,2,mixed_by_complete_group,3,3,0,0.3951528072357178,0.48503831028938293
58739,4,03_SS2-107-Ab_comp.jams,1040302,2,2,2,2,keep,2,2,0,0.4818165600299835,0.5608022212982178
58743,4,03_SS2-107-Ab_comp.jams,1057633,1,3,3,3,keep,3,3,0,0.4873626232147217,0.5549499988555908
58744,4,03_SS2-107-Ab_comp.jams,1059398,2,2,2,2,keep,2,2,0,0.4944208860397339,0.5470260381698608
58751,4,03_SS2-107-Ab_comp.jams,1075820,3,2,2,2,keep,2,2,0,0.14186809957027435,0.04984200745820999
58761,4,03_SS2-107-Ab_comp.jams,1100107,1,3,2,2,mixed_by_complete_group,2,2,0,0.13140751421451569,0.13048040866851807
58762,4,03_SS2-107-Ab_comp.jams,1101994,2,2,2,2,keep,2,2,0,0.44601160287857056,0.44234538078308105
58770,4,03_SS2-107-Ab_comp.jams,1119729,2,3,3,2,keep,3,3,0,0.5263444781303406,0.15570272505283356
58772,4,03_SS2-107-Ab_comp.jams,1123876,0,2,2,2,keep,2,2,0,0.10093362629413605,0.08634346723556519
58777,4,03_SS2-107-Ab_comp.jams,1137108,2,3,2,2,mixed_by_complete_group,3,2,-1,0.2112981230020523,0.04062747582793236
58782,4,03_SS2-107-Ab_comp.jams,1149506,2,2,2,2,keep,2,2,0,0.4809727966785431,0.19995924830436707
58784,4,03_SS2-107-Ab_comp.jams,1156774,3,3,4,3,local_rates_favor_correction_for_all_groups,4,3,0,0.27794691920280457,0.626510739326477
58787,4,03_SS2-107-Ab_comp.jams,1163277,3,2,2,2,keep,2,2,0,0.4639723300933838,0.5639975666999817
58791,4,03_SS2-107-Ab_comp.jams,1171066,2,3,3,3,keep,3,3,0,0.4605773687362671,0.5274948477745056
58794,4,03_SS2-107-Ab_comp.jams,1182125,1,2,2,2,keep,2,2,0,0.1367277204990387,0.04543227702379227
58796,4,03_SS2-107-Ab_comp.jams,1186942,2,3,3,2,keep,3,2,0,0.4008926749229431,0.1421661525964737
58801,4,03_SS2-107-Ab_comp.jams,1199839,3,4,3,4,local_rates_favor_regression_for_all_groups,3,4,0,0.39009711146354675,0.5379800200462341
58810,4,03_SS2-107-Ab_comp.jams,1219257,2,3,2,2,mixed_by_complete_group,2,2,0,0.35391828417778015,0.1934591829776764
58814,4,03_SS2-107-Ab_comp.jams,1236913,2,2,3,3,mixed_by_complete_group,3,3,0,0.2690095603466034,0.4068031907081604
58819,4,03_SS2-107-Ab_comp.jams,1249450,0,2,2,2,keep,2,2,0,0.24808458983898163,0.07172702997922897
58820,4,03_SS2-107-Ab_comp.jams,1256238,3,2,3,3,local_rates_favor_correction_for_all_groups,3,3,0,0.2762022912502289,0.4211709201335907
58826,4,03_SS2-107-Ab_comp.jams,1286049,1,3,2,2,mixed_by_complete_group,2,2,0,0.24910151958465576,0.028653530403971672
58829,4,03_SS2-107-Ab_comp.jams,1299342,4,4,3,3,mixed_by_complete_group,3,3,0,0.22902125120162964,0.06650039553642273
58837,4,03_SS2-107-Ab_comp.jams,1317415,2,3,2,3,local_rates_favor_regression_for_all_groups,3,3,-1,0.48544561862945557,0.70865398645401
58841,4,03_SS2-107-Ab_comp.jams,1334059,2,3,3,2,keep,3,2,0,0.45762723684310913,0.23656076192855835
58845,4,03_SS2-107-Ab_comp.jams,1347769,4,2,2,2,keep,2,2,0,0.5181640386581421,0.5022748708724976
58848,4,03_SS2-107-Ab_comp.jams,1354017,2,3,3,2,keep,2,2,1,0.18556642532348633,0.008755587041378021
58849,4,03_SS2-107-Ab_comp.jams,1355899,1,2,2,2,keep,2,2,0,0.5556138753890991,0.5520188212394714
58855,4,03_SS2-107-Ab_comp.jams,1368163,2,3,2,2,mixed_by_complete_group,2,2,0,0.2827575206756592,0.01824435032904148
58858,4,03_SS2-107-Ab_comp.jams,1380587,0,2,2,2,keep,2,2,0,0.06614656746387482,0.9099733233451843
58864,4,03_SS2-107-Ab_comp.jams,1397293,5,3,4,4,local_rates_favor_correction_for_all_groups,4,4,0,0.34747281670570374,0.4027102291584015
58874,4,03_SS2-107-Ab_comp.jams,1418597,2,2,2,2,keep,2,2,0,0.3028685450553894,0.23534564673900604
58877,4,03_SS2-107-Ab_comp.jams,1424566,2,2,2,2,keep,2,2,0,0.3344683349132538,0.21690766513347626
58879,4,03_SS2-107-Ab_comp.jams,1429984,0,2,2,2,keep,2,2,0,0.18802550435066223,0.1901308298110962
58881,4,03_SS2-107-Ab_comp.jams,1435066,3,3,2,2,mixed_by_complete_group,2,2,0,0.16061796247959137,0.03751322254538536
58882,4,03_SS2-107-Ab_comp.jams,1436943,1,2,2,2,keep,3,2,0,0.41795870661735535,0.6568480134010315
58885,4,03_SS2-107-Ab_comp.jams,1443225,0,2,2,2,keep,2,2,0,0.23644571006298065,0.18164758384227753
58886,4,03_SS2-107-Ab_comp.jams,1447654,3,2,2,2,keep,2,2,0,0.5710199475288391,0.5345539450645447
58889,4,03_SS2-107-Ab_comp.jams,1454454,3,3,2,3,mixed_by_complete_group,2,2,0,0.21407394111156464,0.3270432949066162
58892,4,03_SS2-107-Ab_comp.jams,1466997,1,3,3,3,keep,3,3,0,0.3306472599506378,0.48248469829559326
58893,4,03_SS2-107-Ab_comp.jams,1468780,0,2,2,2,keep,2,2,0,0.229568749666214,0.20079028606414795
58894,4,03_SS2-107-Ab_comp.jams,1470856,0,2,2,2,keep,2,2,0,0.35007619857788086,0.27607831358909607
58898,4,03_SS2-107-Ab_comp.jams,1479197,1,2,2,2,keep,2,2,0,0.4200405776500702,0.4839831590652466
58900,4,03_SS2-107-Ab_comp.jams,1484266,1,3,3,3,keep,3,3,0,0.5143205523490906,0.5105428099632263
58903,4,03_SS2-107-Ab_comp.jams,1496363,5,3,3,4,keep,3,4,0,0.4267476201057434,0.1509811282157898
58909,4,03_SS2-107-Ab_comp.jams,1513621,1,3,2,2,mixed_by_complete_group,2,2,0,0.08185162395238876,0.017720522359013557
58910,4,03_SS2-107-Ab_comp.jams,1515416,2,3,3,3,keep,3,3,0,0.42330795526504517,0.7546515464782715
58912,4,03_SS2-107-Ab_comp.jams,1519773,1,2,2,3,keep,2,3,0,0.2498568743467331,0.004896812606602907
58914,4,03_SS2-107-Ab_comp.jams,1528371,2,2,2,2,keep,2,2,0,0.1812146008014679,0.8034093379974365
58916,4,03_SS2-107-Ab_comp.jams,1532655,4,3,3,4,keep,3,3,0,0.31354135274887085,0.1531023532152176
58920,4,03_SS2-107-Ab_comp.jams,1545537,1,2,2,3,keep,3,3,0,0.3551652729511261,0.04330039024353027
58921,4,03_SS2-107-Ab_comp.jams,1552356,2,3,2,2,mixed_by_complete_group,2,2,0,0.33233150839805603,0.20202098786830902
58986,4,03_SS2-107-Ab_solo.jams,656620,1,2,2,2,keep,2,2,0,0.45331844687461853,0.4118228852748871
58998,4,03_SS2-107-Ab_solo.jams,742294,1,2,2,2,keep,2,2,0,0.573655903339386,0.3799072206020355
59090,4,03_SS2-107-Ab_solo.jams,1554995,1,2,2,3,keep,2,3,0,0.30833324790000916,0.12665124237537384
62573,4,04_Funk2-108-Eb_comp.jams,6,4,3,3,3,keep,3,3,0,0.37670475244522095,0.5471813082695007
62582,4,04_Funk2-108-Eb_comp.jams,20716,2,2,2,2,keep,2,2,0,0.3499062657356262,0.1770937293767929
62588,4,04_Funk2-108-Eb_comp.jams,61452,3,3,3,3,keep,3,3,0,0.5525148510932922,0.40014517307281494
62590,4,04_Funk2-108-Eb_comp.jams,74604,1,2,2,4,keep,4,2,0,0.1934402883052826,0.10626058280467987
62591,4,04_Funk2-108-Eb_comp.jams,81945,2,2,2,2,keep,2,2,0,0.22091124951839447,0.6522071957588196
62595,4,04_Funk2-108-Eb_comp.jams,99035,3,3,3,3,keep,3,3,0,0.4524384140968323,0.44718965888023376
62604,4,04_Funk2-108-Eb_comp.jams,118684,3,2,2,2,keep,2,2,0,0.6108418107032776,0.4319372773170471
62610,4,04_Funk2-108-Eb_comp.jams,159553,3,3,3,3,keep,3,3,0,0.4402206242084503,0.36177101731300354
62614,4,04_Funk2-108-Eb_comp.jams,178859,2,2,3,3,mixed_by_complete_group,3,3,0,0.15828664600849152,0.07942943274974823
62616,4,04_Funk2-108-Eb_comp.jams,184466,0,2,2,2,keep,2,2,0,0.0579000823199749,0.030351491644978523
62619,4,04_Funk2-108-Eb_comp.jams,196573,2,3,2,2,local_rates_favor_regression_for_all_groups,3,2,-1,0.36243194341659546,0.2890598475933075
62628,4,04_Funk2-108-Eb_comp.jams,233432,1,2,2,3,keep,2,2,0,0.40886595845222473,0.14674904942512512
62632,4,04_Funk2-108-Eb_comp.jams,257855,3,3,3,4,keep,3,4,0,0.3665488362312317,0.17250365018844604
62636,4,04_Funk2-108-Eb_comp.jams,270332,2,2,2,2,keep,3,2,-1,0.4052293300628662,0.5203816890716553
62639,4,04_Funk2-108-Eb_comp.jams,276297,2,2,3,3,mixed_by_complete_group,3,3,0,0.22566774487495422,0.1893664300441742
62643,4,04_Funk2-108-Eb_comp.jams,293974,4,3,3,3,keep,3,3,0,0.41218867897987366,0.7567847371101379
62646,4,04_Funk2-108-Eb_comp.jams,313704,2,2,3,3,local_rates_favor_regression_for_all_groups,3,3,0,0.25714537501335144,0.1382911205291748
62650,4,04_Funk2-108-Eb_comp.jams,355670,4,3,3,4,keep,3,4,0,0.4962676465511322,0.07454350590705872
62652,4,04_Funk2-108-Eb_comp.jams,367427,2,3,3,3,keep,3,3,0,0.4655369818210602,0.4254243075847626
62656,4,04_Funk2-108-Eb_comp.jams,375594,3,2,3,3,local_rates_favor_correction_for_all_groups,3,3,0,0.2612804174423218,0.35092782974243164
62660,4,04_Funk2-108-Eb_comp.jams,392453,4,3,3,3,keep,3,3,0,0.4353705942630768,0.7764418721199036
62666,4,04_Funk2-108-Eb_comp.jams,412306,1,2,2,2,keep,2,2,0,0.8731648921966553,0.8090782761573792
62667,4,04_Funk2-108-Eb_comp.jams,423416,0,2,2,2,keep,2,2,0,0.0663105770945549,0.01349003054201603
62668,4,04_Funk2-108-Eb_comp.jams,428928,4,3,3,3,keep,3,3,0,0.5234342217445374,0.5361857414245605
62677,4,04_Funk2-108-Eb_comp.jams,453428,4,3,3,4,keep,3,4,0,0.5633607506752014,0.10607559233903885
62682,4,04_Funk2-108-Eb_comp.jams,471684,1,2,2,2,keep,2,2,0,0.521146833896637,0.9580308794975281
62683,4,04_Funk2-108-Eb_comp.jams,473450,2,3,2,2,mixed_by_complete_group,2,2,0,0.38017114996910095,0.16959643363952637
62687,4,04_Funk2-108-Eb_comp.jams,489998,3,3,4,4,local_rates_favor_regression_for_all_groups,4,4,0,0.34262633323669434,0.26306018233299255
62693,4,04_Funk2-108-Eb_comp.jams,508304,1,3,2,2,mixed_by_complete_group,2,2,0,0.23640216886997223,0.26489728689193726
62694,4,04_Funk2-108-Eb_comp.jams,510198,2,3,3,2,keep,2,3,1,0.1971452236175537,0.3753918409347534
62698,4,04_Funk2-108-Eb_comp.jams,527085,4,3,3,3,keep,3,3,0,0.3967234194278717,0.33868762850761414
62708,4,04_Funk2-108-Eb_comp.jams,550824,3,2,2,3,keep,2,3,0,0.4927930533885956,0.38448286056518555
62711,4,04_Funk2-108-Eb_comp.jams,564261,0,2,2,3,keep,3,3,0,0.3224722743034363,0.11068157851696014
62712,4,04_Funk2-108-Eb_comp.jams,570478,2,2,2,2,keep,2,2,0,0.20921507477760315,0.3342204988002777
62713,4,04_Funk2-108-Eb_comp.jams,572269,0,2,2,2,keep,2,2,0,0.2073708027601242,0.1601492017507553
62718,4,04_Funk2-108-Eb_comp.jams,588463,3,3,3,3,keep,3,3,0,0.5192710757255554,0.2312852442264557
62724,4,04_Funk2-108-Eb_comp.jams,600542,2,2,2,3,keep,2,3,0,0.35646915435791016,0.03604302927851677
62728,4,04_Funk2-108-Eb_comp.jams,624810,3,3,3,3,keep,3,3,0,0.5895671248435974,0.909081757068634
62730,4,04_Funk2-108-Eb_comp.jams,636738,2,3,3,2,keep,3,2,0,0.45655331015586853,0.1564418524503708
62740,4,04_Funk2-108-Eb_comp.jams,672514,2,3,3,3,keep,3,3,0,0.435307115316391,0.2805945873260498
62747,4,04_Funk2-108-Eb_comp.jams,697749,3,3,3,3,keep,3,3,0,0.594794750213623,0.6570835113525391
62750,4,04_Funk2-108-Eb_comp.jams,717718,3,3,3,3,keep,3,3,0,0.429014652967453,0.5653989911079407
62753,4,04_Funk2-108-Eb_comp.jams,734525,3,3,3,3,keep,3,3,0,0.5123345255851746,0.5482368469238281
62761,4,04_Funk2-108-Eb_comp.jams,753794,3,3,3,2,keep,2,3,-1,0.18526029586791992,0.1734652817249298
62763,4,04_Funk2-108-Eb_comp.jams,767042,2,2,2,2,keep,2,2,0,0.277164489030838,0.011509733274579048
62764,4,04_Funk2-108-Eb_comp.jams,771509,3,3,3,3,keep,3,3,0,0.578885018825531,0.756805956363678
62767,4,04_Funk2-108-Eb_comp.jams,783886,3,3,3,3,keep,3,3,0,0.5456506013870239,0.45997321605682373
62776,4,04_Funk2-108-Eb_comp.jams,803613,2,3,2,2,mixed_by_complete_group,2,2,0,0.3064962923526764,0.3144475519657135
62779,4,04_Funk2-108-Eb_comp.jams,820474,3,3,3,3,keep,3,3,0,0.5230332612991333,0.7175831198692322
62783,4,04_Funk2-108-Eb_comp.jams,829215,0,3,3,2,keep,3,2,0,0.597814679145813,0.11769222468137741
62786,4,04_Funk2-108-Eb_comp.jams,844791,3,3,3,4,keep,3,4,0,0.38182511925697327,0.10040171444416046
62791,4,04_Funk2-108-Eb_comp.jams,864058,3,3,3,3,keep,3,3,0,0.5564490556716919,0.717892587184906
62796,4,04_Funk2-108-Eb_comp.jams,882005,4,3,3,3,keep,3,3,0,0.3270815312862396,0.6688528060913086
62797,4,04_Funk2-108-Eb_comp.jams,883770,1,2,2,2,keep,2,2,0,0.43286827206611633,0.42818164825439453
62801,4,04_Funk2-108-Eb_comp.jams,892827,0,2,2,2,keep,2,2,0,0.21123838424682617,0.17301017045974731
62805,4,04_Funk2-108-Eb_comp.jams,900737,3,2,2,3,keep,2,3,0,0.27168065309524536,0.08229532837867737
62806,4,04_Funk2-108-Eb_comp.jams,902546,0,2,2,2,keep,2,2,0,0.15235209465026855,0.06055469438433647
62808,4,04_Funk2-108-Eb_comp.jams,918021,5,3,3,3,keep,3,3,0,0.3390416204929352,0.27273130416870117
62812,4,04_Funk2-108-Eb_comp.jams,925964,3,2,3,2,mixed_by_complete_group,3,2,0,0.27724534273147583,0.4588886797428131
62817,4,04_Funk2-108-Eb_comp.jams,943374,4,3,3,4,keep,3,4,0,0.4222443103790283,0.15807262063026428
62821,4,04_Funk2-108-Eb_comp.jams,954805,5,3,3,3,keep,3,3,0,0.4638098180294037,0.35562583804130554
62825,4,04_Funk2-108-Eb_comp.jams,963058,2,2,2,2,keep,2,2,0,0.5026337504386902,0.5802510976791382
62829,4,04_Funk2-108-Eb_comp.jams,980021,4,4,4,4,keep,4,4,0,0.44280171394348145,0.3985918462276459
62837,4,04_Funk2-108-Eb_comp.jams,997761,2,3,2,2,local_rates_favor_correction_for_all_groups,2,2,0,0.1471964567899704,0.12735232710838318
62838,4,04_Funk2-108-Eb_comp.jams,999763,2,3,3,3,keep,3,3,0,0.4139687418937683,0.43884655833244324
62840,4,04_Funk2-108-Eb_comp.jams,1012208,2,2,2,2,keep,2,2,0,0.5895079374313354,0.37824854254722595
62841,4,04_Funk2-108-Eb_comp.jams,1016341,2,3,2,2,local_rates_favor_correction_for_all_groups,2,2,0,0.3304089605808258,0.3328329026699066
62842,4,04_Funk2-108-Eb_comp.jams,1018168,1,3,2,2,mixed_by_complete_group,2,2,0,0.19638004899024963,0.2426815927028656
62845,4,04_Funk2-108-Eb_comp.jams,1025515,3,3,4,4,local_rates_favor_correction_for_all_groups,4,4,0,0.2661028206348419,0.07304869592189789
62849,4,04_Funk2-108-Eb_comp.jams,1042332,4,3,3,4,keep,3,4,0,0.4275635778903961,0.050121136009693146
62854,4,04_Funk2-108-Eb_comp.jams,1060904,3,3,3,3,keep,3,3,0,0.5505291819572449,0.567870557308197
62858,4,04_Funk2-108-Eb_comp.jams,1079285,4,3,3,3,keep,3,3,0,0.3502366244792938,0.4635107219219208
62859,4,04_Funk2-108-Eb_comp.jams,1091283,2,2,2,2,keep,2,2,0,0.41167929768562317,0.21689480543136597
62861,4,04_Funk2-108-Eb_comp.jams,1098938,3,4,2,3,mixed_by_complete_group,3,2,1,0.08135463297367096,0.024367323145270348
62862,4,04_Funk2-108-Eb_comp.jams,1114796,4,3,3,3,keep,3,3,0,0.5345430374145508,0.7853832840919495
62872,4,04_Funk2-108-Eb_comp.jams,1138912,3,3,3,5,keep,3,3,0,0.3225212097167969,0.13956953585147858
62874,4,04_Funk2-108-Eb_comp.jams,1152022,3,2,2,2,keep,2,2,0,0.5738663077354431,0.6171779036521912
62877,4,04_Funk2-108-Eb_comp.jams,1158438,3,3,3,3,keep,3,3,0,0.42300331592559814,0.5350526571273804
62884,4,04_Funk2-108-Eb_comp.jams,1187755,4,3,3,3,keep,3,3,0,0.6414923667907715,0.780377984046936
62887,4,04_Funk2-108-Eb_comp.jams,1200460,4,3,3,3,keep,3,3,0,0.7172961235046387,0.7078737616539001
62890,4,04_Funk2-108-Eb_comp.jams,1211776,4,3,3,2,keep,3,2,0,0.4050724506378174,0.11978105455636978
62893,4,04_Funk2-108-Eb_comp.jams,1224711,3,4,4,4,keep,4,4,0,0.5163400769233704,0.7296478748321533
62896,4,04_Funk2-108-Eb_comp.jams,1237038,3,3,3,3,keep,3,3,0,0.5512887239456177,0.6986432671546936
62899,4,04_Funk2-108-Eb_comp.jams,1249814,4,3,3,3,keep,3,3,0,0.5691505074501038,0.598886251449585
62908,4,04_Funk2-108-Eb_comp.jams,1269438,3,3,3,2,keep,3,2,0,0.424884170293808,0.01867976225912571
62913,4,04_Funk2-108-Eb_comp.jams,1285924,2,3,2,2,mixed_by_complete_group,2,2,0,0.18262340128421783,0.06616152822971344
62914,4,04_Funk2-108-Eb_comp.jams,1287703,2,2,2,3,keep,2,2,0,0.3580375015735626,0.042195696383714676
62916,4,04_Funk2-108-Eb_comp.jams,1299104,0,3,2,2,mixed_by_complete_group,2,2,0,0.17842911183834076,0.016941338777542114
62918,4,04_Funk2-108-Eb_comp.jams,1305850,1,2,2,2,keep,2,2,0,0.16294267773628235,0.03870934993028641
62919,4,04_Funk2-108-Eb_comp.jams,1307620,2,2,2,2,keep,2,2,0,0.16378431022167206,0.26694950461387634
62922,4,04_Funk2-108-Eb_comp.jams,1324373,3,3,3,3,keep,3,3,0,0.37197190523147583,0.48889753222465515
62935,4,04_Funk2-108-Eb_comp.jams,1359543,4,3,3,3,keep,3,4,0,0.436515212059021,0.23401287198066711
62937,4,04_Funk2-108-Eb_comp.jams,1368219,1,2,2,2,keep,2,2,0,0.20764556527137756,0.14977619051933289
62940,4,04_Funk2-108-Eb_comp.jams,1384271,4,3,3,3,keep,3,3,0,0.5846579670906067,0.8912803530693054
62944,4,04_Funk2-108-Eb_comp.jams,1403968,3,2,3,3,local_rates_favor_correction_for_all_groups,3,3,0,0.2464924454689026,0.4602915942668915
62948,4,04_Funk2-108-Eb_comp.jams,1420917,2,3,3,3,keep,3,3,0,0.4408429265022278,0.5821612477302551
62958,4,04_Funk2-108-Eb_comp.jams,1458321,2,3,3,3,keep,3,3,0,0.4284956753253937,0.4065333306789398
62961,4,04_Funk2-108-Eb_comp.jams,1465745,0,2,2,2,keep,2,2,0,0.43106609582901,0.5663464069366455
62965,4,04_Funk2-108-Eb_comp.jams,1482010,3,3,3,3,keep,3,3,0,0.4306427836418152,0.2087639421224594
62970,4,04_Funk2-108-Eb_comp.jams,1500831,3,3,3,3,keep,3,3,0,0.5820838212966919,0.6965651512145996
62974,4,04_Funk2-108-Eb_comp.jams,1518932,4,3,3,3,keep,3,3,0,0.371336430311203,0.4778432846069336
62981,4,04_Funk2-108-Eb_comp.jams,1538236,3,3,3,3,keep,3,3,0,0.23088496923446655,0.16763940453529358
63047,4,04_Funk2-108-Eb_solo.jams,779835,0,2,2,2,keep,2,2,0,0.17260175943374634,0.07412052899599075
63071,4,04_Funk2-108-Eb_solo.jams,888225,1,2,2,2,keep,2,2,0,0.44244977831840515,0.28813719749450684
63127,4,04_Funk2-108-Eb_solo.jams,1231909,1,2,2,2,keep,2,2,0,0.3657981753349304,0.32333463430404663
65094,4,04_Jazz1-130-D_comp.jams,20329,4,3,3,2,keep,3,2,0,0.4791858494281769,0.2411821335554123
65100,4,04_Jazz1-130-D_comp.jams,40323,4,2,2,2,keep,2,2,0,0.7795845866203308,0.7879389524459839
65104,4,04_Jazz1-130-D_comp.jams,60677,4,3,3,3,keep,3,3,0,0.5112530589103699,0.50944584608078
65113,4,04_Jazz1-130-D_comp.jams,101783,4,3,3,4,keep,3,3,0,0.46680155396461487,0.3219124674797058
65119,4,04_Jazz1-130-D_comp.jams,122981,4,3,3,4,keep,4,4,1,0.39768463373184204,0.18140672147274017
65125,4,04_Jazz1-130-D_comp.jams,143474,4,3,3,3,keep,3,3,0,0.6940305829048157,0.7941460609436035
65130,4,04_Jazz1-130-D_comp.jams,156227,1,2,2,2,keep,2,2,0,0.25260117650032043,0.36272987723350525
65133,4,04_Jazz1-130-D_comp.jams,163309,4,2,2,2,keep,2,2,0,0.498494416475296,0.5468423366546631
65138,4,04_Jazz1-130-D_comp.jams,182665,4,3,3,3,keep,3,3,0,0.2462770789861679,0.4066726863384247
65145,4,04_Jazz1-130-D_comp.jams,204770,4,2,2,2,keep,2,2,0,0.680431604385376,0.8888618350028992
65148,4,04_Jazz1-130-D_comp.jams,225132,4,3,3,3,keep,3,3,0,0.4659655690193176,0.7520999312400818
65154,4,04_Jazz1-130-D_comp.jams,245669,3,3,3,3,keep,3,3,0,0.5178551077842712,0.8238199353218079
65159,4,04_Jazz1-130-D_comp.jams,264272,4,3,3,3,keep,3,3,0,0.44810062646865845,0.37325412034988403
65167,4,04_Jazz1-130-D_comp.jams,303969,4,4,4,3,keep,4,4,0,0.5354704856872559,0.3161289095878601
65174,4,04_Jazz1-130-D_comp.jams,326649,4,3,3,3,keep,3,3,0,0.45142993330955505,0.584247887134552
65179,4,04_Jazz1-130-D_comp.jams,346291,4,4,4,4,keep,4,4,0,0.5755706429481506,0.5598598122596741
65185,4,04_Jazz1-130-D_comp.jams,367068,4,3,3,3,keep,3,3,0,0.43454980850219727,0.41815873980522156
65191,4,04_Jazz1-130-D_comp.jams,385850,4,3,4,4,mixed_by_complete_group,4,4,0,0.1635109931230545,0.10379263758659363
65199,4,04_Jazz1-130-D_comp.jams,407583,3,2,2,2,keep,2,2,0,0.467282772064209,0.21568234264850616
65204,4,04_Jazz1-130-D_comp.jams,426546,4,3,3,3,keep,3,3,0,0.44320887327194214,0.35652121901512146
65218,4,04_Jazz1-130-D_comp.jams,467201,4,4,4,4,keep,4,4,0,0.16166101396083832,0.133845716714859
65223,4,04_Jazz1-130-D_comp.jams,476578,1,2,2,2,keep,2,2,0,0.24671036005020142,0.11414024978876114
65225,4,04_Jazz1-130-D_comp.jams,488335,3,2,2,2,keep,2,2,0,0.5002438426017761,0.4528772830963135
65232,4,04_Jazz1-130-D_comp.jams,507322,4,3,3,3,keep,3,3,0,0.4099389612674713,0.6187813878059387
65239,4,04_Jazz1-130-D_comp.jams,529455,4,2,2,2,keep,2,2,0,0.628527820110321,0.4193418025970459
65244,4,04_Jazz1-130-D_comp.jams,548776,4,3,4,3,mixed_by_complete_group,3,3,-1,0.325226366519928,0.3674450218677521
65251,4,04_Jazz1-130-D_comp.jams,569789,3,2,2,2,keep,2,2,0,0.5979115962982178,0.4699569642543793
65255,4,04_Jazz1-130-D_comp.jams,589147,4,4,4,4,keep,4,4,0,0.4768809974193573,0.5562730431556702
65262,4,04_Jazz1-130-D_comp.jams,611090,4,2,2,2,keep,2,2,0,0.5677111148834229,0.8725647330284119
65267,4,04_Jazz1-130-D_comp.jams,630105,4,4,3,3,mixed_by_complete_group,3,3,0,0.24934646487236023,0.12334103137254715
65275,4,04_Jazz1-130-D_comp.jams,651115,3,3,3,3,keep,3,3,0,0.6905441880226135,0.7663078308105469
65280,4,04_Jazz1-130-D_comp.jams,671143,4,4,4,4,keep,4,4,0,0.626440167427063,0.742761492729187
65285,4,04_Jazz1-130-D_comp.jams,691814,4,4,4,3,keep,4,3,0,0.4462023675441742,0.34282922744750977
65293,4,04_Jazz1-130-D_comp.jams,711373,4,3,2,2,local_rates_favor_regression_for_all_groups,2,2,0,0.39066633582115173,0.22899501025676727
65304,4,04_Jazz1-130-D_comp.jams,743838,3,3,3,3,keep,3,3,0,0.604854166507721,0.5263242125511169
65315,4,04_Jazz1-130-D_comp.jams,772677,4,3,2,2,mixed_by_complete_group,2,2,0,0.2887921631336212,0.08050604164600372
65323,4,04_Jazz1-130-D_comp.jams,793343,4,4,4,4,keep,4,4,0,0.5052934288978577,0.6995431780815125
65330,4,04_Jazz1-130-D_comp.jams,807497,1,3,2,2,mixed_by_complete_group,2,2,0,0.13338670134544373,0.08804187923669815
65332,4,04_Jazz1-130-D_comp.jams,813471,3,3,2,3,mixed_by_complete_group,3,3,1,0.37393587827682495,0.554759681224823
65339,4,04_Jazz1-130-D_comp.jams,833187,4,3,3,3,keep,4,3,1,0.27737751603126526,0.33347639441490173
65347,4,04_Jazz1-130-D_comp.jams,855505,4,3,3,3,keep,3,3,0,0.4568505585193634,0.4154123365879059
65353,4,04_Jazz1-130-D_comp.jams,875458,4,4,4,3,keep,4,4,0,0.28584030270576477,0.19172462821006775
65365,4,04_Jazz1-130-D_comp.jams,908383,4,4,4,3,keep,3,4,-1,0.31979265809059143,0.25499773025512695
65368,4,04_Jazz1-130-D_comp.jams,916937,0,2,2,2,keep,2,2,0,0.7297203540802002,0.7448473572731018
65371,4,04_Jazz1-130-D_comp.jams,936576,4,4,4,4,keep,4,4,0,0.5535064935684204,0.8390605449676514
65374,4,04_Jazz1-130-D_comp.jams,956175,4,4,4,4,keep,4,4,0,0.4699060916900635,0.15621358156204224
65388,4,04_Jazz1-130-D_solo.jams,164680,1,2,2,3,keep,2,3,0,0.4954540729522705,2.6369383704150096e-05
65456,4,04_Jazz1-130-D_solo.jams,815747,1,2,2,2,keep,2,2,0,0.24704672396183014,0.5317538380622864
66683,4,04_Jazz3-137-Eb_comp.jams,7,1,2,4,4,local_rates_favor_regression_for_all_groups,4,4,0,0.0734003409743309,0.0005878362571820617
66684,4,04_Jazz3-137-Eb_comp.jams,1774,3,3,3,3,keep,3,3,0,0.4920271933078766,0.44867759943008423
66693,4,04_Jazz3-137-Eb_comp.jams,29916,4,4,3,3,mixed_by_complete_group,3,3,0,0.373747855424881,0.1357579529285431
66697,4,04_Jazz3-137-Eb_comp.jams,39658,4,3,3,3,keep,3,3,0,0.42434215545654297,0.42286041378974915
66701,4,04_Jazz3-137-Eb_comp.jams,50281,4,4,2,2,local_rates_favor_correction_for_all_groups,2,2,0,0.3665572702884674,0.27043333649635315
66704,4,04_Jazz3-137-Eb_comp.jams,69336,4,4,4,2,keep,4,4,0,0.45181235671043396,0.2605464458465576
66706,4,04_Jazz3-137-Eb_comp.jams,86807,4,4,4,3,keep,4,3,0,0.5373409986495972,0.41514357924461365
66714,4,04_Jazz3-137-Eb_comp.jams,114762,4,4,4,3,keep,4,3,0,0.5554042458534241,0.3544692397117615
66716,4,04_Jazz3-137-Eb_comp.jams,131778,4,4,4,4,keep,4,4,0,0.5714932084083557,0.8929939270019531
66719,4,04_Jazz3-137-Eb_comp.jams,153261,4,4,4,4,keep,4,4,0,0.589531421661377,0.4784807860851288
66728,4,04_Jazz3-137-Eb_comp.jams,183764,4,4,4,3,keep,4,3,0,0.6011222004890442,0.4624554216861725
66731,4,04_Jazz3-137-Eb_comp.jams,192654,3,3,3,3,keep,3,3,0,0.4109862744808197,0.5735033750534058
66736,4,04_Jazz3-137-Eb_comp.jams,205202,4,4,4,4,keep,4,4,0,0.6148941516876221,0.8591915369033813
66740,4,04_Jazz3-137-Eb_comp.jams,242175,3,3,3,3,keep,3,3,0,0.4771290719509125,0.51478511095047
66748,4,04_Jazz3-137-Eb_comp.jams,270650,4,3,3,4,keep,3,4,0,0.41668105125427246,0.12795938551425934
66753,4,04_Jazz3-137-Eb_comp.jams,289492,4,3,4,4,mixed_by_complete_group,4,3,0,0.41643422842025757,0.43523627519607544
66759,4,04_Jazz3-137-Eb_comp.jams,307895,3,3,3,3,keep,3,3,0,0.598110020160675,0.27165019512176514
66760,4,04_Jazz3-137-Eb_comp.jams,309702,1,2,2,2,keep,2,2,0,0.5528954863548279,0.40724214911460876
66771,4,04_Jazz3-137-Eb_comp.jams,339408,4,4,3,4,local_rates_favor_correction_for_all_groups,3,3,0,0.43482309579849243,0.4608953893184662
66775,4,04_Jazz3-137-Eb_comp.jams,348711,4,3,3,3,keep,3,3,0,0.4012497365474701,0.478461354970932
66780,4,04_Jazz3-137-Eb_comp.jams,360047,4,3,2,2,mixed_by_complete_group,2,2,0,0.34227076172828674,0.4609156548976898
66784,4,04_Jazz3-137-Eb_comp.jams,376812,4,3,4,4,local_rates_favor_regression_for_all_groups,3,4,-1,0.3027152121067047,0.03513441979885101
66788,4,04_Jazz3-137-Eb_comp.jams,395660,4,4,3,4,mixed_by_complete_group,3,4,0,0.3040834963321686,0.49436113238334656
66797,4,04_Jazz3-137-Eb_comp.jams,423714,3,3,2,3,mixed_by_complete_group,2,3,0,0.4073149263858795,0.47790563106536865
66801,4,04_Jazz3-137-Eb_comp.jams,442604,4,4,3,4,local_rates_favor_regression_for_all_groups,3,4,0,0.45324429869651794,0.7276645302772522
66805,4,04_Jazz3-137-Eb_comp.jams,463010,4,3,3,4,keep,3,2,0,0.41944894194602966,0.23863041400909424
66814,4,04_Jazz3-137-Eb_comp.jams,493404,4,3,3,4,keep,3,4,0,0.4018217921257019,0.203144371509552
66822,4,04_Jazz3-137-Eb_comp.jams,514704,3,3,3,2,keep,3,2,0,0.4496142566204071,0.0958283394575119
66825,4,04_Jazz3-137-Eb_comp.jams,532521,3,3,4,4,local_rates_favor_regression_for_all_groups,4,4,0,0.4256168603897095,0.06489220261573792
66835,4,04_Jazz3-137-Eb_comp.jams,558466,2,2,2,2,keep,2,2,0,0.49538731575012207,0.2874869108200073
66842,4,04_Jazz3-137-Eb_comp.jams,578041,2,4,4,3,keep,4,3,0,0.4644715487957001,0.21749843657016754
66849,4,04_Jazz3-137-Eb_comp.jams,598423,2,2,2,3,keep,2,3,0,0.41226527094841003,0.26453110575675964
66853,4,04_Jazz3-137-Eb_comp.jams,615685,1,2,2,2,keep,2,2,0,0.09397438168525696,0.016363520175218582
66855,4,04_Jazz3-137-Eb_comp.jams,631052,3,3,3,3,keep,3,3,0,0.7703680396080017,0.6830047965049744
66859,4,04_Jazz3-137-Eb_comp.jams,648521,4,3,4,4,local_rates_favor_regression_for_all_groups,4,4,0,0.24844197928905487,0.32995861768722534
66869,4,04_Jazz3-137-Eb_comp.jams,669673,4,3,3,3,keep,3,3,0,0.5150517821311951,0.7865516543388367
66872,4,04_Jazz3-137-Eb_comp.jams,688163,3,4,3,3,local_rates_favor_correction_for_all_groups,3,3,0,0.29212120175361633,0.21126942336559296
66880,4,04_Jazz3-137-Eb_comp.jams,714673,3,3,2,2,local_rates_favor_regression_for_all_groups,2,2,0,0.40636059641838074,0.3903026282787323
66884,4,04_Jazz3-137-Eb_comp.jams,727779,2,2,2,2,keep,2,2,0,0.6638542413711548,0.4141692817211151
66898,4,04_Jazz3-137-Eb_comp.jams,783806,3,3,3,3,keep,2,3,-1,0.3459920287132263,0.5291143655776978
66907,4,04_Jazz3-137-Eb_comp.jams,823586,4,2,2,2,keep,2,2,0,0.40618839859962463,0.2205430269241333
66910,4,04_Jazz3-137-Eb_comp.jams,841751,4,3,3,4,keep,3,4,0,0.3302138149738312,0.1297108680009842
66920,4,04_Jazz3-137-Eb_comp.jams,867903,4,3,4,4,mixed_by_complete_group,4,4,0,0.36412572860717773,0.2466275840997696
66926,4,04_Jazz3-137-Eb_comp.jams,881473,4,3,4,4,local_rates_favor_correction_for_all_groups,4,4,0,0.22123754024505615,0.17599011957645416
66935,4,04_Jazz3-137-Eb_comp.jams,900518,1,2,2,3,keep,2,3,0,0.3866167366504669,0.1915103793144226
66945,4,04_Jazz3-137-Eb_comp.jams,920690,4,4,3,3,local_rates_favor_regression_for_all_groups,3,3,0,0.18251676857471466,0.07928785681724548
66956,4,04_Jazz3-137-Eb_comp.jams,958005,4,4,4,4,keep,4,4,0,0.508530855178833,0.6814493536949158
66965,4,04_Jazz3-137-Eb_comp.jams,978581,3,3,3,3,keep,3,3,0,0.3787955641746521,0.43830302357673645
66969,4,04_Jazz3-137-Eb_comp.jams,997196,4,4,4,4,keep,4,4,0,0.6277391314506531,0.7650948762893677
66977,4,04_Jazz3-137-Eb_comp.jams,1023818,3,4,3,4,local_rates_favor_regression_for_all_groups,3,3,0,0.24506239593029022,0.3861105740070343
66982,4,04_Jazz3-137-Eb_comp.jams,1036030,2,3,2,3,mixed_by_complete_group,2,3,0,0.24166232347488403,0.5297214388847351
66988,4,04_Jazz3-137-Eb_comp.jams,1056199,3,3,2,3,mixed_by_complete_group,2,3,0,0.2556494474411011,0.5433787703514099
66991,4,04_Jazz3-137-Eb_comp.jams,1075292,4,4,4,4,keep,4,4,0,0.5134403109550476,0.627494215965271
66993,4,04_Jazz3-137-Eb_comp.jams,1092833,4,4,4,3,keep,4,3,0,0.3868454098701477,0.17173054814338684
67002,4,04_Jazz3-137-Eb_comp.jams,1119873,3,3,3,3,keep,3,3,0,0.2746131122112274,0.4751565754413605
67007,4,04_Jazz3-137-Eb_comp.jams,1139777,4,4,4,4,keep,4,4,0,0.5741674900054932,0.5533357262611389
67011,4,04_Jazz3-137-Eb_comp.jams,1148606,1,2,2,2,keep,2,2,0,0.14689642190933228,0.09184373170137405
67012,4,04_Jazz3-137-Eb_comp.jams,1159060,4,4,3,3,local_rates_favor_correction_for_all_groups,3,3,0,0.37783995270729065,0.14333631098270416
67031,4,04_Jazz3-137-Eb_comp.jams,1229893,2,2,2,2,keep,2,2,0,0.5265414714813232,0.6407127976417542
67081,4,04_Jazz3-137-Eb_solo.jams,455449,2,2,2,2,keep,2,2,0,0.2349642515182495,0.38366633653640747
67139,4,04_Jazz3-137-Eb_solo.jams,1159612,2,3,3,2,keep,2,2,1,0.3470239043235779,0.004633274395018816
68142,4,04_Rock1-90-C#_comp.jams,1945,3,3,4,3,local_rates_favor_regression_for_all_groups,3,4,1,0.39579635858535767,0.36514440178871155
68150,4,04_Rock1-90-C#_comp.jams,30947,3,3,3,2,keep,3,2,0,0.5867944955825806,0.18227240443229675
68157,4,04_Rock1-90-C#_comp.jams,59231,3,3,3,3,keep,3,3,0,0.5385001301765442,0.45940184593200684
68169,4,04_Rock1-90-C#_comp.jams,87848,2,3,3,3,keep,3,3,0,0.5193530917167664,0.4514347314834595
68175,4,04_Rock1-90-C#_comp.jams,102159,3,3,2,2,mixed_by_complete_group,2,2,0,0.4104660749435425,0.2686466872692108
68187,4,04_Rock1-90-C#_comp.jams,146205,3,3,3,3,keep,3,3,0,0.41891899704933167,0.3673851490020752
68194,4,04_Rock1-90-C#_comp.jams,159305,1,2,2,2,keep,2,2,0,0.23795044422149658,0.0907125324010849
68196,4,04_Rock1-90-C#_comp.jams,175992,2,3,2,2,mixed_by_complete_group,2,2,0,0.16962189972400665,0.015184605494141579
68197,4,04_Rock1-90-C#_comp.jams,177768,1,2,2,2,keep,2,3,0,0.3251194953918457,0.09305659681558609
68205,4,04_Rock1-90-C#_comp.jams,205782,2,3,3,3,keep,3,3,0,0.5256858468055725,0.4177517890930176
68217,4,04_Rock1-90-C#_comp.jams,236609,3,3,3,3,keep,3,3,0,0.4592159688472748,0.388187974691391
68218,4,04_Rock1-90-C#_comp.jams,238436,0,2,2,2,keep,2,2,0,0.3479945659637451,0.3110444247722626
68231,4,04_Rock1-90-C#_comp.jams,265627,3,3,3,3,keep,3,3,0,0.4239146113395691,0.5545658469200134
68239,4,04_Rock1-90-C#_comp.jams,294626,3,3,4,4,mixed_by_complete_group,4,4,0,0.2794823944568634,0.27615973353385925
68248,4,04_Rock1-90-C#_comp.jams,324746,2,3,2,3,local_rates_favor_regression_for_all_groups,2,3,0,0.38469377160072327,0.5422946810722351
68254,4,04_Rock1-90-C#_comp.jams,338972,3,3,2,3,mixed_by_complete_group,2,3,0,0.44289588928222656,0.5304887890815735
68255,4,04_Rock1-90-C#_comp.jams,340871,0,2,2,2,keep,2,2,0,0.17745211720466614,0.1557735800743103
68267,4,04_Rock1-90-C#_comp.jams,380817,3,3,3,3,keep,3,3,0,0.43276530504226685,0.4066741168498993
68276,4,04_Rock1-90-C#_comp.jams,409242,1,2,2,2,keep,2,2,0,0.2714845538139343,0.15811945497989655
68277,4,04_Rock1-90-C#_comp.jams,411009,2,3,3,3,keep,3,3,0,0.5817185640335083,0.7646927833557129
68289,4,04_Rock1-90-C#_comp.jams,439718,3,2,3,2,mixed_by_complete_group,3,2,0,0.3558633327484131,0.49905791878700256
68290,4,04_Rock1-90-C#_comp.jams,441483,0,2,2,2,keep,2,2,0,0.34900182485580444,0.33851346373558044
68294,4,04_Rock1-90-C#_comp.jams,455253,1,2,2,2,keep,2,2,0,0.6548748016357422,0.7060503363609314
68295,4,04_Rock1-90-C#_comp.jams,469462,2,3,2,2,mixed_by_complete_group,3,2,-1,0.24695667624473572,0.08627613633871078
68296,4,04_Rock1-90-C#_comp.jams,471350,2,2,2,2,keep,2,2,0,0.49697551131248474,0.42359328269958496
68309,4,04_Rock1-90-C#_comp.jams,499402,2,3,2,3,mixed_by_complete_group,3,3,-1,0.4314138889312744,0.5841581225395203
68310,4,04_Rock1-90-C#_comp.jams,501476,1,2,2,2,keep,2,2,0,0.41488271951675415,0.3228902518749237
68323,4,04_Rock1-90-C#_comp.jams,529374,4,3,4,4,local_rates_favor_correction_for_all_groups,4,4,0,0.19351455569267273,0.10286758095026016
68337,4,04_Rock1-90-C#_comp.jams,557210,3,3,2,2,local_rates_favor_regression_for_all_groups,2,2,0,0.23541434109210968,0.038686398416757584
68338,4,04_Rock1-90-C#_comp.jams,559048,1,2,2,2,keep,2,2,0,0.5143115520477295,0.6118263602256775
68345,4,04_Rock1-90-C#_comp.jams,572949,3,2,2,2,keep,2,2,0,0.6189818978309631,0.6140335202217102
68351,4,04_Rock1-90-C#_comp.jams,585862,2,2,2,2,keep,2,2,0,0.5815548300743103,0.45412060618400574
68356,4,04_Rock1-90-C#_comp.jams,597521,0,2,2,2,keep,2,2,0,0.21953870356082916,0.13235874474048615
68365,4,04_Rock1-90-C#_comp.jams,615343,1,2,2,3,keep,2,3,0,0.15839117765426636,0.019069693982601166
68366,4,04_Rock1-90-C#_comp.jams,617120,4,2,4,4,local_rates_favor_regression_for_all_groups,4,4,0,0.2540875971317291,0.09475739300251007
68381,4,04_Rock1-90-C#_comp.jams,647398,4,3,3,4,keep,3,3,0,0.4336928129196167,0.21610097587108612
68387,4,04_Rock1-90-C#_comp.jams,659478,2,3,2,2,mixed_by_complete_group,2,2,0,0.10140111297369003,0.06101351976394653
68388,4,04_Rock1-90-C#_comp.jams,661352,2,2,2,2,keep,2,2,0,0.5526095628738403,0.5303077101707458
68395,4,04_Rock1-90-C#_comp.jams,676134,3,2,2,3,keep,2,2,0,0.3466576933860779,0.13318033516407013
68403,4,04_Rock1-90-C#_comp.jams,703751,3,3,3,3,keep,3,3,0,0.497687965631485,0.845477283000946
68411,4,04_Rock1-90-C#_comp.jams,734184,3,3,3,4,keep,3,3,0,0.4285987317562103,0.33697810769081116
68419,4,04_Rock1-90-C#_comp.jams,765228,3,3,3,3,keep,3,3,0,0.5759871602058411,0.4448539614677429
68429,4,04_Rock1-90-C#_comp.jams,793927,2,3,3,2,keep,3,2,0,0.5269392728805542,0.36879870295524597
68433,4,04_Rock1-90-C#_comp.jams,808797,3,2,2,2,keep,2,2,0,0.5095971822738647,0.658302903175354
68441,4,04_Rock1-90-C#_comp.jams,838160,2,2,2,2,keep,2,2,0,0.6428065299987793,0.6345166563987732
68446,4,04_Rock1-90-C#_comp.jams,851769,3,3,4,3,local_rates_favor_correction_for_all_groups,4,3,0,0.3815731704235077,0.5289568901062012
68458,4,04_Rock1-90-C#_comp.jams,879933,2,3,3,3,keep,3,3,0,0.4489355981349945,0.508468747138977
68465,4,04_Rock1-90-C#_comp.jams,893889,3,3,3,3,keep,3,3,0,0.5234969258308411,0.7900562286376953
68481,4,04_Rock1-90-C#_comp.jams,940909,4,3,3,3,keep,3,3,0,0.4480321705341339,0.3741738200187683
68488,4,04_Rock1-90-C#_comp.jams,956767,1,2,2,2,keep,2,2,0,0.4634298086166382,0.38688504695892334
68494,4,04_Rock1-90-C#_comp.jams,970087,3,3,2,2,mixed_by_complete_group,2,2,0,0.27093788981437683,0.1875579059123993
68495,4,04_Rock1-90-C#_comp.jams,972020,1,2,2,3,keep,2,2,0,0.44163215160369873,0.0996139794588089
68506,4,04_Rock1-90-C#_comp.jams,1000327,4,3,3,3,keep,3,3,0,0.37912794947624207,0.5175473093986511
68515,4,04_Rock1-90-C#_comp.jams,1027539,3,3,3,3,keep,3,3,0,0.46323761343955994,0.5536928772926331
68516,4,04_Rock1-90-C#_comp.jams,1029306,0,2,2,2,keep,2,2,0,0.6584967970848083,0.5403367280960083
68523,4,04_Rock1-90-C#_comp.jams,1041900,1,2,2,2,keep,2,2,0,0.2028864324092865,0.1912422478199005
68524,4,04_Rock1-90-C#_comp.jams,1056243,4,3,4,3,mixed_by_complete_group,3,4,-1,0.31712955236434937,0.30981069803237915
68540,4,04_Rock1-90-C#_comp.jams,1086873,4,3,3,3,keep,3,3,0,0.277750164270401,0.27222004532814026
68555,4,04_Rock1-90-C#_comp.jams,1115446,3,3,3,4,keep,3,4,0,0.38340091705322266,0.15251527726650238
68563,4,04_Rock1-90-C#_comp.jams,1132118,1,2,2,2,keep,2,2,0,0.3586328327655792,0.32555636763572693
68569,4,04_Rock1-90-C#_comp.jams,1144948,0,2,2,2,keep,2,2,0,0.45208215713500977,0.46480152010917664
68570,4,04_Rock1-90-C#_comp.jams,1146864,3,3,3,3,keep,3,3,0,0.3753710985183716,0.2206483781337738
68577,4,04_Rock1-90-C#_comp.jams,1178368,3,3,3,3,keep,3,3,0,0.6960195302963257,0.9210349917411804
68589,4,04_Rock1-90-C#_comp.jams,1206466,4,4,4,3,keep,4,3,0,0.48936527967453003,0.16628791391849518
68596,4,04_Rock1-90-C#_comp.jams,1220609,2,2,2,2,keep,2,2,0,0.08701500296592712,0.07086040079593658
68603,4,04_Rock1-90-C#_comp.jams,1235005,4,4,4,3,keep,4,3,0,0.3878231942653656,0.042401690036058426
68604,4,04_Rock1-90-C#_comp.jams,1236834,0,2,2,2,keep,2,2,0,0.5880966782569885,0.5591769218444824
68607,4,04_Rock1-90-C#_comp.jams,1242840,0,2,2,2,keep,2,2,0,0.018884118646383286,0.009155942127108574
68608,4,04_Rock1-90-C#_comp.jams,1244738,0,2,2,2,keep,2,2,0,0.07171407341957092,0.0695752203464508
68609,4,04_Rock1-90-C#_comp.jams,1246642,0,2,2,2,keep,2,2,0,0.10157196968793869,0.05865534022450447
68610,4,04_Rock1-90-C#_comp.jams,1248538,2,2,2,2,keep,2,2,0,0.38471776247024536,0.4211459755897522
68611,4,04_Rock1-90-C#_comp.jams,1250331,2,3,2,2,mixed_by_complete_group,2,2,0,0.23804865777492523,0.013742470182478428
68614,4,04_Rock1-90-C#_comp.jams,1255889,0,2,2,2,keep,2,2,0,0.012373722158372402,0.049173276871442795
68625,4,04_Rock1-90-C#_comp.jams,1278216,1,2,2,2,keep,2,2,0,0.6238180994987488,0.7194095253944397
68628,4,04_Rock1-90-C#_comp.jams,1284384,0,2,2,2,keep,2,2,0,0.3558101952075958,0.25381889939308167
68631,4,04_Rock1-90-C#_comp.jams,1291826,4,3,4,4,mixed_by_complete_group,4,4,0,0.3375144600868225,0.12345141917467117
68632,4,04_Rock1-90-C#_comp.jams,1293623,0,2,2,2,keep,2,2,0,0.5415598154067993,0.6493632793426514
68642,4,04_Rock1-90-C#_comp.jams,1322031,4,3,4,4,local_rates_favor_correction_for_all_groups,4,4,0,0.35797637701034546,0.038682788610458374
68649,4,04_Rock1-90-C#_comp.jams,1336158,3,3,4,5,mixed_by_complete_group,5,4,0,0.21468941867351532,0.13977326452732086
68650,4,04_Rock1-90-C#_comp.jams,1338090,1,2,2,2,keep,2,2,0,0.4795245826244354,0.6129711866378784
68655,4,04_Rock1-90-C#_comp.jams,1347877,0,2,2,2,keep,2,2,0,0.042281623929739,0.05997490882873535
68671,4,04_Rock1-90-C#_comp.jams,1381551,4,4,4,3,keep,4,3,0,0.4390562176704407,0.08824513852596283
68703,4,04_Rock1-90-C#_solo.jams,204903,1,2,2,2,keep,2,2,0,0.3689746558666229,0.461835652589798
68721,4,04_Rock1-90-C#_solo.jams,544515,1,2,2,2,keep,2,2,0,0.6395457983016968,0.7185015082359314
68796,4,04_Rock1-90-C#_solo.jams,1155799,0,2,2,2,keep,2,2,0,0.22785097360610962,0.3180288076400757
72379,4,04_SS2-107-Ab_comp.jams,16,2,3,3,3,keep,3,3,0,0.6872139573097229,0.5385504364967346
72396,4,04_SS2-107-Ab_comp.jams,49687,2,3,2,3,local_rates_favor_regression_for_all_groups,2,3,0,0.3725406229496002,0.47861620783805847
72407,4,04_SS2-107-Ab_comp.jams,100242,3,3,3,2,keep,3,2,0,0.5253851413726807,0.15435989201068878
72408,4,04_SS2-107-Ab_comp.jams,110860,1,2,2,2,keep,2,2,0,0.3744874596595764,0.2436542958021164
72430,4,04_SS2-107-Ab_comp.jams,173615,1,2,2,2,keep,2,2,0,0.32194337248802185,0.3761332333087921
72436,4,04_SS2-107-Ab_comp.jams,199441,2,3,3,2,keep,3,2,0,0.40192097425460815,0.32497677206993103
72441,4,04_SS2-107-Ab_comp.jams,223073,1,2,2,2,keep,2,2,0,0.47336825728416443,0.5196018218994141
72444,4,04_SS2-107-Ab_comp.jams,231017,1,2,2,2,keep,2,2,0,0.44713228940963745,0.3956455886363983
72448,4,04_SS2-107-Ab_comp.jams,242486,0,2,2,2,keep,2,2,0,0.15836893022060394,0.1642398238182068
72450,4,04_SS2-107-Ab_comp.jams,247930,1,3,3,2,keep,2,3,0,0.33739450573921204,0.33871808648109436
72451,4,04_SS2-107-Ab_comp.jams,253386,0,2,2,2,keep,2,2,0,0.3631564974784851,0.255854070186615
72452,4,04_SS2-107-Ab_comp.jams,260074,1,3,3,3,keep,3,3,0,0.4523790776729584,0.38493213057518005
72457,4,04_SS2-107-Ab_comp.jams,274742,1,2,2,2,keep,2,2,0,0.3676413893699646,0.4144366383552551
72460,4,04_SS2-107-Ab_comp.jams,280356,0,2,2,2,keep,2,2,0,0.5670428276062012,0.35972103476524353
72463,4,04_SS2-107-Ab_comp.jams,297586,2,3,3,3,keep,3,3,0,0.4644430875778198,0.47222715616226196
72471,4,04_SS2-107-Ab_comp.jams,332939,1,2,2,2,keep,2,2,0,0.2621346116065979,0.2395029067993164
72475,4,04_SS2-107-Ab_comp.jams,346513,2,2,3,3,local_rates_favor_regression_for_all_groups,3,2,0,0.34339937567710876,0.36937713623046875
72482,4,04_SS2-107-Ab_comp.jams,382727,2,2,2,2,keep,2,2,0,0.199827179312706,0.11865974217653275
72485,4,04_SS2-107-Ab_comp.jams,396311,2,4,4,4,keep,4,4,0,0.6056559085845947,0.44559749960899353
72487,4,04_SS2-107-Ab_comp.jams,407734,1,2,2,4,keep,2,4,0,0.4403100609779358,0.015311106108129025
72494,4,04_SS2-107-Ab_comp.jams,427409,1,2,2,2,keep,2,2,0,0.2616059184074402,0.13563323020935059
72499,4,04_SS2-107-Ab_comp.jams,444599,4,2,2,3,keep,2,3,0,0.37205639481544495,0.1006077229976654
72505,4,04_SS2-107-Ab_comp.jams,456576,0,2,2,2,keep,2,2,0,0.3223245441913605,0.1935550570487976
72508,4,04_SS2-107-Ab_comp.jams,463396,1,2,2,2,keep,2,2,0,0.3126937448978424,0.23824307322502136
72519,4,04_SS2-107-Ab_comp.jams,495912,2,4,4,4,keep,4,4,0,0.4792058765888214,0.47261112928390503
72542,4,04_SS2-107-Ab_comp.jams,594424,2,2,2,3,keep,2,2,0,0.32151827216148376,0.09969057142734528
72551,4,04_SS2-107-Ab_comp.jams,624447,1,2,2,2,keep,2,2,0,0.429747074842453,0.5462623834609985
72556,4,04_SS2-107-Ab_comp.jams,644117,2,3,3,3,keep,3,3,0,0.4737747311592102,0.48331835865974426
72558,4,04_SS2-107-Ab_comp.jams,655383,0,2,2,2,keep,2,2,0,0.54807049036026,0.516523540019989
72572,4,04_SS2-107-Ab_comp.jams,693090,2,2,2,3,keep,2,3,0,0.2978953421115875,0.18909277021884918
72584,4,04_SS2-107-Ab_comp.jams,724305,1,3,2,2,mixed_by_complete_group,3,2,0,0.28516680002212524,0.0058141713961958885
72586,4,04_SS2-107-Ab_comp.jams,731063,1,2,2,2,keep,2,2,0,0.02274300344288349,0.049879517406225204
72591,4,04_SS2-107-Ab_comp.jams,742284,1,2,3,3,mixed_by_complete_group,3,3,0,0.34818705916404724,0.41633209586143494
72594,4,04_SS2-107-Ab_comp.jams,756417,1,3,2,2,mixed_by_complete_group,3,2,0,0.1288335770368576,0.01063021644949913
72601,4,04_SS2-107-Ab_comp.jams,774886,1,2,2,2,keep,2,2,0,0.46824610233306885,0.5970074534416199
72603,4,04_SS2-107-Ab_comp.jams,792493,3,3,3,2,keep,3,3,0,0.4744575619697571,0.29471200704574585
72615,4,04_SS2-107-Ab_comp.jams,823523,1,3,3,2,keep,3,2,0,0.5135576725006104,0.31593185663223267
72636,4,04_SS2-107-Ab_comp.jams,874491,1,2,2,2,keep,2,2,0,0.5653688311576843,0.5767914652824402
72639,4,04_SS2-107-Ab_comp.jams,891213,3,2,2,2,keep,2,2,0,0.45766010880470276,0.19046877324581146
72662,4,04_SS2-107-Ab_comp.jams,959160,1,2,2,2,keep,2,2,0,0.17624911665916443,0.16600199043750763
72669,4,04_SS2-107-Ab_comp.jams,977134,0,2,2,2,keep,2,2,0,0.11338358372449875,0.11538826674222946
72673,4,04_SS2-107-Ab_comp.jams,991430,3,2,2,2,keep,2,3,0,0.288339763879776,0.17186611890792847
72675,4,04_SS2-107-Ab_comp.jams,1003990,1,2,2,2,keep,2,2,0,0.66376131772995,0.5500192642211914
72682,4,04_SS2-107-Ab_comp.jams,1022736,1,3,3,2,keep,3,3,0,0.14890362322330475,0.03700968623161316
72684,4,04_SS2-107-Ab_comp.jams,1028911,1,2,2,2,keep,2,2,0,0.3308161199092865,0.25507089495658875
72687,4,04_SS2-107-Ab_comp.jams,1040218,2,2,3,2,local_rates_favor_regression_for_all_groups,2,3,1,0.3817284107208252,0.24878762662410736
72689,4,04_SS2-107-Ab_comp.jams,1052649,1,2,2,2,keep,2,2,0,0.48322102427482605,0.39945489168167114
72691,4,04_SS2-107-Ab_comp.jams,1058586,1,2,2,2,keep,2,2,0,0.28424087166786194,0.18400751054286957
72697,4,04_SS2-107-Ab_comp.jams,1071738,1,2,2,2,keep,2,2,0,0.5274215936660767,0.2832741141319275
72700,4,04_SS2-107-Ab_comp.jams,1088932,2,3,3,2,keep,3,2,0,0.4866289794445038,0.1349233090877533
72723,4,04_SS2-107-Ab_comp.jams,1161059,1,2,2,2,keep,2,2,0,0.28438684344291687,0.24402908980846405
72730,4,04_SS2-107-Ab_comp.jams,1187451,2,3,2,2,local_rates_favor_regression_for_all_groups,2,2,0,0.32112324237823486,0.16782432794570923
72745,4,04_SS2-107-Ab_comp.jams,1236539,2,2,2,2,keep,2,2,0,0.38184571266174316,0.056321412324905396
72751,4,04_SS2-107-Ab_comp.jams,1249123,1,2,3,3,mixed_by_complete_group,3,3,0,0.19476820528507233,0.10928894579410553
72753,4,04_SS2-107-Ab_comp.jams,1256187,1,3,2,3,mixed_by_complete_group,2,3,0,0.19365790486335754,0.25660470128059387
72759,4,04_SS2-107-Ab_comp.jams,1268971,0,2,3,3,local_rates_favor_correction_for_all_groups,3,3,0,0.1794600635766983,0.008227027952671051
72761,4,04_SS2-107-Ab_comp.jams,1273087,0,3,3,3,keep,3,3,0,0.2900436818599701,0.7896624207496643
72769,4,04_SS2-107-Ab_comp.jams,1310097,1,3,2,2,mixed_by_complete_group,2,2,0,0.13367079198360443,0.03801613301038742
72776,4,04_SS2-107-Ab_comp.jams,1336377,2,3,3,3,keep,3,3,0,0.6971247792243958,0.49843457341194153
72778,4,04_SS2-107-Ab_comp.jams,1355119,0,2,2,2,keep,2,2,0,0.3031335175037384,0.27702969312667847
72781,4,04_SS2-107-Ab_comp.jams,1368393,1,2,2,2,keep,2,2,0,0.6795785427093506,0.449466735124588
72783,4,04_SS2-107-Ab_comp.jams,1385249,2,2,2,3,keep,2,3,0,0.24815601110458374,0.066055066883564
72787,4,04_SS2-107-Ab_comp.jams,1416507,1,2,2,2,keep,2,2,0,0.2941737473011017,0.2550341784954071
72789,4,04_SS2-107-Ab_comp.jams,1423775,1,3,2,2,mixed_by_complete_group,2,2,0,0.03855399787425995,0.0001771666284184903
72794,4,04_SS2-107-Ab_comp.jams,1435867,2,2,3,3,mixed_by_complete_group,3,3,0,0.2516702711582184,0.20666347444057465
72803,4,04_SS2-107-Ab_comp.jams,1485764,2,3,3,3,keep,3,3,0,0.5035393238067627,0.29718682169914246
72812,4,04_SS2-107-Ab_comp.jams,1514843,0,2,2,2,keep,2,2,0,0.5508370995521545,0.3636080324649811
72860,4,04_SS2-107-Ab_solo.jams,322126,1,2,2,2,keep,2,2,0,0.5095232129096985,0.10006636381149292
72888,4,04_SS2-107-Ab_solo.jams,636124,1,2,2,2,keep,2,2,0,0.11863376200199127,0.11665336787700653
