global_index,fold,piece,recording_id,start_sample,truth,baseline,original_K,calibrated_K,best_alternative_K,correct_alternative_available,gain_before,gain_after,family_before,family_after
2256,4,Funk2-108-Eb,00_Funk2-108-Eb_comp.jams,269218,5,3,4,4,4,False,0.7934600114822388,0.48285610031792947,no_correct_alternative,no_correct_alternative
19710,1,Funk2-119-G,01_Funk2-119-G_comp.jams,979359,3,4,2,2,2,False,0.838441014289856,0.4747646515636071,no_correct_alternative,no_correct_alternative
66074,2,Jazz2-110-Bb,04_Jazz2-110-Bb_comp.jams,1009846,4,4,2,2,2,False,0.883048415184021,0.4511711408117379,regression,regression
8326,2,Rock1-130-A,00_Rock1-130-A_comp.jams,733863,3,4,2,2,2,False,0.7012872695922852,0.4069018093430137,no_correct_alternative,no_correct_alternative
5920,2,Jazz2-110-Bb,00_Jazz2-110-Bb_comp.jams,489103,0,3,2,2,2,False,0.7925840616226196,0.4056158573887246,no_correct_alternative,no_correct_alternative
2289,4,Funk2-108-Eb,00_Funk2-108-Eb_comp.jams,399617,3,3,2,2,2,False,0.5463168621063232,0.39769522776227084,regression,regression
10544,2,Rock2-85-F,00_Rock2-85-F_comp.jams,357552,3,4,2,2,2,False,0.6362438797950745,0.3943954016857951,no_correct_alternative,no_correct_alternative
1157,1,BN3-154-E,00_BN3-154-E_comp.jams,592579,5,4,3,3,3,False,0.692699670791626,0.3919588438112086,no_correct_alternative,no_correct_alternative
8190,2,Rock1-130-A,00_Rock1-130-A_comp.jams,410951,3,3,2,2,2,False,0.6266839504241943,0.3844238405021614,regression,regression
2566,4,Funk2-108-Eb,00_Funk2-108-Eb_comp.jams,1170495,0,3,2,2,2,False,0.5755766034126282,0.3794211809016553,no_correct_alternative,no_correct_alternative
14598,4,SS2-107-Ab,00_SS2-107-Ab_comp.jams,1497124,1,3,2,2,2,False,0.30729085206985474,0.3709379665852606,no_correct_alternative,no_correct_alternative
62761,4,Funk2-108-Eb,04_Funk2-108-Eb_comp.jams,753794,3,3,2,2,2,False,0.4968796372413635,0.36463021775570814,regression,regression
12494,0,Rock3-148-C,00_Rock3-148-C_comp.jams,487214,4,4,2,2,2,False,0.5014016628265381,0.3584285808341482,regression,regression
72789,4,SS2-107-Ab,04_SS2-107-Ab_comp.jams,1423775,1,3,2,2,2,False,0.4079148471355438,0.3547472264188986,no_correct_alternative,no_correct_alternative
18777,2,Funk1-114-Ab,01_Funk1-114-Ab_solo.jams,830738,1,3,2,2,2,False,0.7729489803314209,0.35441125828293973,no_correct_alternative,no_correct_alternative
12333,0,Rock3-148-C,00_Rock3-148-C_comp.jams,139459,5,3,2,2,2,False,0.6827538013458252,0.35107733784568484,no_correct_alternative,no_correct_alternative
2420,4,Funk2-108-Eb,00_Funk2-108-Eb_comp.jams,777960,1,2,3,3,3,False,0.5446692109107971,0.3503145163765847,no_correct_alternative,no_correct_alternative
51484,4,Jazz1-130-D,03_Jazz1-130-D_comp.jams,328528,0,3,2,2,2,False,0.2877197563648224,0.349974740601325,no_correct_alternative,no_correct_alternative
14191,4,SS2-107-Ab,00_SS2-107-Ab_comp.jams,290204,1,3,2,2,2,False,0.6346544027328491,0.3491818165588566,no_correct_alternative,no_correct_alternative
69578,2,Rock2-85-F,04_Rock2-85-F_comp.jams,575308,1,4,2,2,2,False,0.7266138195991516,0.3485435376893464,no_correct_alternative,no_correct_alternative
8688,4,Rock1-90-C#,00_Rock1-90-C#_comp.jams,4,5,3,4,4,4,False,0.4654569625854492,0.34546626735755354,no_correct_alternative,no_correct_alternative
12531,0,Rock3-148-C,00_Rock3-148-C_comp.jams,567817,5,3,2,2,2,False,0.6978504657745361,0.3430803268608017,no_correct_alternative,no_correct_alternative
47992,0,BN2-166-Ab,03_BN2-166-Ab_comp.jams,72224,4,4,2,2,2,False,0.8074588775634766,0.3403488250922785,regression,regression
58909,4,SS2-107-Ab,03_SS2-107-Ab_comp.jams,1513621,1,3,2,2,2,False,0.4719776213169098,0.3388116077200871,no_correct_alternative,no_correct_alternative
43111,0,Rock3-148-C,02_Rock3-148-C_comp.jams,354487,3,3,2,2,2,False,0.7441792488098145,0.33677178278968606,regression,regression
20139,1,Funk3-112-C#,01_Funk3-112-C#_comp.jams,544742,0,3,2,2,2,False,0.5179881453514099,0.3353815293680714,no_correct_alternative,no_correct_alternative
53554,0,Jazz3-150-C,03_Jazz3-150-C_comp.jams,861252,1,4,2,2,2,False,0.6011592745780945,0.32983365959693983,no_correct_alternative,no_correct_alternative
12715,0,Rock3-148-C,00_Rock3-148-C_comp.jams,976146,5,3,2,2,2,False,0.5822869539260864,0.3264462104889763,no_correct_alternative,no_correct_alternative
43268,0,Rock3-148-C,02_Rock3-148-C_comp.jams,703355,3,3,2,2,2,False,0.5689213871955872,0.3260799938792541,regression,regression
41556,2,Rock2-85-F,02_Rock2-85-F_comp.jams,487938,1,3,2,2,2,False,0.7029311060905457,0.32589693745916304,no_correct_alternative,no_correct_alternative
14627,4,SS2-107-Ab,00_SS2-107-Ab_comp.jams,1571601,0,3,2,2,2,False,0.16553831100463867,0.3250309533437094,no_correct_alternative,no_correct_alternative
58392,4,SS2-107-Ab,03_SS2-107-Ab_comp.jams,110290,3,3,2,2,2,False,0.6430587768554688,0.3210458531742206,regression,regression
62861,4,Funk2-108-Eb,04_Funk2-108-Eb_comp.jams,1098938,3,4,2,2,2,True,0.6137307286262512,0.31655424732834886,wrong_choice_despite_correct_alternative,wrong_choice_despite_correct_alternative
23067,4,Jazz3-137-Eb,01_Jazz3-137-Eb_comp.jams,31020,1,3,2,2,2,False,0.6058252453804016,0.3149735535187083,no_correct_alternative,no_correct_alternative
72594,4,SS2-107-Ab,04_SS2-107-Ab_comp.jams,756417,1,3,2,2,2,False,0.5680229067802429,0.3148885174216668,no_correct_alternative,no_correct_alternative
9184,4,Rock1-90-C#,00_Rock1-90-C#_comp.jams,1145732,6,3,4,4,4,False,0.6938543319702148,0.31119222002551705,no_correct_alternative,no_correct_alternative
9191,4,Rock1-90-C#,00_Rock1-90-C#_comp.jams,1160385,5,3,2,2,2,False,0.43297863006591797,0.3088887315866782,no_correct_alternative,no_correct_alternative
60066,1,SS3-98-C,03_SS3-98-C_comp.jams,143628,3,3,2,2,2,False,0.6269185543060303,0.3080510807881563,regression,regression
12645,0,Rock3-148-C,00_Rock3-148-C_comp.jams,834981,4,3,2,2,2,False,0.6961511969566345,0.3072811786217414,no_correct_alternative,no_correct_alternative
48816,2,Funk1-114-Ab,03_Funk1-114-Ab_comp.jams,267051,1,3,2,2,2,False,0.726961076259613,0.3060755961967574,no_correct_alternative,no_correct_alternative
32019,1,SS3-98-C,01_SS3-98-C_comp.jams,1432403,1,3,2,2,2,False,0.6670596599578857,0.30545123665495577,no_correct_alternative,no_correct_alternative
5196,4,Jazz1-130-D,00_Jazz1-130-D_comp.jams,385973,3,3,4,4,4,False,0.5096315145492554,0.30527816018820225,regression,regression
12360,0,Rock3-148-C,00_Rock3-148-C_comp.jams,198690,3,3,2,2,2,False,0.6412036418914795,0.30229815350830114,regression,regression
2869,1,Funk2-119-G,00_Funk2-119-G_comp.jams,29,6,3,4,4,4,False,0.5803747773170471,0.29980652242319505,no_correct_alternative,no_correct_alternative
18355,2,Funk1-114-Ab,01_Funk1-114-Ab_comp.jams,87774,3,3,2,2,2,False,0.6439250707626343,0.2991522236304142,regression,regression
12745,0,Rock3-148-C,00_Rock3-148-C_comp.jams,1042389,5,3,2,2,2,False,0.6538584232330322,0.29764117345097063,no_correct_alternative,no_correct_alternative
45164,4,SS2-107-Ab,02_SS2-107-Ab_comp.jams,1279754,0,3,2,2,2,False,0.4269639551639557,0.2974535263912554,no_correct_alternative,no_correct_alternative
18377,2,Funk1-114-Ab,01_Funk1-114-Ab_comp.jams,180949,3,3,2,2,2,False,0.6673202514648438,0.29667641767871333,regression,regression
54441,4,Rock1-90-C#,03_Rock1-90-C#_comp.jams,500238,3,3,4,4,4,False,0.5713168382644653,0.29621257103573395,regression,regression
63310,1,Funk2-119-G,04_Funk2-119-G_comp.jams,564084,3,4,2,2,2,False,0.6091566681861877,0.2953484404524922,no_correct_alternative,no_correct_alternative
6291,2,Jazz2-110-Bb,00_Jazz2-110-Bb_comp.jams,1521904,0,3,2,2,2,False,0.35318097472190857,0.29242164397233905,no_correct_alternative,no_correct_alternative
69757,2,Rock2-85-F,04_Rock2-85-F_comp.jams,1040311,1,4,2,2,2,False,0.6558864712715149,0.29204694743762305,no_correct_alternative,no_correct_alternative
65584,2,Jazz1-200-B,04_Jazz1-200-B_comp.jams,357637,4,4,2,2,2,False,0.6158300042152405,0.29119303662157114,regression,regression
48141,0,BN2-166-Ab,03_BN2-166-Ab_comp.jams,670270,1,4,2,2,2,False,0.4443088471889496,0.2906066564698518,no_correct_alternative,no_correct_alternative
12510,0,Rock3-148-C,00_Rock3-148-C_comp.jams,519216,6,4,2,2,2,False,0.6521183252334595,0.28975685464974454,no_correct_alternative,no_correct_alternative
61765,1,BN3-154-E,04_BN3-154-E_comp.jams,292950,1,4,2,2,2,False,0.18897537887096405,0.2878595950949953,no_correct_alternative,no_correct_alternative
29939,4,SS2-107-Ab,01_SS2-107-Ab_comp.jams,1100381,4,3,2,2,2,False,0.5050323605537415,0.2845043199560618,no_correct_alternative,no_correct_alternative
18381,2,Funk1-114-Ab,01_Funk1-114-Ab_comp.jams,198153,3,3,2,2,2,False,0.7072342038154602,0.2841400292824177,regression,regression
8918,4,Rock1-90-C#,00_Rock1-90-C#_comp.jams,541340,0,3,2,2,2,False,0.06664691865444183,0.283357154525535,no_correct_alternative,no_correct_alternative
12331,0,Rock3-148-C,00_Rock3-148-C_comp.jams,135205,3,3,2,2,2,False,0.6741272211074829,0.28259758177020877,regression,regression
57241,0,Rock3-148-C,03_Rock3-148-C_comp.jams,874615,1,4,2,2,2,False,0.6274367570877075,0.27584676628068494,no_correct_alternative,no_correct_alternative
24615,4,Rock1-90-C#,01_Rock1-90-C#_comp.jams,234248,2,3,4,4,4,True,0.6291815638542175,0.2756364165656695,wrong_choice_despite_correct_alternative,wrong_choice_despite_correct_alternative
69556,2,Rock2-85-F,04_Rock2-85-F_comp.jams,526421,1,4,2,2,2,False,0.23280645906925201,0.2734369285971979,no_correct_alternative,no_correct_alternative
58761,4,SS2-107-Ab,03_SS2-107-Ab_comp.jams,1100107,1,3,2,2,2,False,0.29642006754875183,0.2695667214600402,no_correct_alternative,no_correct_alternative
50307,1,Funk3-112-C#,03_Funk3-112-C#_comp.jams,508216,0,3,2,2,2,False,0.05392058938741684,0.268024900682774,no_correct_alternative,no_correct_alternative
23940,2,Rock1-130-A,01_Rock1-130-A_comp.jams,237698,0,3,2,2,2,False,0.3277014493942261,0.26760535076158143,no_correct_alternative,no_correct_alternative
9498,4,Rock1-90-C#,00_Rock1-90-C#_solo.jams,572589,2,2,3,3,3,False,0.505462646484375,0.2657819839386406,regression,regression
56132,2,Rock2-85-F,03_Rock2-85-F_comp.jams,1890795,1,3,2,2,2,False,0.6132254004478455,0.26449774283419736,no_correct_alternative,no_correct_alternative
71250,0,Rock3-148-C,04_Rock3-148-C_comp.jams,903518,4,4,5,5,5,False,0.7328973412513733,0.2605218510616193,regression,regression
5629,2,Jazz1-200-B,00_Jazz1-200-B_comp.jams,516788,2,4,3,3,3,True,0.31574445962905884,0.26029413322857875,wrong_choice_despite_correct_alternative,wrong_choice_despite_correct_alternative
8875,4,Rock1-90-C#,00_Rock1-90-C#_comp.jams,440270,0,3,2,2,2,False,0.4867745339870453,0.25980815048565226,no_correct_alternative,no_correct_alternative
6912,4,Jazz3-137-Eb,00_Jazz3-137-Eb_comp.jams,146553,4,3,2,2,2,False,0.5009368658065796,0.2592554031117245,no_correct_alternative,no_correct_alternative
48011,0,BN2-166-Ab,03_BN2-166-Ab_comp.jams,159267,1,4,2,2,2,False,0.5251057744026184,0.25890813391196676,no_correct_alternative,no_correct_alternative
1941,2,Funk1-114-Ab,00_Funk1-114-Ab_comp.jams,784616,4,3,2,2,2,False,0.2571605443954468,0.25870008376260195,no_correct_alternative,no_correct_alternative
7064,4,Jazz3-137-Eb,00_Jazz3-137-Eb_comp.jams,715483,1,2,3,3,3,False,0.2634265720844269,0.2584923878694386,no_correct_alternative,no_correct_alternative
38808,4,Jazz3-137-Eb,02_Jazz3-137-Eb_comp.jams,823179,2,2,3,3,3,False,0.46102404594421387,0.257818350423636,regression,regression
49441,4,Funk2-108-Eb,03_Funk2-108-Eb_comp.jams,1049361,3,3,2,2,2,False,0.395940363407135,0.2575515738983515,regression,regression
43075,0,Rock3-148-C,02_Rock3-148-C_comp.jams,270166,5,4,3,3,3,False,0.5885504484176636,0.257404962047701,no_correct_alternative,no_correct_alternative
51982,2,Jazz2-110-Bb,03_Jazz2-110-Bb_comp.jams,90572,0,4,2,2,2,False,0.13884450495243073,0.2566618896025422,no_correct_alternative,no_correct_alternative
19530,1,Funk2-119-G,01_Funk2-119-G_comp.jams,265334,0,3,2,2,2,False,0.19294026494026184,0.25577591941782934,no_correct_alternative,no_correct_alternative
62614,4,Funk2-108-Eb,04_Funk2-108-Eb_comp.jams,178859,2,2,3,3,3,False,0.38383379578590393,0.25561027513841345,regression,regression
74238,1,SS3-98-C,04_SS3-98-C_comp.jams,1147033,1,3,2,2,2,False,0.5988550782203674,0.2541522215002822,no_correct_alternative,no_correct_alternative
23181,4,Jazz3-137-Eb,01_Jazz3-137-Eb_comp.jams,494752,2,2,3,3,3,False,0.4431614875793457,0.25230822777653417,regression,regression
12527,0,Rock3-148-C,00_Rock3-148-C_comp.jams,554587,4,3,2,2,2,False,0.42745208740234375,0.2520215545226109,no_correct_alternative,no_correct_alternative
15751,1,SS3-98-C,00_SS3-98-C_comp.jams,49349,1,3,2,2,2,False,0.5424794554710388,0.2502969702288859,no_correct_alternative,no_correct_alternative
21529,4,Jazz1-130-D,01_Jazz1-130-D_comp.jams,704915,2,2,3,3,3,False,0.45167094469070435,0.2500365603822281,regression,regression
5141,4,Jazz1-130-D,00_Jazz1-130-D_comp.jams,215602,1,3,2,2,2,False,0.44165313243865967,0.248741532804779,no_correct_alternative,no_correct_alternative
50194,1,Funk3-112-C#,03_Funk3-112-C#_comp.jams,130476,2,2,3,3,3,False,0.5227147340774536,0.2469683755216689,regression,regression
56204,2,Rock2-85-F,03_Rock2-85-F_solo.jams,356094,1,3,2,2,2,False,0.5889426469802856,0.24652845439040857,no_correct_alternative,no_correct_alternative
6939,4,Jazz3-137-Eb,00_Jazz3-137-Eb_comp.jams,224202,3,3,2,2,2,False,0.47501176595687866,0.24610573665283883,regression,regression
64180,1,Funk3-112-C#,04_Funk3-112-C#_comp.jams,1282499,2,4,3,3,3,True,0.6936266422271729,0.24405739767264129,wrong_choice_despite_correct_alternative,wrong_choice_despite_correct_alternative
1958,2,Funk1-114-Ab,00_Funk1-114-Ab_comp.jams,825105,1,3,2,2,2,False,0.021283093839883804,0.24306707800191488,no_correct_alternative,no_correct_alternative
74337,1,SS3-98-C,04_SS3-98-C_comp.jams,1458577,3,4,2,2,2,False,0.5519931316375732,0.24256945515313116,no_correct_alternative,no_correct_alternative
9140,4,Rock1-90-C#,00_Rock1-90-C#_comp.jams,1056298,5,2,4,4,4,False,0.45702338218688965,0.24200176932833797,no_correct_alternative,no_correct_alternative
2474,4,Funk2-108-Eb,00_Funk2-108-Eb_comp.jams,928752,3,3,4,4,4,False,0.27689361572265625,0.24010217963889713,regression,regression
50511,1,Funk3-112-C#,03_Funk3-112-C#_comp.jams,1381913,2,3,4,4,4,False,0.5195550322532654,0.24008516346457165,no_correct_alternative,no_correct_alternative
2680,4,Funk2-108-Eb,00_Funk2-108-Eb_comp.jams,1495178,4,3,2,2,2,False,0.303562730550766,0.23997506235233662,no_correct_alternative,no_correct_alternative
10922,2,Rock2-85-F,00_Rock2-85-F_comp.jams,1198666,5,2,3,3,3,False,0.49922966957092285,0.23618915445122113,no_correct_alternative,no_correct_alternative
20104,1,Funk3-112-C#,01_Funk3-112-C#_comp.jams,378217,2,2,3,3,3,False,0.5131350755691528,0.2345088105393635,regression,regression
20159,1,Funk3-112-C#,01_Funk3-112-C#_comp.jams,661604,2,4,3,3,3,True,0.641746997833252,0.23311002993445507,wrong_choice_despite_correct_alternative,wrong_choice_despite_correct_alternative
26903,2,Rock2-85-F,01_Rock2-85-F_comp.jams,1788302,3,3,2,2,2,False,0.5368708372116089,0.2317027097395089,regression,regression
73935,1,SS3-98-C,04_SS3-98-C_comp.jams,252604,1,3,2,2,2,False,0.5061681270599365,0.23110792699052152,no_correct_alternative,no_correct_alternative
21457,4,Jazz1-130-D,01_Jazz1-130-D_comp.jams,406639,1,2,3,3,3,False,0.3516809046268463,0.23085959907427955,no_correct_alternative,no_correct_alternative
10743,2,Rock2-85-F,00_Rock2-85-F_comp.jams,793766,4,3,2,2,2,False,0.537729799747467,0.22733221282782573,no_correct_alternative,no_correct_alternative
30207,4,SS2-107-Ab,01_SS2-107-Ab_solo.jams,518689,1,3,2,2,2,False,0.3543475866317749,0.22698011275817745,no_correct_alternative,no_correct_alternative
10120,0,Rock2-142-D,00_Rock2-142-D_comp.jams,1159792,1,3,2,2,2,False,0.4825144112110138,0.2265875261636636,no_correct_alternative,no_correct_alternative
70096,2,Rock2-85-F,04_Rock2-85-F_comp.jams,1974786,1,3,2,2,2,False,0.3126998841762543,0.22612371324031236,no_correct_alternative,no_correct_alternative
44967,4,SS2-107-Ab,02_SS2-107-Ab_comp.jams,766455,4,3,2,2,2,False,0.43506357073783875,0.2252860655379029,no_correct_alternative,no_correct_alternative
69748,2,Rock2-85-F,04_Rock2-85-F_comp.jams,1009957,1,4,2,2,2,False,0.06718970835208893,0.2245193419464082,no_correct_alternative,no_correct_alternative
5360,4,Jazz1-130-D,00_Jazz1-130-D_comp.jams,866681,1,3,2,2,2,False,0.4033399522304535,0.22181628942597498,no_correct_alternative,no_correct_alternative
36145,1,Funk3-112-C#,02_Funk3-112-C#_solo.jams,1193453,2,4,3,3,3,True,0.6270571351051331,0.22180363012534468,wrong_choice_despite_correct_alternative,wrong_choice_despite_correct_alternative
54654,4,Rock1-90-C#,03_Rock1-90-C#_comp.jams,1015338,3,3,4,4,4,False,0.43731576204299927,0.2215534981045223,regression,regression
40534,4,Rock1-90-C#,02_Rock1-90-C#_comp.jams,773003,1,3,2,2,2,False,0.035240042954683304,0.2214591516527037,no_correct_alternative,no_correct_alternative
8068,2,Rock1-130-A,00_Rock1-130-A_comp.jams,82546,0,3,2,2,2,False,0.5641627311706543,0.2213900352870154,no_correct_alternative,no_correct_alternative
23258,4,Jazz3-137-Eb,01_Jazz3-137-Eb_comp.jams,831356,3,3,2,2,2,False,0.4193786382675171,0.22077454698519125,regression,regression
67081,4,Jazz3-137-Eb,04_Jazz3-137-Eb_solo.jams,455449,2,2,3,3,3,False,0.42164885997772217,0.22043838230839022,regression,regression
12654,0,Rock3-148-C,00_Rock3-148-C_comp.jams,853048,5,3,2,2,2,False,0.49083802103996277,0.2199840708066723,no_correct_alternative,no_correct_alternative
60086,1,SS3-98-C,03_SS3-98-C_comp.jams,183783,3,4,2,2,2,False,0.1903759241104126,0.21971195988164513,no_correct_alternative,no_correct_alternative
1072,1,BN3-154-E,00_BN3-154-E_comp.jams,319562,3,3,2,2,2,False,0.4282839894294739,0.2197114207356777,regression,regression
1279,1,BN3-154-E,00_BN3-154-E_comp.jams,988804,4,4,2,2,2,False,0.07619401812553406,0.21957567279493231,regression,regression
12687,0,Rock3-148-C,00_Rock3-148-C_comp.jams,917684,3,3,2,2,2,False,0.4766942262649536,0.2181678918328827,regression,regression
66780,4,Jazz3-137-Eb,04_Jazz3-137-Eb_comp.jams,360047,4,3,2,2,2,False,0.26261648535728455,0.21806061770388424,no_correct_alternative,no_correct_alternative
9936,0,Rock2-142-D,00_Rock2-142-D_comp.jams,740214,3,4,2,2,2,True,0.7894047498703003,0.2172293249783269,wrong_choice_despite_correct_alternative,wrong_choice_despite_correct_alternative
43396,0,Rock3-148-C,02_Rock3-148-C_comp.jams,997480,1,3,2,2,2,False,0.3428346812725067,0.21712467766363963,no_correct_alternative,no_correct_alternative
49925,1,Funk2-119-G,03_Funk2-119-G_comp.jams,1066804,3,3,2,2,2,False,0.46867966651916504,0.21528360556031245,regression,regression
58881,4,SS2-107-Ab,03_SS2-107-Ab_comp.jams,1435066,3,3,2,2,2,False,0.19452409446239471,0.21466720452464913,regression,regression
70066,2,Rock2-85-F,04_Rock2-85-F_comp.jams,1914019,1,3,2,2,2,False,0.2511986792087555,0.2137013402545198,no_correct_alternative,no_correct_alternative
65908,2,Jazz2-110-Bb,04_Jazz2-110-Bb_comp.jams,385761,1,4,2,2,2,False,0.12389165908098221,0.2104415159928445,no_correct_alternative,no_correct_alternative
15931,1,SS3-98-C,00_SS3-98-C_comp.jams,498861,1,3,2,2,2,False,0.32943034172058105,0.20955408805985307,no_correct_alternative,no_correct_alternative
14485,4,SS2-107-Ab,00_SS2-107-Ab_comp.jams,1132586,1,2,3,3,3,False,0.32595863938331604,0.20940079490568447,no_correct_alternative,no_correct_alternative
23594,0,Jazz3-150-C,01_Jazz3-150-C_comp.jams,476496,3,3,2,2,2,False,0.5746280550956726,0.20925332820942547,regression,regression
6974,4,Jazz3-137-Eb,00_Jazz3-137-Eb_comp.jams,378887,2,2,3,3,3,False,0.3915029466152191,0.207594050723166,regression,regression
3309,1,Funk2-119-G,00_Funk2-119-G_comp.jams,1111583,5,2,4,4,4,False,0.4575064778327942,0.2073314948501857,no_correct_alternative,no_correct_alternative
19007,4,Funk2-108-Eb,01_Funk2-108-Eb_comp.jams,766135,2,2,3,3,3,False,0.19662392139434814,0.20714647441530415,regression,regression
10983,2,Rock2-85-F,00_Rock2-85-F_comp.jams,1355082,3,3,2,2,2,False,0.4562663435935974,0.20504036706575057,regression,regression
12647,0,Rock3-148-C,00_Rock3-148-C_comp.jams,838781,4,3,2,2,2,False,0.42214930057525635,0.20470365941772767,no_correct_alternative,no_correct_alternative
58684,4,SS2-107-Ab,03_SS2-107-Ab_comp.jams,902852,3,3,2,2,2,False,0.2646697461605072,0.20366997909015902,regression,regression
58541,4,SS2-107-Ab,03_SS2-107-Ab_comp.jams,493756,1,3,2,2,2,False,0.39800751209259033,0.2029829078993023,no_correct_alternative,no_correct_alternative
69637,2,Rock2-85-F,04_Rock2-85-F_comp.jams,731322,1,3,2,2,2,False,0.5177565217018127,0.20259734160718174,no_correct_alternative,no_correct_alternative
54042,2,Rock1-130-A,03_Rock1-130-A_comp.jams,753980,1,3,2,2,2,False,0.5154264569282532,0.2017116110934415,no_correct_alternative,no_correct_alternative
37332,2,Jazz1-200-B,02_Jazz1-200-B_comp.jams,418739,1,3,2,2,2,False,0.005590404383838177,0.19968256100600967,no_correct_alternative,no_correct_alternative
7088,4,Jazz3-137-Eb,00_Jazz3-137-Eb_comp.jams,841521,3,3,2,2,2,False,0.3747735023498535,0.19799709435905533,regression,regression
38850,4,Jazz3-137-Eb,02_Jazz3-137-Eb_comp.jams,926804,1,2,3,3,3,False,0.37018531560897827,0.19784708475895516,no_correct_alternative,no_correct_alternative
3055,1,Funk2-119-G,00_Funk2-119-G_comp.jams,471061,0,2,3,3,3,False,0.38955751061439514,0.19679395277101921,no_correct_alternative,no_correct_alternative
72794,4,SS2-107-Ab,04_SS2-107-Ab_comp.jams,1435867,2,2,3,3,3,False,0.3853956162929535,0.19631227507903087,regression,regression
71952,0,SS1-68-E,04_SS1-68-E_comp.jams,1216774,1,3,2,2,2,False,0.38253167271614075,0.1957404460831173,no_correct_alternative,no_correct_alternative
14373,4,SS2-107-Ab,00_SS2-107-Ab_comp.jams,834213,1,3,2,2,2,False,0.12315317988395691,0.19534975730259396,no_correct_alternative,no_correct_alternative
8288,2,Rock1-130-A,00_Rock1-130-A_comp.jams,645846,4,4,3,3,3,False,0.4376280903816223,0.19493899310082563,regression,regression
55850,2,Rock2-85-F,03_Rock2-85-F_comp.jams,1072666,1,3,2,2,2,False,0.4524526000022888,0.19456892720919322,no_correct_alternative,no_correct_alternative
38013,2,Jazz2-110-Bb,02_Jazz2-110-Bb_comp.jams,1430930,1,3,2,2,2,False,0.6178027391433716,0.19412361219784738,no_correct_alternative,no_correct_alternative
10699,2,Rock2-85-F,00_Rock2-85-F_comp.jams,690821,1,3,2,2,2,False,0.43873852491378784,0.19330211618626097,no_correct_alternative,no_correct_alternative
24726,4,Rock1-90-C#,01_Rock1-90-C#_comp.jams,468969,5,3,4,4,4,False,0.31056129932403564,0.19266902797704025,no_correct_alternative,no_correct_alternative
2372,4,Funk2-108-Eb,00_Funk2-108-Eb_comp.jams,644989,4,3,2,2,2,False,0.10776346921920776,0.1921053323993033,no_correct_alternative,no_correct_alternative
20324,1,Funk3-112-C#,01_Funk3-112-C#_comp.jams,1305704,1,3,2,2,2,False,0.3818667232990265,0.19202403148984454,no_correct_alternative,no_correct_alternative
69978,2,Rock2-85-F,04_Rock2-85-F_comp.jams,1712227,0,3,2,2,2,False,0.3449363112449646,0.19178537353547667,no_correct_alternative,no_correct_alternative
3641,1,Funk3-112-C#,00_Funk3-112-C#_comp.jams,172078,0,3,2,2,2,False,0.3627300262451172,0.191306143536238,no_correct_alternative,no_correct_alternative
60206,1,SS3-98-C,03_SS3-98-C_comp.jams,466680,3,3,2,2,2,False,0.3766525387763977,0.19063972288088316,regression,regression
23169,4,Jazz3-137-Eb,01_Jazz3-137-Eb_comp.jams,443703,3,3,2,2,2,False,0.3572772741317749,0.1903327579855631,regression,regression
48826,2,Funk1-114-Ab,03_Funk1-114-Ab_comp.jams,298439,1,4,4,2,2,False,-0.0062463656067848206,0.18996849004550415,keep,no_correct_alternative
35513,1,Funk3-112-C#,02_Funk3-112-C#_comp.jams,7,3,3,4,4,4,False,0.42129045724868774,0.18886746780617086,regression,regression
1866,2,Funk1-114-Ab,00_Funk1-114-Ab_comp.jams,451648,4,2,3,3,3,False,0.48145678639411926,0.1887118110426153,no_correct_alternative,no_correct_alternative
1017,1,BN3-154-E,00_BN3-154-E_comp.jams,120846,1,3,2,2,2,False,0.12219451367855072,0.18830649937285104,no_correct_alternative,no_correct_alternative
3022,1,Funk2-119-G,00_Funk2-119-G_comp.jams,402317,1,3,4,4,4,False,0.5445291996002197,0.18743805864687846,no_correct_alternative,no_correct_alternative
12648,0,Rock3-148-C,00_Rock3-148-C_comp.jams,840553,2,2,3,3,3,False,0.504642128944397,0.18731090615286544,regression,regression
73965,1,SS3-98-C,04_SS3-98-C_comp.jams,345571,1,3,2,2,2,False,0.2854311764240265,0.1867635478937588,no_correct_alternative,no_correct_alternative
3352,1,Funk2-119-G,00_Funk2-119-G_comp.jams,1211026,4,2,3,3,3,False,0.386009156703949,0.18671821684296436,no_correct_alternative,no_correct_alternative
54472,4,Rock1-90-C#,03_Rock1-90-C#_comp.jams,573525,3,3,2,2,2,False,0.354451060295105,0.18669464734719182,regression,regression
63266,1,Funk2-119-G,04_Funk2-119-G_comp.jams,429335,2,2,3,3,3,False,0.400796115398407,0.1859540778165381,regression,regression
33373,1,BN3-154-E,02_BN3-154-E_comp.jams,1834,2,3,4,4,4,False,0.4098060131072998,0.1849518642063171,no_correct_alternative,no_correct_alternative
51612,4,Jazz1-130-D,03_Jazz1-130-D_comp.jams,893148,1,3,2,2,2,False,0.020668067038059235,0.18473036287588757,no_correct_alternative,no_correct_alternative
60370,1,SS3-98-C,03_SS3-98-C_comp.jams,829641,3,4,2,2,2,False,0.23745262622833252,0.18443417123507114,no_correct_alternative,no_correct_alternative
14631,4,SS2-107-Ab,00_SS2-107-Ab_solo.jams,5,1,2,3,3,3,False,0.3305479884147644,0.18397475803222993,no_correct_alternative,no_correct_alternative
4159,1,Funk3-112-C#,00_Funk3-112-C#_comp.jams,1500589,4,3,2,2,2,False,0.09603550285100937,0.18287099253791173,no_correct_alternative,no_correct_alternative
29764,4,SS2-107-Ab,01_SS2-107-Ab_comp.jams,383873,1,3,2,2,2,False,0.3605842590332031,0.1822143854976226,no_correct_alternative,no_correct_alternative
9296,4,Rock1-90-C#,00_Rock1-90-C#_comp.jams,1382162,5,3,2,2,2,False,0.34551796317100525,0.1817116331194892,no_correct_alternative,no_correct_alternative
34433,4,Funk2-108-Eb,02_Funk2-108-Eb_comp.jams,134500,1,2,3,3,3,False,0.11589924991130829,0.1813209097018265,no_correct_alternative,no_correct_alternative
18963,4,Funk2-108-Eb,01_Funk2-108-Eb_comp.jams,502813,3,3,2,2,2,False,0.244977205991745,0.18005560135384763,regression,regression
12727,0,Rock3-148-C,00_Rock3-148-C_comp.jams,1002494,3,3,2,2,2,False,0.21662744879722595,0.17955705372819195,regression,regression
3212,1,Funk2-119-G,00_Funk2-119-G_comp.jams,855653,3,3,2,2,2,False,0.40466052293777466,0.17946837679086303,regression,regression
63282,1,Funk2-119-G,04_Funk2-119-G_comp.jams,478261,3,3,4,4,4,False,0.4023970067501068,0.17831092805490356,regression,regression
23136,4,Jazz3-137-Eb,01_Jazz3-137-Eb_comp.jams,288579,1,3,2,2,2,False,0.27537381649017334,0.17755237336997198,no_correct_alternative,no_correct_alternative
2554,4,Funk2-108-Eb,00_Funk2-108-Eb_comp.jams,1124360,4,3,2,2,2,False,0.14267657697200775,0.17741439738961384,no_correct_alternative,no_correct_alternative
48014,0,BN2-166-Ab,03_BN2-166-Ab_comp.jams,200262,4,4,2,2,2,False,0.5731531381607056,0.17665932215485894,regression,regression
31659,1,SS3-98-C,01_SS3-98-C_comp.jams,622690,1,3,2,2,2,False,0.44105347990989685,0.17630312020581385,no_correct_alternative,no_correct_alternative
9066,4,Rock1-90-C#,00_Rock1-90-C#_comp.jams,879807,4,3,2,2,2,False,0.13710527122020721,0.17549789795360649,no_correct_alternative,no_correct_alternative
72584,4,SS2-107-Ab,04_SS2-107-Ab_comp.jams,724305,1,3,2,2,2,False,0.3090105652809143,0.17518246415574026,no_correct_alternative,no_correct_alternative
29973,4,SS2-107-Ab,01_SS2-107-Ab_comp.jams,1249872,0,3,2,2,2,False,0.0013345181941986084,0.1749199946069582,no_correct_alternative,no_correct_alternative
10482,2,Rock2-85-F,00_Rock2-85-F_comp.jams,208921,5,4,2,2,2,False,0.3676642179489136,0.17469347831083906,no_correct_alternative,no_correct_alternative
65513,2,Jazz1-200-B,04_Jazz1-200-B_comp.jams,132026,1,3,2,2,2,False,0.2557651102542877,0.17463354240547838,no_correct_alternative,no_correct_alternative
49212,4,Funk2-108-Eb,03_Funk2-108-Eb_comp.jams,134367,2,2,3,3,3,False,0.23053604364395142,0.17408880419278533,regression,regression
53849,2,Rock1-130-A,03_Rock1-130-A_comp.jams,273669,1,4,2,2,2,False,0.3638906478881836,0.17406268519077006,no_correct_alternative,no_correct_alternative
9808,0,Rock2-142-D,00_Rock2-142-D_comp.jams,434602,5,4,2,2,2,False,0.5919210910797119,0.17385343344880072,no_correct_alternative,no_correct_alternative
29991,4,SS2-107-Ab,01_SS2-107-Ab_comp.jams,1334312,0,2,3,3,3,False,0.2997925281524658,0.1738389031286577,no_correct_alternative,no_correct_alternative
8134,2,Rock1-130-A,00_Rock1-130-A_comp.jams,252740,3,3,2,2,2,False,0.4939998984336853,0.17332334341520067,regression,regression
48081,0,BN2-166-Ab,03_BN2-166-Ab_comp.jams,470748,1,4,2,2,2,False,0.4005642831325531,0.1721459079348754,no_correct_alternative,no_correct_alternative
8124,2,Rock1-130-A,00_Rock1-130-A_comp.jams,229223,3,3,2,2,2,False,0.45912203192710876,0.1721200654569227,regression,regression
70027,2,Rock2-85-F,04_Rock2-85-F_comp.jams,1835048,1,3,2,2,2,False,0.11094968020915985,0.1718461916660379,no_correct_alternative,no_correct_alternative
67370,0,Jazz3-150-C,04_Jazz3-150-C_comp.jams,734693,1,3,2,2,2,False,0.260195255279541,0.17181583569652162,no_correct_alternative,no_correct_alternative
65623,2,Jazz1-200-B,04_Jazz1-200-B_comp.jams,452123,0,3,2,2,2,False,0.09115829318761826,0.17166263040134813,no_correct_alternative,no_correct_alternative
5307,4,Jazz1-130-D,00_Jazz1-130-D_comp.jams,734380,4,4,3,3,3,False,0.3963138461112976,0.17109618361047157,regression,regression
31707,1,SS3-98-C,01_SS3-98-C_comp.jams,723161,3,3,2,2,2,False,0.31320786476135254,0.16980133397069,regression,regression
62842,4,Funk2-108-Eb,04_Funk2-108-Eb_comp.jams,1018168,1,3,2,2,2,False,0.15618805587291718,0.16963926372512264,no_correct_alternative,no_correct_alternative
9866,0,Rock2-142-D,00_Rock2-142-D_comp.jams,566788,4,3,2,2,2,False,0.6031973361968994,0.16937495974049138,no_correct_alternative,no_correct_alternative
66693,4,Jazz3-137-Eb,04_Jazz3-137-Eb_comp.jams,29916,4,4,3,3,3,False,0.22070714831352234,0.16935056822471084,regression,regression
5183,4,Jazz1-130-D,00_Jazz1-130-D_comp.jams,358751,3,3,4,4,4,False,0.2155180275440216,0.1692297668499955,regression,regression
1208,1,BN3-154-E,00_BN3-154-E_comp.jams,731022,4,2,3,3,3,False,0.3661130368709564,0.16826142773163255,no_correct_alternative,no_correct_alternative
55675,2,Rock2-85-F,03_Rock2-85-F_comp.jams,647096,3,3,2,2,2,False,0.458180695772171,0.1681195264070907,regression,regression
10716,2,Rock2-85-F,00_Rock2-85-F_comp.jams,737521,1,4,2,2,2,False,0.1428118795156479,0.1675906384812673,no_correct_alternative,no_correct_alternative
33683,1,BN3-154-E,02_BN3-154-E_comp.jams,893805,3,4,2,2,2,False,0.2049659639596939,0.16719846087607634,no_correct_alternative,no_correct_alternative
65672,2,Jazz1-200-B,04_Jazz1-200-B_comp.jams,594354,3,2,4,4,4,False,0.39986923336982727,0.16674290437759381,no_correct_alternative,no_correct_alternative
5220,4,Jazz1-130-D,00_Jazz1-130-D_comp.jams,438337,0,3,2,2,2,False,0.19381172955036163,0.1658958765575855,no_correct_alternative,no_correct_alternative
34505,4,Funk2-108-Eb,02_Funk2-108-Eb_comp.jams,410463,2,2,3,3,3,False,0.23468419909477234,0.16535645829140955,regression,regression
69527,2,Rock2-85-F,04_Rock2-85-F_comp.jams,435596,1,4,2,2,2,False,0.2872481346130371,0.16492245132385946,no_correct_alternative,no_correct_alternative
35782,1,Funk3-112-C#,02_Funk3-112-C#_comp.jams,1133222,2,2,3,3,3,False,0.40887451171875,0.16488998630178758,regression,regression
50516,1,Funk3-112-C#,03_Funk3-112-C#_comp.jams,1405982,2,3,4,4,4,False,0.34989291429519653,0.16488731079146735,no_correct_alternative,no_correct_alternative
37943,2,Jazz2-110-Bb,02_Jazz2-110-Bb_comp.jams,1226665,0,3,2,2,2,False,0.4568379819393158,0.1640752735178884,no_correct_alternative,no_correct_alternative
69969,2,Rock2-85-F,04_Rock2-85-F_comp.jams,1694477,1,3,2,2,2,False,0.4096486568450928,0.16354400198142832,no_correct_alternative,no_correct_alternative
37043,4,Jazz1-130-D,02_Jazz1-130-D_solo.jams,264914,1,2,3,3,3,False,0.202398419380188,0.16353528000422216,no_correct_alternative,no_correct_alternative
60615,1,SS3-98-C,03_SS3-98-C_comp.jams,1428469,0,3,2,2,2,False,0.015573647804558277,0.16279158942306796,no_correct_alternative,no_correct_alternative
67012,4,Jazz3-137-Eb,04_Jazz3-137-Eb_comp.jams,1159060,4,4,3,3,3,False,0.2591193914413452,0.16279103847553517,regression,regression
32121,1,SS3-98-C,01_SS3-98-C_comp.jams,1642933,2,2,3,3,3,False,0.2425157129764557,0.1623636829998485,regression,regression
63278,1,Funk2-119-G,04_Funk2-119-G_comp.jams,462249,2,2,3,3,3,False,0.3046225309371948,0.16198121406204907,regression,regression
66872,4,Jazz3-137-Eb,04_Jazz3-137-Eb_comp.jams,688163,3,4,2,2,2,False,0.295931339263916,0.16192559125669914,no_correct_alternative,no_correct_alternative
54115,2,Rock1-130-A,03_Rock1-130-A_comp.jams,936146,1,3,2,2,2,False,0.09504933655261993,0.16190759654364775,no_correct_alternative,no_correct_alternative
22252,2,Jazz2-110-Bb,01_Jazz2-110-Bb_comp.jams,665940,3,4,2,2,2,True,0.5251920819282532,0.16171820726666167,wrong_choice_despite_correct_alternative,wrong_choice_despite_correct_alternative
10704,2,Rock2-85-F,00_Rock2-85-F_comp.jams,701404,3,3,2,2,2,False,0.2839171290397644,0.1611628597970197,regression,regression
9176,4,Rock1-90-C#,00_Rock1-90-C#_comp.jams,1130282,5,3,2,2,2,False,0.05451659858226776,0.16114393963609155,no_correct_alternative,no_correct_alternative
69585,2,Rock2-85-F,04_Rock2-85-F_comp.jams,590481,1,3,2,2,2,False,0.11394624412059784,0.1607026386363892,no_correct_alternative,no_correct_alternative
62916,4,Funk2-108-Eb,04_Funk2-108-Eb_comp.jams,1299104,0,3,2,2,2,False,0.22201381623744965,0.16042797372224568,no_correct_alternative,no_correct_alternative
15972,1,SS3-98-C,00_SS3-98-C_comp.jams,607196,1,3,2,2,2,False,0.3535926342010498,0.1603630196702791,no_correct_alternative,no_correct_alternative
9133,4,Rock1-90-C#,00_Rock1-90-C#_comp.jams,1042615,6,4,5,5,5,False,0.41725704073905945,0.15982238448026273,no_correct_alternative,no_correct_alternative
32077,1,SS3-98-C,01_SS3-98-C_comp.jams,1553062,1,3,2,2,2,False,0.1654232293367386,0.1596213028722882,no_correct_alternative,no_correct_alternative
2418,4,Funk2-108-Eb,00_Funk2-108-Eb_comp.jams,770056,4,3,2,2,2,False,0.0037881359457969666,0.15905353873848,no_correct_alternative,no_correct_alternative
18590,2,Funk1-114-Ab,01_Funk1-114-Ab_comp.jams,1044881,2,2,3,3,3,False,0.48258861899375916,0.15896156675334827,regression,regression
19097,4,Funk2-108-Eb,01_Funk2-108-Eb_comp.jams,1200765,1,2,3,3,3,False,0.18265849351882935,0.15867259423480898,no_correct_alternative,no_correct_alternative
69624,2,Rock2-85-F,04_Rock2-85-F_comp.jams,699479,1,3,2,2,2,False,0.2608078718185425,0.15819095407166317,no_correct_alternative,no_correct_alternative
1658,1,BN3-154-E,00_BN3-154-E_solo.jams,962256,1,4,2,2,2,False,0.0060658762231469154,0.15790152051307338,no_correct_alternative,no_correct_alternative
72753,4,SS2-107-Ab,04_SS2-107-Ab_comp.jams,1256187,1,3,2,2,2,False,0.08420412242412567,0.15776513129293787,no_correct_alternative,no_correct_alternative
6940,4,Jazz3-137-Eb,00_Jazz3-137-Eb_comp.jams,242640,4,3,2,2,2,False,0.27164551615715027,0.15762414447039846,no_correct_alternative,no_correct_alternative
72769,4,SS2-107-Ab,04_SS2-107-Ab_comp.jams,1310097,1,3,2,2,2,False,0.04132489860057831,0.15744651939060858,no_correct_alternative,no_correct_alternative
9694,0,Rock2-142-D,00_Rock2-142-D_comp.jams,136526,3,4,2,2,2,False,0.2928227186203003,0.15709243970659173,no_correct_alternative,no_correct_alternative
31908,1,SS3-98-C,01_SS3-98-C_comp.jams,1187295,0,3,2,2,2,False,0.1192227303981781,0.15696825724570557,no_correct_alternative,no_correct_alternative
9088,4,Rock1-90-C#,00_Rock1-90-C#_comp.jams,932199,0,3,2,2,2,False,0.3179970681667328,0.15673459123013478,no_correct_alternative,no_correct_alternative
38027,2,Jazz2-110-Bb,02_Jazz2-110-Bb_comp.jams,1465510,3,3,2,2,2,False,0.47242051362991333,0.15668712564572856,regression,regression
70141,2,Rock2-85-F,04_Rock2-85-F_solo.jams,402679,2,2,3,3,3,False,0.38660430908203125,0.156571212091611,regression,regression
28146,0,Rock3-148-C,01_Rock3-148-C_comp.jams,277031,0,3,2,2,2,False,0.4631275534629822,0.15643213322998573,no_correct_alternative,no_correct_alternative
9075,4,Rock1-90-C#,00_Rock1-90-C#_comp.jams,901871,5,3,4,4,4,False,0.09098665416240692,0.1560971971411366,no_correct_alternative,no_correct_alternative
8730,4,Rock1-90-C#,00_Rock1-90-C#_comp.jams,93647,4,3,2,2,2,False,0.10994915664196014,0.1560720864429929,no_correct_alternative,no_correct_alternative
8901,4,Rock1-90-C#,00_Rock1-90-C#_comp.jams,501347,6,4,5,5,5,False,0.11590337753295898,0.15564653264610773,no_correct_alternative,no_correct_alternative
49542,4,Funk2-108-Eb,03_Funk2-108-Eb_comp.jams,1423915,3,3,2,2,2,False,0.21509867906570435,0.15481039872484048,regression,regression
63232,1,Funk2-119-G,04_Funk2-119-G_comp.jams,300187,4,4,3,3,3,False,0.3451865613460541,0.15421376086724037,regression,regression
31670,1,SS3-98-C,01_SS3-98-C_comp.jams,649341,3,3,2,2,2,False,0.390531986951828,0.15382166039939155,regression,regression
69779,2,Rock2-85-F,04_Rock2-85-F_comp.jams,1089065,1,4,2,2,2,False,0.20414374768733978,0.152999393391401,no_correct_alternative,no_correct_alternative
4155,1,Funk3-112-C#,00_Funk3-112-C#_comp.jams,1489106,5,2,3,3,3,False,0.3687809109687805,0.15293056057058574,no_correct_alternative,no_correct_alternative
8780,4,Rock1-90-C#,00_Rock1-90-C#_comp.jams,216076,0,3,3,2,2,False,-0.015697423368692398,0.15275902497749735,keep,no_correct_alternative
58393,4,SS2-107-Ab,03_SS2-107-Ab_comp.jams,112071,2,3,4,4,4,False,0.21932899951934814,0.15236862024690728,no_correct_alternative,no_correct_alternative
1294,1,BN3-154-E,00_BN3-154-E_comp.jams,1040949,5,4,3,3,3,False,0.38090476393699646,0.15228635548635988,no_correct_alternative,no_correct_alternative
8346,2,Rock1-130-A,00_Rock1-130-A_comp.jams,788847,4,4,2,2,2,False,0.2616814374923706,0.15222126389198812,regression,regression
41978,2,Rock2-85-F,02_Rock2-85-F_comp.jams,1774190,1,4,2,2,2,False,0.4482913613319397,0.15209574701450693,no_correct_alternative,no_correct_alternative
7337,4,Jazz3-137-Eb,00_Jazz3-137-Eb_solo.jams,734420,1,3,2,2,2,False,0.0016048522666096687,0.15100666322155437,no_correct_alternative,no_correct_alternative
61422,0,BN2-166-Ab,04_BN2-166-Ab_comp.jams,492073,4,2,3,3,3,False,0.47736239433288574,0.15099634825189684,no_correct_alternative,no_correct_alternative
61951,1,BN3-154-E,04_BN3-154-E_comp.jams,1038596,1,4,3,3,3,False,0.1638033241033554,0.15048732280861798,no_correct_alternative,no_correct_alternative
54059,2,Rock1-130-A,03_Rock1-130-A_comp.jams,792949,3,4,2,2,2,False,0.3893437385559082,0.15046215453485323,no_correct_alternative,no_correct_alternative
58436,4,SS2-107-Ab,03_SS2-107-Ab_comp.jams,210221,3,3,2,2,2,False,0.16746830940246582,0.1494166194765164,regression,regression
2266,4,Funk2-108-Eb,00_Funk2-108-Eb_comp.jams,312004,3,3,2,2,2,False,0.04085928201675415,0.14832023027510965,regression,regression
4141,1,Funk3-112-C#,00_Funk3-112-C#_comp.jams,1453860,5,2,3,3,3,False,0.3675483763217926,0.1480337345694926,no_correct_alternative,no_correct_alternative
49743,1,Funk2-119-G,03_Funk2-119-G_comp.jams,110976,3,3,2,2,2,False,0.2088577300310135,0.14778993919790684,regression,regression
2428,4,Funk2-108-Eb,00_Funk2-108-Eb_comp.jams,801694,4,2,3,3,3,False,0.1367911994457245,0.147689270807879,no_correct_alternative,no_correct_alternative
29337,0,SS1-68-E,01_SS1-68-E_comp.jams,1671114,1,3,2,2,2,False,0.6339489817619324,0.1472555941955997,no_correct_alternative,no_correct_alternative
25048,4,Rock1-90-C#,01_Rock1-90-C#_comp.jams,1160229,3,3,2,2,2,False,0.10235723853111267,0.14631127925900458,regression,regression
21878,2,Jazz1-200-B,01_Jazz1-200-B_comp.jams,510821,1,4,2,2,2,False,0.3738330006599426,0.14627396514832858,no_correct_alternative,no_correct_alternative
69138,0,Rock2-142-D,04_Rock2-142-D_comp.jams,791325,6,4,5,5,5,False,0.7065102458000183,0.14622368310613082,no_correct_alternative,no_correct_alternative
12673,0,Rock3-148-C,00_Rock3-148-C_comp.jams,890277,3,4,5,5,5,True,0.5949400663375854,0.1457201382167757,wrong_choice_despite_correct_alternative,wrong_choice_despite_correct_alternative
58474,4,SS2-107-Ab,03_SS2-107-Ab_comp.jams,309802,5,3,4,4,4,False,0.2853955626487732,0.14525201585104708,no_correct_alternative,no_correct_alternative
8775,4,Rock1-90-C#,00_Rock1-90-C#_comp.jams,205699,5,3,4,4,4,False,0.1455739289522171,0.1446406087504184,no_correct_alternative,no_correct_alternative
49767,1,Funk2-119-G,03_Funk2-119-G_comp.jams,222871,4,4,3,3,3,False,0.2584080696105957,0.144634896386872,regression,regression
18401,2,Funk1-114-Ab,01_Funk1-114-Ab_comp.jams,289716,3,3,2,2,2,False,0.5153576731681824,0.14404560347310302,regression,regression
18834,2,Funk1-114-Ab,01_Funk1-114-Ab_solo.jams,1044365,1,3,2,2,2,False,0.004308886826038361,0.1434949174701906,no_correct_alternative,no_correct_alternative
54634,4,Rock1-90-C#,03_Rock1-90-C#_comp.jams,970414,2,2,3,3,3,False,0.2719956636428833,0.1428511256019951,regression,regression
9032,4,Rock1-90-C#,00_Rock1-90-C#_comp.jams,801130,2,2,3,3,3,False,0.09132319688796997,0.14272972492760466,regression,regression
69883,2,Rock2-85-F,04_Rock2-85-F_comp.jams,1462568,1,4,2,2,2,False,0.23600582778453827,0.14205383993400109,no_correct_alternative,no_correct_alternative
18405,2,Funk1-114-Ab,01_Funk1-114-Ab_comp.jams,307490,3,3,2,2,2,False,0.023983046412467957,0.1415041668813419,regression,regression
12725,0,Rock3-148-C,00_Rock3-148-C_comp.jams,997948,5,4,3,3,3,False,0.3637908101081848,0.14115526224206226,no_correct_alternative,no_correct_alternative
36166,1,Funk3-112-C#,02_Funk3-112-C#_solo.jams,1311287,1,3,2,2,2,False,0.11313877999782562,0.1405682269808187,no_correct_alternative,no_correct_alternative
9237,4,Rock1-90-C#,00_Rock1-90-C#_comp.jams,1255525,3,3,2,2,2,False,0.02498677372932434,0.14040028353008485,regression,regression
49287,4,Funk2-108-Eb,03_Funk2-108-Eb_comp.jams,439988,2,3,4,4,4,True,0.1844174563884735,0.1403317852040563,wrong_choice_despite_correct_alternative,wrong_choice_despite_correct_alternative
12408,0,Rock3-148-C,00_Rock3-148-C_comp.jams,309660,1,4,2,2,2,False,0.0401785746216774,0.1397858753918373,no_correct_alternative,no_correct_alternative
32155,1,SS3-98-C,01_SS3-98-C_comp.jams,1709475,3,3,2,2,2,False,0.36234980821609497,0.13978258859168796,regression,regression
62639,4,Funk2-108-Eb,04_Funk2-108-Eb_comp.jams,276297,2,2,3,3,3,False,0.08404472470283508,0.1397397794156862,regression,regression
24608,4,Rock1-90-C#,01_Rock1-90-C#_comp.jams,219910,1,2,3,3,3,False,0.2843013405799866,0.13952816831036646,no_correct_alternative,no_correct_alternative
14331,4,SS2-107-Ab,00_SS2-107-Ab_comp.jams,704730,3,3,2,2,2,False,0.24690639972686768,0.13949164287874394,regression,regression
17811,1,BN3-154-E,01_BN3-154-E_comp.jams,189137,2,2,3,3,3,False,0.03794340789318085,0.13945777010968163,regression,regression
28251,0,Rock3-148-C,01_Rock3-148-C_comp.jams,572059,2,4,3,3,3,False,0.3517073690891266,0.13842454147370337,no_correct_alternative,no_correct_alternative
7321,4,Jazz3-137-Eb,00_Jazz3-137-Eb_solo.jams,598843,1,3,3,2,2,False,-0.0050967540591955185,0.1383137249952695,keep,no_correct_alternative
43079,0,Rock3-148-C,02_Rock3-148-C_comp.jams,279033,1,3,2,2,2,False,0.08012795448303223,0.13825136101091198,no_correct_alternative,no_correct_alternative
28405,0,Rock3-148-C,01_Rock3-148-C_comp.jams,1002228,2,2,3,3,3,False,0.4053207337856293,0.13787595616969855,regression,regression
71052,0,Rock3-148-C,04_Rock3-148-C_comp.jams,388593,2,4,3,3,3,True,0.4290948510169983,0.13786283368863478,wrong_choice_despite_correct_alternative,wrong_choice_despite_correct_alternative
33961,2,Funk1-114-Ab,02_Funk1-114-Ab_comp.jams,181247,2,2,3,3,3,False,0.20546674728393555,0.1371233708781315,regression,regression
9211,4,Rock1-90-C#,00_Rock1-90-C#_comp.jams,1204658,6,3,2,2,2,False,0.2237350195646286,0.1362992936893112,no_correct_alternative,no_correct_alternative
43242,0,Rock3-148-C,02_Rock3-148-C_comp.jams,644462,5,4,2,2,2,False,0.25533056259155273,0.13608590668885082,no_correct_alternative,no_correct_alternative
38681,4,Jazz3-137-Eb,02_Jazz3-137-Eb_comp.jams,289872,3,3,4,4,4,False,0.208830326795578,0.13576096070349752,regression,regression
39946,2,Rock1-130-A,02_Rock1-130-A_comp.jams,379728,3,3,2,2,2,False,0.41041311621665955,0.1356300104422336,regression,regression
1944,2,Funk1-114-Ab,00_Funk1-114-Ab_comp.jams,794778,1,4,4,2,2,False,-0.03001832216978073,0.1355293932249172,keep,no_correct_alternative
34935,1,Funk2-119-G,02_Funk2-119-G_comp.jams,23,2,2,4,4,4,False,0.3070378005504608,0.1351231426260172,regression,regression
19170,4,Funk2-108-Eb,01_Funk2-108-Eb_comp.jams,1519179,3,3,2,2,2,False,0.16888153553009033,0.13503639043193166,regression,regression
52287,2,Jazz2-110-Bb,03_Jazz2-110-Bb_comp.jams,1203651,3,3,2,2,2,False,0.3482217788696289,0.1349062393500082,regression,regression
35268,1,Funk2-119-G,02_Funk2-119-G_comp.jams,1245657,2,2,3,3,3,False,0.3127445876598358,0.1348502681391091,regression,regression
26279,2,Rock2-85-F,01_Rock2-85-F_comp.jams,294292,3,4,2,2,2,True,0.42453262209892273,0.13450108722712292,wrong_choice_despite_correct_alternative,wrong_choice_despite_correct_alternative
2531,4,Funk2-108-Eb,00_Funk2-108-Eb_comp.jams,1048547,5,3,4,4,4,False,0.1600203514099121,0.13438020190493,no_correct_alternative,no_correct_alternative
32061,1,SS3-98-C,01_SS3-98-C_comp.jams,1519825,2,2,3,3,3,False,0.2168688178062439,0.1337131527886209,regression,regression
61709,1,BN3-154-E,04_BN3-154-E_comp.jams,78252,3,3,2,2,2,False,0.01557641476392746,0.13369816872216617,regression,regression
57505,0,SS1-68-E,03_SS1-68-E_comp.jams,138199,0,3,2,2,2,False,0.00024673622101545334,0.13368965063286195,no_correct_alternative,no_correct_alternative
50430,1,Funk3-112-C#,03_Funk3-112-C#_comp.jams,1039491,4,4,3,3,3,False,0.34974634647369385,0.13356260043629858,regression,regression
50235,1,Funk3-112-C#,03_Funk3-112-C#_comp.jams,283869,3,4,2,2,2,True,0.44580650329589844,0.13321425887829175,wrong_choice_despite_correct_alternative,wrong_choice_despite_correct_alternative
56978,0,Rock3-148-C,03_Rock3-148-C_comp.jams,266733,2,3,4,4,4,False,0.5199949741363525,0.13308869887854277,no_correct_alternative,no_correct_alternative
30465,4,SS2-107-Ab,01_SS2-107-Ab_solo.jams,1496251,2,2,2,3,3,False,-0.03089633211493492,0.132997410458708,keep,regression
43865,0,SS1-68-E,02_SS1-68-E_comp.jams,624205,1,4,2,2,2,False,0.2902810573577881,0.13291659702404907,no_correct_alternative,no_correct_alternative
48870,2,Funk1-114-Ab,03_Funk1-114-Ab_comp.jams,439600,0,3,3,2,2,False,-0.02526092529296875,0.1329107467643042,keep,no_correct_alternative
72050,0,SS1-68-E,04_SS1-68-E_comp.jams,1440389,4,3,5,5,5,False,0.4795522689819336,0.13281911275694083,no_correct_alternative,no_correct_alternative
18432,2,Funk1-114-Ab,01_Funk1-114-Ab_comp.jams,401464,3,3,2,2,2,False,0.023596853017807007,0.13191034823716433,regression,regression
69401,2,Rock2-85-F,04_Rock2-85-F_comp.jams,45819,1,4,2,2,2,False,0.03640303760766983,0.1317293658402074,no_correct_alternative,no_correct_alternative
31843,1,SS3-98-C,01_SS3-98-C_comp.jams,1041413,1,3,2,2,2,False,0.3167222738265991,0.1312560866315145,no_correct_alternative,no_correct_alternative
12751,0,Rock3-148-C,00_Rock3-148-C_comp.jams,1054843,5,3,2,2,2,False,0.06766201555728912,0.13075739922971563,no_correct_alternative,no_correct_alternative
66988,4,Jazz3-137-Eb,04_Jazz3-137-Eb_comp.jams,1056199,3,3,2,2,2,False,0.202956885099411,0.13074512189486465,regression,regression
31828,1,SS3-98-C,01_SS3-98-C_comp.jams,994124,1,3,2,2,2,False,0.08380267024040222,0.1306861693113859,no_correct_alternative,no_correct_alternative
65365,4,Jazz1-130-D,04_Jazz1-130-D_comp.jams,908383,4,4,3,3,3,False,0.2292395830154419,0.13054860560942305,regression,regression
13249,0,SS1-68-E,00_SS1-68-E_comp.jams,908307,1,3,2,2,2,False,0.15763185918331146,0.13031996512841054,no_correct_alternative,no_correct_alternative
12666,0,Rock3-148-C,00_Rock3-148-C_comp.jams,877189,6,4,5,5,5,False,0.5105085372924805,0.130296395728202,no_correct_alternative,no_correct_alternative
12401,0,Rock3-148-C,00_Rock3-148-C_comp.jams,296119,4,2,3,3,3,True,0.521980881690979,0.13000565603175385,wrong_choice_despite_correct_alternative,wrong_choice_despite_correct_alternative
13572,0,SS1-68-E,00_SS1-68-E_solo.jams,5,2,2,3,3,3,False,0.11805440485477448,0.12996401431369026,regression,regression
69808,2,Rock2-85-F,04_Rock2-85-F_comp.jams,1215021,1,3,2,2,2,False,0.21877315640449524,0.12991195911312522,no_correct_alternative,no_correct_alternative
31454,1,SS3-98-C,01_SS3-98-C_comp.jams,170122,2,2,4,4,4,False,0.49222317337989807,0.12977275530609722,regression,regression
31980,1,SS3-98-C,01_SS3-98-C_comp.jams,1344362,1,3,2,2,2,False,0.0735902413725853,0.1292893365448203,no_correct_alternative,no_correct_alternative
74387,1,SS3-98-C,04_SS3-98-C_comp.jams,1606684,1,3,2,2,2,False,0.04377714917063713,0.12914529969247954,no_correct_alternative,no_correct_alternative
34792,4,Funk2-108-Eb,02_Funk2-108-Eb_comp.jams,1397148,3,4,2,2,2,True,0.28124624490737915,0.12895789969021032,wrong_choice_despite_correct_alternative,wrong_choice_despite_correct_alternative
62890,4,Funk2-108-Eb,04_Funk2-108-Eb_comp.jams,1211776,4,3,2,2,2,True,0.15703019499778748,0.12880897390643847,wrong_choice_despite_correct_alternative,wrong_choice_despite_correct_alternative
21538,4,Jazz1-130-D,01_Jazz1-130-D_comp.jams,724421,2,2,3,3,3,False,0.21023300290107727,0.1286888629256709,regression,regression
28222,0,Rock3-148-C,01_Rock3-148-C_comp.jams,482415,1,3,2,2,2,False,0.05327778309583664,0.12860744768654098,no_correct_alternative,no_correct_alternative
7055,4,Jazz3-137-Eb,00_Jazz3-137-Eb_comp.jams,688038,4,3,2,2,2,False,0.21319180727005005,0.1278189107130327,no_correct_alternative,no_correct_alternative
3121,1,Funk2-119-G,00_Funk2-119-G_comp.jams,633744,6,4,3,3,3,False,0.24855396151542664,0.12739371771543512,no_correct_alternative,no_correct_alternative
74187,1,SS3-98-C,04_SS3-98-C_comp.jams,998606,1,3,2,2,2,False,0.059710025787353516,0.1272511300496312,no_correct_alternative,no_correct_alternative
51793,2,Jazz1-200-B,03_Jazz1-200-B_comp.jams,225052,4,4,3,3,3,False,0.36459773778915405,0.12712484572450805,regression,regression
7053,4,Jazz3-137-Eb,00_Jazz3-137-Eb_comp.jams,670232,3,3,2,2,2,False,0.14173679053783417,0.126836170469519,regression,regression
51544,4,Jazz1-130-D,03_Jazz1-130-D_comp.jams,589303,3,3,2,2,2,False,0.18300539255142212,0.12587993591753627,regression,regression
19092,4,Funk2-108-Eb,01_Funk2-108-Eb_comp.jams,1169807,0,2,3,3,3,False,0.06765691936016083,0.12571035519353585,no_correct_alternative,no_correct_alternative
66788,4,Jazz3-137-Eb,04_Jazz3-137-Eb_comp.jams,395660,4,4,3,3,3,False,0.20171141624450684,0.1255711493732668,regression,regression
60352,1,SS3-98-C,03_SS3-98-C_comp.jams,789562,3,3,2,2,2,False,0.2999979853630066,0.1254968537269549,regression,regression
3860,1,Funk3-112-C#,00_Funk3-112-C#_comp.jams,727514,2,2,3,3,3,False,0.2527085542678833,0.12526827826641834,regression,regression
3825,1,Funk3-112-C#,00_Funk3-112-C#_comp.jams,638366,4,4,2,2,2,False,0.4489021897315979,0.12513888599538384,regression,regression
2166,4,Funk2-108-Eb,00_Funk2-108-Eb_comp.jams,57270,4,3,5,5,5,False,0.07668936252593994,0.1250825296227651,no_correct_alternative,no_correct_alternative
62632,4,Funk2-108-Eb,04_Funk2-108-Eb_comp.jams,257855,3,3,4,4,4,False,0.1586608588695526,0.1245282233290203,regression,regression
26957,2,Rock2-85-F,01_Rock2-85-F_comp.jams,1913822,3,3,2,2,2,False,0.16931091248989105,0.12346601244490654,regression,regression
3370,1,Funk2-119-G,00_Funk2-119-G_comp.jams,1257124,4,4,3,3,3,False,0.2884220480918884,0.12324328883795133,regression,regression
65267,4,Jazz1-130-D,04_Jazz1-130-D_comp.jams,630105,4,4,3,3,3,False,0.16959306597709656,0.12316278757201671,regression,regression
60514,1,SS3-98-C,03_SS3-98-C_comp.jams,1168999,2,3,4,4,4,False,0.3406603932380676,0.12282839661907163,no_correct_alternative,no_correct_alternative
69902,2,Rock2-85-F,04_Rock2-85-F_comp.jams,1524614,1,4,2,2,2,False,0.16835829615592957,0.12256740346073011,no_correct_alternative,no_correct_alternative
72751,4,SS2-107-Ab,04_SS2-107-Ab_comp.jams,1249123,1,2,3,3,3,False,0.0054548680782318115,0.12233330202053627,no_correct_alternative,no_correct_alternative
3396,1,Funk2-119-G,00_Funk2-119-G_comp.jams,1345550,4,4,3,3,3,False,0.48578113317489624,0.12219678127656047,regression,regression
3771,1,Funk3-112-C#,00_Funk3-112-C#_comp.jams,519714,4,3,2,2,2,False,0.268632173538208,0.12217330665920673,no_correct_alternative,no_correct_alternative
4127,1,Funk3-112-C#,00_Funk3-112-C#_comp.jams,1399611,4,4,3,3,3,False,0.25848424434661865,0.12208160921681263,regression,regression
68494,4,Rock1-90-C#,04_Rock1-90-C#_comp.jams,970087,3,3,2,2,2,False,0.23091942071914673,0.12174427378314778,regression,regression
7323,4,Jazz3-137-Eb,00_Jazz3-137-Eb_solo.jams,607947,1,3,3,2,2,False,-0.0021526054479181767,0.12168085894570926,keep,no_correct_alternative
6944,4,Jazz3-137-Eb,00_Jazz3-137-Eb_comp.jams,270128,3,3,2,2,2,False,0.18484187126159668,0.12129196794597813,regression,regression
24976,4,Rock1-90-C#,01_Rock1-90-C#_comp.jams,1015010,5,3,4,4,4,False,0.21818140149116516,0.12113743915451336,no_correct_alternative,no_correct_alternative
43161,0,Rock3-148-C,02_Rock3-148-C_comp.jams,473026,1,3,2,2,2,False,0.14643952250480652,0.12107931271191832,no_correct_alternative,no_correct_alternative
3302,1,Funk2-119-G,00_Funk2-119-G_comp.jams,1095880,4,3,5,5,5,True,0.19259829819202423,0.12080578621948126,wrong_choice_despite_correct_alternative,wrong_choice_despite_correct_alternative
19465,1,Funk2-119-G,01_Funk2-119-G_comp.jams,11327,2,4,3,3,3,False,0.2521347999572754,0.12058434294793685,no_correct_alternative,no_correct_alternative
62693,4,Funk2-108-Eb,04_Funk2-108-Eb_comp.jams,508304,1,3,2,2,2,False,0.10031282901763916,0.12027341544091363,no_correct_alternative,no_correct_alternative
57776,0,SS1-68-E,03_SS1-68-E_comp.jams,793487,0,3,3,2,2,False,-0.0018537028227001429,0.12015359923367323,keep,no_correct_alternative
22329,2,Jazz2-110-Bb,01_Jazz2-110-Bb_comp.jams,986129,1,4,2,2,2,False,0.03282376006245613,0.11982243168313231,no_correct_alternative,no_correct_alternative
11149,2,Rock2-85-F,00_Rock2-85-F_comp.jams,1742720,3,3,2,2,2,False,0.35493165254592896,0.11930919640705462,regression,regression
19448,4,Funk2-108-Eb,01_Funk2-108-Eb_solo.jams,1481992,1,2,3,3,3,False,0.139377623796463,0.11923178310871302,no_correct_alternative,no_correct_alternative
54111,2,Rock1-130-A,03_Rock1-130-A_comp.jams,927148,1,4,2,2,2,False,0.014236271381378174,0.11866859908591085,no_correct_alternative,no_correct_alternative
21932,2,Jazz1-200-B,01_Jazz1-200-B_solo.jams,78384,1,3,3,2,2,False,-0.01799093559384346,0.1186058106113415,keep,no_correct_alternative
67264,0,Jazz3-150-C,04_Jazz3-150-C_comp.jams,381259,4,4,2,2,2,False,0.38612186908721924,0.11845131373734533,regression,regression
61700,1,BN3-154-E,04_BN3-154-E_comp.jams,59914,4,4,3,3,3,False,0.04313189163804054,0.11783066033501516,regression,regression
16789,1,SS3-98-C,00_SS3-98-C_solo.jams,1546579,1,4,3,3,3,False,0.4606776237487793,0.11779208266352847,no_correct_alternative,no_correct_alternative
46751,1,SS3-98-C,02_SS3-98-C_comp.jams,499263,2,2,3,3,3,False,0.3514609634876251,0.11777552503335093,regression,regression
38720,4,Jazz3-137-Eb,02_Jazz3-137-Eb_comp.jams,457441,0,2,2,3,3,False,-0.011125266551971436,0.11769247110115469,keep,no_correct_alternative
63811,1,Funk3-112-C#,04_Funk3-112-C#_comp.jams,179019,1,3,3,2,2,False,-0.0085650235414505,0.11749256088092616,keep,no_correct_alternative
66945,4,Jazz3-137-Eb,04_Jazz3-137-Eb_comp.jams,920690,4,4,2,2,2,False,0.2831936478614807,0.11734341736124967,regression,regression
18895,4,Funk2-108-Eb,01_Funk2-108-Eb_comp.jams,227495,3,3,3,2,2,False,-0.03665357828140259,0.11701107422160495,keep,regression
37212,2,Jazz1-200-B,02_Jazz1-200-B_comp.jams,101428,3,3,2,2,2,False,0.30515623092651367,0.11666653700024449,regression,regression
37839,2,Jazz2-110-Bb,02_Jazz2-110-Bb_comp.jams,962308,3,4,2,2,2,True,0.538436770439148,0.11652078146682446,wrong_choice_despite_correct_alternative,wrong_choice_despite_correct_alternative
12328,0,Rock3-148-C,00_Rock3-148-C_comp.jams,124605,4,3,5,5,5,False,0.39476144313812256,0.11638264301355186,no_correct_alternative,no_correct_alternative
55268,0,Rock2-142-D,03_Rock2-142-D_comp.jams,1005817,2,4,3,3,3,False,0.28238049149513245,0.1162818367871993,no_correct_alternative,no_correct_alternative
12476,0,Rock3-148-C,00_Rock3-148-C_comp.jams,451343,2,2,3,3,3,False,0.38698726892471313,0.11608243247590289,regression,regression
1760,2,Funk1-114-Ab,00_Funk1-114-Ab_comp.jams,152765,0,3,3,2,2,False,-0.0018412265926599503,0.11601191991482139,keep,no_correct_alternative
48567,1,BN3-154-E,03_BN3-154-E_comp.jams,945682,4,4,2,2,2,False,0.2238001972436905,0.11550615146416959,regression,regression
49386,4,Funk2-108-Eb,03_Funk2-108-Eb_comp.jams,833364,3,3,2,2,2,False,0.14679297804832458,0.11547665281932723,regression,regression
66771,4,Jazz3-137-Eb,04_Jazz3-137-Eb_comp.jams,339408,4,4,3,3,3,False,0.1558961272239685,0.11488029802601474,regression,regression
63484,1,Funk2-119-G,04_Funk2-119-G_comp.jams,1218323,2,2,3,3,3,False,0.2594115734100342,0.11479999998345036,regression,regression
3939,1,Funk3-112-C#,00_Funk3-112-C#_comp.jams,922195,4,4,3,3,3,False,0.31357699632644653,0.11430636507628467,regression,regression
23134,4,Jazz3-137-Eb,01_Jazz3-137-Eb_comp.jams,281985,1,2,3,3,3,False,0.1794925034046173,0.11428941464536907,no_correct_alternative,no_correct_alternative
62646,4,Funk2-108-Eb,04_Funk2-108-Eb_comp.jams,313704,2,2,3,3,3,False,0.11459082365036011,0.11416952086021537,regression,regression
31763,1,SS3-98-C,01_SS3-98-C_comp.jams,859345,2,4,3,3,3,False,0.34502753615379333,0.11387666521825351,no_correct_alternative,no_correct_alternative
1288,1,BN3-154-E,00_BN3-154-E_comp.jams,1023886,4,4,3,3,3,False,0.45557844638824463,0.11361834889608197,regression,regression
30121,4,SS2-107-Ab,01_SS2-107-Ab_solo.jams,206836,0,3,3,2,2,False,-0.030921218916773796,0.11361705576042694,keep,no_correct_alternative
66683,4,Jazz3-137-Eb,04_Jazz3-137-Eb_comp.jams,7,1,2,2,4,4,False,-0.026254180818796158,0.11352079416375768,keep,no_correct_alternative
3294,1,Funk2-119-G,00_Funk2-119-G_comp.jams,1078548,2,3,4,4,4,False,0.13355222344398499,0.11332337242249652,no_correct_alternative,no_correct_alternative
38914,4,Jazz3-137-Eb,02_Jazz3-137-Eb_comp.jams,1133526,1,2,3,3,3,False,0.1666892170906067,0.11300678190755165,no_correct_alternative,no_correct_alternative
12596,0,Rock3-148-C,00_Rock3-148-C_comp.jams,725662,2,2,3,3,3,False,0.3809835910797119,0.11282640747945194,regression,regression
29703,4,SS2-107-Ab,01_SS2-107-Ab_comp.jams,160910,3,3,2,2,2,False,0.22356602549552917,0.11279969546813784,regression,regression
3989,1,Funk3-112-C#,00_Funk3-112-C#_comp.jams,1050122,5,4,3,3,3,False,0.3463991582393646,0.11202386464736305,no_correct_alternative,no_correct_alternative
8489,2,Rock1-130-A,00_Rock1-130-A_solo.jams,202729,1,3,3,2,2,False,-0.029069457203149796,0.11186445800219592,keep,no_correct_alternative
49217,4,Funk2-108-Eb,03_Funk2-108-Eb_comp.jams,146603,3,3,4,4,4,False,0.24128329753875732,0.1117388837549676,regression,regression
29818,4,SS2-107-Ab,01_SS2-107-Ab_comp.jams,611936,1,3,2,2,2,False,0.2341850996017456,0.11112401606042255,no_correct_alternative,no_correct_alternative
3646,1,Funk3-112-C#,00_Funk3-112-C#_comp.jams,190521,3,3,2,2,2,False,0.15298810601234436,0.109997170140129,regression,regression
66205,2,Jazz2-110-Bb,04_Jazz2-110-Bb_comp.jams,1435057,3,4,2,2,2,False,0.3632330298423767,0.10944427648715227,no_correct_alternative,no_correct_alternative
49873,1,Funk2-119-G,03_Funk2-119-G_comp.jams,746202,4,3,2,2,2,False,0.2619346082210541,0.10941644374794918,no_correct_alternative,no_correct_alternative
23325,4,Jazz3-137-Eb,01_Jazz3-137-Eb_comp.jams,1099699,0,3,3,2,2,False,-0.02998434007167816,0.10938873567631291,keep,no_correct_alternative
31868,1,SS3-98-C,01_SS3-98-C_comp.jams,1096332,0,2,3,3,3,False,0.28804802894592285,0.10938312133368872,no_correct_alternative,no_correct_alternative
71891,0,SS1-68-E,04_SS1-68-E_comp.jams,1083217,0,3,2,2,2,False,0.01774640753865242,0.10910170638350933,no_correct_alternative,no_correct_alternative
29797,4,SS2-107-Ab,01_SS2-107-Ab_comp.jams,531624,1,3,2,2,2,False,0.19826039671897888,0.10872048919137262,no_correct_alternative,no_correct_alternative
63327,1,Funk2-119-G,04_Funk2-119-G_comp.jams,618742,1,3,3,2,2,False,-0.04174313321709633,0.10853519465451114,keep,no_correct_alternative
8307,2,Rock1-130-A,00_Rock1-130-A_comp.jams,687209,4,4,3,3,3,False,0.28287473320961,0.1082008790804356,regression,regression
19107,4,Funk2-108-Eb,01_Funk2-108-Eb_comp.jams,1243752,4,4,3,3,3,False,0.12931397557258606,0.1081000910671362,regression,regression
60600,1,SS3-98-C,03_SS3-98-C_comp.jams,1384679,2,4,3,3,3,True,0.36882883310317993,0.10807519139616065,wrong_choice_despite_correct_alternative,wrong_choice_despite_correct_alternative
19528,1,Funk2-119-G,01_Funk2-119-G_comp.jams,255972,3,4,2,2,2,True,0.3097224235534668,0.10801948459788843,wrong_choice_despite_correct_alternative,wrong_choice_despite_correct_alternative
44350,0,SS1-68-E,02_SS1-68-E_solo.jams,333732,1,4,2,2,2,False,0.008815938606858253,0.1079554657069913,no_correct_alternative,no_correct_alternative
12499,0,Rock3-148-C,00_Rock3-148-C_comp.jams,497208,3,3,2,2,2,False,0.11473067849874496,0.10720883228232342,regression,regression
26280,2,Rock2-85-F,01_Rock2-85-F_comp.jams,296276,3,3,2,2,2,False,0.32674893736839294,0.10663600626172359,regression,regression
12490,0,Rock3-148-C,00_Rock3-148-C_comp.jams,479017,6,4,5,5,5,False,0.4625419080257416,0.10621930873625729,no_correct_alternative,no_correct_alternative
17799,1,BN3-154-E,01_BN3-154-E_comp.jams,164005,3,3,4,4,4,False,0.282225102186203,0.10582080021652696,regression,regression
49364,4,Funk2-108-Eb,03_Funk2-108-Eb_comp.jams,759691,4,4,3,3,3,False,0.12298151850700378,0.10547672202879621,regression,regression
72759,4,SS2-107-Ab,04_SS2-107-Ab_comp.jams,1268971,0,2,3,3,3,False,0.0139913409948349,0.10536215057041598,no_correct_alternative,no_correct_alternative
69895,2,Rock2-85-F,04_Rock2-85-F_comp.jams,1509995,1,4,2,2,2,False,0.3930918574333191,0.10498582703785289,no_correct_alternative,no_correct_alternative
64087,1,Funk3-112-C#,04_Funk3-112-C#_comp.jams,1016120,3,3,4,4,4,False,0.18077589571475983,0.10497639618787591,regression,regression
72783,4,SS2-107-Ab,04_SS2-107-Ab_comp.jams,1385249,2,2,3,3,3,False,0.15846237540245056,0.10489009810999211,regression,regression
31700,1,SS3-98-C,01_SS3-98-C_comp.jams,709133,2,2,3,3,3,False,0.18669220805168152,0.10482083598869191,regression,regression
2583,4,Funk2-108-Eb,00_Funk2-108-Eb_comp.jams,1225435,0,3,3,2,2,False,-0.041632965207099915,0.10427965046942417,keep,no_correct_alternative
5939,2,Jazz2-110-Bb,00_Jazz2-110-Bb_comp.jams,576264,2,2,3,3,3,False,0.1368418037891388,0.1041002938667911,regression,regression
71189,0,Rock3-148-C,04_Rock3-148-C_comp.jams,712179,3,3,2,2,2,False,0.3593918979167938,0.10395948742044081,regression,regression
33476,1,BN3-154-E,02_BN3-154-E_comp.jams,344308,2,2,3,3,3,False,0.2783079147338867,0.10380945719349055,regression,regression
34426,4,Funk2-108-Eb,02_Funk2-108-Eb_comp.jams,110141,2,2,3,3,3,False,0.09635418653488159,0.10315178397083197,regression,regression
62908,4,Funk2-108-Eb,04_Funk2-108-Eb_comp.jams,1269438,3,3,2,2,2,False,0.12415429949760437,0.10311135569621721,regression,regression
63302,1,Funk2-119-G,04_Funk2-119-G_comp.jams,545582,3,3,4,4,4,False,0.12595818936824799,0.10299482593752846,regression,regression
63981,1,Funk3-112-C#,04_Funk3-112-C#_comp.jams,697211,3,3,4,4,4,False,0.21542556583881378,0.1027684085578438,regression,regression
20155,1,Funk3-112-C#,01_Funk3-112-C#_comp.jams,637521,3,3,2,2,2,False,0.28666508197784424,0.10270713324951447,regression,regression
57677,0,SS1-68-E,03_SS1-68-E_comp.jams,539464,0,3,3,2,2,False,-0.008932037279009819,0.10252798320520387,keep,no_correct_alternative
3762,1,Funk3-112-C#,00_Funk3-112-C#_comp.jams,502226,4,2,3,3,3,False,0.25918862223625183,0.1022885957882601,no_correct_alternative,no_correct_alternative
44813,4,SS2-107-Ab,02_SS2-107-Ab_comp.jams,309302,1,2,2,3,3,False,-0.013295263051986694,0.10202817440739109,keep,no_correct_alternative
26562,2,Rock2-85-F,01_Rock2-85-F_comp.jams,917481,1,3,2,2,2,False,0.30384761095046997,0.10200672282309475,no_correct_alternative,no_correct_alternative
74139,1,SS3-98-C,04_SS3-98-C_comp.jams,878168,1,2,4,4,4,False,0.4146072268486023,0.10160216532245664,no_correct_alternative,no_correct_alternative
23245,4,Jazz3-137-Eb,01_Jazz3-137-Eb_comp.jams,790850,1,2,4,4,4,False,0.07762385904788971,0.10157499835458664,no_correct_alternative,no_correct_alternative
2447,4,Funk2-108-Eb,00_Funk2-108-Eb_comp.jams,859117,6,3,4,4,4,False,0.19204413890838623,0.10142426591031131,no_correct_alternative,no_correct_alternative
2512,4,Funk2-108-Eb,00_Funk2-108-Eb_comp.jams,1010690,5,3,3,4,4,False,-0.009593136608600616,0.10087524710445059,keep,no_correct_alternative
10824,2,Rock2-85-F,00_Rock2-85-F_comp.jams,966829,3,4,2,2,2,False,0.05486370623111725,0.10063917662224275,no_correct_alternative,no_correct_alternative
1529,1,BN3-154-E,00_BN3-154-E_solo.jams,482332,1,3,3,2,2,False,-0.039569251239299774,0.10056861154336993,keep,no_correct_alternative
51983,2,Jazz2-110-Bb,03_Jazz2-110-Bb_comp.jams,96552,3,4,2,2,2,True,0.31855344772338867,0.10030504348288694,wrong_choice_despite_correct_alternative,wrong_choice_despite_correct_alternative
74101,1,SS3-98-C,04_SS3-98-C_comp.jams,755725,2,2,3,3,3,False,0.28158244490623474,0.10009528279318375,regression,regression
58889,4,SS2-107-Ab,03_SS2-107-Ab_comp.jams,1454454,3,3,2,2,2,False,0.06703954935073853,0.09990091745853363,regression,regression
63475,1,Funk2-119-G,04_Funk2-119-G_comp.jams,1200649,3,3,4,4,4,False,0.15765118598937988,0.09978307564005268,regression,regression
3897,1,Funk3-112-C#,00_Funk3-112-C#_comp.jams,815422,3,4,2,2,2,True,0.258888840675354,0.09962304766131166,wrong_choice_despite_correct_alternative,wrong_choice_despite_correct_alternative
12521,0,Rock3-148-C,00_Rock3-148-C_comp.jams,540632,2,2,3,3,3,False,0.3322582542896271,0.0994890283948649,regression,regression
32237,1,SS3-98-C,01_SS3-98-C_solo.jams,309287,1,3,2,2,2,False,0.0011948584578931332,0.09945058422323855,no_correct_alternative,no_correct_alternative
3090,1,Funk2-119-G,00_Funk2-119-G_comp.jams,545246,2,3,4,4,4,False,0.23931050300598145,0.09939814908351119,no_correct_alternative,no_correct_alternative
63498,1,Funk2-119-G,04_Funk2-119-G_comp.jams,1262265,3,3,2,2,2,False,0.18614163994789124,0.09895561231796934,regression,regression
61301,0,BN2-166-Ab,04_BN2-166-Ab_comp.jams,72586,4,4,2,2,2,False,0.10587406158447266,0.0986533777996911,regression,regression
63532,1,Funk2-119-G,04_Funk2-119-G_comp.jams,1376004,1,3,3,2,2,False,-0.03969667851924896,0.09858240200125581,keep,no_correct_alternative
5108,4,Jazz1-130-D,00_Jazz1-130-D_comp.jams,141017,5,3,4,4,4,False,0.17040285468101501,0.09851879154106397,no_correct_alternative,no_correct_alternative
8155,2,Rock1-130-A,00_Rock1-130-A_comp.jams,309808,3,3,2,2,2,False,0.34102946519851685,0.09801082565034136,regression,regression
50261,1,Funk3-112-C#,03_Funk3-112-C#_comp.jams,341990,1,3,3,2,2,False,-0.03202445060014725,0.09800330472436372,keep,no_correct_alternative
12362,0,Rock3-148-C,00_Rock3-148-C_comp.jams,203498,4,4,3,3,3,False,0.1807251274585724,0.09777320745756976,regression,regression
23975,2,Rock1-130-A,01_Rock1-130-A_comp.jams,326596,1,4,3,3,3,False,0.236789271235466,0.09749234130685988,no_correct_alternative,no_correct_alternative
7317,4,Jazz3-137-Eb,00_Jazz3-137-Eb_solo.jams,588921,1,3,3,2,2,False,-0.03664972633123398,0.09728690915996868,keep,no_correct_alternative
46757,1,SS3-98-C,02_SS3-98-C_comp.jams,513500,3,3,4,4,4,False,0.30561181902885437,0.09726892208537974,regression,regression
19454,4,Funk2-108-Eb,01_Funk2-108-Eb_solo.jams,1518635,1,3,2,2,2,False,0.10574132204055786,0.09696606382847761,no_correct_alternative,no_correct_alternative
8788,4,Rock1-90-C#,00_Rock1-90-C#_comp.jams,234854,5,3,4,4,4,True,0.25306206941604614,0.09685470423138609,wrong_choice_despite_correct_alternative,wrong_choice_despite_correct_alternative
44590,0,SS1-68-E,02_SS1-68-E_solo.jams,1529920,1,3,3,2,2,False,-0.002547868061810732,0.09663129127013362,keep,no_correct_alternative
5610,2,Jazz1-200-B,00_Jazz1-200-B_comp.jams,475329,4,4,3,3,3,False,0.16495198011398315,0.09626671425236027,regression,regression
19505,1,Funk2-119-G,01_Funk2-119-G_comp.jams,167490,1,2,3,3,3,False,0.23025935888290405,0.09616249254586973,no_correct_alternative,no_correct_alternative
2967,1,Funk2-119-G,00_Funk2-119-G_comp.jams,240323,4,2,3,3,3,False,0.07383491098880768,0.0961559218502479,no_correct_alternative,no_correct_alternative
16725,1,SS3-98-C,00_SS3-98-C_solo.jams,1330110,1,3,2,2,2,False,0.27125510573387146,0.09610464385980255,no_correct_alternative,no_correct_alternative
33441,1,BN3-154-E,02_BN3-154-E_comp.jams,231599,1,3,2,2,2,False,0.1578080654144287,0.09597179022287727,no_correct_alternative,no_correct_alternative
63187,1,Funk2-119-G,04_Funk2-119-G_comp.jams,122131,4,4,3,3,3,False,0.2253814935684204,0.09580715331113437,regression,regression
37589,2,Jazz2-110-Bb,02_Jazz2-110-Bb_comp.jams,231559,1,3,2,2,2,False,0.32786983251571655,0.09547843271168233,no_correct_alternative,no_correct_alternative
69955,2,Rock2-85-F,04_Rock2-85-F_comp.jams,1663268,1,4,2,2,2,False,0.07633186876773834,0.09531530021311108,no_correct_alternative,no_correct_alternative
3195,1,Funk2-119-G,00_Funk2-119-G_comp.jams,822198,4,3,2,2,2,False,0.052510589361190796,0.09519590426525876,no_correct_alternative,no_correct_alternative
73920,1,SS3-98-C,04_SS3-98-C_comp.jams,216538,4,2,3,3,3,True,0.4449700713157654,0.09498336508776795,wrong_choice_despite_correct_alternative,wrong_choice_despite_correct_alternative
63421,1,Funk2-119-G,04_Funk2-119-G_comp.jams,1022538,4,4,2,2,2,False,0.26910245418548584,0.0948373169113321,regression,regression
62610,4,Funk2-108-Eb,04_Funk2-108-Eb_comp.jams,159553,3,3,4,4,4,False,0.10816952586174011,0.09403608845921463,regression,regression
9954,0,Rock2-142-D,00_Rock2-142-D_comp.jams,778192,4,2,3,3,3,False,0.6259338855743408,0.09398227368448314,no_correct_alternative,no_correct_alternative
40151,2,Rock1-130-A,02_Rock1-130-A_comp.jams,966809,3,3,2,2,2,False,0.3505859673023224,0.09387194884794259,regression,regression
63331,1,Funk2-119-G,04_Funk2-119-G_comp.jams,633769,1,2,3,3,3,False,0.1920335590839386,0.09376138014085567,no_correct_alternative,no_correct_alternative
18797,2,Funk1-114-Ab,01_Funk1-114-Ab_solo.jams,904475,1,3,2,2,2,False,0.3473547101020813,0.0935699137699153,no_correct_alternative,no_correct_alternative
33429,1,BN3-154-E,02_BN3-154-E_comp.jams,189465,1,3,3,2,2,False,-0.012703418731689453,0.09307238518471272,keep,no_correct_alternative
53546,0,Jazz3-150-C,03_Jazz3-150-C_comp.jams,803990,3,3,2,2,2,False,0.19824275374412537,0.09274939351748868,regression,regression
12619,0,Rock3-148-C,00_Rock3-148-C_comp.jams,774264,4,3,2,2,2,False,0.3274989426136017,0.09268976551934222,no_correct_alternative,no_correct_alternative
66731,4,Jazz3-137-Eb,04_Jazz3-137-Eb_comp.jams,192654,3,3,2,2,2,False,0.120934396982193,0.09268272312296716,regression,regression
63513,1,Funk2-119-G,04_Funk2-119-G_comp.jams,1311560,4,4,3,3,3,False,0.2041393220424652,0.0924790762106506,regression,regression
70005,2,Rock2-85-F,04_Rock2-85-F_comp.jams,1789684,1,4,3,3,3,False,0.24499110877513885,0.0922755295559975,no_correct_alternative,no_correct_alternative
13996,0,SS1-68-E,00_SS1-68-E_solo.jams,1595875,3,3,2,2,2,False,0.20105043053627014,0.09214580576399767,regression,regression
39766,0,Jazz3-150-C,02_Jazz3-150-C_solo.jams,859879,1,3,3,2,2,False,-0.003695959458127618,0.0919391353807865,keep,no_correct_alternative
5147,4,Jazz1-130-D,00_Jazz1-130-D_comp.jams,235580,5,3,4,4,4,False,0.1569477915763855,0.09153713994182922,no_correct_alternative,no_correct_alternative
64122,1,Funk3-112-C#,04_Funk3-112-C#_comp.jams,1134203,3,3,2,2,2,False,0.2663908004760742,0.0912565448212434,regression,regression
47123,1,SS3-98-C,02_SS3-98-C_comp.jams,1444022,3,3,4,4,4,False,0.16918577253818512,0.0911043776541276,regression,regression
14636,4,SS2-107-Ab,00_SS2-107-Ab_solo.jams,13093,1,3,3,2,2,False,-0.07093503326177597,0.09107256722768559,keep,no_correct_alternative
3790,1,Funk3-112-C#,00_Funk3-112-C#_comp.jams,560093,3,3,2,2,2,False,0.0965060293674469,0.09080755307991761,regression,regression
18908,4,Funk2-108-Eb,01_Funk2-108-Eb_comp.jams,281714,4,3,5,5,5,False,0.00914621353149414,0.09067727958555905,no_correct_alternative,no_correct_alternative
52075,2,Jazz2-110-Bb,03_Jazz2-110-Bb_comp.jams,432984,3,3,2,2,2,False,0.26524990797042847,0.09027528718533573,regression,regression
70012,2,Rock2-85-F,04_Rock2-85-F_comp.jams,1805078,1,3,2,2,2,False,0.11087436974048615,0.09005895221579008,no_correct_alternative,no_correct_alternative
57250,0,Rock3-148-C,03_Rock3-148-C_comp.jams,892769,1,3,2,2,2,False,0.10118164122104645,0.08998975822019314,no_correct_alternative,no_correct_alternative
8208,2,Rock1-130-A,00_Rock1-130-A_comp.jams,446560,2,4,3,3,3,True,0.4250600337982178,0.08934978248564923,wrong_choice_despite_correct_alternative,wrong_choice_despite_correct_alternative
58465,4,SS2-107-Ab,03_SS2-107-Ab_comp.jams,283839,3,3,2,2,2,False,0.1908067762851715,0.08930501986177819,regression,regression
18013,1,BN3-154-E,01_BN3-154-E_comp.jams,910492,1,2,3,3,3,False,0.053270503878593445,0.08910458671151716,no_correct_alternative,no_correct_alternative
5298,4,Jazz1-130-D,00_Jazz1-130-D_comp.jams,704898,5,3,4,4,4,False,0.06473582983016968,0.08907646853387047,no_correct_alternative,no_correct_alternative
69755,2,Rock2-85-F,04_Rock2-85-F_comp.jams,1024584,1,3,3,2,2,False,-0.010781243443489075,0.08874664093148477,keep,no_correct_alternative
12528,0,Rock3-148-C,00_Rock3-148-C_comp.jams,559123,5,3,2,2,2,False,0.22342264652252197,0.08874264288433908,no_correct_alternative,no_correct_alternative
69195,0,Rock2-142-D,04_Rock2-142-D_comp.jams,941891,4,4,3,3,3,False,0.518321692943573,0.08843938523277217,regression,regression
3376,1,Funk2-119-G,00_Funk2-119-G_comp.jams,1275053,1,2,3,3,3,False,0.2786185145378113,0.08840492768023786,no_correct_alternative,no_correct_alternative
10565,2,Rock2-85-F,00_Rock2-85-F_comp.jams,402491,4,3,2,2,2,False,0.24695003032684326,0.08819543901237747,no_correct_alternative,no_correct_alternative
12679,0,Rock3-148-C,00_Rock3-148-C_comp.jams,901836,2,2,3,3,3,False,0.1688026785850525,0.08721532713308305,regression,regression
63731,1,Funk2-119-G,04_Funk2-119-G_solo.jams,1068763,2,2,3,3,3,False,0.005457878112792969,0.0868938206884492,regression,regression
29903,4,SS2-107-Ab,01_SS2-107-Ab_comp.jams,957987,1,2,3,3,3,False,0.17437827587127686,0.0868835881137735,no_correct_alternative,no_correct_alternative
1375,1,BN3-154-E,00_BN3-154-E_solo.jams,137002,1,4,2,2,2,False,0.26413387060165405,0.08654061801120463,no_correct_alternative,no_correct_alternative
66993,4,Jazz3-137-Eb,04_Jazz3-137-Eb_comp.jams,1092833,4,4,3,3,3,False,0.12108200788497925,0.08644792700140502,regression,regression
32068,1,SS3-98-C,01_SS3-98-C_comp.jams,1534148,2,2,3,3,3,False,0.17788097262382507,0.08619732791704104,regression,regression
73927,1,SS3-98-C,04_SS3-98-C_comp.jams,232802,1,3,2,2,2,False,0.25115326046943665,0.08618114909841068,no_correct_alternative,no_correct_alternative
69926,2,Rock2-85-F,04_Rock2-85-F_comp.jams,1586252,1,4,3,3,3,False,0.25276869535446167,0.08569961680866431,no_correct_alternative,no_correct_alternative
49774,1,Funk2-119-G,03_Funk2-119-G_comp.jams,266843,4,4,3,3,3,False,0.2106539011001587,0.08542667577996832,regression,regression
61748,1,BN3-154-E,04_BN3-154-E_comp.jams,215701,3,3,3,2,2,False,-0.0015480071306228638,0.0853690093702793,keep,regression
8386,2,Rock1-130-A,00_Rock1-130-A_comp.jams,880522,3,4,4,2,2,False,-0.015626713633537292,0.08536642857091123,keep,no_correct_alternative
34796,4,Funk2-108-Eb,02_Funk2-108-Eb_comp.jams,1432896,1,3,3,2,2,False,-0.06180357187986374,0.08536578459015684,keep,no_correct_alternative
58593,4,SS2-107-Ab,03_SS2-107-Ab_comp.jams,625799,3,3,3,2,2,False,-0.06295983493328094,0.0851245465678673,keep,regression
57267,0,Rock3-148-C,03_Rock3-148-C_comp.jams,929638,3,3,2,2,2,False,0.26570215821266174,0.08510698611869127,regression,regression
24090,2,Rock1-130-A,01_Rock1-130-A_comp.jams,621386,3,3,4,4,4,False,0.3337743878364563,0.08491971841366153,regression,regression
20044,1,Funk3-112-C#,01_Funk3-112-C#_comp.jams,141513,2,2,4,4,4,False,0.2529590427875519,0.0847740004177368,regression,regression
3286,1,Funk2-119-G,00_Funk2-119-G_comp.jams,1050827,5,3,2,2,2,False,0.1867116391658783,0.08451445731610574,no_correct_alternative,no_correct_alternative
23101,4,Jazz3-137-Eb,01_Jazz3-137-Eb_comp.jams,171619,2,2,2,3,3,False,-0.037009354680776596,0.0839656193473735,keep,regression
62711,4,Funk2-108-Eb,04_Funk2-108-Eb_comp.jams,564261,0,2,3,3,3,False,0.004983425140380859,0.0837664899615555,no_correct_alternative,no_correct_alternative
17472,0,BN2-166-Ab,01_BN2-166-Ab_comp.jams,621349,3,4,2,2,2,True,0.3941807448863983,0.08363830824989299,wrong_choice_despite_correct_alternative,wrong_choice_despite_correct_alternative
58616,4,SS2-107-Ab,03_SS2-107-Ab_comp.jams,680400,3,3,3,2,2,False,-0.09066514670848846,0.08352458482455061,keep,regression
20367,1,Funk3-112-C#,01_Funk3-112-C#_comp.jams,1506158,2,4,3,3,3,True,0.33657243847846985,0.08322328141701016,wrong_choice_despite_correct_alternative,wrong_choice_despite_correct_alternative
49509,4,Funk2-108-Eb,03_Funk2-108-Eb_comp.jams,1310977,3,3,2,2,2,False,0.06036517024040222,0.08304779356352049,regression,regression
54974,0,Rock2-142-D,03_Rock2-142-D_comp.jams,149148,2,4,3,3,3,False,0.41255277395248413,0.08290263947698595,no_correct_alternative,no_correct_alternative
40471,4,Rock1-90-C#,02_Rock1-90-C#_comp.jams,529587,3,3,3,2,2,False,-0.05779531970620155,0.08289439163413773,keep,regression
54623,4,Rock1-90-C#,03_Rock1-90-C#_comp.jams,940945,2,2,3,3,3,False,0.1436484158039093,0.08274534011077517,regression,regression
4138,1,Funk3-112-C#,00_Funk3-112-C#_comp.jams,1441565,5,4,3,3,3,False,0.1327367126941681,0.08258837955157927,no_correct_alternative,no_correct_alternative
69223,0,Rock2-142-D,04_Rock2-142-D_comp.jams,1017354,2,2,3,3,3,False,0.41892996430397034,0.08234680797084121,regression,regression
38608,4,Jazz3-137-Eb,02_Jazz3-137-Eb_comp.jams,32023,2,2,3,3,3,False,0.10951417684555054,0.08232948159502629,regression,regression
37774,2,Jazz2-110-Bb,02_Jazz2-110-Bb_comp.jams,744610,0,3,3,2,2,False,-0.006966911256313324,0.08204019580540833,keep,no_correct_alternative
30280,4,SS2-107-Ab,01_SS2-107-Ab_solo.jams,815375,1,2,3,3,3,False,0.07135114073753357,0.08203701032038863,no_correct_alternative,no_correct_alternative
19791,1,Funk2-119-G,01_Funk2-119-G_comp.jams,1329194,3,3,2,2,2,False,0.036356642842292786,0.0814629380126225,regression,regression
72475,4,SS2-107-Ab,04_SS2-107-Ab_comp.jams,346513,2,2,3,3,3,False,0.11374691128730774,0.08130731775303512,regression,regression
10633,2,Rock2-85-F,00_Rock2-85-F_comp.jams,544766,4,3,2,2,2,False,0.017058581113815308,0.0813053239012882,no_correct_alternative,no_correct_alternative
25617,0,Rock2-142-D,01_Rock2-142-D_comp.jams,596309,5,4,3,3,3,False,0.42175665497779846,0.08126724629747123,no_correct_alternative,no_correct_alternative
65332,4,Jazz1-130-D,04_Jazz1-130-D_comp.jams,813471,3,3,2,2,2,False,0.10813561081886292,0.08126270577953332,regression,regression
3683,1,Funk3-112-C#,00_Funk3-112-C#_comp.jams,294279,3,3,3,2,2,False,-0.050666093826293945,0.08085924966552568,keep,regression
54392,4,Rock1-90-C#,03_Rock1-90-C#_comp.jams,382274,2,3,4,4,4,False,0.16676640510559082,0.08082082428175458,no_correct_alternative,no_correct_alternative
6890,4,Jazz3-137-Eb,00_Jazz3-137-Eb_comp.jams,69767,3,3,2,2,2,False,0.07298251986503601,0.08073924404801242,regression,regression
15986,1,SS3-98-C,00_SS3-98-C_comp.jams,643092,1,3,2,2,2,False,0.01358155906200409,0.08050734287637765,no_correct_alternative,no_correct_alternative
23247,4,Jazz3-137-Eb,01_Jazz3-137-Eb_comp.jams,803871,2,2,3,3,3,False,0.06499454379081726,0.0800474735741113,regression,regression
18862,4,Funk2-108-Eb,01_Funk2-108-Eb_comp.jams,85046,3,3,2,2,2,False,0.021266132593154907,0.0800252229595535,regression,regression
5126,4,Jazz1-130-D,00_Jazz1-130-D_comp.jams,181524,3,3,2,2,2,False,0.07756391167640686,0.07998762473389603,regression,regression
57010,0,Rock3-148-C,03_Rock3-148-C_comp.jams,339228,2,2,3,3,3,False,0.26877906918525696,0.07987029129681222,regression,regression
3880,1,Funk3-112-C#,00_Funk3-112-C#_comp.jams,773921,4,4,3,3,3,False,0.23770467936992645,0.07983053498256104,regression,regression
31654,1,SS3-98-C,01_SS3-98-C_comp.jams,608615,1,4,2,2,2,False,0.03507937490940094,0.07975757168996134,no_correct_alternative,no_correct_alternative
71028,0,Rock3-148-C,04_Rock3-148-C_comp.jams,331337,4,2,3,3,3,True,0.41716909408569336,0.07953746307902299,wrong_choice_despite_correct_alternative,wrong_choice_despite_correct_alternative
34560,4,Funk2-108-Eb,02_Funk2-108-Eb_comp.jams,587378,1,3,2,2,2,False,0.08047783374786377,0.07934711496604469,no_correct_alternative,no_correct_alternative
37005,4,Jazz1-130-D,02_Jazz1-130-D_solo.jams,101526,1,2,2,3,3,False,-0.03615477681159973,0.07925538187194309,keep,no_correct_alternative
16554,1,SS3-98-C,00_SS3-98-C_solo.jams,864207,3,3,2,2,2,False,0.2564709186553955,0.07918302646224701,regression,regression
37793,2,Jazz2-110-Bb,02_Jazz2-110-Bb_comp.jams,820715,4,4,3,3,3,False,0.4784690737724304,0.0789351846063664,regression,regression
2997,1,Funk2-119-G,00_Funk2-119-G_comp.jams,350014,3,3,4,4,4,False,0.04320470988750458,0.07887364915126654,regression,regression
71097,0,Rock3-148-C,04_Rock3-148-C_comp.jams,491510,4,4,3,3,3,False,0.30513107776641846,0.07876967086934278,regression,regression
17515,0,BN2-166-Ab,01_BN2-166-Ab_comp.jams,757406,1,3,2,2,2,False,0.05942525714635849,0.07864549823543793,no_correct_alternative,no_correct_alternative
58826,4,SS2-107-Ab,03_SS2-107-Ab_comp.jams,1286049,1,3,3,2,2,False,-0.03251047432422638,0.07843385576160661,keep,no_correct_alternative
35039,1,Funk2-119-G,02_Funk2-119-G_comp.jams,378218,2,2,3,3,3,False,0.19571956992149353,0.07838499679300487,regression,regression
2639,4,Funk2-108-Eb,00_Funk2-108-Eb_comp.jams,1359512,5,3,2,2,2,False,0.06389573216438293,0.07824405762035502,no_correct_alternative,no_correct_alternative
9480,4,Rock1-90-C#,00_Rock1-90-C#_solo.jams,506335,0,2,2,3,3,False,-0.04295845329761505,0.0780575703423392,keep,no_correct_alternative
2582,4,Funk2-108-Eb,00_Funk2-108-Eb_comp.jams,1223578,4,3,3,2,2,False,-0.031968921422958374,0.07791328757883306,keep,no_correct_alternative
70226,2,Rock2-85-F,04_Rock2-85-F_solo.jams,1308585,2,2,3,3,3,False,0.14310899376869202,0.07774755144906115,regression,regression
60729,1,SS3-98-C,03_SS3-98-C_comp.jams,1688044,1,3,2,2,2,False,0.2591404318809509,0.07770913867189744,no_correct_alternative,no_correct_alternative
58659,4,SS2-107-Ab,03_SS2-107-Ab_comp.jams,829484,1,3,3,2,2,False,-0.08918172121047974,0.07735230287708172,keep,no_correct_alternative
69631,2,Rock2-85-F,04_Rock2-85-F_comp.jams,716871,1,4,2,2,2,False,0.2954949140548706,0.07719863653381195,no_correct_alternative,no_correct_alternative
10488,2,Rock2-85-F,00_Rock2-85-F_comp.jams,221272,0,3,3,2,2,False,-0.010024601593613625,0.07719598575827843,keep,no_correct_alternative
65635,2,Jazz1-200-B,04_Jazz1-200-B_comp.jams,488296,0,2,2,3,3,False,-0.006013479083776474,0.0767550803744006,keep,no_correct_alternative
2504,4,Funk2-108-Eb,00_Funk2-108-Eb_comp.jams,992700,6,4,3,3,3,False,0.07346293330192566,0.07661276583066962,no_correct_alternative,no_correct_alternative
37965,2,Jazz2-110-Bb,02_Jazz2-110-Bb_comp.jams,1290267,2,4,3,3,3,True,0.2488921731710434,0.07580502110626519,wrong_choice_despite_correct_alternative,wrong_choice_despite_correct_alternative
51874,2,Jazz1-200-B,03_Jazz1-200-B_comp.jams,609201,4,4,2,2,2,False,0.2743549942970276,0.07573371353667463,regression,regression
1678,1,BN3-154-E,00_BN3-154-E_solo.jams,1006615,1,2,2,3,3,False,-0.06081017106771469,0.07561237670374354,keep,no_correct_alternative
32037,1,SS3-98-C,01_SS3-98-C_comp.jams,1472285,1,2,3,3,3,False,0.2144455909729004,0.07559639996239886,no_correct_alternative,no_correct_alternative
29092,0,SS1-68-E,01_SS1-68-E_comp.jams,1052002,3,3,2,2,2,False,0.4286309778690338,0.07556771513661631,regression,regression
10578,2,Rock2-85-F,00_Rock2-85-F_comp.jams,428028,5,4,2,2,2,False,0.24893414974212646,0.0753619531999471,no_correct_alternative,no_correct_alternative
66825,4,Jazz3-137-Eb,04_Jazz3-137-Eb_comp.jams,532521,3,3,4,4,4,False,0.0935278832912445,0.07534507667040413,regression,regression
48151,0,BN2-166-Ab,03_BN2-166-Ab_comp.jams,733579,3,3,2,2,2,False,0.19630809128284454,0.07532768936856218,regression,regression
52355,2,Jazz2-110-Bb,03_Jazz2-110-Bb_comp.jams,1443845,4,4,3,3,3,False,0.4494091868400574,0.07485516702102085,regression,regression
63527,1,Funk2-119-G,04_Funk2-119-G_comp.jams,1353590,3,3,2,2,2,False,0.05851772427558899,0.07485456088067621,regression,regression
50365,1,Funk3-112-C#,03_Funk3-112-C#_comp.jams,768605,2,2,3,3,3,False,0.04124894738197327,0.07434855977391419,regression,regression
2221,4,Funk2-108-Eb,00_Funk2-108-Eb_comp.jams,196176,4,4,4,3,3,False,-0.031139656901359558,0.0743019719640454,keep,regression
68365,4,Rock1-90-C#,04_Rock1-90-C#_comp.jams,615343,1,2,3,3,3,False,0.020816609263420105,0.07412421319976292,no_correct_alternative,no_correct_alternative
34790,4,Funk2-108-Eb,02_Funk2-108-Eb_comp.jams,1372302,1,3,3,2,2,False,-0.06975172460079193,0.073961497318145,keep,no_correct_alternative
26540,2,Rock2-85-F,01_Rock2-85-F_comp.jams,872870,3,2,4,4,4,True,0.3340970277786255,0.07394744352924629,wrong_choice_despite_correct_alternative,wrong_choice_despite_correct_alternative
38754,4,Jazz3-137-Eb,02_Jazz3-137-Eb_comp.jams,574410,1,2,3,3,3,False,0.08641970157623291,0.07365067790150764,no_correct_alternative,no_correct_alternative
38780,4,Jazz3-137-Eb,02_Jazz3-137-Eb_comp.jams,714347,1,3,2,2,2,False,0.06826382875442505,0.07362356355597438,no_correct_alternative,no_correct_alternative
60302,1,SS3-98-C,03_SS3-98-C_comp.jams,682504,2,4,3,3,3,True,0.340167373418808,0.07331757089118751,wrong_choice_despite_correct_alternative,wrong_choice_despite_correct_alternative
19470,1,Funk2-119-G,01_Funk2-119-G_comp.jams,30034,0,2,2,3,3,False,-0.06334761530160904,0.07328899040650635,keep,no_correct_alternative
31971,1,SS3-98-C,01_SS3-98-C_comp.jams,1324482,2,2,3,3,3,False,0.15976855158805847,0.07317885289690779,regression,regression
71815,0,SS1-68-E,04_SS1-68-E_comp.jams,919105,5,3,2,2,2,False,0.4495882987976074,0.07297923811159046,no_correct_alternative,no_correct_alternative
34567,4,Funk2-108-Eb,02_Funk2-108-Eb_comp.jams,636197,3,3,2,2,2,False,0.00829043984413147,0.0729351473348161,regression,regression
9196,4,Rock1-90-C#,00_Rock1-90-C#_comp.jams,1175051,6,3,4,4,4,False,0.14995542168617249,0.07279343184153347,no_correct_alternative,no_correct_alternative
10690,2,Rock2-85-F,00_Rock2-85-F_comp.jams,669109,3,3,2,2,2,False,0.27342990040779114,0.07253905450123421,regression,regression
69116,0,Rock2-142-D,04_Rock2-142-D_comp.jams,746065,3,3,2,2,2,False,0.07008899003267288,0.07223794901781747,regression,regression
23541,0,Jazz3-150-C,01_Jazz3-150-C_comp.jams,205761,0,3,2,2,2,False,0.06024150550365448,0.0719601225429096,no_correct_alternative,no_correct_alternative
24534,4,Rock1-90-C#,01_Rock1-90-C#_comp.jams,74111,3,3,4,4,4,False,0.12957847118377686,0.07188075886231737,regression,regression
10031,0,Rock2-142-D,00_Rock2-142-D_comp.jams,957018,4,3,2,2,2,False,0.09015784412622452,0.07175304192146895,no_correct_alternative,no_correct_alternative
31961,1,SS3-98-C,01_SS3-98-C_comp.jams,1304111,2,2,4,4,4,False,0.4161278009414673,0.07154600658979404,regression,regression
8965,4,Rock1-90-C#,00_Rock1-90-C#_comp.jams,637185,3,3,3,2,2,False,-0.06213615834712982,0.07144163086053981,keep,regression
31373,1,SS3-98-C,01_SS3-98-C_comp.jams,5,2,3,4,4,4,False,0.13920781016349792,0.07140174597130866,no_correct_alternative,no_correct_alternative
20304,1,Funk3-112-C#,01_Funk3-112-C#_comp.jams,1240496,2,2,3,3,3,False,0.21491214632987976,0.071048833328417,regression,regression
7725,0,Jazz3-150-C,00_Jazz3-150-C_comp.jams,1058407,5,4,3,3,3,False,0.3749293386936188,0.0708659774672114,no_correct_alternative,no_correct_alternative
2877,1,Funk2-119-G,00_Funk2-119-G_comp.jams,17337,3,3,3,2,2,False,-0.004799202084541321,0.0702633234176459,keep,regression
36898,4,Jazz1-130-D,02_Jazz1-130-D_comp.jams,685486,3,3,2,2,2,False,0.09042856097221375,0.0701019074317637,regression,regression
33531,1,BN3-154-E,02_BN3-154-E_comp.jams,490416,3,3,2,2,2,False,0.14717930555343628,0.06998967063007427,regression,regression
38925,4,Jazz3-137-Eb,02_Jazz3-137-Eb_comp.jams,1171067,3,3,2,2,2,False,0.08305445313453674,0.06970342799321133,regression,regression
9250,4,Rock1-90-C#,00_Rock1-90-C#_comp.jams,1286816,1,3,2,2,2,False,0.10532012581825256,0.06967071516073553,no_correct_alternative,no_correct_alternative
37405,2,Jazz1-200-B,02_Jazz1-200-B_comp.jams,577618,1,3,2,2,2,False,0.18343135714530945,0.0691876784516186,no_correct_alternative,no_correct_alternative
12414,0,Rock3-148-C,00_Rock3-148-C_comp.jams,321851,6,2,3,3,3,False,0.28511685132980347,0.06850464652940863,no_correct_alternative,no_correct_alternative
63897,1,Funk3-112-C#,04_Funk3-112-C#_comp.jams,472729,4,4,3,3,3,False,0.1573261320590973,0.068446442281481,regression,regression
28133,0,Rock3-148-C,01_Rock3-148-C_comp.jams,250184,2,4,3,3,3,False,0.2770279347896576,0.06820128957992927,no_correct_alternative,no_correct_alternative
20053,1,Funk3-112-C#,01_Funk3-112-C#_comp.jams,160271,3,3,3,2,2,False,-0.056651920080184937,0.06813993542614707,keep,regression
34210,2,Funk1-114-Ab,02_Funk1-114-Ab_comp.jams,998327,0,2,2,3,3,False,-0.05741511285305023,0.06801163237985075,keep,no_correct_alternative
60544,1,SS3-98-C,03_SS3-98-C_comp.jams,1243332,3,4,2,2,2,False,0.0974806696176529,0.06777781104428338,no_correct_alternative,no_correct_alternative
20015,1,Funk3-112-C#,01_Funk3-112-C#_comp.jams,6,2,2,3,3,3,False,0.2008773684501648,0.06747274314925167,regression,regression
17837,1,BN3-154-E,01_BN3-154-E_comp.jams,301475,4,4,3,3,3,False,0.20037928223609924,0.06746606827895585,regression,regression
68603,4,Rock1-90-C#,04_Rock1-90-C#_comp.jams,1235005,4,4,3,3,3,False,0.1376935839653015,0.06740746951211041,regression,regression
49874,1,Funk2-119-G,03_Funk2-119-G_comp.jams,756764,3,3,2,2,2,False,0.15239465236663818,0.06738903420083409,regression,regression
63213,1,Funk2-119-G,04_Funk2-119-G_comp.jams,211604,4,4,3,3,3,False,0.1632089614868164,0.06738330684535326,regression,regression
12763,0,Rock3-148-C,00_Rock3-148-C_comp.jams,1082459,2,4,3,3,3,False,0.27373871207237244,0.06735004085608076,no_correct_alternative,no_correct_alternative
19642,1,Funk2-119-G,01_Funk2-119-G_comp.jams,734065,0,3,3,2,2,False,-0.05985303968191147,0.06706796834851275,keep,no_correct_alternative
24629,4,Rock1-90-C#,01_Rock1-90-C#_comp.jams,262573,2,2,4,4,4,False,0.08262591063976288,0.06706375007796109,regression,regression
54663,4,Rock1-90-C#,03_Rock1-90-C#_comp.jams,1045453,2,2,3,3,3,False,0.1213928759098053,0.06701967420378585,regression,regression
57054,0,Rock3-148-C,03_Rock3-148-C_comp.jams,447149,3,3,4,4,4,False,0.42036816477775574,0.06687574607662472,regression,regression
2992,1,Funk2-119-G,00_Funk2-119-G_comp.jams,312010,5,4,3,3,3,False,0.22525711357593536,0.06649889259654362,no_correct_alternative,no_correct_alternative
48471,1,BN3-154-E,03_BN3-154-E_comp.jams,508976,1,3,2,2,2,False,0.04523366689682007,0.06647665620587723,no_correct_alternative,no_correct_alternative
17549,0,BN2-166-Ab,01_BN2-166-Ab_comp.jams,885762,0,2,3,3,3,False,0.2522102892398834,0.06637046382202072,no_correct_alternative,no_correct_alternative
38698,4,Jazz3-137-Eb,02_Jazz3-137-Eb_comp.jams,360258,2,2,3,3,3,False,0.005879908800125122,0.06631302926025179,regression,regression
66706,4,Jazz3-137-Eb,04_Jazz3-137-Eb_comp.jams,86807,4,4,4,3,3,False,-0.10963219404220581,0.06627149945188715,keep,regression
54738,4,Rock1-90-C#,03_Rock1-90-C#_comp.jams,1233962,1,2,3,3,3,False,0.030434727668762207,0.06598508830575478,no_correct_alternative,no_correct_alternative
51763,2,Jazz1-200-B,03_Jazz1-200-B_comp.jams,13844,3,4,2,2,2,True,0.39379072189331055,0.06597433964644167,wrong_choice_despite_correct_alternative,wrong_choice_despite_correct_alternative
49015,2,Funk1-114-Ab,03_Funk1-114-Ab_comp.jams,1030137,2,4,3,3,3,True,0.31258466839790344,0.06577774626637659,wrong_choice_despite_correct_alternative,wrong_choice_despite_correct_alternative
39832,2,Rock1-130-A,02_Rock1-130-A_comp.jams,30942,3,3,2,2,2,False,0.22993811964988708,0.06533290130673203,regression,regression
58829,4,SS2-107-Ab,03_SS2-107-Ab_comp.jams,1299342,4,4,4,3,3,False,-0.008472740650177002,0.06526822568679613,keep,regression
65353,4,Jazz1-130-D,04_Jazz1-130-D_comp.jams,875458,4,4,4,3,3,False,-0.005978107452392578,0.06518063645205113,keep,regression
8749,4,Rock1-90-C#,00_Rock1-90-C#_comp.jams,145665,4,2,3,3,3,False,0.040614962577819824,0.06515825479825255,no_correct_alternative,no_correct_alternative
72591,4,SS2-107-Ab,04_SS2-107-Ab_comp.jams,742284,1,2,3,3,3,False,0.11999213695526123,0.06510107855166125,no_correct_alternative,no_correct_alternative
3092,1,Funk2-119-G,00_Funk2-119-G_comp.jams,561736,5,4,3,3,3,False,0.15965276956558228,0.0648467780094249,no_correct_alternative,no_correct_alternative
68366,4,Rock1-90-C#,04_Rock1-90-C#_comp.jams,617120,4,2,3,3,3,True,0.28107261657714844,0.0648185503430434,wrong_choice_despite_correct_alternative,wrong_choice_despite_correct_alternative
9230,4,Rock1-90-C#,00_Rock1-90-C#_comp.jams,1241566,4,3,2,2,2,False,0.12698650360107422,0.06438458974056999,no_correct_alternative,no_correct_alternative
70035,2,Rock2-85-F,04_Rock2-85-F_comp.jams,1851411,1,4,3,3,3,False,0.22398467361927032,0.06434552505395794,no_correct_alternative,no_correct_alternative
54364,4,Rock1-90-C#,03_Rock1-90-C#_comp.jams,308289,1,3,2,2,2,False,0.10337895154953003,0.064237979221823,no_correct_alternative,no_correct_alternative
46591,1,SS3-98-C,02_SS3-98-C_comp.jams,81257,3,3,4,4,4,False,0.09505017101764679,0.06422307546309597,regression,regression
31958,1,SS3-98-C,01_SS3-98-C_comp.jams,1297740,3,3,2,2,2,False,0.2217603623867035,0.06416567813798013,regression,regression
24195,2,Rock1-130-A,01_Rock1-130-A_comp.jams,865290,4,4,3,3,3,False,0.11581848561763763,0.06373949630237463,regression,regression
62383,2,Funk1-114-Ab,04_Funk1-114-Ab_comp.jams,1061533,0,3,3,2,2,False,-0.017826030030846596,0.06348545514700393,keep,no_correct_alternative
55855,2,Rock2-85-F,03_Rock2-85-F_comp.jams,1088794,4,4,3,3,3,False,0.3283902108669281,0.06330824692719839,regression,regression
58784,4,SS2-107-Ab,03_SS2-107-Ab_comp.jams,1156774,3,3,3,4,4,False,-0.09928512573242188,0.06287212671421363,keep,regression
24028,2,Rock1-130-A,01_Rock1-130-A_comp.jams,447943,0,2,3,3,3,False,0.2734384536743164,0.06274448572809027,no_correct_alternative,no_correct_alternative
57029,0,Rock3-148-C,03_Rock3-148-C_comp.jams,386676,2,2,3,3,3,False,0.26771655678749084,0.06256424925761045,regression,regression
2634,4,Funk2-108-Eb,00_Funk2-108-Eb_comp.jams,1348518,2,2,2,3,3,False,-0.044490039348602295,0.06254554777598209,keep,regression
60343,1,SS3-98-C,03_SS3-98-C_comp.jams,769446,3,3,2,2,2,False,0.1795964241027832,0.062482091125223904,regression,regression
62724,4,Funk2-108-Eb,04_Funk2-108-Eb_comp.jams,600542,2,2,2,3,3,False,-0.00721779465675354,0.062401750696017166,keep,regression
57976,0,SS1-68-E,03_SS1-68-E_comp.jams,1349715,1,3,2,2,2,False,0.25201520323753357,0.062318682412912996,no_correct_alternative,no_correct_alternative
9292,4,Rock1-90-C#,00_Rock1-90-C#_comp.jams,1374237,6,2,3,3,3,False,0.11539292335510254,0.06206448138238552,no_correct_alternative,no_correct_alternative
74254,1,SS3-98-C,04_SS3-98-C_comp.jams,1209450,1,3,2,2,2,False,0.19938361644744873,0.062037581867092184,no_correct_alternative,no_correct_alternative
28347,0,Rock3-148-C,01_Rock3-148-C_comp.jams,858568,2,3,4,4,4,False,0.23277682065963745,0.062036811399574954,no_correct_alternative,no_correct_alternative
31832,1,SS3-98-C,01_SS3-98-C_comp.jams,1013750,1,3,2,2,2,False,0.040006980299949646,0.06194520605646553,no_correct_alternative,no_correct_alternative
48167,0,BN2-166-Ab,03_BN2-166-Ab_comp.jams,797444,1,4,2,2,2,False,0.01264026015996933,0.06192359595132349,no_correct_alternative,no_correct_alternative
52169,2,Jazz2-110-Bb,03_Jazz2-110-Bb_comp.jams,769862,4,4,3,3,3,False,0.4296696186065674,0.061862167265196444,regression,regression
18439,2,Funk1-114-Ab,01_Funk1-114-Ab_comp.jams,429487,1,3,2,2,2,False,0.10720744729042053,0.06181954977712989,no_correct_alternative,no_correct_alternative
34610,4,Funk2-108-Eb,02_Funk2-108-Eb_comp.jams,821898,3,3,2,2,2,False,0.025049686431884766,0.06165697421749605,regression,regression
49787,1,Funk2-119-G,03_Funk2-119-G_comp.jams,305874,1,2,3,3,3,False,0.11466792225837708,0.061576711866350275,no_correct_alternative,no_correct_alternative
9084,4,Rock1-90-C#,00_Rock1-90-C#_comp.jams,923788,5,3,3,2,2,False,-0.10337314009666443,0.06137790011167449,keep,no_correct_alternative
50229,1,Funk3-112-C#,03_Funk3-112-C#_comp.jams,271912,1,3,2,2,2,False,0.11896935105323792,0.06134794017122852,no_correct_alternative,no_correct_alternative
31390,1,SS3-98-C,01_SS3-98-C_comp.jams,34509,2,2,3,3,3,False,0.19543173909187317,0.06134257009719857,regression,regression
9187,4,Rock1-90-C#,00_Rock1-90-C#_comp.jams,1152033,5,3,3,2,2,False,-0.10337384790182114,0.06106609792921816,keep,no_correct_alternative
14439,4,SS2-107-Ab,00_SS2-107-Ab_comp.jams,1001541,1,3,2,2,2,False,0.0840558409690857,0.060708659352138816,no_correct_alternative,no_correct_alternative
71692,0,SS1-68-E,04_SS1-68-E_comp.jams,609755,3,3,2,2,2,False,0.2740855813026428,0.06056684864180478,regression,regression
43438,0,Rock3-148-C,02_Rock3-148-C_comp.jams,1091078,5,2,3,3,3,False,0.24341820180416107,0.06056090162944239,no_correct_alternative,no_correct_alternative
72761,4,SS2-107-Ab,04_SS2-107-Ab_comp.jams,1273087,0,3,3,2,2,False,-0.05691535770893097,0.06042046337705714,keep,no_correct_alternative
63854,1,Funk3-112-C#,04_Funk3-112-C#_comp.jams,342293,4,4,3,3,3,False,0.0714438259601593,0.060414973747437095,regression,regression
54648,4,Rock1-90-C#,03_Rock1-90-C#_comp.jams,1000075,2,2,3,3,3,False,0.04170903563499451,0.06032501802065787,regression,regression
71295,0,Rock3-148-C,04_Rock3-148-C_comp.jams,1020682,1,2,3,3,3,False,0.27017340064048767,0.060286348949242896,no_correct_alternative,no_correct_alternative
42041,2,Rock2-85-F,02_Rock2-85-F_comp.jams,1961050,1,4,2,2,2,False,0.03607744723558426,0.06013120841461361,no_correct_alternative,no_correct_alternative
71819,0,SS1-68-E,04_SS1-68-E_comp.jams,928187,6,3,2,2,2,False,0.17117564380168915,0.060119202570082686,no_correct_alternative,no_correct_alternative
31891,1,SS3-98-C,01_SS3-98-C_comp.jams,1147266,1,2,3,3,3,False,0.0820862203836441,0.05937461203126071,no_correct_alternative,no_correct_alternative
62636,4,Funk2-108-Eb,04_Funk2-108-Eb_comp.jams,270332,2,2,3,3,3,False,0.03462982177734375,0.05919908596969725,regression,regression
12609,0,Rock3-148-C,00_Rock3-148-C_comp.jams,752518,2,2,3,3,3,False,0.26570117473602295,0.05903384247417609,regression,regression
20334,1,Funk3-112-C#,01_Funk3-112-C#_comp.jams,1346436,3,3,2,2,2,False,0.19973665475845337,0.05897787443362712,regression,regression
19269,4,Funk2-108-Eb,01_Funk2-108-Eb_solo.jams,416430,1,2,2,3,3,False,-0.0829031765460968,0.05895769330627712,keep,no_correct_alternative
13642,0,SS1-68-E,00_SS1-68-E_solo.jams,235725,2,2,3,3,3,False,0.4578953981399536,0.058850515400855286,regression,regression
62567,2,Funk1-114-Ab,04_Funk1-114-Ab_solo.jams,1008366,1,2,2,3,3,False,-0.024785175919532776,0.05875607407718911,keep,no_correct_alternative
62914,4,Funk2-108-Eb,04_Funk2-108-Eb_comp.jams,1287703,2,2,2,3,3,False,-0.02539166808128357,0.058285957449489334,keep,regression
10637,2,Rock2-85-F,00_Rock2-85-F_comp.jams,553254,3,3,2,2,2,False,0.1546008288860321,0.05804981759884942,regression,regression
1979,2,Funk1-114-Ab,00_Funk1-114-Ab_comp.jams,877686,5,3,3,2,2,False,-0.011934995651245117,0.057865655882741895,keep,no_correct_alternative
53535,0,Jazz3-150-C,03_Jazz3-150-C_comp.jams,735146,3,4,2,2,2,True,0.4611132740974426,0.05756813029473623,wrong_choice_despite_correct_alternative,wrong_choice_despite_correct_alternative
19643,1,Funk2-119-G,01_Funk2-119-G_comp.jams,740256,3,3,4,4,4,False,0.10980367660522461,0.05698045308159644,regression,regression
7107,4,Jazz3-137-Eb,00_Jazz3-137-Eb_comp.jams,926609,1,2,3,3,3,False,0.002068817615509033,0.056951082720310686,no_correct_alternative,no_correct_alternative
2421,4,Funk2-108-Eb,00_Funk2-108-Eb_comp.jams,783505,3,3,2,2,2,False,0.0031053125858306885,0.05690797908528489,regression,regression
11264,2,Rock2-85-F,00_Rock2-85-F_comp.jams,1983627,5,3,3,2,2,False,-0.039510101079940796,0.05678647208580387,keep,no_correct_alternative
28737,0,SS1-68-E,01_SS1-68-E_comp.jams,183667,0,3,2,2,2,False,0.2109726220369339,0.056698784449516704,no_correct_alternative,no_correct_alternative
66697,4,Jazz3-137-Eb,04_Jazz3-137-Eb_comp.jams,39658,4,3,2,2,2,False,0.040625035762786865,0.05626137903365225,no_correct_alternative,no_correct_alternative
12757,0,Rock3-148-C,00_Rock3-148-C_comp.jams,1068889,6,3,2,2,2,False,0.1887952834367752,0.05570184755655927,no_correct_alternative,no_correct_alternative
14455,4,SS2-107-Ab,00_SS2-107-Ab_comp.jams,1046413,0,3,3,2,2,False,-0.08516943454742432,0.05553339086246445,keep,no_correct_alternative
6059,2,Jazz2-110-Bb,00_Jazz2-110-Bb_comp.jams,889168,0,3,2,2,2,False,0.07225348055362701,0.05514065468900492,no_correct_alternative,no_correct_alternative
43253,0,Rock3-148-C,02_Rock3-148-C_comp.jams,672570,2,2,3,3,3,False,0.25606557726860046,0.0550520171247465,regression,regression
4071,1,Funk3-112-C#,00_Funk3-112-C#_comp.jams,1263768,5,4,3,3,3,False,0.1592961549758911,0.054887239969824475,no_correct_alternative,no_correct_alternative
34971,1,Funk2-119-G,02_Funk2-119-G_comp.jams,89175,1,3,3,2,2,False,-0.0889817327260971,0.05477534409822521,keep,no_correct_alternative
9868,0,Rock2-142-D,00_Rock2-142-D_comp.jams,570756,4,4,3,3,3,False,0.3202435374259949,0.054385915569546556,regression,regression
36923,4,Jazz1-130-D,02_Jazz1-130-D_comp.jams,794800,4,2,3,3,3,False,0.0016383230686187744,0.05428905133360756,no_correct_alternative,no_correct_alternative
63397,1,Funk2-119-G,04_Funk2-119-G_comp.jams,934120,3,3,2,2,2,False,0.10762804746627808,0.05425679252109089,regression,regression
31479,1,SS3-98-C,01_SS3-98-C_comp.jams,232147,1,3,2,2,2,False,0.05587787926197052,0.053533509806011736,no_correct_alternative,no_correct_alternative
9165,4,Rock1-90-C#,00_Rock1-90-C#_comp.jams,1108285,6,3,4,4,4,False,0.05693967640399933,0.05297955038272725,no_correct_alternative,no_correct_alternative
19565,1,Funk2-119-G,01_Funk2-119-G_comp.jams,400910,4,4,3,3,3,False,0.14032629132270813,0.05278759115584014,regression,regression
18957,4,Funk2-108-Eb,01_Funk2-108-Eb_comp.jams,478918,1,3,2,2,2,False,0.0287930965423584,0.052746669788795,no_correct_alternative,no_correct_alternative
54455,4,Rock1-90-C#,03_Rock1-90-C#_comp.jams,528427,2,3,3,4,4,False,-0.1153784692287445,0.052457153761025915,keep,no_correct_alternative
28180,0,Rock3-148-C,01_Rock3-148-C_comp.jams,367035,1,2,3,3,3,False,0.30959415435791016,0.05232816266281071,no_correct_alternative,no_correct_alternative
18974,4,Funk2-108-Eb,01_Funk2-108-Eb_comp.jams,569631,2,2,3,3,3,False,0.029620498418807983,0.05103259111093705,regression,regression
35306,1,Funk2-119-G,02_Funk2-119-G_comp.jams,1333361,2,2,2,3,3,False,-0.04247063398361206,0.050939585099680385,keep,regression
63533,1,Funk2-119-G,04_Funk2-119-G_comp.jams,1378432,2,2,3,3,3,False,0.2965385913848877,0.05084899324957787,regression,regression
50540,1,Funk3-112-C#,03_Funk3-112-C#_comp.jams,1488591,2,3,4,4,4,False,0.11259514093399048,0.05041369487157199,no_correct_alternative,no_correct_alternative
760,0,BN2-166-Ab,00_BN2-166-Ab_comp.jams,709555,3,3,4,4,4,False,0.28647536039352417,0.05033064727214637,regression,regression
65495,2,Jazz1-200-B,04_Jazz1-200-B_comp.jams,79281,2,4,3,3,3,True,0.3723028600215912,0.05025180041212246,wrong_choice_despite_correct_alternative,wrong_choice_despite_correct_alternative
18935,4,Funk2-108-Eb,01_Funk2-108-Eb_comp.jams,392634,1,3,2,2,2,False,0.01519542932510376,0.04976998982303221,no_correct_alternative,no_correct_alternative
53095,4,Jazz3-137-Eb,03_Jazz3-137-Eb_comp.jams,706192,3,3,4,4,4,False,0.04543282091617584,0.049604253501940726,regression,regression
20438,1,Funk3-112-C#,01_Funk3-112-C#_solo.jams,558234,1,3,3,2,2,False,-0.016707971692085266,0.04958287860502819,keep,no_correct_alternative
11260,2,Rock2-85-F,00_Rock2-85-F_comp.jams,1975936,6,4,4,2,2,False,-0.034878626465797424,0.0491551024039788,keep,no_correct_alternative
31760,1,SS3-98-C,01_SS3-98-C_comp.jams,853002,3,3,2,2,2,False,0.20333430171012878,0.04912077501361023,regression,regression
18594,2,Funk1-114-Ab,01_Funk1-114-Ab_comp.jams,1062343,0,3,3,2,2,False,-0.056523121893405914,0.04910782927173195,keep,no_correct_alternative
25631,0,Rock2-142-D,01_Rock2-142-D_comp.jams,623557,4,3,2,2,2,False,0.3034667372703552,0.04909344183532627,no_correct_alternative,no_correct_alternative
23629,0,Jazz3-150-C,01_Jazz3-150-C_comp.jams,687803,2,2,3,3,3,False,0.2269299477338791,0.048988762936212016,regression,regression
19450,4,Funk2-108-Eb,01_Funk2-108-Eb_solo.jams,1494258,1,3,3,2,2,False,-0.0824250876903534,0.048513028607234776,keep,no_correct_alternative
57079,0,Rock3-148-C,03_Rock3-148-C_comp.jams,500542,3,3,2,2,2,False,0.24529582262039185,0.04847234196843403,regression,regression
24066,2,Rock1-130-A,01_Rock1-130-A_comp.jams,540389,1,2,3,3,3,False,0.26459383964538574,0.0484616062615269,no_correct_alternative,no_correct_alternative
69563,2,Rock2-85-F,04_Rock2-85-F_comp.jams,543797,1,4,4,3,3,False,-0.015186846256256104,0.04824995133068094,keep,no_correct_alternative
18482,2,Funk1-114-Ab,01_Funk1-114-Ab_comp.jams,603762,3,3,4,4,4,False,0.2259904146194458,0.04808923615593641,regression,regression
38014,2,Jazz2-110-Bb,02_Jazz2-110-Bb_comp.jams,1432719,3,3,2,2,2,False,0.22178083658218384,0.04794518331745923,regression,regression
49820,1,Funk2-119-G,03_Funk2-119-G_comp.jams,456586,4,4,3,3,3,False,0.029501676559448242,0.0478483815195026,regression,regression
46780,1,SS3-98-C,02_SS3-98-C_comp.jams,566629,2,2,3,3,3,False,0.1275162547826767,0.04761819538929346,regression,regression
35211,1,Funk2-119-G,02_Funk2-119-G_comp.jams,957856,0,2,3,3,3,False,0.11380621790885925,0.04722519039040035,no_correct_alternative,no_correct_alternative
60406,1,SS3-98-C,03_SS3-98-C_comp.jams,905217,2,3,4,4,4,True,0.2758234441280365,0.047159798591906055,wrong_choice_despite_correct_alternative,wrong_choice_despite_correct_alternative
47065,1,SS3-98-C,02_SS3-98-C_comp.jams,1297418,1,2,3,3,3,False,0.10001528263092041,0.04713747688336223,no_correct_alternative,no_correct_alternative
44639,0,SS1-68-E,02_SS1-68-E_solo.jams,1704547,1,3,2,2,2,False,0.3508545160293579,0.04709458415199519,no_correct_alternative,no_correct_alternative
34999,1,Funk2-119-G,02_Funk2-119-G_comp.jams,201032,1,2,2,3,3,False,-0.08687242865562439,0.04686689669287897,keep,no_correct_alternative
43001,0,Rock3-148-C,02_Rock3-148-C_comp.jams,99814,5,3,4,4,4,False,0.18436038494110107,0.04684776848117739,no_correct_alternative,no_correct_alternative
25725,0,Rock2-142-D,01_Rock2-142-D_comp.jams,848055,4,3,2,2,2,False,0.2419857233762741,0.04680521991922476,no_correct_alternative,no_correct_alternative
9087,4,Rock1-90-C#,00_Rock1-90-C#_comp.jams,930230,1,3,3,2,2,False,-0.03364238888025284,0.04671987533768124,keep,no_correct_alternative
12436,0,Rock3-148-C,00_Rock3-148-C_comp.jams,367543,5,4,3,3,3,False,0.363730251789093,0.046563309814151466,no_correct_alternative,no_correct_alternative
53803,2,Rock1-130-A,03_Rock1-130-A_comp.jams,154708,1,3,2,2,2,False,0.060580283403396606,0.04628317304581547,no_correct_alternative,no_correct_alternative
52128,2,Jazz2-110-Bb,03_Jazz2-110-Bb_comp.jams,618093,3,3,2,2,2,False,0.20353835821151733,0.046131122507599764,regression,regression
19139,4,Funk2-108-Eb,01_Funk2-108-Eb_comp.jams,1372553,0,3,3,2,2,False,-0.10560359060764313,0.04604673357858163,keep,no_correct_alternative
18468,2,Funk1-114-Ab,01_Funk1-114-Ab_comp.jams,528017,2,2,3,3,3,False,0.2730543911457062,0.04602392080922191,regression,regression
3736,1,Funk3-112-C#,00_Funk3-112-C#_comp.jams,424425,4,4,3,3,3,False,0.12419837713241577,0.045180286495634686,regression,regression
21598,4,Jazz1-130-D,01_Jazz1-130-D_solo.jams,5,0,2,3,3,3,False,0.105170339345932,0.045142173801337004,no_correct_alternative,no_correct_alternative
44144,0,SS1-68-E,02_SS1-68-E_comp.jams,1424022,0,3,2,2,2,False,0.02599429339170456,0.045109067203964126,no_correct_alternative,no_correct_alternative
18595,2,Funk1-114-Ab,01_Funk1-114-Ab_comp.jams,1068007,2,2,3,3,3,False,0.2658657431602478,0.0450439407533989,regression,regression
62229,2,Funk1-114-Ab,04_Funk1-114-Ab_comp.jams,480707,0,3,3,2,2,False,-0.07760798931121826,0.04475872706787262,keep,no_correct_alternative
6228,2,Jazz2-110-Bb,00_Jazz2-110-Bb_comp.jams,1394796,3,3,2,2,2,False,0.18831175565719604,0.04449666410193576,regression,regression
24958,4,Rock1-90-C#,01_Rock1-90-C#_comp.jams,970851,2,2,3,3,3,False,0.06711357831954956,0.044316165930831763,regression,regression
55863,2,Rock2-85-F,03_Rock2-85-F_comp.jams,1119278,3,3,2,2,2,False,0.1499190628528595,0.044180964336535455,regression,regression
73856,1,SS3-98-C,04_SS3-98-C_comp.jams,26125,1,3,3,2,2,False,-0.027278028428554535,0.04413847878075025,keep,no_correct_alternative
15820,1,SS3-98-C,00_SS3-98-C_comp.jams,219235,1,2,3,3,3,False,0.14410263299942017,0.04409298846142884,no_correct_alternative,no_correct_alternative
64207,1,Funk3-112-C#,04_Funk3-112-C#_comp.jams,1358809,4,4,3,3,3,False,0.10387948155403137,0.04408359557695385,regression,regression
36183,1,Funk3-112-C#,02_Funk3-112-C#_solo.jams,1383475,1,3,3,2,2,False,-0.02479572594165802,0.04384276526208597,keep,no_correct_alternative
72450,4,SS2-107-Ab,04_SS2-107-Ab_comp.jams,247930,1,3,3,2,2,False,-0.012156665325164795,0.04363396574576661,keep,no_correct_alternative
39523,0,Jazz3-150-C,02_Jazz3-150-C_comp.jams,1040195,2,2,3,3,3,False,0.006741605699062347,0.04352941518505979,regression,regression
12614,0,Rock3-148-C,00_Rock3-148-C_comp.jams,763168,0,2,2,3,3,False,-0.03586350008845329,0.04331238011654895,keep,no_correct_alternative
5311,4,Jazz1-130-D,00_Jazz1-130-D_comp.jams,744788,3,3,2,2,2,False,0.023695051670074463,0.042759386656375686,regression,regression
52215,2,Jazz2-110-Bb,03_Jazz2-110-Bb_comp.jams,962707,4,4,3,3,3,False,0.3285885155200958,0.0424306749257618,regression,regression
66991,4,Jazz3-137-Eb,04_Jazz3-137-Eb_comp.jams,1075292,4,4,3,3,3,False,0.016880542039871216,0.042365886358588734,regression,regression
72090,0,SS1-68-E,04_SS1-68-E_comp.jams,1551331,1,3,2,2,2,False,0.08837798237800598,0.042358375457513586,no_correct_alternative,no_correct_alternative
65185,4,Jazz1-130-D,04_Jazz1-130-D_comp.jams,367068,4,3,2,2,2,False,0.0677427351474762,0.04234641101413095,no_correct_alternative,no_correct_alternative
2913,1,Funk2-119-G,00_Funk2-119-G_comp.jams,101559,1,2,2,3,3,False,-0.03410300612449646,0.04224869941055026,keep,no_correct_alternative
8284,2,Rock1-130-A,00_Rock1-130-A_comp.jams,635395,5,3,3,2,2,False,-0.008139155805110931,0.04215978312379112,keep,no_correct_alternative
25493,0,Rock2-142-D,01_Rock2-142-D_comp.jams,315851,2,2,3,3,3,False,0.2698715925216675,0.041380021811789625,regression,regression
37426,2,Jazz1-200-B,02_Jazz1-200-B_comp.jams,629667,2,2,3,3,3,False,0.21864894032478333,0.04134294205831779,regression,regression
31766,1,SS3-98-C,01_SS3-98-C_comp.jams,866022,3,4,2,2,2,True,0.3237278461456299,0.04112561562365491,wrong_choice_despite_correct_alternative,wrong_choice_despite_correct_alternative
58497,4,SS2-107-Ab,03_SS2-107-Ab_comp.jams,364913,3,3,3,2,2,False,-0.08153648674488068,0.04095888424695243,keep,regression
23160,4,Jazz3-137-Eb,01_Jazz3-137-Eb_comp.jams,386851,2,2,3,3,3,False,0.013683199882507324,0.04077903355921392,regression,regression
74174,1,SS3-98-C,04_SS3-98-C_comp.jams,972428,2,2,3,3,3,False,0.19079267978668213,0.04067198808119682,regression,regression
35583,1,Funk3-112-C#,02_Funk3-112-C#_comp.jams,310342,2,2,3,3,3,False,0.08618664741516113,0.04064339682685231,regression,regression
13698,0,SS1-68-E,00_SS1-68-E_solo.jams,470155,2,2,3,3,3,False,0.42345333099365234,0.04038471741464589,regression,regression
55701,2,Rock2-85-F,03_Rock2-85-F_comp.jams,743834,1,3,3,2,2,False,-0.08177701383829117,0.040348681606743375,keep,no_correct_alternative
58367,4,SS2-107-Ab,03_SS2-107-Ab_comp.jams,33229,3,3,2,2,2,False,0.03612533211708069,0.040152754727303286,regression,regression
7032,4,Jazz3-137-Eb,00_Jazz3-137-Eb_comp.jams,597903,5,3,3,2,2,False,-0.04279172420501709,0.03964269808069498,keep,no_correct_alternative
54000,2,Rock1-130-A,03_Rock1-130-A_comp.jams,650321,3,3,2,2,2,False,0.23537394404411316,0.03956587225750757,regression,regression
2684,4,Funk2-108-Eb,00_Funk2-108-Eb_comp.jams,1519790,4,3,3,2,2,False,-0.09440772235393524,0.03944697212999998,keep,no_correct_alternative
29859,4,SS2-107-Ab,01_SS2-107-Ab_comp.jams,771454,0,2,2,3,3,False,-0.08278056979179382,0.03943972479232555,keep,no_correct_alternative
31667,1,SS3-98-C,01_SS3-98-C_comp.jams,642473,0,3,2,2,2,False,0.18536090850830078,0.039266130327961724,no_correct_alternative,no_correct_alternative
7023,4,Jazz3-137-Eb,00_Jazz3-137-Eb_comp.jams,579231,3,3,3,2,2,False,-0.08318060636520386,0.039260085452332505,keep,regression
29720,4,SS2-107-Ab,01_SS2-107-Ab_comp.jams,210093,4,4,3,3,3,False,0.10091981291770935,0.03883985262643924,regression,regression
38876,4,Jazz3-137-Eb,02_Jazz3-137-Eb_comp.jams,1023985,3,3,3,2,2,False,-0.00787624716758728,0.03845584128950452,keep,regression
55989,2,Rock2-85-F,03_Rock2-85-F_comp.jams,1461538,3,4,2,2,2,True,0.2835065424442291,0.03782691746789979,wrong_choice_despite_correct_alternative,wrong_choice_despite_correct_alternative
2665,4,Funk2-108-Eb,00_Funk2-108-Eb_comp.jams,1439537,4,3,5,5,5,False,0.10520589351654053,0.03757921473880593,no_correct_alternative,no_correct_alternative
17964,1,BN3-154-E,01_BN3-154-E_comp.jams,731434,2,2,3,3,3,False,0.09525105357170105,0.03755461592653875,regression,regression
28269,0,Rock3-148-C,01_Rock3-148-C_comp.jams,625810,2,2,3,3,3,False,0.30621927976608276,0.03753994260042498,regression,regression
72146,0,SS1-68-E,04_SS1-68-E_comp.jams,1674203,4,3,5,5,5,True,0.6242232918739319,0.03712131942712499,wrong_choice_despite_correct_alternative,wrong_choice_despite_correct_alternative
60427,1,SS3-98-C,03_SS3-98-C_comp.jams,951592,1,3,2,2,2,False,0.052797138690948486,0.03709753414612013,no_correct_alternative,no_correct_alternative
31734,1,SS3-98-C,01_SS3-98-C_comp.jams,790717,1,3,2,2,2,False,0.03268110752105713,0.03708583255661807,no_correct_alternative,no_correct_alternative
49171,4,Funk2-108-Eb,03_Funk2-108-Eb_comp.jams,6,3,3,3,4,4,False,-0.10552360117435455,0.0370128444376262,keep,regression
58415,4,SS2-107-Ab,03_SS2-107-Ab_comp.jams,161086,1,3,3,2,2,False,-0.12164430320262909,0.03693607262756693,keep,no_correct_alternative
16566,1,SS3-98-C,00_SS3-98-C_solo.jams,889338,0,3,3,2,2,False,-0.0003041496383957565,0.03657228054100338,keep,no_correct_alternative
29957,4,SS2-107-Ab,01_SS2-107-Ab_comp.jams,1175044,1,2,2,3,3,False,-0.0950370579957962,0.03649548679381709,keep,no_correct_alternative
71312,0,Rock3-148-C,04_Rock3-148-C_comp.jams,1063735,4,4,3,3,3,False,0.2086145281791687,0.03620305212352676,regression,regression
65330,4,Jazz1-130-D,04_Jazz1-130-D_comp.jams,807497,1,3,3,2,2,False,-0.1192665547132492,0.03611086876825653,keep,no_correct_alternative
53948,2,Rock1-130-A,03_Rock1-130-A_comp.jams,508576,2,4,3,3,3,True,0.25346916913986206,0.036090469403928765,wrong_choice_despite_correct_alternative,wrong_choice_despite_correct_alternative
19480,1,Funk2-119-G,01_Funk2-119-G_comp.jams,71996,1,3,3,2,2,False,-0.11424002051353455,0.03594460628709653,keep,no_correct_alternative
65293,4,Jazz1-130-D,04_Jazz1-130-D_comp.jams,711373,4,3,2,2,2,False,0.05746692419052124,0.03585404917119123,no_correct_alternative,no_correct_alternative
31686,1,SS3-98-C,01_SS3-98-C_comp.jams,681353,2,2,3,3,3,False,0.21445751190185547,0.035769253312231075,regression,regression
26524,2,Rock2-85-F,01_Rock2-85-F_comp.jams,839668,2,4,4,3,3,False,-0.029465317726135254,0.035711211275768984,keep,no_correct_alternative
55182,0,Rock2-142-D,03_Rock2-142-D_comp.jams,754848,1,3,2,2,2,False,0.23614957928657532,0.035513261572243826,no_correct_alternative,no_correct_alternative
12741,0,Rock3-148-C,00_Rock3-148-C_comp.jams,1033393,4,4,2,2,2,False,0.26642823219299316,0.035503135562055504,regression,regression
46901,1,SS3-98-C,02_SS3-98-C_comp.jams,865360,3,3,2,2,2,False,0.062111929059028625,0.0353469269905336,regression,regression
12456,0,Rock3-148-C,00_Rock3-148-C_comp.jams,410279,2,2,3,3,3,False,0.05304308235645294,0.035162852791653265,regression,regression
26501,2,Rock2-85-F,01_Rock2-85-F_comp.jams,793931,4,2,3,3,3,True,0.3727146089076996,0.034954111156840106,wrong_choice_despite_correct_alternative,wrong_choice_despite_correct_alternative
63940,1,Funk3-112-C#,04_Funk3-112-C#_comp.jams,586396,3,3,3,2,2,False,-0.10165152698755264,0.03493105291394,keep,regression
67893,2,Rock1-130-A,04_Rock1-130-A_comp.jams,671715,1,3,3,2,2,False,-0.08507763594388962,0.03484324712504977,keep,no_correct_alternative
69662,2,Rock2-85-F,04_Rock2-85-F_comp.jams,808418,1,3,2,2,2,False,0.17966872453689575,0.03480126510494164,no_correct_alternative,no_correct_alternative
10626,2,Rock2-85-F,00_Rock2-85-F_comp.jams,529441,5,4,3,3,3,False,0.1549314260482788,0.0347884246653658,no_correct_alternative,no_correct_alternative
2689,4,Funk2-108-Eb,00_Funk2-108-Eb_comp.jams,1536806,4,3,3,2,2,False,-0.09093929827213287,0.034722996211121876,keep,no_correct_alternative
63516,1,Funk2-119-G,04_Funk2-119-G_comp.jams,1322576,4,4,2,2,2,False,0.2692180275917053,0.03453228037513245,regression,regression
35596,1,Funk3-112-C#,02_Funk3-112-C#_comp.jams,378688,2,2,3,3,3,False,0.27077287435531616,0.034527270882879046,regression,regression
49900,1,Funk2-119-G,03_Funk2-119-G_comp.jams,909339,1,2,2,3,3,False,-0.09531442821025848,0.0343663980024069,keep,no_correct_alternative
60630,1,SS3-98-C,03_SS3-98-C_comp.jams,1459012,3,4,2,2,2,False,0.08069077134132385,0.0342445073703439,no_correct_alternative,no_correct_alternative
7493,0,Jazz3-150-C,00_Jazz3-150-C_comp.jams,369876,3,3,2,2,2,False,0.026214376091957092,0.034215058952093924,regression,regression
49522,4,Funk2-108-Eb,03_Funk2-108-Eb_comp.jams,1371214,5,3,3,4,4,False,-0.006358504295349121,0.03414037180947649,keep,no_correct_alternative
23295,4,Jazz3-137-Eb,01_Jazz3-137-Eb_comp.jams,976735,2,2,2,3,3,False,-0.03582063317298889,0.034033172329855144,keep,regression
10035,0,Rock2-142-D,00_Rock2-142-D_comp.jams,970329,2,2,3,3,3,False,0.24385911226272583,0.034013124921441984,regression,regression
5236,4,Jazz1-130-D,00_Jazz1-130-D_comp.jams,479712,3,3,3,2,2,False,-0.07935765385627747,0.033885464908310514,keep,regression
44127,0,SS1-68-E,02_SS1-68-E_comp.jams,1378631,1,4,2,2,2,False,0.030927281826734543,0.0337426564303778,no_correct_alternative,no_correct_alternative
58578,4,SS2-107-Ab,03_SS2-107-Ab_comp.jams,593870,2,2,2,3,3,False,-0.12970051169395447,0.03369486038094027,keep,regression
21429,4,Jazz1-130-D,01_Jazz1-130-D_comp.jams,298466,2,2,3,3,3,False,0.0528067946434021,0.03344889913365451,regression,regression
69571,2,Rock2-85-F,04_Rock2-85-F_comp.jams,560160,1,4,3,3,3,False,0.2256046086549759,0.033328154480884636,no_correct_alternative,no_correct_alternative
19647,1,Funk2-119-G,01_Funk2-119-G_comp.jams,756771,2,4,3,3,3,False,0.0972299575805664,0.03328103276376271,no_correct_alternative,no_correct_alternative
14430,4,SS2-107-Ab,00_SS2-107-Ab_comp.jams,963836,1,3,3,2,2,False,-0.14739570021629333,0.033230619388216615,keep,no_correct_alternative
8726,4,Rock1-90-C#,00_Rock1-90-C#_comp.jams,85746,4,3,3,2,2,False,-0.13534915447235107,0.033104069094897964,keep,no_correct_alternative
63236,1,Funk2-119-G,04_Funk2-119-G_comp.jams,308234,2,2,3,3,3,False,0.06565192341804504,0.03268214025623256,regression,regression
37981,2,Jazz2-110-Bb,02_Jazz2-110-Bb_comp.jams,1325160,4,4,3,3,3,False,0.3319392204284668,0.03249067932016353,regression,regression
57324,0,Rock3-148-C,03_Rock3-148-C_comp.jams,1072184,3,3,2,2,2,False,0.11951787769794464,0.03244505173198087,regression,regression
38899,4,Jazz3-137-Eb,02_Jazz3-137-Eb_comp.jams,1099862,3,3,2,2,2,False,0.07477688789367676,0.03238458973499703,regression,regression
8940,4,Rock1-90-C#,00_Rock1-90-C#_comp.jams,586398,6,3,4,4,4,False,0.10177969932556152,0.03231311266705861,no_correct_alternative,no_correct_alternative
4096,1,Funk3-112-C#,00_Funk3-112-C#_comp.jams,1322887,6,3,3,2,2,False,-0.006141394376754761,0.032254943305335626,keep,no_correct_alternative
18493,2,Funk1-114-Ab,01_Funk1-114-Ab_comp.jams,638207,3,3,4,4,4,False,0.34923553466796875,0.03219631001034656,regression,regression
14849,4,SS2-107-Ab,00_SS2-107-Ab_solo.jams,1038666,2,2,3,3,3,False,0.06415480375289917,0.03177064987215328,regression,regression
69612,2,Rock2-85-F,04_Rock2-85-F_comp.jams,668877,1,4,2,2,2,False,0.003140166401863098,0.03159988356808807,no_correct_alternative,no_correct_alternative
737,0,BN2-166-Ab,00_BN2-166-Ab_comp.jams,622208,3,4,4,2,2,False,-0.04506165161728859,0.03153337362315667,keep,no_correct_alternative
51445,4,Jazz1-130-D,03_Jazz1-130-D_comp.jams,155018,4,2,3,3,3,False,0.0040111541748046875,0.03153173167064449,no_correct_alternative,no_correct_alternative
8576,2,Rock1-130-A,00_Rock1-130-A_solo.jams,509698,1,4,4,3,3,False,-0.0460938960313797,0.03149823287602349,keep,no_correct_alternative
19053,4,Funk2-108-Eb,01_Funk2-108-Eb_comp.jams,993346,2,4,4,3,3,False,-0.005818545818328857,0.031496168399554936,keep,no_correct_alternative
40117,2,Rock1-130-A,02_Rock1-130-A_comp.jams,877458,1,2,2,3,3,False,-0.09520874917507172,0.0314709211004455,keep,no_correct_alternative
36855,4,Jazz1-130-D,02_Jazz1-130-D_comp.jams,461449,4,4,3,3,3,False,0.022006690502166748,0.031448455965485345,regression,regression
14450,4,SS2-107-Ab,00_SS2-107-Ab_comp.jams,1033928,1,3,3,2,2,False,-0.07526595890522003,0.03134387607052991,keep,no_correct_alternative
49532,4,Funk2-108-Eb,03_Funk2-108-Eb_comp.jams,1390686,2,2,2,3,3,False,-0.09625500440597534,0.03117027326943872,keep,regression
36213,1,Funk3-112-C#,02_Funk3-112-C#_solo.jams,1487838,2,2,3,3,3,False,0.06935033202171326,0.030874818345903,regression,regression
49892,1,Funk2-119-G,03_Funk2-119-G_comp.jams,888437,4,4,3,3,3,False,0.07966139912605286,0.030866241973504516,regression,regression
15817,1,SS3-98-C,00_SS3-98-C_comp.jams,205622,3,3,3,2,2,False,-0.03471069037914276,0.03070168272935317,keep,regression
49916,1,Funk2-119-G,03_Funk2-119-G_comp.jams,1001441,3,3,2,2,2,False,0.06408858299255371,0.030580489379700815,regression,regression
49328,4,Funk2-108-Eb,03_Funk2-108-Eb_comp.jams,624953,3,3,3,2,2,False,-0.007652401924133301,0.03053066140298938,keep,regression
9067,4,Rock1-90-C#,00_Rock1-90-C#_comp.jams,881752,1,3,3,2,2,False,-0.05992576479911804,0.030382606756875596,keep,no_correct_alternative
12275,0,Rock3-148-C,00_Rock3-148-C_comp.jams,5,5,4,3,3,3,False,0.1881333887577057,0.030292175587529224,no_correct_alternative,no_correct_alternative
26311,2,Rock2-85-F,01_Rock2-85-F_comp.jams,372319,0,2,2,3,3,False,-0.025045886635780334,0.03026028402489328,keep,no_correct_alternative
35765,1,Funk3-112-C#,02_Funk3-112-C#_comp.jams,1039257,1,2,3,3,3,False,0.13532742857933044,0.030163045460759874,no_correct_alternative,no_correct_alternative
33487,1,BN3-154-E,02_BN3-154-E_comp.jams,369658,2,2,2,3,3,False,-0.01425236463546753,0.02990610746697464,keep,regression
66701,4,Jazz3-137-Eb,04_Jazz3-137-Eb_comp.jams,50281,4,4,2,2,2,False,0.13881519436836243,0.029446329924393166,regression,regression
18415,2,Funk1-114-Ab,01_Funk1-114-Ab_comp.jams,352701,0,3,2,2,2,False,0.0876864343881607,0.02915735873250397,no_correct_alternative,no_correct_alternative
24769,4,Rock1-90-C#,01_Rock1-90-C#_comp.jams,551715,0,3,3,2,2,False,-4.8866484576137736e-05,0.02909658964342013,keep,no_correct_alternative
68963,0,Rock2-142-D,04_Rock2-142-D_comp.jams,344915,4,4,5,5,5,False,0.4332945942878723,0.0287888832482881,regression,regression
19980,1,Funk2-119-G,01_Funk2-119-G_solo.jams,1194628,1,2,2,4,4,False,-0.0970040112733841,0.02858217496003701,keep,no_correct_alternative
61379,0,BN2-166-Ab,04_BN2-166-Ab_comp.jams,352178,3,4,2,2,2,False,0.2545434236526489,0.028528941273188668,no_correct_alternative,no_correct_alternative
28852,0,SS1-68-E,01_SS1-68-E_comp.jams,453360,1,3,2,2,2,False,0.005243435502052307,0.028232712823272277,no_correct_alternative,no_correct_alternative
61293,0,BN2-166-Ab,04_BN2-166-Ab_comp.jams,54864,4,4,3,3,3,False,0.2552894949913025,0.028220175605058517,regression,regression
48036,0,BN2-166-Ab,03_BN2-166-Ab_comp.jams,286879,1,3,2,2,2,False,0.1838248372077942,0.028195183335168017,no_correct_alternative,no_correct_alternative
60035,1,SS3-98-C,03_SS3-98-C_comp.jams,77497,0,3,3,2,2,False,-0.015015537850558758,0.027925610814836077,keep,no_correct_alternative
61893,1,BN3-154-E,04_BN3-154-E_comp.jams,765308,1,4,3,3,3,False,0.30567362904548645,0.027726708966324398,no_correct_alternative,no_correct_alternative
62591,4,Funk2-108-Eb,04_Funk2-108-Eb_comp.jams,81945,2,2,2,3,3,False,-0.13013219833374023,0.027406905845223567,keep,regression
62129,2,Funk1-114-Ab,04_Funk1-114-Ab_comp.jams,111846,3,4,2,2,2,True,0.3022526800632477,0.02730618450088179,wrong_choice_despite_correct_alternative,wrong_choice_despite_correct_alternative
10831,2,Rock2-85-F,00_Rock2-85-F_comp.jams,980568,2,2,2,3,3,False,-0.10395889729261398,0.027090502418927576,keep,regression
36910,4,Jazz1-130-D,02_Jazz1-130-D_comp.jams,747145,3,3,2,2,2,False,0.023065149784088135,0.02705941222103775,regression,regression
20358,1,Funk3-112-C#,01_Funk3-112-C#_comp.jams,1465207,3,3,2,2,2,False,0.132425457239151,0.027029137498250533,regression,regression
12512,0,Rock3-148-C,00_Rock3-148-C_comp.jams,523387,6,3,2,2,2,False,0.05713118612766266,0.026617401815244912,no_correct_alternative,no_correct_alternative
44924,4,SS2-107-Ab,02_SS2-107-Ab_comp.jams,668081,4,3,2,2,2,False,0.05450934171676636,0.02644408620721994,no_correct_alternative,no_correct_alternative
58819,4,SS2-107-Ab,03_SS2-107-Ab_comp.jams,1249450,0,2,2,3,3,False,-0.12183322012424469,0.026443932856083374,keep,no_correct_alternative
47216,1,SS3-98-C,02_SS3-98-C_comp.jams,1683431,2,2,3,3,3,False,0.15784674882888794,0.026277159719634124,regression,regression
16117,1,SS3-98-C,00_SS3-98-C_comp.jams,1005209,1,2,2,3,3,False,-0.0415949746966362,0.026235572634356136,keep,no_correct_alternative
50492,1,Funk3-112-C#,03_Funk3-112-C#_comp.jams,1288846,2,2,3,3,3,False,0.12303332984447479,0.02617158158127994,regression,regression
65315,4,Jazz1-130-D,04_Jazz1-130-D_comp.jams,772677,4,3,3,2,2,False,-0.09077450633049011,0.026106617349668515,keep,no_correct_alternative
18413,2,Funk1-114-Ab,01_Funk1-114-Ab_comp.jams,346498,1,2,2,3,3,False,-0.11607278883457184,0.026059578733269945,keep,no_correct_alternative
66716,4,Jazz3-137-Eb,04_Jazz3-137-Eb_comp.jams,131778,4,4,4,3,3,False,-0.1973997950553894,0.02525583290989253,keep,regression
64193,1,Funk3-112-C#,04_Funk3-112-C#_comp.jams,1323192,5,3,4,4,4,False,0.11098343133926392,0.025240820490852134,no_correct_alternative,no_correct_alternative
35177,1,Funk2-119-G,02_Funk2-119-G_comp.jams,845589,2,2,2,3,3,False,-0.10218778252601624,0.024981867019940984,keep,regression
19652,1,Funk2-119-G,01_Funk2-119-G_comp.jams,778302,1,3,2,2,2,False,0.07235845923423767,0.02487325199618834,no_correct_alternative,no_correct_alternative
2951,1,Funk2-119-G,00_Funk2-119-G_comp.jams,188809,6,3,2,2,2,False,0.36138176918029785,0.02470920899866824,no_correct_alternative,no_correct_alternative
30316,4,SS2-107-Ab,01_SS2-107-Ab_solo.jams,963238,1,3,3,2,2,False,-0.002165907993912697,0.024687071353697784,keep,no_correct_alternative
3979,1,Funk3-112-C#,00_Funk3-112-C#_comp.jams,1027622,5,4,3,3,3,False,0.04378506541252136,0.024507368181578948,no_correct_alternative,no_correct_alternative
12590,0,Rock3-148-C,00_Rock3-148-C_comp.jams,711432,4,3,2,2,2,False,0.1476387083530426,0.024363023783636806,no_correct_alternative,no_correct_alternative
24957,4,Rock1-90-C#,01_Rock1-90-C#_comp.jams,969023,4,2,2,3,3,False,-0.08843368291854858,0.02427570048661548,keep,no_correct_alternative
8049,2,Rock1-130-A,00_Rock1-130-A_comp.jams,36150,5,3,2,2,2,False,0.11014166474342346,0.024165405037866683,no_correct_alternative,no_correct_alternative
18475,2,Funk1-114-Ab,01_Funk1-114-Ab_comp.jams,569535,2,2,4,4,4,False,0.3566839098930359,0.024092331419940882,regression,regression
25024,4,Rock1-90-C#,01_Rock1-90-C#_comp.jams,1111711,4,2,3,3,3,False,0.0163535475730896,0.023961941990155278,no_correct_alternative,no_correct_alternative
55515,2,Rock2-85-F,03_Rock2-85-F_comp.jams,121919,2,4,4,3,3,False,-0.019802749156951904,0.02391686938549825,keep,no_correct_alternative
18359,2,Funk1-114-Ab,01_Funk1-114-Ab_comp.jams,104859,3,3,4,4,4,False,0.15431226789951324,0.023504771790239742,regression,regression
63270,1,Funk2-119-G,04_Funk2-119-G_comp.jams,445683,2,3,4,4,4,True,0.18229514360427856,0.023398153697348933,wrong_choice_despite_correct_alternative,wrong_choice_despite_correct_alternative
12457,0,Rock3-148-C,00_Rock3-148-C_comp.jams,412056,3,3,5,5,5,False,0.17797107994556427,0.023370294625336435,regression,regression
1847,2,Funk1-114-Ab,00_Funk1-114-Ab_comp.jams,383865,1,3,2,2,2,False,0.27446234226226807,0.023363120070834353,no_correct_alternative,no_correct_alternative
18956,4,Funk2-108-Eb,01_Funk2-108-Eb_comp.jams,477143,3,3,3,2,2,False,-0.06611481308937073,0.023290951782208025,keep,regression
22268,2,Jazz2-110-Bb,01_Jazz2-110-Bb_comp.jams,745683,3,3,2,2,2,False,0.027933821082115173,0.02326534069435826,regression,regression
6190,2,Jazz2-110-Bb,00_Jazz2-110-Bb_comp.jams,1265244,2,4,3,3,3,False,0.14512047171592712,0.0232212324278665,no_correct_alternative,no_correct_alternative
33285,0,BN2-166-Ab,02_BN2-166-Ab_comp.jams,1013396,2,2,3,3,3,False,0.22438105940818787,0.022992586497249723,regression,regression
66797,4,Jazz3-137-Eb,04_Jazz3-137-Eb_comp.jams,423714,3,3,3,2,2,False,-0.02690693736076355,0.02274696932837217,keep,regression
52183,2,Jazz2-110-Bb,03_Jazz2-110-Bb_comp.jams,811542,4,3,2,2,2,True,0.04897792637348175,0.022692801419434333,wrong_choice_despite_correct_alternative,wrong_choice_despite_correct_alternative
60256,1,SS3-98-C,03_SS3-98-C_comp.jams,580076,2,4,3,3,3,True,0.240015909075737,0.022636971112729498,wrong_choice_despite_correct_alternative,wrong_choice_despite_correct_alternative
44928,4,SS2-107-Ab,02_SS2-107-Ab_comp.jams,680463,2,2,3,3,3,False,0.07037806510925293,0.022568880585594198,regression,regression
11172,2,Rock2-85-F,00_Rock2-85-F_comp.jams,1790667,5,3,3,2,2,False,-0.031513482332229614,0.022562954445158878,keep,no_correct_alternative
61494,0,BN2-166-Ab,04_BN2-166-Ab_comp.jams,764738,1,4,4,2,2,False,-0.039917223155498505,0.022504939136995333,keep,no_correct_alternative
12498,0,Rock3-148-C,00_Rock3-148-C_comp.jams,495419,2,2,3,3,3,False,0.06945210695266724,0.022453682378183293,regression,regression
68337,4,Rock1-90-C#,04_Rock1-90-C#_comp.jams,557210,3,3,4,4,4,False,0.1414061188697815,0.022262224045154932,regression,regression
28138,0,Rock3-148-C,01_Rock3-148-C_comp.jams,259490,2,2,3,3,3,False,0.146205872297287,0.0217481408550102,regression,regression
66935,4,Jazz3-137-Eb,04_Jazz3-137-Eb_comp.jams,900518,1,2,2,3,3,False,-0.09722381830215454,0.021574948803530836,keep,no_correct_alternative
55256,0,Rock2-142-D,03_Rock2-142-D_comp.jams,979876,3,3,4,4,4,False,0.23147904872894287,0.021325289596216823,regression,regression
65544,2,Jazz1-200-B,04_Jazz1-200-B_comp.jams,220713,0,4,2,2,2,False,0.21432283520698547,0.021201814721320877,no_correct_alternative,no_correct_alternative
44858,4,SS2-107-Ab,02_SS2-107-Ab_comp.jams,433631,0,2,2,3,3,False,-0.08284208178520203,0.02109348240123121,keep,no_correct_alternative
17341,0,BN2-166-Ab,01_BN2-166-Ab_comp.jams,183373,1,3,2,2,2,False,0.12589630484580994,0.02108896612572503,no_correct_alternative,no_correct_alternative
35857,1,Funk3-112-C#,02_Funk3-112-C#_comp.jams,1347223,2,2,3,3,3,False,0.10590910911560059,0.0210382021206737,regression,regression
37605,2,Jazz2-110-Bb,02_Jazz2-110-Bb_comp.jams,279955,0,2,2,3,3,False,-0.04742351174354553,0.020995165420452544,keep,no_correct_alternative
43113,0,Rock3-148-C,02_Rock3-148-C_comp.jams,358756,4,3,2,2,2,False,0.03442883491516113,0.020758080017637237,no_correct_alternative,no_correct_alternative
32090,1,SS3-98-C,01_SS3-98-C_comp.jams,1579528,2,2,3,3,3,False,0.13999760150909424,0.020575860007641167,regression,regression
33551,1,BN3-154-E,02_BN3-154-E_comp.jams,533993,3,3,2,2,2,False,0.01983398199081421,0.02020767559809089,regression,regression
4059,1,Funk3-112-C#,00_Funk3-112-C#_comp.jams,1239811,5,4,3,3,3,False,0.04049786925315857,0.020198298073955567,no_correct_alternative,no_correct_alternative
16711,1,SS3-98-C,00_SS3-98-C_solo.jams,1297222,1,2,3,3,3,False,0.02177320420742035,0.020117076806355327,no_correct_alternative,no_correct_alternative
72682,4,SS2-107-Ab,04_SS2-107-Ab_comp.jams,1022736,1,3,3,2,2,False,-0.11212630569934845,0.0200362439166141,keep,no_correct_alternative
3818,1,Funk3-112-C#,00_Funk3-112-C#_comp.jams,620720,4,4,2,2,2,False,0.16757060587406158,0.019980032184417518,regression,regression
8765,4,Rock1-90-C#,00_Rock1-90-C#_comp.jams,181448,3,3,3,2,2,False,-0.09666509926319122,0.019889457023715695,keep,regression
18045,1,BN3-154-E,01_BN3-154-E_comp.jams,1012884,4,2,3,3,3,False,0.10908222198486328,0.01979993051471879,no_correct_alternative,no_correct_alternative
35683,1,Funk3-112-C#,02_Funk3-112-C#_comp.jams,660747,2,2,3,3,3,False,0.09175026416778564,0.019738311831911937,regression,regression
72542,4,SS2-107-Ab,04_SS2-107-Ab_comp.jams,594424,2,2,2,3,3,False,-0.09058305621147156,0.019498141656215662,keep,regression
67326,0,Jazz3-150-C,04_Jazz3-150-C_comp.jams,577112,3,3,2,2,2,False,0.15342897176742554,0.0193303604445918,regression,regression
33635,1,BN3-154-E,02_BN3-154-E_comp.jams,756928,2,3,4,4,4,False,0.1085820198059082,0.019274744010916167,no_correct_alternative,no_correct_alternative
11208,2,Rock2-85-F,00_Rock2-85-F_comp.jams,1867010,5,4,3,3,3,False,0.09286773204803467,0.019244777698254778,no_correct_alternative,no_correct_alternative
16074,1,SS3-98-C,00_SS3-98-C_comp.jams,879291,3,3,2,2,2,False,0.13426804542541504,0.019054739969429968,regression,regression
61878,1,BN3-154-E,04_BN3-154-E_comp.jams,704690,1,2,3,3,3,False,0.10483869910240173,0.018685556022884298,no_correct_alternative,no_correct_alternative
5324,4,Jazz1-130-D,00_Jazz1-130-D_comp.jams,773112,5,4,4,3,3,False,-0.1320788562297821,0.01866627712941804,keep,no_correct_alternative
44183,0,SS1-68-E,02_SS1-68-E_comp.jams,1532931,0,2,2,3,3,False,-0.02900637313723564,0.018464010330799613,keep,no_correct_alternative
71758,0,SS1-68-E,04_SS1-68-E_comp.jams,777499,2,2,3,3,3,False,0.23408769071102142,0.018452971383966232,regression,regression
39405,0,Jazz3-150-C,02_Jazz3-150-C_comp.jams,757882,4,3,2,2,2,False,0.17471735179424286,0.018074296252663546,no_correct_alternative,no_correct_alternative
69878,2,Rock2-85-F,04_Rock2-85-F_comp.jams,1447712,1,2,2,3,3,False,-0.009255439043045044,0.018017637726049196,keep,no_correct_alternative
58814,4,SS2-107-Ab,03_SS2-107-Ab_comp.jams,1236913,2,2,3,3,3,False,0.21922969818115234,0.01801656493232373,regression,regression
9818,0,Rock2-142-D,00_Rock2-142-D_comp.jams,461896,3,4,2,2,2,True,0.32538890838623047,0.018007136861691697,wrong_choice_despite_correct_alternative,wrong_choice_despite_correct_alternative
8977,4,Rock1-90-C#,00_Rock1-90-C#_comp.jams,666473,3,3,3,2,2,False,-0.13399295508861542,0.01786983880071219,keep,regression
19077,4,Funk2-108-Eb,01_Funk2-108-Eb_comp.jams,1090502,2,4,4,3,3,False,-0.138340562582016,0.017578293202502482,keep,no_correct_alternative
69024,0,Rock2-142-D,04_Rock2-142-D_comp.jams,513169,5,3,4,4,4,False,0.19836361706256866,0.017564898814322327,no_correct_alternative,no_correct_alternative
16482,1,SS3-98-C,00_SS3-98-C_solo.jams,621149,2,2,3,3,3,False,0.13458704948425293,0.017536398525399788,regression,regression
39857,2,Rock1-130-A,02_Rock1-130-A_comp.jams,112286,4,4,3,3,3,False,0.11365780234336853,0.017438339179559337,regression,regression
69817,2,Rock2-85-F,04_Rock2-85-F_comp.jams,1246275,1,2,3,3,3,False,0.16603490710258484,0.017310114623364292,no_correct_alternative,no_correct_alternative
24101,2,Rock1-130-A,01_Rock1-130-A_comp.jams,651197,6,3,4,4,4,False,0.07946571707725525,0.01714540758299099,no_correct_alternative,no_correct_alternative
1999,2,Funk1-114-Ab,00_Funk1-114-Ab_comp.jams,958659,5,3,2,2,2,False,0.22415992617607117,0.01708860620221475,no_correct_alternative,no_correct_alternative
31497,1,SS3-98-C,01_SS3-98-C_comp.jams,271694,1,3,2,2,2,False,0.13661885261535645,0.016995674149403284,no_correct_alternative,no_correct_alternative
58914,4,SS2-107-Ab,03_SS2-107-Ab_comp.jams,1528371,2,2,2,3,3,False,-0.14046138525009155,0.016960859697588482,keep,regression
31473,1,SS3-98-C,01_SS3-98-C_comp.jams,218993,2,2,3,3,3,False,0.0853198766708374,0.016859935828204997,regression,regression
55292,0,Rock2-142-D,03_Rock2-142-D_comp.jams,1061391,4,3,2,2,2,False,0.0819818377494812,0.01670074313698877,no_correct_alternative,no_correct_alternative
68555,4,Rock1-90-C#,04_Rock1-90-C#_comp.jams,1115446,3,3,4,4,4,False,0.18688055872917175,0.016635659808340864,regression,regression
39970,2,Rock1-130-A,02_Rock1-130-A_comp.jams,438916,1,3,3,2,2,False,-0.03909724950790405,0.016277945928853677,keep,no_correct_alternative
18485,2,Funk1-114-Ab,01_Funk1-114-Ab_comp.jams,610144,3,3,2,2,2,False,0.2614962160587311,0.01624197600356231,regression,regression
63521,1,Funk2-119-G,04_Funk2-119-G_comp.jams,1334516,4,3,3,2,2,False,-0.026884466409683228,0.01616110284562361,keep,no_correct_alternative
63918,1,Funk3-112-C#,04_Funk3-112-C#_comp.jams,526560,4,2,3,3,3,False,0.05729246139526367,0.015992684711539307,no_correct_alternative,no_correct_alternative
49459,4,Funk2-108-Eb,03_Funk2-108-Eb_comp.jams,1127284,1,2,2,3,3,False,-0.14262136816978455,0.015805155282967887,keep,no_correct_alternative
37697,2,Jazz2-110-Bb,02_Jazz2-110-Bb_comp.jams,545500,3,4,4,2,2,False,-0.07590344548225403,0.01562192656686126,keep,no_correct_alternative
53871,2,Rock1-130-A,03_Rock1-130-A_comp.jams,326896,1,3,2,2,2,False,0.023020625114440918,0.015554367739916475,no_correct_alternative,no_correct_alternative
8659,2,Rock1-130-A,00_Rock1-130-A_solo.jams,863730,1,3,3,2,2,False,-0.09603192657232285,0.015334425472307511,keep,no_correct_alternative
9682,0,Rock2-142-D,00_Rock2-142-D_comp.jams,108595,5,2,3,3,3,True,0.41007012128829956,0.015283525823775235,wrong_choice_despite_correct_alternative,wrong_choice_despite_correct_alternative
9851,0,Rock2-142-D,00_Rock2-142-D_comp.jams,531543,1,4,4,2,2,False,-0.04537753760814667,0.01527098167645971,keep,no_correct_alternative
9004,4,Rock1-90-C#,00_Rock1-90-C#_comp.jams,736184,5,3,3,4,4,False,-0.11505535244941711,0.01520557462086719,keep,no_correct_alternative
62808,4,Funk2-108-Eb,04_Funk2-108-Eb_comp.jams,918021,5,3,3,4,4,False,-0.05997765064239502,0.014887582263905796,keep,no_correct_alternative
29900,4,SS2-107-Ab,01_SS2-107-Ab_comp.jams,951813,2,3,3,4,4,False,-0.04335588216781616,0.014556178550529542,keep,no_correct_alternative
60209,1,SS3-98-C,03_SS3-98-C_comp.jams,473062,2,2,3,3,3,False,0.08876648545265198,0.014416715321908913,regression,regression
47130,1,SS3-98-C,02_SS3-98-C_comp.jams,1472352,1,2,3,3,3,False,0.03194205462932587,0.014277455043032516,no_correct_alternative,no_correct_alternative
63930,1,Funk3-112-C#,04_Funk3-112-C#_comp.jams,566779,4,4,3,3,3,False,0.07270288467407227,0.014118492833356533,regression,regression
49558,4,Funk2-108-Eb,03_Funk2-108-Eb_comp.jams,1494789,5,3,3,4,4,False,-0.046968698501586914,0.014066477818895973,keep,no_correct_alternative
13065,0,SS1-68-E,00_SS1-68-E_comp.jams,274747,0,3,2,2,2,False,0.08156369626522064,0.013849109823150407,no_correct_alternative,no_correct_alternative
7651,0,Jazz3-150-C,00_Jazz3-150-C_comp.jams,864275,3,3,2,2,2,False,0.24678108096122742,0.013322356467276641,regression,regression
17339,0,BN2-166-Ab,01_BN2-166-Ab_comp.jams,174942,3,3,3,2,2,False,-0.045507557690143585,0.013298380754176442,keep,regression
2490,4,Funk2-108-Eb,00_Funk2-108-Eb_comp.jams,960643,2,2,2,3,3,False,-0.07157719135284424,0.013288760683047685,keep,regression
20123,1,Funk3-112-C#,01_Funk3-112-C#_comp.jams,496140,3,2,4,4,4,True,0.177215576171875,0.013078567499154148,wrong_choice_despite_correct_alternative,wrong_choice_despite_correct_alternative
57843,0,SS1-68-E,03_SS1-68-E_comp.jams,959595,3,3,2,2,2,False,0.3415151536464691,0.012990907120848494,regression,regression
18367,2,Funk1-114-Ab,01_Funk1-114-Ab_comp.jams,139363,3,3,4,4,4,False,0.2612176239490509,0.012818824996440659,regression,regression
19463,1,Funk2-119-G,01_Funk2-119-G_comp.jams,4,2,2,4,4,4,False,0.2367708683013916,0.01280870140506074,regression,regression
58693,4,SS2-107-Ab,03_SS2-107-Ab_comp.jams,922348,4,3,3,2,2,False,-0.15261289477348328,0.012168965428178413,keep,no_correct_alternative
7710,0,Jazz3-150-C,00_Jazz3-150-C_comp.jams,1021322,2,2,2,3,3,False,-0.04121490567922592,0.012097082832062955,keep,regression
36862,4,Jazz1-130-D,02_Jazz1-130-D_comp.jams,509673,4,2,2,3,3,False,-0.025840580463409424,0.012011913055534784,keep,no_correct_alternative
63438,1,Funk2-119-G,04_Funk2-119-G_comp.jams,1094685,0,3,3,2,2,False,-0.14116902649402618,0.011985014682058925,keep,no_correct_alternative
3716,1,Funk3-112-C#,00_Funk3-112-C#_comp.jams,372433,3,3,3,2,2,False,-0.10994777828454971,0.011875949137515857,keep,regression
34691,4,Funk2-108-Eb,02_Funk2-108-Eb_comp.jams,1055099,0,3,3,2,2,False,-0.04314115643501282,0.011823147697875513,keep,no_correct_alternative
34756,4,Funk2-108-Eb,02_Funk2-108-Eb_comp.jams,1274703,3,3,3,2,2,False,-0.04361599683761597,0.011631480656929039,keep,regression
7715,0,Jazz3-150-C,00_Jazz3-150-C_comp.jams,1031038,1,2,2,3,3,False,-0.04551853984594345,0.011571791270785725,keep,no_correct_alternative
69268,0,Rock2-142-D,04_Rock2-142-D_comp.jams,1137065,5,2,3,3,3,False,0.44467878341674805,0.0115374558540155,no_correct_alternative,no_correct_alternative
30221,4,SS2-107-Ab,01_SS2-107-Ab_solo.jams,605851,0,2,2,3,3,False,-0.05657317116856575,0.01135025188021549,keep,no_correct_alternative
50689,1,Funk3-112-C#,03_Funk3-112-C#_solo.jams,1417257,1,2,2,3,3,False,-0.1351063847541809,0.011154081758644407,keep,no_correct_alternative
41311,0,Rock2-142-D,02_Rock2-142-D_comp.jams,1174899,5,2,3,3,3,False,0.2529800832271576,0.011152978472357356,no_correct_alternative,no_correct_alternative
37329,2,Jazz1-200-B,02_Jazz1-200-B_comp.jams,410446,2,2,3,3,3,False,0.14707165956497192,0.0111469638153196,regression,regression
62786,4,Funk2-108-Eb,04_Funk2-108-Eb_comp.jams,844791,3,3,3,4,4,False,-0.06707894802093506,0.011086832911650246,keep,regression
39516,0,Jazz3-150-C,02_Jazz3-150-C_comp.jams,1025345,2,2,3,3,3,False,0.13497856259346008,0.011076502705202496,regression,regression
17425,0,BN2-166-Ab,01_BN2-166-Ab_comp.jams,492029,1,4,2,2,2,False,0.049629248678684235,0.011046636923844944,no_correct_alternative,no_correct_alternative
32107,1,SS3-98-C,01_SS3-98-C_comp.jams,1613678,1,2,3,3,3,False,0.01470261812210083,0.010922967457963062,no_correct_alternative,no_correct_alternative
4115,1,Funk3-112-C#,00_Funk3-112-C#_comp.jams,1367758,3,3,3,2,2,False,-0.06498025357723236,0.010828251515233922,keep,regression
49481,4,Funk2-108-Eb,03_Funk2-108-Eb_comp.jams,1212521,3,3,3,2,2,False,-0.04408976435661316,0.010720640141449356,keep,regression
18501,2,Funk1-114-Ab,01_Funk1-114-Ab_comp.jams,667276,3,3,2,2,2,False,0.254606157541275,0.01061966166057876,regression,regression
53833,2,Rock1-130-A,03_Rock1-130-A_comp.jams,234386,1,3,2,2,2,False,0.11803022027015686,0.010536116567615883,no_correct_alternative,no_correct_alternative
64165,1,Funk3-112-C#,04_Funk3-112-C#_comp.jams,1246616,1,3,3,2,2,False,-0.13597354292869568,0.010363763696439432,keep,no_correct_alternative
40072,2,Rock1-130-A,02_Rock1-130-A_comp.jams,754686,5,3,2,2,2,False,0.10363653302192688,0.01024050671610316,no_correct_alternative,no_correct_alternative
11023,2,Rock2-85-F,00_Rock2-85-F_comp.jams,1456309,4,3,2,2,2,False,0.07967710494995117,0.010144332722607008,no_correct_alternative,no_correct_alternative
60215,1,SS3-98-C,03_SS3-98-C_comp.jams,485916,2,3,4,4,4,False,0.09721851348876953,0.010128684539165989,no_correct_alternative,no_correct_alternative
12615,0,Rock3-148-C,00_Rock3-148-C_comp.jams,765167,5,4,3,3,3,True,0.21328288316726685,0.009618143629280568,wrong_choice_despite_correct_alternative,wrong_choice_despite_correct_alternative
10043,0,Rock2-142-D,00_Rock2-142-D_comp.jams,988786,5,2,3,3,3,False,0.2089560627937317,0.00961515405523905,no_correct_alternative,no_correct_alternative
48578,1,BN3-154-E,03_BN3-154-E_comp.jams,996625,1,2,2,3,3,False,-0.09109002351760864,0.009443109741875844,keep,no_correct_alternative
63924,1,Funk3-112-C#,04_Funk3-112-C#_comp.jams,544146,2,2,3,3,3,False,0.010339587926864624,0.009423491166333675,regression,regression
26395,2,Rock2-85-F,01_Rock2-85-F_comp.jams,545220,3,3,2,2,2,False,0.046016842126846313,0.00928631972511279,regression,regression
62175,2,Funk1-114-Ab,04_Funk1-114-Ab_comp.jams,295471,1,2,3,3,3,False,0.007667899131774902,0.009230371205687593,no_correct_alternative,no_correct_alternative
49987,1,Funk2-119-G,03_Funk2-119-G_comp.jams,1289044,3,3,3,4,4,False,-0.07293042540550232,0.009208100747638781,keep,regression
7600,0,Jazz3-150-C,00_Jazz3-150-C_comp.jams,705177,1,3,2,2,2,False,0.1507626324892044,0.009173928306329737,no_correct_alternative,no_correct_alternative
50382,1,Funk3-112-C#,03_Funk3-112-C#_comp.jams,851256,2,4,3,3,3,False,0.09422948956489563,0.009093545598448993,no_correct_alternative,no_correct_alternative
71560,0,SS1-68-E,04_SS1-68-E_comp.jams,292190,5,4,3,3,3,False,0.3027622401714325,0.009030590367488989,no_correct_alternative,no_correct_alternative
24997,4,Rock1-90-C#,01_Rock1-90-C#_comp.jams,1058539,3,3,3,2,2,False,-0.036764949560165405,0.008976948494973602,keep,regression
49019,2,Funk1-114-Ab,03_Funk1-114-Ab_comp.jams,1046791,4,3,2,2,2,False,0.002298504114151001,0.00895467030350705,no_correct_alternative,no_correct_alternative
49864,1,Funk2-119-G,03_Funk2-119-G_comp.jams,662669,3,3,3,2,2,False,-0.1349342167377472,0.008345270940811111,keep,regression
54356,4,Rock1-90-C#,03_Rock1-90-C#_comp.jams,291393,1,2,3,3,3,False,0.01231229305267334,0.008286545078661556,no_correct_alternative,no_correct_alternative
8251,2,Rock1-130-A,00_Rock1-130-A_comp.jams,554770,4,4,4,3,3,False,-0.037711672484874725,0.00815254884476263,keep,regression
17829,1,BN3-154-E,01_BN3-154-E_comp.jams,257674,1,3,3,2,2,False,-0.10783593356609344,0.008028018655975244,keep,no_correct_alternative
43872,0,SS1-68-E,02_SS1-68-E_comp.jams,651451,1,3,2,2,2,False,0.02621091902256012,0.007983007712925372,no_correct_alternative,no_correct_alternative
63166,1,Funk2-119-G,04_Funk2-119-G_comp.jams,17569,1,3,2,2,2,False,0.04218769073486328,0.007955462212355602,no_correct_alternative,no_correct_alternative
28200,0,Rock3-148-C,01_Rock3-148-C_comp.jams,429033,2,4,3,3,3,False,0.13137921690940857,0.007834163086929968,no_correct_alternative,no_correct_alternative
2295,4,Funk2-108-Eb,00_Funk2-108-Eb_comp.jams,429164,4,4,4,3,3,False,-0.04919639229774475,0.007811433560300396,keep,regression
3364,1,Funk2-119-G,00_Funk2-119-G_comp.jams,1235306,0,2,2,3,3,False,-0.04215911030769348,0.0077726268573946045,keep,no_correct_alternative
60377,1,SS3-98-C,03_SS3-98-C_comp.jams,843408,1,2,3,3,3,False,0.0779125988483429,0.007762979659549918,no_correct_alternative,no_correct_alternative
25108,4,Rock1-90-C#,01_Rock1-90-C#_comp.jams,1293904,4,3,3,2,2,False,-0.12150980532169342,0.007559834605485316,keep,no_correct_alternative
18357,2,Funk1-114-Ab,01_Funk1-114-Ab_comp.jams,91488,1,3,3,2,2,False,-0.14596882462501526,0.00747239323253579,keep,no_correct_alternative
63976,1,Funk3-112-C#,04_Funk3-112-C#_comp.jams,681780,1,2,2,3,3,False,-0.137993723154068,0.00724554269449193,keep,no_correct_alternative
9987,0,Rock2-142-D,00_Rock2-142-D_comp.jams,854175,3,3,2,2,2,False,0.21277832984924316,0.007232907157182111,regression,regression
15965,1,SS3-98-C,00_SS3-98-C_comp.jams,586155,1,2,2,3,3,False,-0.054907120764255524,0.007069391076489073,keep,no_correct_alternative
10427,2,Rock2-85-F,00_Rock2-85-F_comp.jams,91603,5,3,4,4,4,False,0.1384197473526001,0.0069965796160622595,no_correct_alternative,no_correct_alternative
19027,4,Funk2-108-Eb,01_Funk2-108-Eb_comp.jams,869667,1,2,2,3,3,False,-0.07429558038711548,0.006850316462343908,keep,no_correct_alternative
19099,4,Funk2-108-Eb,01_Funk2-108-Eb_comp.jams,1208601,1,2,2,3,3,False,-0.16157707571983337,0.006679974506856506,keep,no_correct_alternative
63405,1,Funk2-119-G,04_Funk2-119-G_comp.jams,967077,3,3,3,4,4,False,-0.10849688947200775,0.00663872753386574,keep,regression
31680,1,SS3-98-C,01_SS3-98-C_comp.jams,669295,2,2,4,4,4,False,0.004248909652233124,0.006417975334005177,regression,regression
72499,4,SS2-107-Ab,04_SS2-107-Ab_comp.jams,444599,4,2,2,3,3,False,-0.07524460554122925,0.006204656358387073,keep,no_correct_alternative
62370,2,Funk1-114-Ab,04_Funk1-114-Ab_comp.jams,1017134,1,2,2,3,3,False,-0.021357998251914978,0.006053604268500323,keep,no_correct_alternative
25403,0,Rock2-142-D,01_Rock2-142-D_comp.jams,104063,2,2,3,3,3,False,0.16021180152893066,0.005946632123548068,regression,regression
67217,0,Jazz3-150-C,04_Jazz3-150-C_comp.jams,205810,0,4,4,2,2,False,-0.038855962455272675,0.005516362603732006,keep,no_correct_alternative
32064,1,SS3-98-C,01_SS3-98-C_comp.jams,1526036,2,2,4,4,4,False,0.1125720739364624,0.005502943060832044,regression,regression
68175,4,Rock1-90-C#,04_Rock1-90-C#_comp.jams,102159,3,3,2,2,2,False,0.014296352863311768,0.005463560549674673,regression,regression
60722,1,SS3-98-C,03_SS3-98-C_comp.jams,1673780,1,3,3,2,2,False,-0.05384655296802521,0.005397642753250997,keep,no_correct_alternative
49913,1,Funk2-119-G,03_Funk2-119-G_comp.jams,976266,2,2,2,3,3,False,-0.06811043620109558,0.005263475909784987,keep,regression
21465,4,Jazz1-130-D,01_Jazz1-130-D_comp.jams,426477,2,2,2,3,3,False,-0.01994749903678894,0.0050690027440492,keep,regression
63824,1,Funk3-112-C#,04_Funk3-112-C#_comp.jams,225025,4,4,3,3,3,False,0.06038346886634827,0.005036813860454625,regression,regression
31846,1,SS3-98-C,01_SS3-98-C_comp.jams,1047824,2,4,4,3,3,True,-0.02558846026659012,0.004977071286057344,keep,wrong_choice_despite_correct_alternative
2348,4,Funk2-108-Eb,00_Funk2-108-Eb_comp.jams,562580,2,2,2,3,3,False,-0.0766100287437439,0.004967203252977642,keep,regression
60417,1,SS3-98-C,03_SS3-98-C_comp.jams,930791,1,3,2,2,2,False,0.2716739773750305,0.004931747185019042,no_correct_alternative,no_correct_alternative
7127,4,Jazz3-137-Eb,00_Jazz3-137-Eb_comp.jams,1001716,2,2,2,3,3,False,-0.12484657764434814,0.004869594756773177,keep,regression
35644,1,Funk3-112-C#,02_Funk3-112-C#_comp.jams,514596,1,2,3,3,3,False,0.022314906120300293,0.004866834669657594,no_correct_alternative,no_correct_alternative
5382,4,Jazz1-130-D,00_Jazz1-130-D_comp.jams,928205,3,3,3,2,2,False,-0.16634134948253632,0.0048099478547644625,keep,regression
3402,1,Funk2-119-G,00_Funk2-119-G_comp.jams,1395654,4,3,2,2,2,False,0.008809536695480347,0.004635091103318889,no_correct_alternative,no_correct_alternative
7187,4,Jazz3-137-Eb,00_Jazz3-137-Eb_comp.jams,1216603,3,3,3,2,2,False,-0.10816982388496399,0.004494126891829819,keep,regression
40666,4,Rock1-90-C#,02_Rock1-90-C#_comp.jams,1147987,4,2,2,3,3,False,-0.006362050771713257,0.004468002844271124,keep,no_correct_alternative
60360,1,SS3-98-C,03_SS3-98-C_comp.jams,809081,4,3,2,2,2,False,0.08839383721351624,0.004442130612891615,no_correct_alternative,no_correct_alternative
2994,1,Funk2-119-G,00_Funk2-119-G_comp.jams,333940,3,3,3,2,2,False,-0.060885339975357056,0.004156018844901077,keep,regression
63735,1,Funk2-119-G,04_Funk2-119-G_solo.jams,1116485,2,2,2,3,3,False,-0.1486273556947708,0.004033883286285234,keep,regression
18938,4,Funk2-108-Eb,01_Funk2-108-Eb_comp.jams,405112,3,3,3,4,4,False,-0.05960443615913391,0.003809089741049154,keep,regression
35616,1,Funk3-112-C#,02_Funk3-112-C#_comp.jams,437999,2,2,3,3,3,False,0.1829373985528946,0.0037903458845068294,regression,regression
11535,2,Rock2-85-F,00_Rock2-85-F_solo.jams,1942964,3,3,2,2,2,False,0.1386132538318634,0.0033075388080698875,regression,regression
61387,0,BN2-166-Ab,04_BN2-166-Ab_comp.jams,381580,4,2,3,3,3,False,0.18546539545059204,0.003202052082195095,no_correct_alternative,no_correct_alternative
58738,4,SS2-107-Ab,03_SS2-107-Ab_comp.jams,1038523,2,2,3,3,3,False,0.11840173602104187,0.0031134847690758582,regression,regression
22452,2,Jazz2-110-Bb,01_Jazz2-110-Bb_comp.jams,1467651,0,3,3,2,2,False,-0.037730250507593155,0.003000085399014779,keep,no_correct_alternative
38707,4,Jazz3-137-Eb,02_Jazz3-137-Eb_comp.jams,387397,3,3,3,2,2,False,-0.08737227320671082,0.002841279263128771,keep,regression
60623,1,SS3-98-C,03_SS3-98-C_comp.jams,1444153,3,3,2,2,2,False,0.12297441065311432,0.0027937853900230347,regression,regression
14473,4,SS2-107-Ab,00_SS2-107-Ab_comp.jams,1101480,3,3,3,2,2,False,-0.09124931693077087,0.0026683999162646632,keep,regression
19075,4,Funk2-108-Eb,01_Funk2-108-Eb_comp.jams,1072604,1,3,3,2,2,False,-0.16628415882587433,0.0025447281598445226,keep,no_correct_alternative
2660,4,Funk2-108-Eb,00_Funk2-108-Eb_comp.jams,1428173,4,3,3,2,2,False,-0.16073495149612427,0.0024003368975348827,keep,no_correct_alternative
66775,4,Jazz3-137-Eb,04_Jazz3-137-Eb_comp.jams,348711,4,3,3,2,2,False,-0.11530715227127075,0.002326599469050561,keep,no_correct_alternative
24710,4,Rock1-90-C#,01_Rock1-90-C#_comp.jams,425129,4,3,3,2,2,False,-0.058539777994155884,0.0023241972271395572,keep,no_correct_alternative
40136,2,Rock1-130-A,02_Rock1-130-A_comp.jams,928336,4,4,3,3,3,False,0.1719318926334381,0.002299473447308964,regression,regression
20041,1,Funk3-112-C#,01_Funk3-112-C#_comp.jams,117628,3,2,4,4,4,True,0.21388277411460876,0.001836271008560042,wrong_choice_despite_correct_alternative,wrong_choice_despite_correct_alternative
69171,0,Rock2-142-D,04_Rock2-142-D_comp.jams,874936,3,3,5,5,5,False,0.19643782079219818,0.0015712802310209606,regression,regression
28193,0,Rock3-148-C,01_Rock3-148-C_comp.jams,411485,2,2,2,3,3,False,-0.051929786801338196,0.0015232942073083455,keep,regression
71220,0,Rock3-148-C,04_Rock3-148-C_comp.jams,817995,3,3,3,2,2,False,-0.02181127667427063,0.001466180127085659,keep,regression
61348,0,BN2-166-Ab,04_BN2-166-Ab_comp.jams,237882,2,4,3,3,3,True,0.09296834468841553,0.0010266965038164821,wrong_choice_despite_correct_alternative,wrong_choice_despite_correct_alternative
47014,1,SS3-98-C,02_SS3-98-C_comp.jams,1161688,3,3,3,2,2,False,-0.005038946866989136,0.0009004246334979871,keep,regression
64171,1,Funk3-112-C#,04_Funk3-112-C#_comp.jams,1264987,4,4,4,3,3,False,-0.0681377500295639,0.0008046590615948257,keep,regression
69594,2,Rock2-85-F,04_Rock2-85-F_comp.jams,622231,1,2,3,3,3,False,0.12057778239250183,0.0007728732775398317,no_correct_alternative,no_correct_alternative
43889,0,SS1-68-E,02_SS1-68-E_comp.jams,690933,0,4,4,2,2,False,-0.035155318677425385,0.0007545918595550649,keep,no_correct_alternative
49860,1,Funk2-119-G,03_Funk2-119-G_comp.jams,644727,3,3,3,2,2,False,-0.07790729403495789,0.0006132506645086799,keep,regression
18891,4,Funk2-108-Eb,01_Funk2-108-Eb_comp.jams,208631,2,3,3,4,4,False,-0.10651054978370667,0.00036081338957943965,keep,no_correct_alternative
55806,2,Rock2-85-F,03_Rock2-85-F_comp.jams,963340,3,3,4,4,4,False,0.3048393130302429,9.75697056194158e-05,regression,regression
