global_index,fold,piece,recording_id,start_sample,truth,baseline,original_K,calibrated_K,best_alternative_K,correct_alternative_available,gain_before,gain_after,family_before,family_after
66074,2,Jazz2-110-Bb,04_Jazz2-110-Bb_comp.jams,1009846,4,4,2,2,2,False,0.8954336643218994,0.4975427236592352,regression,regression
19710,1,Funk2-119-G,01_Funk2-119-G_comp.jams,979359,3,4,2,2,2,False,0.885929524898529,0.49497611952787846,no_correct_alternative,no_correct_alternative
43268,0,Rock3-148-C,02_Rock3-148-C_comp.jams,703355,3,3,2,2,2,False,0.862614631652832,0.47890515779203174,regression,regression
2420,4,Funk2-108-Eb,00_Funk2-108-Eb_comp.jams,777960,1,2,3,3,3,False,0.5776229500770569,0.44118994343192114,no_correct_alternative,no_correct_alternative
1941,2,Funk1-114-Ab,00_Funk1-114-Ab_comp.jams,784616,4,3,2,2,2,False,0.8460403680801392,0.4157232198414941,no_correct_alternative,no_correct_alternative
30111,4,SS2-107-Ab,01_SS2-107-Ab_solo.jams,184590,1,2,3,3,3,False,0.6696619987487793,0.4047789273840027,no_correct_alternative,no_correct_alternative
2256,4,Funk2-108-Eb,00_Funk2-108-Eb_comp.jams,269218,5,3,4,4,4,False,0.7782209515571594,0.40474852057006516,no_correct_alternative,no_correct_alternative
12531,0,Rock3-148-C,00_Rock3-148-C_comp.jams,567817,5,3,2,2,2,False,0.7569828033447266,0.39900619892023065,no_correct_alternative,no_correct_alternative
12333,0,Rock3-148-C,00_Rock3-148-C_comp.jams,139459,5,3,2,2,2,False,0.7841170430183411,0.39612910970753923,no_correct_alternative,no_correct_alternative
48141,0,BN2-166-Ab,03_BN2-166-Ab_comp.jams,670270,1,4,2,2,2,False,0.7860288023948669,0.38333722688774213,no_correct_alternative,no_correct_alternative
62639,4,Funk2-108-Eb,04_Funk2-108-Eb_comp.jams,276297,2,2,3,3,3,False,0.5746561288833618,0.3817952641089921,regression,regression
14627,4,SS2-107-Ab,00_SS2-107-Ab_comp.jams,1571601,0,3,2,2,2,False,0.28461122512817383,0.37754266587428104,no_correct_alternative,no_correct_alternative
69748,2,Rock2-85-F,04_Rock2-85-F_comp.jams,1009957,1,4,2,2,2,False,0.435391902923584,0.37313222279156305,no_correct_alternative,no_correct_alternative
12654,0,Rock3-148-C,00_Rock3-148-C_comp.jams,853048,5,3,2,2,2,False,0.7665978670120239,0.3709013646511292,no_correct_alternative,no_correct_alternative
2289,4,Funk2-108-Eb,00_Funk2-108-Eb_comp.jams,399617,3,3,2,2,2,False,0.5127652883529663,0.36544298291288135,regression,regression
12715,0,Rock3-148-C,00_Rock3-148-C_comp.jams,976146,5,3,2,2,2,False,0.6358935832977295,0.3539618078512726,no_correct_alternative,no_correct_alternative
23940,2,Rock1-130-A,01_Rock1-130-A_comp.jams,237698,0,3,2,2,2,False,0.611657440662384,0.3467040340912755,no_correct_alternative,no_correct_alternative
12645,0,Rock3-148-C,00_Rock3-148-C_comp.jams,834981,4,3,2,2,2,False,0.6872478723526001,0.3455097251647553,no_correct_alternative,no_correct_alternative
43111,0,Rock3-148-C,02_Rock3-148-C_comp.jams,354487,3,3,2,2,2,False,0.7342739701271057,0.34511681128148186,regression,regression
8326,2,Rock1-130-A,00_Rock1-130-A_comp.jams,733863,3,4,2,2,2,False,0.2766420245170593,0.3444414325229246,no_correct_alternative,no_correct_alternative
15751,1,SS3-98-C,00_SS3-98-C_comp.jams,49349,1,3,2,2,2,False,0.7268373370170593,0.34263224206350934,no_correct_alternative,no_correct_alternative
14191,4,SS2-107-Ab,00_SS2-107-Ab_comp.jams,290204,1,3,2,2,2,False,0.63216632604599,0.34235261892815405,no_correct_alternative,no_correct_alternative
61765,1,BN3-154-E,04_BN3-154-E_comp.jams,292950,1,4,2,2,2,False,0.4879034459590912,0.3417022012816258,no_correct_alternative,no_correct_alternative
37332,2,Jazz1-200-B,02_Jazz1-200-B_comp.jams,418739,1,3,2,2,2,False,0.10383757203817368,0.3356461442544882,no_correct_alternative,no_correct_alternative
14598,4,SS2-107-Ab,00_SS2-107-Ab_comp.jams,1497124,1,3,2,2,2,False,0.1566656529903412,0.33537527194027433,no_correct_alternative,no_correct_alternative
51982,2,Jazz2-110-Bb,03_Jazz2-110-Bb_comp.jams,90572,0,4,2,2,2,False,0.21596932411193848,0.33386795784862316,no_correct_alternative,no_correct_alternative
1017,1,BN3-154-E,00_BN3-154-E_comp.jams,120846,1,3,2,2,2,False,0.6566944122314453,0.3330003736686811,no_correct_alternative,no_correct_alternative
20139,1,Funk3-112-C#,01_Funk3-112-C#_comp.jams,544742,0,3,2,2,2,False,0.44391700625419617,0.3319514994291796,no_correct_alternative,no_correct_alternative
2372,4,Funk2-108-Eb,00_Funk2-108-Eb_comp.jams,644989,4,3,2,2,2,False,0.4730827212333679,0.3266262325822574,no_correct_alternative,no_correct_alternative
62861,4,Funk2-108-Eb,04_Funk2-108-Eb_comp.jams,1098938,3,4,2,2,2,True,0.580832839012146,0.32518268907970843,wrong_choice_despite_correct_alternative,wrong_choice_despite_correct_alternative
72789,4,SS2-107-Ab,04_SS2-107-Ab_comp.jams,1423775,1,3,2,2,2,False,0.410062313079834,0.3224082946806619,no_correct_alternative,no_correct_alternative
2689,4,Funk2-108-Eb,00_Funk2-108-Eb_comp.jams,1536806,4,3,2,2,2,False,0.4716849625110626,0.321611114794565,no_correct_alternative,no_correct_alternative
12360,0,Rock3-148-C,00_Rock3-148-C_comp.jams,198690,3,3,2,2,2,False,0.6800943613052368,0.32024959165636147,regression,regression
10544,2,Rock2-85-F,00_Rock2-85-F_comp.jams,357552,3,4,2,2,2,False,0.3435192108154297,0.3192601162657618,no_correct_alternative,no_correct_alternative
62614,4,Funk2-108-Eb,04_Funk2-108-Eb_comp.jams,178859,2,2,3,3,3,False,0.4875609874725342,0.3152105943916625,regression,regression
62916,4,Funk2-108-Eb,04_Funk2-108-Eb_comp.jams,1299104,0,3,2,2,2,False,0.6094560027122498,0.3146722002988204,no_correct_alternative,no_correct_alternative
29991,4,SS2-107-Ab,01_SS2-107-Ab_comp.jams,1334312,0,2,3,3,3,False,0.5019729137420654,0.31055471869888285,no_correct_alternative,no_correct_alternative
51484,4,Jazz1-130-D,03_Jazz1-130-D_comp.jams,328528,0,3,2,2,2,False,0.09524781256914139,0.30327607969725306,no_correct_alternative,no_correct_alternative
32019,1,SS3-98-C,01_SS3-98-C_comp.jams,1432403,1,3,2,2,2,False,0.6742496490478516,0.3031190783769564,no_correct_alternative,no_correct_alternative
61700,1,BN3-154-E,04_BN3-154-E_comp.jams,59914,4,4,3,3,3,False,0.770464301109314,0.30141196379935103,regression,regression
72769,4,SS2-107-Ab,04_SS2-107-Ab_comp.jams,1310097,1,3,2,2,2,False,0.5094969272613525,0.2994370416154579,no_correct_alternative,no_correct_alternative
60615,1,SS3-98-C,03_SS3-98-C_comp.jams,1428469,0,3,2,2,2,False,0.1177925318479538,0.2993976770612758,no_correct_alternative,no_correct_alternative
2418,4,Funk2-108-Eb,00_Funk2-108-Eb_comp.jams,770056,4,3,2,2,2,False,0.1431061327457428,0.2992451613755307,no_correct_alternative,no_correct_alternative
1157,1,BN3-154-E,00_BN3-154-E_comp.jams,592579,5,4,3,3,3,False,0.6265862584114075,0.297626821877471,no_correct_alternative,no_correct_alternative
45164,4,SS2-107-Ab,02_SS2-107-Ab_comp.jams,1279754,0,3,2,2,2,False,0.2754572629928589,0.2957993870875681,no_correct_alternative,no_correct_alternative
18405,2,Funk1-114-Ab,01_Funk1-114-Ab_comp.jams,307490,3,3,2,2,2,False,0.6705093383789062,0.2949025914955949,regression,regression
69556,2,Rock2-85-F,04_Rock2-85-F_comp.jams,526421,1,4,2,2,2,False,0.14779019355773926,0.2922714317568127,no_correct_alternative,no_correct_alternative
41556,2,Rock2-85-F,02_Rock2-85-F_comp.jams,487938,1,3,2,2,2,False,0.5853710770606995,0.2892208153916612,no_correct_alternative,no_correct_alternative
12494,0,Rock3-148-C,00_Rock3-148-C_comp.jams,487214,4,4,3,3,3,False,0.4566535949707031,0.2874583762682429,regression,regression
69578,2,Rock2-85-F,04_Rock2-85-F_comp.jams,575308,1,4,2,2,2,False,0.43774548172950745,0.285528739318667,no_correct_alternative,no_correct_alternative
58392,4,SS2-107-Ab,03_SS2-107-Ab_comp.jams,110290,3,3,2,2,2,False,0.648676335811615,0.2849108188203736,regression,regression
12687,0,Rock3-148-C,00_Rock3-148-C_comp.jams,917684,3,3,2,2,2,False,0.6389433741569519,0.28277799395884295,regression,regression
2680,4,Funk2-108-Eb,00_Funk2-108-Eb_comp.jams,1495178,4,3,2,2,2,False,0.4125025272369385,0.28089338063996655,no_correct_alternative,no_correct_alternative
57241,0,Rock3-148-C,03_Rock3-148-C_comp.jams,874615,1,4,2,2,2,False,0.696431040763855,0.27866257064998645,no_correct_alternative,no_correct_alternative
69757,2,Rock2-85-F,04_Rock2-85-F_comp.jams,1040311,1,4,2,2,2,False,0.5943505764007568,0.27710389101812927,no_correct_alternative,no_correct_alternative
6939,4,Jazz3-137-Eb,00_Jazz3-137-Eb_comp.jams,224202,3,3,2,2,2,False,0.5433152914047241,0.2733375906403826,regression,regression
50307,1,Funk3-112-C#,03_Funk3-112-C#_comp.jams,508216,0,3,2,2,2,False,0.06339754909276962,0.2724109155052013,no_correct_alternative,no_correct_alternative
1072,1,BN3-154-E,00_BN3-154-E_comp.jams,319562,3,3,2,2,2,False,0.5702256560325623,0.2722017409304578,regression,regression
12745,0,Rock3-148-C,00_Rock3-148-C_comp.jams,1042389,5,3,2,2,2,False,0.5741093754768372,0.27068094015750666,no_correct_alternative,no_correct_alternative
8190,2,Rock1-130-A,00_Rock1-130-A_comp.jams,410951,3,3,2,2,2,False,0.0764625146985054,0.27059249444027256,regression,regression
65330,4,Jazz1-130-D,04_Jazz1-130-D_comp.jams,807497,1,3,2,2,2,False,0.43121302127838135,0.270105410751365,no_correct_alternative,no_correct_alternative
12331,0,Rock3-148-C,00_Rock3-148-C_comp.jams,135205,3,3,2,2,2,False,0.6147416830062866,0.2696211284187328,regression,regression
58909,4,SS2-107-Ab,03_SS2-107-Ab_comp.jams,1513621,1,3,2,2,2,False,0.12067338824272156,0.26902734169732767,no_correct_alternative,no_correct_alternative
62693,4,Funk2-108-Eb,04_Funk2-108-Eb_comp.jams,508304,1,3,2,2,2,False,0.4151128828525543,0.2681102047750903,no_correct_alternative,no_correct_alternative
60066,1,SS3-98-C,03_SS3-98-C_comp.jams,143628,3,3,2,2,2,False,0.6102898716926575,0.2651063321038131,regression,regression
31908,1,SS3-98-C,01_SS3-98-C_comp.jams,1187295,0,3,2,2,2,False,0.4593735337257385,0.26457871364033547,no_correct_alternative,no_correct_alternative
10743,2,Rock2-85-F,00_Rock2-85-F_comp.jams,793766,4,3,2,2,2,False,0.5824939012527466,0.2630947792009767,no_correct_alternative,no_correct_alternative
51612,4,Jazz1-130-D,03_Jazz1-130-D_comp.jams,893148,1,3,2,2,2,False,0.2689448595046997,0.26308740102190176,no_correct_alternative,no_correct_alternative
58761,4,SS2-107-Ab,03_SS2-107-Ab_comp.jams,1100107,1,3,2,2,2,False,0.32817214727401733,0.2615151608989602,no_correct_alternative,no_correct_alternative
34505,4,Funk2-108-Eb,02_Funk2-108-Eb_comp.jams,410463,2,2,3,3,3,False,0.4061887562274933,0.2609554906532082,regression,regression
69902,2,Rock2-85-F,04_Rock2-85-F_comp.jams,1524614,1,4,3,3,3,False,0.6743966341018677,0.2605870215626589,no_correct_alternative,no_correct_alternative
65513,2,Jazz1-200-B,04_Jazz1-200-B_comp.jams,132026,1,3,2,2,2,False,0.48566174507141113,0.25940955652587855,no_correct_alternative,no_correct_alternative
19099,4,Funk2-108-Eb,01_Funk2-108-Eb_comp.jams,1208601,1,2,3,3,3,False,0.4038580358028412,0.25866081926430573,no_correct_alternative,no_correct_alternative
43396,0,Rock3-148-C,02_Rock3-148-C_comp.jams,997480,1,3,2,2,2,False,0.5161123871803284,0.2582993603328988,no_correct_alternative,no_correct_alternative
18377,2,Funk1-114-Ab,01_Funk1-114-Ab_comp.jams,180949,3,3,2,2,2,False,0.6562588214874268,0.2568840839190699,regression,regression
60254,1,SS3-98-C,03_SS3-98-C_comp.jams,575802,0,2,3,3,3,False,0.5418546795845032,0.2568222635023927,no_correct_alternative,no_correct_alternative
73935,1,SS3-98-C,04_SS3-98-C_comp.jams,252604,1,3,2,2,2,False,0.5852400064468384,0.2567939414592242,no_correct_alternative,no_correct_alternative
62842,4,Funk2-108-Eb,04_Funk2-108-Eb_comp.jams,1018168,1,3,2,2,2,False,0.38110780715942383,0.2566145843595815,no_correct_alternative,no_correct_alternative
29939,4,SS2-107-Ab,01_SS2-107-Ab_comp.jams,1100381,4,3,2,2,2,False,0.43504029512405396,0.25617059389403957,no_correct_alternative,no_correct_alternative
53554,0,Jazz3-150-C,03_Jazz3-150-C_comp.jams,861252,1,4,2,2,2,False,0.3196788728237152,0.25576928927728987,no_correct_alternative,no_correct_alternative
20324,1,Funk3-112-C#,01_Funk3-112-C#_comp.jams,1305704,1,3,2,2,2,False,0.5797621607780457,0.2557415248348455,no_correct_alternative,no_correct_alternative
9191,4,Rock1-90-C#,00_Rock1-90-C#_comp.jams,1160385,5,3,2,2,2,False,0.1523493230342865,0.25391508907160787,no_correct_alternative,no_correct_alternative
18355,2,Funk1-114-Ab,01_Funk1-114-Ab_comp.jams,87774,3,3,2,2,2,False,0.6519259810447693,0.2534740931046322,regression,regression
18381,2,Funk1-114-Ab,01_Funk1-114-Ab_comp.jams,198153,3,3,2,2,2,False,0.44509121775627136,0.2519527839028286,regression,regression
71250,0,Rock3-148-C,04_Rock3-148-C_comp.jams,903518,4,4,5,5,5,False,0.6972410082817078,0.2507717403939975,regression,regression
2869,1,Funk2-119-G,00_Funk2-119-G_comp.jams,29,6,3,4,4,4,False,0.5060310959815979,0.2505465247977818,no_correct_alternative,no_correct_alternative
2566,4,Funk2-108-Eb,00_Funk2-108-Eb_comp.jams,1170495,0,3,2,2,2,False,0.1373351514339447,0.2503421543712748,no_correct_alternative,no_correct_alternative
34790,4,Funk2-108-Eb,02_Funk2-108-Eb_comp.jams,1372302,1,3,2,2,2,False,0.38478004932403564,0.2495513606501054,no_correct_alternative,no_correct_alternative
2474,4,Funk2-108-Eb,00_Funk2-108-Eb_comp.jams,928752,3,3,4,4,4,False,0.268454372882843,0.24953307121102963,regression,regression
54654,4,Rock1-90-C#,03_Rock1-90-C#_comp.jams,1015338,3,3,4,4,4,False,0.5183933973312378,0.24565114053184767,regression,regression
43075,0,Rock3-148-C,02_Rock3-148-C_comp.jams,270166,5,4,3,3,3,False,0.5831376314163208,0.24498296845693693,no_correct_alternative,no_correct_alternative
2428,4,Funk2-108-Eb,00_Funk2-108-Eb_comp.jams,801694,4,2,3,3,3,False,0.372413694858551,0.24234969438026965,no_correct_alternative,no_correct_alternative
3309,1,Funk2-119-G,00_Funk2-119-G_comp.jams,1111583,5,2,4,4,4,False,0.5660634636878967,0.24200558498892633,no_correct_alternative,no_correct_alternative
14485,4,SS2-107-Ab,00_SS2-107-Ab_comp.jams,1132586,1,2,3,3,3,False,0.4600147306919098,0.2418087365504161,no_correct_alternative,no_correct_alternative
61951,1,BN3-154-E,04_BN3-154-E_comp.jams,1038596,1,4,3,3,3,False,0.6107508540153503,0.24168689625973644,no_correct_alternative,no_correct_alternative
73927,1,SS3-98-C,04_SS3-98-C_comp.jams,232802,1,3,2,2,2,False,0.5420619249343872,0.24066939757754235,no_correct_alternative,no_correct_alternative
2539,4,Funk2-108-Eb,00_Funk2-108-Eb_comp.jams,1064423,5,3,4,4,4,False,0.4596444368362427,0.24007490661665143,no_correct_alternative,no_correct_alternative
9140,4,Rock1-90-C#,00_Rock1-90-C#_comp.jams,1056298,5,2,4,4,4,False,0.45469897985458374,0.23974274251717667,no_correct_alternative,no_correct_alternative
36145,1,Funk3-112-C#,02_Funk3-112-C#_solo.jams,1193453,2,4,3,3,3,True,0.6783630847930908,0.23948034119900308,wrong_choice_despite_correct_alternative,wrong_choice_despite_correct_alternative
5196,4,Jazz1-130-D,00_Jazz1-130-D_comp.jams,385973,3,3,4,4,4,False,0.45793038606643677,0.2391192484055853,regression,regression
12483,0,Rock3-148-C,00_Rock3-148-C_comp.jams,465369,5,3,2,2,2,True,0.7537363767623901,0.23871463148735292,wrong_choice_despite_correct_alternative,wrong_choice_despite_correct_alternative
30207,4,SS2-107-Ab,01_SS2-107-Ab_solo.jams,518689,1,3,2,2,2,False,0.470805823802948,0.2386674563260819,no_correct_alternative,no_correct_alternative
1279,1,BN3-154-E,00_BN3-154-E_comp.jams,988804,4,4,2,2,2,False,0.18442215025424957,0.23702584376348956,regression,regression
69637,2,Rock2-85-F,04_Rock2-85-F_comp.jams,731322,1,3,2,2,2,False,0.554805338382721,0.23665113631394274,no_correct_alternative,no_correct_alternative
56204,2,Rock2-85-F,03_Rock2-85-F_solo.jams,356094,1,3,2,2,2,False,0.5562849044799805,0.23637996851416415,no_correct_alternative,no_correct_alternative
10120,0,Rock2-142-D,00_Rock2-142-D_comp.jams,1159792,1,3,2,2,2,False,0.4701756238937378,0.23392453711818056,no_correct_alternative,no_correct_alternative
2494,4,Funk2-108-Eb,00_Funk2-108-Eb_comp.jams,972907,4,3,2,2,2,False,0.31057754158973694,0.23039677694654895,no_correct_alternative,no_correct_alternative
6291,2,Jazz2-110-Bb,00_Jazz2-110-Bb_comp.jams,1521904,0,3,2,2,2,False,0.049493156373500824,0.22859128661009012,no_correct_alternative,no_correct_alternative
12647,0,Rock3-148-C,00_Rock3-148-C_comp.jams,838781,4,3,2,2,2,False,0.4592897295951843,0.22851271699320275,no_correct_alternative,no_correct_alternative
65584,2,Jazz1-200-B,04_Jazz1-200-B_comp.jams,357637,4,4,2,2,2,False,0.4189055562019348,0.22822391547784532,regression,regression
12751,0,Rock3-148-C,00_Rock3-148-C_comp.jams,1054843,5,3,2,2,2,False,0.32281365990638733,0.22769760941779313,no_correct_alternative,no_correct_alternative
43079,0,Rock3-148-C,02_Rock3-148-C_comp.jams,279033,1,3,2,2,2,False,0.30696117877960205,0.22748912227890952,no_correct_alternative,no_correct_alternative
69883,2,Rock2-85-F,04_Rock2-85-F_comp.jams,1462568,1,4,3,3,3,False,0.5086691975593567,0.22690053678073355,no_correct_alternative,no_correct_alternative
63927,1,Funk3-112-C#,04_Funk3-112-C#_comp.jams,550210,2,4,3,3,3,True,0.6554081439971924,0.22688495676183568,wrong_choice_despite_correct_alternative,wrong_choice_despite_correct_alternative
66683,4,Jazz3-137-Eb,04_Jazz3-137-Eb_comp.jams,7,1,2,4,4,4,False,0.11104085296392441,0.22679834022328418,no_correct_alternative,no_correct_alternative
40534,4,Rock1-90-C#,02_Rock1-90-C#_comp.jams,773003,1,3,2,2,2,False,0.016905728727579117,0.22644083742399682,no_correct_alternative,no_correct_alternative
12499,0,Rock3-148-C,00_Rock3-148-C_comp.jams,497208,3,3,2,2,2,False,0.4475117027759552,0.22581511228672443,regression,regression
31868,1,SS3-98-C,01_SS3-98-C_comp.jams,1096332,0,2,3,3,3,False,0.5576897859573364,0.22526358385091017,no_correct_alternative,no_correct_alternative
18864,4,Funk2-108-Eb,01_Funk2-108-Eb_comp.jams,97583,0,3,2,2,2,False,0.0747445747256279,0.22435855241906055,no_correct_alternative,no_correct_alternative
3955,1,Funk3-112-C#,00_Funk3-112-C#_comp.jams,964121,1,2,3,3,3,False,0.3229815363883972,0.22429991289445192,no_correct_alternative,no_correct_alternative
48816,2,Funk1-114-Ab,03_Funk1-114-Ab_comp.jams,267051,1,3,2,2,2,False,0.5056792497634888,0.22354416162581653,no_correct_alternative,no_correct_alternative
47992,0,BN2-166-Ab,03_BN2-166-Ab_comp.jams,72224,4,4,2,2,2,False,0.5769280791282654,0.22331320944776392,regression,regression
23067,4,Jazz3-137-Eb,01_Jazz3-137-Eb_comp.jams,31020,1,3,2,2,2,False,0.25540465116500854,0.22327192409721386,no_correct_alternative,no_correct_alternative
12757,0,Rock3-148-C,00_Rock3-148-C_comp.jams,1068889,6,3,2,2,2,False,0.5486087203025818,0.22180106781485465,no_correct_alternative,no_correct_alternative
60035,1,SS3-98-C,03_SS3-98-C_comp.jams,77497,0,3,2,2,2,False,0.07890661060810089,0.22112760259679803,no_correct_alternative,no_correct_alternative
32155,1,SS3-98-C,01_SS3-98-C_comp.jams,1709475,3,3,2,2,2,False,0.5500959157943726,0.22058545197065937,regression,regression
72594,4,SS2-107-Ab,04_SS2-107-Ab_comp.jams,756417,1,3,2,2,2,False,0.10753197968006134,0.2204543930093596,no_correct_alternative,no_correct_alternative
20159,1,Funk3-112-C#,01_Funk3-112-C#_comp.jams,661604,2,4,3,3,3,True,0.5582479238510132,0.22034422650468655,wrong_choice_despite_correct_alternative,wrong_choice_despite_correct_alternative
9237,4,Rock1-90-C#,00_Rock1-90-C#_comp.jams,1255525,3,3,2,2,2,False,0.33310025930404663,0.22023601220694344,regression,regression
31936,1,SS3-98-C,01_SS3-98-C_comp.jams,1248949,1,2,4,4,4,False,0.47001826763153076,0.2200499996579254,no_correct_alternative,no_correct_alternative
54441,4,Rock1-90-C#,03_Rock1-90-C#_comp.jams,500238,3,3,4,4,4,False,0.39587733149528503,0.21987953030454363,regression,regression
1958,2,Funk1-114-Ab,00_Funk1-114-Ab_comp.jams,825105,1,3,3,2,2,False,-0.004637741018086672,0.21969685639396572,keep,no_correct_alternative
54455,4,Rock1-90-C#,03_Rock1-90-C#_comp.jams,528427,2,3,4,4,4,False,0.314126193523407,0.21895688515389583,no_correct_alternative,no_correct_alternative
12510,0,Rock3-148-C,00_Rock3-148-C_comp.jams,519216,6,4,2,2,2,False,0.4243502616882324,0.21783493744295357,no_correct_alternative,no_correct_alternative
60370,1,SS3-98-C,03_SS3-98-C_comp.jams,829641,3,4,2,2,2,False,0.3525567650794983,0.21572225213359852,no_correct_alternative,no_correct_alternative
28222,0,Rock3-148-C,01_Rock3-148-C_comp.jams,482415,1,3,2,2,2,False,0.24061231315135956,0.21491145965348823,no_correct_alternative,no_correct_alternative
64165,1,Funk3-112-C#,04_Funk3-112-C#_comp.jams,1246616,1,3,2,2,2,False,0.49863409996032715,0.21460408047338506,no_correct_alternative,no_correct_alternative
1944,2,Funk1-114-Ab,00_Funk1-114-Ab_comp.jams,794778,1,4,2,2,2,False,0.021946851164102554,0.21451873574028235,no_correct_alternative,no_correct_alternative
54634,4,Rock1-90-C#,03_Rock1-90-C#_comp.jams,970414,2,2,3,3,3,False,0.45400065183639526,0.2142935867125188,regression,regression
54472,4,Rock1-90-C#,03_Rock1-90-C#_comp.jams,573525,3,3,2,2,2,False,0.4004119634628296,0.21311891783264492,regression,regression
6974,4,Jazz3-137-Eb,00_Jazz3-137-Eb_comp.jams,378887,2,2,3,3,3,False,0.3698713481426239,0.2127231772672608,regression,regression
5360,4,Jazz1-130-D,00_Jazz1-130-D_comp.jams,866681,1,3,2,2,2,False,0.3456873893737793,0.21266967281809038,no_correct_alternative,no_correct_alternative
12408,0,Rock3-148-C,00_Rock3-148-C_comp.jams,309660,1,4,2,2,2,False,0.251775324344635,0.2118375605197497,no_correct_alternative,no_correct_alternative
2583,4,Funk2-108-Eb,00_Funk2-108-Eb_comp.jams,1225435,0,3,2,2,2,False,0.18562468886375427,0.21148588916374628,no_correct_alternative,no_correct_alternative
18834,2,Funk1-114-Ab,01_Funk1-114-Ab_solo.jams,1044365,1,3,2,2,2,False,0.15305295586585999,0.21138021027164064,no_correct_alternative,no_correct_alternative
8346,2,Rock1-130-A,00_Rock1-130-A_comp.jams,788847,4,4,2,2,2,False,0.3879663050174713,0.21088888046131807,regression,regression
30465,4,SS2-107-Ab,01_SS2-107-Ab_solo.jams,1496251,2,2,2,3,3,False,-0.013326887972652912,0.21054163097846113,keep,regression
46591,1,SS3-98-C,02_SS3-98-C_comp.jams,81257,3,3,4,4,4,False,0.5321121215820312,0.21050536592605962,regression,regression
17811,1,BN3-154-E,01_BN3-154-E_comp.jams,189137,2,2,3,3,3,False,0.3329200744628906,0.20972475027007997,regression,regression
53849,2,Rock1-130-A,03_Rock1-130-A_comp.jams,273669,1,4,2,2,2,False,0.4352593719959259,0.20951005709030307,no_correct_alternative,no_correct_alternative
70066,2,Rock2-85-F,04_Rock2-85-F_comp.jams,1914019,1,3,2,2,2,False,0.21813476085662842,0.20927206743773255,no_correct_alternative,no_correct_alternative
69585,2,Rock2-85-F,04_Rock2-85-F_comp.jams,590481,1,3,2,2,2,False,0.2669570744037628,0.2087606277812574,no_correct_alternative,no_correct_alternative
10704,2,Rock2-85-F,00_Rock2-85-F_comp.jams,701404,3,3,2,2,2,False,0.41030353307724,0.20832562688445863,regression,regression
73856,1,SS3-98-C,04_SS3-98-C_comp.jams,26125,1,3,2,2,2,False,0.34507113695144653,0.20792587158725873,no_correct_alternative,no_correct_alternative
56132,2,Rock2-85-F,03_Rock2-85-F_comp.jams,1890795,1,3,2,2,2,False,0.39494770765304565,0.20790433034823438,no_correct_alternative,no_correct_alternative
5141,4,Jazz1-130-D,00_Jazz1-130-D_comp.jams,215602,1,3,2,2,2,False,0.3882152736186981,0.20761827128502836,no_correct_alternative,no_correct_alternative
58881,4,SS2-107-Ab,03_SS2-107-Ab_comp.jams,1435066,3,3,2,2,2,False,0.16520704329013824,0.20745026522142299,regression,regression
9866,0,Rock2-142-D,00_Rock2-142-D_comp.jams,566788,4,3,2,2,2,False,0.6510358452796936,0.20621669542527515,no_correct_alternative,no_correct_alternative
9808,0,Rock2-142-D,00_Rock2-142-D_comp.jams,434602,5,4,2,2,2,False,0.6337109804153442,0.20602240339305836,no_correct_alternative,no_correct_alternative
2554,4,Funk2-108-Eb,00_Funk2-108-Eb_comp.jams,1124360,4,3,2,2,2,False,0.20197926461696625,0.20564653941212338,no_correct_alternative,no_correct_alternative
29764,4,SS2-107-Ab,01_SS2-107-Ab_comp.jams,383873,1,3,2,2,2,False,0.40455207228660583,0.20527990310551275,no_correct_alternative,no_correct_alternative
11149,2,Rock2-85-F,00_Rock2-85-F_comp.jams,1742720,3,3,2,2,2,False,0.5032481551170349,0.20487232952392676,regression,regression
63735,1,Funk2-119-G,04_Funk2-119-G_solo.jams,1116485,2,2,3,3,3,False,0.4974546432495117,0.20460834124256644,regression,regression
7317,4,Jazz3-137-Eb,00_Jazz3-137-Eb_solo.jams,588921,1,3,2,2,2,False,0.267131507396698,0.20392148650620498,no_correct_alternative,no_correct_alternative
1288,1,BN3-154-E,00_BN3-154-E_comp.jams,1023886,4,4,3,3,3,False,0.6356498003005981,0.2037744800930239,regression,regression
54619,4,Rock1-90-C#,03_Rock1-90-C#_comp.jams,925439,2,2,3,3,3,False,0.3929407596588135,0.20321662798833484,regression,regression
34433,4,Funk2-108-Eb,02_Funk2-108-Eb_comp.jams,134500,1,2,3,3,3,False,0.17958718538284302,0.20315356579134067,no_correct_alternative,no_correct_alternative
44967,4,SS2-107-Ab,02_SS2-107-Ab_comp.jams,766455,4,3,2,2,2,False,0.34089136123657227,0.20247509516142595,no_correct_alternative,no_correct_alternative
30317,4,SS2-107-Ab,01_SS2-107-Ab_solo.jams,965051,0,3,3,2,2,False,-0.024327851831912994,0.20192591278070116,keep,no_correct_alternative
9498,4,Rock1-90-C#,00_Rock1-90-C#_solo.jams,572589,2,2,3,3,3,False,0.4346686601638794,0.20120909529298303,regression,regression
49270,4,Funk2-108-Eb,03_Funk2-108-Eb_comp.jams,392738,4,4,3,3,3,False,0.1292581856250763,0.20032944276004447,regression,regression
12362,0,Rock3-148-C,00_Rock3-148-C_comp.jams,203498,4,4,3,3,3,False,0.5550543069839478,0.20021707448097295,regression,regression
23594,0,Jazz3-150-C,01_Jazz3-150-C_comp.jams,476496,3,3,2,2,2,False,0.5334944725036621,0.19988063693615454,regression,regression
57505,0,SS1-68-E,03_SS1-68-E_comp.jams,138199,0,3,2,2,2,False,0.06064974144101143,0.19788593199541746,no_correct_alternative,no_correct_alternative
48826,2,Funk1-114-Ab,03_Funk1-114-Ab_comp.jams,298439,1,4,4,2,2,False,-0.014665341936051846,0.19784962268774559,keep,no_correct_alternative
65908,2,Jazz2-110-Bb,04_Jazz2-110-Bb_comp.jams,385761,1,4,2,2,2,False,0.02709016390144825,0.1965464818313909,no_correct_alternative,no_correct_alternative
12727,0,Rock3-148-C,00_Rock3-148-C_comp.jams,1002494,3,3,2,2,2,False,0.29470616579055786,0.19607293720970098,regression,regression
49441,4,Funk2-108-Eb,03_Funk2-108-Eb_comp.jams,1049361,3,3,2,2,2,False,0.2793537676334381,0.19569650565098323,regression,regression
49546,4,Funk2-108-Eb,03_Funk2-108-Eb_comp.jams,1444916,3,3,2,2,2,False,0.20294877886772156,0.19561664063116574,regression,regression
48014,0,BN2-166-Ab,03_BN2-166-Ab_comp.jams,200262,4,4,2,2,2,False,0.5850200057029724,0.19538548924825447,regression,regression
9999,0,Rock2-142-D,00_Rock2-142-D_comp.jams,884688,3,4,2,2,2,True,0.5993688106536865,0.1950193988066371,wrong_choice_despite_correct_alternative,wrong_choice_despite_correct_alternative
65623,2,Jazz1-200-B,04_Jazz1-200-B_comp.jams,452123,0,3,2,2,2,False,0.034892939031124115,0.19474895731633246,no_correct_alternative,no_correct_alternative
18590,2,Funk1-114-Ab,01_Funk1-114-Ab_comp.jams,1044881,2,2,3,3,3,False,0.470415323972702,0.19408731539238872,regression,regression
58616,4,SS2-107-Ab,03_SS2-107-Ab_comp.jams,680400,3,3,2,2,2,False,0.03293544054031372,0.19319327633115915,regression,regression
34567,4,Funk2-108-Eb,02_Funk2-108-Eb_comp.jams,636197,3,3,2,2,2,False,0.2788584232330322,0.19288669926542995,regression,regression
49509,4,Funk2-108-Eb,03_Funk2-108-Eb_comp.jams,1310977,3,3,2,2,2,False,0.26497942209243774,0.1927971942609737,regression,regression
14373,4,SS2-107-Ab,00_SS2-107-Ab_comp.jams,834213,1,3,2,2,2,False,0.07775799930095673,0.19273439463239117,no_correct_alternative,no_correct_alternative
9087,4,Rock1-90-C#,00_Rock1-90-C#_comp.jams,930230,1,3,3,2,2,False,-0.012216497212648392,0.1922695850490471,keep,no_correct_alternative
9176,4,Rock1-90-C#,00_Rock1-90-C#_comp.jams,1130282,5,3,2,2,2,False,0.09288957715034485,0.1901990365200433,no_correct_alternative,no_correct_alternative
19530,1,Funk2-119-G,01_Funk2-119-G_comp.jams,265334,0,3,2,2,2,False,0.001444794237613678,0.18927200699089092,no_correct_alternative,no_correct_alternative
8386,2,Rock1-130-A,00_Rock1-130-A_comp.jams,880522,3,4,2,2,2,False,0.133318692445755,0.18877270362694537,no_correct_alternative,no_correct_alternative
19097,4,Funk2-108-Eb,01_Funk2-108-Eb_comp.jams,1200765,1,2,3,3,3,False,0.27655959129333496,0.18821789795231408,no_correct_alternative,no_correct_alternative
8875,4,Rock1-90-C#,00_Rock1-90-C#_comp.jams,440270,0,3,2,2,2,False,0.1783348172903061,0.1875386977865119,no_correct_alternative,no_correct_alternative
1658,1,BN3-154-E,00_BN3-154-E_solo.jams,962256,1,4,2,2,2,False,0.01351681537926197,0.18693349499348794,no_correct_alternative,no_correct_alternative
10565,2,Rock2-85-F,00_Rock2-85-F_comp.jams,402491,4,3,2,2,2,False,0.4708225131034851,0.1869208499796315,no_correct_alternative,no_correct_alternative
71952,0,SS1-68-E,04_SS1-68-E_comp.jams,1216774,1,3,2,2,2,False,0.22705082595348358,0.18691388831854974,no_correct_alternative,no_correct_alternative
18777,2,Funk1-114-Ab,01_Funk1-114-Ab_solo.jams,830738,1,3,3,2,2,False,-0.020988158881664276,0.18691307169408553,keep,no_correct_alternative
31828,1,SS3-98-C,01_SS3-98-C_comp.jams,994124,1,3,2,2,2,False,0.2288857251405716,0.1860732286222356,no_correct_alternative,no_correct_alternative
50689,1,Funk3-112-C#,03_Funk3-112-C#_solo.jams,1417257,1,2,3,3,3,False,0.4270496070384979,0.18585535999549235,no_correct_alternative,no_correct_alternative
19470,1,Funk2-119-G,01_Funk2-119-G_comp.jams,30034,0,2,3,3,3,False,0.06494199484586716,0.18556347940665122,no_correct_alternative,no_correct_alternative
47123,1,SS3-98-C,02_SS3-98-C_comp.jams,1444022,3,3,4,4,4,False,0.4686359763145447,0.1853023403614225,regression,regression
21932,2,Jazz1-200-B,01_Jazz1-200-B_solo.jams,78384,1,3,3,2,2,False,-0.00852222740650177,0.18374305617668793,keep,no_correct_alternative
9066,4,Rock1-90-C#,00_Rock1-90-C#_comp.jams,879807,4,3,2,2,2,False,0.08763214945793152,0.18362177386695552,no_correct_alternative,no_correct_alternative
8918,4,Rock1-90-C#,00_Rock1-90-C#_comp.jams,541340,0,3,3,2,2,False,-0.005909465719014406,0.18360733308965024,keep,no_correct_alternative
34610,4,Funk2-108-Eb,02_Funk2-108-Eb_comp.jams,821898,3,3,2,2,2,False,0.2705894410610199,0.18349866999386177,regression,regression
28146,0,Rock3-148-C,01_Rock3-148-C_comp.jams,277031,0,3,2,2,2,False,0.4028761684894562,0.18258720542311418,no_correct_alternative,no_correct_alternative
29973,4,SS2-107-Ab,01_SS2-107-Ab_comp.jams,1249872,0,3,3,2,2,False,-0.0342373363673687,0.18228916580321433,keep,no_correct_alternative
4159,1,Funk3-112-C#,00_Funk3-112-C#_comp.jams,1500589,4,3,2,2,2,False,0.1573810875415802,0.1815695816462718,no_correct_alternative,no_correct_alternative
10482,2,Rock2-85-F,00_Rock2-85-F_comp.jams,208921,5,4,2,2,2,False,0.33630654215812683,0.1798338202236232,no_correct_alternative,no_correct_alternative
24726,4,Rock1-90-C#,01_Rock1-90-C#_comp.jams,468969,5,3,4,4,4,False,0.1876264065504074,0.17938875865687598,no_correct_alternative,no_correct_alternative
10699,2,Rock2-85-F,00_Rock2-85-F_comp.jams,690821,1,3,2,2,2,False,0.30418306589126587,0.1786327812917728,no_correct_alternative,no_correct_alternative
69978,2,Rock2-85-F,04_Rock2-85-F_comp.jams,1712227,0,3,2,2,2,False,0.2620592713356018,0.177721360595025,no_correct_alternative,no_correct_alternative
23136,4,Jazz3-137-Eb,01_Jazz3-137-Eb_comp.jams,288579,1,3,2,2,2,False,0.34537768363952637,0.17767753499353015,no_correct_alternative,no_correct_alternative
58684,4,SS2-107-Ab,03_SS2-107-Ab_comp.jams,902852,3,3,2,2,2,False,0.2759433388710022,0.1774288820594515,regression,regression
23181,4,Jazz3-137-Eb,01_Jazz3-137-Eb_comp.jams,494752,2,2,3,3,3,False,0.28766775131225586,0.1768057091973294,regression,regression
10983,2,Rock2-85-F,00_Rock2-85-F_comp.jams,1355082,3,3,2,2,2,False,0.3351566791534424,0.17648138252202775,regression,regression
37943,2,Jazz2-110-Bb,02_Jazz2-110-Bb_comp.jams,1226665,0,3,2,2,2,False,0.3943362832069397,0.17594643345250632,no_correct_alternative,no_correct_alternative
3212,1,Funk2-119-G,00_Funk2-119-G_comp.jams,855653,3,3,2,2,2,False,0.4418625235557556,0.17568910170188995,regression,regression
3641,1,Funk3-112-C#,00_Funk3-112-C#_comp.jams,172078,0,3,2,2,2,False,0.42681246995925903,0.17475346450979512,no_correct_alternative,no_correct_alternative
57250,0,Rock3-148-C,03_Rock3-148-C_comp.jams,892769,1,3,2,2,2,False,0.3998229503631592,0.17466672276639728,no_correct_alternative,no_correct_alternative
8688,4,Rock1-90-C#,00_Rock1-90-C#_comp.jams,4,5,3,4,4,4,True,0.18197773396968842,0.1733895795273218,wrong_choice_despite_correct_alternative,wrong_choice_despite_correct_alternative
38808,4,Jazz3-137-Eb,02_Jazz3-137-Eb_comp.jams,823179,2,2,3,3,3,False,0.3460865616798401,0.1732500248922449,regression,regression
8780,4,Rock1-90-C#,00_Rock1-90-C#_comp.jams,216076,0,3,3,2,2,False,-0.01547884102910757,0.17324719069823752,keep,no_correct_alternative
54059,2,Rock1-130-A,03_Rock1-130-A_comp.jams,792949,3,4,2,2,2,False,0.4196319580078125,0.17245021979218886,no_correct_alternative,no_correct_alternative
18415,2,Funk1-114-Ab,01_Funk1-114-Ab_comp.jams,352701,0,3,2,2,2,False,0.4631534218788147,0.1720539623891466,no_correct_alternative,no_correct_alternative
31454,1,SS3-98-C,01_SS3-98-C_comp.jams,170122,2,2,4,4,4,False,0.5968104600906372,0.17191440760302162,regression,regression
49542,4,Funk2-108-Eb,03_Funk2-108-Eb_comp.jams,1423915,3,3,2,2,2,False,0.24016544222831726,0.17067543664638135,regression,regression
49237,4,Funk2-108-Eb,03_Funk2-108-Eb_comp.jams,244268,3,3,5,5,5,False,0.24623066186904907,0.17063800679869418,regression,regression
4127,1,Funk3-112-C#,00_Funk3-112-C#_comp.jams,1399611,4,4,3,3,3,False,0.5268645882606506,0.17027831149495223,regression,regression
58889,4,SS2-107-Ab,03_SS2-107-Ab_comp.jams,1454454,3,3,2,2,2,False,0.21003767848014832,0.17023912472124608,regression,regression
2166,4,Funk2-108-Eb,00_Funk2-108-Eb_comp.jams,57270,4,3,5,5,5,False,0.21439412236213684,0.16996739053670346,no_correct_alternative,no_correct_alternative
49900,1,Funk2-119-G,03_Funk2-119-G_comp.jams,909339,1,2,3,3,3,False,0.07119767367839813,0.1699404096222658,no_correct_alternative,no_correct_alternative
19170,4,Funk2-108-Eb,01_Funk2-108-Eb_comp.jams,1519179,3,3,2,2,2,False,0.18754008412361145,0.16948428628615825,regression,regression
14636,4,SS2-107-Ab,00_SS2-107-Ab_solo.jams,13093,1,3,2,2,2,False,0.04469965398311615,0.16938452296927742,no_correct_alternative,no_correct_alternative
12527,0,Rock3-148-C,00_Rock3-148-C_comp.jams,554587,4,3,2,2,2,False,0.12333989143371582,0.16923379737598915,no_correct_alternative,no_correct_alternative
37212,2,Jazz1-200-B,02_Jazz1-200-B_comp.jams,101428,3,3,2,2,2,False,0.35076904296875,0.16910054716921147,regression,regression
58826,4,SS2-107-Ab,03_SS2-107-Ab_comp.jams,1286049,1,3,2,2,2,False,0.31400933861732483,0.16864307035639903,no_correct_alternative,no_correct_alternative
18797,2,Funk1-114-Ab,01_Funk1-114-Ab_solo.jams,904475,1,3,2,2,2,False,0.5085116624832153,0.16852707998767189,no_correct_alternative,no_correct_alternative
1760,2,Funk1-114-Ab,00_Funk1-114-Ab_comp.jams,152765,0,3,3,2,2,False,-0.0019157135393470526,0.16835256981707067,keep,no_correct_alternative
63532,1,Funk2-119-G,04_Funk2-119-G_comp.jams,1376004,1,3,3,2,2,False,-0.01288258470594883,0.16800934285441735,keep,no_correct_alternative
69755,2,Rock2-85-F,04_Rock2-85-F_comp.jams,1024584,1,3,2,2,2,False,0.19566473364830017,0.1678541814073916,no_correct_alternative,no_correct_alternative
3762,1,Funk3-112-C#,00_Funk3-112-C#_comp.jams,502226,4,2,3,3,3,False,0.39717838168144226,0.16739995556614995,no_correct_alternative,no_correct_alternative
54115,2,Rock1-130-A,03_Rock1-130-A_comp.jams,936146,1,3,2,2,2,False,0.08867844194173813,0.16658653206755544,no_correct_alternative,no_correct_alternative
54111,2,Rock1-130-A,03_Rock1-130-A_comp.jams,927148,1,4,3,3,3,False,0.5529385805130005,0.1652651061384279,no_correct_alternative,no_correct_alternative
58410,4,SS2-107-Ab,03_SS2-107-Ab_comp.jams,148966,3,3,4,4,4,False,0.24683210253715515,0.16485625934550774,regression,regression
69401,2,Rock2-85-F,04_Rock2-85-F_comp.jams,45819,1,4,2,2,2,False,0.07968669384717941,0.16429470832318813,no_correct_alternative,no_correct_alternative
8576,2,Rock1-130-A,00_Rock1-130-A_solo.jams,509698,1,4,3,3,3,False,0.5211538672447205,0.1640719696290476,no_correct_alternative,no_correct_alternative
3294,1,Funk2-119-G,00_Funk2-119-G_comp.jams,1078548,2,3,4,4,4,False,0.3949809968471527,0.16349582230137838,no_correct_alternative,no_correct_alternative
10922,2,Rock2-85-F,00_Rock2-85-F_comp.jams,1198666,5,2,3,3,3,False,0.28649982810020447,0.1633919732679584,no_correct_alternative,no_correct_alternative
51793,2,Jazz1-200-B,03_Jazz1-200-B_comp.jams,225052,4,4,3,3,3,False,0.40024957060813904,0.16301886488192413,regression,regression
43865,0,SS1-68-E,02_SS1-68-E_comp.jams,624205,1,4,2,2,2,False,0.39468905329704285,0.16289794549864353,no_correct_alternative,no_correct_alternative
48081,0,BN2-166-Ab,03_BN2-166-Ab_comp.jams,470748,1,4,2,2,2,False,0.3584568500518799,0.1627002190083888,no_correct_alternative,no_correct_alternative
52287,2,Jazz2-110-Bb,03_Jazz2-110-Bb_comp.jams,1203651,3,3,2,2,2,False,0.38914573192596436,0.16240477220046826,regression,regression
63278,1,Funk2-119-G,04_Funk2-119-G_comp.jams,462249,2,2,3,3,3,False,0.35553163290023804,0.16199914897841455,regression,regression
34796,4,Funk2-108-Eb,02_Funk2-108-Eb_comp.jams,1432896,1,3,2,2,2,False,0.040797799825668335,0.16167711006640065,no_correct_alternative,no_correct_alternative
19117,4,Funk2-108-Eb,01_Funk2-108-Eb_comp.jams,1273797,1,3,2,2,2,False,0.10314123332500458,0.16161751170071662,no_correct_alternative,no_correct_alternative
60086,1,SS3-98-C,03_SS3-98-C_comp.jams,183783,3,4,2,2,2,False,0.06483501195907593,0.16149087134205392,no_correct_alternative,no_correct_alternative
67326,0,Jazz3-150-C,04_Jazz3-150-C_comp.jams,577112,3,3,2,2,2,False,0.5430160760879517,0.1608353461970119,regression,regression
2582,4,Funk2-108-Eb,00_Funk2-108-Eb_comp.jams,1223578,4,3,2,2,2,False,0.10695412755012512,0.16054270258816514,no_correct_alternative,no_correct_alternative
8730,4,Rock1-90-C#,00_Rock1-90-C#_comp.jams,93647,4,3,2,2,2,False,0.11808367073535919,0.1600935554237801,no_correct_alternative,no_correct_alternative
57267,0,Rock3-148-C,03_Rock3-148-C_comp.jams,929638,3,3,2,2,2,False,0.42439913749694824,0.16005558231416328,regression,regression
21529,4,Jazz1-130-D,01_Jazz1-130-D_comp.jams,704915,2,2,3,3,3,False,0.21948756277561188,0.1598285894019203,regression,regression
54042,2,Rock1-130-A,03_Rock1-130-A_comp.jams,753980,1,3,2,2,2,False,0.3659175634384155,0.1596241939309877,no_correct_alternative,no_correct_alternative
72753,4,SS2-107-Ab,04_SS2-107-Ab_comp.jams,1256187,1,3,2,2,2,False,0.03158733248710632,0.15919688470426877,no_correct_alternative,no_correct_alternative
13996,0,SS1-68-E,00_SS1-68-E_solo.jams,1595875,3,3,2,2,2,False,0.6108778715133667,0.1591107193887158,regression,regression
64180,1,Funk3-112-C#,04_Funk3-112-C#_comp.jams,1282499,2,4,3,3,3,True,0.47573235630989075,0.1590814212459252,wrong_choice_despite_correct_alternative,wrong_choice_despite_correct_alternative
36166,1,Funk3-112-C#,02_Funk3-112-C#_solo.jams,1311287,1,3,2,2,2,False,0.22577235102653503,0.15862942621590478,no_correct_alternative,no_correct_alternative
25048,4,Rock1-90-C#,01_Rock1-90-C#_comp.jams,1160229,3,3,2,2,2,False,0.15334074199199677,0.15851137587631303,regression,regression
38720,4,Jazz3-137-Eb,02_Jazz3-137-Eb_comp.jams,457441,0,2,3,3,3,False,0.010097786784172058,0.158411334205709,no_correct_alternative,no_correct_alternative
44813,4,SS2-107-Ab,02_SS2-107-Ab_comp.jams,309302,1,2,3,3,3,False,0.005380034446716309,0.15771923213792816,no_correct_alternative,no_correct_alternative
8288,2,Rock1-130-A,00_Rock1-130-A_comp.jams,645846,4,4,3,3,3,False,0.11511420458555222,0.1572005502599223,regression,regression
2660,4,Funk2-108-Eb,00_Funk2-108-Eb_comp.jams,1428173,4,3,2,2,2,False,0.1446242332458496,0.15713587071254803,no_correct_alternative,no_correct_alternative
9184,4,Rock1-90-C#,00_Rock1-90-C#_comp.jams,1145732,6,3,4,4,4,False,0.16165998578071594,0.1561331929762624,no_correct_alternative,no_correct_alternative
72751,4,SS2-107-Ab,04_SS2-107-Ab_comp.jams,1249123,1,2,3,3,3,False,0.14655831456184387,0.1560276625851843,no_correct_alternative,no_correct_alternative
74337,1,SS3-98-C,04_SS3-98-C_comp.jams,1458577,3,4,2,2,2,False,0.22329744696617126,0.15578604338950475,no_correct_alternative,no_correct_alternative
3771,1,Funk3-112-C#,00_Funk3-112-C#_comp.jams,519714,4,3,2,2,2,False,0.38405323028564453,0.1551289455246383,no_correct_alternative,no_correct_alternative
9032,4,Rock1-90-C#,00_Rock1-90-C#_comp.jams,801130,2,2,3,3,3,False,0.13726775348186493,0.15491307387910852,regression,regression
41978,2,Rock2-85-F,02_Rock2-85-F_comp.jams,1774190,1,4,2,2,2,False,0.5070832371711731,0.15488658547681586,no_correct_alternative,no_correct_alternative
66780,4,Jazz3-137-Eb,04_Jazz3-137-Eb_comp.jams,360047,4,3,2,2,2,False,0.30009427666664124,0.15460916830522525,no_correct_alternative,no_correct_alternative
70027,2,Rock2-85-F,04_Rock2-85-F_comp.jams,1835048,1,3,2,2,2,False,0.01951664686203003,0.1529604768780527,no_correct_alternative,no_correct_alternative
9868,0,Rock2-142-D,00_Rock2-142-D_comp.jams,570756,4,4,3,3,3,False,0.7425146698951721,0.15287167242845442,regression,regression
19791,1,Funk2-119-G,01_Funk2-119-G_comp.jams,1329194,3,3,2,2,2,False,0.3768445551395416,0.15285350885793603,regression,regression
24090,2,Rock1-130-A,01_Rock1-130-A_comp.jams,621386,3,3,4,4,4,False,0.40355947613716125,0.15274975691462245,regression,regression
74238,1,SS3-98-C,04_SS3-98-C_comp.jams,1147033,1,3,2,2,2,False,0.3528811037540436,0.15241022271162713,no_correct_alternative,no_correct_alternative
72794,4,SS2-107-Ab,04_SS2-107-Ab_comp.jams,1435867,2,2,3,3,3,False,0.21619249880313873,0.15207594762107296,regression,regression
7321,4,Jazz3-137-Eb,00_Jazz3-137-Eb_solo.jams,598843,1,3,3,2,2,False,-0.02407637983560562,0.15205153260428644,keep,no_correct_alternative
72759,4,SS2-107-Ab,04_SS2-107-Ab_comp.jams,1268971,0,2,3,3,3,False,0.033401817083358765,0.1517540435653497,no_correct_alternative,no_correct_alternative
66945,4,Jazz3-137-Eb,04_Jazz3-137-Eb_comp.jams,920690,4,4,2,2,2,False,0.4760530889034271,0.1516338453375441,regression,regression
40117,2,Rock1-130-A,02_Rock1-130-A_comp.jams,877458,1,2,3,3,3,False,0.06961419433355331,0.15084247248773594,no_correct_alternative,no_correct_alternative
71891,0,SS1-68-E,04_SS1-68-E_comp.jams,1083217,0,3,2,2,2,False,0.057709306478500366,0.15056028531048166,no_correct_alternative,no_correct_alternative
5183,4,Jazz1-130-D,00_Jazz1-130-D_comp.jams,358751,3,3,4,4,4,False,0.14493978023529053,0.14934916523629513,regression,regression
24629,4,Rock1-90-C#,01_Rock1-90-C#_comp.jams,262573,2,2,3,3,3,False,0.46005022525787354,0.1491179470520631,regression,regression
31843,1,SS3-98-C,01_SS3-98-C_comp.jams,1041413,1,3,2,2,2,False,0.38123106956481934,0.14816041629696575,no_correct_alternative,no_correct_alternative
1294,1,BN3-154-E,00_BN3-154-E_comp.jams,1040949,5,4,2,2,2,False,0.442609578371048,0.1480484938974507,no_correct_alternative,no_correct_alternative
12429,0,Rock3-148-C,00_Rock3-148-C_comp.jams,352625,3,4,5,5,5,True,0.5475577712059021,0.14797532568772745,wrong_choice_despite_correct_alternative,wrong_choice_despite_correct_alternative
23325,4,Jazz3-137-Eb,01_Jazz3-137-Eb_comp.jams,1099699,0,3,3,2,2,False,-0.016343533992767334,0.14779127895740035,keep,no_correct_alternative
18413,2,Funk1-114-Ab,01_Funk1-114-Ab_comp.jams,346498,1,2,3,3,3,False,0.10642468929290771,0.14739980487203805,no_correct_alternative,no_correct_alternative
3344,1,Funk2-119-G,00_Funk2-119-G_comp.jams,1195149,2,2,3,3,3,False,0.37375396490097046,0.14701270003529676,regression,regression
8901,4,Rock1-90-C#,00_Rock1-90-C#_comp.jams,501347,6,4,5,5,5,True,0.5124744772911072,0.14695628645326786,wrong_choice_despite_correct_alternative,wrong_choice_despite_correct_alternative
10824,2,Rock2-85-F,00_Rock2-85-F_comp.jams,966829,3,4,2,2,2,False,0.1362014263868332,0.1467517962354655,no_correct_alternative,no_correct_alternative
34560,4,Funk2-108-Eb,02_Funk2-108-Eb_comp.jams,587378,1,3,2,2,2,False,0.1733553111553192,0.1463970787498559,no_correct_alternative,no_correct_alternative
56978,0,Rock3-148-C,03_Rock3-148-C_comp.jams,266733,2,3,4,4,4,False,0.5021672248840332,0.14549049147783344,no_correct_alternative,no_correct_alternative
18963,4,Funk2-108-Eb,01_Funk2-108-Eb_comp.jams,502813,3,3,2,2,2,False,0.19987529516220093,0.145375211944751,regression,regression
68494,4,Rock1-90-C#,04_Rock1-90-C#_comp.jams,970087,3,3,2,2,2,False,0.31306353211402893,0.14526163536506398,regression,regression
34935,1,Funk2-119-G,02_Funk2-119-G_comp.jams,23,2,2,4,4,4,False,0.37200745940208435,0.14455652139179098,regression,regression
9211,4,Rock1-90-C#,00_Rock1-90-C#_comp.jams,1204658,6,3,2,2,2,False,0.29970383644104004,0.14426752200788023,no_correct_alternative,no_correct_alternative
22329,2,Jazz2-110-Bb,01_Jazz2-110-Bb_comp.jams,986129,1,4,2,2,2,False,0.036534253507852554,0.14409358134440378,no_correct_alternative,no_correct_alternative
69779,2,Rock2-85-F,04_Rock2-85-F_comp.jams,1089065,1,4,2,2,2,False,0.1067357063293457,0.14401910931222797,no_correct_alternative,no_correct_alternative
69969,2,Rock2-85-F,04_Rock2-85-F_comp.jams,1694477,1,3,2,2,2,False,0.2748703360557556,0.14393028751023001,no_correct_alternative,no_correct_alternative
58436,4,SS2-107-Ab,03_SS2-107-Ab_comp.jams,210221,3,3,2,2,2,False,0.10254910588264465,0.14383280292290648,regression,regression
2224,4,Funk2-108-Eb,00_Funk2-108-Eb_comp.jams,202606,5,3,4,4,4,False,0.19625553488731384,0.14357898973046712,no_correct_alternative,no_correct_alternative
63963,1,Funk3-112-C#,04_Funk3-112-C#_comp.jams,651079,2,3,4,4,4,True,0.42905712127685547,0.14341401512100277,wrong_choice_despite_correct_alternative,wrong_choice_despite_correct_alternative
32237,1,SS3-98-C,01_SS3-98-C_solo.jams,309287,1,3,2,2,2,False,0.006477242801338434,0.14331690920809959,no_correct_alternative,no_correct_alternative
48011,0,BN2-166-Ab,03_BN2-166-Ab_comp.jams,159267,1,4,2,2,2,False,0.1083655133843422,0.14291636343019223,no_correct_alternative,no_correct_alternative
74187,1,SS3-98-C,04_SS3-98-C_comp.jams,998606,1,3,2,2,2,False,0.04543910175561905,0.14237963119522754,no_correct_alternative,no_correct_alternative
49459,4,Funk2-108-Eb,03_Funk2-108-Eb_comp.jams,1127284,1,2,3,3,3,False,0.16447046399116516,0.14228404818575652,no_correct_alternative,no_correct_alternative
49364,4,Funk2-108-Eb,03_Funk2-108-Eb_comp.jams,759691,4,4,3,3,3,False,0.18873241543769836,0.14207829297645203,regression,regression
10716,2,Rock2-85-F,00_Rock2-85-F_comp.jams,737521,1,4,2,2,2,False,0.014729369431734085,0.14206728511235817,no_correct_alternative,no_correct_alternative
58393,4,SS2-107-Ab,03_SS2-107-Ab_comp.jams,112071,2,3,4,4,4,False,0.09056955575942993,0.14183968645338718,no_correct_alternative,no_correct_alternative
2490,4,Funk2-108-Eb,00_Funk2-108-Eb_comp.jams,960643,2,2,3,3,3,False,0.1922416388988495,0.14181977962769482,regression,regression
48471,1,BN3-154-E,03_BN3-154-E_comp.jams,508976,1,3,2,2,2,False,0.358997642993927,0.14082135131513135,no_correct_alternative,no_correct_alternative
51983,2,Jazz2-110-Bb,03_Jazz2-110-Bb_comp.jams,96552,3,4,2,2,2,True,0.6026864051818848,0.14008932013485523,wrong_choice_despite_correct_alternative,wrong_choice_despite_correct_alternative
43253,0,Rock3-148-C,02_Rock3-148-C_comp.jams,672570,2,2,3,3,3,False,0.3973328471183777,0.13995422906140637,regression,regression
57324,0,Rock3-148-C,03_Rock3-148-C_comp.jams,1072184,3,3,2,2,2,False,0.3879142999649048,0.13935731590483602,regression,regression
7055,4,Jazz3-137-Eb,00_Jazz3-137-Eb_comp.jams,688038,4,3,2,2,2,False,0.2552957236766815,0.1388685791216307,no_correct_alternative,no_correct_alternative
58659,4,SS2-107-Ab,03_SS2-107-Ab_comp.jams,829484,1,3,3,2,2,False,-0.06539279967546463,0.1381773652276268,keep,no_correct_alternative
5920,2,Jazz2-110-Bb,00_Jazz2-110-Bb_comp.jams,489103,0,3,3,2,2,False,-0.01463182270526886,0.13799648055650937,keep,no_correct_alternative
66988,4,Jazz3-137-Eb,04_Jazz3-137-Eb_comp.jams,1056199,3,3,2,2,2,False,0.24746623635292053,0.13793172704730372,regression,regression
19505,1,Funk2-119-G,01_Funk2-119-G_comp.jams,167490,1,2,3,3,3,False,0.3349868059158325,0.13760095560437285,no_correct_alternative,no_correct_alternative
5236,4,Jazz1-130-D,00_Jazz1-130-D_comp.jams,479712,3,3,2,2,2,False,0.2689513564109802,0.13738193703091228,regression,regression
3195,1,Funk2-119-G,00_Funk2-119-G_comp.jams,822198,4,3,2,2,2,False,0.2282733917236328,0.13704495236792036,no_correct_alternative,no_correct_alternative
60514,1,SS3-98-C,03_SS3-98-C_comp.jams,1168999,2,3,4,4,4,False,0.3385413587093353,0.13701246275051493,no_correct_alternative,no_correct_alternative
5220,4,Jazz1-130-D,00_Jazz1-130-D_comp.jams,438337,0,3,2,2,2,False,0.1970704197883606,0.13693989687947217,no_correct_alternative,no_correct_alternative
58593,4,SS2-107-Ab,03_SS2-107-Ab_comp.jams,625799,3,3,3,2,2,False,-0.04540202021598816,0.1366378685802028,keep,regression
50511,1,Funk3-112-C#,03_Funk3-112-C#_comp.jams,1381913,2,3,4,4,4,False,0.3301713764667511,0.13631457757995202,no_correct_alternative,no_correct_alternative
62646,4,Funk2-108-Eb,04_Funk2-108-Eb_comp.jams,313704,2,2,3,3,3,False,0.1257241666316986,0.1351128496676186,regression,regression
60185,1,SS3-98-C,03_SS3-98-C_comp.jams,413708,2,2,4,4,4,False,0.41900861263275146,0.1350694558076724,regression,regression
73965,1,SS3-98-C,04_SS3-98-C_comp.jams,345571,1,3,2,2,2,False,0.1090296059846878,0.1347262613606226,no_correct_alternative,no_correct_alternative
46751,1,SS3-98-C,02_SS3-98-C_comp.jams,499263,2,2,3,3,3,False,0.386916846036911,0.1343221793524323,regression,regression
5307,4,Jazz1-130-D,00_Jazz1-130-D_comp.jams,734380,4,4,3,3,3,False,0.3240870237350464,0.13373064425624287,regression,regression
55268,0,Rock2-142-D,03_Rock2-142-D_comp.jams,1005817,2,4,3,3,3,False,0.4688599109649658,0.13297620033026825,no_correct_alternative,no_correct_alternative
58497,4,SS2-107-Ab,03_SS2-107-Ab_comp.jams,364913,3,3,2,2,2,False,0.18960827589035034,0.13294277530671605,regression,regression
16554,1,SS3-98-C,00_SS3-98-C_solo.jams,864207,3,3,2,2,2,False,0.39250388741493225,0.13288413295947799,regression,regression
31659,1,SS3-98-C,01_SS3-98-C_comp.jams,622690,1,3,2,2,2,False,0.33416807651519775,0.13282156005534912,no_correct_alternative,no_correct_alternative
9075,4,Rock1-90-C#,00_Rock1-90-C#_comp.jams,901871,5,3,4,4,4,False,0.07086269557476044,0.1326069372639058,no_correct_alternative,no_correct_alternative
32061,1,SS3-98-C,01_SS3-98-C_comp.jams,1519825,2,2,3,3,3,False,0.20277447998523712,0.13254065425667302,regression,regression
38013,2,Jazz2-110-Bb,02_Jazz2-110-Bb_comp.jams,1430930,1,3,2,2,2,False,0.29925352334976196,0.13251174078478634,no_correct_alternative,no_correct_alternative
58864,4,SS2-107-Ab,03_SS2-107-Ab_comp.jams,1397293,5,3,4,4,4,False,0.2808738946914673,0.132428049581298,no_correct_alternative,no_correct_alternative
3376,1,Funk2-119-G,00_Funk2-119-G_comp.jams,1275053,1,2,3,3,3,False,0.46908217668533325,0.13228770046757796,no_correct_alternative,no_correct_alternative
7064,4,Jazz3-137-Eb,00_Jazz3-137-Eb_comp.jams,715483,1,2,3,3,3,False,0.2519145607948303,0.13222801875340928,no_correct_alternative,no_correct_alternative
49386,4,Funk2-108-Eb,03_Funk2-108-Eb_comp.jams,833364,3,3,2,2,2,False,0.1761188805103302,0.13175882215455303,regression,regression
48870,2,Funk1-114-Ab,03_Funk1-114-Ab_comp.jams,439600,0,3,3,2,2,False,-0.029599517583847046,0.1316586541430091,keep,no_correct_alternative
21457,4,Jazz1-130-D,01_Jazz1-130-D_comp.jams,406639,1,2,3,3,3,False,0.24765604734420776,0.13086923405231754,no_correct_alternative,no_correct_alternative
58784,4,SS2-107-Ab,03_SS2-107-Ab_comp.jams,1156774,3,3,4,4,4,False,0.2573062479496002,0.13076579795944054,regression,regression
69624,2,Rock2-85-F,04_Rock2-85-F_comp.jams,699479,1,3,2,2,2,False,0.16388563811779022,0.13069640355224663,no_correct_alternative,no_correct_alternative
18482,2,Funk1-114-Ab,01_Funk1-114-Ab_comp.jams,603762,3,3,4,4,4,False,0.4185408651828766,0.13058975548060753,regression,regression
12456,0,Rock3-148-C,00_Rock3-148-C_comp.jams,410279,2,2,3,3,3,False,0.36640632152557373,0.13035542058363353,regression,regression
8659,2,Rock1-130-A,00_Rock1-130-A_solo.jams,863730,1,3,2,2,2,False,0.3140006363391876,0.1301219156070433,no_correct_alternative,no_correct_alternative
15931,1,SS3-98-C,00_SS3-98-C_comp.jams,498861,1,3,2,2,2,False,0.09761306643486023,0.1289680284436378,no_correct_alternative,no_correct_alternative
38850,4,Jazz3-137-Eb,02_Jazz3-137-Eb_comp.jams,926804,1,2,3,3,3,False,0.12754003703594208,0.1282255512278879,no_correct_alternative,no_correct_alternative
26903,2,Rock2-85-F,01_Rock2-85-F_comp.jams,1788302,3,3,2,2,2,False,0.08010709285736084,0.1276815219614897,regression,regression
14455,4,SS2-107-Ab,00_SS2-107-Ab_comp.jams,1046413,0,3,3,2,2,False,-0.08173160254955292,0.12752687434655235,keep,no_correct_alternative
69808,2,Rock2-85-F,04_Rock2-85-F_comp.jams,1215021,1,3,2,2,2,False,0.15351057052612305,0.12700474352175423,no_correct_alternative,no_correct_alternative
24615,4,Rock1-90-C#,01_Rock1-90-C#_comp.jams,234248,2,3,4,4,4,True,0.44255125522613525,0.1267566447220549,wrong_choice_despite_correct_alternative,wrong_choice_despite_correct_alternative
9296,4,Rock1-90-C#,00_Rock1-90-C#_comp.jams,1382162,5,3,2,2,2,False,0.09111231565475464,0.12647878414401012,no_correct_alternative,no_correct_alternative
12648,0,Rock3-148-C,00_Rock3-148-C_comp.jams,840553,2,2,3,3,3,False,0.380069375038147,0.12633679296571354,regression,regression
29906,4,SS2-107-Ab,01_SS2-107-Ab_comp.jams,976721,2,2,3,3,3,False,0.2562640309333801,0.125688610761632,regression,regression
26279,2,Rock2-85-F,01_Rock2-85-F_comp.jams,294292,3,4,2,2,2,True,0.20955714583396912,0.1254761259613753,wrong_choice_despite_correct_alternative,wrong_choice_despite_correct_alternative
62845,4,Funk2-108-Eb,04_Funk2-108-Eb_comp.jams,1025515,3,3,4,4,4,False,0.23722082376480103,0.12501219295817126,regression,regression
38772,4,Jazz3-137-Eb,02_Jazz3-137-Eb_comp.jams,669640,1,2,3,3,3,False,0.09673967957496643,0.12461738884371343,no_correct_alternative,no_correct_alternative
31700,1,SS3-98-C,01_SS3-98-C_comp.jams,709133,2,2,3,3,3,False,0.20215311646461487,0.12437420142653091,regression,regression
49925,1,Funk2-119-G,03_Funk2-119-G_comp.jams,1066804,3,3,2,2,2,False,0.33620768785476685,0.12421300632751181,regression,regression
23629,0,Jazz3-150-C,01_Jazz3-150-C_comp.jams,687803,2,2,3,3,3,False,0.46592873334884644,0.12409577244257941,regression,regression
50516,1,Funk3-112-C#,03_Funk3-112-C#_comp.jams,1405982,2,3,4,4,4,False,0.3297572731971741,0.12408622236952149,no_correct_alternative,no_correct_alternative
31707,1,SS3-98-C,01_SS3-98-C_comp.jams,723161,3,3,2,2,2,False,0.18948280811309814,0.12327787690798589,regression,regression
19139,4,Funk2-108-Eb,01_Funk2-108-Eb_comp.jams,1372553,0,3,2,2,2,False,0.06346285343170166,0.12292189339361359,no_correct_alternative,no_correct_alternative
70035,2,Rock2-85-F,04_Rock2-85-F_comp.jams,1851411,1,4,3,3,3,False,0.4496423006057739,0.12276487774266437,no_correct_alternative,no_correct_alternative
19098,4,Funk2-108-Eb,01_Funk2-108-Eb_comp.jams,1206807,3,3,5,5,5,False,0.10550248622894287,0.12270751198508317,regression,regression
12528,0,Rock3-148-C,00_Rock3-148-C_comp.jams,559123,5,3,2,2,2,False,0.3139490485191345,0.12248602769634281,no_correct_alternative,no_correct_alternative
49171,4,Funk2-108-Eb,03_Funk2-108-Eb_comp.jams,6,3,3,4,4,4,False,0.057242006063461304,0.12240339628532379,regression,regression
37605,2,Jazz2-110-Bb,02_Jazz2-110-Bb_comp.jams,279955,0,2,3,3,3,False,0.34928372502326965,0.12225183904733267,no_correct_alternative,no_correct_alternative
71052,0,Rock3-148-C,04_Rock3-148-C_comp.jams,388593,2,4,3,3,3,True,0.35493287444114685,0.12209999466399221,wrong_choice_despite_correct_alternative,wrong_choice_despite_correct_alternative
8068,2,Rock1-130-A,00_Rock1-130-A_comp.jams,82546,0,3,2,2,2,False,0.16228844225406647,0.1219818111837542,no_correct_alternative,no_correct_alternative
72584,4,SS2-107-Ab,04_SS2-107-Ab_comp.jams,724305,1,3,2,2,2,False,0.1693645715713501,0.12175169391265439,no_correct_alternative,no_correct_alternative
58829,4,SS2-107-Ab,03_SS2-107-Ab_comp.jams,1299342,4,4,3,3,3,False,0.08222970366477966,0.12164447473361745,regression,regression
66693,4,Jazz3-137-Eb,04_Jazz3-137-Eb_comp.jams,29916,4,4,3,3,3,False,0.20250707864761353,0.12133468839523176,regression,regression
50229,1,Funk3-112-C#,03_Funk3-112-C#_comp.jams,271912,1,3,2,2,2,False,0.33604735136032104,0.1212325723485092,no_correct_alternative,no_correct_alternative
18357,2,Funk1-114-Ab,01_Funk1-114-Ab_comp.jams,91488,1,3,2,2,2,False,0.005166172981262207,0.12100791956030618,no_correct_alternative,no_correct_alternative
19571,1,Funk2-119-G,01_Funk2-119-G_comp.jams,422775,0,3,3,2,2,False,-0.015734199434518814,0.12075077242525306,keep,no_correct_alternative
7337,4,Jazz3-137-Eb,00_Jazz3-137-Eb_solo.jams,734420,1,3,3,2,2,False,-0.026462845504283905,0.1207405172107115,keep,no_correct_alternative
39766,0,Jazz3-150-C,02_Jazz3-150-C_solo.jams,859879,1,3,2,2,2,False,0.0030712513253092766,0.12037222827565555,no_correct_alternative,no_correct_alternative
70096,2,Rock2-85-F,04_Rock2-85-F_comp.jams,1974786,1,3,3,2,2,False,-0.02654852718114853,0.12000207796604406,keep,no_correct_alternative
74101,1,SS3-98-C,04_SS3-98-C_comp.jams,755725,2,2,3,3,3,False,0.35034608840942383,0.11963966669833637,regression,regression
38754,4,Jazz3-137-Eb,02_Jazz3-137-Eb_comp.jams,574410,1,2,3,3,3,False,0.22627052664756775,0.11960959480023714,no_correct_alternative,no_correct_alternative
19092,4,Funk2-108-Eb,01_Funk2-108-Eb_comp.jams,1169807,0,2,3,3,3,False,0.0646132230758667,0.11925740187985495,no_correct_alternative,no_correct_alternative
55850,2,Rock2-85-F,03_Rock2-85-F_comp.jams,1072666,1,3,2,2,2,False,0.3494410216808319,0.11897850973679874,no_correct_alternative,no_correct_alternative
49182,4,Funk2-108-Eb,03_Funk2-108-Eb_comp.jams,37573,1,3,2,2,2,False,0.14094802737236023,0.1188711639949252,no_correct_alternative,no_correct_alternative
63555,1,Funk2-119-G,04_Funk2-119-G_solo.jams,33889,2,2,3,3,3,False,0.1421804577112198,0.11784183571289031,regression,regression
2504,4,Funk2-108-Eb,00_Funk2-108-Eb_comp.jams,992700,6,4,3,3,3,False,0.14663991332054138,0.11773519306835029,no_correct_alternative,no_correct_alternative
61422,0,BN2-166-Ab,04_BN2-166-Ab_comp.jams,492073,4,2,3,3,3,False,0.3428840935230255,0.1172322974026993,no_correct_alternative,no_correct_alternative
49015,2,Funk1-114-Ab,03_Funk1-114-Ab_comp.jams,1030137,2,4,3,3,3,True,0.5825837254524231,0.11695607644964187,wrong_choice_despite_correct_alternative,wrong_choice_despite_correct_alternative
5126,4,Jazz1-130-D,00_Jazz1-130-D_comp.jams,181524,3,3,2,2,2,False,0.20263898372650146,0.1165651124897269,regression,regression
67370,0,Jazz3-150-C,04_Jazz3-150-C_comp.jams,734693,1,3,2,2,2,False,0.13532757759094238,0.11655712982749791,no_correct_alternative,no_correct_alternative
34691,4,Funk2-108-Eb,02_Funk2-108-Eb_comp.jams,1055099,0,3,2,2,2,False,0.11873191595077515,0.11648680177860915,no_correct_alternative,no_correct_alternative
60352,1,SS3-98-C,03_SS3-98-C_comp.jams,789562,3,3,2,2,2,False,0.2210451364517212,0.11611949115889317,regression,regression
63940,1,Funk3-112-C#,04_Funk3-112-C#_comp.jams,586396,3,3,2,2,2,False,0.03584378957748413,0.11586903014506547,regression,regression
14631,4,SS2-107-Ab,00_SS2-107-Ab_solo.jams,5,1,2,3,3,3,False,0.08986729383468628,0.11566960622200914,no_correct_alternative,no_correct_alternative
7107,4,Jazz3-137-Eb,00_Jazz3-137-Eb_comp.jams,926609,1,2,3,3,3,False,0.2101067304611206,0.11566071218243223,no_correct_alternative,no_correct_alternative
61709,1,BN3-154-E,04_BN3-154-E_comp.jams,78252,3,3,3,2,2,False,-0.003888532519340515,0.11546395131864923,keep,regression
33373,1,BN3-154-E,02_BN3-154-E_comp.jams,1834,2,3,4,4,4,False,0.3232954740524292,0.11520134621631528,no_correct_alternative,no_correct_alternative
18439,2,Funk1-114-Ab,01_Funk1-114-Ab_comp.jams,429487,1,3,2,2,2,False,0.3995959758758545,0.11517747058253436,no_correct_alternative,no_correct_alternative
23090,4,Jazz3-137-Eb,01_Jazz3-137-Eb_comp.jams,134752,0,3,3,2,2,False,-0.05846608430147171,0.115016112262217,keep,no_correct_alternative
49328,4,Funk2-108-Eb,03_Funk2-108-Eb_comp.jams,624953,3,3,2,2,2,False,0.12178799510002136,0.11482191272252923,regression,regression
31670,1,SS3-98-C,01_SS3-98-C_comp.jams,649341,3,3,2,2,2,False,0.35681799054145813,0.11480381765916564,regression,regression
63498,1,Funk2-119-G,04_Funk2-119-G_comp.jams,1262265,3,3,2,2,2,False,0.294552743434906,0.11446580281799457,regression,regression
16725,1,SS3-98-C,00_SS3-98-C_solo.jams,1330110,1,3,2,2,2,False,0.35345351696014404,0.11444489015025866,no_correct_alternative,no_correct_alternative
53803,2,Rock1-130-A,03_Rock1-130-A_comp.jams,154708,1,3,2,2,2,False,0.3642605245113373,0.1139060455062092,no_correct_alternative,no_correct_alternative
51544,4,Jazz1-130-D,03_Jazz1-130-D_comp.jams,589303,3,3,2,2,2,False,0.1320013403892517,0.11299959151168248,regression,regression
18401,2,Funk1-114-Ab,01_Funk1-114-Ab_comp.jams,289716,3,3,2,2,2,False,0.3067287504673004,0.11287981296891877,regression,regression
67893,2,Rock1-130-A,04_Rock1-130-A_comp.jams,671715,1,3,2,2,2,False,0.1049586832523346,0.11286685818497841,no_correct_alternative,no_correct_alternative
12619,0,Rock3-148-C,00_Rock3-148-C_comp.jams,774264,4,3,2,2,2,False,0.3550168573856354,0.1124401422009777,no_correct_alternative,no_correct_alternative
61301,0,BN2-166-Ab,04_BN2-166-Ab_comp.jams,72586,4,4,2,2,2,False,0.19668522477149963,0.11219427989170375,regression,regression
64104,1,Funk3-112-C#,04_Funk3-112-C#_comp.jams,1075632,3,3,4,4,4,False,0.18401579558849335,0.1120229714198368,regression,regression
50430,1,Funk3-112-C#,03_Funk3-112-C#_comp.jams,1039491,4,4,3,3,3,False,0.3016584515571594,0.11201925341926006,regression,regression
48918,2,Funk1-114-Ab,03_Funk1-114-Ab_comp.jams,598841,1,3,3,2,2,False,-0.07431341707706451,0.11185018064041616,keep,no_correct_alternative
38027,2,Jazz2-110-Bb,02_Jazz2-110-Bb_comp.jams,1465510,3,3,2,2,2,False,0.28695809841156006,0.1118372403336117,regression,regression
23975,2,Rock1-130-A,01_Rock1-130-A_comp.jams,326596,1,4,3,3,3,False,0.20220854878425598,0.11137815811379875,no_correct_alternative,no_correct_alternative
29695,4,SS2-107-Ab,01_SS2-107-Ab_comp.jams,135490,2,3,4,4,4,False,0.24709483981132507,0.11127496617707655,no_correct_alternative,no_correct_alternative
21538,4,Jazz1-130-D,01_Jazz1-130-D_comp.jams,724421,2,2,3,3,3,False,0.21794942021369934,0.1111670183637169,regression,regression
37774,2,Jazz2-110-Bb,02_Jazz2-110-Bb_comp.jams,744610,0,3,3,2,2,False,-0.002029828727245331,0.11096541266217941,keep,no_correct_alternative
15817,1,SS3-98-C,00_SS3-98-C_comp.jams,205622,3,3,2,2,2,False,0.08956972509622574,0.1109415819157884,regression,regression
3370,1,Funk2-119-G,00_Funk2-119-G_comp.jams,1257124,4,4,3,3,3,False,0.30920693278312683,0.1108840853059741,regression,regression
29903,4,SS2-107-Ab,01_SS2-107-Ab_comp.jams,957987,1,2,3,3,3,False,0.24459639191627502,0.1104281694629185,no_correct_alternative,no_correct_alternative
62383,2,Funk1-114-Ab,04_Funk1-114-Ab_comp.jams,1061533,0,3,3,2,2,False,-0.016443438827991486,0.11035486945895961,keep,no_correct_alternative
35268,1,Funk2-119-G,02_Funk2-119-G_comp.jams,1245657,2,2,3,3,3,False,0.2832159399986267,0.11024598837651184,regression,regression
37405,2,Jazz1-200-B,02_Jazz1-200-B_comp.jams,577618,1,3,2,2,2,False,0.31059595942497253,0.11024179428971309,no_correct_alternative,no_correct_alternative
74387,1,SS3-98-C,04_SS3-98-C_comp.jams,1606684,1,3,2,2,2,False,0.009583190083503723,0.10999874108339042,no_correct_alternative,no_correct_alternative
7323,4,Jazz3-137-Eb,00_Jazz3-137-Eb_solo.jams,607947,1,3,3,2,2,False,-0.013215895742177963,0.10959762576178848,keep,no_correct_alternative
8965,4,Rock1-90-C#,00_Rock1-90-C#_comp.jams,637185,3,3,2,2,2,False,0.05957423150539398,0.10892366184015806,regression,regression
10031,0,Rock2-142-D,00_Rock2-142-D_comp.jams,957018,4,3,2,2,2,False,0.2643784284591675,0.10887863258291014,no_correct_alternative,no_correct_alternative
61542,0,BN2-166-Ab,04_BN2-166-Ab_comp.jams,946310,4,4,2,2,2,False,0.25829681754112244,0.10842885109128952,regression,regression
18862,4,Funk2-108-Eb,01_Funk2-108-Eb_comp.jams,85046,3,3,2,2,2,False,0.1074819564819336,0.10840114792846456,regression,regression
3055,1,Funk2-119-G,00_Funk2-119-G_comp.jams,471061,0,2,3,3,3,False,0.44239646196365356,0.10802980526226166,no_correct_alternative,no_correct_alternative
60343,1,SS3-98-C,03_SS3-98-C_comp.jams,769446,3,3,2,2,2,False,0.3342587351799011,0.1079533744844216,regression,regression
29337,0,SS1-68-E,01_SS1-68-E_comp.jams,1671114,1,3,2,2,2,False,0.2945743203163147,0.10791591305224552,no_correct_alternative,no_correct_alternative
65315,4,Jazz1-130-D,04_Jazz1-130-D_comp.jams,772677,4,3,2,2,2,False,0.176795095205307,0.10784101243236754,no_correct_alternative,no_correct_alternative
49287,4,Funk2-108-Eb,03_Funk2-108-Eb_comp.jams,439988,2,3,4,4,4,True,0.2975647747516632,0.10774789759694642,wrong_choice_despite_correct_alternative,wrong_choice_despite_correct_alternative
19007,4,Funk2-108-Eb,01_Funk2-108-Eb_comp.jams,766135,2,2,3,3,3,False,0.13174325227737427,0.10773010000043648,regression,regression
35513,1,Funk3-112-C#,02_Funk3-112-C#_comp.jams,7,3,3,4,4,4,False,0.3048928380012512,0.10757000741241568,regression,regression
7088,4,Jazz3-137-Eb,00_Jazz3-137-Eb_comp.jams,841521,3,3,2,2,2,False,0.10076853632926941,0.10742157602894531,regression,regression
3683,1,Funk3-112-C#,00_Funk3-112-C#_comp.jams,294279,3,3,2,2,2,False,0.005662903189659119,0.10716054854154294,regression,regression
2221,4,Funk2-108-Eb,00_Funk2-108-Eb_comp.jams,196176,4,4,3,3,3,False,0.051574110984802246,0.106902247526244,regression,regression
69895,2,Rock2-85-F,04_Rock2-85-F_comp.jams,1509995,1,4,2,2,2,False,0.2858445942401886,0.10663727943798482,no_correct_alternative,no_correct_alternative
14215,4,SS2-107-Ab,00_SS2-107-Ab_comp.jams,384844,3,3,2,2,2,False,0.209793359041214,0.10597290213784527,regression,regression
3939,1,Funk3-112-C#,00_Funk3-112-C#_comp.jams,922195,4,4,3,3,3,False,0.3072638511657715,0.10585245719399233,regression,regression
12521,0,Rock3-148-C,00_Rock3-148-C_comp.jams,540632,2,2,3,3,3,False,0.33516043424606323,0.10580873457560186,regression,regression
9480,4,Rock1-90-C#,00_Rock1-90-C#_solo.jams,506335,0,2,3,3,3,False,0.051915064454078674,0.10551957284380648,no_correct_alternative,no_correct_alternative
12328,0,Rock3-148-C,00_Rock3-148-C_comp.jams,124605,4,3,5,5,5,False,0.27866289019584656,0.10544980329488443,no_correct_alternative,no_correct_alternative
6912,4,Jazz3-137-Eb,00_Jazz3-137-Eb_comp.jams,146553,4,3,2,2,2,False,0.03024536371231079,0.10488462979185123,no_correct_alternative,no_correct_alternative
2877,1,Funk2-119-G,00_Funk2-119-G_comp.jams,17337,3,3,2,2,2,False,0.16220887005329132,0.10484690724966794,regression,regression
8319,2,Rock1-130-A,00_Rock1-130-A_comp.jams,718481,4,4,3,3,3,False,0.1701388955116272,0.10482459655587059,regression,regression
58474,4,SS2-107-Ab,03_SS2-107-Ab_comp.jams,309802,5,3,4,4,4,False,0.16822704672813416,0.10475997790079616,no_correct_alternative,no_correct_alternative
49481,4,Funk2-108-Eb,03_Funk2-108-Eb_comp.jams,1212521,3,3,2,2,2,False,0.048484593629837036,0.10441380855303994,regression,regression
31390,1,SS3-98-C,01_SS3-98-C_comp.jams,34509,2,2,3,3,3,False,0.27004095911979675,0.10349850365889068,regression,regression
24608,4,Rock1-90-C#,01_Rock1-90-C#_comp.jams,219910,1,2,3,3,3,False,0.23921173810958862,0.10336943258793169,no_correct_alternative,no_correct_alternative
71189,0,Rock3-148-C,04_Rock3-148-C_comp.jams,712179,3,3,2,2,2,False,0.3364800810813904,0.1031213974576064,regression,regression
2639,4,Funk2-108-Eb,00_Funk2-108-Eb_comp.jams,1359512,5,3,2,2,2,False,0.12292465567588806,0.10253331631118079,no_correct_alternative,no_correct_alternative
72090,0,SS1-68-E,04_SS1-68-E_comp.jams,1551331,1,3,2,2,2,False,0.30788248777389526,0.10234389295713192,no_correct_alternative,no_correct_alternative
19465,1,Funk2-119-G,01_Funk2-119-G_comp.jams,11327,2,4,3,3,3,False,0.2897947132587433,0.10184280260286277,no_correct_alternative,no_correct_alternative
49767,1,Funk2-119-G,03_Funk2-119-G_comp.jams,222871,4,4,3,3,3,False,0.1614297330379486,0.10164479317799058,regression,regression
60206,1,SS3-98-C,03_SS3-98-C_comp.jams,466680,3,3,2,2,2,False,0.3149697184562683,0.10157205231188413,regression,regression
63266,1,Funk2-119-G,04_Funk2-119-G_comp.jams,429335,2,2,3,3,3,False,0.27467161417007446,0.10139865338198661,regression,regression
48210,0,BN2-166-Ab,03_BN2-166-Ab_comp.jams,980979,1,4,2,2,2,False,0.2225591242313385,0.10121114449546817,no_correct_alternative,no_correct_alternative
28405,0,Rock3-148-C,01_Rock3-148-C_comp.jams,1002228,2,2,3,3,3,False,0.33160674571990967,0.10115011764076903,regression,regression
29998,4,SS2-107-Ab,01_SS2-107-Ab_comp.jams,1372084,1,3,2,2,2,False,0.19008344411849976,0.10093287278736651,no_correct_alternative,no_correct_alternative
5210,4,Jazz1-130-D,00_Jazz1-130-D_comp.jams,416188,1,2,3,3,3,False,0.07547655701637268,0.1006632582067854,no_correct_alternative,no_correct_alternative
3301,1,Funk2-119-G,00_Funk2-119-G_comp.jams,1094015,1,2,4,4,4,False,0.4469715356826782,0.10055897614974069,no_correct_alternative,no_correct_alternative
8124,2,Rock1-130-A,00_Rock1-130-A_comp.jams,229223,3,3,2,2,2,False,0.11226533353328705,0.1002152527623221,regression,regression
69527,2,Rock2-85-F,04_Rock2-85-F_comp.jams,435596,1,4,3,3,3,False,0.4157527685165405,0.10005820059809567,no_correct_alternative,no_correct_alternative
19075,4,Funk2-108-Eb,01_Funk2-108-Eb_comp.jams,1072604,1,3,2,2,2,False,0.08244761824607849,0.0994236755667573,no_correct_alternative,no_correct_alternative
65332,4,Jazz1-130-D,04_Jazz1-130-D_comp.jams,813471,3,3,2,2,2,False,0.19782918691635132,0.09931827486341233,regression,regression
31487,1,SS3-98-C,01_SS3-98-C_comp.jams,249663,1,3,2,2,2,False,0.32564857602119446,0.09902100656042762,no_correct_alternative,no_correct_alternative
63854,1,Funk3-112-C#,04_Funk3-112-C#_comp.jams,342293,4,4,3,3,3,False,0.20842425525188446,0.09879216662033641,regression,regression
3646,1,Funk3-112-C#,00_Funk3-112-C#_comp.jams,190521,3,3,2,2,2,False,0.151982843875885,0.09789013722812634,regression,regression
20053,1,Funk3-112-C#,01_Funk3-112-C#_comp.jams,160271,3,3,3,2,2,False,-0.012958616018295288,0.09763882330978799,keep,regression
24710,4,Rock1-90-C#,01_Rock1-90-C#_comp.jams,425129,4,3,2,2,2,False,0.22791871428489685,0.09757515269695344,no_correct_alternative,no_correct_alternative
66788,4,Jazz3-137-Eb,04_Jazz3-137-Eb_comp.jams,395660,4,4,3,3,3,False,0.15898969769477844,0.09741735044609123,regression,regression
61525,0,BN2-166-Ab,04_BN2-166-Ab_comp.jams,875207,3,4,2,2,2,False,0.3504989743232727,0.09703071796103441,no_correct_alternative,no_correct_alternative
69138,0,Rock2-142-D,04_Rock2-142-D_comp.jams,791325,6,4,5,5,5,False,0.5956236124038696,0.09675798259802959,no_correct_alternative,no_correct_alternative
8884,4,Rock1-90-C#,00_Rock1-90-C#_comp.jams,460594,6,3,3,2,2,False,-0.03234639763832092,0.09667442507543023,keep,no_correct_alternative
12590,0,Rock3-148-C,00_Rock3-148-C_comp.jams,711432,4,3,2,2,2,False,0.2816755473613739,0.09622422312044826,no_correct_alternative,no_correct_alternative
22252,2,Jazz2-110-Bb,01_Jazz2-110-Bb_comp.jams,665940,3,4,2,2,2,True,0.34201329946517944,0.0960889391583698,wrong_choice_despite_correct_alternative,wrong_choice_despite_correct_alternative
12476,0,Rock3-148-C,00_Rock3-148-C_comp.jams,451343,2,2,3,3,3,False,0.2809578776359558,0.0960331068716499,regression,regression
2361,4,Funk2-108-Eb,00_Funk2-108-Eb_comp.jams,607044,4,2,3,3,3,False,0.11098551750183105,0.09600853639179219,no_correct_alternative,no_correct_alternative
35782,1,Funk3-112-C#,02_Funk3-112-C#_comp.jams,1133222,2,2,3,3,3,False,0.21033458411693573,0.09574444169775742,regression,regression
1678,1,BN3-154-E,00_BN3-154-E_solo.jams,1006615,1,2,2,3,3,False,-0.024821296334266663,0.09570342590788325,keep,no_correct_alternative
69195,0,Rock2-142-D,04_Rock2-142-D_comp.jams,941891,4,4,3,3,3,False,0.5912723541259766,0.09562531798303131,regression,regression
53078,4,Jazz3-137-Eb,03_Jazz3-137-Eb_comp.jams,595505,0,3,3,2,2,False,-0.07729408890008926,0.09550998515352493,keep,no_correct_alternative
60159,1,SS3-98-C,03_SS3-98-C_comp.jams,358690,1,2,3,3,3,False,0.1318129301071167,0.09532727982617814,no_correct_alternative,no_correct_alternative
71692,0,SS1-68-E,04_SS1-68-E_comp.jams,609755,3,3,2,2,2,False,0.4032793641090393,0.09400824567087807,regression,regression
38876,4,Jazz3-137-Eb,02_Jazz3-137-Eb_comp.jams,1023985,3,3,2,2,2,False,0.15926069021224976,0.09374310273567432,regression,regression
69955,2,Rock2-85-F,04_Rock2-85-F_comp.jams,1663268,1,4,2,2,2,False,0.015104368329048157,0.09356561990260981,no_correct_alternative,no_correct_alternative
53546,0,Jazz3-150-C,03_Jazz3-150-C_comp.jams,803990,3,3,2,2,2,False,0.2478301227092743,0.09332374222404627,regression,regression
69612,2,Rock2-85-F,04_Rock2-85-F_comp.jams,668877,1,4,2,2,2,False,0.09652755409479141,0.09325382702061355,no_correct_alternative,no_correct_alternative
1866,2,Funk1-114-Ab,00_Funk1-114-Ab_comp.jams,451648,4,2,3,3,3,False,0.38674217462539673,0.09296976431994552,no_correct_alternative,no_correct_alternative
63438,1,Funk2-119-G,04_Funk2-119-G_comp.jams,1094685,0,3,2,2,2,False,0.0634731650352478,0.09276673204604197,no_correct_alternative,no_correct_alternative
18957,4,Funk2-108-Eb,01_Funk2-108-Eb_comp.jams,478918,1,3,2,2,2,False,0.0641932487487793,0.09266390282984938,no_correct_alternative,no_correct_alternative
62711,4,Funk2-108-Eb,04_Funk2-108-Eb_comp.jams,564261,0,2,3,3,3,False,0.066213458776474,0.09221859665605692,no_correct_alternative,no_correct_alternative
62184,2,Funk1-114-Ab,04_Funk1-114-Ab_comp.jams,330726,0,2,2,4,4,False,-0.03348004072904587,0.09173385971925328,keep,no_correct_alternative
3790,1,Funk3-112-C#,00_Funk3-112-C#_comp.jams,560093,3,3,2,2,2,False,0.12815804779529572,0.09172126870665698,regression,regression
21878,2,Jazz1-200-B,01_Jazz1-200-B_comp.jams,510821,1,4,2,2,2,False,0.28478825092315674,0.09135764342072933,no_correct_alternative,no_correct_alternative
22147,2,Jazz2-110-Bb,01_Jazz2-110-Bb_comp.jams,264222,3,3,2,2,2,False,0.2810511291027069,0.09134205464762435,regression,regression
31891,1,SS3-98-C,01_SS3-98-C_comp.jams,1147266,1,2,3,3,3,False,0.13807016611099243,0.09089790834953515,no_correct_alternative,no_correct_alternative
3860,1,Funk3-112-C#,00_Funk3-112-C#_comp.jams,727514,2,2,3,3,3,False,0.13008324801921844,0.09085157894727836,regression,regression
74118,1,SS3-98-C,04_SS3-98-C_comp.jams,810607,2,2,3,3,3,False,0.25450706481933594,0.09066593653848537,regression,regression
3302,1,Funk2-119-G,00_Funk2-119-G_comp.jams,1095880,4,3,5,5,5,True,0.20668795704841614,0.09065048217608199,wrong_choice_despite_correct_alternative,wrong_choice_despite_correct_alternative
62687,4,Funk2-108-Eb,04_Funk2-108-Eb_comp.jams,489998,3,3,4,4,4,False,0.08666014671325684,0.09046238677599566,regression,regression
19077,4,Funk2-108-Eb,01_Funk2-108-Eb_comp.jams,1090502,2,4,4,3,3,False,-0.005363523960113525,0.09010811291538151,keep,no_correct_alternative
58541,4,SS2-107-Ab,03_SS2-107-Ab_comp.jams,493756,1,3,2,2,2,False,0.0903448760509491,0.08985655045456853,no_correct_alternative,no_correct_alternative
3839,1,Funk3-112-C#,00_Funk3-112-C#_comp.jams,674067,5,3,4,4,4,False,0.2740645706653595,0.08982233651817462,no_correct_alternative,no_correct_alternative
52169,2,Jazz2-110-Bb,03_Jazz2-110-Bb_comp.jams,769862,4,4,3,3,3,False,0.4805406928062439,0.08958784437224077,regression,regression
8726,4,Rock1-90-C#,00_Rock1-90-C#_comp.jams,85746,4,3,3,2,2,False,-0.025390073657035828,0.08862623380589563,keep,no_correct_alternative
71097,0,Rock3-148-C,04_Rock3-148-C_comp.jams,491510,4,4,3,3,3,False,0.19439440965652466,0.0877767409168278,regression,regression
48567,1,BN3-154-E,03_BN3-154-E_comp.jams,945682,4,4,2,2,2,False,0.11769282817840576,0.08749834262738893,regression,regression
2693,4,Funk2-108-Eb,00_Funk2-108-Eb_comp.jams,1556110,4,3,2,2,2,False,0.07921558618545532,0.08727942176337916,no_correct_alternative,no_correct_alternative
28133,0,Rock3-148-C,01_Rock3-148-C_comp.jams,250184,2,4,3,3,3,False,0.2287849485874176,0.08707848878767072,no_correct_alternative,no_correct_alternative
18603,2,Funk1-114-Ab,01_Funk1-114-Ab_comp.jams,1101752,2,4,3,3,3,True,0.5157120227813721,0.0869517251505883,wrong_choice_despite_correct_alternative,wrong_choice_despite_correct_alternative
19128,4,Funk2-108-Eb,01_Funk2-108-Eb_comp.jams,1323234,3,3,2,2,2,False,0.09192466735839844,0.08682749100508014,regression,regression
71028,0,Rock3-148-C,04_Rock3-148-C_comp.jams,331337,4,2,3,3,3,True,0.34795117378234863,0.08682370788278465,wrong_choice_despite_correct_alternative,wrong_choice_despite_correct_alternative
32077,1,SS3-98-C,01_SS3-98-C_comp.jams,1553062,1,3,2,2,2,False,0.205490380525589,0.08640444548945972,no_correct_alternative,no_correct_alternative
38681,4,Jazz3-137-Eb,02_Jazz3-137-Eb_comp.jams,289872,3,3,4,4,4,False,0.14419615268707275,0.08617515525473074,regression,regression
10633,2,Rock2-85-F,00_Rock2-85-F_comp.jams,544766,4,3,3,2,2,False,-0.019467070698738098,0.08617474479457712,keep,no_correct_alternative
5939,2,Jazz2-110-Bb,00_Jazz2-110-Bb_comp.jams,576264,2,2,3,3,3,False,0.17411386966705322,0.08616543306692998,regression,regression
60535,1,SS3-98-C,03_SS3-98-C_comp.jams,1222707,2,2,4,4,4,False,0.10953076183795929,0.08578398460670861,regression,regression
57677,0,SS1-68-E,03_SS1-68-E_comp.jams,539464,0,3,3,2,2,False,-0.008653230965137482,0.08533922904556684,keep,no_correct_alternative
55863,2,Rock2-85-F,03_Rock2-85-F_comp.jams,1119278,3,3,2,2,2,False,0.2436225414276123,0.08532177135478497,regression,regression
44590,0,SS1-68-E,02_SS1-68-E_solo.jams,1529920,1,3,3,2,2,False,-0.0032219616696238518,0.08522274720643093,keep,no_correct_alternative
12401,0,Rock3-148-C,00_Rock3-148-C_comp.jams,296119,4,2,3,3,3,True,0.40912383794784546,0.08486279676606912,wrong_choice_despite_correct_alternative,wrong_choice_despite_correct_alternative
25631,0,Rock2-142-D,01_Rock2-142-D_comp.jams,623557,4,3,2,2,2,False,0.40849512815475464,0.08479744242806947,no_correct_alternative,no_correct_alternative
9367,4,Rock1-90-C#,00_Rock1-90-C#_solo.jams,168710,1,3,2,2,2,False,0.1721820831298828,0.08475851845617449,no_correct_alternative,no_correct_alternative
71332,0,Rock3-148-C,04_Rock3-148-C_comp.jams,1113859,2,2,3,3,3,False,0.054155707359313965,0.08469735511786591,regression,regression
58914,4,SS2-107-Ab,03_SS2-107-Ab_comp.jams,1528371,2,2,2,3,3,False,-0.1212254986166954,0.08468283601639623,keep,regression
31832,1,SS3-98-C,01_SS3-98-C_comp.jams,1013750,1,3,2,2,2,False,0.07580262422561646,0.08466780113858469,no_correct_alternative,no_correct_alternative
22452,2,Jazz2-110-Bb,01_Jazz2-110-Bb_comp.jams,1467651,0,3,3,2,2,False,-0.030578995123505592,0.08453812128585268,keep,no_correct_alternative
70005,2,Rock2-85-F,04_Rock2-85-F_comp.jams,1789684,1,4,3,3,3,False,0.2599024176597595,0.08445649606976172,no_correct_alternative,no_correct_alternative
40594,4,Rock1-90-C#,02_Rock1-90-C#_comp.jams,971365,6,3,4,4,4,False,0.19191381335258484,0.08444967471882575,no_correct_alternative,no_correct_alternative
18432,2,Funk1-114-Ab,01_Funk1-114-Ab_comp.jams,401464,3,3,3,2,2,False,-0.09835202246904373,0.08401580127896369,keep,regression
9004,4,Rock1-90-C#,00_Rock1-90-C#_comp.jams,736184,5,3,4,4,4,False,0.20015281438827515,0.0839774883023452,no_correct_alternative,no_correct_alternative
1208,1,BN3-154-E,00_BN3-154-E_comp.jams,731022,4,2,3,3,3,False,0.24062588810920715,0.08393356831427257,no_correct_alternative,no_correct_alternative
5091,4,Jazz1-130-D,00_Jazz1-130-D_comp.jams,72908,3,3,5,5,5,False,0.3467296063899994,0.08371172538739796,regression,regression
2619,4,Funk2-108-Eb,00_Funk2-108-Eb_comp.jams,1311304,1,2,3,3,3,False,0.06832846999168396,0.08355732849093994,no_correct_alternative,no_correct_alternative
3989,1,Funk3-112-C#,00_Funk3-112-C#_comp.jams,1050122,5,4,3,3,3,False,0.2552224099636078,0.08313500107405153,no_correct_alternative,no_correct_alternative
23258,4,Jazz3-137-Eb,01_Jazz3-137-Eb_comp.jams,831356,3,3,2,2,2,False,0.05493620038032532,0.08307489385028,regression,regression
44350,0,SS1-68-E,02_SS1-68-E_solo.jams,333732,1,4,2,2,2,False,0.005216047167778015,0.08293463607007676,no_correct_alternative,no_correct_alternative
69631,2,Rock2-85-F,04_Rock2-85-F_comp.jams,716871,1,4,3,3,3,False,0.29144495725631714,0.08283323067002307,no_correct_alternative,no_correct_alternative
30121,4,SS2-107-Ab,01_SS2-107-Ab_solo.jams,206836,0,3,3,2,2,False,-0.0375760942697525,0.08261439635375445,keep,no_correct_alternative
63282,1,Funk2-119-G,04_Funk2-119-G_comp.jams,478261,3,3,4,4,4,False,0.16600337624549866,0.0824999031634992,regression,regression
62567,2,Funk1-114-Ab,04_Funk1-114-Ab_solo.jams,1008366,1,2,2,3,3,False,-0.10154782235622406,0.08243667198441931,keep,no_correct_alternative
38914,4,Jazz3-137-Eb,02_Jazz3-137-Eb_comp.jams,1133526,1,2,3,3,3,False,0.10524046421051025,0.08228654291963677,no_correct_alternative,no_correct_alternative
73920,1,SS3-98-C,04_SS3-98-C_comp.jams,216538,4,2,3,3,3,True,0.44670695066452026,0.0820615565461647,wrong_choice_despite_correct_alternative,wrong_choice_despite_correct_alternative
4155,1,Funk3-112-C#,00_Funk3-112-C#_comp.jams,1489106,5,2,3,3,3,False,0.24367907643318176,0.08204935705358418,no_correct_alternative,no_correct_alternative
34971,1,Funk2-119-G,02_Funk2-119-G_comp.jams,89175,1,3,3,2,2,False,-0.037046194076538086,0.08193240335977298,keep,no_correct_alternative
61820,1,BN3-154-E,04_BN3-154-E_comp.jams,496355,0,3,3,2,2,False,-0.01776273548603058,0.08167034225425279,keep,no_correct_alternative
14331,4,SS2-107-Ab,00_SS2-107-Ab_comp.jams,704730,3,3,2,2,2,False,0.15675872564315796,0.08153080934242474,regression,regression
28344,0,Rock3-148-C,01_Rock3-148-C_comp.jams,849074,1,3,2,2,2,False,0.26502275466918945,0.08138475465310596,no_correct_alternative,no_correct_alternative
70226,2,Rock2-85-F,04_Rock2-85-F_solo.jams,1308585,2,2,3,3,3,False,0.179566890001297,0.08108161481782611,regression,regression
2547,4,Funk2-108-Eb,00_Funk2-108-Eb_comp.jams,1088494,5,4,3,3,3,False,0.08026456832885742,0.08081806410718667,no_correct_alternative,no_correct_alternative
57029,0,Rock3-148-C,03_Rock3-148-C_comp.jams,386676,2,2,3,3,3,False,0.285200297832489,0.0807935679640075,regression,regression
1375,1,BN3-154-E,00_BN3-154-E_solo.jams,137002,1,4,2,2,2,False,0.2824847400188446,0.08068046411015631,no_correct_alternative,no_correct_alternative
31479,1,SS3-98-C,01_SS3-98-C_comp.jams,232147,1,3,2,2,2,False,0.07676218450069427,0.08055232055397629,no_correct_alternative,no_correct_alternative
69084,0,Rock2-142-D,04_Rock2-142-D_comp.jams,660226,3,3,2,2,2,False,0.3834493160247803,0.08042478154988064,regression,regression
3880,1,Funk3-112-C#,00_Funk3-112-C#_comp.jams,773921,4,4,3,3,3,False,0.2714770436286926,0.0803011308009253,regression,regression
43242,0,Rock3-148-C,02_Rock3-148-C_comp.jams,644462,5,4,2,2,2,False,0.33741843700408936,0.08017396318504622,no_correct_alternative,no_correct_alternative
23134,4,Jazz3-137-Eb,01_Jazz3-137-Eb_comp.jams,281985,1,2,3,3,3,False,0.1182946264743805,0.07999888309212455,no_correct_alternative,no_correct_alternative
14430,4,SS2-107-Ab,00_SS2-107-Ab_comp.jams,963836,1,3,3,2,2,False,-0.08561381697654724,0.07983715002825317,keep,no_correct_alternative
36183,1,Funk3-112-C#,02_Funk3-112-C#_solo.jams,1383475,1,3,2,2,2,False,0.15151770412921906,0.07967970235565269,no_correct_alternative,no_correct_alternative
1979,2,Funk1-114-Ab,00_Funk1-114-Ab_comp.jams,877686,5,3,3,2,2,False,-0.01702873408794403,0.07964141753763279,keep,no_correct_alternative
35857,1,Funk3-112-C#,02_Funk3-112-C#_comp.jams,1347223,2,2,3,3,3,False,0.24102166295051575,0.07942724177246308,regression,regression
15972,1,SS3-98-C,00_SS3-98-C_comp.jams,607196,1,3,2,2,2,False,0.14416174590587616,0.0791672136289081,no_correct_alternative,no_correct_alternative
36213,1,Funk3-112-C#,02_Funk3-112-C#_solo.jams,1487838,2,2,3,3,3,False,0.2419719099998474,0.07910908610039807,regression,regression
9187,4,Rock1-90-C#,00_Rock1-90-C#_comp.jams,1152033,5,3,3,2,2,False,-0.05722193419933319,0.0790822119930416,keep,no_correct_alternative
25725,0,Rock2-142-D,01_Rock2-142-D_comp.jams,848055,4,3,2,2,2,False,0.36436712741851807,0.07882447901871481,no_correct_alternative,no_correct_alternative
31980,1,SS3-98-C,01_SS3-98-C_comp.jams,1344362,1,3,3,2,2,False,-0.013563890010118484,0.07874035048161487,keep,no_correct_alternative
26280,2,Rock2-85-F,01_Rock2-85-F_comp.jams,296276,3,3,2,2,2,False,0.27195918560028076,0.0787226698968872,regression,regression
24976,4,Rock1-90-C#,01_Rock1-90-C#_comp.jams,1015010,5,3,4,4,4,False,0.10473933815956116,0.07869013381387352,no_correct_alternative,no_correct_alternative
63327,1,Funk2-119-G,04_Funk2-119-G_comp.jams,618742,1,3,3,2,2,False,-0.04948997125029564,0.07795860856888034,keep,no_correct_alternative
58649,4,SS2-107-Ab,03_SS2-107-Ab_comp.jams,804204,3,3,4,4,4,False,0.1587243676185608,0.07784669198062771,regression,regression
43161,0,Rock3-148-C,02_Rock3-148-C_comp.jams,473026,1,3,2,2,2,False,0.061271123588085175,0.07784499901645756,no_correct_alternative,no_correct_alternative
63173,1,Funk2-119-G,04_Funk2-119-G_comp.jams,56929,1,2,3,3,3,False,0.22217273712158203,0.07754536555783986,no_correct_alternative,no_correct_alternative
68239,4,Rock1-90-C#,04_Rock1-90-C#_comp.jams,294626,3,3,4,4,4,False,0.05201244354248047,0.07740543764297081,regression,regression
54412,4,Rock1-90-C#,03_Rock1-90-C#_comp.jams,426267,2,4,3,3,3,True,0.1748979389667511,0.07726527928431484,wrong_choice_despite_correct_alternative,wrong_choice_despite_correct_alternative
4141,1,Funk3-112-C#,00_Funk3-112-C#_comp.jams,1453860,5,2,3,3,3,False,0.16597238183021545,0.07726177974380877,no_correct_alternative,no_correct_alternative
49743,1,Funk2-119-G,03_Funk2-119-G_comp.jams,110976,3,3,3,2,2,False,-0.03679235279560089,0.07710852706490301,keep,regression
69926,2,Rock2-85-F,04_Rock2-85-F_comp.jams,1586252,1,4,3,3,3,False,0.16912393271923065,0.07696577366520099,no_correct_alternative,no_correct_alternative
25617,0,Rock2-142-D,01_Rock2-142-D_comp.jams,596309,5,4,3,3,3,False,0.3840840458869934,0.07696252792527469,no_correct_alternative,no_correct_alternative
13249,0,SS1-68-E,00_SS1-68-E_comp.jams,908307,1,3,2,2,2,False,0.013812359422445297,0.07692316197182178,no_correct_alternative,no_correct_alternative
6940,4,Jazz3-137-Eb,00_Jazz3-137-Eb_comp.jams,242640,4,3,2,2,2,False,0.06398433446884155,0.07664850553857805,no_correct_alternative,no_correct_alternative
23295,4,Jazz3-137-Eb,01_Jazz3-137-Eb_comp.jams,976735,2,2,3,3,3,False,0.0956180989742279,0.07662465932706414,regression,regression
68175,4,Rock1-90-C#,04_Rock1-90-C#_comp.jams,102159,3,3,2,2,2,False,0.14391088485717773,0.07649840723317641,regression,regression
68446,4,Rock1-90-C#,04_Rock1-90-C#_comp.jams,851769,3,3,4,4,4,False,0.18500885367393494,0.07635311983456389,regression,regression
63981,1,Funk3-112-C#,04_Funk3-112-C#_comp.jams,697211,3,3,4,4,4,False,0.10443106293678284,0.07596833416901433,regression,regression
63421,1,Funk2-119-G,04_Funk2-119-G_comp.jams,1022538,4,4,3,3,3,False,0.36353760957717896,0.07595961223593384,regression,regression
3022,1,Funk2-119-G,00_Funk2-119-G_comp.jams,402317,1,3,4,4,4,False,0.22657302021980286,0.07582972298120544,no_correct_alternative,no_correct_alternative
7053,4,Jazz3-137-Eb,00_Jazz3-137-Eb_comp.jams,670232,3,3,3,2,2,False,-0.06089338660240173,0.07582861517205686,keep,regression
7158,4,Jazz3-137-Eb,00_Jazz3-137-Eb_comp.jams,1131996,3,3,2,2,2,False,0.23786768317222595,0.07573102161713635,regression,regression
760,0,BN2-166-Ab,00_BN2-166-Ab_comp.jams,709555,3,3,4,4,4,False,0.33736246824264526,0.07548770118592318,regression,regression
56871,0,Rock3-148-C,03_Rock3-148-C_comp.jams,18388,4,4,3,3,3,False,0.2524615526199341,0.07530178832880574,regression,regression
49212,4,Funk2-108-Eb,03_Funk2-108-Eb_comp.jams,134367,2,2,3,3,3,False,0.15959757566452026,0.07513810998568204,regression,regression
66771,4,Jazz3-137-Eb,04_Jazz3-137-Eb_comp.jams,339408,4,4,3,3,3,False,0.11044034361839294,0.0749064920581401,regression,regression
39405,0,Jazz3-150-C,02_Jazz3-150-C_comp.jams,757882,4,3,2,2,2,False,0.3677048087120056,0.0744078507123227,no_correct_alternative,no_correct_alternative
55855,2,Rock2-85-F,03_Rock2-85-F_comp.jams,1088794,4,4,2,2,2,False,0.3305876851081848,0.07428128063677186,regression,regression
16482,1,SS3-98-C,00_SS3-98-C_solo.jams,621149,2,2,3,3,3,False,0.25817468762397766,0.0742171156944555,regression,regression
23160,4,Jazz3-137-Eb,01_Jazz3-137-Eb_comp.jams,386851,2,2,3,3,3,False,0.09001567959785461,0.07417575166698148,regression,regression
4096,1,Funk3-112-C#,00_Funk3-112-C#_comp.jams,1322887,6,3,2,2,2,False,0.07985872030258179,0.0738984153666542,no_correct_alternative,no_correct_alternative
63521,1,Funk2-119-G,04_Funk2-119-G_comp.jams,1334516,4,3,2,2,2,False,0.21212458610534668,0.07372191352109037,no_correct_alternative,no_correct_alternative
9088,4,Rock1-90-C#,00_Rock1-90-C#_comp.jams,932199,0,3,2,2,2,False,0.13743194937705994,0.07312861691035116,no_correct_alternative,no_correct_alternative
12666,0,Rock3-148-C,00_Rock3-148-C_comp.jams,877189,6,4,5,5,5,False,0.39774322509765625,0.07308362791096701,no_correct_alternative,no_correct_alternative
9146,4,Rock1-90-C#,00_Rock1-90-C#_comp.jams,1070981,4,3,2,2,2,False,0.0926770269870758,0.07293381041052216,no_correct_alternative,no_correct_alternative
38800,4,Jazz3-137-Eb,02_Jazz3-137-Eb_comp.jams,773416,1,2,3,3,3,False,0.111564040184021,0.07287082627379399,no_correct_alternative,no_correct_alternative
60231,1,SS3-98-C,03_SS3-98-C_comp.jams,521444,1,2,3,3,3,False,0.16481898725032806,0.07276548975529051,no_correct_alternative,no_correct_alternative
10637,2,Rock2-85-F,00_Rock2-85-F_comp.jams,553254,3,3,2,2,2,False,0.146601140499115,0.07266294732135303,regression,regression
38710,4,Jazz3-137-Eb,02_Jazz3-137-Eb_comp.jams,406762,3,3,2,2,2,False,0.10338214039802551,0.07255742018040706,regression,regression
63811,1,Funk3-112-C#,04_Funk3-112-C#_comp.jams,179019,1,3,3,2,2,False,-0.06417804956436157,0.07210765594349083,keep,no_correct_alternative
8788,4,Rock1-90-C#,00_Rock1-90-C#_comp.jams,234854,5,3,4,4,4,True,0.19433780014514923,0.0719999059264014,wrong_choice_despite_correct_alternative,wrong_choice_despite_correct_alternative
20214,1,Funk3-112-C#,01_Funk3-112-C#_comp.jams,903826,2,2,2,3,3,False,-0.010050579905509949,0.07172945069457753,keep,regression
37965,2,Jazz2-110-Bb,02_Jazz2-110-Bb_comp.jams,1290267,2,4,3,3,3,True,0.18094153702259064,0.07163402511563807,wrong_choice_despite_correct_alternative,wrong_choice_despite_correct_alternative
3716,1,Funk3-112-C#,00_Funk3-112-C#_comp.jams,372433,3,3,3,2,2,False,-0.07078477740287781,0.07123270954816652,keep,regression
33961,2,Funk1-114-Ab,02_Funk1-114-Ab_comp.jams,181247,2,2,2,3,3,False,-0.11380232125520706,0.07094614484317444,keep,regression
13642,0,SS1-68-E,00_SS1-68-E_solo.jams,235725,2,2,3,3,3,False,0.465789794921875,0.07083248899916883,regression,regression
36923,4,Jazz1-130-D,02_Jazz1-130-D_comp.jams,794800,4,2,3,3,3,False,0.0717761218547821,0.07071902106898842,no_correct_alternative,no_correct_alternative
67264,0,Jazz3-150-C,04_Jazz3-150-C_comp.jams,381259,4,4,2,2,2,False,0.17690308392047882,0.0706584884185221,regression,regression
48167,0,BN2-166-Ab,03_BN2-166-Ab_comp.jams,797444,1,4,2,2,2,False,0.058366551995277405,0.07065071088953365,no_correct_alternative,no_correct_alternative
24101,2,Rock1-130-A,01_Rock1-130-A_comp.jams,651197,6,3,4,4,4,False,0.1674739271402359,0.07028341805581356,no_correct_alternative,no_correct_alternative
6059,2,Jazz2-110-Bb,00_Jazz2-110-Bb_comp.jams,889168,0,3,2,2,2,False,0.052141159772872925,0.0702637009353616,no_correct_alternative,no_correct_alternative
62636,4,Funk2-108-Eb,04_Funk2-108-Eb_comp.jams,270332,2,2,3,3,3,False,0.06359171867370605,0.07007238259551207,regression,regression
2531,4,Funk2-108-Eb,00_Funk2-108-Eb_comp.jams,1048547,5,3,3,4,4,False,-0.0104522705078125,0.06971157889363411,keep,no_correct_alternative
28220,0,Rock3-148-C,01_Rock3-148-C_comp.jams,478284,2,2,3,3,3,False,0.2275172472000122,0.06966221569888748,regression,regression
50194,1,Funk3-112-C#,03_Funk3-112-C#_comp.jams,130476,2,2,3,3,3,False,0.1181153953075409,0.06960044872294818,regression,regression
62796,4,Funk2-108-Eb,04_Funk2-108-Eb_comp.jams,882005,4,3,3,2,2,False,-0.016236603260040283,0.06938821999059508,keep,no_correct_alternative
30221,4,SS2-107-Ab,01_SS2-107-Ab_solo.jams,605851,0,2,2,3,3,False,-0.07310199737548828,0.06913273031540208,keep,no_correct_alternative
3286,1,Funk2-119-G,00_Funk2-119-G_comp.jams,1050827,5,3,2,2,2,False,0.21559441089630127,0.06895724888185822,no_correct_alternative,no_correct_alternative
18359,2,Funk1-114-Ab,01_Funk1-114-Ab_comp.jams,104859,3,3,2,2,2,False,0.4999693036079407,0.06890634815160124,regression,regression
14439,4,SS2-107-Ab,00_SS2-107-Ab_comp.jams,1001541,1,3,2,2,2,False,0.17118680477142334,0.0687478481158123,no_correct_alternative,no_correct_alternative
18895,4,Funk2-108-Eb,01_Funk2-108-Eb_comp.jams,227495,3,3,3,2,2,False,-0.003616154193878174,0.06872833046327442,keep,regression
22257,2,Jazz2-110-Bb,01_Jazz2-110-Bb_comp.jams,698584,0,3,3,2,2,False,-0.026268089190125465,0.06852954147363595,keep,no_correct_alternative
32121,1,SS3-98-C,01_SS3-98-C_comp.jams,1642933,2,2,2,3,3,False,-0.009170137345790863,0.0680435895780983,keep,regression
49019,2,Funk1-114-Ab,03_Funk1-114-Ab_comp.jams,1046791,4,3,2,2,2,False,0.2654363512992859,0.06794114377082688,no_correct_alternative,no_correct_alternative
29955,4,SS2-107-Ab,01_SS2-107-Ab_comp.jams,1168930,1,3,3,2,2,False,-0.02415803074836731,0.06792457144868047,keep,no_correct_alternative
55862,2,Rock2-85-F,03_Rock2-85-F_comp.jams,1117488,1,4,4,2,2,False,-0.07468531280755997,0.06765511878962321,keep,no_correct_alternative
69116,0,Rock2-142-D,04_Rock2-142-D_comp.jams,746065,3,3,2,2,2,False,0.07147207856178284,0.06757965210569097,regression,regression
63484,1,Funk2-119-G,04_Funk2-119-G_comp.jams,1218323,2,2,3,3,3,False,0.2046789526939392,0.06745157291789305,regression,regression
31971,1,SS3-98-C,01_SS3-98-C_comp.jams,1324482,2,2,3,3,3,False,0.10273052752017975,0.06741571577705885,regression,regression
40709,4,Rock1-90-C#,02_Rock1-90-C#_comp.jams,1322714,2,3,4,4,4,False,0.0871027410030365,0.06715907467379134,no_correct_alternative,no_correct_alternative
37839,2,Jazz2-110-Bb,02_Jazz2-110-Bb_comp.jams,962308,3,4,2,2,2,True,0.39449435472488403,0.06683440131108989,wrong_choice_despite_correct_alternative,wrong_choice_despite_correct_alternative
67002,4,Jazz3-137-Eb,04_Jazz3-137-Eb_comp.jams,1119873,3,3,3,2,2,False,-0.01669338345527649,0.06680758208259469,keep,regression
31734,1,SS3-98-C,01_SS3-98-C_comp.jams,790717,1,3,2,2,2,False,0.1036304235458374,0.06662451159474742,no_correct_alternative,no_correct_alternative
48840,2,Funk1-114-Ab,03_Funk1-114-Ab_comp.jams,334585,1,3,3,2,2,False,-0.10273179411888123,0.06658025433035164,keep,no_correct_alternative
12826,0,Rock3-148-C,00_Rock3-148-C_solo.jams,180820,3,3,4,4,4,False,0.22131666541099548,0.06639831587244444,regression,regression
72783,4,SS2-107-Ab,04_SS2-107-Ab_comp.jams,1385249,2,2,2,3,3,False,-0.08947417140007019,0.06638865197857047,keep,regression
23245,4,Jazz3-137-Eb,01_Jazz3-137-Eb_comp.jams,790850,1,2,2,4,4,False,-0.04107622429728508,0.0663752074838587,keep,no_correct_alternative
2266,4,Funk2-108-Eb,00_Funk2-108-Eb_comp.jams,312004,3,3,3,2,2,False,-0.11061568558216095,0.06633474013195095,keep,regression
4001,1,Funk3-112-C#,00_Funk3-112-C#_comp.jams,1075150,5,3,4,4,4,False,0.1621169149875641,0.06597093954414429,no_correct_alternative,no_correct_alternative
31406,1,SS3-98-C,01_SS3-98-C_comp.jams,69224,2,3,4,4,4,True,0.2611805200576782,0.06574609421049574,wrong_choice_despite_correct_alternative,wrong_choice_despite_correct_alternative
29680,4,SS2-107-Ab,01_SS2-107-Ab_comp.jams,87452,3,3,2,2,2,False,0.16623464226722717,0.06560917070737582,regression,regression
63806,1,Funk3-112-C#,04_Funk3-112-C#_comp.jams,167460,3,3,5,5,5,False,0.2693237364292145,0.06555526952265156,regression,regression
13698,0,SS1-68-E,00_SS1-68-E_solo.jams,470155,2,2,3,3,3,False,0.4496197998523712,0.06534929953148289,regression,regression
42041,2,Rock2-85-F,02_Rock2-85-F_comp.jams,1961050,1,4,2,2,2,False,0.009254254400730133,0.06520644488538613,no_correct_alternative,no_correct_alternative
49774,1,Funk2-119-G,03_Funk2-119-G_comp.jams,266843,4,4,3,3,3,False,0.20742350816726685,0.06509642767754875,regression,regression
37005,4,Jazz1-130-D,02_Jazz1-130-D_solo.jams,101526,1,2,2,3,3,False,-0.12018422037363052,0.0649687409182845,keep,no_correct_alternative
63731,1,Funk2-119-G,04_Funk2-119-G_solo.jams,1068763,2,2,3,3,3,False,0.11767512559890747,0.06471102186952038,regression,regression
68877,0,Rock2-142-D,04_Rock2-142-D_comp.jams,122275,6,3,5,5,5,False,0.2569781243801117,0.06420318032115158,no_correct_alternative,no_correct_alternative
61499,0,BN2-166-Ab,04_BN2-166-Ab_comp.jams,788199,4,3,2,2,2,False,0.30000990629196167,0.06402949162218496,no_correct_alternative,no_correct_alternative
57776,0,SS1-68-E,03_SS1-68-E_comp.jams,793487,0,3,3,2,2,False,-0.0017176643013954163,0.06345853865730923,keep,no_correct_alternative
18810,2,Funk1-114-Ab,01_Funk1-114-Ab_solo.jams,952205,1,3,2,2,2,False,0.10655909776687622,0.06344972988659064,no_correct_alternative,no_correct_alternative
737,0,BN2-166-Ab,00_BN2-166-Ab_comp.jams,622208,3,4,2,2,2,False,0.06545931100845337,0.06286594602802853,no_correct_alternative,no_correct_alternative
14395,4,SS2-107-Ab,00_SS2-107-Ab_comp.jams,892794,1,3,3,2,2,False,-0.11647169291973114,0.06286332081768742,keep,no_correct_alternative
43001,0,Rock3-148-C,02_Rock3-148-C_comp.jams,99814,5,3,4,4,4,False,0.17354363203048706,0.06236627719057458,no_correct_alternative,no_correct_alternative
18935,4,Funk2-108-Eb,01_Funk2-108-Eb_comp.jams,392634,1,3,2,2,2,False,0.022372126579284668,0.06235436063215505,no_correct_alternative,no_correct_alternative
3396,1,Funk2-119-G,00_Funk2-119-G_comp.jams,1345550,4,4,3,3,3,False,0.3599816560745239,0.062198926260822074,regression,regression
69163,0,Rock2-142-D,04_Rock2-142-D_comp.jams,856434,1,2,3,3,3,False,0.3200269639492035,0.0619604105050775,no_correct_alternative,no_correct_alternative
29818,4,SS2-107-Ab,01_SS2-107-Ab_comp.jams,611936,1,3,2,2,2,False,0.14753186702728271,0.061917661152211034,no_correct_alternative,no_correct_alternative
40471,4,Rock1-90-C#,02_Rock1-90-C#_comp.jams,529587,3,3,3,2,2,False,-0.08995340019464493,0.06179350227528199,keep,regression
9954,0,Rock2-142-D,00_Rock2-142-D_comp.jams,778192,4,2,3,3,3,False,0.5179505348205566,0.061733416954473874,no_correct_alternative,no_correct_alternative
63527,1,Funk2-119-G,04_Funk2-119-G_comp.jams,1353590,3,3,2,2,2,False,0.026363030076026917,0.06171404086339777,regression,regression
71815,0,SS1-68-E,04_SS1-68-E_comp.jams,919105,5,3,2,2,2,False,0.3550798296928406,0.06163617460684706,no_correct_alternative,no_correct_alternative
4018,1,Funk3-112-C#,00_Funk3-112-C#_comp.jams,1110538,5,3,2,2,2,False,0.08319863677024841,0.06158358024779648,no_correct_alternative,no_correct_alternative
58617,4,SS2-107-Ab,03_SS2-107-Ab_comp.jams,686373,1,2,3,3,3,False,0.15899276733398438,0.06158228093868123,no_correct_alternative,no_correct_alternative
69168,0,Rock2-142-D,04_Rock2-142-D_comp.jams,867266,4,4,5,5,5,False,0.5156711339950562,0.06153895194333836,regression,regression
7106,4,Jazz3-137-Eb,00_Jazz3-137-Eb_comp.jams,919679,0,2,2,3,3,False,-0.12469597160816193,0.0614457385049135,keep,no_correct_alternative
51874,2,Jazz1-200-B,03_Jazz1-200-B_comp.jams,609201,4,4,2,2,2,False,0.19171486794948578,0.06131790332155035,regression,regression
9196,4,Rock1-90-C#,00_Rock1-90-C#_comp.jams,1175051,6,3,4,4,4,False,0.1461462676525116,0.061297190804829704,no_correct_alternative,no_correct_alternative
25035,4,Rock1-90-C#,01_Rock1-90-C#_comp.jams,1133115,2,2,2,3,3,False,-0.12585484981536865,0.061184217910373595,keep,regression
62808,4,Funk2-108-Eb,04_Funk2-108-Eb_comp.jams,918021,5,3,3,4,4,False,-0.029797405004501343,0.06118100474504551,keep,no_correct_alternative
72591,4,SS2-107-Ab,04_SS2-107-Ab_comp.jams,742284,1,2,3,3,3,False,0.11303803324699402,0.06113758593324392,no_correct_alternative,no_correct_alternative
68365,4,Rock1-90-C#,04_Rock1-90-C#_comp.jams,615343,1,2,2,3,3,False,-0.04936490207910538,0.061045762660679265,keep,no_correct_alternative
54623,4,Rock1-90-C#,03_Rock1-90-C#_comp.jams,940945,2,2,3,3,3,False,0.14167886972427368,0.06091655302153398,regression,regression
49522,4,Funk2-108-Eb,03_Funk2-108-Eb_comp.jams,1371214,5,3,3,4,4,False,-0.007687926292419434,0.060715432260241564,keep,no_correct_alternative
38780,4,Jazz3-137-Eb,02_Jazz3-137-Eb_comp.jams,714347,1,3,2,2,2,False,0.08010450005531311,0.0606996728445206,no_correct_alternative,no_correct_alternative
7668,0,Jazz3-150-C,00_Jazz3-150-C_comp.jams,911307,3,3,4,4,4,False,0.32573869824409485,0.06066010402953903,regression,regression
63302,1,Funk2-119-G,04_Funk2-119-G_comp.jams,545582,3,3,4,4,4,False,0.006476506590843201,0.060298601656304684,regression,regression
24997,4,Rock1-90-C#,01_Rock1-90-C#_comp.jams,1058539,3,3,2,2,2,False,0.14985525608062744,0.06019544982408204,regression,regression
37026,4,Jazz1-130-D,02_Jazz1-130-D_solo.jams,183345,1,2,3,3,3,False,0.006906598806381226,0.060113998437360705,no_correct_alternative,no_correct_alternative
54738,4,Rock1-90-C#,03_Rock1-90-C#_comp.jams,1233962,1,2,3,3,3,False,0.010695457458496094,0.059973710232387456,no_correct_alternative,no_correct_alternative
5108,4,Jazz1-130-D,00_Jazz1-130-D_comp.jams,141017,5,3,4,4,4,False,0.100221186876297,0.05963322491677092,no_correct_alternative,no_correct_alternative
23508,0,Jazz3-150-C,01_Jazz3-150-C_comp.jams,18220,3,4,2,2,2,True,0.3702394664287567,0.05959375971602665,wrong_choice_despite_correct_alternative,wrong_choice_despite_correct_alternative
29823,4,SS2-107-Ab,01_SS2-107-Ab_comp.jams,631781,1,2,2,3,3,False,-0.14813078939914703,0.05950497211008432,keep,no_correct_alternative
8487,2,Rock1-130-A,00_Rock1-130-A_solo.jams,196274,0,2,2,3,3,False,-0.09960609674453735,0.05945048572075495,keep,no_correct_alternative
54663,4,Rock1-90-C#,03_Rock1-90-C#_comp.jams,1045453,2,2,3,3,3,False,0.13091516494750977,0.05941486229621762,regression,regression
32127,1,SS3-98-C,01_SS3-98-C_comp.jams,1654156,2,2,3,3,3,False,0.15116359293460846,0.05935146836292993,regression,regression
8134,2,Rock1-130-A,00_Rock1-130-A_comp.jams,252740,3,3,2,2,2,False,0.07485473155975342,0.05928904250621897,regression,regression
12490,0,Rock3-148-C,00_Rock3-148-C_comp.jams,479017,6,4,5,5,5,False,0.30841153860092163,0.0591889533943771,no_correct_alternative,no_correct_alternative
58578,4,SS2-107-Ab,03_SS2-107-Ab_comp.jams,593870,2,2,3,3,3,False,0.02000826597213745,0.059155693823320366,regression,regression
61494,0,BN2-166-Ab,04_BN2-166-Ab_comp.jams,764738,1,4,4,2,2,False,-0.013467416167259216,0.059116820934584924,keep,no_correct_alternative
28381,0,Rock3-148-C,01_Rock3-148-C_comp.jams,940758,0,2,3,3,3,False,0.1914956122636795,0.05898011123796698,no_correct_alternative,no_correct_alternative
38707,4,Jazz3-137-Eb,02_Jazz3-137-Eb_comp.jams,387397,3,3,2,2,2,False,0.06978532671928406,0.05887690884172281,regression,regression
38608,4,Jazz3-137-Eb,02_Jazz3-137-Eb_comp.jams,32023,2,2,3,3,3,False,0.0640420913696289,0.05876286777846357,regression,regression
35039,1,Funk2-119-G,02_Funk2-119-G_comp.jams,378218,2,2,3,3,3,False,0.1926492154598236,0.0583019398605209,regression,regression
69171,0,Rock2-142-D,04_Rock2-142-D_comp.jams,874936,3,3,2,2,2,False,0.3253084421157837,0.05822390595156368,regression,regression
3736,1,Funk3-112-C#,00_Funk3-112-C#_comp.jams,424425,4,4,3,3,3,False,0.24758753180503845,0.05803030364110645,regression,regression
69594,2,Rock2-85-F,04_Rock2-85-F_comp.jams,622231,1,2,3,3,3,False,0.1916995644569397,0.05799275265621978,no_correct_alternative,no_correct_alternative
20438,1,Funk3-112-C#,01_Funk3-112-C#_solo.jams,558234,1,3,3,2,2,False,-0.0002187788486480713,0.05778678134137477,keep,no_correct_alternative
36755,4,Jazz1-130-D,02_Jazz1-130-D_comp.jams,113748,3,3,2,2,2,False,0.08990693092346191,0.057766804924554715,regression,regression
32068,1,SS3-98-C,01_SS3-98-C_comp.jams,1534148,2,2,3,3,3,False,0.05619828402996063,0.05769284540801278,regression,regression
63405,1,Funk2-119-G,04_Funk2-119-G_comp.jams,967077,3,3,4,4,4,False,0.13679367303848267,0.057591618262730015,regression,regression
71938,0,SS1-68-E,04_SS1-68-E_comp.jams,1184981,3,3,2,2,2,False,0.2692907452583313,0.05756100294559907,regression,regression
8330,2,Rock1-130-A,00_Rock1-130-A_comp.jams,743456,3,3,4,4,4,False,0.05909852683544159,0.05746839508743684,regression,regression
62786,4,Funk2-108-Eb,04_Funk2-108-Eb_comp.jams,844791,3,3,4,4,4,False,0.020447134971618652,0.05713939653892408,regression,regression
69878,2,Rock2-85-F,04_Rock2-85-F_comp.jams,1447712,1,2,3,3,3,False,0.1355457603931427,0.0571026222522773,no_correct_alternative,no_correct_alternative
36807,4,Jazz1-130-D,02_Jazz1-130-D_comp.jams,345818,4,3,2,2,2,False,0.08908027410507202,0.05707444799075179,no_correct_alternative,no_correct_alternative
55675,2,Rock2-85-F,03_Rock2-85-F_comp.jams,647096,3,3,2,2,2,False,0.028557032346725464,0.05655664729906962,regression,regression
28852,0,SS1-68-E,01_SS1-68-E_comp.jams,453360,1,3,2,2,2,False,0.168826624751091,0.05646729126855765,no_correct_alternative,no_correct_alternative
67151,0,Jazz3-150-C,04_Jazz3-150-C_comp.jams,8,2,2,4,4,4,False,0.22786098718643188,0.05637557914451713,regression,regression
10932,2,Rock2-85-F,00_Rock2-85-F_comp.jams,1222578,4,3,2,2,2,False,0.10686531662940979,0.05608990025499666,no_correct_alternative,no_correct_alternative
17495,0,BN2-166-Ab,01_BN2-166-Ab_comp.jams,684721,4,4,3,3,3,False,0.27884143590927124,0.05583471313276156,regression,regression
3968,1,Funk3-112-C#,00_Funk3-112-C#_comp.jams,991607,4,3,2,2,2,False,0.16908496618270874,0.05578601625962942,no_correct_alternative,no_correct_alternative
72450,4,SS2-107-Ab,04_SS2-107-Ab_comp.jams,247930,1,3,3,2,2,False,-0.023892909288406372,0.05575290532779037,keep,no_correct_alternative
68337,4,Rock1-90-C#,04_Rock1-90-C#_comp.jams,557210,3,3,4,4,4,False,0.23412303626537323,0.05572708935641374,regression,regression
18956,4,Funk2-108-Eb,01_Funk2-108-Eb_comp.jams,477143,3,3,2,2,2,False,0.018667221069335938,0.055672987603669455,regression,regression
28737,0,SS1-68-E,01_SS1-68-E_comp.jams,183667,0,3,2,2,2,False,0.142250657081604,0.055669389590427665,no_correct_alternative,no_correct_alternative
29786,4,SS2-107-Ab,01_SS2-107-Ab_comp.jams,482425,4,3,5,5,5,False,0.06535530090332031,0.055432419399499555,no_correct_alternative,no_correct_alternative
14450,4,SS2-107-Ab,00_SS2-107-Ab_comp.jams,1033928,1,3,3,2,2,False,-0.07489994913339615,0.05540054473644418,keep,no_correct_alternative
61846,1,BN3-154-E,04_BN3-154-E_comp.jams,593951,0,2,3,3,3,False,0.17498722672462463,0.055086669331786964,no_correct_alternative,no_correct_alternative
60377,1,SS3-98-C,03_SS3-98-C_comp.jams,843408,1,2,3,3,3,False,0.16247215867042542,0.054823243112913256,no_correct_alternative,no_correct_alternative
52075,2,Jazz2-110-Bb,03_Jazz2-110-Bb_comp.jams,432984,3,3,2,2,2,False,0.013789445161819458,0.05459983198929125,regression,regression
39516,0,Jazz3-150-C,02_Jazz3-150-C_comp.jams,1025345,2,2,3,3,3,False,0.28178870677948,0.054576768371258855,regression,regression
23169,4,Jazz3-137-Eb,01_Jazz3-137-Eb_comp.jams,443703,3,3,2,2,2,False,0.28102055191993713,0.05448464183889623,regression,regression
32037,1,SS3-98-C,01_SS3-98-C_comp.jams,1472285,1,2,3,3,3,False,0.13426116108894348,0.05441302628148226,no_correct_alternative,no_correct_alternative
31654,1,SS3-98-C,01_SS3-98-C_comp.jams,608615,1,4,4,2,2,False,-0.02722477912902832,0.054369788873197405,keep,no_correct_alternative
63897,1,Funk3-112-C#,04_Funk3-112-C#_comp.jams,472729,4,4,3,3,3,False,0.15652504563331604,0.054350456926862745,regression,regression
830,0,BN2-166-Ab,00_BN2-166-Ab_comp.jams,990750,2,2,3,3,3,False,0.28517603874206543,0.05431195559076352,regression,regression
61803,1,BN3-154-E,04_BN3-154-E_comp.jams,429212,1,3,2,2,2,False,0.15179377794265747,0.05429099415803973,no_correct_alternative,no_correct_alternative
36910,4,Jazz1-130-D,02_Jazz1-130-D_comp.jams,747145,3,3,2,2,2,False,0.11320516467094421,0.05429039435236521,regression,regression
8489,2,Rock1-130-A,00_Rock1-130-A_solo.jams,202729,1,3,3,2,2,False,-0.06468982994556427,0.054284666265057235,keep,no_correct_alternative
63924,1,Funk3-112-C#,04_Funk3-112-C#_comp.jams,544146,2,2,3,3,3,False,0.1094464361667633,0.05413212986648919,regression,regression
3121,1,Funk2-119-G,00_Funk2-119-G_comp.jams,633744,6,4,3,3,3,False,0.0241258442401886,0.05403534653052078,no_correct_alternative,no_correct_alternative
26017,0,Rock2-142-D,01_Rock2-142-D_solo.jams,484083,1,3,2,2,2,False,0.108290895819664,0.0538889702956411,no_correct_alternative,no_correct_alternative
60564,1,SS3-98-C,03_SS3-98-C_comp.jams,1297268,2,4,3,3,3,True,0.24674512445926666,0.05386221782434844,wrong_choice_despite_correct_alternative,wrong_choice_despite_correct_alternative
71819,0,SS1-68-E,04_SS1-68-E_comp.jams,928187,6,3,2,2,2,False,0.25393277406692505,0.05360095842110624,no_correct_alternative,no_correct_alternative
46901,1,SS3-98-C,02_SS3-98-C_comp.jams,865360,3,3,2,2,2,False,0.09485219419002533,0.05334261470350371,regression,regression
14475,4,SS2-107-Ab,00_SS2-107-Ab_comp.jams,1111897,1,2,2,3,3,False,-0.15770064294338226,0.0531793588177793,keep,no_correct_alternative
26957,2,Rock2-85-F,01_Rock2-85-F_comp.jams,1913822,3,3,3,2,2,False,-0.08134809136390686,0.05292670816026346,keep,regression
12679,0,Rock3-148-C,00_Rock3-148-C_comp.jams,901836,2,2,3,3,3,False,0.10890060663223267,0.05281745970216767,regression,regression
5382,4,Jazz1-130-D,00_Jazz1-130-D_comp.jams,928205,3,3,3,2,2,False,-0.08952128887176514,0.05279773871262694,keep,regression
62632,4,Funk2-108-Eb,04_Funk2-108-Eb_comp.jams,257855,3,3,3,4,4,False,-0.020662784576416016,0.05276273877426613,keep,regression
8765,4,Rock1-90-C#,00_Rock1-90-C#_comp.jams,181448,3,3,3,2,2,False,-0.05714328587055206,0.0525424528980033,keep,regression
17276,0,BN2-166-Ab,01_BN2-166-Ab_comp.jams,5,5,3,4,4,4,False,0.34721532464027405,0.05253952297078529,no_correct_alternative,no_correct_alternative
16711,1,SS3-98-C,00_SS3-98-C_solo.jams,1297222,1,2,3,3,3,False,0.18185311555862427,0.05213746884449405,no_correct_alternative,no_correct_alternative
26501,2,Rock2-85-F,01_Rock2-85-F_comp.jams,793931,4,2,3,3,3,True,0.4016181528568268,0.05212947485302866,wrong_choice_despite_correct_alternative,wrong_choice_despite_correct_alternative
12436,0,Rock3-148-C,00_Rock3-148-C_comp.jams,367543,5,4,3,3,3,False,0.3221791684627533,0.052076271187204454,no_correct_alternative,no_correct_alternative
10488,2,Rock2-85-F,00_Rock2-85-F_comp.jams,221272,0,3,3,2,2,False,-0.009464924223721027,0.052014914755078,keep,no_correct_alternative
64087,1,Funk3-112-C#,04_Funk3-112-C#_comp.jams,1016120,3,3,3,4,4,False,-0.013169616460800171,0.05190890383804375,keep,regression
10578,2,Rock2-85-F,00_Rock2-85-F_comp.jams,428028,5,4,2,2,2,False,0.06408989429473877,0.05173115457847399,no_correct_alternative,no_correct_alternative
29797,4,SS2-107-Ab,01_SS2-107-Ab_comp.jams,531624,1,3,2,2,2,False,0.13161587715148926,0.05150805817127602,no_correct_alternative,no_correct_alternative
66797,4,Jazz3-137-Eb,04_Jazz3-137-Eb_comp.jams,423714,3,3,2,2,2,False,0.055683404207229614,0.05145513768195914,regression,regression
46757,1,SS3-98-C,02_SS3-98-C_comp.jams,513500,3,3,4,4,4,False,0.15201231837272644,0.0511189173134049,regression,regression
6944,4,Jazz3-137-Eb,00_Jazz3-137-Eb_comp.jams,270128,3,3,3,2,2,False,-0.07828283309936523,0.050945500828896984,keep,regression
48923,2,Funk1-114-Ab,03_Funk1-114-Ab_comp.jams,638227,1,3,3,2,2,False,-0.10603751242160797,0.05087145388336481,keep,no_correct_alternative
9067,4,Rock1-90-C#,00_Rock1-90-C#_comp.jams,881752,1,3,3,2,2,False,-0.06606553494930267,0.050853438684280605,keep,no_correct_alternative
63232,1,Funk2-119-G,04_Funk2-119-G_comp.jams,300187,4,4,3,3,3,False,0.13605251908302307,0.05068055511860303,regression,regression
52215,2,Jazz2-110-Bb,03_Jazz2-110-Bb_comp.jams,962707,4,4,3,3,3,False,0.3374946713447571,0.05063544188359531,regression,regression
54392,4,Rock1-90-C#,03_Rock1-90-C#_comp.jams,382274,2,3,4,4,4,False,0.07928907871246338,0.050561770447692944,no_correct_alternative,no_correct_alternative
67081,4,Jazz3-137-Eb,04_Jazz3-137-Eb_solo.jams,455449,2,2,2,3,3,False,-0.13746175169944763,0.05038708227824007,keep,regression
74139,1,SS3-98-C,04_SS3-98-C_comp.jams,878168,1,2,3,3,3,False,0.1730419546365738,0.050352355360664236,no_correct_alternative,no_correct_alternative
29957,4,SS2-107-Ab,01_SS2-107-Ab_comp.jams,1175044,1,2,2,3,3,False,-0.06551849842071533,0.05031424474049184,keep,no_correct_alternative
71758,0,SS1-68-E,04_SS1-68-E_comp.jams,777499,2,2,3,3,3,False,0.3471791744232178,0.050163483028550115,regression,regression
9084,4,Rock1-90-C#,00_Rock1-90-C#_comp.jams,923788,5,3,3,2,2,False,-0.09667359292507172,0.050151454134253926,keep,no_correct_alternative
35583,1,Funk3-112-C#,02_Funk3-112-C#_comp.jams,310342,2,2,3,3,3,False,0.13452371954917908,0.05013324866905694,regression,regression
29703,4,SS2-107-Ab,01_SS2-107-Ab_comp.jams,160910,3,3,2,2,2,False,0.10037994384765625,0.050114029274660465,regression,regression
61348,0,BN2-166-Ab,04_BN2-166-Ab_comp.jams,237882,2,4,3,3,3,True,0.31259286403656006,0.04997178095378155,wrong_choice_despite_correct_alternative,wrong_choice_despite_correct_alternative
34729,4,Funk2-108-Eb,02_Funk2-108-Eb_comp.jams,1201433,0,3,3,2,2,False,-0.02169865369796753,0.049837970522290165,keep,no_correct_alternative
23932,2,Rock1-130-A,01_Rock1-130-A_comp.jams,215728,3,3,2,2,2,False,0.1797848641872406,0.04979229618837494,regression,regression
9682,0,Rock2-142-D,00_Rock2-142-D_comp.jams,108595,5,2,3,3,3,True,0.4914197623729706,0.04922336434379776,wrong_choice_despite_correct_alternative,wrong_choice_despite_correct_alternative
60427,1,SS3-98-C,03_SS3-98-C_comp.jams,951592,1,3,4,4,4,False,0.18926338851451874,0.049119907096489,no_correct_alternative,no_correct_alternative
50382,1,Funk3-112-C#,03_Funk3-112-C#_comp.jams,851256,2,4,3,3,3,False,0.1711631715297699,0.04902430000251029,no_correct_alternative,no_correct_alternative
37634,2,Jazz2-110-Bb,02_Jazz2-110-Bb_comp.jams,360647,3,3,3,4,4,False,-0.01759450137615204,0.04900700582723877,keep,regression
8874,4,Rock1-90-C#,00_Rock1-90-C#_comp.jams,438480,5,3,3,4,4,False,-0.013774767518043518,0.04894923533709658,keep,no_correct_alternative
2313,4,Funk2-108-Eb,00_Funk2-108-Eb_comp.jams,465243,4,3,2,2,2,True,0.23921719193458557,0.04860179157143543,wrong_choice_despite_correct_alternative,wrong_choice_despite_correct_alternative
24769,4,Rock1-90-C#,01_Rock1-90-C#_comp.jams,551715,0,3,3,2,2,False,-6.018839485477656e-05,0.04840876215273256,keep,no_correct_alternative
69662,2,Rock2-85-F,04_Rock2-85-F_comp.jams,808418,1,3,2,2,2,False,0.17082485556602478,0.04835358872405804,no_correct_alternative,no_correct_alternative
22300,2,Jazz2-110-Bb,01_Jazz2-110-Bb_comp.jams,906689,2,3,4,4,4,False,0.12047368288040161,0.04808340757943047,no_correct_alternative,no_correct_alternative
66991,4,Jazz3-137-Eb,04_Jazz3-137-Eb_comp.jams,1075292,4,4,3,3,3,False,0.038794487714767456,0.04806764043989803,regression,regression
8284,2,Rock1-130-A,00_Rock1-130-A_comp.jams,635395,5,3,3,2,2,False,-0.051450200378894806,0.04789735415539212,keep,no_correct_alternative
67012,4,Jazz3-137-Eb,04_Jazz3-137-Eb_comp.jams,1159060,4,4,3,3,3,False,0.026890486478805542,0.04771804495722082,regression,regression
35545,1,Funk3-112-C#,02_Funk3-112-C#_comp.jams,118534,3,3,2,2,2,False,0.18806380033493042,0.04763027090406019,regression,regression
49787,1,Funk2-119-G,03_Funk2-119-G_comp.jams,305874,1,2,3,3,3,False,0.1466400921344757,0.04751219716217109,no_correct_alternative,no_correct_alternative
30316,4,SS2-107-Ab,01_SS2-107-Ab_solo.jams,963238,1,3,3,2,2,False,-0.0018940867157652974,0.047314375640528365,keep,no_correct_alternative
47014,1,SS3-98-C,02_SS3-98-C_comp.jams,1161688,3,3,4,4,4,False,0.31402724981307983,0.04726050111469282,regression,regression
22191,2,Jazz2-110-Bb,01_Jazz2-110-Bb_comp.jams,407906,0,2,2,3,3,False,-0.033981803804636,0.04724671351870059,keep,no_correct_alternative
3979,1,Funk3-112-C#,00_Funk3-112-C#_comp.jams,1027622,5,4,3,3,3,False,0.1000264585018158,0.046692137705180825,no_correct_alternative,no_correct_alternative
12596,0,Rock3-148-C,00_Rock3-148-C_comp.jams,725662,2,2,3,3,3,False,0.18699517846107483,0.046357181405623005,regression,regression
37589,2,Jazz2-110-Bb,02_Jazz2-110-Bb_comp.jams,231559,1,3,2,2,2,False,0.03798253834247589,0.04622183984516498,no_correct_alternative,no_correct_alternative
2295,4,Funk2-108-Eb,00_Funk2-108-Eb_comp.jams,429164,4,4,3,3,3,False,0.010804831981658936,0.04590504892754732,regression,regression
28347,0,Rock3-148-C,01_Rock3-148-C_comp.jams,858568,2,3,4,4,4,False,0.15880301594734192,0.045669968005892125,no_correct_alternative,no_correct_alternative
37793,2,Jazz2-110-Bb,02_Jazz2-110-Bb_comp.jams,820715,4,4,3,3,3,False,0.3919329047203064,0.04545776459116768,regression,regression
3603,1,Funk3-112-C#,00_Funk3-112-C#_comp.jams,84971,0,3,3,2,2,False,-0.0757606029510498,0.045425649797197654,keep,no_correct_alternative
22268,2,Jazz2-110-Bb,01_Jazz2-110-Bb_comp.jams,745683,3,3,3,2,2,False,-0.0089043527841568,0.04538971728266067,keep,regression
61900,1,BN3-154-E,04_BN3-154-E_comp.jams,791320,0,3,2,2,2,False,0.14803582429885864,0.04537285273299707,no_correct_alternative,no_correct_alternative
50365,1,Funk3-112-C#,03_Funk3-112-C#_comp.jams,768605,2,2,2,3,3,False,-0.03162789344787598,0.04513947838583554,keep,regression
57976,0,SS1-68-E,03_SS1-68-E_comp.jams,1349715,1,3,2,2,2,False,0.09261454641819,0.044955759131217354,no_correct_alternative,no_correct_alternative
36161,1,Funk3-112-C#,02_Funk3-112-C#_solo.jams,1261104,1,4,4,2,2,False,-0.0531587153673172,0.04487845758411174,keep,no_correct_alternative
31373,1,SS3-98-C,01_SS3-98-C_comp.jams,5,2,3,4,4,4,False,0.040301576256752014,0.044796468883330165,no_correct_alternative,no_correct_alternative
43113,0,Rock3-148-C,02_Rock3-148-C_comp.jams,358756,4,3,2,2,2,False,0.09900543093681335,0.04479027390433721,no_correct_alternative,no_correct_alternative
2951,1,Funk2-119-G,00_Funk2-119-G_comp.jams,188809,6,3,2,2,2,False,0.4497164487838745,0.04469127706191514,no_correct_alternative,no_correct_alternative
43235,0,Rock3-148-C,02_Rock3-148-C_comp.jams,627842,4,3,2,2,2,True,0.34856364130973816,0.04468368930428851,wrong_choice_despite_correct_alternative,wrong_choice_despite_correct_alternative
23541,0,Jazz3-150-C,01_Jazz3-150-C_comp.jams,205761,0,3,2,2,2,False,0.0123601034283638,0.04459540303136411,no_correct_alternative,no_correct_alternative
9173,4,Rock1-90-C#,00_Rock1-90-C#_comp.jams,1124568,1,2,3,3,3,False,0.06460076570510864,0.044453377489220514,no_correct_alternative,no_correct_alternative
34719,4,Funk2-108-Eb,02_Funk2-108-Eb_comp.jams,1176049,2,3,3,4,4,False,-0.027112841606140137,0.044380498861596396,keep,no_correct_alternative
49816,1,Funk2-119-G,03_Funk2-119-G_comp.jams,445021,4,4,3,3,3,False,0.11268791556358337,0.04434434611984228,regression,regression
13065,0,SS1-68-E,00_SS1-68-E_comp.jams,274747,0,3,2,2,2,False,0.1700042188167572,0.044087731007273145,no_correct_alternative,no_correct_alternative
55120,0,Rock2-142-D,03_Rock2-142-D_comp.jams,587046,1,2,3,3,3,False,0.21219885349273682,0.04396640927735168,no_correct_alternative,no_correct_alternative
2997,1,Funk2-119-G,00_Funk2-119-G_comp.jams,350014,3,3,3,4,4,False,-0.08717696368694305,0.04355575835689318,keep,regression
12725,0,Rock3-148-C,00_Rock3-148-C_comp.jams,997948,5,4,3,3,3,True,0.22904136776924133,0.04333289571886709,wrong_choice_despite_correct_alternative,wrong_choice_despite_correct_alternative
2684,4,Funk2-108-Eb,00_Funk2-108-Eb_comp.jams,1519790,4,3,3,2,2,False,-0.13226115703582764,0.04326398616503152,keep,no_correct_alternative
64122,1,Funk3-112-C#,04_Funk3-112-C#_comp.jams,1134203,3,3,2,2,2,False,0.17789363861083984,0.04323430105884357,regression,regression
47130,1,SS3-98-C,02_SS3-98-C_comp.jams,1472352,1,2,3,3,3,False,0.1289975792169571,0.04317146516741288,no_correct_alternative,no_correct_alternative
10427,2,Rock2-85-F,00_Rock2-85-F_comp.jams,91603,5,3,4,4,4,False,0.23995625972747803,0.04315120490627128,no_correct_alternative,no_correct_alternative
34537,4,Funk2-108-Eb,02_Funk2-108-Eb_comp.jams,515257,3,3,3,2,2,False,-0.05841094255447388,0.04277008881048194,keep,regression
63236,1,Funk2-119-G,04_Funk2-119-G_comp.jams,308234,2,2,3,3,3,False,0.13605189323425293,0.042691351343281225,regression,regression
6190,2,Jazz2-110-Bb,00_Jazz2-110-Bb_comp.jams,1265244,2,4,3,3,3,False,0.16914182901382446,0.04238013186082562,no_correct_alternative,no_correct_alternative
23188,4,Jazz3-137-Eb,01_Jazz3-137-Eb_comp.jams,521697,1,2,3,3,3,False,0.0011007487773895264,0.04236684886841097,no_correct_alternative,no_correct_alternative
72475,4,SS2-107-Ab,04_SS2-107-Ab_comp.jams,346513,2,2,2,3,3,False,-0.021301627159118652,0.0419100644761054,keep,regression
49217,4,Funk2-108-Eb,03_Funk2-108-Eb_comp.jams,146603,3,3,4,4,4,False,0.11042657494544983,0.04187895239629552,regression,regression
60435,1,SS3-98-C,03_SS3-98-C_comp.jams,967217,0,3,2,2,2,False,0.12252939492464066,0.041638450854949466,no_correct_alternative,no_correct_alternative
2967,1,Funk2-119-G,00_Funk2-119-G_comp.jams,240323,4,2,2,3,3,False,-0.019037753343582153,0.041466460207967126,keep,no_correct_alternative
49736,1,Funk2-119-G,03_Funk2-119-G_comp.jams,56685,3,4,2,2,2,True,0.22815394401550293,0.04108237951030763,wrong_choice_despite_correct_alternative,wrong_choice_despite_correct_alternative
74254,1,SS3-98-C,04_SS3-98-C_comp.jams,1209450,1,3,2,2,2,False,0.1659797728061676,0.04102687085733564,no_correct_alternative,no_correct_alternative
20104,1,Funk3-112-C#,01_Funk3-112-C#_comp.jams,378217,2,2,2,3,3,False,-0.023660361766815186,0.041016320420173946,keep,regression
11029,2,Rock2-85-F,00_Rock2-85-F_comp.jams,1471741,5,4,3,3,3,False,0.30622005462646484,0.04099237076314899,no_correct_alternative,no_correct_alternative
63475,1,Funk2-119-G,04_Funk2-119-G_comp.jams,1200649,3,3,3,4,4,False,-0.0262678861618042,0.04098040548871046,keep,regression
55292,0,Rock2-142-D,03_Rock2-142-D_comp.jams,1061391,4,3,2,2,2,False,0.24446719884872437,0.04077733381757931,no_correct_alternative,no_correct_alternative
4071,1,Funk3-112-C#,00_Funk3-112-C#_comp.jams,1263768,5,4,3,3,3,False,0.21490813791751862,0.04068566062597567,no_correct_alternative,no_correct_alternative
9987,0,Rock2-142-D,00_Rock2-142-D_comp.jams,854175,3,3,2,2,2,False,0.29401716589927673,0.04065489984168641,regression,regression
28251,0,Rock3-148-C,01_Rock3-148-C_comp.jams,572059,2,4,3,3,3,False,0.20447301864624023,0.04060192487419695,no_correct_alternative,no_correct_alternative
34210,2,Funk1-114-Ab,02_Funk1-114-Ab_comp.jams,998327,0,2,2,3,3,False,-0.14237630367279053,0.04056519607324083,keep,no_correct_alternative
757,0,BN2-166-Ab,00_BN2-166-Ab_comp.jams,693224,4,2,3,3,3,False,0.18153473734855652,0.0401342075263077,no_correct_alternative,no_correct_alternative
37230,2,Jazz1-200-B,02_Jazz1-200-B_comp.jams,140655,3,3,3,2,2,False,-0.002736717462539673,0.04011692411873474,keep,regression
61387,0,BN2-166-Ab,04_BN2-166-Ab_comp.jams,381580,4,2,3,3,3,False,0.20598788559436798,0.040104691681577875,no_correct_alternative,no_correct_alternative
63211,1,Funk2-119-G,04_Funk2-119-G_comp.jams,195953,3,4,2,2,2,True,0.19318372011184692,0.03981972129167044,wrong_choice_despite_correct_alternative,wrong_choice_despite_correct_alternative
37329,2,Jazz1-200-B,02_Jazz1-200-B_comp.jams,410446,2,2,3,3,3,False,0.17292749881744385,0.039276042238768516,regression,regression
12512,0,Rock3-148-C,00_Rock3-148-C_comp.jams,523387,6,3,2,2,2,False,0.29595017433166504,0.03918141513779849,no_correct_alternative,no_correct_alternative
70012,2,Rock2-85-F,04_Rock2-85-F_comp.jams,1805078,1,3,5,5,5,False,0.06600669026374817,0.039130448015530866,no_correct_alternative,no_correct_alternative
53095,4,Jazz3-137-Eb,03_Jazz3-137-Eb_comp.jams,706192,3,3,2,2,2,False,0.03165552020072937,0.03887062580810646,regression,regression
29784,4,SS2-107-Ab,01_SS2-107-Ab_comp.jams,475925,1,3,2,2,2,False,0.07070085406303406,0.03886087314352715,no_correct_alternative,no_correct_alternative
19635,1,Funk2-119-G,01_Funk2-119-G_comp.jams,700396,0,3,3,2,2,False,-0.09976841509342194,0.038821227774892664,keep,no_correct_alternative
52355,2,Jazz2-110-Bb,03_Jazz2-110-Bb_comp.jams,1443845,4,4,3,3,3,False,0.36348479986190796,0.03863041184234123,regression,regression
4138,1,Funk3-112-C#,00_Funk3-112-C#_comp.jams,1441565,5,4,3,3,3,False,0.008704394102096558,0.03832557181963833,no_correct_alternative,no_correct_alternative
56993,0,Rock3-148-C,03_Rock3-148-C_comp.jams,302608,2,4,3,3,3,False,0.1993216872215271,0.03826019157797644,no_correct_alternative,no_correct_alternative
3934,1,Funk3-112-C#,00_Funk3-112-C#_comp.jams,910993,1,3,2,2,2,False,0.01052004098892212,0.0380722497260898,no_correct_alternative,no_correct_alternative
58738,4,SS2-107-Ab,03_SS2-107-Ab_comp.jams,1038523,2,2,3,3,3,False,0.19656911492347717,0.038037817619122116,regression,regression
18367,2,Funk1-114-Ab,01_Funk1-114-Ab_comp.jams,139363,3,3,4,4,4,False,0.1892625391483307,0.037857097745794266,regression,regression
63187,1,Funk2-119-G,04_Funk2-119-G_comp.jams,122131,4,4,3,3,3,False,0.14506542682647705,0.03779036584317097,regression,regression
70141,2,Rock2-85-F,04_Rock2-85-F_solo.jams,402679,2,2,3,3,3,False,0.09257271885871887,0.03767309329516594,regression,regression
65672,2,Jazz1-200-B,04_Jazz1-200-B_comp.jams,594354,3,2,4,4,4,False,0.01741158962249756,0.03744996623223612,no_correct_alternative,no_correct_alternative
60729,1,SS3-98-C,03_SS3-98-C_comp.jams,1688044,1,3,2,2,2,False,0.14329466223716736,0.03734725390680582,no_correct_alternative,no_correct_alternative
18595,2,Funk1-114-Ab,01_Funk1-114-Ab_comp.jams,1068007,2,2,3,3,3,False,0.09927839040756226,0.03730649689129634,regression,regression
40072,2,Rock1-130-A,02_Rock1-130-A_comp.jams,754686,5,3,2,2,2,False,0.09884870052337646,0.037093343712660654,no_correct_alternative,no_correct_alternative
25493,0,Rock2-142-D,01_Rock2-142-D_comp.jams,315851,2,2,3,3,3,False,0.27917930483818054,0.03708309904517387,regression,regression
17339,0,BN2-166-Ab,01_BN2-166-Ab_comp.jams,174942,3,3,3,2,2,False,-0.007529906928539276,0.03706300368810489,keep,regression
19090,4,Funk2-108-Eb,01_Funk2-108-Eb_comp.jams,1162265,0,3,3,2,2,False,-0.0707571730017662,0.03702016574352093,keep,no_correct_alternative
37739,2,Jazz2-110-Bb,02_Jazz2-110-Bb_comp.jams,661909,2,2,3,3,3,False,0.17559769749641418,0.037006811964906294,regression,regression
23111,4,Jazz3-137-Eb,01_Jazz3-137-Eb_comp.jams,204176,1,2,3,3,3,False,0.02271619439125061,0.03678105659005132,no_correct_alternative,no_correct_alternative
8733,4,Rock1-90-C#,00_Rock1-90-C#_comp.jams,101370,4,3,2,2,2,False,0.04191386699676514,0.03677023461015472,no_correct_alternative,no_correct_alternative
12609,0,Rock3-148-C,00_Rock3-148-C_comp.jams,752518,2,2,3,3,3,False,0.19265887141227722,0.036534878397494086,regression,regression
2429,4,Funk2-108-Eb,00_Funk2-108-Eb_comp.jams,803502,1,2,3,3,3,False,0.07369372248649597,0.03638401457922774,no_correct_alternative,no_correct_alternative
43121,0,Rock3-148-C,02_Rock3-148-C_comp.jams,384833,4,4,3,3,3,False,0.18561097979545593,0.03623658679523578,regression,regression
12559,0,Rock3-148-C,00_Rock3-148-C_comp.jams,631168,4,2,3,3,3,False,0.0784507542848587,0.03603040641634769,no_correct_alternative,no_correct_alternative
44837,4,SS2-107-Ab,02_SS2-107-Ab_comp.jams,372130,3,3,2,2,2,False,0.10272181034088135,0.03594435418464459,regression,regression
36759,4,Jazz1-130-D,02_Jazz1-130-D_comp.jams,141513,4,3,3,2,2,False,-0.06020137667655945,0.03588147557624527,keep,no_correct_alternative
72682,4,SS2-107-Ab,04_SS2-107-Ab_comp.jams,1022736,1,3,3,2,2,False,-0.12188631296157837,0.03575602493666383,keep,no_correct_alternative
23247,4,Jazz3-137-Eb,01_Jazz3-137-Eb_comp.jams,803871,2,2,3,3,3,False,0.0021378397941589355,0.03556576765329522,regression,regression
33683,1,BN3-154-E,02_BN3-154-E_comp.jams,893805,3,4,4,2,2,False,-0.07592693716287613,0.03534687553140187,keep,no_correct_alternative
25808,0,Rock2-142-D,01_Rock2-142-D_comp.jams,1045272,2,2,3,3,3,False,0.28817036747932434,0.03529598323558719,regression,regression
65293,4,Jazz1-130-D,04_Jazz1-130-D_comp.jams,711373,4,3,2,2,2,False,0.07293888926506042,0.03527896313123274,no_correct_alternative,no_correct_alternative
8251,2,Rock1-130-A,00_Rock1-130-A_comp.jams,554770,4,4,3,3,3,False,0.0566687136888504,0.035249373089501435,regression,regression
57079,0,Rock3-148-C,03_Rock3-148-C_comp.jams,500542,3,3,2,2,2,False,0.19145777821540833,0.034642643052553546,regression,regression
22096,2,Jazz2-110-Bb,01_Jazz2-110-Bb_comp.jams,118704,0,2,4,4,4,False,0.03565908968448639,0.03449119331315684,no_correct_alternative,no_correct_alternative
58415,4,SS2-107-Ab,03_SS2-107-Ab_comp.jams,161086,1,3,3,2,2,False,-0.14563308656215668,0.03430635957476674,keep,no_correct_alternative
12275,0,Rock3-148-C,00_Rock3-148-C_comp.jams,5,5,4,3,3,3,False,0.19044411182403564,0.03424305858884563,no_correct_alternative,no_correct_alternative
7725,0,Jazz3-150-C,00_Jazz3-150-C_comp.jams,1058407,5,4,3,3,3,False,0.27319201827049255,0.03402740653406233,no_correct_alternative,no_correct_alternative
62761,4,Funk2-108-Eb,04_Funk2-108-Eb_comp.jams,753794,3,3,3,2,2,False,-0.15669864416122437,0.033802459722703404,keep,regression
24066,2,Rock1-130-A,01_Rock1-130-A_comp.jams,540389,1,2,3,3,3,False,0.17472314834594727,0.03369422055304211,no_correct_alternative,no_correct_alternative
11172,2,Rock2-85-F,00_Rock2-85-F_comp.jams,1790667,5,3,3,2,2,False,-0.06123846769332886,0.03369397241561567,keep,no_correct_alternative
2674,4,Funk2-108-Eb,00_Funk2-108-Eb_comp.jams,1482611,5,3,4,4,4,True,0.03457710146903992,0.03366161282143704,wrong_choice_despite_correct_alternative,wrong_choice_despite_correct_alternative
16789,1,SS3-98-C,00_SS3-98-C_solo.jams,1546579,1,4,3,3,3,False,0.12465932965278625,0.0336139679026049,no_correct_alternative,no_correct_alternative
51445,4,Jazz1-130-D,03_Jazz1-130-D_comp.jams,155018,4,2,3,3,3,False,0.06366690993309021,0.0335981141151766,no_correct_alternative,no_correct_alternative
43092,0,Rock3-148-C,02_Rock3-148-C_comp.jams,313516,4,4,3,3,3,False,0.1854485273361206,0.03355736908851087,regression,regression
19642,1,Funk2-119-G,01_Funk2-119-G_comp.jams,734065,0,3,3,2,2,False,-0.05330440402030945,0.033459059740720554,keep,no_correct_alternative
20145,1,Funk3-112-C#,01_Funk3-112-C#_comp.jams,567536,0,2,2,3,3,False,-0.10863842070102692,0.033012598642767454,keep,no_correct_alternative
31680,1,SS3-98-C,01_SS3-98-C_comp.jams,669295,2,2,4,4,4,False,0.03799772262573242,0.03258781232615049,regression,regression
10534,2,Rock2-85-F,00_Rock2-85-F_comp.jams,334200,6,3,2,2,2,False,0.2606242895126343,0.03254200793834927,no_correct_alternative,no_correct_alternative
73904,1,SS3-98-C,04_SS3-98-C_comp.jams,162399,2,4,3,3,3,True,0.3035562038421631,0.03218995135325026,wrong_choice_despite_correct_alternative,wrong_choice_despite_correct_alternative
24957,4,Rock1-90-C#,01_Rock1-90-C#_comp.jams,969023,4,2,2,3,3,False,-0.03279265761375427,0.03211835418241549,keep,no_correct_alternative
6890,4,Jazz3-137-Eb,00_Jazz3-137-Eb_comp.jams,69767,3,3,3,2,2,False,-0.13655294477939606,0.03196489559964055,keep,regression
8940,4,Rock1-90-C#,00_Rock1-90-C#_comp.jams,586398,6,3,4,4,4,False,0.1857384443283081,0.03179985467563562,no_correct_alternative,no_correct_alternative
66935,4,Jazz3-137-Eb,04_Jazz3-137-Eb_comp.jams,900518,1,2,2,3,3,False,-0.07848873734474182,0.03170576433733291,keep,no_correct_alternative
56085,2,Rock2-85-F,03_Rock2-85-F_comp.jams,1792149,2,2,3,3,3,False,0.3194960951805115,0.03160854526483814,regression,regression
26525,2,Rock2-85-F,01_Rock2-85-F_comp.jams,841678,2,2,2,3,3,False,-0.0894792228937149,0.03155810848553431,keep,regression
7651,0,Jazz3-150-C,00_Jazz3-150-C_comp.jams,864275,3,3,2,2,2,False,0.2644394338130951,0.031515922561251686,regression,regression
58465,4,SS2-107-Ab,03_SS2-107-Ab_comp.jams,283839,3,3,2,2,2,False,0.03853544592857361,0.03148227433962303,regression,regression
49951,1,Funk2-119-G,03_Funk2-119-G_comp.jams,1175166,2,2,3,3,3,False,0.05650806427001953,0.03135930904923978,regression,regression
1529,1,BN3-154-E,00_BN3-154-E_solo.jams,482332,1,3,3,2,2,False,-0.06383182853460312,0.030995317398009148,keep,no_correct_alternative
19131,4,Funk2-108-Eb,01_Funk2-108-Eb_comp.jams,1341534,1,3,3,2,2,False,-0.039471566677093506,0.03085042624800327,keep,no_correct_alternative
54095,2,Rock1-130-A,03_Rock1-130-A_comp.jams,886286,1,3,3,2,2,False,-0.0020501315593719482,0.030825688377559446,keep,no_correct_alternative
22386,2,Jazz2-110-Bb,01_Jazz2-110-Bb_comp.jams,1178110,0,2,2,3,3,False,-0.033218156546354294,0.030770150629343365,keep,no_correct_alternative
31760,1,SS3-98-C,01_SS3-98-C_comp.jams,853002,3,3,2,2,2,False,0.1746223270893097,0.03072805085098318,regression,regression
31958,1,SS3-98-C,01_SS3-98-C_comp.jams,1297740,3,3,2,2,2,False,0.13260343670845032,0.030479657305645835,regression,regression
74200,1,SS3-98-C,04_SS3-98-C_comp.jams,1027114,2,4,3,3,3,False,0.12486949563026428,0.030473483149576486,no_correct_alternative,no_correct_alternative
31999,1,SS3-98-C,01_SS3-98-C_comp.jams,1384767,3,3,5,5,5,False,0.33198732137680054,0.03046537577713343,regression,regression
31532,1,SS3-98-C,01_SS3-98-C_comp.jams,345775,1,2,2,3,3,False,-0.04806005209684372,0.030305812724889553,keep,no_correct_alternative
63213,1,Funk2-119-G,04_Funk2-119-G_comp.jams,211604,4,4,3,3,3,False,0.07903933525085449,0.030303330354378044,regression,regression
64193,1,Funk3-112-C#,04_Funk3-112-C#_comp.jams,1323192,5,3,4,4,4,False,0.1522933840751648,0.030266347968198326,no_correct_alternative,no_correct_alternative
26395,2,Rock2-85-F,01_Rock2-85-F_comp.jams,545220,3,3,2,2,2,False,0.05406489968299866,0.0302332906672233,regression,regression
61717,1,BN3-154-E,04_BN3-154-E_comp.jams,121031,2,4,3,3,3,True,0.09719341993331909,0.030203352166344066,wrong_choice_despite_correct_alternative,wrong_choice_despite_correct_alternative
62908,4,Funk2-108-Eb,04_Funk2-108-Eb_comp.jams,1269438,3,3,3,2,2,False,-0.010658085346221924,0.030095686565765445,keep,regression
2959,1,Funk2-119-G,00_Funk2-119-G_comp.jams,206182,5,3,4,4,4,False,0.2167617827653885,0.02950167559788558,no_correct_alternative,no_correct_alternative
63436,1,Funk2-119-G,04_Funk2-119-G_comp.jams,1090267,2,3,4,4,4,True,0.21245504915714264,0.029354273826501964,wrong_choice_despite_correct_alternative,wrong_choice_despite_correct_alternative
9851,0,Rock2-142-D,00_Rock2-142-D_comp.jams,531543,1,4,4,2,2,False,-0.02010364830493927,0.029279035331118336,keep,no_correct_alternative
38925,4,Jazz3-137-Eb,02_Jazz3-137-Eb_comp.jams,1171067,3,3,3,2,2,False,-0.053678929805755615,0.029216661582857073,keep,regression
29900,4,SS2-107-Ab,01_SS2-107-Ab_comp.jams,951813,2,3,3,4,4,False,-0.034852415323257446,0.029069911554893746,keep,no_correct_alternative
2606,4,Funk2-108-Eb,00_Funk2-108-Eb_comp.jams,1280556,4,4,3,3,3,False,0.11433643102645874,0.028965950955931907,regression,regression
64207,1,Funk3-112-C#,04_Funk3-112-C#_comp.jams,1358809,4,4,3,3,3,False,0.0461803674697876,0.028914543693924544,regression,regression
23225,4,Jazz3-137-Eb,01_Jazz3-137-Eb_comp.jams,714044,1,3,3,2,2,False,-0.053876861929893494,0.02886966207352018,keep,no_correct_alternative
72761,4,SS2-107-Ab,04_SS2-107-Ab_comp.jams,1273087,0,3,3,2,2,False,-0.1861831545829773,0.02882977964559935,keep,no_correct_alternative
16566,1,SS3-98-C,00_SS3-98-C_solo.jams,889338,0,3,3,2,2,False,-0.0003554234281182289,0.028610349920669464,keep,no_correct_alternative
12614,0,Rock3-148-C,00_Rock3-148-C_comp.jams,763168,0,2,2,3,3,False,-0.030997823923826218,0.028585469714676903,keep,no_correct_alternative
4042,1,Funk3-112-C#,00_Funk3-112-C#_comp.jams,1181263,1,2,3,3,3,False,0.09790560603141785,0.028486111172648265,no_correct_alternative,no_correct_alternative
61379,0,BN2-166-Ab,04_BN2-166-Ab_comp.jams,352178,3,4,2,2,2,False,0.21926778554916382,0.028441359551108825,no_correct_alternative,no_correct_alternative
17837,1,BN3-154-E,01_BN3-154-E_comp.jams,301475,4,4,3,3,3,False,0.12485158443450928,0.028195660622092944,regression,regression
68142,4,Rock1-90-C#,04_Rock1-90-C#_comp.jams,1945,3,3,4,4,4,False,0.03542044758796692,0.027962571302371675,regression,regression
12615,0,Rock3-148-C,00_Rock3-148-C_comp.jams,765167,5,4,3,3,3,True,0.26184141635894775,0.027688185607936205,wrong_choice_despite_correct_alternative,wrong_choice_despite_correct_alternative
53837,2,Rock1-130-A,03_Rock1-130-A_comp.jams,243522,1,3,4,4,4,False,0.22668740153312683,0.027400209701525624,no_correct_alternative,no_correct_alternative
9760,0,Rock2-142-D,00_Rock2-142-D_comp.jams,278998,2,2,3,3,3,False,0.01581306755542755,0.02730463004805822,regression,regression
35644,1,Funk3-112-C#,02_Funk3-112-C#_comp.jams,514596,1,2,3,3,3,False,0.1378072202205658,0.027175953714877132,no_correct_alternative,no_correct_alternative
68649,4,Rock1-90-C#,04_Rock1-90-C#_comp.jams,1336158,3,3,4,4,4,False,0.11940506100654602,0.027169922677640318,regression,regression
71295,0,Rock3-148-C,04_Rock3-148-C_comp.jams,1020682,1,2,3,3,3,False,0.16826829314231873,0.027071197525992963,no_correct_alternative,no_correct_alternative
23335,4,Jazz3-137-Eb,01_Jazz3-137-Eb_comp.jams,1132024,2,2,2,3,3,False,-0.04174038767814636,0.026763691657789412,keep,regression
2634,4,Funk2-108-Eb,00_Funk2-108-Eb_comp.jams,1348518,2,2,2,3,3,False,-0.14617495238780975,0.026680468427195014,keep,regression
38891,4,Jazz3-137-Eb,02_Jazz3-137-Eb_comp.jams,1073884,0,2,2,3,3,False,-0.1671886146068573,0.026672059148632354,keep,no_correct_alternative
71220,0,Rock3-148-C,04_Rock3-148-C_comp.jams,817995,3,3,2,2,2,False,0.12952670454978943,0.02659283319700606,regression,regression
57843,0,SS1-68-E,03_SS1-68-E_comp.jams,959595,3,3,2,2,2,False,0.34924980998039246,0.026423700849234122,regression,regression
3033,1,Funk2-119-G,00_Funk2-119-G_comp.jams,425021,1,2,3,3,3,False,0.21658870577812195,0.02622571921535538,no_correct_alternative,no_correct_alternative
7045,4,Jazz3-137-Eb,00_Jazz3-137-Eb_comp.jams,635382,4,3,2,2,2,True,0.20035600662231445,0.026045771024952147,wrong_choice_despite_correct_alternative,wrong_choice_despite_correct_alternative
57310,0,Rock3-148-C,03_Rock3-148-C_comp.jams,1037408,4,4,5,5,5,False,0.30677029490470886,0.025802125627099992,regression,regression
28415,0,Rock3-148-C,01_Rock3-148-C_comp.jams,1036710,2,4,3,3,3,False,0.12082996964454651,0.025752829978942404,no_correct_alternative,no_correct_alternative
72572,4,SS2-107-Ab,04_SS2-107-Ab_comp.jams,693090,2,2,2,3,3,False,-0.10671888291835785,0.025659869310300065,keep,regression
2642,4,Funk2-108-Eb,00_Funk2-108-Eb_comp.jams,1371794,5,3,4,4,4,False,0.08867835998535156,0.025469203752466085,no_correct_alternative,no_correct_alternative
10035,0,Rock2-142-D,00_Rock2-142-D_comp.jams,970329,2,2,3,3,3,False,0.2196298986673355,0.02536383308006096,regression,regression
55989,2,Rock2-85-F,03_Rock2-85-F_comp.jams,1461538,3,4,2,2,2,True,0.05716909468173981,0.025350139147639394,wrong_choice_despite_correct_alternative,wrong_choice_despite_correct_alternative
48151,0,BN2-166-Ab,03_BN2-166-Ab_comp.jams,733579,3,3,2,2,2,False,0.01797032356262207,0.025188580497561508,regression,regression
14473,4,SS2-107-Ab,00_SS2-107-Ab_comp.jams,1101480,3,3,3,2,2,False,-0.1244632750749588,0.024937614392225194,keep,regression
7032,4,Jazz3-137-Eb,00_Jazz3-137-Eb_comp.jams,597903,5,3,3,2,2,False,-0.14516837894916534,0.024860533139131558,keep,no_correct_alternative
48036,0,BN2-166-Ab,03_BN2-166-Ab_comp.jams,286879,1,3,2,2,2,False,0.12700305879116058,0.02485297799417885,no_correct_alternative,no_correct_alternative
9133,4,Rock1-90-C#,00_Rock1-90-C#_comp.jams,1042615,6,4,4,5,5,False,-0.040644869208335876,0.024674667509155673,keep,no_correct_alternative
31676,1,SS3-98-C,01_SS3-98-C_comp.jams,661249,2,2,3,3,3,False,0.044095590710639954,0.024506330458735237,regression,regression
33441,1,BN3-154-E,02_BN3-154-E_comp.jams,231599,1,3,3,2,2,False,-0.07001788914203644,0.024277474992138504,keep,no_correct_alternative
7127,4,Jazz3-137-Eb,00_Jazz3-137-Eb_comp.jams,1001716,2,2,2,3,3,False,-0.08651578426361084,0.024202010677169095,keep,regression
62370,2,Funk1-114-Ab,04_Funk1-114-Ab_comp.jams,1017134,1,2,2,3,3,False,-0.05582962930202484,0.02415883164821403,keep,no_correct_alternative
60302,1,SS3-98-C,03_SS3-98-C_comp.jams,682504,2,4,3,3,3,True,0.21356815099716187,0.024088617456928696,wrong_choice_despite_correct_alternative,wrong_choice_despite_correct_alternative
66825,4,Jazz3-137-Eb,04_Jazz3-137-Eb_comp.jams,532521,3,3,3,4,4,False,-0.012178570032119751,0.024064485737749663,keep,regression
7986,0,Jazz3-150-C,00_Jazz3-150-C_solo.jams,863608,1,2,3,3,3,False,0.2535368800163269,0.023823389783185933,no_correct_alternative,no_correct_alternative
19011,4,Funk2-108-Eb,01_Funk2-108-Eb_comp.jams,785343,1,3,3,2,2,False,-0.023366332054138184,0.02374813782494084,keep,no_correct_alternative
68850,0,Rock2-142-D,04_Rock2-142-D_comp.jams,47905,4,4,5,5,5,False,0.44651299715042114,0.023570525480881288,regression,regression
53871,2,Rock1-130-A,03_Rock1-130-A_comp.jams,326896,1,3,2,2,2,False,0.026669979095458984,0.0235389575908464,no_correct_alternative,no_correct_alternative
33429,1,BN3-154-E,02_BN3-154-E_comp.jams,189465,1,3,3,2,2,False,-0.10791845619678497,0.0235135987568596,keep,no_correct_alternative
2447,4,Funk2-108-Eb,00_Funk2-108-Eb_comp.jams,859117,6,3,3,4,4,False,-0.020996659994125366,0.02345044625038198,keep,no_correct_alternative
20123,1,Funk3-112-C#,01_Funk3-112-C#_comp.jams,496140,3,2,4,4,4,True,0.27430611848831177,0.023295165886731917,wrong_choice_despite_correct_alternative,wrong_choice_despite_correct_alternative
8307,2,Rock1-130-A,00_Rock1-130-A_comp.jams,687209,4,4,4,3,3,False,-0.04556996375322342,0.02324687231486927,keep,regression
37981,2,Jazz2-110-Bb,02_Jazz2-110-Bb_comp.jams,1325160,4,4,3,3,3,False,0.24310480058193207,0.023245895362160263,regression,regression
12741,0,Rock3-148-C,00_Rock3-148-C_comp.jams,1033393,4,4,2,2,2,False,0.2685539424419403,0.023085250892056874,regression,regression
54648,4,Rock1-90-C#,03_Rock1-90-C#_comp.jams,1000075,2,2,2,3,3,False,-0.13299709558486938,0.02282222853188698,keep,regression
69990,2,Rock2-85-F,04_Rock2-85-F_comp.jams,1758702,1,2,2,3,3,False,-0.05714784562587738,0.022475783734625998,keep,no_correct_alternative
31686,1,SS3-98-C,01_SS3-98-C_comp.jams,681353,2,2,3,3,3,False,0.13093571364879608,0.02244462043195017,regression,regression
53777,2,Rock1-130-A,03_Rock1-130-A_comp.jams,81983,3,3,2,2,2,False,0.1896805763244629,0.02212482295595991,regression,regression
24958,4,Rock1-90-C#,01_Rock1-90-C#_comp.jams,970851,2,2,2,3,3,False,-0.05218490958213806,0.022070013390923238,keep,regression
38624,4,Jazz3-137-Eb,02_Jazz3-137-Eb_comp.jams,96846,2,2,2,3,3,False,-0.029123812913894653,0.02203560395625287,keep,regression
34438,4,Funk2-108-Eb,02_Funk2-108-Eb_comp.jams,147550,2,2,2,3,3,False,-0.12843093276023865,0.02170333067916841,keep,regression
20367,1,Funk3-112-C#,01_Funk3-112-C#_comp.jams,1506158,2,4,3,3,3,True,0.1180693656206131,0.021648304047306555,wrong_choice_despite_correct_alternative,wrong_choice_despite_correct_alternative
62890,4,Funk2-108-Eb,04_Funk2-108-Eb_comp.jams,1211776,4,3,2,2,2,True,0.025369614362716675,0.021229544965665093,wrong_choice_despite_correct_alternative,wrong_choice_despite_correct_alternative
53414,0,Jazz3-150-C,03_Jazz3-150-C_comp.jams,208649,3,3,2,2,2,False,0.19381752610206604,0.021171752475099337,regression,regression
69675,2,Rock2-85-F,04_Rock2-85-F_comp.jams,839614,0,2,3,3,3,False,0.0010794103145599365,0.021128803615368563,no_correct_alternative,no_correct_alternative
62918,4,Funk2-108-Eb,04_Funk2-108-Eb_comp.jams,1305850,1,2,2,3,3,False,-0.10846968740224838,0.021084934658386567,keep,no_correct_alternative
40486,4,Rock1-90-C#,02_Rock1-90-C#_comp.jams,573379,3,3,2,2,2,False,0.06896129250526428,0.021020690003112352,regression,regression
66880,4,Jazz3-137-Eb,04_Jazz3-137-Eb_comp.jams,714673,3,3,3,2,2,False,-0.03610497713088989,0.020952770648266672,keep,regression
32028,1,SS3-98-C,01_SS3-98-C_comp.jams,1452212,2,2,3,3,3,False,0.03453429043292999,0.0209256810948123,regression,regression
8053,2,Rock1-130-A,00_Rock1-130-A_comp.jams,45593,3,3,3,2,2,False,-0.02372284233570099,0.020650900624378188,keep,regression
33285,0,BN2-166-Ab,02_BN2-166-Ab_comp.jams,1013396,2,2,3,3,3,False,0.18047067523002625,0.020412144369362117,regression,regression
18045,1,BN3-154-E,01_BN3-154-E_comp.jams,1012884,4,2,3,3,3,False,0.13266748189926147,0.020395279105126507,no_correct_alternative,no_correct_alternative
56919,0,Rock3-148-C,03_Rock3-148-C_comp.jams,125202,4,3,2,2,2,False,0.14908510446548462,0.020368423641173583,no_correct_alternative,no_correct_alternative
18013,1,BN3-154-E,01_BN3-154-E_comp.jams,910492,1,2,2,3,3,False,-0.11157397925853729,0.0203532269777969,keep,no_correct_alternative
49874,1,Funk2-119-G,03_Funk2-119-G_comp.jams,756764,3,3,2,2,2,False,0.10107111930847168,0.020317303053663804,regression,regression
48056,0,BN2-166-Ab,03_BN2-166-Ab_comp.jams,381994,4,4,3,3,3,False,0.17399916052818298,0.020298380872034394,regression,regression
60428,1,SS3-98-C,03_SS3-98-C_comp.jams,953499,2,3,4,4,4,True,0.2826451361179352,0.01988111788077268,wrong_choice_despite_correct_alternative,wrong_choice_despite_correct_alternative
3825,1,Funk3-112-C#,00_Funk3-112-C#_comp.jams,638366,4,4,2,2,2,False,0.18062449991703033,0.019822361759033402,regression,regression
44144,0,SS1-68-E,02_SS1-68-E_comp.jams,1424022,0,3,3,2,2,False,-0.041310545057058334,0.019226412425879524,keep,no_correct_alternative
1976,2,Funk1-114-Ab,00_Funk1-114-Ab_comp.jams,867229,5,3,4,4,4,False,0.11074548959732056,0.018862897684995328,no_correct_alternative,no_correct_alternative
51763,2,Jazz1-200-B,03_Jazz1-200-B_comp.jams,13844,3,4,2,2,2,True,0.2472420036792755,0.018757183890426743,wrong_choice_despite_correct_alternative,wrong_choice_despite_correct_alternative
32016,1,SS3-98-C,01_SS3-98-C_comp.jams,1426044,3,3,2,2,2,False,0.08979585766792297,0.0187495562413868,regression,regression
12585,0,Rock3-148-C,00_Rock3-148-C_comp.jams,698320,5,3,2,2,2,False,0.10730630159378052,0.018587632966966527,no_correct_alternative,no_correct_alternative
31840,1,SS3-98-C,01_SS3-98-C_comp.jams,1034286,1,3,4,4,4,False,0.24972303211688995,0.018510192279841464,no_correct_alternative,no_correct_alternative
64221,1,Funk3-112-C#,04_Funk3-112-C#_comp.jams,1394149,5,3,4,4,4,False,0.07490608096122742,0.018471675724599235,no_correct_alternative,no_correct_alternative
28376,0,Rock3-148-C,01_Rock3-148-C_comp.jams,930742,2,4,3,3,3,True,0.23613590002059937,0.01842010413995776,wrong_choice_despite_correct_alternative,wrong_choice_despite_correct_alternative
32064,1,SS3-98-C,01_SS3-98-C_comp.jams,1526036,2,2,4,4,4,False,0.07259535789489746,0.018401292007899694,regression,regression
5891,2,Jazz2-110-Bb,00_Jazz2-110-Bb_comp.jams,375108,1,3,2,2,2,False,0.005657285451889038,0.01832001412672013,no_correct_alternative,no_correct_alternative
66775,4,Jazz3-137-Eb,04_Jazz3-137-Eb_comp.jams,348711,4,3,3,2,2,False,-0.10396704077720642,0.018301368142741803,keep,no_correct_alternative
19107,4,Funk2-108-Eb,01_Funk2-108-Eb_comp.jams,1243752,4,4,3,3,3,False,0.08691805601119995,0.018258256382741145,regression,regression
10713,2,Rock2-85-F,00_Rock2-85-F_comp.jams,729717,5,3,3,2,2,False,-0.015600055456161499,0.0181823833919188,keep,no_correct_alternative
3833,1,Funk3-112-C#,00_Funk3-112-C#_comp.jams,657070,2,2,2,3,3,False,-0.03397376835346222,0.018156058268758435,keep,regression
39946,2,Rock1-130-A,02_Rock1-130-A_comp.jams,379728,3,3,3,2,2,False,-0.034759506583213806,0.018038718321998715,keep,regression
3154,1,Funk2-119-G,00_Funk2-119-G_comp.jams,722470,4,4,4,3,3,False,-0.042486220598220825,0.01794381018986635,keep,regression
28269,0,Rock3-148-C,01_Rock3-148-C_comp.jams,625810,2,2,3,3,3,False,0.2569091320037842,0.017819899337843226,regression,regression
57120,0,Rock3-148-C,03_Rock3-148-C_comp.jams,590634,2,3,4,4,4,True,0.18325920403003693,0.01768048943721698,wrong_choice_despite_correct_alternative,wrong_choice_despite_correct_alternative
22298,2,Jazz2-110-Bb,01_Jazz2-110-Bb_comp.jams,890165,0,3,3,2,2,False,-0.017435388639569283,0.017646593834512017,keep,no_correct_alternative
1999,2,Funk1-114-Ab,00_Funk1-114-Ab_comp.jams,958659,5,3,4,4,4,False,0.21898645162582397,0.01748063537180053,no_correct_alternative,no_correct_alternative
38014,2,Jazz2-110-Bb,02_Jazz2-110-Bb_comp.jams,1432719,3,3,2,2,2,False,0.08407962322235107,0.017409068549575024,regression,regression
47154,1,SS3-98-C,02_SS3-98-C_comp.jams,1538576,3,4,2,2,2,True,0.2847030758857727,0.017359837445858284,wrong_choice_despite_correct_alternative,wrong_choice_despite_correct_alternative
62291,2,Funk1-114-Ab,04_Funk1-114-Ab_comp.jams,713426,0,2,2,3,3,False,-0.16105909645557404,0.017276175170082314,keep,no_correct_alternative
32090,1,SS3-98-C,01_SS3-98-C_comp.jams,1579528,2,2,3,3,3,False,0.11990159749984741,0.017261986391687745,regression,regression
60722,1,SS3-98-C,03_SS3-98-C_comp.jams,1673780,1,3,3,2,2,False,-0.032113105058670044,0.017091257440023155,keep,no_correct_alternative
63397,1,Funk2-119-G,04_Funk2-119-G_comp.jams,934120,3,3,2,2,2,False,0.07627293467521667,0.017051878263397047,regression,regression
9024,4,Rock1-90-C#,00_Rock1-90-C#_comp.jams,781031,3,3,4,4,4,False,0.12366724014282227,0.016868921781338864,regression,regression
22314,2,Jazz2-110-Bb,01_Jazz2-110-Bb_comp.jams,937511,2,2,2,3,3,False,-0.12864744663238525,0.016452916758992298,keep,regression
40732,4,Rock1-90-C#,02_Rock1-90-C#_comp.jams,1383362,0,2,3,3,3,False,0.04034256935119629,0.01605060322172669,no_correct_alternative,no_correct_alternative
66701,4,Jazz3-137-Eb,04_Jazz3-137-Eb_comp.jams,50281,4,4,2,2,2,False,0.19595319032669067,0.015918790209849598,regression,regression
36898,4,Jazz1-130-D,02_Jazz1-130-D_comp.jams,685486,3,3,3,2,2,False,-0.10382293164730072,0.015852387734052287,keep,regression
57496,0,SS1-68-E,03_SS1-68-E_comp.jams,118301,3,3,2,2,2,False,0.24693256616592407,0.0158337239315835,regression,regression
31577,1,SS3-98-C,01_SS3-98-C_comp.jams,445860,2,2,2,3,3,False,-0.03914019465446472,0.01568453186689306,keep,regression
44127,0,SS1-68-E,02_SS1-68-E_comp.jams,1378631,1,4,2,2,2,False,0.05572466552257538,0.015540438250055105,no_correct_alternative,no_correct_alternative
8749,4,Rock1-90-C#,00_Rock1-90-C#_comp.jams,145665,4,2,2,3,3,False,-0.12039326131343842,0.015427565930709486,keep,no_correct_alternative
2992,1,Funk2-119-G,00_Funk2-119-G_comp.jams,312010,5,4,3,3,3,False,0.025098338723182678,0.015168304246210684,no_correct_alternative,no_correct_alternative
3364,1,Funk2-119-G,00_Funk2-119-G_comp.jams,1235306,0,2,2,3,3,False,-0.048710137605667114,0.015118613784965207,keep,no_correct_alternative
9230,4,Rock1-90-C#,00_Rock1-90-C#_comp.jams,1241566,4,3,3,2,2,False,-0.047428905963897705,0.015032317730587108,keep,no_correct_alternative
40904,0,Rock2-142-D,02_Rock2-142-D_comp.jams,29305,3,3,4,4,4,False,0.3677818775177002,0.014917851568545692,regression,regression
72146,0,SS1-68-E,04_SS1-68-E_comp.jams,1674203,4,3,5,5,5,True,0.4017763137817383,0.014720052356752444,wrong_choice_despite_correct_alternative,wrong_choice_despite_correct_alternative
2149,4,Funk2-108-Eb,00_Funk2-108-Eb_comp.jams,1789,0,2,2,3,3,False,-0.17689138650894165,0.014693946686885395,keep,no_correct_alternative
28318,0,Rock3-148-C,01_Rock3-148-C_comp.jams,787278,1,4,2,2,2,False,0.23394344747066498,0.014659734157488447,no_correct_alternative,no_correct_alternative
715,0,BN2-166-Ab,00_BN2-166-Ab_comp.jams,549345,3,4,2,2,2,True,0.3057330548763275,0.014647038202465712,wrong_choice_despite_correct_alternative,wrong_choice_despite_correct_alternative
11164,2,Rock2-85-F,00_Rock2-85-F_comp.jams,1774570,6,4,4,5,5,False,-0.09823726117610931,0.014266334271891334,keep,no_correct_alternative
61748,1,BN3-154-E,04_BN3-154-E_comp.jams,215701,3,3,3,2,2,False,-0.11790147423744202,0.014028520420776486,keep,regression
13925,0,SS1-68-E,00_SS1-68-E_solo.jams,1383008,2,2,3,3,3,False,0.3108784556388855,0.01382292980639871,regression,regression
31769,1,SS3-98-C,01_SS3-98-C_comp.jams,872547,1,2,2,3,3,False,-0.023318082094192505,0.013798742077467063,keep,no_correct_alternative
49820,1,Funk2-119-G,03_Funk2-119-G_comp.jams,456586,4,4,4,3,3,False,-0.017957746982574463,0.013747742713980049,keep,regression
49453,4,Funk2-108-Eb,03_Funk2-108-Eb_comp.jams,1115725,2,2,2,3,3,False,-0.07304486632347107,0.013703754255535938,keep,regression
55515,2,Rock2-85-F,03_Rock2-85-F_comp.jams,121919,2,4,4,3,3,False,-0.11414225399494171,0.01338882473793418,keep,no_correct_alternative
12503,0,Rock3-148-C,00_Rock3-148-C_comp.jams,505191,4,3,2,2,2,False,0.11800464987754822,0.0133831116386266,no_correct_alternative,no_correct_alternative
33645,1,BN3-154-E,02_BN3-154-E_comp.jams,782443,2,4,4,3,3,False,-0.021650373935699463,0.01321202570344937,keep,no_correct_alternative
64048,1,Funk3-112-C#,04_Funk3-112-C#_comp.jams,904695,2,4,3,3,3,True,0.16268225014209747,0.013135667205085966,wrong_choice_despite_correct_alternative,wrong_choice_despite_correct_alternative
9893,0,Rock2-142-D,00_Rock2-142-D_comp.jams,629212,4,3,2,2,2,False,0.13144662976264954,0.012556858997149645,no_correct_alternative,no_correct_alternative
38822,4,Jazz3-137-Eb,02_Jazz3-137-Eb_comp.jams,869634,3,3,3,4,4,False,-0.09199103713035583,0.012530882746821181,keep,regression
12457,0,Rock3-148-C,00_Rock3-148-C_comp.jams,412056,3,3,4,4,4,False,0.12706074118614197,0.012501600198047969,regression,regression
68254,4,Rock1-90-C#,04_Rock1-90-C#_comp.jams,338972,3,3,2,2,2,False,0.04406139254570007,0.012377342001298197,regression,regression
5311,4,Jazz1-130-D,00_Jazz1-130-D_comp.jams,744788,3,3,3,2,2,False,-0.043869078159332275,0.012356467371927082,keep,regression
36080,1,Funk3-112-C#,02_Funk3-112-C#_solo.jams,943634,1,2,2,3,3,False,-0.06335794925689697,0.012310933306451777,keep,no_correct_alternative
62825,4,Funk2-108-Eb,04_Funk2-108-Eb_comp.jams,963058,2,2,2,3,3,False,-0.05025959014892578,0.0122494280313451,keep,regression
33165,0,BN2-166-Ab,02_BN2-166-Ab_comp.jams,534869,4,2,3,3,3,False,0.11932876706123352,0.012199201456265407,no_correct_alternative,no_correct_alternative
55182,0,Rock2-142-D,03_Rock2-142-D_comp.jams,754848,1,3,2,2,2,False,0.15803517401218414,0.012156498459253595,no_correct_alternative,no_correct_alternative
55608,2,Rock2-85-F,03_Rock2-85-F_comp.jams,419511,1,3,3,4,4,False,-0.10705840587615967,0.012148395209733542,keep,no_correct_alternative
18594,2,Funk1-114-Ab,01_Funk1-114-Ab_comp.jams,1062343,0,3,3,2,2,False,-0.06885355710983276,0.012143490946274718,keep,no_correct_alternative
46613,1,SS3-98-C,02_SS3-98-C_comp.jams,134425,3,3,2,2,2,False,0.14037495851516724,0.012034729438603564,regression,regression
8049,2,Rock1-130-A,00_Rock1-130-A_comp.jams,36150,5,3,2,2,2,False,0.030819326639175415,0.011940451982979605,no_correct_alternative,no_correct_alternative
43422,0,Rock3-148-C,02_Rock3-148-C_comp.jams,1055695,4,3,2,2,2,False,0.08728134632110596,0.011270119582166338,no_correct_alternative,no_correct_alternative
9250,4,Rock1-90-C#,00_Rock1-90-C#_comp.jams,1286816,1,3,3,2,2,False,-0.15329842269420624,0.011189550597586084,keep,no_correct_alternative
69571,2,Rock2-85-F,04_Rock2-85-F_comp.jams,560160,1,4,2,2,2,False,0.16301891207695007,0.0111850302248791,no_correct_alternative,no_correct_alternative
49432,4,Funk2-108-Eb,03_Funk2-108-Eb_comp.jams,1017060,4,4,4,3,3,False,-0.13940320909023285,0.010992711396042742,keep,regression
66801,4,Jazz3-137-Eb,04_Jazz3-137-Eb_comp.jams,442604,4,4,4,3,3,False,-0.041481465101242065,0.010929450558775755,keep,regression
11095,2,Rock2-85-F,00_Rock2-85-F_comp.jams,1618470,4,4,3,3,3,False,0.2264481633901596,0.010850428365913212,regression,regression
63516,1,Funk2-119-G,04_Funk2-119-G_comp.jams,1322576,4,4,2,2,2,False,0.25288352370262146,0.010778912813131925,regression,regression
54364,4,Rock1-90-C#,03_Rock1-90-C#_comp.jams,308289,1,3,3,2,2,False,-0.13103756308555603,0.010731903696512113,keep,no_correct_alternative
31888,1,SS3-98-C,01_SS3-98-C_comp.jams,1140925,1,2,3,3,3,False,0.06632256507873535,0.010622066720136825,no_correct_alternative,no_correct_alternative
31488,1,SS3-98-C,01_SS3-98-C_comp.jams,251545,1,2,3,3,3,False,0.08509454131126404,0.010388709112194028,no_correct_alternative,no_correct_alternative
12498,0,Rock3-148-C,00_Rock3-148-C_comp.jams,495419,2,2,3,3,3,False,0.0638401061296463,0.010276049224377748,regression,regression
12602,0,Rock3-148-C,00_Rock3-148-C_comp.jams,738382,5,3,2,2,2,True,0.1903294324874878,0.010255858521446393,wrong_choice_despite_correct_alternative,wrong_choice_despite_correct_alternative
65267,4,Jazz1-130-D,04_Jazz1-130-D_comp.jams,630105,4,4,3,3,3,False,0.014344662427902222,0.010212735670438955,regression,regression
60741,1,SS3-98-C,03_SS3-98-C_comp.jams,1712973,2,3,4,4,4,True,0.2204764485359192,0.009991274021079022,wrong_choice_despite_correct_alternative,wrong_choice_despite_correct_alternative
17515,0,BN2-166-Ab,01_BN2-166-Ab_comp.jams,757406,1,3,3,2,2,False,-0.04568556696176529,0.009926603955281,keep,no_correct_alternative
44068,0,SS1-68-E,02_SS1-68-E_comp.jams,1206850,0,2,3,3,3,False,0.22643724083900452,0.009863506617140694,no_correct_alternative,no_correct_alternative
47216,1,SS3-98-C,02_SS3-98-C_comp.jams,1683431,2,2,3,3,3,False,0.13537034392356873,0.009215606663992904,regression,regression
61472,0,BN2-166-Ab,04_BN2-166-Ab_comp.jams,677989,4,3,2,2,2,False,0.09323714673519135,0.00914530507142286,no_correct_alternative,no_correct_alternative
43967,0,SS1-68-E,02_SS1-68-E_comp.jams,955134,0,2,3,3,3,False,0.2624935209751129,0.009093960482962737,no_correct_alternative,no_correct_alternative
39970,2,Rock1-130-A,02_Rock1-130-A_comp.jams,438916,1,3,3,2,2,False,-0.06460440158843994,0.00904681510389782,keep,no_correct_alternative
66011,2,Jazz2-110-Bb,04_Jazz2-110-Bb_comp.jams,735410,3,3,2,2,2,False,0.10692527890205383,0.00885060721975045,regression,regression
62229,2,Funk1-114-Ab,04_Funk1-114-Ab_comp.jams,480707,0,3,3,2,2,False,-0.17159241437911987,0.008723443937622505,keep,no_correct_alternative
19518,1,Funk2-119-G,01_Funk2-119-G_comp.jams,216864,1,2,2,3,3,False,-0.03174027428030968,0.008622420123419447,keep,no_correct_alternative
31507,1,SS3-98-C,01_SS3-98-C_comp.jams,291732,2,3,4,4,4,True,0.2929709553718567,0.008617176648243463,wrong_choice_despite_correct_alternative,wrong_choice_despite_correct_alternative
68603,4,Rock1-90-C#,04_Rock1-90-C#_comp.jams,1235005,4,4,4,3,3,False,-0.09533213078975677,0.008546107628893407,keep,regression
70130,2,Rock2-85-F,04_Rock2-85-F_solo.jams,371799,2,3,4,4,4,False,0.12233635783195496,0.008432001081391749,no_correct_alternative,no_correct_alternative
55806,2,Rock2-85-F,03_Rock2-85-F_comp.jams,963340,3,3,4,4,4,False,0.3084160089492798,0.008242153604946678,regression,regression
22431,2,Jazz2-110-Bb,01_Jazz2-110-Bb_comp.jams,1371761,1,3,2,2,2,False,0.09153243899345398,0.008171743102345363,no_correct_alternative,no_correct_alternative
60406,1,SS3-98-C,03_SS3-98-C_comp.jams,905217,2,3,4,4,4,True,0.13367913663387299,0.00803952088567736,wrong_choice_despite_correct_alternative,wrong_choice_despite_correct_alternative
10971,2,Rock2-85-F,00_Rock2-85-F_comp.jams,1330301,4,4,2,2,2,False,0.11068156361579895,0.007973714413986588,regression,regression
17425,0,BN2-166-Ab,01_BN2-166-Ab_comp.jams,492029,1,4,3,3,3,False,0.09967823326587677,0.007956712153374818,no_correct_alternative,no_correct_alternative
31450,1,SS3-98-C,01_SS3-98-C_comp.jams,162536,1,3,3,2,2,False,-0.05212140083312988,0.007742530396934066,keep,no_correct_alternative
24195,2,Rock1-130-A,01_Rock1-130-A_comp.jams,865290,4,4,4,3,3,False,-0.14571669697761536,0.007632759222797825,keep,regression
7015,4,Jazz3-137-Eb,00_Jazz3-137-Eb_comp.jams,540682,2,3,4,4,4,True,0.15352070331573486,0.007522485055659223,wrong_choice_despite_correct_alternative,wrong_choice_despite_correct_alternative
8380,2,Rock1-130-A,00_Rock1-130-A_comp.jams,864539,5,4,3,3,3,False,0.290691077709198,0.007521562881508348,no_correct_alternative,no_correct_alternative
6228,2,Jazz2-110-Bb,00_Jazz2-110-Bb_comp.jams,1394796,3,3,3,2,2,False,-0.012828260660171509,0.007492045974769268,keep,regression
67831,2,Rock1-130-A,04_Rock1-130-A_comp.jams,487955,2,4,3,3,3,True,0.19267062842845917,0.007245260061772285,wrong_choice_despite_correct_alternative,wrong_choice_despite_correct_alternative
31473,1,SS3-98-C,01_SS3-98-C_comp.jams,218993,2,2,3,3,3,False,0.05301547050476074,0.00713585615051221,regression,regression
11535,2,Rock2-85-F,00_Rock2-85-F_solo.jams,1942964,3,3,2,2,2,False,0.12226220965385437,0.0070566809884752835,regression,regression
53535,0,Jazz3-150-C,03_Jazz3-150-C_comp.jams,735146,3,4,2,2,2,True,0.3694602847099304,0.006645769843846128,wrong_choice_despite_correct_alternative,wrong_choice_despite_correct_alternative
24028,2,Rock1-130-A,01_Rock1-130-A_comp.jams,447943,0,2,2,3,3,False,-0.02317824959754944,0.0065947537245012455,keep,no_correct_alternative
25336,4,Rock1-90-C#,01_Rock1-90-C#_solo.jams,1281381,1,2,2,3,3,False,-0.19585761427879333,0.006566244144297517,keep,no_correct_alternative
10072,0,Rock2-142-D,00_Rock2-142-D_comp.jams,1058377,4,2,3,3,3,False,0.1812799572944641,0.006488615319374835,no_correct_alternative,no_correct_alternative
57863,0,SS1-68-E,03_SS1-68-E_comp.jams,1012818,3,3,2,2,2,False,0.2718360424041748,0.006459801495353079,regression,regression
7268,4,Jazz3-137-Eb,00_Jazz3-137-Eb_solo.jams,386929,1,2,2,3,3,False,-0.10552859306335449,0.00638275736587518,keep,no_correct_alternative
10831,2,Rock2-85-F,00_Rock2-85-F_comp.jams,980568,2,2,2,3,3,False,-0.14148445427417755,0.006267155092542331,keep,regression
31574,1,SS3-98-C,01_SS3-98-C_comp.jams,439579,2,2,2,3,3,False,-0.061147600412368774,0.006250121571932055,keep,regression
26311,2,Rock2-85-F,01_Rock2-85-F_comp.jams,372319,0,2,2,3,3,False,-0.10923530161380768,0.006229269979443203,keep,no_correct_alternative
60629,1,SS3-98-C,03_SS3-98-C_comp.jams,1456990,1,2,3,3,3,False,0.10879266262054443,0.006174253596760881,no_correct_alternative,no_correct_alternative
9398,4,Rock1-90-C#,00_Rock1-90-C#_solo.jams,300183,2,3,4,4,4,True,0.1482117474079132,0.006023656058329441,wrong_choice_despite_correct_alternative,wrong_choice_despite_correct_alternative
10054,0,Rock2-142-D,00_Rock2-142-D_comp.jams,1017205,6,4,3,3,3,False,0.3705888092517853,0.005641901174777475,no_correct_alternative,no_correct_alternative
8192,2,Rock1-130-A,00_Rock1-130-A_comp.jams,416352,3,4,2,2,2,True,0.04022073745727539,0.005607946294628213,wrong_choice_despite_correct_alternative,wrong_choice_despite_correct_alternative
3352,1,Funk2-119-G,00_Funk2-119-G_comp.jams,1211026,4,2,2,3,3,False,-0.08135892450809479,0.005556242705577308,keep,no_correct_alternative
54572,4,Rock1-90-C#,03_Rock1-90-C#_comp.jams,808344,3,3,3,4,4,False,-0.010610491037368774,0.005554015883844299,keep,regression
40666,4,Rock1-90-C#,02_Rock1-90-C#_comp.jams,1147987,4,2,3,3,3,False,0.006833910942077637,0.005508548454153939,no_correct_alternative,no_correct_alternative
40090,2,Rock1-130-A,02_Rock1-130-A_comp.jams,804719,3,3,3,2,2,False,-0.12976622581481934,0.005447263737692609,keep,regression
2348,4,Funk2-108-Eb,00_Funk2-108-Eb_comp.jams,562580,2,2,2,3,3,False,-0.12020508199930191,0.005439078455262508,keep,regression
61463,0,BN2-166-Ab,04_BN2-166-Ab_comp.jams,652925,4,3,2,2,2,False,0.07770386338233948,0.005318969144407271,no_correct_alternative,no_correct_alternative
49399,4,Funk2-108-Eb,03_Funk2-108-Eb_comp.jams,882124,4,4,4,3,3,False,-0.058892905712127686,0.005302963483791501,keep,regression
35765,1,Funk3-112-C#,02_Funk3-112-C#_comp.jams,1039257,1,2,3,3,3,False,0.09585624933242798,0.005301788963068099,no_correct_alternative,no_correct_alternative
54603,4,Rock1-90-C#,03_Rock1-90-C#_comp.jams,880528,1,2,3,3,3,False,0.002030014991760254,0.005245230849935334,no_correct_alternative,no_correct_alternative
60411,1,SS3-98-C,03_SS3-98-C_comp.jams,917013,1,3,3,2,2,False,-0.019220426678657532,0.00504124445619103,keep,no_correct_alternative
58903,4,SS2-107-Ab,03_SS2-107-Ab_comp.jams,1496363,5,3,4,4,4,False,0.023747920989990234,0.0047058580187885335,no_correct_alternative,no_correct_alternative
34391,4,Funk2-108-Eb,02_Funk2-108-Eb_comp.jams,25405,3,3,2,2,2,False,0.06528106331825256,0.004375109274146083,regression,regression
34203,2,Funk1-114-Ab,02_Funk1-114-Ab_comp.jams,981918,2,4,3,3,3,False,0.21712663769721985,0.004361521321352979,no_correct_alternative,no_correct_alternative
66697,4,Jazz3-137-Eb,04_Jazz3-137-Eb_comp.jams,39658,4,3,3,2,2,False,-0.14082148671150208,0.004199295562599958,keep,no_correct_alternative
17309,0,BN2-166-Ab,01_BN2-166-Ab_comp.jams,87454,5,4,3,3,3,False,0.14407476782798767,0.004146911891625804,no_correct_alternative,no_correct_alternative
63513,1,Funk2-119-G,04_Funk2-119-G_comp.jams,1311560,4,4,4,3,3,False,-0.0038668811321258545,0.003968285859182963,keep,regression
55701,2,Rock2-85-F,03_Rock2-85-F_comp.jams,743834,1,3,3,2,2,False,-0.11320625245571136,0.0038872500496470452,keep,no_correct_alternative
7023,4,Jazz3-137-Eb,00_Jazz3-137-Eb_comp.jams,579231,3,3,3,2,2,False,-0.20764009654521942,0.003616850925398263,keep,regression
67367,0,Jazz3-150-C,04_Jazz3-150-C_comp.jams,716443,3,3,2,2,2,False,0.14455172419548035,0.0032671201281345708,regression,regression
66117,2,Jazz2-110-Bb,04_Jazz2-110-Bb_comp.jams,1156014,3,3,2,2,2,False,0.06799224019050598,0.003230514381761862,regression,regression
57136,0,Rock3-148-C,03_Rock3-148-C_comp.jams,625816,3,3,3,2,2,False,-0.024206653237342834,0.0032028608599987685,keep,regression
23102,4,Jazz3-137-Eb,01_Jazz3-137-Eb_comp.jams,173384,0,2,2,3,3,False,-0.21194565296173096,0.0031495703676595044,keep,no_correct_alternative
63958,1,Funk3-112-C#,04_Funk3-112-C#_comp.jams,639499,3,2,4,4,4,True,0.17715567350387573,0.003083196475298866,wrong_choice_despite_correct_alternative,wrong_choice_despite_correct_alternative
53586,0,Jazz3-150-C,03_Jazz3-150-C_comp.jams,1005082,3,3,2,2,2,False,0.19540366530418396,0.0030779029139165748,regression,regression
29720,4,SS2-107-Ab,01_SS2-107-Ab_comp.jams,210093,4,4,4,3,3,False,-0.07395532727241516,0.0030730416078306177,keep,regression
60430,1,SS3-98-C,03_SS3-98-C_comp.jams,957528,1,3,3,2,2,False,-0.034152090549468994,0.0030356981441094777,keep,no_correct_alternative
60321,1,SS3-98-C,03_SS3-98-C_comp.jams,721973,2,2,2,3,3,False,-0.055260926485061646,0.0029530026627774264,keep,regression
6163,2,Jazz2-110-Bb,00_Jazz2-110-Bb_comp.jams,1176119,4,3,2,2,2,False,0.05877980589866638,0.0029398709335180517,no_correct_alternative,no_correct_alternative
42005,2,Rock2-85-F,02_Rock2-85-F_comp.jams,1851574,2,4,3,3,3,True,0.18179264664649963,0.0027177339251956423,wrong_choice_despite_correct_alternative,wrong_choice_despite_correct_alternative
43889,0,SS1-68-E,02_SS1-68-E_comp.jams,690933,0,4,2,2,2,False,0.058928266167640686,0.00268663787231721,no_correct_alternative,no_correct_alternative
5610,2,Jazz1-200-B,00_Jazz1-200-B_comp.jams,475329,4,4,4,3,3,False,-0.007100388407707214,0.0026257100725521343,keep,regression
60623,1,SS3-98-C,03_SS3-98-C_comp.jams,1444153,3,3,2,2,2,False,0.18574491143226624,0.0026169500686554215,regression,regression
31563,1,SS3-98-C,01_SS3-98-C_comp.jams,414134,0,2,2,3,3,False,-0.04516182839870453,0.002540076784937617,keep,no_correct_alternative
72111,0,SS1-68-E,04_SS1-68-E_comp.jams,1595938,4,3,5,5,5,True,0.4320121109485626,0.0022718956799117618,wrong_choice_despite_correct_alternative,wrong_choice_despite_correct_alternative
22084,2,Jazz2-110-Bb,01_Jazz2-110-Bb_comp.jams,71254,4,2,2,3,3,True,-0.08143531531095505,0.002210375213511695,keep,wrong_choice_despite_correct_alternative
72218,0,SS1-68-E,04_SS1-68-E_comp.jams,1836480,6,3,2,2,2,False,0.17807525396347046,0.0022022760503092598,no_correct_alternative,no_correct_alternative
10690,2,Rock2-85-F,00_Rock2-85-F_comp.jams,669109,3,3,2,2,2,False,0.01373910903930664,0.002024925171157377,regression,regression
57873,0,SS1-68-E,03_SS1-68-E_comp.jams,1039968,1,3,2,2,2,False,0.2764880657196045,0.002004261388587114,no_correct_alternative,no_correct_alternative
11023,2,Rock2-85-F,00_Rock2-85-F_comp.jams,1456309,4,3,3,2,2,False,-0.0870894342660904,0.0015773417929245137,keep,no_correct_alternative
31719,1,SS3-98-C,01_SS3-98-C_comp.jams,750541,3,3,2,2,2,False,0.04530683159828186,0.0015362201955749777,regression,regression
2989,1,Funk2-119-G,00_Funk2-119-G_comp.jams,295404,5,3,3,4,4,False,-0.00018486380577087402,0.0014824167180651493,keep,no_correct_alternative
34426,4,Funk2-108-Eb,02_Funk2-108-Eb_comp.jams,110141,2,2,2,3,3,False,-0.19277659058570862,0.001398050650585736,keep,regression
26950,2,Rock2-85-F,01_Rock2-85-F_comp.jams,1900234,2,2,3,3,3,False,0.09694316983222961,0.0013027948607703954,regression,regression
62610,4,Funk2-108-Eb,04_Funk2-108-Eb_comp.jams,159553,3,3,3,4,4,False,-0.09774219989776611,0.001232415075679949,keep,regression
3883,1,Funk3-112-C#,00_Funk3-112-C#_comp.jams,780051,4,3,3,2,2,False,-0.11088722944259644,0.0010865171897355697,keep,no_correct_alternative
40136,2,Rock1-130-A,02_Rock1-130-A_comp.jams,928336,4,4,3,3,3,False,0.12756717205047607,0.0010489911495175641,regression,regression
11007,2,Rock2-85-F,00_Rock2-85-F_comp.jams,1416742,4,3,2,2,2,False,0.023468047380447388,0.0009617058355326225,no_correct_alternative,no_correct_alternative
63976,1,Funk3-112-C#,04_Funk3-112-C#_comp.jams,681780,1,2,2,3,3,False,-0.14482353627681732,0.0008933170097326082,keep,no_correct_alternative
2944,1,Funk2-119-G,00_Funk2-119-G_comp.jams,173113,6,4,3,3,3,False,0.002361685037612915,0.0005154660419734447,no_correct_alternative,no_correct_alternative
12818,0,Rock3-148-C,00_Rock3-148-C_solo.jams,144004,3,3,2,2,2,False,0.04091900587081909,0.00047470114124081864,regression,regression
31763,1,SS3-98-C,01_SS3-98-C_comp.jams,859345,2,4,3,3,3,False,0.08157205581665039,0.00032211006777121964,no_correct_alternative,no_correct_alternative
3136,1,Funk2-119-G,00_Funk2-119-G_comp.jams,666516,5,3,4,4,4,False,0.24036705493927002,0.0003117178043013924,no_correct_alternative,no_correct_alternative
58814,4,SS2-107-Ab,03_SS2-107-Ab_comp.jams,1236913,2,2,3,3,3,False,0.12664154171943665,6.619384226858038e-06,regression,regression
