global_index,recording_id,start_sample,time_s,fold,true_K,frozen_K,predicted_K,state,reference_correct_probability
654,00_BN2-166-Ab_comp.jams,326798,7.410385,0,3,4,4,reachable_error_blocked_r_at_least_half,0.6995338
667,00_BN2-166-Ab_comp.jams,362179,8.212676,0,2,3,3,reachable_error_kept_r_below_half,0.3162754
712,00_BN2-166-Ab_comp.jams,533113,12.08873,0,3,2,2,reachable_error_kept_r_below_half,0.2967948
715,00_BN2-166-Ab_comp.jams,549345,12.456803,0,3,4,2,reachable_error_changed_to_wrong_K,0.2218814
717,00_BN2-166-Ab_comp.jams,566136,12.837551,0,4,3,3,reachable_error_blocked_r_at_least_half,0.5615265
7417,00_Jazz3-150-C_comp.jams,140653,3.18941,0,4,3,3,reachable_error_kept_r_below_half,0.4605964
7438,00_Jazz3-150-C_comp.jams,188327,4.270454,0,3,2,2,reachable_error_kept_r_below_half,0.2532268
7546,00_Jazz3-150-C_comp.jams,521083,11.815941,0,3,2,2,reachable_error_kept_r_below_half,0.3744983
7614,00_Jazz3-150-C_comp.jams,750329,17.014263,0,2,3,3,reachable_error_kept_r_below_half,0.2826359
7818,00_Jazz3-150-C_solo.jams,284141,6.443107,0,2,3,3,reachable_error_blocked_r_at_least_half,0.5316016
7851,00_Jazz3-150-C_solo.jams,387923,8.79644,0,2,3,3,reachable_error_blocked_r_at_least_half,0.5042573
9643,00_Rock2-142-D_comp.jams,19528,0.442812,0,5,2,4,reachable_error_changed_to_wrong_K,0.1828513
9682,00_Rock2-142-D_comp.jams,108595,2.462472,0,5,2,3,reachable_error_changed_to_wrong_K,0.2097071
9699,00_Rock2-142-D_comp.jams,150043,3.402336,0,2,3,3,reachable_error_kept_r_below_half,0.1456548
9761,00_Rock2-142-D_comp.jams,280942,6.370567,0,4,2,3,reachable_error_changed_to_wrong_K,0.2246341
9805,00_Rock2-142-D_comp.jams,426243,9.665374,0,3,2,2,reachable_error_kept_r_below_half,0.2099963
9812,00_Rock2-142-D_comp.jams,448698,10.174558,0,5,4,4,reachable_error_kept_r_below_half,0.4174465
9818,00_Rock2-142-D_comp.jams,461896,10.473832,0,3,4,2,reachable_error_changed_to_wrong_K,0.1373516
9923,00_Rock2-142-D_comp.jams,704291,15.970317,0,3,2,2,reachable_error_kept_r_below_half,0.2349263
9927,00_Rock2-142-D_comp.jams,717408,16.267755,0,4,3,2,reachable_error_changed_to_wrong_K,0.1996944
9936,00_Rock2-142-D_comp.jams,740214,16.784898,0,3,4,2,reachable_error_changed_to_wrong_K,0.043586
10004,00_Rock2-142-D_comp.jams,894340,20.279819,0,3,2,2,reachable_error_kept_r_below_half,0.4404198
10049,00_Rock2-142-D_comp.jams,1003144,22.747029,0,3,4,4,reachable_error_kept_r_below_half,0.4013863
10131,00_Rock2-142-D_comp.jams,1183442,26.83542,0,4,3,3,reachable_error_blocked_r_at_least_half,0.5832306
12292,00_Rock3-148-C_comp.jams,34010,0.771202,0,3,2,2,reachable_error_kept_r_below_half,0.3715194
12389,00_Rock3-148-C_comp.jams,267442,6.064444,0,3,2,2,reachable_error_kept_r_below_half,0.2186093
12401,00_Rock3-148-C_comp.jams,296119,6.714717,0,4,2,3,reachable_error_changed_to_wrong_K,0.2125788
12448,00_Rock3-148-C_comp.jams,393113,8.914127,0,3,2,2,reachable_error_kept_r_below_half,0.3602164
12547,00_Rock3-148-C_comp.jams,604866,13.715782,0,5,2,3,reachable_error_changed_to_wrong_K,0.3171516
12602,00_Rock3-148-C_comp.jams,738382,16.743356,0,5,3,2,reachable_error_changed_to_wrong_K,0.1992113
12615,00_Rock3-148-C_comp.jams,765167,17.350726,0,5,4,3,reachable_error_changed_to_wrong_K,0.1226338
12656,00_Rock3-148-C_comp.jams,857322,19.440408,0,3,2,2,reachable_error_kept_r_below_half,0.2721212
12673,00_Rock3-148-C_comp.jams,890277,20.187687,0,3,4,5,reachable_error_changed_to_wrong_K,0.0750055
12708,00_Rock3-148-C_comp.jams,961220,21.796372,0,4,2,3,reachable_error_changed_to_wrong_K,0.3477142
12762,00_Rock3-148-C_comp.jams,1080673,24.505057,0,4,2,2,reachable_error_kept_r_below_half,0.3310193
12788,00_Rock3-148-C_comp.jams,1134847,25.733492,0,4,2,2,reachable_error_kept_r_below_half,0.0742976
12887,00_Rock3-148-C_solo.jams,699281,15.856712,0,2,3,3,reachable_error_kept_r_below_half,0.00756
12999,00_SS1-68-E_comp.jams,101459,2.300658,0,2,4,4,reachable_error_blocked_r_at_least_half,0.5282908
13128,00_SS1-68-E_comp.jams,492989,11.178889,0,2,3,3,reachable_error_kept_r_below_half,0.3119977
13179,00_SS1-68-E_comp.jams,686319,15.562789,0,2,4,4,reachable_error_kept_r_below_half,0.1971952
13286,00_SS1-68-E_comp.jams,1035741,23.48619,0,3,4,4,reachable_error_blocked_r_at_least_half,0.6231102
13292,00_SS1-68-E_comp.jams,1054246,23.905805,0,3,4,4,reachable_error_kept_r_below_half,0.3682364
13380,00_SS1-68-E_comp.jams,1284550,29.128118,0,3,2,2,reachable_error_blocked_r_at_least_half,0.5086235
13386,00_SS1-68-E_comp.jams,1306774,29.632063,0,2,4,4,reachable_error_kept_r_below_half,0.4601724
13492,00_SS1-68-E_comp.jams,1674533,37.97127,0,4,2,3,reachable_error_changed_to_wrong_K,0.366511
13524,00_SS1-68-E_comp.jams,1751504,39.716644,0,3,4,2,reachable_error_changed_to_wrong_K,0.1569404
13794,00_SS1-68-E_solo.jams,743429,16.8578,0,3,2,2,reachable_error_blocked_r_at_least_half,0.5255217
13917,00_SS1-68-E_solo.jams,1344000,30.47619,0,2,3,3,reachable_error_kept_r_below_half,0.4468889
13948,00_SS1-68-E_solo.jams,1480012,33.560363,0,2,3,3,reachable_error_kept_r_below_half,0.3241303
13987,00_SS1-68-E_solo.jams,1576682,35.752426,0,2,3,3,reachable_error_kept_r_below_half,0.4044237
13999,00_SS1-68-E_solo.jams,1615287,36.627823,0,3,4,4,reachable_error_blocked_r_at_least_half,0.5508496
17297,01_BN2-166-Ab_comp.jams,55052,1.248345,0,2,3,3,reachable_error_kept_r_below_half,0.1372864
17315,01_BN2-166-Ab_comp.jams,102798,2.33102,0,4,3,3,reachable_error_kept_r_below_half,0.3189185
17363,01_BN2-166-Ab_comp.jams,255442,5.792336,0,4,3,3,reachable_error_kept_r_below_half,0.392868
17472,01_BN2-166-Ab_comp.jams,621349,14.089546,0,3,4,2,reachable_error_changed_to_wrong_K,0.0941078
17568,01_BN2-166-Ab_comp.jams,948748,21.51356,0,3,4,4,reachable_error_kept_r_below_half,0.3867758
23551,01_Jazz3-150-C_comp.jams,264535,5.998526,0,2,3,3,reachable_error_kept_r_below_half,0.307276
23580,01_Jazz3-150-C_comp.jams,405339,9.191361,0,2,4,4,reachable_error_kept_r_below_half,0.2437515
23614,01_Jazz3-150-C_comp.jams,617117,13.993583,0,3,4,4,reachable_error_kept_r_below_half,0.2775556
23647,01_Jazz3-150-C_comp.jams,793067,17.983379,0,2,3,3,reachable_error_kept_r_below_half,0.3578229
23656,01_Jazz3-150-C_comp.jams,863621,19.583243,0,3,2,2,reachable_error_blocked_r_at_least_half,0.6327431
23669,01_Jazz3-150-C_comp.jams,963053,21.837937,0,3,2,2,reachable_error_blocked_r_at_least_half,0.5840085
25374,01_Rock2-142-D_comp.jams,27728,0.628753,0,3,2,2,reachable_error_blocked_r_at_least_half,0.5411605
25396,01_Rock2-142-D_comp.jams,76561,1.736077,0,3,4,4,reachable_error_kept_r_below_half,0.4348731
25512,01_Rock2-142-D_comp.jams,355462,8.060363,0,3,4,4,reachable_error_kept_r_below_half,0.3286515
25583,01_Rock2-142-D_comp.jams,522858,11.85619,0,3,2,2,reachable_error_blocked_r_at_least_half,0.5312051
25632,01_Rock2-142-D_comp.jams,625348,14.180227,0,2,4,3,reachable_error_changed_to_wrong_K,0.2917225
25654,01_Rock2-142-D_comp.jams,672916,15.258866,0,3,4,4,reachable_error_kept_r_below_half,0.4633702
25704,01_Rock2-142-D_comp.jams,800855,18.159977,0,3,2,2,reachable_error_kept_r_below_half,0.3815997
25757,01_Rock2-142-D_comp.jams,922665,20.922109,0,2,3,3,reachable_error_kept_r_below_half,0.4140558
25835,01_Rock2-142-D_comp.jams,1101221,24.970998,0,3,4,4,reachable_error_blocked_r_at_least_half,0.5388884
25857,01_Rock2-142-D_comp.jams,1147576,26.022132,0,3,4,4,reachable_error_kept_r_below_half,0.3789839
25871,01_Rock2-142-D_comp.jams,1174491,26.632449,0,3,4,4,reachable_error_kept_r_below_half,0.4539504
28129,01_Rock3-148-C_comp.jams,224233,5.084649,0,2,3,3,reachable_error_kept_r_below_half,0.3272431
28204,01_Rock3-148-C_comp.jams,437706,9.925306,0,2,3,3,reachable_error_kept_r_below_half,0.3421992
28265,01_Rock3-148-C_comp.jams,616857,13.987687,0,2,3,3,reachable_error_kept_r_below_half,0.1176672
28276,01_Rock3-148-C_comp.jams,644402,14.61229,0,2,3,3,reachable_error_blocked_r_at_least_half,0.5115723
28358,01_Rock3-148-C_comp.jams,894686,20.287664,0,2,4,4,reachable_error_kept_r_below_half,0.4160899
28376,01_Rock3-148-C_comp.jams,930742,21.105261,0,2,4,3,reachable_error_changed_to_wrong_K,0.2239148
28402,01_Rock3-148-C_comp.jams,993428,22.526712,0,2,3,3,reachable_error_kept_r_below_half,0.4775433
28407,01_Rock3-148-C_comp.jams,1011711,22.941293,0,2,3,3,reachable_error_kept_r_below_half,0.3422255
28422,01_Rock3-148-C_comp.jams,1051152,23.835646,0,2,3,3,reachable_error_kept_r_below_half,0.3356586
28436,01_Rock3-148-C_comp.jams,1083182,24.56195,0,2,3,3,reachable_error_kept_r_below_half,0.25328
28774,01_SS1-68-E_comp.jams,272242,6.173288,0,3,4,4,reachable_error_kept_r_below_half,0.3572929
28872,01_SS1-68-E_comp.jams,507618,11.510612,0,2,3,3,reachable_error_kept_r_below_half,0.3403712
28971,01_SS1-68-E_comp.jams,754030,17.098186,0,3,4,4,reachable_error_kept_r_below_half,0.4479351
29139,01_SS1-68-E_comp.jams,1169383,26.516621,0,2,3,3,reachable_error_kept_r_below_half,0.273127
29181,01_SS1-68-E_comp.jams,1282840,29.089342,0,3,2,2,reachable_error_kept_r_below_half,0.4379239
29231,01_SS1-68-E_comp.jams,1401419,31.778209,0,4,3,3,reachable_error_kept_r_below_half,0.4207995
29256,01_SS1-68-E_comp.jams,1466982,33.264898,0,2,4,4,reachable_error_kept_r_below_half,0.0668704
29388,01_SS1-68-E_comp.jams,1790105,40.59195,0,2,4,4,reachable_error_kept_r_below_half,0.3420826
33031,02_BN2-166-Ab_comp.jams,87713,1.988957,0,2,3,3,reachable_error_kept_r_below_half,0.4111447
33041,02_BN2-166-Ab_comp.jams,128059,2.903832,0,3,2,2,reachable_error_blocked_r_at_least_half,0.5665818
33080,02_BN2-166-Ab_comp.jams,255635,5.796712,0,2,3,3,reachable_error_kept_r_below_half,0.3333604
33087,02_BN2-166-Ab_comp.jams,279341,6.334263,0,2,3,3,reachable_error_blocked_r_at_least_half,0.5581439
33179,02_BN2-166-Ab_comp.jams,598613,13.573991,0,3,2,2,reachable_error_blocked_r_at_least_half,0.5711513
33218,02_BN2-166-Ab_comp.jams,797467,18.083152,0,3,2,2,reachable_error_kept_r_below_half,0.3651938
39094,02_Jazz3-150-C_comp.jams,10,0.000227,0,3,2,2,reachable_error_blocked_r_at_least_half,0.64708
39100,02_Jazz3-150-C_comp.jams,18782,0.425896,0,4,3,3,reachable_error_kept_r_below_half,0.4867346
39189,02_Jazz3-150-C_comp.jams,240945,5.463605,0,2,3,3,reachable_error_kept_r_below_half,0.3062362
39248,02_Jazz3-150-C_comp.jams,383221,8.689819,0,2,3,3,reachable_error_kept_r_below_half,0.375488
39263,02_Jazz3-150-C_comp.jams,424206,9.619184,0,3,2,2,reachable_error_kept_r_below_half,0.4383585
39390,02_Jazz3-150-C_comp.jams,724089,16.419252,0,4,3,3,reachable_error_kept_r_below_half,0.4137587
39421,02_Jazz3-150-C_comp.jams,795018,18.027619,0,3,2,2,reachable_error_blocked_r_at_least_half,0.590228
39448,02_Jazz3-150-C_comp.jams,865452,19.624762,0,2,3,3,reachable_error_kept_r_below_half,0.4952274
39453,02_Jazz3-150-C_comp.jams,875656,19.856145,0,3,2,2,reachable_error_blocked_r_at_least_half,0.5016073
39480,02_Jazz3-150-C_comp.jams,938174,21.273787,0,3,2,2,reachable_error_kept_r_below_half,0.4807256
39485,02_Jazz3-150-C_comp.jams,948798,21.514694,0,3,2,2,reachable_error_kept_r_below_half,0.4502623
39501,02_Jazz3-150-C_comp.jams,988210,22.40839,0,2,3,3,reachable_error_kept_r_below_half,0.4917076
40939,02_Rock2-142-D_comp.jams,112180,2.543764,0,2,3,3,reachable_error_blocked_r_at_least_half,0.5251657
40944,02_Rock2-142-D_comp.jams,131211,2.975306,0,3,4,4,reachable_error_kept_r_below_half,0.4262716
41022,02_Rock2-142-D_comp.jams,354072,8.028844,0,2,3,3,reachable_error_kept_r_below_half,0.2861296
41062,02_Rock2-142-D_comp.jams,515000,11.678005,0,2,3,3,reachable_error_kept_r_below_half,0.3309216
41078,02_Rock2-142-D_comp.jams,552086,12.518957,0,3,4,4,reachable_error_blocked_r_at_least_half,0.5643898
41089,02_Rock2-142-D_comp.jams,577912,13.10458,0,4,2,3,reachable_error_changed_to_wrong_K,0.2736799
41213,02_Rock2-142-D_comp.jams,923641,20.94424,0,4,2,3,reachable_error_changed_to_wrong_K,0.3834149
41307,02_Rock2-142-D_comp.jams,1165771,26.434717,0,2,3,3,reachable_error_kept_r_below_half,0.2806644
42967,02_Rock3-148-C_comp.jams,9219,0.209048,0,3,2,2,reachable_error_blocked_r_at_least_half,0.5223396
42973,02_Rock3-148-C_comp.jams,28673,0.650181,0,4,3,3,reachable_error_kept_r_below_half,0.3204852
43014,02_Rock3-148-C_comp.jams,125932,2.855601,0,3,2,2,reachable_error_kept_r_below_half,0.3197652
43086,02_Rock3-148-C_comp.jams,295441,6.699342,0,3,2,2,reachable_error_kept_r_below_half,0.3070354
43134,02_Rock3-148-C_comp.jams,412290,9.34898,0,4,3,3,reachable_error_kept_r_below_half,0.2423702
43143,02_Rock3-148-C_comp.jams,430603,9.76424,0,2,3,3,reachable_error_kept_r_below_half,0.302135
43153,02_Rock3-148-C_comp.jams,455271,10.323605,0,2,3,3,reachable_error_kept_r_below_half,0.4725342
43215,02_Rock3-148-C_comp.jams,580676,13.167256,0,3,2,2,reachable_error_kept_r_below_half,0.4185726
43252,02_Rock3-148-C_comp.jams,670608,15.206531,0,3,2,2,reachable_error_kept_r_below_half,0.4774103
43303,02_Rock3-148-C_comp.jams,787187,17.850045,0,4,2,3,reachable_error_changed_to_wrong_K,0.1972826
47968,03_BN2-166-Ab_comp.jams,12,0.000272,0,4,2,3,reachable_error_changed_to_wrong_K,0.3600872
47974,03_BN2-166-Ab_comp.jams,15631,0.354444,0,3,4,4,reachable_error_kept_r_below_half,0.4170602
47998,03_BN2-166-Ab_comp.jams,95146,2.157506,0,3,2,2,reachable_error_kept_r_below_half,0.2735709
48004,03_BN2-166-Ab_comp.jams,125964,2.856327,0,2,4,4,reachable_error_kept_r_below_half,0.0830762
48037,03_BN2-166-Ab_comp.jams,295878,6.709252,0,2,3,3,reachable_error_blocked_r_at_least_half,0.5977241
48082,03_BN2-166-Ab_comp.jams,478209,10.843741,0,3,2,2,reachable_error_kept_r_below_half,0.2807214
48087,03_BN2-166-Ab_comp.jams,493945,11.200567,0,3,4,4,reachable_error_blocked_r_at_least_half,0.9314931
48096,03_BN2-166-Ab_comp.jams,525512,11.916372,0,3,4,2,reachable_error_changed_to_wrong_K,0.2365171
48105,03_BN2-166-Ab_comp.jams,549813,12.467415,0,3,2,2,reachable_error_kept_r_below_half,0.1059767
48187,03_BN2-166-Ab_comp.jams,890650,20.196145,0,3,4,4,reachable_error_blocked_r_at_least_half,0.5541161
48193,03_BN2-166-Ab_comp.jams,908522,20.601406,0,4,3,3,reachable_error_kept_r_below_half,0.3961949
48203,03_BN2-166-Ab_comp.jams,948693,21.512313,0,4,2,3,reachable_error_changed_to_wrong_K,0.296044
53383,03_Jazz3-150-C_comp.jams,88670,2.010658,0,3,4,4,reachable_error_kept_r_below_half,0.3589258
53399,03_Jazz3-150-C_comp.jams,122976,2.788571,0,2,3,3,reachable_error_kept_r_below_half,0.1458479
53401,03_Jazz3-150-C_comp.jams,140674,3.189887,0,3,4,4,reachable_error_kept_r_below_half,0.3479665
53409,03_Jazz3-150-C_comp.jams,169839,3.851224,0,3,4,4,reachable_error_kept_r_below_half,0.0942894
53412,03_Jazz3-150-C_comp.jams,188511,4.274626,0,2,3,3,reachable_error_blocked_r_at_least_half,0.6788798
53440,03_Jazz3-150-C_comp.jams,335966,7.618277,0,3,4,2,reachable_error_changed_to_wrong_K,0.4070536
53454,03_Jazz3-150-C_comp.jams,440818,9.995873,0,3,4,4,reachable_error_blocked_r_at_least_half,0.509567
53464,03_Jazz3-150-C_comp.jams,468854,10.63161,0,3,2,2,reachable_error_kept_r_below_half,0.481046
53467,03_Jazz3-150-C_comp.jams,511161,11.590952,0,3,4,4,reachable_error_kept_r_below_half,0.3512549
53517,03_Jazz3-150-C_comp.jams,669397,15.17907,0,3,4,4,reachable_error_kept_r_below_half,0.345412
53535,03_Jazz3-150-C_comp.jams,735146,16.669977,0,3,4,2,reachable_error_changed_to_wrong_K,0.2425618
53551,03_Jazz3-150-C_comp.jams,828166,18.779274,0,3,4,4,reachable_error_kept_r_below_half,0.4359825
53608,03_Jazz3-150-C_comp.jams,1103270,25.01746,0,3,4,2,reachable_error_changed_to_wrong_K,0.2348435
54932,03_Rock2-142-D_comp.jams,19251,0.436531,0,4,3,3,reachable_error_blocked_r_at_least_half,0.6361738
54944,03_Rock2-142-D_comp.jams,47413,1.075125,0,3,4,4,reachable_error_kept_r_below_half,0.3138938
54997,03_Rock2-142-D_comp.jams,196641,4.45898,0,2,3,3,reachable_error_kept_r_below_half,0.400582
55006,03_Rock2-142-D_comp.jams,224349,5.087279,0,3,4,4,reachable_error_kept_r_below_half,0.4742152
55039,03_Rock2-142-D_comp.jams,346636,7.860227,0,3,4,4,reachable_error_kept_r_below_half,0.391224
55110,03_Rock2-142-D_comp.jams,558563,12.665828,0,3,4,4,reachable_error_kept_r_below_half,0.4468414
55130,03_Rock2-142-D_comp.jams,616289,13.974807,0,3,2,2,reachable_error_kept_r_below_half,0.3044243
55145,03_Rock2-142-D_comp.jams,652740,14.801361,0,2,3,3,reachable_error_kept_r_below_half,0.3544968
55148,03_Rock2-142-D_comp.jams,661931,15.009773,0,3,4,4,reachable_error_kept_r_below_half,0.4005203
55226,03_Rock2-142-D_comp.jams,867696,19.675646,0,2,3,3,reachable_error_kept_r_below_half,0.4445837
55232,03_Rock2-142-D_comp.jams,895815,20.313265,0,2,3,3,reachable_error_blocked_r_at_least_half,0.6431707
55247,03_Rock2-142-D_comp.jams,941877,21.357755,0,3,2,2,reachable_error_blocked_r_at_least_half,0.7635697
55278,03_Rock2-142-D_comp.jams,1025812,23.261043,0,2,3,3,reachable_error_kept_r_below_half,0.2215209
55312,03_Rock2-142-D_comp.jams,1100709,24.959388,0,3,2,2,reachable_error_kept_r_below_half,0.2269782
55337,03_Rock2-142-D_comp.jams,1156540,26.225397,0,4,2,3,reachable_error_changed_to_wrong_K,0.3461909
55346,03_Rock2-142-D_comp.jams,1174729,26.637846,0,5,4,4,reachable_error_kept_r_below_half,0.4295302
56880,03_Rock3-148-C_comp.jams,35607,0.807415,0,3,2,2,reachable_error_kept_r_below_half,0.287467
56906,03_Rock3-148-C_comp.jams,98850,2.241497,0,4,2,2,reachable_error_kept_r_below_half,0.4247898
56930,03_Rock3-148-C_comp.jams,159757,3.622608,0,4,3,3,reachable_error_kept_r_below_half,0.4620371
56939,03_Rock3-148-C_comp.jams,178878,4.05619,0,3,2,2,reachable_error_kept_r_below_half,0.2911975
56947,03_Rock3-148-C_comp.jams,196691,4.460113,0,3,2,2,reachable_error_kept_r_below_half,0.4347367
57046,03_Rock3-148-C_comp.jams,429650,9.74263,0,2,4,4,reachable_error_blocked_r_at_least_half,0.5528852
57071,03_Rock3-148-C_comp.jams,482855,10.949093,0,2,3,3,reachable_error_kept_r_below_half,0.0859787
57119,03_Rock3-148-C_comp.jams,588818,13.351882,0,3,2,2,reachable_error_kept_r_below_half,0.402394
57259,03_Rock3-148-C_comp.jams,912212,20.685079,0,3,4,5,reachable_error_changed_to_wrong_K,0.3066649
57290,03_Rock3-148-C_comp.jams,984475,22.323696,0,3,2,2,reachable_error_kept_r_below_half,0.3511893
57295,03_Rock3-148-C_comp.jams,1001085,22.70034,0,3,2,2,reachable_error_kept_r_below_half,0.4784294
57325,03_Rock3-148-C_comp.jams,1073978,24.353243,0,3,2,2,reachable_error_kept_r_below_half,0.2874919
57479,03_SS1-68-E_comp.jams,79071,1.792993,0,4,3,2,reachable_error_changed_to_wrong_K,0.3740485
57546,03_SS1-68-E_comp.jams,233622,5.297551,0,3,2,2,reachable_error_blocked_r_at_least_half,0.598409
57647,03_SS1-68-E_comp.jams,467132,10.592562,0,3,2,2,reachable_error_kept_r_below_half,0.4493172
57679,03_SS1-68-E_comp.jams,544665,12.35068,0,3,2,2,reachable_error_blocked_r_at_least_half,0.5878182
57831,03_SS1-68-E_comp.jams,933955,21.178118,0,3,2,2,reachable_error_kept_r_below_half,0.4831732
57848,03_SS1-68-E_comp.jams,972932,22.06195,0,2,3,3,reachable_error_kept_r_below_half,0.3157178
58055,03_SS1-68-E_comp.jams,1556352,35.291429,0,2,3,3,reachable_error_kept_r_below_half,0.4215961
58112,03_SS1-68-E_comp.jams,1713584,38.85678,0,2,4,3,reachable_error_changed_to_wrong_K,0.2338927
61278,04_BN2-166-Ab_comp.jams,6,0.000136,0,3,2,2,reachable_error_blocked_r_at_least_half,0.5095159
61282,04_BN2-166-Ab_comp.jams,16272,0.36898,0,3,4,4,reachable_error_kept_r_below_half,0.4649554
61290,04_BN2-166-Ab_comp.jams,39828,0.903129,0,3,4,4,reachable_error_blocked_r_at_least_half,0.7445064
61348,04_BN2-166-Ab_comp.jams,237882,5.39415,0,2,4,3,reachable_error_changed_to_wrong_K,0.1263115
61368,04_BN2-166-Ab_comp.jams,310270,7.035601,0,3,4,4,reachable_error_blocked_r_at_least_half,0.6406254
61371,04_BN2-166-Ab_comp.jams,326951,7.413855,0,3,4,4,reachable_error_kept_r_below_half,0.44745
61376,04_BN2-166-Ab_comp.jams,343353,7.785782,0,3,4,4,reachable_error_blocked_r_at_least_half,0.6699112
61383,04_BN2-166-Ab_comp.jams,364742,8.270794,0,3,4,4,reachable_error_kept_r_below_half,0.1068221
61403,04_BN2-166-Ab_comp.jams,437310,9.916327,0,2,4,4,reachable_error_kept_r_below_half,0.4626624
61416,04_BN2-166-Ab_comp.jams,468652,10.627029,0,3,2,2,reachable_error_kept_r_below_half,0.4598254
61458,04_BN2-166-Ab_comp.jams,631830,14.327211,0,2,4,4,reachable_error_kept_r_below_half,0.274704
61476,04_BN2-166-Ab_comp.jams,692493,15.702789,0,3,4,2,reachable_error_changed_to_wrong_K,0.2515793
61509,04_BN2-166-Ab_comp.jams,820128,18.597007,0,3,4,4,reachable_error_kept_r_below_half,0.4088729
61531,04_BN2-166-Ab_comp.jams,909378,20.620816,0,3,4,4,reachable_error_kept_r_below_half,0.340655
61537,04_BN2-166-Ab_comp.jams,931105,21.113492,0,4,2,2,reachable_error_blocked_r_at_least_half,0.6334243
67168,04_Jazz3-150-C_comp.jams,64071,1.452857,0,3,4,4,reachable_error_blocked_r_at_least_half,0.5271304
67182,04_Jazz3-150-C_comp.jams,100942,2.288934,0,3,4,4,reachable_error_kept_r_below_half,0.2641336
67223,04_Jazz3-150-C_comp.jams,245619,5.569592,0,3,4,4,reachable_error_blocked_r_at_least_half,0.6845795
67228,04_Jazz3-150-C_comp.jams,259589,5.886372,0,3,4,4,reachable_error_kept_r_below_half,0.3996067
67297,04_Jazz3-150-C_comp.jams,486989,11.042834,0,3,4,4,reachable_error_blocked_r_at_least_half,0.606833
67320,04_Jazz3-150-C_comp.jams,546702,12.396871,0,3,4,4,reachable_error_kept_r_below_half,0.4930144
67348,04_Jazz3-150-C_comp.jams,653181,14.811361,0,3,4,4,reachable_error_kept_r_below_half,0.4022087
67383,04_Jazz3-150-C_comp.jams,809934,18.36585,0,3,4,4,reachable_error_kept_r_below_half,0.2519216
67401,04_Jazz3-150-C_comp.jams,881994,19.999864,0,3,4,4,reachable_error_kept_r_below_half,0.1387542
67467,04_Jazz3-150-C_comp.jams,1075909,24.397029,0,3,2,2,reachable_error_kept_r_below_half,0.4772392
67472,04_Jazz3-150-C_comp.jams,1093572,24.797551,0,3,4,4,reachable_error_kept_r_below_half,0.4011903
68946,04_Rock2-142-D_comp.jams,297088,6.736689,0,4,3,3,reachable_error_blocked_r_at_least_half,0.6475248
68952,04_Rock2-142-D_comp.jams,314926,7.141179,0,3,4,5,reachable_error_changed_to_wrong_K,0.2305431
69056,04_Rock2-142-D_comp.jams,586862,13.307528,0,3,4,2,reachable_error_changed_to_wrong_K,0.2563505
69124,04_Rock2-142-D_comp.jams,762828,17.297687,0,4,2,2,reachable_error_kept_r_below_half,0.3236073
70931,04_Rock3-148-C_comp.jams,62606,1.419637,0,4,2,2,reachable_error_kept_r_below_half,0.3881574
70956,04_Rock3-148-C_comp.jams,143677,3.257982,0,3,2,2,reachable_error_blocked_r_at_least_half,0.5782934
70969,04_Rock3-148-C_comp.jams,187790,4.258277,0,4,3,3,reachable_error_blocked_r_at_least_half,0.5044894
70975,04_Rock3-148-C_comp.jams,205610,4.662358,0,4,3,3,reachable_error_kept_r_below_half,0.4498325
71028,04_Rock3-148-C_comp.jams,331337,7.513311,0,4,2,3,reachable_error_changed_to_wrong_K,0.2589192
71052,04_Rock3-148-C_comp.jams,388593,8.811633,0,2,4,3,reachable_error_changed_to_wrong_K,0.0805133
71109,04_Rock3-148-C_comp.jams,519325,11.776077,0,3,4,4,reachable_error_kept_r_below_half,0.4747504
71139,04_Rock3-148-C_comp.jams,589630,13.370295,0,3,2,2,reachable_error_blocked_r_at_least_half,0.527253
71181,04_Rock3-148-C_comp.jams,696972,15.804354,0,3,2,2,reachable_error_kept_r_below_half,0.3108321
71196,04_Rock3-148-C_comp.jams,734261,16.649909,0,4,3,3,reachable_error_blocked_r_at_least_half,0.5856837
71207,04_Rock3-148-C_comp.jams,777734,17.635692,0,4,3,3,reachable_error_kept_r_below_half,0.3946513
71234,04_Rock3-148-C_comp.jams,859060,19.479819,0,2,3,3,reachable_error_blocked_r_at_least_half,0.5391267
71283,04_Rock3-148-C_comp.jams,993867,22.536667,0,3,2,2,reachable_error_kept_r_below_half,0.3102382
71294,04_Rock3-148-C_comp.jams,1018898,23.104263,0,3,2,2,reachable_error_kept_r_below_half,0.4924294
71338,04_Rock3-148-C_comp.jams,1126302,25.539728,0,4,2,3,reachable_error_changed_to_wrong_K,0.2252085
71447,04_SS1-68-E_comp.jams,39679,0.899751,0,4,2,3,reachable_error_changed_to_wrong_K,0.3291123
71509,04_SS1-68-E_comp.jams,175284,3.974694,0,3,2,2,reachable_error_kept_r_below_half,0.3694187
71604,04_SS1-68-E_comp.jams,402533,9.127732,0,2,3,3,reachable_error_kept_r_below_half,0.3762211
71616,04_SS1-68-E_comp.jams,428177,9.709229,0,3,2,2,reachable_error_kept_r_below_half,0.2326654
71649,04_SS1-68-E_comp.jams,506938,11.495193,0,4,3,5,reachable_error_changed_to_wrong_K,0.1448639
71712,04_SS1-68-E_comp.jams,661187,14.992902,0,3,2,2,reachable_error_kept_r_below_half,0.4349025
71759,04_SS1-68-E_comp.jams,779279,17.670726,0,3,2,2,reachable_error_kept_r_below_half,0.4631086
71797,04_SS1-68-E_comp.jams,875384,19.849977,0,3,2,2,reachable_error_kept_r_below_half,0.3284894
71861,04_SS1-68-E_comp.jams,1019295,23.113265,0,3,2,2,reachable_error_blocked_r_at_least_half,0.5593035
71876,04_SS1-68-E_comp.jams,1051208,23.836916,0,4,3,3,reachable_error_kept_r_below_half,0.2580021
71912,04_SS1-68-E_comp.jams,1127624,25.569705,0,5,2,3,reachable_error_changed_to_wrong_K,0.187415
71946,04_SS1-68-E_comp.jams,1204260,27.307483,0,4,3,2,reachable_error_changed_to_wrong_K,0.155477
71950,04_SS1-68-E_comp.jams,1212468,27.493605,0,3,2,2,reachable_error_kept_r_below_half,0.3810386
71961,04_SS1-68-E_comp.jams,1243339,28.193628,0,3,4,4,reachable_error_blocked_r_at_least_half,0.5781436
72111,04_SS1-68-E_comp.jams,1595938,36.18907,0,4,3,5,reachable_error_changed_to_wrong_K,0.1534546
72146,04_SS1-68-E_comp.jams,1674203,37.963787,0,4,3,5,reachable_error_changed_to_wrong_K,0.1324022
987,00_BN3-154-E_comp.jams,9376,0.212608,1,2,3,3,reachable_error_kept_r_below_half,0.3824548
1000,00_BN3-154-E_comp.jams,79356,1.799456,1,2,3,3,reachable_error_kept_r_below_half,0.1697012
1046,00_BN3-154-E_comp.jams,242575,5.500567,1,3,2,2,reachable_error_kept_r_below_half,0.2670248
1152,00_BN3-154-E_comp.jams,575630,13.052834,1,3,2,2,reachable_error_kept_r_below_half,0.4702601
3005,00_Funk2-119-G_comp.jams,366764,8.316644,1,5,4,4,reachable_error_kept_r_below_half,0.2462559
3021,00_Funk2-119-G_comp.jams,400500,9.081633,1,4,2,2,reachable_error_kept_r_below_half,0.2781347
3032,00_Funk2-119-G_comp.jams,423222,9.596871,1,4,2,2,reachable_error_kept_r_below_half,0.1898268
3074,00_Funk2-119-G_comp.jams,510350,11.572562,1,4,2,2,reachable_error_kept_r_below_half,0.3755616
3089,00_Funk2-119-G_comp.jams,543481,12.323832,1,3,2,2,reachable_error_kept_r_below_half,0.2776088
3149,00_Funk2-119-G_comp.jams,705316,15.99356,1,2,3,3,reachable_error_kept_r_below_half,0.277062
3235,00_Funk2-119-G_comp.jams,916868,20.790658,1,4,3,3,reachable_error_kept_r_below_half,0.3419696
3247,00_Funk2-119-G_comp.jams,950692,21.557642,1,5,4,4,reachable_error_kept_r_below_half,0.2445249
3255,00_Funk2-119-G_comp.jams,967230,21.932653,1,4,2,2,reachable_error_blocked_r_at_least_half,0.5409604
3293,00_Funk2-119-G_comp.jams,1076653,24.4139,1,3,2,2,reachable_error_kept_r_below_half,0.3127269
3302,00_Funk2-119-G_comp.jams,1095880,24.849887,1,4,3,5,reachable_error_changed_to_wrong_K,0.0801895
3339,00_Funk2-119-G_comp.jams,1183614,26.83932,1,2,3,3,reachable_error_kept_r_below_half,0.2794622
3363,00_Funk2-119-G_comp.jams,1233378,27.967755,1,4,3,3,reachable_error_kept_r_below_half,0.2405027
3381,00_Funk2-119-G_comp.jams,1289976,29.251156,1,4,3,3,reachable_error_kept_r_below_half,0.2193947
3388,00_Funk2-119-G_comp.jams,1323986,30.022358,1,3,2,2,reachable_error_kept_r_below_half,0.4799454
3605,00_Funk3-112-C#_comp.jams,90150,2.044218,1,2,3,3,reachable_error_kept_r_below_half,0.2693455
3791,00_Funk3-112-C#_comp.jams,565124,12.814603,1,3,2,2,reachable_error_kept_r_below_half,0.3936543
3851,00_Funk3-112-C#_comp.jams,708903,16.074898,1,5,4,4,reachable_error_kept_r_below_half,0.392019
3856,00_Funk3-112-C#_comp.jams,719695,16.319615,1,3,2,2,reachable_error_kept_r_below_half,0.3596768
3859,00_Funk3-112-C#_comp.jams,725736,16.456599,1,3,2,2,reachable_error_kept_r_below_half,0.4667866
3864,00_Funk3-112-C#_comp.jams,738761,16.75195,1,2,3,3,reachable_error_kept_r_below_half,0.2662637
3897,00_Funk3-112-C#_comp.jams,815422,18.490295,1,3,4,2,reachable_error_changed_to_wrong_K,0.1098369
3921,00_Funk3-112-C#_comp.jams,884833,20.06424,1,4,2,2,reachable_error_blocked_r_at_least_half,0.5611725
3943,00_Funk3-112-C#_comp.jams,933649,21.171179,1,2,3,3,reachable_error_kept_r_below_half,0.1821575
3973,00_Funk3-112-C#_comp.jams,1002898,22.741451,1,3,2,2,reachable_error_kept_r_below_half,0.4011403
4047,00_Funk3-112-C#_comp.jams,1192933,27.050635,1,3,2,2,reachable_error_kept_r_below_half,0.4599977
4054,00_Funk3-112-C#_comp.jams,1211727,27.476803,1,3,2,2,reachable_error_kept_r_below_half,0.4195907
4093,00_Funk3-112-C#_comp.jams,1311277,29.734172,1,3,2,2,reachable_error_kept_r_below_half,0.3123753
4106,00_Funk3-112-C#_comp.jams,1344799,30.494308,1,5,3,3,reachable_error_kept_r_below_half,0.4169541
15825,00_SS3-98-C_comp.jams,230577,5.228503,1,3,2,2,reachable_error_kept_r_below_half,0.3023365
16159,00_SS3-98-C_comp.jams,1093905,24.805102,1,3,2,2,reachable_error_kept_r_below_half,0.2143802
16534,00_SS3-98-C_solo.jams,768478,17.425805,1,3,2,2,reachable_error_blocked_r_at_least_half,0.5642194
16546,00_SS3-98-C_solo.jams,795286,18.033696,1,3,2,2,reachable_error_kept_r_below_half,0.3685714
16577,00_SS3-98-C_solo.jams,918350,20.824263,1,3,2,4,reachable_error_changed_to_wrong_K,0.2231724
16591,00_SS3-98-C_solo.jams,947304,21.480816,1,3,4,4,reachable_error_blocked_r_at_least_half,0.5462009
16603,00_SS3-98-C_solo.jams,972345,22.048639,1,2,3,3,reachable_error_kept_r_below_half,0.3311759
16653,00_SS3-98-C_solo.jams,1094044,24.808254,1,2,3,3,reachable_error_kept_r_below_half,0.207912
16820,00_SS3-98-C_solo.jams,1646905,37.344785,1,3,4,4,reachable_error_kept_r_below_half,0.4758843
16852,00_SS3-98-C_solo.jams,1716093,38.913673,1,2,3,3,reachable_error_kept_r_below_half,0.2866849
17763,01_BN3-154-E_comp.jams,5,0.000113,1,2,3,3,reachable_error_kept_r_below_half,0.3681107
17822,01_BN3-154-E_comp.jams,240291,5.448776,1,3,2,2,reachable_error_kept_r_below_half,0.3166669
17845,01_BN3-154-E_comp.jams,326316,7.399456,1,2,3,3,reachable_error_kept_r_below_half,0.3265363
17849,01_BN3-154-E_comp.jams,343444,7.787846,1,3,4,4,reachable_error_blocked_r_at_least_half,0.7186942
17919,01_BN3-154-E_comp.jams,577214,13.088753,1,3,2,2,reachable_error_blocked_r_at_least_half,0.5584127
17937,01_BN3-154-E_comp.jams,645190,14.630159,1,4,3,3,reachable_error_blocked_r_at_least_half,0.5094364
17992,01_BN3-154-E_comp.jams,851905,19.317574,1,3,4,4,reachable_error_kept_r_below_half,0.4781093
19469,01_Funk2-119-G_comp.jams,28230,0.640136,1,3,2,2,reachable_error_blocked_r_at_least_half,0.6083418
19481,01_Funk2-119-G_comp.jams,77372,1.754467,1,2,3,3,reachable_error_kept_r_below_half,0.359176
19504,01_Funk2-119-G_comp.jams,165696,3.757279,1,3,2,2,reachable_error_kept_r_below_half,0.4396907
19528,01_Funk2-119-G_comp.jams,255972,5.804354,1,3,4,2,reachable_error_changed_to_wrong_K,0.1377776
19542,01_Funk2-119-G_comp.jams,311337,7.059796,1,4,3,3,reachable_error_blocked_r_at_least_half,0.5891815
19599,01_Funk2-119-G_comp.jams,545125,12.361111,1,4,2,2,reachable_error_blocked_r_at_least_half,0.6028982
19628,01_Funk2-119-G_comp.jams,666966,15.123946,1,2,3,3,reachable_error_blocked_r_at_least_half,0.6102207
19721,01_Funk2-119-G_comp.jams,1040061,23.58415,1,3,4,4,reachable_error_kept_r_below_half,0.2534249
19732,01_Funk2-119-G_comp.jams,1079229,24.472313,1,3,4,4,reachable_error_blocked_r_at_least_half,0.5600635
19748,01_Funk2-119-G_comp.jams,1139294,25.834331,1,2,3,3,reachable_error_kept_r_below_half,0.4128762
19774,01_Funk2-119-G_comp.jams,1240128,28.120816,1,2,3,3,reachable_error_blocked_r_at_least_half,0.5955062
20018,01_Funk3-112-C#_comp.jams,24379,0.552812,1,3,2,4,reachable_error_changed_to_wrong_K,0.35383
20021,01_Funk3-112-C#_comp.jams,47962,1.087574,1,3,2,2,reachable_error_kept_r_below_half,0.3949139
20025,01_Funk3-112-C#_comp.jams,58031,1.315896,1,2,3,3,reachable_error_kept_r_below_half,0.3869976
20032,01_Funk3-112-C#_comp.jams,77394,1.754966,1,3,2,2,reachable_error_kept_r_below_half,0.4497984
20041,01_Funk3-112-C#_comp.jams,117628,2.667302,1,3,2,4,reachable_error_changed_to_wrong_K,0.2654576
20070,01_Funk3-112-C#_comp.jams,236600,5.365079,1,4,2,3,reachable_error_changed_to_wrong_K,0.3642484
20113,01_Funk3-112-C#_comp.jams,425883,9.657211,1,3,2,2,reachable_error_kept_r_below_half,0.4046984
20123,01_Funk3-112-C#_comp.jams,496140,11.25034,1,3,2,4,reachable_error_changed_to_wrong_K,0.2342469
20148,01_Funk3-112-C#_comp.jams,590537,13.390862,1,3,2,2,reachable_error_blocked_r_at_least_half,0.5045157
20159,01_Funk3-112-C#_comp.jams,661604,15.002358,1,2,4,3,reachable_error_changed_to_wrong_K,0.0683812
20172,01_Funk3-112-C#_comp.jams,737822,16.730658,1,2,3,3,reachable_error_kept_r_below_half,0.4468775
20178,01_Funk3-112-C#_comp.jams,767373,17.400748,1,3,2,2,reachable_error_blocked_r_at_least_half,0.5616106
20184,01_Funk3-112-C#_comp.jams,803028,18.209252,1,3,2,4,reachable_error_changed_to_wrong_K,0.3258774
20195,01_Funk3-112-C#_comp.jams,833852,18.908209,1,3,2,2,reachable_error_blocked_r_at_least_half,0.6015962
20211,01_Funk3-112-C#_comp.jams,898272,20.36898,1,3,2,4,reachable_error_changed_to_wrong_K,0.3345807
20223,01_Funk3-112-C#_comp.jams,928071,21.044694,1,3,2,2,reachable_error_blocked_r_at_least_half,0.5829504
20225,01_Funk3-112-C#_comp.jams,932463,21.144286,1,3,2,2,reachable_error_kept_r_below_half,0.3477867
20230,01_Funk3-112-C#_comp.jams,951374,21.573107,1,3,2,2,reachable_error_blocked_r_at_least_half,0.5844519
20233,01_Funk3-112-C#_comp.jams,957481,21.711587,1,2,3,3,reachable_error_kept_r_below_half,0.4915794
20245,01_Funk3-112-C#_comp.jams,1004620,22.780499,1,3,2,2,reachable_error_blocked_r_at_least_half,0.6837259
20276,01_Funk3-112-C#_comp.jams,1117155,25.332313,1,3,2,2,reachable_error_kept_r_below_half,0.4827513
20288,01_Funk3-112-C#_comp.jams,1169907,26.528503,1,3,2,2,reachable_error_blocked_r_at_least_half,0.5567554
20291,01_Funk3-112-C#_comp.jams,1181821,26.798662,1,3,2,2,reachable_error_kept_r_below_half,0.3327793
20310,01_Funk3-112-C#_comp.jams,1276308,28.941224,1,3,2,4,reachable_error_changed_to_wrong_K,0.3466886
20339,01_Funk3-112-C#_comp.jams,1370456,31.0761,1,3,2,2,reachable_error_kept_r_below_half,0.4783253
20341,01_Funk3-112-C#_comp.jams,1375282,31.185533,1,3,2,2,reachable_error_kept_r_below_half,0.2425663
20367,01_Funk3-112-C#_comp.jams,1506158,34.153243,1,2,4,3,reachable_error_changed_to_wrong_K,0.1546502
31410,01_SS3-98-C_comp.jams,76749,1.74034,1,2,4,4,reachable_error_kept_r_below_half,0.1691756
31416,01_SS3-98-C_comp.jams,90139,2.043968,1,2,3,3,reachable_error_kept_r_below_half,0.3143393
31422,01_SS3-98-C_comp.jams,102845,2.332086,1,3,4,4,reachable_error_kept_r_below_half,0.3145497
31447,01_SS3-98-C_comp.jams,156141,3.540612,1,2,4,4,reachable_error_kept_r_below_half,0.3927951
31507,01_SS3-98-C_comp.jams,291732,6.615238,1,2,3,4,reachable_error_changed_to_wrong_K,0.2474091
31587,01_SS3-98-C_comp.jams,466845,10.586054,1,3,2,2,reachable_error_kept_r_below_half,0.1795309
31632,01_SS3-98-C_comp.jams,561125,12.723923,1,3,2,2,reachable_error_kept_r_below_half,0.279174
31662,01_SS3-98-C_comp.jams,629986,14.285397,1,3,2,2,reachable_error_kept_r_below_half,0.2770841
31664,01_SS3-98-C_comp.jams,635521,14.410907,1,2,3,3,reachable_error_kept_r_below_half,0.250687
31697,01_SS3-98-C_comp.jams,703122,15.94381,1,3,2,4,reachable_error_changed_to_wrong_K,0.2024792
31714,01_SS3-98-C_comp.jams,737593,16.725465,1,3,4,4,reachable_error_kept_r_below_half,0.2820501
31748,01_SS3-98-C_comp.jams,824824,18.703492,1,3,2,2,reachable_error_kept_r_below_half,0.3056653
31759,01_SS3-98-C_comp.jams,846092,19.18576,1,3,2,2,reachable_error_kept_r_below_half,0.3126352
31766,01_SS3-98-C_comp.jams,866022,19.637687,1,3,4,2,reachable_error_changed_to_wrong_K,0.188493
31808,01_SS3-98-C_comp.jams,953326,21.61737,1,2,4,4,reachable_error_kept_r_below_half,0.4093828
31814,01_SS3-98-C_comp.jams,966170,21.908617,1,3,4,4,reachable_error_kept_r_below_half,0.3756661
31830,01_SS3-98-C_comp.jams,1005900,22.809524,1,2,3,3,reachable_error_kept_r_below_half,0.2277179
31846,01_SS3-98-C_comp.jams,1047824,23.760181,1,2,4,4,reachable_error_kept_r_below_half,0.1012714
31909,01_SS3-98-C_comp.jams,1189306,26.96839,1,3,2,2,reachable_error_kept_r_below_half,0.3639643
31918,01_SS3-98-C_comp.jams,1209181,27.41907,1,2,3,3,reachable_error_kept_r_below_half,0.148323
31949,01_SS3-98-C_comp.jams,1277358,28.965034,1,2,3,3,reachable_error_kept_r_below_half,0.2613396
31955,01_SS3-98-C_comp.jams,1289994,29.251565,1,2,3,3,reachable_error_kept_r_below_half,0.339499
31974,01_SS3-98-C_comp.jams,1330777,30.176349,1,3,4,4,reachable_error_kept_r_below_half,0.3727514
31989,01_SS3-98-C_comp.jams,1363630,30.921315,1,3,2,2,reachable_error_kept_r_below_half,0.1596676
32031,01_SS3-98-C_comp.jams,1459428,33.093605,1,2,3,3,reachable_error_kept_r_below_half,0.4611283
32041,01_SS3-98-C_comp.jams,1479679,33.552812,1,3,2,5,reachable_error_changed_to_wrong_K,0.2346454
32044,01_SS3-98-C_comp.jams,1485521,33.685283,1,2,3,3,reachable_error_kept_r_below_half,0.15338
32048,01_SS3-98-C_comp.jams,1493560,33.867574,1,3,4,4,reachable_error_kept_r_below_half,0.2221545
32054,01_SS3-98-C_comp.jams,1506582,34.162857,1,2,4,3,reachable_error_changed_to_wrong_K,0.3217791
32074,01_SS3-98-C_comp.jams,1547201,35.083923,1,2,4,4,reachable_error_kept_r_below_half,0.3728348
32087,01_SS3-98-C_comp.jams,1573335,35.676531,1,3,2,2,reachable_error_kept_r_below_half,0.3207015
32094,01_SS3-98-C_comp.jams,1587993,36.008912,1,3,2,2,reachable_error_kept_r_below_half,0.1054823
32134,01_SS3-98-C_comp.jams,1669021,37.846281,1,3,2,4,reachable_error_changed_to_wrong_K,0.2015945
33389,02_BN3-154-E_comp.jams,44136,1.000816,1,2,3,3,reachable_error_blocked_r_at_least_half,0.5313516
33466,02_BN3-154-E_comp.jams,317099,7.190454,1,3,2,2,reachable_error_kept_r_below_half,0.3931221
33494,02_BN3-154-E_comp.jams,386565,8.765646,1,3,2,2,reachable_error_kept_r_below_half,0.3394788
33498,02_BN3-154-E_comp.jams,394770,8.951701,1,2,3,3,reachable_error_kept_r_below_half,0.2548673
33553,02_BN3-154-E_comp.jams,542072,12.291882,1,2,3,3,reachable_error_blocked_r_at_least_half,0.5729051
33661,02_BN3-154-E_comp.jams,825829,18.726281,1,4,3,3,reachable_error_kept_r_below_half,0.4947358
33746,02_BN3-154-E_comp.jams,1065189,24.153946,1,4,3,3,reachable_error_blocked_r_at_least_half,0.5947749
33755,02_BN3-154-E_comp.jams,1091531,24.75127,1,2,3,3,reachable_error_blocked_r_at_least_half,0.5356699
34977,02_Funk2-119-G_comp.jams,123352,2.797098,1,3,2,2,reachable_error_blocked_r_at_least_half,0.554442
35023,02_Funk2-119-G_comp.jams,289671,6.568503,1,2,3,3,reachable_error_blocked_r_at_least_half,0.5784835
35064,02_Funk2-119-G_comp.jams,467722,10.605941,1,2,3,3,reachable_error_blocked_r_at_least_half,0.5905948
35075,02_Funk2-119-G_comp.jams,535663,12.146553,1,3,2,2,reachable_error_blocked_r_at_least_half,0.6427633
35084,02_Funk2-119-G_comp.jams,553357,12.547778,1,2,3,3,reachable_error_blocked_r_at_least_half,0.5318883
35168,02_Funk2-119-G_comp.jams,823010,18.662358,1,2,3,3,reachable_error_blocked_r_at_least_half,0.5967116
35221,02_Funk2-119-G_comp.jams,1000336,22.683356,1,2,3,3,reachable_error_kept_r_below_half,0.4680744
35251,02_Funk2-119-G_comp.jams,1191021,27.007279,1,2,3,3,reachable_error_kept_r_below_half,0.4921374
35603,02_Funk3-112-C#_comp.jams,402658,9.130567,1,2,3,3,reachable_error_blocked_r_at_least_half,0.5262836
35664,02_Funk3-112-C#_comp.jams,607344,13.771973,1,2,3,3,reachable_error_kept_r_below_half,0.2471673
35701,02_Funk3-112-C#_comp.jams,709340,16.084807,1,3,2,4,reachable_error_changed_to_wrong_K,0.332361
35758,02_Funk3-112-C#_comp.jams,986184,22.362449,1,2,3,3,reachable_error_blocked_r_at_least_half,0.5620975
35798,02_Funk3-112-C#_comp.jams,1174897,26.641655,1,3,2,2,reachable_error_kept_r_below_half,0.4507065
35817,02_Funk3-112-C#_comp.jams,1226901,27.820884,1,2,3,3,reachable_error_kept_r_below_half,0.457347
35890,02_Funk3-112-C#_comp.jams,1441579,32.688866,1,2,3,3,reachable_error_blocked_r_at_least_half,0.543037
35900,02_Funk3-112-C#_comp.jams,1465485,33.230952,1,3,2,2,reachable_error_kept_r_below_half,0.408982
36014,02_Funk3-112-C#_solo.jams,591370,13.409751,1,2,4,4,reachable_error_kept_r_below_half,0.1221584
36034,02_Funk3-112-C#_solo.jams,709148,16.080454,1,2,3,3,reachable_error_kept_r_below_half,0.3946669
36145,02_Funk3-112-C#_solo.jams,1193453,27.062426,1,2,4,3,reachable_error_changed_to_wrong_K,0.0896887
46574,02_SS3-98-C_comp.jams,24986,0.566576,1,2,3,3,reachable_error_kept_r_below_half,0.3228486
46697,02_SS3-98-C_comp.jams,365013,8.276939,1,3,2,2,reachable_error_kept_r_below_half,0.4112492
46703,02_SS3-98-C_comp.jams,378379,8.580023,1,4,3,3,reachable_error_kept_r_below_half,0.3775255
46722,02_SS3-98-C_comp.jams,419993,9.523651,1,2,3,3,reachable_error_kept_r_below_half,0.1944689
46793,02_SS3-98-C_comp.jams,608752,13.8039,1,2,3,3,reachable_error_blocked_r_at_least_half,0.5161579
46911,02_SS3-98-C_comp.jams,890662,20.196417,1,4,3,3,reachable_error_blocked_r_at_least_half,0.5727346
46917,02_SS3-98-C_comp.jams,904016,20.499229,1,4,2,2,reachable_error_blocked_r_at_least_half,0.5029606
46955,02_SS3-98-C_comp.jams,1013859,22.99,1,3,2,4,reachable_error_changed_to_wrong_K,0.2134961
47059,02_SS3-98-C_comp.jams,1278497,28.990862,1,2,3,3,reachable_error_kept_r_below_half,0.3663743
47072,02_SS3-98-C_comp.jams,1322500,29.988662,1,3,2,2,reachable_error_kept_r_below_half,0.3856896
47168,02_SS3-98-C_comp.jams,1579622,35.819093,1,3,2,2,reachable_error_kept_r_below_half,0.4990306
48495,03_BN3-154-E_comp.jams,609985,13.831859,1,3,2,2,reachable_error_blocked_r_at_least_half,0.5689256
48541,03_BN3-154-E_comp.jams,807849,18.318571,1,3,4,4,reachable_error_kept_r_below_half,0.3420722
48544,03_BN3-154-E_comp.jams,842250,19.098639,1,3,4,4,reachable_error_kept_r_below_half,0.4336642
48574,03_BN3-154-E_comp.jams,979146,22.202857,1,4,3,3,reachable_error_kept_r_below_half,0.3883787
48582,03_BN3-154-E_comp.jams,1004672,22.781678,1,3,2,2,reachable_error_blocked_r_at_least_half,0.528338
49733,03_Funk2-119-G_comp.jams,40611,0.920884,1,2,3,3,reachable_error_blocked_r_at_least_half,0.5883811
49737,03_Funk2-119-G_comp.jams,67605,1.532993,1,3,2,2,reachable_error_blocked_r_at_least_half,0.5004869
49765,03_Funk2-119-G_comp.jams,212369,4.815624,1,3,2,2,reachable_error_kept_r_below_half,0.2844382
49791,03_Funk2-119-G_comp.jams,343993,7.800295,1,3,2,2,reachable_error_blocked_r_at_least_half,0.6787127
49814,03_Funk2-119-G_comp.jams,422403,9.578299,1,4,3,3,reachable_error_blocked_r_at_least_half,0.5129031
49855,03_Funk2-119-G_comp.jams,619997,14.058889,1,3,2,2,reachable_error_kept_r_below_half,0.4990552
49903,03_Funk2-119-G_comp.jams,924534,20.96449,1,3,2,2,reachable_error_kept_r_below_half,0.4905038
49909,03_Funk2-119-G_comp.jams,953081,21.611814,1,3,2,2,reachable_error_kept_r_below_half,0.4784727
49929,03_Funk2-119-G_comp.jams,1100994,24.96585,1,3,2,2,reachable_error_kept_r_below_half,0.4713242
50000,03_Funk2-119-G_comp.jams,1334656,30.264308,1,3,2,2,reachable_error_kept_r_below_half,0.4587269
50025,03_Funk2-119-G_comp.jams,1393989,31.609728,1,2,3,3,reachable_error_kept_r_below_half,0.3306786
50182,03_Funk3-112-C#_comp.jams,94875,2.151361,1,3,2,2,reachable_error_kept_r_below_half,0.3994567
50191,03_Funk3-112-C#_comp.jams,113258,2.568209,1,3,2,2,reachable_error_blocked_r_at_least_half,0.5353444
50207,03_Funk3-112-C#_comp.jams,188536,4.275193,1,3,2,2,reachable_error_kept_r_below_half,0.4221812
50235,03_Funk3-112-C#_comp.jams,283869,6.436939,1,3,4,2,reachable_error_changed_to_wrong_K,0.1204318
50245,03_Funk3-112-C#_comp.jams,302827,6.866825,1,3,2,2,reachable_error_blocked_r_at_least_half,0.5589578
50310,03_Funk3-112-C#_comp.jams,514214,11.660181,1,2,3,3,reachable_error_blocked_r_at_least_half,0.5494338
50479,03_Funk3-112-C#_comp.jams,1251899,28.387732,1,3,4,4,reachable_error_kept_r_below_half,0.293857
60009,03_SS3-98-C_comp.jams,13574,0.3078,1,2,4,3,reachable_error_changed_to_wrong_K,0.2530198
60034,03_SS3-98-C_comp.jams,75430,1.710431,1,2,4,4,reachable_error_kept_r_below_half,0.2948129
60103,03_SS3-98-C_comp.jams,228976,5.1922,1,2,4,3,reachable_error_changed_to_wrong_K,0.2078225
60119,03_SS3-98-C_comp.jams,271874,6.164943,1,3,2,2,reachable_error_kept_r_below_half,0.369967
60128,03_SS3-98-C_comp.jams,291541,6.610907,1,3,4,4,reachable_error_kept_r_below_half,0.1670574
60134,03_SS3-98-C_comp.jams,304996,6.916009,1,2,4,3,reachable_error_changed_to_wrong_K,0.2405212
60148,03_SS3-98-C_comp.jams,336945,7.640476,1,3,2,2,reachable_error_kept_r_below_half,0.4445644
60187,03_SS3-98-C_comp.jams,419131,9.504104,1,3,4,4,reachable_error_kept_r_below_half,0.2381566
60195,03_SS3-98-C_comp.jams,445364,10.098957,1,4,3,3,reachable_error_kept_r_below_half,0.3237104
60233,03_SS3-98-C_comp.jams,526432,11.937234,1,2,3,3,reachable_error_kept_r_below_half,0.2433794
60256,03_SS3-98-C_comp.jams,580076,13.153651,1,2,4,3,reachable_error_changed_to_wrong_K,0.2156555
60283,03_SS3-98-C_comp.jams,635282,14.405488,1,2,4,4,reachable_error_kept_r_below_half,0.3378889
60302,03_SS3-98-C_comp.jams,682504,15.476281,1,2,4,3,reachable_error_changed_to_wrong_K,0.1366169
60311,03_SS3-98-C_comp.jams,702743,15.935215,1,3,4,4,reachable_error_kept_r_below_half,0.4072047
60354,03_SS3-98-C_comp.jams,796672,18.065125,1,3,2,2,reachable_error_kept_r_below_half,0.4969484
60381,03_SS3-98-C_comp.jams,851044,19.29805,1,2,3,3,reachable_error_kept_r_below_half,0.171777
60406,03_SS3-98-C_comp.jams,905217,20.526463,1,2,3,4,reachable_error_changed_to_wrong_K,0.1723435
60412,03_SS3-98-C_comp.jams,919025,20.839569,1,2,4,4,reachable_error_kept_r_below_half,0.4293641
60428,03_SS3-98-C_comp.jams,953499,21.621293,1,2,3,3,reachable_error_kept_r_below_half,0.2872982
60431,03_SS3-98-C_comp.jams,959341,21.753764,1,2,3,3,reachable_error_kept_r_below_half,0.1153679
60434,03_SS3-98-C_comp.jams,965444,21.892154,1,2,3,3,reachable_error_kept_r_below_half,0.2159155
60471,03_SS3-98-C_comp.jams,1047657,23.756395,1,3,2,2,reachable_error_kept_r_below_half,0.3412668
60476,03_SS3-98-C_comp.jams,1066774,24.189887,1,2,3,3,reachable_error_kept_r_below_half,0.2724826
60482,03_SS3-98-C_comp.jams,1082398,24.544172,1,2,3,3,reachable_error_kept_r_below_half,0.4926071
60519,03_SS3-98-C_comp.jams,1183238,26.830794,1,2,3,3,reachable_error_kept_r_below_half,0.0642034
60554,03_SS3-98-C_comp.jams,1264185,28.666327,1,2,4,4,reachable_error_kept_r_below_half,0.4262326
60560,03_SS3-98-C_comp.jams,1278036,28.980408,1,2,4,4,reachable_error_kept_r_below_half,0.1030523
60593,03_SS3-98-C_comp.jams,1370675,31.081066,1,3,4,4,reachable_error_blocked_r_at_least_half,0.5305225
60600,03_SS3-98-C_comp.jams,1384679,31.398617,1,2,4,3,reachable_error_changed_to_wrong_K,0.1182304
60609,03_SS3-98-C_comp.jams,1417092,32.133605,1,2,3,3,reachable_error_kept_r_below_half,0.4341305
60637,03_SS3-98-C_comp.jams,1472435,33.388549,1,2,3,3,reachable_error_kept_r_below_half,0.4321957
60641,03_SS3-98-C_comp.jams,1479853,33.556757,1,2,3,3,reachable_error_kept_r_below_half,0.1997361
60671,03_SS3-98-C_comp.jams,1546560,35.069388,1,2,4,3,reachable_error_changed_to_wrong_K,0.278077
60677,03_SS3-98-C_comp.jams,1566857,35.529637,1,3,2,2,reachable_error_kept_r_below_half,0.2562453
60697,03_SS3-98-C_comp.jams,1620115,36.737302,1,2,3,3,reachable_error_kept_r_below_half,0.4804896
60712,03_SS3-98-C_comp.jams,1654448,37.515828,1,3,4,4,reachable_error_kept_r_below_half,0.2619437
61717,04_BN3-154-E_comp.jams,121031,2.744467,1,2,4,3,reachable_error_changed_to_wrong_K,0.4184313
61733,04_BN3-154-E_comp.jams,172808,3.918549,1,3,2,2,reachable_error_kept_r_below_half,0.0962177
61740,04_BN3-154-E_comp.jams,197462,4.477596,1,3,4,4,reachable_error_blocked_r_at_least_half,0.7119762
61759,04_BN3-154-E_comp.jams,258007,5.850499,1,3,4,4,reachable_error_blocked_r_at_least_half,0.7334704
61811,04_BN3-154-E_comp.jams,472216,10.707846,1,2,4,4,reachable_error_blocked_r_at_least_half,0.6024432
61930,04_BN3-154-E_comp.jams,944264,21.411882,1,3,4,4,reachable_error_blocked_r_at_least_half,0.7901791
61964,04_BN3-154-E_comp.jams,1081578,24.525578,1,2,4,4,reachable_error_blocked_r_at_least_half,0.5989117
63158,04_Funk2-119-G_comp.jams,330,0.007483,1,4,3,3,reachable_error_kept_r_below_half,0.2934206
63184,04_Funk2-119-G_comp.jams,106644,2.418231,1,2,3,3,reachable_error_kept_r_below_half,0.3817695
63194,04_Funk2-119-G_comp.jams,145360,3.296145,1,4,3,3,reachable_error_blocked_r_at_least_half,0.5041351
63199,04_Funk2-119-G_comp.jams,163202,3.700726,1,3,2,2,reachable_error_blocked_r_at_least_half,0.5465807
63221,04_Funk2-119-G_comp.jams,234109,5.308594,1,2,4,3,reachable_error_changed_to_wrong_K,0.4531059
63242,04_Funk2-119-G_comp.jams,341491,7.74356,1,2,3,3,reachable_error_kept_r_below_half,0.1345503
63250,04_Funk2-119-G_comp.jams,374706,8.496735,1,3,2,2,reachable_error_blocked_r_at_least_half,0.5048515
63259,04_Funk2-119-G_comp.jams,407122,9.231791,1,2,3,3,reachable_error_kept_r_below_half,0.3081838
63270,04_Funk2-119-G_comp.jams,445683,10.10619,1,2,3,4,reachable_error_changed_to_wrong_K,0.2267679
63356,04_Funk2-119-G_comp.jams,744435,16.880612,1,2,3,3,reachable_error_kept_r_below_half,0.3760011
63372,04_Funk2-119-G_comp.jams,810521,18.379161,1,4,3,3,reachable_error_blocked_r_at_least_half,0.5541668
63386,04_Funk2-119-G_comp.jams,862947,19.567959,1,2,3,3,reachable_error_blocked_r_at_least_half,0.6281409
63393,04_Funk2-119-G_comp.jams,900808,20.426485,1,2,3,3,reachable_error_kept_r_below_half,0.3359162
63396,04_Funk2-119-G_comp.jams,922551,20.919524,1,2,3,3,reachable_error_kept_r_below_half,0.4020565
63402,04_Funk2-119-G_comp.jams,952738,21.604036,1,2,3,3,reachable_error_kept_r_below_half,0.4585909
63444,04_Funk2-119-G_comp.jams,1111481,25.203651,1,3,4,4,reachable_error_kept_r_below_half,0.3717087
63461,04_Funk2-119-G_comp.jams,1152744,26.13932,1,2,3,3,reachable_error_kept_r_below_half,0.2137234
63465,04_Funk2-119-G_comp.jams,1167082,26.464444,1,3,4,4,reachable_error_kept_r_below_half,0.3893986
63469,04_Funk2-119-G_comp.jams,1178032,26.712744,1,3,4,4,reachable_error_kept_r_below_half,0.3488424
63488,04_Funk2-119-G_comp.jams,1228908,27.866395,1,3,2,2,reachable_error_kept_r_below_half,0.4473403
63493,04_Funk2-119-G_comp.jams,1244719,28.224921,1,2,3,3,reachable_error_kept_r_below_half,0.2183564
63509,04_Funk2-119-G_comp.jams,1296246,29.393333,1,3,2,2,reachable_error_kept_r_below_half,0.4250227
63530,04_Funk2-119-G_comp.jams,1368178,31.024444,1,4,3,3,reachable_error_kept_r_below_half,0.4410253
63759,04_Funk3-112-C#_comp.jams,14,0.000317,1,4,3,3,reachable_error_blocked_r_at_least_half,0.5835991
63785,04_Funk3-112-C#_comp.jams,83006,1.882222,1,3,4,4,reachable_error_kept_r_below_half,0.3858418
63837,04_Funk3-112-C#_comp.jams,260872,5.915465,1,3,4,4,reachable_error_kept_r_below_half,0.4026935
63851,04_Funk3-112-C#_comp.jams,319906,7.254104,1,3,2,2,reachable_error_kept_r_below_half,0.3394985
63853,04_Funk3-112-C#_comp.jams,327974,7.437052,1,2,3,3,reachable_error_kept_r_below_half,0.0470848
63864,04_Funk3-112-C#_comp.jams,378798,8.589524,1,4,3,3,reachable_error_kept_r_below_half,0.3672364
63910,04_Funk3-112-C#_comp.jams,508259,11.525147,1,4,2,5,reachable_error_changed_to_wrong_K,0.3509053
63943,04_Funk3-112-C#_comp.jams,603064,13.674921,1,3,4,4,reachable_error_kept_r_below_half,0.429217
63952,04_Funk3-112-C#_comp.jams,621724,14.09805,1,3,4,4,reachable_error_kept_r_below_half,0.360395
63955,04_Funk3-112-C#_comp.jams,633653,14.368549,1,2,3,3,reachable_error_kept_r_below_half,0.3064023
63958,04_Funk3-112-C#_comp.jams,639499,14.501111,1,3,2,4,reachable_error_changed_to_wrong_K,0.2731249
64029,04_Funk3-112-C#_comp.jams,849916,19.272472,1,3,4,4,reachable_error_kept_r_below_half,0.3818935
64037,04_Funk3-112-C#_comp.jams,868861,19.702063,1,2,3,3,reachable_error_kept_r_below_half,0.480991
64041,04_Funk3-112-C#_comp.jams,886162,20.094376,1,3,4,4,reachable_error_blocked_r_at_least_half,0.5076571
64048,04_Funk3-112-C#_comp.jams,904695,20.514626,1,2,4,3,reachable_error_changed_to_wrong_K,0.2605336
64054,04_Funk3-112-C#_comp.jams,921956,20.906032,1,2,3,3,reachable_error_kept_r_below_half,0.3719342
64076,04_Funk3-112-C#_comp.jams,981136,22.247982,1,3,4,4,reachable_error_kept_r_below_half,0.4494486
64100,04_Funk3-112-C#_comp.jams,1059024,24.01415,1,2,3,3,reachable_error_blocked_r_at_least_half,0.5206374
64180,04_Funk3-112-C#_comp.jams,1282499,29.08161,1,2,4,3,reachable_error_changed_to_wrong_K,0.1035527
64241,04_Funk3-112-C#_comp.jams,1465508,33.231474,1,4,3,3,reachable_error_kept_r_below_half,0.3808983
73904,04_SS3-98-C_comp.jams,162399,3.682517,1,2,4,3,reachable_error_changed_to_wrong_K,0.2224372
73920,04_SS3-98-C_comp.jams,216538,4.910159,1,4,2,3,reachable_error_changed_to_wrong_K,0.1784521
74132,04_SS3-98-C_comp.jams,864390,19.60068,1,3,2,2,reachable_error_kept_r_below_half,0.4875715
74278,04_SS3-98-C_comp.jams,1297419,29.419932,1,4,3,3,reachable_error_kept_r_below_half,0.4649958
74390,04_SS3-98-C_comp.jams,1621536,36.769524,1,2,3,4,reachable_error_changed_to_wrong_K,0.2529379
1740,00_Funk1-114-Ab_comp.jams,81863,1.856304,2,3,2,2,reachable_error_kept_r_below_half,0.4580145
1770,00_Funk1-114-Ab_comp.jams,187444,4.250431,2,3,2,2,reachable_error_kept_r_below_half,0.4102288
1789,00_Funk1-114-Ab_comp.jams,232904,5.28127,2,5,3,3,reachable_error_kept_r_below_half,0.4852435
1855,00_Funk1-114-Ab_comp.jams,401647,9.107642,2,3,4,4,reachable_error_blocked_r_at_least_half,0.5067776
1887,00_Funk1-114-Ab_comp.jams,527869,11.969819,2,3,2,2,reachable_error_kept_r_below_half,0.3586352
1901,00_Funk1-114-Ab_comp.jams,637811,14.462834,2,2,3,3,reachable_error_kept_r_below_half,0.4198939
1913,00_Funk1-114-Ab_comp.jams,691609,15.682744,2,3,2,2,reachable_error_kept_r_below_half,0.453802
1917,00_Funk1-114-Ab_comp.jams,702309,15.925374,2,3,2,2,reachable_error_blocked_r_at_least_half,0.5661868
1981,00_Funk1-114-Ab_comp.jams,882426,20.00966,2,5,4,4,reachable_error_kept_r_below_half,0.297182
1994,00_Funk1-114-Ab_comp.jams,914842,20.744717,2,4,3,3,reachable_error_blocked_r_at_least_half,0.6434612
2012,00_Funk1-114-Ab_comp.jams,1006119,22.81449,2,3,4,4,reachable_error_kept_r_below_half,0.4027223
5560,00_Jazz1-200-B_comp.jams,265055,6.010317,2,3,2,2,reachable_error_kept_r_below_half,0.2483526
5621,00_Jazz1-200-B_comp.jams,497775,11.287415,2,5,4,4,reachable_error_kept_r_below_half,0.3086939
5629,00_Jazz1-200-B_comp.jams,516788,11.718549,2,2,4,3,reachable_error_changed_to_wrong_K,0.0173949
5639,00_Jazz1-200-B_comp.jams,540257,12.250726,2,3,2,2,reachable_error_kept_r_below_half,0.2949258
5642,00_Jazz1-200-B_comp.jams,562576,12.756825,2,4,3,3,reachable_error_blocked_r_at_least_half,0.5157651
5645,00_Jazz1-200-B_comp.jams,576015,13.061565,2,3,4,4,reachable_error_blocked_r_at_least_half,0.5586151
5652,00_Jazz1-200-B_comp.jams,593535,13.458844,2,3,2,2,reachable_error_kept_r_below_half,0.4916705
5658,00_Jazz1-200-B_comp.jams,605896,13.739138,2,2,3,3,reachable_error_kept_r_below_half,0.1722386
5805,00_Jazz2-110-Bb_comp.jams,109015,2.471995,2,3,2,2,reachable_error_kept_r_below_half,0.3718211
5814,00_Jazz2-110-Bb_comp.jams,143115,3.245238,2,3,2,2,reachable_error_kept_r_below_half,0.3779111
5834,00_Jazz2-110-Bb_comp.jams,190785,4.32619,2,3,2,2,reachable_error_kept_r_below_half,0.4442858
6021,00_Jazz2-110-Bb_comp.jams,791338,17.944172,2,3,2,2,reachable_error_blocked_r_at_least_half,0.5569928
6075,00_Jazz2-110-Bb_comp.jams,949307,21.526236,2,2,3,3,reachable_error_kept_r_below_half,0.4302306
6109,00_Jazz2-110-Bb_comp.jams,1025048,23.243719,2,4,3,3,reachable_error_kept_r_below_half,0.4597425
6137,00_Jazz2-110-Bb_comp.jams,1095913,24.850635,2,3,2,2,reachable_error_kept_r_below_half,0.4425528
6185,00_Jazz2-110-Bb_comp.jams,1250457,28.355034,2,2,3,3,reachable_error_kept_r_below_half,0.4286308
6209,00_Jazz2-110-Bb_comp.jams,1320359,29.940113,2,3,2,2,reachable_error_kept_r_below_half,0.4619467
6235,00_Jazz2-110-Bb_comp.jams,1409923,31.971043,2,2,4,3,reachable_error_changed_to_wrong_K,0.2294671
8095,00_Rock1-130-A_comp.jams,143573,3.255624,2,3,4,4,reachable_error_kept_r_below_half,0.3736001
8192,00_Rock1-130-A_comp.jams,416352,9.441088,2,3,4,4,reachable_error_kept_r_below_half,0.1870558
8208,00_Rock1-130-A_comp.jams,446560,10.126077,2,2,4,3,reachable_error_changed_to_wrong_K,0.1677152
8232,00_Rock1-130-A_comp.jams,508494,11.530476,2,4,3,2,reachable_error_changed_to_wrong_K,0.3289545
8300,00_Rock1-130-A_comp.jams,671940,15.236735,2,5,4,4,reachable_error_kept_r_below_half,0.1820008
8316,00_Rock1-130-A_comp.jams,712024,16.145669,2,3,2,2,reachable_error_kept_r_below_half,0.2749706
8323,00_Rock1-130-A_comp.jams,727131,16.488231,2,2,3,3,reachable_error_kept_r_below_half,0.2545395
8333,00_Rock1-130-A_comp.jams,752712,17.068299,2,2,3,3,reachable_error_kept_r_below_half,0.2380686
8342,00_Rock1-130-A_comp.jams,773135,17.531406,2,3,4,4,reachable_error_kept_r_below_half,0.2759295
8391,00_Rock1-130-A_comp.jams,894899,20.292494,2,3,2,2,reachable_error_kept_r_below_half,0.4297762
10666,00_Rock2-85-F_comp.jams,613574,13.913243,2,2,3,3,reachable_error_kept_r_below_half,0.286507
10754,00_Rock2-85-F_comp.jams,815500,18.492063,2,3,2,2,reachable_error_blocked_r_at_least_half,0.5341592
10811,00_Rock2-85-F_comp.jams,940870,21.334921,2,2,3,3,reachable_error_kept_r_below_half,0.1197504
10819,00_Rock2-85-F_comp.jams,956726,21.694467,2,3,2,2,reachable_error_kept_r_below_half,0.4037101
10846,00_Rock2-85-F_comp.jams,1028255,23.31644,2,2,3,3,reachable_error_kept_r_below_half,0.2781167
10901,00_Rock2-85-F_comp.jams,1151660,26.114739,2,5,4,4,reachable_error_kept_r_below_half,0.3908011
10979,00_Rock2-85-F_comp.jams,1347242,30.549705,2,4,2,2,reachable_error_kept_r_below_half,0.3129666
11011,00_Rock2-85-F_comp.jams,1425816,32.331429,2,3,4,4,reachable_error_kept_r_below_half,0.3912378
11026,00_Rock2-85-F_comp.jams,1463484,33.185578,2,5,4,4,reachable_error_kept_r_below_half,0.3636349
11034,00_Rock2-85-F_comp.jams,1486560,33.708844,2,3,4,4,reachable_error_kept_r_below_half,0.2506179
11076,00_Rock2-85-F_comp.jams,1579251,35.81068,2,5,4,4,reachable_error_kept_r_below_half,0.348069
11080,00_Rock2-85-F_comp.jams,1587527,35.998345,2,3,4,4,reachable_error_kept_r_below_half,0.3617625
11091,00_Rock2-85-F_comp.jams,1610486,36.518957,2,3,2,2,reachable_error_kept_r_below_half,0.4492494
11102,00_Rock2-85-F_comp.jams,1633532,37.041542,2,4,2,3,reachable_error_changed_to_wrong_K,0.2707767
11111,00_Rock2-85-F_comp.jams,1650655,37.429819,2,3,4,4,reachable_error_kept_r_below_half,0.3349889
11136,00_Rock2-85-F_comp.jams,1712130,38.82381,2,5,4,4,reachable_error_kept_r_below_half,0.3910541
11144,00_Rock2-85-F_comp.jams,1727887,39.181111,2,3,2,2,reachable_error_kept_r_below_half,0.1012576
11176,00_Rock2-85-F_comp.jams,1798477,40.781791,2,5,4,4,reachable_error_kept_r_below_half,0.238255
11183,00_Rock2-85-F_comp.jams,1812996,41.11102,2,3,2,2,reachable_error_kept_r_below_half,0.1755141
18333,01_Funk1-114-Ab_comp.jams,15,0.00034,2,3,4,4,reachable_error_blocked_r_at_least_half,0.7204111
18352,01_Funk1-114-Ab_comp.jams,79644,1.805986,2,3,4,4,reachable_error_kept_r_below_half,0.2604437
18363,01_Funk1-114-Ab_comp.jams,122096,2.768617,2,3,2,2,reachable_error_blocked_r_at_least_half,0.5403715
18371,01_Funk1-114-Ab_comp.jams,155985,3.537075,2,3,2,4,reachable_error_changed_to_wrong_K,0.2746613
18384,01_Funk1-114-Ab_comp.jams,216973,4.920023,2,3,2,2,reachable_error_kept_r_below_half,0.062996
18404,01_Funk1-114-Ab_comp.jams,301889,6.845556,2,2,3,3,reachable_error_kept_r_below_half,0.4724203
18445,01_Funk1-114-Ab_comp.jams,453115,10.274717,2,3,4,4,reachable_error_kept_r_below_half,0.4566649
18453,01_Funk1-114-Ab_comp.jams,476352,10.801633,2,3,4,4,reachable_error_blocked_r_at_least_half,0.5516855
18464,01_Funk1-114-Ab_comp.jams,510863,11.584195,2,2,4,4,reachable_error_kept_r_below_half,0.4372064
18505,01_Funk1-114-Ab_comp.jams,683765,15.504875,2,3,4,4,reachable_error_blocked_r_at_least_half,0.5162068
18520,01_Funk1-114-Ab_comp.jams,742664,16.840454,2,3,4,4,reachable_error_kept_r_below_half,0.4895898
18523,01_Funk1-114-Ab_comp.jams,754530,17.109524,2,3,4,4,reachable_error_blocked_r_at_least_half,0.5559695
18542,01_Funk1-114-Ab_comp.jams,848433,19.238844,2,3,4,4,reachable_error_blocked_r_at_least_half,0.6162145
18546,01_Funk1-114-Ab_comp.jams,864885,19.611905,2,3,4,4,reachable_error_blocked_r_at_least_half,0.5487102
18568,01_Funk1-114-Ab_comp.jams,940105,21.317574,2,2,3,3,reachable_error_blocked_r_at_least_half,0.5039623
18603,01_Funk1-114-Ab_comp.jams,1101752,24.983039,2,2,4,4,reachable_error_kept_r_below_half,0.2421463
18604,01_Funk1-114-Ab_comp.jams,1108321,25.131995,2,2,3,3,reachable_error_kept_r_below_half,0.2817151
18609,01_Funk1-114-Ab_solo.jams,57189,1.296803,2,2,4,4,reachable_error_kept_r_below_half,0.1998877
21755,01_Jazz1-200-B_comp.jams,1,2.3e-05,2,2,4,4,reachable_error_blocked_r_at_least_half,0.5225971
22084,01_Jazz2-110-Bb_comp.jams,71254,1.615737,2,4,2,2,reachable_error_kept_r_below_half,0.1081839
22114,01_Jazz2-110-Bb_comp.jams,168369,3.817891,2,2,4,4,reachable_error_kept_r_below_half,0.3740083
22149,01_Jazz2-110-Bb_comp.jams,287923,6.528866,2,3,2,2,reachable_error_kept_r_below_half,0.3763598
22193,01_Jazz2-110-Bb_comp.jams,425336,9.644807,2,3,4,4,reachable_error_blocked_r_at_least_half,0.521196
22213,01_Jazz2-110-Bb_comp.jams,520375,11.799887,2,4,3,3,reachable_error_kept_r_below_half,0.4419696
22249,01_Jazz2-110-Bb_comp.jams,649054,14.717778,2,2,4,4,reachable_error_kept_r_below_half,0.2418995
22252,01_Jazz2-110-Bb_comp.jams,665940,15.10068,2,3,4,2,reachable_error_changed_to_wrong_K,0.1627076
22273,01_Jazz2-110-Bb_comp.jams,809588,18.358005,2,3,4,4,reachable_error_blocked_r_at_least_half,0.5336379
22285,01_Jazz2-110-Bb_comp.jams,840450,19.057823,2,3,4,4,reachable_error_kept_r_below_half,0.4126869
22347,01_Jazz2-110-Bb_comp.jams,1057492,23.97941,2,3,2,2,reachable_error_kept_r_below_half,0.4095179
23870,01_Rock1-130-A_comp.jams,19767,0.448231,2,3,2,2,reachable_error_kept_r_below_half,0.4556309
23893,01_Rock1-130-A_comp.jams,101024,2.290794,2,2,4,4,reachable_error_kept_r_below_half,0.3629568
23902,01_Rock1-130-A_comp.jams,131815,2.989002,2,3,4,4,reachable_error_kept_r_below_half,0.4742641
23924,01_Rock1-130-A_comp.jams,182837,4.145964,2,3,4,4,reachable_error_kept_r_below_half,0.3866735
23939,01_Rock1-130-A_comp.jams,235922,5.349705,2,3,4,4,reachable_error_kept_r_below_half,0.3761464
23997,01_Rock1-130-A_comp.jams,376517,8.5378,2,3,4,4,reachable_error_kept_r_below_half,0.3256582
24036,01_Rock1-130-A_comp.jams,466814,10.585351,2,2,4,3,reachable_error_changed_to_wrong_K,0.1844125
24071,01_Rock1-130-A_comp.jams,559979,12.697937,2,3,4,4,reachable_error_kept_r_below_half,0.3464315
24148,01_Rock1-130-A_comp.jams,753287,17.081338,2,3,4,4,reachable_error_kept_r_below_half,0.4587517
24172,01_Rock1-130-A_comp.jams,814339,18.465737,2,4,3,3,reachable_error_kept_r_below_half,0.2969878
24182,01_Rock1-130-A_comp.jams,834916,18.932336,2,3,2,2,reachable_error_kept_r_below_half,0.4191524
24205,01_Rock1-130-A_comp.jams,885184,20.0722,2,4,3,3,reachable_error_kept_r_below_half,0.3250646
26181,01_Rock2-85-F_comp.jams,45545,1.032766,2,2,3,3,reachable_error_kept_r_below_half,0.4515917
26227,01_Rock2-85-F_comp.jams,169646,3.846848,2,2,4,4,reachable_error_blocked_r_at_least_half,0.5434505
26250,01_Rock2-85-F_comp.jams,217241,4.9261,2,3,2,2,reachable_error_kept_r_below_half,0.4480478
26279,01_Rock2-85-F_comp.jams,294292,6.673288,2,3,4,2,reachable_error_changed_to_wrong_K,0.101173
26335,01_Rock2-85-F_comp.jams,420272,9.529977,2,2,3,3,reachable_error_kept_r_below_half,0.4802096
26433,01_Rock2-85-F_comp.jams,621879,14.101565,2,3,4,4,reachable_error_kept_r_below_half,0.3175268
26501,01_Rock2-85-F_comp.jams,793931,18.002971,2,4,2,3,reachable_error_changed_to_wrong_K,0.2407304
26540,01_Rock2-85-F_comp.jams,872870,19.792971,2,3,2,4,reachable_error_changed_to_wrong_K,0.1495353
26595,01_Rock2-85-F_comp.jams,995932,22.583492,2,3,4,4,reachable_error_blocked_r_at_least_half,0.5529799
26697,01_Rock2-85-F_comp.jams,1275730,28.928118,2,3,4,4,reachable_error_blocked_r_at_least_half,0.6671768
26723,01_Rock2-85-F_comp.jams,1337333,30.325011,2,3,4,4,reachable_error_kept_r_below_half,0.3913277
26764,01_Rock2-85-F_comp.jams,1447502,32.823175,2,3,4,4,reachable_error_kept_r_below_half,0.2577089
26777,01_Rock2-85-F_comp.jams,1492742,33.849025,2,3,4,4,reachable_error_kept_r_below_half,0.3090923
26802,01_Rock2-85-F_comp.jams,1540086,34.922585,2,3,4,4,reachable_error_kept_r_below_half,0.4510835
26854,01_Rock2-85-F_comp.jams,1664823,37.751088,2,3,4,4,reachable_error_blocked_r_at_least_half,0.644509
26881,01_Rock2-85-F_comp.jams,1743777,39.541429,2,2,3,3,reachable_error_kept_r_below_half,0.4595818
26980,01_Rock2-85-F_comp.jams,1960643,44.459025,2,2,4,4,reachable_error_kept_r_below_half,0.271195
33969,02_Funk1-114-Ab_comp.jams,209395,4.748186,2,3,2,2,reachable_error_blocked_r_at_least_half,0.5099407
34007,02_Funk1-114-Ab_comp.jams,319424,7.243175,2,3,2,2,reachable_error_blocked_r_at_least_half,0.5844712
34035,02_Funk1-114-Ab_comp.jams,413940,9.386395,2,3,2,2,reachable_error_blocked_r_at_least_half,0.5687246
34089,02_Funk1-114-Ab_comp.jams,580989,13.174354,2,3,2,2,reachable_error_blocked_r_at_least_half,0.5642121
34116,02_Funk1-114-Ab_comp.jams,674711,15.299569,2,3,2,2,reachable_error_blocked_r_at_least_half,0.5040271
34133,02_Funk1-114-Ab_comp.jams,719378,16.312426,2,3,2,2,reachable_error_blocked_r_at_least_half,0.5988052
34140,02_Funk1-114-Ab_comp.jams,743546,16.860454,2,3,2,2,reachable_error_blocked_r_at_least_half,0.5298564
34143,02_Funk1-114-Ab_comp.jams,766740,17.386395,2,3,2,2,reachable_error_kept_r_below_half,0.3578167
34149,02_Funk1-114-Ab_comp.jams,796598,18.063447,2,3,2,2,reachable_error_kept_r_below_half,0.4232713
34173,02_Funk1-114-Ab_comp.jams,859660,19.493424,2,3,4,4,reachable_error_kept_r_below_half,0.4836135
34192,02_Funk1-114-Ab_comp.jams,952592,21.600726,2,3,2,2,reachable_error_kept_r_below_half,0.4887608
34215,02_Funk1-114-Ab_comp.jams,1021902,23.172381,2,3,2,2,reachable_error_kept_r_below_half,0.4457882
34234,02_Funk1-114-Ab_comp.jams,1068376,24.226213,2,3,4,4,reachable_error_kept_r_below_half,0.4388042
37204,02_Jazz1-200-B_comp.jams,75061,1.702063,2,2,3,3,reachable_error_blocked_r_at_least_half,0.8224109
37232,02_Jazz1-200-B_comp.jams,144889,3.285465,2,3,2,2,reachable_error_blocked_r_at_least_half,0.5938585
37327,02_Jazz1-200-B_comp.jams,404519,9.172766,2,3,2,2,reachable_error_kept_r_below_half,0.2613675
37341,02_Jazz1-200-B_comp.jams,438035,9.932766,2,3,2,2,reachable_error_kept_r_below_half,0.3998505
37531,02_Jazz2-110-Bb_comp.jams,40750,0.924036,2,2,3,3,reachable_error_kept_r_below_half,0.4318602
37590,02_Jazz2-110-Bb_comp.jams,233445,5.293537,2,3,2,2,reachable_error_kept_r_below_half,0.3450986
37664,02_Jazz2-110-Bb_comp.jams,457168,10.366621,2,2,3,3,reachable_error_kept_r_below_half,0.4259892
37668,02_Jazz2-110-Bb_comp.jams,481683,10.922517,2,3,4,4,reachable_error_kept_r_below_half,0.4872757
37732,02_Jazz2-110-Bb_comp.jams,643139,14.583651,2,3,4,4,reachable_error_kept_r_below_half,0.4904737
37745,02_Jazz2-110-Bb_comp.jams,675135,15.309184,2,3,2,2,reachable_error_kept_r_below_half,0.3341938
37782,02_Jazz2-110-Bb_comp.jams,788576,17.881542,2,3,4,4,reachable_error_kept_r_below_half,0.3372516
37821,02_Jazz2-110-Bb_comp.jams,914387,20.734399,2,4,3,3,reachable_error_kept_r_below_half,0.44212
37828,02_Jazz2-110-Bb_comp.jams,931364,21.119365,2,2,4,4,reachable_error_kept_r_below_half,0.3420153
37839,02_Jazz2-110-Bb_comp.jams,962308,21.821043,2,3,4,2,reachable_error_changed_to_wrong_K,0.1592898
37866,02_Jazz2-110-Bb_comp.jams,1059006,24.013741,2,4,3,3,reachable_error_kept_r_below_half,0.4368001
37965,02_Jazz2-110-Bb_comp.jams,1290267,29.257755,2,2,4,3,reachable_error_changed_to_wrong_K,0.0985098
38001,02_Jazz2-110-Bb_comp.jams,1386229,31.433764,2,2,3,3,reachable_error_kept_r_below_half,0.4442959
38004,02_Jazz2-110-Bb_comp.jams,1408721,31.943787,2,2,3,3,reachable_error_kept_r_below_half,0.310085
38023,02_Jazz2-110-Bb_comp.jams,1456150,33.019274,2,2,3,3,reachable_error_kept_r_below_half,0.2948008
38034,02_Jazz2-110-Bb_comp.jams,1480944,33.581497,2,2,3,3,reachable_error_kept_r_below_half,0.2872379
39920,02_Rock1-130-A_comp.jams,316513,7.177166,2,2,4,3,reachable_error_changed_to_wrong_K,0.3543815
39955,02_Rock1-130-A_comp.jams,398158,9.028526,2,3,4,4,reachable_error_kept_r_below_half,0.341969
39984,02_Rock1-130-A_comp.jams,478957,10.860703,2,3,2,2,reachable_error_kept_r_below_half,0.2645773
40012,02_Rock1-130-A_comp.jams,600818,13.623991,2,3,4,4,reachable_error_kept_r_below_half,0.4616282
40036,02_Rock1-130-A_comp.jams,671409,15.224694,2,3,2,2,reachable_error_kept_r_below_half,0.3539928
40084,02_Rock1-130-A_comp.jams,784661,17.792766,2,3,2,2,reachable_error_kept_r_below_half,0.2194595
40097,02_Rock1-130-A_comp.jams,833791,18.906825,2,3,4,4,reachable_error_blocked_r_at_least_half,0.5084212
41444,02_Rock2-85-F_comp.jams,46751,1.060113,2,3,2,2,reachable_error_blocked_r_at_least_half,0.5028528
41453,02_Rock2-85-F_comp.jams,91974,2.085578,2,3,2,2,reachable_error_blocked_r_at_least_half,0.5968317
41477,02_Rock2-85-F_comp.jams,217864,4.940227,2,3,2,2,reachable_error_kept_r_below_half,0.4839657
41496,02_Rock2-85-F_comp.jams,280981,6.371451,2,3,2,2,reachable_error_blocked_r_at_least_half,0.5235802
41501,02_Rock2-85-F_comp.jams,296351,6.719977,2,3,2,2,reachable_error_kept_r_below_half,0.4694449
41548,02_Rock2-85-F_comp.jams,467067,10.591088,2,3,2,2,reachable_error_blocked_r_at_least_half,0.5004883
41629,02_Rock2-85-F_comp.jams,670613,15.206644,2,2,3,3,reachable_error_blocked_r_at_least_half,0.5518015
41746,02_Rock2-85-F_comp.jams,1059241,24.01907,2,3,2,2,reachable_error_blocked_r_at_least_half,0.5097491
41794,02_Rock2-85-F_comp.jams,1276671,28.949456,2,3,2,2,reachable_error_blocked_r_at_least_half,0.5544742
41880,02_Rock2-85-F_comp.jams,1525907,34.601066,2,4,3,3,reachable_error_kept_r_below_half,0.3032141
48781,03_Funk1-114-Ab_comp.jams,93255,2.114626,2,4,3,3,reachable_error_kept_r_below_half,0.407712
48785,03_Funk1-114-Ab_comp.jams,127697,2.895624,2,3,4,4,reachable_error_blocked_r_at_least_half,0.5459732
48802,03_Funk1-114-Ab_comp.jams,209742,4.756054,2,3,4,4,reachable_error_kept_r_below_half,0.2766185
48813,03_Funk1-114-Ab_comp.jams,255317,5.789501,2,3,4,4,reachable_error_blocked_r_at_least_half,0.6546683
48839,03_Funk1-114-Ab_comp.jams,332597,7.541882,2,2,3,3,reachable_error_kept_r_below_half,0.4978699
48848,03_Funk1-114-Ab_comp.jams,381860,8.658957,2,3,2,2,reachable_error_kept_r_below_half,0.4336622
48925,03_Funk1-114-Ab_comp.jams,649713,14.732721,2,3,4,4,reachable_error_blocked_r_at_least_half,0.6082109
49015,03_Funk1-114-Ab_comp.jams,1030137,23.359116,2,2,4,3,reachable_error_changed_to_wrong_K,0.1511413
49023,03_Funk1-114-Ab_comp.jams,1067593,24.208458,2,3,4,4,reachable_error_kept_r_below_half,0.4712262
51763,03_Jazz1-200-B_comp.jams,13844,0.313923,2,3,4,2,reachable_error_changed_to_wrong_K,0.2764019
51771,03_Jazz1-200-B_comp.jams,64475,1.462018,2,3,4,4,reachable_error_blocked_r_at_least_half,0.6090435
51819,03_Jazz1-200-B_comp.jams,380886,8.636871,2,3,2,2,reachable_error_blocked_r_at_least_half,0.6187937
51983,03_Jazz2-110-Bb_comp.jams,96552,2.189388,2,3,4,2,reachable_error_changed_to_wrong_K,0.1066948
52096,03_Jazz2-110-Bb_comp.jams,519782,11.78644,2,4,2,2,reachable_error_kept_r_below_half,0.4355509
52155,03_Jazz2-110-Bb_comp.jams,721000,16.349206,2,3,2,2,reachable_error_kept_r_below_half,0.3066834
52183,03_Jazz2-110-Bb_comp.jams,811542,18.402313,2,4,3,2,reachable_error_changed_to_wrong_K,0.1287809
52310,03_Jazz2-110-Bb_comp.jams,1313987,29.795624,2,4,2,3,reachable_error_changed_to_wrong_K,0.4564372
53765,03_Rock1-130-A_comp.jams,52604,1.192834,2,3,4,4,reachable_error_blocked_r_at_least_half,0.5754815
53782,03_Rock1-130-A_comp.jams,102637,2.32737,2,3,4,4,reachable_error_kept_r_below_half,0.3657176
53812,03_Rock1-130-A_comp.jams,183122,4.152426,2,3,4,4,reachable_error_kept_r_below_half,0.4981927
53870,03_Rock1-130-A_comp.jams,325102,7.371927,2,2,4,3,reachable_error_changed_to_wrong_K,0.3041793
53879,03_Rock1-130-A_comp.jams,348179,7.895215,2,2,3,3,reachable_error_kept_r_below_half,0.3826714
53900,03_Rock1-130-A_comp.jams,397430,9.012018,2,3,4,4,reachable_error_kept_r_below_half,0.4122134
53908,03_Rock1-130-A_comp.jams,417648,9.470476,2,3,4,4,reachable_error_kept_r_below_half,0.3432274
53922,03_Rock1-130-A_comp.jams,447335,10.143651,2,2,4,3,reachable_error_changed_to_wrong_K,0.3019715
53932,03_Rock1-130-A_comp.jams,467223,10.594626,2,3,4,4,reachable_error_kept_r_below_half,0.1969182
53948,03_Rock1-130-A_comp.jams,508576,11.532336,2,2,4,3,reachable_error_changed_to_wrong_K,0.2007883
53959,03_Rock1-130-A_comp.jams,539676,12.237551,2,3,4,4,reachable_error_kept_r_below_half,0.4184116
53973,03_Rock1-130-A_comp.jams,569920,12.923356,2,2,3,3,reachable_error_kept_r_below_half,0.4060572
53983,03_Rock1-130-A_comp.jams,599755,13.599887,2,2,3,3,reachable_error_kept_r_below_half,0.420875
54074,03_Rock1-130-A_comp.jams,834770,18.929025,2,3,2,2,reachable_error_kept_r_below_half,0.3058205
55489,03_Rock2-85-F_comp.jams,46071,1.044694,2,3,4,4,reachable_error_blocked_r_at_least_half,0.5199832
55546,03_Rock2-85-F_comp.jams,247178,5.604943,2,3,4,4,reachable_error_blocked_r_at_least_half,0.6170558
55564,03_Rock2-85-F_comp.jams,294537,6.678844,2,3,2,2,reachable_error_blocked_r_at_least_half,0.5525066
55621,03_Rock2-85-F_comp.jams,464775,10.539116,2,2,4,4,reachable_error_blocked_r_at_least_half,0.5578752
55661,03_Rock2-85-F_comp.jams,591376,13.409887,2,3,4,4,reachable_error_blocked_r_at_least_half,0.5420883
55747,03_Rock2-85-F_comp.jams,838365,19.010544,2,3,4,4,reachable_error_kept_r_below_half,0.3763874
55762,03_Rock2-85-F_comp.jams,870455,19.738209,2,2,3,3,reachable_error_kept_r_below_half,0.4459615
55777,03_Rock2-85-F_comp.jams,900877,20.42805,2,3,4,4,reachable_error_kept_r_below_half,0.4081787
55836,03_Rock2-85-F_comp.jams,1041888,23.625578,2,3,4,4,reachable_error_kept_r_below_half,0.3295929
55918,03_Rock2-85-F_comp.jams,1290725,29.268141,2,3,4,4,reachable_error_kept_r_below_half,0.4993238
55940,03_Rock2-85-F_comp.jams,1336841,30.313855,2,3,4,4,reachable_error_kept_r_below_half,0.4834294
55989,03_Rock2-85-F_comp.jams,1461538,33.141451,2,3,4,2,reachable_error_changed_to_wrong_K,0.1890201
56105,03_Rock2-85-F_comp.jams,1835754,41.627075,2,3,4,4,reachable_error_kept_r_below_half,0.4038292
56136,03_Rock2-85-F_comp.jams,1898945,43.059977,2,3,2,2,reachable_error_kept_r_below_half,0.2635802
56142,03_Rock2-85-F_comp.jams,1912854,43.375374,2,2,3,3,reachable_error_kept_r_below_half,0.1074929
62095,04_Funk1-114-Ab_comp.jams,27,0.000612,2,3,4,4,reachable_error_blocked_r_at_least_half,0.5559778
62120,04_Funk1-114-Ab_comp.jams,93577,2.121927,2,3,4,4,reachable_error_blocked_r_at_least_half,0.5490919
62129,04_Funk1-114-Ab_comp.jams,111846,2.53619,2,3,4,2,reachable_error_changed_to_wrong_K,0.1944125
62136,04_Funk1-114-Ab_comp.jams,151131,3.427007,2,3,4,4,reachable_error_kept_r_below_half,0.4595627
62159,04_Funk1-114-Ab_comp.jams,243900,5.530612,2,3,4,4,reachable_error_blocked_r_at_least_half,0.5957404
62167,04_Funk1-114-Ab_comp.jams,278819,6.322426,2,3,4,4,reachable_error_blocked_r_at_least_half,0.5107543
62193,04_Funk1-114-Ab_comp.jams,355248,8.05551,2,2,3,3,reachable_error_kept_r_below_half,0.2900246
62197,04_Funk1-114-Ab_comp.jams,371603,8.426372,2,3,4,4,reachable_error_blocked_r_at_least_half,0.5421081
62213,04_Funk1-114-Ab_comp.jams,429902,9.748345,2,3,4,4,reachable_error_blocked_r_at_least_half,0.5616918
62275,04_Funk1-114-Ab_comp.jams,662258,15.017188,2,3,4,4,reachable_error_blocked_r_at_least_half,0.554967
62280,04_Funk1-114-Ab_comp.jams,679747,15.413764,2,3,2,2,reachable_error_blocked_r_at_least_half,0.5477553
62294,04_Funk1-114-Ab_comp.jams,726698,16.478413,2,3,2,2,reachable_error_blocked_r_at_least_half,0.5457422
62299,04_Funk1-114-Ab_comp.jams,742890,16.845578,2,3,4,4,reachable_error_blocked_r_at_least_half,0.5538957
62302,04_Funk1-114-Ab_comp.jams,753891,17.095034,2,3,4,4,reachable_error_kept_r_below_half,0.4454714
62324,04_Funk1-114-Ab_comp.jams,846375,19.192177,2,3,4,4,reachable_error_blocked_r_at_least_half,0.5425097
62333,04_Funk1-114-Ab_comp.jams,881982,19.999592,2,3,4,4,reachable_error_blocked_r_at_least_half,0.6169023
62348,04_Funk1-114-Ab_comp.jams,939650,21.307256,2,3,4,4,reachable_error_blocked_r_at_least_half,0.5387557
62389,04_Funk1-114-Ab_comp.jams,1078810,24.462812,2,2,4,4,reachable_error_blocked_r_at_least_half,0.5491834
65495,04_Jazz1-200-B_comp.jams,79281,1.797755,2,2,4,3,reachable_error_changed_to_wrong_K,0.2609067
65533,04_Jazz1-200-B_comp.jams,184486,4.183356,2,2,4,4,reachable_error_kept_r_below_half,0.2216843
65646,04_Jazz1-200-B_comp.jams,515853,11.697347,2,3,4,2,reachable_error_changed_to_wrong_K,0.2565114
65856,04_Jazz2-110-Bb_comp.jams,192470,4.364399,2,3,2,2,reachable_error_kept_r_below_half,0.3475804
65904,04_Jazz2-110-Bb_comp.jams,362422,8.218186,2,3,4,4,reachable_error_kept_r_below_half,0.4830057
65934,04_Jazz2-110-Bb_comp.jams,471019,10.680703,2,3,4,4,reachable_error_blocked_r_at_least_half,0.6805758
65953,04_Jazz2-110-Bb_comp.jams,521558,11.826712,2,3,4,4,reachable_error_blocked_r_at_least_half,0.6614039
65957,04_Jazz2-110-Bb_comp.jams,544818,12.35415,2,3,4,4,reachable_error_blocked_r_at_least_half,0.6004069
66008,04_Jazz2-110-Bb_comp.jams,712133,16.148141,2,4,3,3,reachable_error_kept_r_below_half,0.3806245
66141,04_Jazz2-110-Bb_comp.jams,1240730,28.134467,2,3,4,4,reachable_error_blocked_r_at_least_half,0.5917165
66157,04_Jazz2-110-Bb_comp.jams,1287324,29.19102,2,3,4,4,reachable_error_kept_r_below_half,0.4902957
67781,04_Rock1-130-A_comp.jams,367194,8.326395,2,3,2,2,reachable_error_blocked_r_at_least_half,0.5572205
67831,04_Rock1-130-A_comp.jams,487955,11.064739,2,2,4,4,reachable_error_kept_r_below_half,0.2279337
67846,04_Rock1-130-A_comp.jams,529403,12.004603,2,3,2,2,reachable_error_blocked_r_at_least_half,0.6275088
67858,04_Rock1-130-A_comp.jams,561338,12.728753,2,3,2,2,reachable_error_kept_r_below_half,0.4428397
67887,04_Rock1-130-A_comp.jams,651020,14.762358,2,3,4,4,reachable_error_kept_r_below_half,0.3382562
67922,04_Rock1-130-A_comp.jams,773945,17.549773,2,3,2,2,reachable_error_kept_r_below_half,0.4991795
67978,04_Rock1-130-A_comp.jams,937136,21.250249,2,3,2,2,reachable_error_kept_r_below_half,0.4982409
68070,04_Rock1-130-A_solo.jams,640339,14.520159,2,3,2,2,reachable_error_kept_r_below_half,0.3279729
2148,00_Funk2-108-Eb_comp.jams,4,9.1e-05,4,4,3,3,reachable_error_kept_r_below_half,0.1689301
2157,00_Funk2-108-Eb_comp.jams,32161,0.729274,4,3,2,2,reachable_error_kept_r_below_half,0.3729821
2160,00_Funk2-108-Eb_comp.jams,37692,0.854694,4,4,3,3,reachable_error_kept_r_below_half,0.2333546
2192,00_Funk2-108-Eb_comp.jams,117069,2.654626,4,3,2,2,reachable_error_kept_r_below_half,0.3018923
2231,00_Funk2-108-Eb_comp.jams,215789,4.893175,4,5,4,4,reachable_error_kept_r_below_half,0.3472641
2261,00_Funk2-108-Eb_comp.jams,294058,6.667982,4,4,3,3,reachable_error_kept_r_below_half,0.263382
2313,00_Funk2-108-Eb_comp.jams,465243,10.549728,4,4,3,3,reachable_error_kept_r_below_half,0.2312426
2396,00_Funk2-108-Eb_comp.jams,716123,16.238617,4,3,2,2,reachable_error_kept_r_below_half,0.0555221
2416,00_Funk2-108-Eb_comp.jams,765546,17.35932,4,3,2,2,reachable_error_blocked_r_at_least_half,0.6084386
2459,00_Funk2-108-Eb_comp.jams,893819,20.268005,4,5,3,3,reachable_error_kept_r_below_half,0.4064798
2467,00_Funk2-108-Eb_comp.jams,912479,20.691134,4,5,3,4,reachable_error_changed_to_wrong_K,0.2288443
2633,00_Funk2-108-Eb_comp.jams,1346702,30.53746,4,3,2,2,reachable_error_kept_r_below_half,0.2992432
5102,00_Jazz1-130-D_comp.jams,120389,2.729909,4,4,3,3,reachable_error_kept_r_below_half,0.4348699
5278,00_Jazz1-130-D_comp.jams,642024,14.558367,4,2,3,3,reachable_error_kept_r_below_half,0.1548163
5285,00_Jazz1-130-D_comp.jams,672060,15.239456,4,4,3,3,reachable_error_kept_r_below_half,0.3479456
6877,00_Jazz3-137-Eb_comp.jams,19743,0.447687,4,4,3,3,reachable_error_kept_r_below_half,0.4176471
6894,00_Jazz3-137-Eb_comp.jams,90345,2.048639,4,2,3,3,reachable_error_blocked_r_at_least_half,0.5553834
6969,00_Jazz3-137-Eb_comp.jams,360284,8.169705,4,2,3,3,reachable_error_kept_r_below_half,0.4354332
6978,00_Jazz3-137-Eb_comp.jams,397624,9.016417,4,2,3,3,reachable_error_blocked_r_at_least_half,0.6081616
6981,00_Jazz3-137-Eb_comp.jams,424291,9.621111,4,4,3,3,reachable_error_kept_r_below_half,0.3022068
7011,00_Jazz3-137-Eb_comp.jams,513679,11.64805,4,2,3,3,reachable_error_kept_r_below_half,0.4811291
7015,00_Jazz3-137-Eb_comp.jams,540682,12.260363,4,2,3,3,reachable_error_kept_r_below_half,0.3733448
7177,00_Jazz3-137-Eb_comp.jams,1190095,26.986281,4,2,3,3,reachable_error_blocked_r_at_least_half,0.503646
8736,00_Rock1-90-C#_comp.jams,108302,2.455828,4,3,2,2,reachable_error_kept_r_below_half,0.3485062
8759,00_Rock1-90-C#_comp.jams,166626,3.778367,4,3,2,2,reachable_error_kept_r_below_half,0.3905473
8788,00_Rock1-90-C#_comp.jams,234854,5.325488,4,5,3,4,reachable_error_changed_to_wrong_K,0.1762484
8797,00_Rock1-90-C#_comp.jams,256792,5.822948,4,3,2,2,reachable_error_kept_r_below_half,0.3251333
8811,00_Rock1-90-C#_comp.jams,287789,6.525828,4,5,3,3,reachable_error_kept_r_below_half,0.3048015
8834,00_Rock1-90-C#_comp.jams,339077,7.688821,4,3,4,5,reachable_error_changed_to_wrong_K,0.3001945
8844,00_Rock1-90-C#_comp.jams,367756,8.339138,4,4,3,3,reachable_error_kept_r_below_half,0.3694701
8851,00_Rock1-90-C#_comp.jams,382717,8.67839,4,3,2,2,reachable_error_kept_r_below_half,0.2846738
8863,00_Rock1-90-C#_comp.jams,410492,9.308209,4,4,3,3,reachable_error_kept_r_below_half,0.2732067
8951,00_Rock1-90-C#_comp.jams,609056,13.810794,4,3,2,2,reachable_error_kept_r_below_half,0.3675289
8967,00_Rock1-90-C#_comp.jams,645073,14.627506,4,5,4,4,reachable_error_kept_r_below_half,0.4056991
9020,00_Rock1-90-C#_comp.jams,771873,17.502789,4,5,3,3,reachable_error_kept_r_below_half,0.3814366
9051,00_Rock1-90-C#_comp.jams,844510,19.149887,4,5,4,4,reachable_error_kept_r_below_half,0.3409092
9058,00_Rock1-90-C#_comp.jams,859444,19.488526,4,5,3,3,reachable_error_kept_r_below_half,0.3885649
9061,00_Rock1-90-C#_comp.jams,867202,19.664444,4,4,3,3,reachable_error_kept_r_below_half,0.3764789
9091,00_Rock1-90-C#_comp.jams,939370,21.300907,4,2,3,3,reachable_error_kept_r_below_half,0.4529624
9116,00_Rock1-90-C#_comp.jams,1006298,22.818549,4,4,3,5,reachable_error_changed_to_wrong_K,0.2643937
9154,00_Rock1-90-C#_comp.jams,1087078,24.650295,4,4,3,3,reachable_error_kept_r_below_half,0.2203259
9255,00_Rock1-90-C#_comp.jams,1300516,29.490159,4,4,3,3,reachable_error_kept_r_below_half,0.4683633
9277,00_Rock1-90-C#_comp.jams,1344448,30.486349,4,5,3,3,reachable_error_kept_r_below_half,0.4398559
9358,00_Rock1-90-C#_solo.jams,138316,3.136417,4,2,3,3,reachable_error_blocked_r_at_least_half,0.5006945
9398,00_Rock1-90-C#_solo.jams,300183,6.806871,4,2,3,3,reachable_error_kept_r_below_half,0.3256889
9426,00_Rock1-90-C#_solo.jams,360242,8.168753,4,2,3,3,reachable_error_kept_r_below_half,0.4328906
9429,00_Rock1-90-C#_solo.jams,367878,8.341905,4,2,3,3,reachable_error_kept_r_below_half,0.3652901
9443,00_Rock1-90-C#_solo.jams,403640,9.152834,4,2,3,3,reachable_error_kept_r_below_half,0.3534828
9446,00_Rock1-90-C#_solo.jams,411033,9.320476,4,2,3,3,reachable_error_kept_r_below_half,0.2778355
9457,00_Rock1-90-C#_solo.jams,433466,9.829161,4,2,3,3,reachable_error_kept_r_below_half,0.4470964
14194,00_SS2-107-Ab_comp.jams,310513,7.041111,4,3,2,2,reachable_error_blocked_r_at_least_half,0.5561509
14292,00_SS2-107-Ab_comp.jams,606324,13.748844,4,3,2,2,reachable_error_kept_r_below_half,0.1808368
14363,00_SS2-107-Ab_comp.jams,804654,18.246122,4,3,2,2,reachable_error_kept_r_below_half,0.4309007
14539,00_SS2-107-Ab_comp.jams,1298798,29.451202,4,2,4,4,reachable_error_blocked_r_at_least_half,0.579719
18899,01_Funk2-108-Eb_comp.jams,244956,5.554558,4,4,3,3,reachable_error_kept_r_below_half,0.4774383
18903,01_Funk2-108-Eb_comp.jams,264065,5.987868,4,4,3,3,reachable_error_kept_r_below_half,0.4145854
18943,01_Funk2-108-Eb_comp.jams,424373,9.622971,4,2,3,3,reachable_error_blocked_r_at_least_half,0.5056298
18948,01_Funk2-108-Eb_comp.jams,441811,10.01839,4,4,3,3,reachable_error_kept_r_below_half,0.3594202
18987,01_Funk2-108-Eb_comp.jams,655182,14.856735,4,2,3,3,reachable_error_blocked_r_at_least_half,0.641017
19002,01_Funk2-108-Eb_comp.jams,734995,16.666553,4,2,3,3,reachable_error_blocked_r_at_least_half,0.5095693
19005,01_Funk2-108-Eb_comp.jams,753651,17.089592,4,2,3,3,reachable_error_kept_r_below_half,0.4494795
19036,01_Funk2-108-Eb_comp.jams,912988,20.702676,4,2,3,3,reachable_error_blocked_r_at_least_half,0.5276664
19045,01_Funk2-108-Eb_comp.jams,961771,21.808866,4,2,3,3,reachable_error_blocked_r_at_least_half,0.5585018
19048,01_Funk2-108-Eb_comp.jams,968447,21.960249,4,2,3,3,reachable_error_kept_r_below_half,0.4989638
19072,01_Funk2-108-Eb_comp.jams,1065672,24.164898,4,2,3,3,reachable_error_kept_r_below_half,0.4120075
19095,01_Funk2-108-Eb_comp.jams,1188594,26.952245,4,4,3,3,reachable_error_kept_r_below_half,0.3869934
19113,01_Funk2-108-Eb_comp.jams,1260785,28.589229,4,2,3,3,reachable_error_kept_r_below_half,0.4145497
19140,01_Funk2-108-Eb_comp.jams,1384559,31.395896,4,2,3,3,reachable_error_blocked_r_at_least_half,0.5244172
19147,01_Funk2-108-Eb_comp.jams,1421477,32.233039,4,2,3,3,reachable_error_kept_r_below_half,0.4119442
21392,01_Jazz1-130-D_comp.jams,20544,0.46585,4,2,3,3,reachable_error_blocked_r_at_least_half,0.6313967
21402,01_Jazz1-130-D_comp.jams,73418,1.664807,4,2,3,3,reachable_error_kept_r_below_half,0.4029205
21413,01_Jazz1-130-D_comp.jams,155136,3.517823,4,2,3,3,reachable_error_blocked_r_at_least_half,0.8306742
21415,01_Jazz1-130-D_comp.jams,182709,4.143061,4,2,3,3,reachable_error_blocked_r_at_least_half,0.7805376
21416,01_Jazz1-130-D_comp.jams,216242,4.903447,4,2,3,3,reachable_error_blocked_r_at_least_half,0.5836086
21422,01_Jazz1-130-D_comp.jams,264134,5.989433,4,2,3,3,reachable_error_kept_r_below_half,0.4334083
21434,01_Jazz1-130-D_comp.jams,318736,7.227574,4,2,3,3,reachable_error_blocked_r_at_least_half,0.721877
21477,01_Jazz1-130-D_comp.jams,460991,10.453311,4,2,3,3,reachable_error_kept_r_below_half,0.4904457
21490,01_Jazz1-130-D_comp.jams,503106,11.408299,4,2,3,3,reachable_error_blocked_r_at_least_half,0.7993551
21497,01_Jazz1-130-D_comp.jams,543167,12.316712,4,2,3,3,reachable_error_kept_r_below_half,0.1562177
21504,01_Jazz1-130-D_comp.jams,590746,13.395601,4,2,3,3,reachable_error_blocked_r_at_least_half,0.6908599
21576,01_Jazz1-130-D_comp.jams,866294,19.643855,4,2,3,3,reachable_error_kept_r_below_half,0.3519374
21584,01_Jazz1-130-D_comp.jams,916218,20.775918,4,2,3,3,reachable_error_kept_r_below_half,0.4631496
23073,01_Jazz3-137-Eb_comp.jams,77675,1.761338,4,2,3,3,reachable_error_blocked_r_at_least_half,0.7243066
23104,01_Jazz3-137-Eb_comp.jams,185724,4.211429,4,2,3,3,reachable_error_blocked_r_at_least_half,0.6224834
23115,01_Jazz3-137-Eb_comp.jams,231054,5.23932,4,3,2,2,reachable_error_kept_r_below_half,0.4848717
23195,01_Jazz3-137-Eb_comp.jams,571966,12.969751,4,2,3,3,reachable_error_blocked_r_at_least_half,0.5796962
23196,01_Jazz3-137-Eb_comp.jams,573749,13.010181,4,3,2,2,reachable_error_blocked_r_at_least_half,0.5035489
23264,01_Jazz3-137-Eb_comp.jams,880890,19.97483,4,4,3,3,reachable_error_kept_r_below_half,0.4968569
23319,01_Jazz3-137-Eb_comp.jams,1082215,24.540023,4,2,3,3,reachable_error_blocked_r_at_least_half,0.556598
23362,01_Jazz3-137-Eb_comp.jams,1227953,27.844739,4,2,3,3,reachable_error_kept_r_below_half,0.0635715
24497,01_Rock1-90-C#_comp.jams,4,9.1e-05,4,4,3,3,reachable_error_kept_r_below_half,0.3195861
24512,01_Rock1-90-C#_comp.jams,28932,0.656054,4,3,2,2,reachable_error_kept_r_below_half,0.3966736
24615,01_Rock1-90-C#_comp.jams,234248,5.311746,4,2,3,4,reachable_error_changed_to_wrong_K,0.1745293
24688,01_Rock1-90-C#_comp.jams,382424,8.671746,4,2,3,3,reachable_error_kept_r_below_half,0.4878747
24719,01_Rock1-90-C#_comp.jams,454615,10.30873,4,2,3,3,reachable_error_blocked_r_at_least_half,0.6409138
24757,01_Rock1-90-C#_comp.jams,528702,11.988707,4,3,2,2,reachable_error_kept_r_below_half,0.3232313
24758,01_Rock1-90-C#_comp.jams,530495,12.029365,4,2,3,3,reachable_error_blocked_r_at_least_half,0.5957378
24969,01_Rock1-90-C#_comp.jams,994496,22.55093,4,3,4,4,reachable_error_kept_r_below_half,0.2489277
24996,01_Rock1-90-C#_comp.jams,1056573,23.958571,4,2,3,3,reachable_error_kept_r_below_half,0.1566524
25078,01_Rock1-90-C#_comp.jams,1234614,27.995782,4,2,3,3,reachable_error_blocked_r_at_least_half,0.5418631
25137,01_Rock1-90-C#_comp.jams,1350903,30.632721,4,2,3,3,reachable_error_kept_r_below_half,0.4335625
25356,01_Rock1-90-C#_solo.jams,1381384,31.3239,4,2,3,3,reachable_error_blocked_r_at_least_half,0.5057732
29668,01_SS2-107-Ab_comp.jams,37495,0.850227,4,3,4,4,reachable_error_kept_r_below_half,0.4784772
29689,01_SS2-107-Ab_comp.jams,111269,2.523107,4,3,4,4,reachable_error_blocked_r_at_least_half,0.5015897
29822,01_SS2-107-Ab_comp.jams,629942,14.284399,4,4,3,3,reachable_error_kept_r_below_half,0.3936317
29848,01_SS2-107-Ab_comp.jams,729114,16.533197,4,4,3,3,reachable_error_blocked_r_at_least_half,0.5310749
30024,01_SS2-107-Ab_comp.jams,1471252,33.361723,4,4,3,3,reachable_error_kept_r_below_half,0.4852928
30050,01_SS2-107-Ab_comp.jams,1570150,35.604308,4,4,3,3,reachable_error_kept_r_below_half,0.4550617
30471,01_SS2-107-Ab_solo.jams,1522142,34.515692,4,2,3,3,reachable_error_blocked_r_at_least_half,0.6048547
34381,02_Funk2-108-Eb_comp.jams,5,0.000113,4,3,2,2,reachable_error_kept_r_below_half,0.4149897
34428,02_Funk2-108-Eb_comp.jams,123414,2.798503,4,3,2,2,reachable_error_kept_r_below_half,0.2603502
34485,02_Funk2-108-Eb_comp.jams,317048,7.189297,4,3,2,2,reachable_error_blocked_r_at_least_half,0.5167634
34496,02_Funk2-108-Eb_comp.jams,342740,7.771882,4,3,2,2,reachable_error_kept_r_below_half,0.2967504
34524,02_Funk2-108-Eb_comp.jams,466094,10.569025,4,2,3,3,reachable_error_kept_r_below_half,0.435559
34532,02_Funk2-108-Eb_comp.jams,491940,11.155102,4,2,3,3,reachable_error_blocked_r_at_least_half,0.7120727
34546,02_Funk2-108-Eb_comp.jams,539487,12.233265,4,4,3,3,reachable_error_kept_r_below_half,0.3208602
34591,02_Funk2-108-Eb_comp.jams,729500,16.54195,4,2,3,3,reachable_error_kept_r_below_half,0.2856012
34624,02_Funk2-108-Eb_comp.jams,858031,19.456485,4,3,4,4,reachable_error_blocked_r_at_least_half,0.5417511
34631,02_Funk2-108-Eb_comp.jams,882984,20.022313,4,3,2,2,reachable_error_kept_r_below_half,0.4682841
34706,02_Funk2-108-Eb_comp.jams,1101068,24.967528,4,3,2,2,reachable_error_kept_r_below_half,0.4771315
34739,02_Funk2-108-Eb_comp.jams,1225742,27.794603,4,2,3,3,reachable_error_blocked_r_at_least_half,0.6141376
34792,02_Funk2-108-Eb_comp.jams,1397148,31.681361,4,3,4,2,reachable_error_changed_to_wrong_K,0.2027515
34807,02_Funk2-108-Eb_comp.jams,1495371,33.908639,4,2,3,3,reachable_error_blocked_r_at_least_half,0.5204488
36753,02_Jazz1-130-D_comp.jams,101128,2.293152,4,3,2,2,reachable_error_blocked_r_at_least_half,0.6338987
36792,02_Jazz1-130-D_comp.jams,276888,6.278639,4,2,3,3,reachable_error_kept_r_below_half,0.2548485
36803,02_Jazz1-130-D_comp.jams,317040,7.189116,4,3,2,2,reachable_error_kept_r_below_half,0.4835821
36906,02_Jazz1-130-D_comp.jams,705690,16.002041,4,3,2,2,reachable_error_blocked_r_at_least_half,0.5407344
36962,02_Jazz1-130-D_comp.jams,915751,20.765329,4,2,3,3,reachable_error_blocked_r_at_least_half,0.5410384
36979,02_Jazz1-130-D_comp.jams,957519,21.712449,4,3,2,2,reachable_error_blocked_r_at_least_half,0.6400029
38606,02_Jazz3-137-Eb_comp.jams,19838,0.449841,4,3,2,2,reachable_error_kept_r_below_half,0.4973679
38701,02_Jazz3-137-Eb_comp.jams,366712,8.315465,4,2,3,3,reachable_error_kept_r_below_half,0.2573799
38746,02_Jazz3-137-Eb_comp.jams,522143,11.839977,4,3,2,2,reachable_error_kept_r_below_half,0.4653271
38768,02_Jazz3-137-Eb_comp.jams,610095,13.834354,4,3,2,2,reachable_error_kept_r_below_half,0.323389
38770,02_Jazz3-137-Eb_comp.jams,618275,14.019841,4,2,3,3,reachable_error_kept_r_below_half,0.315846
38774,02_Jazz3-137-Eb_comp.jams,677161,15.355125,4,3,2,2,reachable_error_kept_r_below_half,0.39904
38793,02_Jazz3-137-Eb_comp.jams,753286,17.081315,4,3,2,2,reachable_error_kept_r_below_half,0.3392825
38812,02_Jazz3-137-Eb_comp.jams,831087,18.84551,4,2,3,3,reachable_error_kept_r_below_half,0.3578734
38816,02_Jazz3-137-Eb_comp.jams,850822,19.293016,4,2,3,3,reachable_error_kept_r_below_half,0.4103151
38852,02_Jazz3-137-Eb_comp.jams,946479,21.462109,4,3,4,4,reachable_error_blocked_r_at_least_half,0.5079151
38917,02_Jazz3-137-Eb_comp.jams,1140322,25.857642,4,2,3,3,reachable_error_kept_r_below_half,0.4149127
38945,02_Jazz3-137-Eb_comp.jams,1217538,27.608571,4,3,2,2,reachable_error_kept_r_below_half,0.4786745
40326,02_Rock1-90-C#_comp.jams,8,0.000181,4,2,3,3,reachable_error_blocked_r_at_least_half,0.6534046
40448,02_Rock1-90-C#_comp.jams,470511,10.669184,4,2,3,3,reachable_error_kept_r_below_half,0.2407516
40548,02_Rock1-90-C#_comp.jams,824583,18.698027,4,3,2,2,reachable_error_kept_r_below_half,0.4540255
40670,02_Rock1-90-C#_comp.jams,1177557,26.701973,4,2,3,3,reachable_error_blocked_r_at_least_half,0.5360897
40872,02_Rock1-90-C#_solo.jams,1252628,28.404263,4,2,3,3,reachable_error_blocked_r_at_least_half,0.7946646
44761,02_SS2-107-Ab_comp.jams,198253,4.495533,4,2,3,3,reachable_error_kept_r_below_half,0.4112045
44818,02_SS2-107-Ab_comp.jams,320993,7.278753,4,2,3,3,reachable_error_blocked_r_at_least_half,0.5920396
44830,02_SS2-107-Ab_comp.jams,346864,7.865397,4,2,3,3,reachable_error_kept_r_below_half,0.4516601
44870,02_SS2-107-Ab_comp.jams,457996,10.385397,4,2,3,3,reachable_error_blocked_r_at_least_half,0.5014946
44872,02_SS2-107-Ab_comp.jams,471118,10.682948,4,3,2,2,reachable_error_kept_r_below_half,0.3979187
44886,02_SS2-107-Ab_comp.jams,532295,12.070181,4,2,3,3,reachable_error_kept_r_below_half,0.4788969
44901,02_SS2-107-Ab_comp.jams,618442,14.023628,4,2,3,3,reachable_error_kept_r_below_half,0.4581312
44919,02_SS2-107-Ab_comp.jams,656243,14.880794,4,3,2,2,reachable_error_blocked_r_at_least_half,0.5068235
44950,02_SS2-107-Ab_comp.jams,729838,16.549615,4,3,4,4,reachable_error_kept_r_below_half,0.456457
44962,02_SS2-107-Ab_comp.jams,755219,17.125147,4,2,3,3,reachable_error_kept_r_below_half,0.4257514
45084,02_SS2-107-Ab_comp.jams,1027697,23.303787,4,2,3,3,reachable_error_blocked_r_at_least_half,0.6226478
45166,02_SS2-107-Ab_comp.jams,1285500,29.14966,4,2,3,3,reachable_error_blocked_r_at_least_half,0.5517402
45172,02_SS2-107-Ab_comp.jams,1310050,29.706349,4,2,3,3,reachable_error_kept_r_below_half,0.23244
45195,02_SS2-107-Ab_comp.jams,1385802,31.424082,4,2,3,3,reachable_error_blocked_r_at_least_half,0.6712473
45218,02_SS2-107-Ab_comp.jams,1447730,32.828345,4,3,2,2,reachable_error_kept_r_below_half,0.3982844
45225,02_SS2-107-Ab_comp.jams,1484593,33.66424,4,2,3,3,reachable_error_kept_r_below_half,0.4969146
45233,02_SS2-107-Ab_comp.jams,1508937,34.216259,4,2,3,3,reachable_error_kept_r_below_half,0.4159198
49209,03_Funk2-108-Eb_comp.jams,116520,2.642177,4,2,3,3,reachable_error_kept_r_below_half,0.494425
49222,03_Funk2-108-Eb_comp.jams,170696,3.870658,4,4,3,3,reachable_error_kept_r_below_half,0.3434845
49264,03_Funk2-108-Eb_comp.jams,367030,8.322676,4,3,4,4,reachable_error_kept_r_below_half,0.4164954
49278,03_Funk2-108-Eb_comp.jams,411144,9.322993,4,2,3,3,reachable_error_kept_r_below_half,0.4617248
49287,03_Funk2-108-Eb_comp.jams,439988,9.977052,4,2,3,4,reachable_error_changed_to_wrong_K,0.2332879
49293,03_Funk2-108-Eb_comp.jams,463949,10.520385,4,4,3,3,reachable_error_kept_r_below_half,0.3122387
49296,03_Funk2-108-Eb_comp.jams,489564,11.101224,4,4,3,3,reachable_error_kept_r_below_half,0.4529171
49310,03_Funk2-108-Eb_comp.jams,563718,12.782721,4,4,3,3,reachable_error_blocked_r_at_least_half,0.6660409
49348,03_Funk2-108-Eb_comp.jams,699119,15.853039,4,2,3,3,reachable_error_blocked_r_at_least_half,0.5144082
49375,03_Funk2-108-Eb_comp.jams,802087,18.187914,4,2,3,3,reachable_error_kept_r_below_half,0.4602134
49407,03_Funk2-108-Eb_comp.jams,899948,20.406984,4,2,3,3,reachable_error_blocked_r_at_least_half,0.5678083
49410,03_Funk2-108-Eb_comp.jams,918311,20.823379,4,3,2,2,reachable_error_blocked_r_at_least_half,0.5754949
49414,03_Funk2-108-Eb_comp.jams,930328,21.095873,4,2,3,3,reachable_error_blocked_r_at_least_half,0.5243603
49428,03_Funk2-108-Eb_comp.jams,996624,22.599184,4,2,3,3,reachable_error_kept_r_below_half,0.3040002
49486,03_Funk2-108-Eb_comp.jams,1224523,27.766961,4,4,3,3,reachable_error_kept_r_below_half,0.4787034
49516,03_Funk2-108-Eb_comp.jams,1348516,30.578594,4,3,2,2,reachable_error_kept_r_below_half,0.4868361
49548,03_Funk2-108-Eb_comp.jams,1457805,33.056803,4,3,2,2,reachable_error_kept_r_below_half,0.4718282
49568,03_Funk2-108-Eb_comp.jams,1531675,34.731859,4,2,3,3,reachable_error_blocked_r_at_least_half,0.5028434
51417,03_Jazz1-130-D_comp.jams,21614,0.490113,4,4,3,3,reachable_error_kept_r_below_half,0.4372565
51475,03_Jazz1-130-D_comp.jams,285277,6.468866,4,2,3,3,reachable_error_blocked_r_at_least_half,0.8372947
51541,03_Jazz1-130-D_comp.jams,541346,12.27542,4,2,3,3,reachable_error_blocked_r_at_least_half,0.6530908
51568,03_Jazz1-130-D_comp.jams,746937,16.937347,4,3,2,2,reachable_error_blocked_r_at_least_half,0.6709237
51585,03_Jazz1-130-D_comp.jams,807066,18.300816,4,4,3,3,reachable_error_kept_r_below_half,0.3482749
51598,03_Jazz1-130-D_comp.jams,834073,18.91322,4,2,3,3,reachable_error_blocked_r_at_least_half,0.5522227
51617,03_Jazz1-130-D_comp.jams,949042,21.520227,4,4,3,3,reachable_error_blocked_r_at_least_half,0.7378882
53024,03_Jazz3-137-Eb_comp.jams,342630,7.769388,4,4,3,3,reachable_error_kept_r_below_half,0.4511812
53057,03_Jazz3-137-Eb_comp.jams,443915,10.0661,4,2,3,3,reachable_error_blocked_r_at_least_half,0.5902561
53116,03_Jazz3-137-Eb_comp.jams,813763,18.452676,4,3,2,2,reachable_error_kept_r_below_half,0.3881093
53144,03_Jazz3-137-Eb_comp.jams,958589,21.736712,4,4,3,3,reachable_error_kept_r_below_half,0.4055974
53175,03_Jazz3-137-Eb_comp.jams,1053989,23.899977,4,2,3,3,reachable_error_blocked_r_at_least_half,0.5391837
53207,03_Jazz3-137-Eb_comp.jams,1198885,27.185601,4,3,2,2,reachable_error_blocked_r_at_least_half,0.8182368
53215,03_Jazz3-137-Eb_comp.jams,1216636,27.588118,4,3,2,2,reachable_error_blocked_r_at_least_half,0.7158382
54282,03_Rock1-90-C#_comp.jams,115037,2.608549,4,2,3,3,reachable_error_blocked_r_at_least_half,0.5397564
54342,03_Rock1-90-C#_comp.jams,262527,5.952993,4,3,2,2,reachable_error_blocked_r_at_least_half,0.5219669
54426,03_Rock1-90-C#_comp.jams,471042,10.681224,4,2,3,3,reachable_error_kept_r_below_half,0.4829491
54556,03_Rock1-90-C#_comp.jams,764807,17.342562,4,2,4,4,reachable_error_kept_r_below_half,0.3903613
54611,03_Rock1-90-C#_comp.jams,897138,20.343265,4,3,4,4,reachable_error_kept_r_below_half,0.399389
54633,03_Rock1-90-C#_comp.jams,968045,21.951134,4,2,3,3,reachable_error_kept_r_below_half,0.0968009
54697,03_Rock1-90-C#_comp.jams,1116321,25.313401,4,2,3,3,reachable_error_kept_r_below_half,0.4391276
54755,03_Rock1-90-C#_comp.jams,1278467,28.990181,4,3,2,2,reachable_error_blocked_r_at_least_half,0.5484396
54799,03_Rock1-90-C#_comp.jams,1396495,31.666553,4,3,2,2,reachable_error_blocked_r_at_least_half,0.5185983
54806,03_Rock1-90-C#_solo.jams,73185,1.659524,4,2,3,3,reachable_error_blocked_r_at_least_half,0.7451104
58371,03_SS2-107-Ab_comp.jams,50030,1.134467,4,3,4,4,reachable_error_kept_r_below_half,0.4381938
58402,03_SS2-107-Ab_comp.jams,130484,2.958821,4,2,3,3,reachable_error_kept_r_below_half,0.2145375
58450,03_SS2-107-Ab_comp.jams,247176,5.604898,4,4,3,2,reachable_error_changed_to_wrong_K,0.4039588
58455,03_SS2-107-Ab_comp.jams,259525,5.884921,4,2,3,3,reachable_error_kept_r_below_half,0.4678326
58515,03_SS2-107-Ab_comp.jams,409114,9.276961,4,2,3,3,reachable_error_kept_r_below_half,0.2901519
58584,03_SS2-107-Ab_comp.jams,606884,13.761542,4,3,4,4,reachable_error_kept_r_below_half,0.4364178
58596,03_SS2-107-Ab_comp.jams,631594,14.321859,4,3,2,2,reachable_error_kept_r_below_half,0.3544708
58658,03_SS2-107-Ab_comp.jams,827716,18.76907,4,3,2,2,reachable_error_kept_r_below_half,0.432309
58678,03_SS2-107-Ab_comp.jams,890978,20.203583,4,2,3,3,reachable_error_blocked_r_at_least_half,0.7533187
58714,03_SS2-107-Ab_comp.jams,973047,22.064558,4,2,3,3,reachable_error_kept_r_below_half,0.4666722
58733,03_SS2-107-Ab_comp.jams,1020797,23.147324,4,2,3,3,reachable_error_kept_r_below_half,0.2772077
58770,03_SS2-107-Ab_comp.jams,1119729,25.39068,4,2,3,3,reachable_error_kept_r_below_half,0.4988484
58791,03_SS2-107-Ab_comp.jams,1171066,26.554785,4,2,3,3,reachable_error_kept_r_below_half,0.4486179
58841,03_SS2-107-Ab_comp.jams,1334059,30.250771,4,2,3,3,reachable_error_kept_r_below_half,0.4648785
58848,03_SS2-107-Ab_comp.jams,1354017,30.703333,4,2,3,3,reachable_error_kept_r_below_half,0.1558354
58855,03_SS2-107-Ab_comp.jams,1368163,31.024104,4,2,3,3,reachable_error_kept_r_below_half,0.3030069
58886,03_SS2-107-Ab_comp.jams,1447654,32.826621,4,3,2,2,reachable_error_blocked_r_at_least_half,0.5967063
58910,03_SS2-107-Ab_comp.jams,1515416,34.363175,4,2,3,3,reachable_error_kept_r_below_half,0.3848717
62573,04_Funk2-108-Eb_comp.jams,6,0.000136,4,4,3,3,reachable_error_kept_r_below_half,0.3314798
62643,04_Funk2-108-Eb_comp.jams,293974,6.666077,4,4,3,3,reachable_error_kept_r_below_half,0.372725
62650,04_Funk2-108-Eb_comp.jams,355670,8.065079,4,4,3,3,reachable_error_kept_r_below_half,0.37588
62694,04_Funk2-108-Eb_comp.jams,510198,11.569116,4,2,3,3,reachable_error_kept_r_below_half,0.1780587
62698,04_Funk2-108-Eb_comp.jams,527085,11.952041,4,4,3,3,reachable_error_kept_r_below_half,0.3939093
62708,04_Funk2-108-Eb_comp.jams,550824,12.49034,4,3,2,2,reachable_error_kept_r_below_half,0.4512223
62730,04_Funk2-108-Eb_comp.jams,636738,14.438503,4,2,3,3,reachable_error_kept_r_below_half,0.4886418
62805,04_Funk2-108-Eb_comp.jams,900737,20.424875,4,3,2,2,reachable_error_kept_r_below_half,0.3410212
62812,04_Funk2-108-Eb_comp.jams,925964,20.996916,4,3,2,2,reachable_error_kept_r_below_half,0.2967637
62849,04_Funk2-108-Eb_comp.jams,1042332,23.635646,4,4,3,3,reachable_error_kept_r_below_half,0.4091169
62858,04_Funk2-108-Eb_comp.jams,1079285,24.473583,4,4,3,3,reachable_error_kept_r_below_half,0.3907593
62861,04_Funk2-108-Eb_comp.jams,1098938,24.919229,4,3,4,2,reachable_error_changed_to_wrong_K,0.0816627
62874,04_Funk2-108-Eb_comp.jams,1152022,26.122948,4,3,2,2,reachable_error_blocked_r_at_least_half,0.5459701
62890,04_Funk2-108-Eb_comp.jams,1211776,27.477914,4,4,3,2,reachable_error_changed_to_wrong_K,0.4131705
62893,04_Funk2-108-Eb_comp.jams,1224711,27.771224,4,3,4,4,reachable_error_kept_r_below_half,0.4808466
62899,04_Funk2-108-Eb_comp.jams,1249814,28.340454,4,4,3,3,reachable_error_blocked_r_at_least_half,0.578204
62935,04_Funk2-108-Eb_comp.jams,1359543,30.828639,4,4,3,3,reachable_error_kept_r_below_half,0.4795998
62948,04_Funk2-108-Eb_comp.jams,1420917,32.22034,4,2,3,3,reachable_error_kept_r_below_half,0.4635643
62974,04_Funk2-108-Eb_comp.jams,1518932,34.442902,4,4,3,3,reachable_error_kept_r_below_half,0.3137615
65094,04_Jazz1-130-D_comp.jams,20329,0.460975,4,4,3,3,reachable_error_blocked_r_at_least_half,0.5419093
65104,04_Jazz1-130-D_comp.jams,60677,1.375896,4,4,3,3,reachable_error_blocked_r_at_least_half,0.5196772
65113,04_Jazz1-130-D_comp.jams,101783,2.308005,4,4,3,3,reachable_error_kept_r_below_half,0.4836656
65138,04_Jazz1-130-D_comp.jams,182665,4.142063,4,4,3,3,reachable_error_kept_r_below_half,0.1758267
65159,04_Jazz1-130-D_comp.jams,264272,5.992562,4,4,3,3,reachable_error_blocked_r_at_least_half,0.5143772
65199,04_Jazz1-130-D_comp.jams,407583,9.242245,4,3,2,2,reachable_error_kept_r_below_half,0.4326286
65204,04_Jazz1-130-D_comp.jams,426546,9.672245,4,4,3,3,reachable_error_kept_r_below_half,0.4129804
65232,04_Jazz1-130-D_comp.jams,507322,11.5039,4,4,3,3,reachable_error_kept_r_below_half,0.3112902
65244,04_Jazz1-130-D_comp.jams,548776,12.4439,4,4,3,3,reachable_error_kept_r_below_half,0.2790782
65339,04_Jazz1-130-D_comp.jams,833187,18.893129,4,4,3,3,reachable_error_kept_r_below_half,0.1915275
66814,04_Jazz3-137-Eb_comp.jams,493404,11.188299,4,4,3,3,reachable_error_kept_r_below_half,0.3429929
67139,04_Jazz3-137-Eb_solo.jams,1159612,26.295057,4,2,3,3,reachable_error_kept_r_below_half,0.4134746
68277,04_Rock1-90-C#_comp.jams,411009,9.319932,4,2,3,3,reachable_error_blocked_r_at_least_half,0.5626445
68366,04_Rock1-90-C#_comp.jams,617120,13.993651,4,4,2,3,reachable_error_changed_to_wrong_K,0.241989
68395,04_Rock1-90-C#_comp.jams,676134,15.331837,4,3,2,2,reachable_error_kept_r_below_half,0.3271588
68429,04_Rock1-90-C#_comp.jams,793927,18.00288,4,2,3,3,reachable_error_blocked_r_at_least_half,0.5355099
68433,04_Rock1-90-C#_comp.jams,808797,18.340068,4,3,2,2,reachable_error_kept_r_below_half,0.4902148
68458,04_Rock1-90-C#_comp.jams,879933,19.953129,4,2,3,3,reachable_error_blocked_r_at_least_half,0.5591627
72379,04_SS2-107-Ab_comp.jams,16,0.000363,4,2,3,3,reachable_error_blocked_r_at_least_half,0.7345546
72463,04_SS2-107-Ab_comp.jams,297586,6.747982,4,2,3,3,reachable_error_kept_r_below_half,0.492732
72485,04_SS2-107-Ab_comp.jams,396311,8.986644,4,2,4,4,reachable_error_blocked_r_at_least_half,0.5830066
72519,04_SS2-107-Ab_comp.jams,495912,11.24517,4,2,4,4,reachable_error_kept_r_below_half,0.4782124
72556,04_SS2-107-Ab_comp.jams,644117,14.605828,4,2,3,3,reachable_error_kept_r_below_half,0.4707406
72639,04_SS2-107-Ab_comp.jams,891213,20.208912,4,3,2,2,reachable_error_kept_r_below_half,0.4600311
72673,04_SS2-107-Ab_comp.jams,991430,22.481406,4,3,2,2,reachable_error_kept_r_below_half,0.3030598
72700,04_SS2-107-Ab_comp.jams,1088932,24.692336,4,2,3,3,reachable_error_kept_r_below_half,0.4923741
72730,04_SS2-107-Ab_comp.jams,1187451,26.926327,4,2,3,3,reachable_error_kept_r_below_half,0.3949065
72776,04_SS2-107-Ab_comp.jams,1336377,30.303333,4,2,3,3,reachable_error_blocked_r_at_least_half,0.6872485
72803,04_SS2-107-Ab_comp.jams,1485764,33.690794,4,2,3,3,reachable_error_kept_r_below_half,0.4691432
