global_index,piece,fold,truth,previous,new,probability_new,probability_previous,correction,regression
576,BN2-166-Ab,0,4,0,1,0.5236909667249441,0.2662000275970337,0,0
611,BN2-166-Ab,0,1,0,1,0.5556834399779053,0.1554835373609182,1,0
615,BN2-166-Ab,0,0,2,1,0.5651905204176213,0.1577889298839201,0,0
629,BN2-166-Ab,0,2,4,3,0.3944311154336745,0.1143655556514342,0,0
633,BN2-166-Ab,0,1,0,1,0.4722142919426175,0.1720408148804941,1,0
636,BN2-166-Ab,0,0,0,1,0.5855984443219898,0.2926836423592163,0,1
646,BN2-166-Ab,0,4,4,3,0.6247134736606413,0.23349605535797904,0,1
647,BN2-166-Ab,0,0,2,0,0.5137781009622129,0.11754465695335088,1,0
651,BN2-166-Ab,0,1,2,1,0.515186567426888,0.2188607778944472,1,0
654,BN2-166-Ab,0,3,4,3,0.6657711631287581,0.22023080183505434,1,0
659,BN2-166-Ab,0,0,2,1,0.6444575201401344,0.16772790547407554,0,0
705,BN2-166-Ab,0,1,2,1,0.507688346114584,0.20041503088813695,1,0
730,BN2-166-Ab,0,1,0,1,0.5623898478676959,0.13559524313324306,1,0
740,BN2-166-Ab,0,1,2,1,0.6526398890850145,0.21930985623800098,1,0
755,BN2-166-Ab,0,5,4,3,0.5906179654862427,0.19865165512175462,0,0
757,BN2-166-Ab,0,4,2,3,0.4526300458132248,0.13554150767519077,0,0
782,BN2-166-Ab,0,4,3,2,0.5097219270587858,0.21738264808316668,0,0
798,BN2-166-Ab,0,4,4,3,0.6588237958902137,0.1999575278987685,0,1
923,BN2-166-Ab,0,1,3,1,0.41311486419624327,0.1305925162690517,1,0
930,BN2-166-Ab,0,1,1,0,0.6666742458735151,0.3218813944683901,0,1
952,BN2-166-Ab,0,2,2,1,0.6550895428249228,0.21259801697068884,0,1
956,BN2-166-Ab,0,2,2,1,0.6008635947419445,0.3375631767044097,0,1
7381,Jazz3-150-C,0,4,3,1,0.3847408557252076,0.08623767331300199,0,0
7407,Jazz3-150-C,0,2,2,0,0.46712723052240557,0.16006931325187648,0,1
7430,Jazz3-150-C,0,0,2,0,0.6518148419802378,0.09082893497026297,1,0
7516,Jazz3-150-C,0,4,3,1,0.4167057227996419,0.15602677729159806,0,0
7520,Jazz3-150-C,0,4,3,4,0.49866375685494974,0.21192497147176323,1,0
7522,Jazz3-150-C,0,0,2,0,0.9312673921599112,0.006030105762347497,1,0
7564,Jazz3-150-C,0,4,5,3,0.4201734419800303,0.010574721373927587,0,0
7569,Jazz3-150-C,0,0,0,1,0.5582558310400915,0.26827809135553876,0,1
7589,Jazz3-150-C,0,3,3,4,0.5870711780725448,0.20301549350658457,0,1
7599,Jazz3-150-C,0,1,3,1,0.7634424879275419,0.01287357908448124,1,0
7600,Jazz3-150-C,0,1,2,1,0.7281835260471142,0.21781486499827987,1,0
7615,Jazz3-150-C,0,1,2,0,0.4416205022228425,0.18194151957200982,0,0
7618,Jazz3-150-C,0,2,0,1,0.5373217818217961,0.25561266482350226,0,0
7621,Jazz3-150-C,0,3,3,2,0.47617539348340504,0.07511211244258854,0,1
7643,Jazz3-150-C,0,3,3,2,0.5326356791148705,0.19947018579341103,0,1
7681,Jazz3-150-C,0,5,4,3,0.5105831333159699,0.07502387258732812,0,0
7690,Jazz3-150-C,0,2,0,1,0.46228834883271,0.18873565732506228,0,0
7702,Jazz3-150-C,0,3,3,2,0.5232330180783752,0.2031652177257327,0,1
7715,Jazz3-150-C,0,1,2,1,0.464909297380076,0.07684139314117217,1,0
7716,Jazz3-150-C,0,3,3,2,0.5035886291304317,0.11456201608099659,0,1
7755,Jazz3-150-C,0,1,0,1,0.5592344933790013,0.2540153714018195,1,0
7819,Jazz3-150-C,0,1,2,1,0.4688719575327344,0.16913111384674762,1,0
7822,Jazz3-150-C,0,2,2,1,0.5657802376193024,0.30730883468942183,0,1
7838,Jazz3-150-C,0,1,2,1,0.5537393483653749,0.08896884084174721,1,0
7920,Jazz3-150-C,0,1,3,2,0.4120715975632005,0.08208240127789262,0,0
7976,Jazz3-150-C,0,1,3,2,0.41931002855436517,0.16701401842938127,0,0
8015,Jazz3-150-C,0,1,2,0,0.46104305750833824,0.09445027042014473,0,0
8024,Jazz3-150-C,0,2,2,1,0.6822702707238266,0.05785732092003173,0,1
9686,Rock2-142-D,0,2,2,0,0.5160009840055024,0.11439203947060761,0,1
9699,Rock2-142-D,0,2,2,1,0.5660052004179809,0.2739184655365585,0,1
9756,Rock2-142-D,0,3,0,2,0.43496155015457594,0.08077862748300484,0,0
9798,Rock2-142-D,0,3,0,3,0.33389647916054066,0.050666691955853146,1,0
9808,Rock2-142-D,0,5,2,4,0.4239789773051521,0.1102229843822558,0,0
9844,Rock2-142-D,0,4,5,3,0.5792305626091336,0.026326369973338464,0,0
9850,Rock2-142-D,0,3,0,1,0.5641818752190576,0.22041488872692955,0,0
9861,Rock2-142-D,0,3,5,3,0.29841422925170374,0.011978343886337043,1,0
9868,Rock2-142-D,0,4,5,4,0.42897180509253807,0.10522420360163719,1,0
9904,Rock2-142-D,0,2,2,3,0.3905821081725229,0.1387234727181505,0,1
9932,Rock2-142-D,0,3,2,1,0.6153878317391155,0.22170489147634678,0,0
9947,Rock2-142-D,0,6,4,3,0.5616790903899401,0.19425072543823613,0,0
9987,Rock2-142-D,0,3,3,4,0.4890637480854588,0.16257511965321403,0,1
9992,Rock2-142-D,0,4,3,4,0.5416696011178678,0.14031827300832617,1,0
10013,Rock2-142-D,0,3,2,3,0.662923544645434,0.10495073383351924,1,0
10033,Rock2-142-D,0,1,0,2,0.42778036383040335,0.06913067310420001,0,0
10084,Rock2-142-D,0,3,2,0,0.8276538853005753,0.043840940402388784,0,0
10086,Rock2-142-D,0,1,0,2,0.37024870456812387,0.06428858933957411,0,0
10105,Rock2-142-D,0,5,5,3,0.4995338944852108,0.16679811859847019,0,1
10112,Rock2-142-D,0,2,1,0,0.5977235427767033,0.32856520242242493,0,0
10124,Rock2-142-D,0,0,2,1,0.5308792375054902,0.2554233212859669,0,0
10125,Rock2-142-D,0,4,2,3,0.5164190199074887,0.25684803240503756,0,0
10172,Rock2-142-D,0,1,2,1,0.6977696372761664,0.26970418417620906,1,0
10176,Rock2-142-D,0,2,3,2,0.5877660597163853,0.1319620112618481,1,0
10183,Rock2-142-D,0,2,2,1,0.647658308789259,0.11080515448551405,0,1
10219,Rock2-142-D,0,0,0,1,0.6663061369933401,0.15055977738427367,0,1
10328,Rock2-142-D,0,1,0,1,0.6322618748616002,0.19052773030235934,1,0
12276,Rock3-148-C,0,0,2,1,0.5614584448021545,0.1412327850372538,0,0
12292,Rock3-148-C,0,3,2,3,0.5782800853698999,0.13844822723432026,1,0
12328,Rock3-148-C,0,4,5,4,0.40996667346772,0.021208763689987677,1,0
12356,Rock3-148-C,0,3,4,1,0.3738883960733692,0.09100391013997146,0,0
12395,Rock3-148-C,0,0,0,1,0.5916153195150067,0.3372807095240278,0,1
12401,Rock3-148-C,0,4,3,4,0.4738193961703861,0.2203390710278188,1,0
12414,Rock3-148-C,0,6,2,4,0.3911131416910687,0.1330663781966363,0,0
12429,Rock3-148-C,0,3,5,2,0.4232241980275543,0.006428782679479057,0,0
12467,Rock3-148-C,0,2,0,2,0.3381729227063531,0.06403809239710712,1,0
12484,Rock3-148-C,0,1,0,2,0.3763769410062909,0.1082963042560641,0,0
12506,Rock3-148-C,0,3,2,1,0.5116520783678403,0.24968048125864245,0,0
12512,Rock3-148-C,0,6,3,4,0.49524716509581956,0.23075587265523884,0,0
12517,Rock3-148-C,0,4,0,3,0.3791799266435273,0.10313340094218434,0,0
12524,Rock3-148-C,0,4,2,1,0.46073459799452066,0.1832930752707314,0,0
12525,Rock3-148-C,0,5,0,3,0.5436952910162366,0.0369033450081099,0,0
12532,Rock3-148-C,0,2,0,1,0.5132570169534489,0.21780463340009001,0,0
12562,Rock3-148-C,0,3,0,4,0.3669135981573204,0.014793187377636328,0,0
12563,Rock3-148-C,0,2,0,1,0.41726223590711065,0.11543144181743277,0,0
12572,Rock3-148-C,0,6,3,4,0.5875428661606488,0.22121908379534333,0,0
12592,Rock3-148-C,0,2,0,1,0.4648125943323231,0.0770088751531019,0,0
12594,Rock3-148-C,0,0,1,0,0.9660815782476573,0.02890760355267065,1,0
12608,Rock3-148-C,0,3,2,1,0.48618974584566865,0.23492516785279863,0,0
12614,Rock3-148-C,0,0,2,0,0.8472404386772563,0.015212312284450132,1,0
12618,Rock3-148-C,0,0,2,0,0.4922668177886846,0.11094717003320445,1,0
12631,Rock3-148-C,0,4,2,1,0.5297520052160487,0.27746650163431547,0,0
12657,Rock3-148-C,0,0,0,1,0.5780009159160568,0.26329450996818127,0,1
12708,Rock3-148-C,0,4,2,4,0.44154012668047843,0.13184790575096875,1,0
12720,Rock3-148-C,0,3,0,2,0.4063763539702504,0.07787264433160358,0,0
12725,Rock3-148-C,0,5,4,3,0.4952419411264273,0.22703983131210984,0,0
12741,Rock3-148-C,0,4,3,4,0.5139421837689362,0.1768987089694797,1,0
12757,Rock3-148-C,0,6,2,3,0.5124019228926762,0.22961226354655254,0,0
12763,Rock3-148-C,0,2,4,3,0.5547001822299681,0.13803168959290413,0,0
12788,Rock3-148-C,0,4,4,0,0.7074577097947841,0.003374103091055398,0,1
12790,Rock3-148-C,0,3,0,4,0.5211017951836772,0.017401224980341874,0,0
12800,Rock3-148-C,0,3,4,3,0.572641405578694,0.2844622689945216,1,0
12815,Rock3-148-C,0,1,2,0,0.5981899875754044,0.16279278839190828,0,0
12826,Rock3-148-C,0,3,4,3,0.591552370513296,0.20026733471651914,1,0
12831,Rock3-148-C,0,3,3,4,0.621318369429291,0.10823023047870388,0,1
12844,Rock3-148-C,0,3,3,1,0.4679862365497274,0.16989055234665798,0,1
12849,Rock3-148-C,0,0,0,1,0.6575307798397347,0.2327069765064316,0,1
12851,Rock3-148-C,0,1,2,1,0.6510793717698505,0.3231383655162936,1,0
12855,Rock3-148-C,0,2,2,1,0.6212211596654356,0.3162376347118016,0,1
12865,Rock3-148-C,0,2,2,1,0.8971724908089393,0.03638692179020848,0,1
12866,Rock3-148-C,0,1,2,1,0.8839849163783489,0.015863573154010015,1,0
12867,Rock3-148-C,0,1,2,1,0.9191631975852989,0.023251666549538075,1,0
12869,Rock3-148-C,0,2,2,1,0.8996873356606355,0.04052463268798841,0,1
12870,Rock3-148-C,0,2,2,1,0.8153180791530948,0.14367131220090512,0,1
12871,Rock3-148-C,0,2,2,1,0.6138731073903678,0.19400662539130387,0,1
12873,Rock3-148-C,0,2,2,1,0.6698201178882425,0.2965530167519992,0,1
12875,Rock3-148-C,0,2,2,1,0.7723523836326194,0.1725393156654232,0,1
12876,Rock3-148-C,0,2,2,1,0.6821604349652558,0.2612435589031908,0,1
12884,Rock3-148-C,0,2,2,1,0.6470577931176287,0.3152698221446284,0,1
12887,Rock3-148-C,0,2,3,1,0.9016799737321529,0.006081252812249734,0,0
12888,Rock3-148-C,0,1,2,1,0.8326956217476468,0.10683630554134743,1,0
12890,Rock3-148-C,0,1,2,1,0.7690669365961297,0.1877760337607327,1,0
12894,Rock3-148-C,0,1,2,1,0.8745211969464204,0.08194130653768456,1,0
12896,Rock3-148-C,0,1,2,1,0.86460833449188,0.08446632166274096,1,0
12905,Rock3-148-C,0,1,0,1,0.5796542111614064,0.3244523836401156,1,0
12908,Rock3-148-C,0,2,0,1,0.7869650628063513,0.09943259611525282,0,0
12920,Rock3-148-C,0,1,2,1,0.6650518793854829,0.29117336839610275,1,0
12971,SS1-68-E,0,1,0,1,0.6084996952014571,0.23871172392194592,1,0
12978,SS1-68-E,0,1,0,2,0.4157684924421335,0.05294956239604391,0,0
12983,SS1-68-E,0,1,1,3,0.3607594916120467,0.07343258751016313,0,1
12999,SS1-68-E,0,2,4,2,0.40412874519055125,0.1449107454995805,1,0
13007,SS1-68-E,0,2,0,2,0.5503910400332619,0.028431860111997696,1,0
13018,SS1-68-E,0,0,1,0,0.896222490514771,0.09317228625249631,1,0
13038,SS1-68-E,0,1,1,3,0.4254074025928579,0.08894049334981727,0,1
13055,SS1-68-E,0,1,0,1,0.5101294981372787,0.120621036446631,1,0
13056,SS1-68-E,0,0,0,1,0.5046317539377372,0.2340011546943808,0,1
13139,SS1-68-E,0,1,3,1,0.4622658440484749,0.16295208838290073,1,0
13147,SS1-68-E,0,1,1,0,0.6728177901280816,0.216966203174023,0,1
13159,SS1-68-E,0,1,3,1,0.4996590200996516,0.23241934780242424,1,0
13179,SS1-68-E,0,2,4,3,0.45986811368041275,0.10683454586805356,0,0
13281,SS1-68-E,0,1,0,1,0.4432156353114344,0.16896070375514574,1,0
13286,SS1-68-E,0,3,4,3,0.5019517148303325,0.18749384341058684,1,0
13292,SS1-68-E,0,3,4,2,0.42936044433628995,0.04476034665466304,0,0
13306,SS1-68-E,0,3,3,2,0.45617650765305745,0.17470579881754125,0,1
13327,SS1-68-E,0,1,1,2,0.47034462177040026,0.08525181557087425,0,1
13333,SS1-68-E,0,2,0,3,0.5017179349558112,0.05148166538724624,0,0
13351,SS1-68-E,0,1,3,2,0.41125957137938224,0.13260112993240036,0,0
13422,SS1-68-E,0,3,3,2,0.5077920991343897,0.22844501741146728,0,1
13433,SS1-68-E,0,0,0,1,0.5441527531414502,0.28940982488907363,0,1
13465,SS1-68-E,0,2,0,1,0.49916866816849675,0.05267316181803397,0,0
13511,SS1-68-E,0,1,0,2,0.44386488183707434,0.12414529627687086,0,0
13524,SS1-68-E,0,3,4,2,0.48954629668093785,0.057813947605550614,0,0
13815,SS1-68-E,0,2,3,2,0.424040125006542,0.11985853628198333,1,0
13848,SS1-68-E,0,0,2,0,0.585545652621073,0.16004121526125048,1,0
13850,SS1-68-E,0,0,2,0,0.9703880594619589,0.004406471835679889,1,0
13871,SS1-68-E,0,0,0,1,0.7311291698046315,0.11326206648170849,0,1
13872,SS1-68-E,0,1,0,1,0.7653202430760665,0.10851193000503974,1,0
13910,SS1-68-E,0,2,4,3,0.5651592239298083,0.2257598579210557,0,0
13917,SS1-68-E,0,2,3,2,0.6052921637756199,0.2631762797245329,1,0
13927,SS1-68-E,0,2,1,3,0.487267329168195,0.05340126674106103,0,0
13996,SS1-68-E,0,3,2,1,0.6374885858159403,0.16756198045258025,0,0
14016,SS1-68-E,0,2,1,3,0.5217356843527898,0.04983951802108856,0,0
14039,SS1-68-E,0,1,0,2,0.4924530527677155,0.15213451667259317,0,0
14079,SS1-68-E,0,1,2,1,0.5198953208518736,0.1972716539739057,1,0
14081,SS1-68-E,0,1,0,1,0.589930207151248,0.2811184669185851,1,0
17293,BN2-166-Ab,0,2,0,3,0.4002609752119113,0.03752054032407972,0,0
17296,BN2-166-Ab,0,2,2,1,0.4511074313464366,0.12537519824073698,0,1
17307,BN2-166-Ab,0,1,3,1,0.5280467395930788,0.05594271847822305,1,0
17318,BN2-166-Ab,0,2,2,4,0.5064317030116317,0.15218564164330267,0,1
17327,BN2-166-Ab,0,0,2,0,0.3914455805572991,0.14125668553624046,1,0
17329,BN2-166-Ab,0,4,4,3,0.5425205310238804,0.2906801535171481,0,1
17339,BN2-166-Ab,0,3,2,1,0.4055195651900648,0.1541785946968202,0,0
17342,BN2-166-Ab,0,4,4,3,0.5525291052089536,0.25580809399220206,0,1
17362,BN2-166-Ab,0,0,0,1,0.5029789699319981,0.25049338345677125,0,1
17375,BN2-166-Ab,0,2,0,2,0.37771139476350474,0.12434766219497748,1,0
17378,BN2-166-Ab,0,2,2,0,0.5277663959453288,0.09420839865366894,0,1
17387,BN2-166-Ab,0,2,0,1,0.3766759714106407,0.12021858270839487,0,0
17391,BN2-166-Ab,0,3,3,4,0.5622631997821758,0.09553574080160107,0,1
17395,BN2-166-Ab,0,0,2,0,0.5547453065028572,0.10396846803499028,1,0
17416,BN2-166-Ab,0,1,0,1,0.49567227522931395,0.21227042201254634,1,0
17425,BN2-166-Ab,0,1,2,1,0.6264982965500905,0.1570243738101383,1,0
17427,BN2-166-Ab,0,3,4,3,0.6358947083227547,0.17522881993048708,1,0
17446,BN2-166-Ab,0,3,4,5,0.5785279225022523,0.23284868377030418,0,0
17459,BN2-166-Ab,0,0,3,0,0.3487941356921946,0.06827175937304145,1,0
17462,BN2-166-Ab,0,1,0,1,0.6345847453576406,0.2530222893472129,1,0
17464,BN2-166-Ab,0,1,0,2,0.3190236620058751,0.04420861011771998,0,0
17468,BN2-166-Ab,0,1,0,2,0.4369927364340645,0.045774972458541334,0,0
17472,BN2-166-Ab,0,3,3,2,0.47307726035342007,0.16972707353673713,0,1
17485,BN2-166-Ab,0,4,4,3,0.6064051693452698,0.2328055576838427,0,1
17515,BN2-166-Ab,0,1,3,2,0.5488721455947351,0.08898884782261743,0,0
17521,BN2-166-Ab,0,5,3,4,0.4756964065315082,0.16809373124317498,0,0
17525,BN2-166-Ab,0,1,2,0,0.824301574120518,0.04962304458280611,0,0
17547,BN2-166-Ab,0,1,2,0,0.8457009265310694,0.011889596729855022,0,0
17565,BN2-166-Ab,0,1,0,1,0.3873754383716972,0.11645636402882244,1,0
17577,BN2-166-Ab,0,0,1,0,0.6406599428879384,0.31941458791924854,1,0
17583,BN2-166-Ab,0,3,0,1,0.36304070104094205,0.07070717275566123,0,0
17589,BN2-166-Ab,0,5,3,5,0.39807023496966093,0.05456892196551465,1,0
17604,BN2-166-Ab,0,1,2,1,0.5758510421929646,0.07452662131969774,1,0
17608,BN2-166-Ab,0,1,2,1,0.8508650611958506,0.1022766701903183,1,0
17653,BN2-166-Ab,0,1,0,1,0.6927375611384059,0.2771400240726647,1,0
17681,BN2-166-Ab,0,1,0,1,0.7381062762578474,0.18632368990925663,1,0
23527,Jazz3-150-C,0,2,3,4,0.6242963954083574,0.20068513823394069,0,0
23541,Jazz3-150-C,0,0,2,1,0.6544205705806803,0.14057639421706142,0,0
23550,Jazz3-150-C,0,0,2,1,0.5535454062703923,0.11390219442870829,0,0
23551,Jazz3-150-C,0,2,3,1,0.5292792825001957,0.10465774451944246,0,0
23554,Jazz3-150-C,0,2,2,1,0.7003653840363385,0.24963204742221837,0,1
23563,Jazz3-150-C,0,2,3,2,0.38376878379981033,0.12074794919469317,1,0
23614,Jazz3-150-C,0,3,4,3,0.5167797627717344,0.2553758678621674,1,0
23623,Jazz3-150-C,0,2,3,1,0.459616186147486,0.0756636381949105,0,0
23629,Jazz3-150-C,0,2,3,2,0.528744191162638,0.22615272976961198,1,0
23635,Jazz3-150-C,0,2,3,2,0.5040341340007937,0.2221967155817729,1,0
23646,Jazz3-150-C,0,1,0,1,0.6749389449838823,0.28797501299032924,1,0
23647,Jazz3-150-C,0,2,3,1,0.5710805080566475,0.06751001166901294,0,0
23668,Jazz3-150-C,0,2,2,1,0.8493753061603925,0.02923107817001157,0,1
23692,Jazz3-150-C,0,3,3,4,0.6994477723702407,0.18018786304357012,0,1
23696,Jazz3-150-C,0,1,2,1,0.4481679758753794,0.163400105301779,1,0
25362,Rock2-142-D,0,0,1,0,0.8240126838191222,0.16532207680511177,1,0
25388,Rock2-142-D,0,5,2,3,0.4264539628814536,0.12759874514029065,0,0
25396,Rock2-142-D,0,3,4,3,0.5109843324776844,0.14841127202479754,1,0
25429,Rock2-142-D,0,1,1,0,0.658615149946493,0.2958911717872653,0,1
25453,Rock2-142-D,0,5,3,4,0.5138894080610121,0.18713949868285212,0,0
25461,Rock2-142-D,0,2,0,1,0.49388301596764067,0.11573171079824784,0,0
25465,Rock2-142-D,0,0,1,0,0.6949640250151976,0.271135863587318,1,0
25473,Rock2-142-D,0,2,0,2,0.42602113413599885,0.10181450643324984,1,0
25482,Rock2-142-D,0,1,2,0,0.4162874015073303,0.13841672546228628,0,0
25562,Rock2-142-D,0,2,4,3,0.46730594171820383,0.19562498782084178,0,0
25594,Rock2-142-D,0,3,5,4,0.4609455662427492,0.12204613380104166,0,0
25608,Rock2-142-D,0,3,3,2,0.4112246985285036,0.13380062400052786,0,1
25627,Rock2-142-D,0,2,0,2,0.4781113642416199,0.07186716881744457,1,0
25653,Rock2-142-D,0,0,2,0,0.651197085830142,0.012496555048948818,1,0
25671,Rock2-142-D,0,3,3,4,0.6214591351664321,0.23065899293996123,0,1
25686,Rock2-142-D,0,2,0,2,0.5252977259161637,0.04644507498166248,1,0
25705,Rock2-142-D,0,2,2,3,0.46773920482621595,0.1810310352447602,0,1
25721,Rock2-142-D,0,3,0,2,0.4315897394774704,0.04646083642909859,0,0
25753,Rock2-142-D,0,2,0,1,0.3691453948227731,0.04520735357574579,0,0
25767,Rock2-142-D,0,2,0,2,0.35310488940491636,0.04867082667908848,1,0
25770,Rock2-142-D,0,0,2,1,0.5151036611107153,0.18279523157009261,0,0
25771,Rock2-142-D,0,4,0,3,0.4599636495902362,0.031295228383624994,0,0
25784,Rock2-142-D,0,1,0,2,0.44811784627402895,0.13534277158203267,0,0
25835,Rock2-142-D,0,3,4,3,0.49532575157378694,0.15049044879629442,1,0
25844,Rock2-142-D,0,2,2,3,0.5774075963969302,0.21570183628020964,0,1
25857,Rock2-142-D,0,3,4,3,0.4790433321767823,0.09259635917990051,1,0
25867,Rock2-142-D,0,1,1,0,0.6989772400312355,0.261459053513847,0,1
25880,Rock2-142-D,0,0,0,1,0.6608057278365115,0.20528869321348797,0,1
25993,Rock2-142-D,0,1,2,1,0.8252831608566343,0.02541245912102871,1,0
25998,Rock2-142-D,0,0,0,1,0.5272566112319693,0.2630376125400165,0,1
26017,Rock2-142-D,0,1,3,1,0.8679902408697585,0.005235538102482911,1,0
26106,Rock2-142-D,0,1,2,1,0.5493953424204334,0.2300398555483767,1,0
26161,Rock2-142-D,0,1,2,1,0.8200135960930977,0.14844246636054778,1,0
28102,Rock3-148-C,0,2,0,1,0.5270400041174461,0.2566397939145037,0,0
28103,Rock3-148-C,0,0,2,0,0.5599073793300509,0.09028772102587508,1,0
28112,Rock3-148-C,0,0,2,1,0.4780545396236685,0.17462701254975083,0,0
28129,Rock3-148-C,0,2,3,1,0.5068228965087261,0.08831568174576396,0,0
28155,Rock3-148-C,0,0,1,0,0.8717492069157152,0.12368489470102285,1,0
28157,Rock3-148-C,0,0,0,1,0.503790097952638,0.2145540445407916,0,1
28173,Rock3-148-C,0,1,2,1,0.6287206455036087,0.1099929811784398,1,0
28180,Rock3-148-C,0,1,3,2,0.4563996209675936,0.15383428547534692,0,0
28190,Rock3-148-C,0,0,2,0,0.5839391702840927,0.10982781307318627,1,0
28208,Rock3-148-C,0,0,1,0,0.6553179356371429,0.3250164190625508,1,0
28222,Rock3-148-C,0,1,2,1,0.47951034315315627,0.17324985892743835,1,0
28223,Rock3-148-C,0,1,0,1,0.5085679000724241,0.2506166014704128,1,0
28246,Rock3-148-C,0,2,2,1,0.5163574955208469,0.22516178153807528,0,1
28260,Rock3-148-C,0,0,3,0,0.4965991040587569,0.03750755121049453,1,0
28269,Rock3-148-C,0,2,3,2,0.5086019081755168,0.09445771670275642,1,0
28284,Rock3-148-C,0,0,2,0,0.4373586127771959,0.1628030092414116,1,0
28309,Rock3-148-C,0,2,3,2,0.42748302477958156,0.13241014205471244,1,0
28335,Rock3-148-C,0,1,2,0,0.6114776121462766,0.11530974714132272,0,0
28362,Rock3-148-C,0,1,2,1,0.4794522832841013,0.22576039914920817,1,0
28376,Rock3-148-C,0,2,4,2,0.4691333087805224,0.0851841689548216,1,0
28397,Rock3-148-C,0,1,0,2,0.465624241037952,0.13610652063964332,0,0
28406,Rock3-148-C,0,0,1,0,0.7883938558893007,0.19649522009167034,1,0
28422,Rock3-148-C,0,2,3,4,0.561427669539931,0.25355577853331907,0,0
28441,Rock3-148-C,0,0,1,0,0.6486787150474089,0.3280207636872274,1,0
28450,Rock3-148-C,0,2,2,1,0.47245985366546417,0.21188160690418437,0,1
28465,Rock3-148-C,0,1,1,0,0.9157209503518646,0.08121963603233172,0,1
28468,Rock3-148-C,0,1,2,1,0.6194233461898428,0.2774996784787088,1,0
28520,Rock3-148-C,0,1,2,1,0.7269486947250954,0.15105375007278832,1,0
28541,Rock3-148-C,0,1,2,0,0.5040841080945514,0.15032445326594374,0,0
28581,Rock3-148-C,0,1,0,1,0.5339772428559089,0.255063501873924,1,0
28650,Rock3-148-C,0,1,0,1,0.6374483544431959,0.3311861679505439,1,0
28737,SS1-68-E,0,0,3,2,0.3435674529805225,0.09334488347970195,0,0
28774,SS1-68-E,0,3,4,2,0.432270209659426,0.12069133839724279,0,0
28796,SS1-68-E,0,0,0,1,0.42462244369451707,0.16833281797899433,0,1
28826,SS1-68-E,0,0,0,1,0.3800478018071142,0.05999030374845081,0,1
28867,SS1-68-E,0,1,0,2,0.3543430157773366,0.05828508619286983,0,0
28908,SS1-68-E,0,0,0,2,0.45914284485181034,0.18399741838009126,0,1
28915,SS1-68-E,0,1,3,1,0.5660290947381207,0.11528815830387934,1,0
28953,SS1-68-E,0,1,1,3,0.4356175652314568,0.05535983328393429,0,1
28983,SS1-68-E,0,1,3,2,0.40853587232232463,0.13478116526698328,0,0
29092,SS1-68-E,0,3,3,2,0.5381879310058778,0.2878617123512658,0,1
29124,SS1-68-E,0,2,1,2,0.5038288257317196,0.24844314039368284,1,0
29138,SS1-68-E,0,0,0,1,0.39269530889553966,0.07458445999782386,0,1
29145,SS1-68-E,0,2,0,2,0.4967416741852445,0.05242586767824157,1,0
29151,SS1-68-E,0,0,3,2,0.4665044018906738,0.2117897148458962,0,0
29178,SS1-68-E,0,2,2,1,0.6716803481732858,0.2811538586097803,0,1
29191,SS1-68-E,0,0,2,0,0.9098883223921733,0.014201651573760073,1,0
29198,SS1-68-E,0,3,3,4,0.6012549114030622,0.23222757587235018,0,1
29256,SS1-68-E,0,2,4,2,0.4833850022123838,0.0541304976277264,1,0
29281,SS1-68-E,0,0,1,0,0.9620136051676821,0.03359560640667991,1,0
29286,SS1-68-E,0,3,3,4,0.7460854012001265,0.10257634518527915,0,1
29297,SS1-68-E,0,2,0,2,0.4592472534915382,0.026559466548213454,1,0
29322,SS1-68-E,0,2,0,2,0.4145960524956918,0.06464176388295367,1,0
29339,SS1-68-E,0,2,2,1,0.5376392524705255,0.24089520236771725,0,1
29346,SS1-68-E,0,2,1,2,0.4799371398094485,0.1537117179141048,1,0
29349,SS1-68-E,0,1,1,3,0.46534762363617116,0.0784030426791333,0,1
29369,SS1-68-E,0,1,2,1,0.503565658617328,0.14802364321443617,1,0
29465,SS1-68-E,0,1,2,1,0.6507344135085096,0.3074754110307245,1,0
29546,SS1-68-E,0,1,1,0,0.9052772365004813,0.09201242900735818,0,1
29553,SS1-68-E,0,1,1,0,0.6899635835097822,0.30203544852681985,0,1
29582,SS1-68-E,0,1,2,0,0.45457112687569173,0.11624189113652458,0,0
29598,SS1-68-E,0,1,2,1,0.583921933960004,0.09167635328606485,1,0
29638,SS1-68-E,0,2,0,2,0.38606819552678695,0.05714289377831411,1,0
33012,BN2-166-Ab,0,1,0,1,0.45610337287028974,0.07427441604552032,1,0
33029,BN2-166-Ab,0,2,1,2,0.4986993872111368,0.1966716648595327,1,0
33040,BN2-166-Ab,0,2,2,1,0.5718577063608635,0.07883416343000513,0,1
33116,BN2-166-Ab,0,2,0,2,0.32671015873747095,0.021130992858302007,1,0
33124,BN2-166-Ab,0,2,0,2,0.4986772843795552,0.06910155675270178,1,0
33136,BN2-166-Ab,0,2,2,3,0.6918232705003318,0.11107686083827181,0,1
33142,BN2-166-Ab,0,2,0,1,0.4233587126949979,0.14200480029090504,0,0
33145,BN2-166-Ab,0,2,2,1,0.47899790782563245,0.19622598243595193,0,1
33146,BN2-166-Ab,0,1,0,2,0.3694681068138115,0.1084510295897776,0,0
33165,BN2-166-Ab,0,4,2,3,0.6540484388018143,0.24380518648100316,0,0
33174,BN2-166-Ab,0,2,0,3,0.5173416607275495,0.059016003858746474,0,0
33182,BN2-166-Ab,0,2,0,2,0.47079012348329163,0.07769709082701584,1,0
33184,BN2-166-Ab,0,3,0,3,0.5066417358806106,0.018110426203218746,1,0
33209,BN2-166-Ab,0,3,0,1,0.40661107781517253,0.13364169452348384,0,0
33234,BN2-166-Ab,0,0,1,0,0.6242152806995466,0.3567403968505279,1,0
33235,BN2-166-Ab,0,3,3,2,0.5240443138410823,0.20252081604413916,0,1
33237,BN2-166-Ab,0,2,0,1,0.4947016181478371,0.14809702245098827,0,0
33256,BN2-166-Ab,0,3,0,2,0.441996981592832,0.04636068277083157,0,0
33262,BN2-166-Ab,0,2,2,0,0.42881119461637146,0.1756954414147579,0,1
33269,BN2-166-Ab,0,1,0,2,0.3587887044224947,0.05984080801340603,0,0
33332,BN2-166-Ab,0,1,2,1,0.5995402870197981,0.3301894728270145,1,0
33365,BN2-166-Ab,0,1,0,1,0.7721124047731704,0.18909210841759838,1,0
39105,Jazz3-150-C,0,2,0,2,0.41365562401430755,0.05761790797437662,1,0
39135,Jazz3-150-C,0,3,0,2,0.4187836106649913,0.05780531633140423,0,0
39175,Jazz3-150-C,0,2,2,1,0.6285007329634746,0.10083653622726244,0,1
39194,Jazz3-150-C,0,4,1,3,0.354512619716924,0.09108769556584372,0,0
39197,Jazz3-150-C,0,1,2,1,0.6375156480121267,0.255997383878216,1,0
39202,Jazz3-150-C,0,1,1,2,0.580548865525035,0.3210167760500094,0,1
39217,Jazz3-150-C,0,1,0,2,0.4213178587987416,0.15470327580775714,0,0
39218,Jazz3-150-C,0,3,0,2,0.41140932354611176,0.15628526679843757,0,0
39231,Jazz3-150-C,0,1,2,0,0.46574534546496443,0.16361451615264178,0,0
39241,Jazz3-150-C,0,1,2,1,0.6257505473224622,0.14829811277047492,1,0
39242,Jazz3-150-C,0,2,0,1,0.45750415943300776,0.09357574310171018,0,0
39248,Jazz3-150-C,0,2,3,2,0.44248480026194426,0.144865159747013,1,0
39288,Jazz3-150-C,0,3,3,2,0.5476677335419387,0.12764018764786172,0,1
39292,Jazz3-150-C,0,0,1,0,0.8125175562024456,0.16917669330010274,1,0
39293,Jazz3-150-C,0,1,2,1,0.6305338100043001,0.19603993862481467,1,0
39327,Jazz3-150-C,0,3,3,2,0.5610206966830705,0.24512346425627707,0,1
39334,Jazz3-150-C,0,4,3,2,0.5287422373562601,0.2410328946379863,0,0
39349,Jazz3-150-C,0,3,2,3,0.43615513789886134,0.12992197985326742,1,0
39356,Jazz3-150-C,0,3,0,2,0.44126077881543113,0.04632783043436219,0,0
39360,Jazz3-150-C,0,2,2,1,0.517247263919341,0.2629806618975211,0,1
39362,Jazz3-150-C,0,4,0,3,0.46828400046863683,0.033875337925315364,0,0
39395,Jazz3-150-C,0,2,2,1,0.5934288786636933,0.11274941489300579,0,1
39412,Jazz3-150-C,0,2,2,1,0.7388114386756758,0.08916806636930806,0,1
39426,Jazz3-150-C,0,1,0,1,0.4473379231703488,0.18872112044522574,1,0
39472,Jazz3-150-C,0,3,3,2,0.5807772486582455,0.2223543449479232,0,1
39492,Jazz3-150-C,0,2,0,1,0.47032147021977644,0.17338765081152502,0,0
39512,Jazz3-150-C,0,2,0,2,0.37652672778405316,0.061752480184278785,1,0
39524,Jazz3-150-C,0,1,0,2,0.48446286250986276,0.05251374210941786,0,0
39527,Jazz3-150-C,0,0,1,0,0.8254182522532056,0.1574799151979758,1,0
39528,Jazz3-150-C,0,2,2,1,0.70102011733954,0.14979773790566578,0,1
39529,Jazz3-150-C,0,0,1,0,0.8902648828103938,0.10000823911545564,1,0
39530,Jazz3-150-C,0,2,0,1,0.5620599093101059,0.14006154844191793,0,0
39554,Jazz3-150-C,0,2,1,2,0.44934167873954967,0.15129590018380779,1,0
39617,Jazz3-150-C,0,1,2,1,0.6469825944344177,0.03433861584605986,1,0
39733,Jazz3-150-C,0,1,2,1,0.6090317623197786,0.027188994959904646,1,0
39737,Jazz3-150-C,0,1,0,1,0.8088524712239183,0.16049347840326894,1,0
39766,Jazz3-150-C,0,1,2,1,0.8392836877442825,0.09687717519886037,1,0
40914,Rock2-142-D,0,1,0,2,0.42359301776855446,0.05015599087968086,0,0
40942,Rock2-142-D,0,2,0,1,0.4498415192327192,0.09907088935695123,0,0
40944,Rock2-142-D,0,3,4,3,0.5627962790247626,0.30457985583104874,1,0
40951,Rock2-142-D,0,1,0,1,0.5576164176913314,0.2768990882292861,1,0
40952,Rock2-142-D,0,0,0,1,0.4687314110940538,0.1807130207769236,0,1
40961,Rock2-142-D,0,3,2,4,0.47063913410383046,0.17364209785861637,0,0
40975,Rock2-142-D,0,2,2,4,0.5368193515123189,0.18227625181144586,0,1
40982,Rock2-142-D,0,1,0,1,0.535821312776476,0.19643945822982986,1,0
40985,Rock2-142-D,0,1,0,1,0.41807941123758346,0.08585016236536347,1,0
41027,Rock2-142-D,0,1,2,1,0.46573930110909445,0.17333335468710054,1,0
41041,Rock2-142-D,0,3,3,4,0.4320752650861789,0.17942921182028232,0,1
41043,Rock2-142-D,0,2,0,2,0.3815245522585701,0.04940322344958472,1,0
41047,Rock2-142-D,0,0,0,2,0.415108216075357,0.14865008863288276,0,1
41062,Rock2-142-D,0,2,3,1,0.34204454141818896,0.07835873854882604,0,0
41074,Rock2-142-D,0,3,3,2,0.48613066652703496,0.14534922800443248,0,1
41078,Rock2-142-D,0,3,4,3,0.7037916098209749,0.044850921119128105,1,0
41110,Rock2-142-D,0,0,1,0,0.9377675595039886,0.056191291818292625,1,0
41113,Rock2-142-D,0,2,0,2,0.4469907035246791,0.08179799704786249,1,0
41118,Rock2-142-D,0,3,3,4,0.6802507542285388,0.1367229415647636,0,1
41123,Rock2-142-D,0,0,1,0,0.6819421798080028,0.2792723989028639,1,0
41169,Rock2-142-D,0,3,0,2,0.39588766645431095,0.04564219550416039,0,0
41192,Rock2-142-D,0,3,3,4,0.4670442179154489,0.2105722876850935,0,1
41196,Rock2-142-D,0,1,0,2,0.5338232293893461,0.037622663101601006,0,0
41213,Rock2-142-D,0,4,2,4,0.6777039804153778,0.07629605710280332,1,0
41226,Rock2-142-D,0,3,2,4,0.45737462682429136,0.1892726868767374,0,0
41233,Rock2-142-D,0,1,0,1,0.4688205672920874,0.06219910628141606,1,0
41254,Rock2-142-D,0,1,0,2,0.41273136182329484,0.10283816112711273,0,0
41258,Rock2-142-D,0,1,0,1,0.42898214990045846,0.1139877785967501,1,0
41261,Rock2-142-D,0,1,1,2,0.46724029134852857,0.19284639468924325,0,1
41284,Rock2-142-D,0,1,2,1,0.5937738824720791,0.07856703211457558,1,0
41299,Rock2-142-D,0,2,3,1,0.44646667272070045,0.13944645857078888,0,0
41306,Rock2-142-D,0,0,2,0,0.8971661678185631,0.003176912963161373,1,0
41334,Rock2-142-D,0,1,0,1,0.6233031364129585,0.08616890504419315,1,0
42963,Rock3-148-C,0,4,0,4,0.3823139660837905,0.01681450400486207,1,0
42974,Rock3-148-C,0,0,2,1,0.5177822407571714,0.15456222206832912,0,0
42988,Rock3-148-C,0,2,2,1,0.6580911318867322,0.23220922145461823,0,1
42990,Rock3-148-C,0,4,0,2,0.3726570553808667,0.07162162406664156,0,0
42995,Rock3-148-C,0,4,3,4,0.5516781976035382,0.1367944086435056,1,0
42999,Rock3-148-C,0,0,1,0,0.8249226299518145,0.15613452121656596,1,0
43014,Rock3-148-C,0,3,2,3,0.4454185526907394,0.18955218410114733,1,0
43020,Rock3-148-C,0,2,2,1,0.512584598577634,0.22227810022044597,0,1
43021,Rock3-148-C,0,3,0,2,0.3533603460243824,0.07046984892843906,0,0
43039,Rock3-148-C,0,0,2,0,0.8525315188460462,0.03510690162813049,1,0
43086,Rock3-148-C,0,3,3,2,0.42004631569343326,0.10644022903911536,0,1
43109,Rock3-148-C,0,2,2,1,0.4438544786253796,0.16800155375195533,0,1
43113,Rock3-148-C,0,4,3,4,0.6517737216033852,0.17986103951346008,1,0
43117,Rock3-148-C,0,2,2,0,0.521653998294463,0.1352041734573868,0,1
43134,Rock3-148-C,0,4,3,4,0.796898547802973,0.10485380293862882,1,0
43167,Rock3-148-C,0,1,0,1,0.5232561467692953,0.26469228658047,1,0
43180,Rock3-148-C,0,4,2,1,0.5176249306947349,0.17680448036932858,0,0
43194,Rock3-148-C,0,5,0,3,0.34274473253040094,0.02602428514856975,0,0
43200,Rock3-148-C,0,2,1,0,0.5818504212307783,0.317332006414259,0,0
43202,Rock3-148-C,0,4,2,4,0.42107762631749385,0.1477275988761152,1,0
43206,Rock3-148-C,0,0,1,0,0.7565340644817219,0.2006999150043647,1,0
43221,Rock3-148-C,0,4,4,3,0.5145961910096299,0.24700746066226506,0,1
43230,Rock3-148-C,0,3,0,1,0.49979028538479375,0.14605073256862303,0,0
43231,Rock3-148-C,0,0,0,2,0.4657930694002788,0.12295926647582861,0,1
43240,Rock3-148-C,0,3,5,2,0.4465977978354744,0.0031360129191583324,0,0
43252,Rock3-148-C,0,3,2,3,0.41898722479881967,0.1617315526914419,1,0
43266,Rock3-148-C,0,4,2,3,0.5021984525236795,0.0777736185092195,0,0
43270,Rock3-148-C,0,2,0,3,0.3999702905261637,0.072564526618865,0,0
43274,Rock3-148-C,0,3,0,3,0.3858499944230471,0.02326665078380339,1,0
43278,Rock3-148-C,0,3,0,2,0.4239183383445144,0.05750002116999586,0,0
43282,Rock3-148-C,0,0,2,0,0.6133654529611058,0.06933442148978644,1,0
43301,Rock3-148-C,0,3,0,3,0.4299941531251389,0.06723127693359209,1,0
43303,Rock3-148-C,0,4,2,4,0.39365039972911925,0.06932805487360286,1,0
43307,Rock3-148-C,0,2,0,2,0.3872077695998479,0.13262814269156736,1,0
43320,Rock3-148-C,0,3,3,4,0.6205774433726594,0.0931252859737369,0,1
43355,Rock3-148-C,0,2,2,1,0.5182041510335383,0.227165572312036,0,1
43430,Rock3-148-C,0,1,0,1,0.5225770464174502,0.17078424278896603,1,0
43438,Rock3-148-C,0,5,2,4,0.46698525048101003,0.049958595936709725,0,0
43448,Rock3-148-C,0,1,0,3,0.30654631176048347,0.020630634088032576,0,0
43456,Rock3-148-C,0,0,2,1,0.48082369747598225,0.13756937573041264,0,0
43457,Rock3-148-C,0,5,2,4,0.5670341697153587,0.02752567177558489,0,0
43463,Rock3-148-C,0,2,2,0,0.4570365050332918,0.11716638595250371,0,1
43483,Rock3-148-C,0,1,0,1,0.7812989840744945,0.14708457753942797,1,0
43548,Rock3-148-C,0,0,0,1,0.7128949649304749,0.26786656822045624,0,1
43632,SS1-68-E,0,1,4,3,0.48172142801364093,0.09269872948934871,0,0
43637,SS1-68-E,0,1,0,2,0.40910712192394877,0.13131803560141206,0,0
43671,SS1-68-E,0,1,0,2,0.5183321973347349,0.032298622283755615,0,0
43686,SS1-68-E,0,1,0,1,0.5218523952997054,0.23048168242675174,1,0
43737,SS1-68-E,0,1,0,1,0.5464750619726461,0.182564920117014,1,0
43743,SS1-68-E,0,1,1,0,0.8712774917551224,0.11739363733031905,0,1
43758,SS1-68-E,0,1,0,1,0.4889561609842796,0.19898227914692476,1,0
43821,SS1-68-E,0,0,0,2,0.3861088093143179,0.05878142958979942,0,1
43842,SS1-68-E,0,1,2,1,0.6602297957706731,0.2467516746811435,1,0
43877,SS1-68-E,0,1,1,3,0.47032043942148577,0.20823717720969584,0,1
43883,SS1-68-E,0,0,1,3,0.526124726278539,0.22876481115470007,0,0
43889,SS1-68-E,0,0,4,2,0.45950153355850154,0.0881581207700654,0,0
43901,SS1-68-E,0,1,3,1,0.4707250249518905,0.1502622880892752,1,0
43907,SS1-68-E,0,1,0,1,0.5864497430107468,0.11209401696636392,1,0
43911,SS1-68-E,0,0,2,3,0.5291199995832795,0.24677057000163946,0,0
43930,SS1-68-E,0,1,0,1,0.4892794740149629,0.1259477856768881,1,0
43935,SS1-68-E,0,0,2,3,0.5790235784594701,0.21911380914929154,0,0
43938,SS1-68-E,0,0,0,1,0.49292983111574284,0.20416097663075886,0,1
43948,SS1-68-E,0,0,4,2,0.4912326848094069,0.09186039111556951,0,0
43998,SS1-68-E,0,1,0,2,0.4298777317497926,0.15996148310274447,0,0
44006,SS1-68-E,0,1,0,2,0.46487575552914767,0.03979449938708638,0,0
44022,SS1-68-E,0,1,1,2,0.5907822447997138,0.11561062779131163,0,1
44037,SS1-68-E,0,1,0,1,0.618407511423102,0.20365554445371148,1,0
44046,SS1-68-E,0,1,0,2,0.41914403857289523,0.08541395551534067,0,0
44062,SS1-68-E,0,1,1,2,0.5817347158290785,0.1905910911197641,0,1
44074,SS1-68-E,0,1,0,2,0.4891794208660645,0.04526495198142698,0,0
44080,SS1-68-E,0,1,0,1,0.34811263813425275,0.08576868471565331,1,0
44085,SS1-68-E,0,1,2,1,0.5606246614375553,0.2737140869380443,1,0
44127,SS1-68-E,0,1,4,3,0.5980173906310953,0.03415705710019637,0,0
44148,SS1-68-E,0,1,0,2,0.4236405039965927,0.04684917927270183,0,0
44154,SS1-68-E,0,0,0,3,0.5172558360673937,0.0465979735103892,0,1
44157,SS1-68-E,0,1,4,3,0.6397505211471433,0.04308460450840954,0,0
44165,SS1-68-E,0,1,0,2,0.41981369976441024,0.16438382849767394,0,0
44170,SS1-68-E,0,0,0,2,0.3843975741761682,0.08128751668069759,0,1
44193,SS1-68-E,0,1,1,3,0.5988740899438909,0.10194302638184281,0,1
44211,SS1-68-E,0,1,3,2,0.6209790547468499,0.17280455785711463,0,0
44215,SS1-68-E,0,1,1,2,0.5858879201982481,0.3164364143426435,0,1
44216,SS1-68-E,0,1,2,3,0.6200108095103366,0.3102364933376818,0,0
44253,SS1-68-E,0,1,1,2,0.586015807464136,0.194578915285318,0,1
44256,SS1-68-E,0,0,0,2,0.3910263406585469,0.08705534067803099,0,1
44266,SS1-68-E,0,1,0,2,0.5166950011230935,0.03916711118243792,0,0
44271,SS1-68-E,0,1,0,2,0.48710795601726753,0.05784686236272261,0,0
44278,SS1-68-E,0,1,0,3,0.4293377648295217,0.048237791379953876,0,0
44292,SS1-68-E,0,1,1,2,0.39829945397880284,0.07388196961145277,0,1
44350,SS1-68-E,0,1,2,1,0.75231239073091,0.18702333938689247,1,0
44363,SS1-68-E,0,1,0,1,0.6425319131097735,0.3214236330061161,1,0
44396,SS1-68-E,0,0,1,0,0.9610842943469212,0.03432005221966812,1,0
44473,SS1-68-E,0,1,2,1,0.641370450729283,0.30043540979117006,1,0
44515,SS1-68-E,0,1,1,0,0.6906489302432078,0.2929177197546984,0,1
44568,SS1-68-E,0,1,0,1,0.7803844062491393,0.2025093767320633,1,0
44590,SS1-68-E,0,1,2,1,0.5815006008790617,0.03242307585307537,1,0
44639,SS1-68-E,0,1,3,1,0.69198415933123,0.031801721914892486,1,0
47968,BN2-166-Ab,0,4,2,3,0.42078284372383107,0.0947690115661104,0,0
47974,BN2-166-Ab,0,3,4,3,0.550892329749623,0.26784963549821766,1,0
48007,BN2-166-Ab,0,3,0,1,0.47285473003593287,0.08532594741678834,0,0
48025,BN2-166-Ab,0,1,2,1,0.5636865556466016,0.11015785724364323,1,0
48039,BN2-166-Ab,0,4,4,3,0.5511614077871405,0.16058726079593247,0,1
48042,BN2-166-Ab,0,4,2,3,0.5891942440361726,0.18625479794042982,0,0
48095,BN2-166-Ab,0,1,1,0,0.7666822893544875,0.198580719230068,0,1
48105,BN2-166-Ab,0,3,2,1,0.5996055836883329,0.16105708338713637,0,0
48110,BN2-166-Ab,0,4,4,3,0.5208351648878182,0.23322865750807187,0,1
48141,BN2-166-Ab,0,1,2,1,0.7107297327303945,0.179201282220968,1,0
48147,BN2-166-Ab,0,4,4,2,0.4344346535136816,0.026189737242218052,0,1
48172,BN2-166-Ab,0,4,2,3,0.7019403714703683,0.20293313405639632,0,0
48210,BN2-166-Ab,0,1,2,3,0.5642393184860458,0.2804063468766485,0,0
48275,BN2-166-Ab,0,0,0,1,0.6353438335060239,0.29132318164821946,0,1
48344,BN2-166-Ab,0,1,2,1,0.6915713633654219,0.0982786522741791,1,0
53379,Jazz3-150-C,0,1,2,1,0.5926376792240329,0.32165973844830203,1,0
53399,Jazz3-150-C,0,2,2,1,0.6499291326248102,0.14258054732171208,0,1
53414,Jazz3-150-C,0,3,3,2,0.5187019675984553,0.11455181430932751,0,1
53426,Jazz3-150-C,0,3,3,2,0.42478815217426624,0.12291273690275532,0,1
53430,Jazz3-150-C,0,3,3,1,0.5038177560717312,0.09120107342975659,0,1
53517,Jazz3-150-C,0,3,4,3,0.4709305577037682,0.13510018823295372,1,0
53522,Jazz3-150-C,0,0,1,0,0.7586722228600451,0.2099967187046874,1,0
53546,Jazz3-150-C,0,3,3,2,0.42563296849392457,0.15095807122345284,0,1
53555,Jazz3-150-C,0,4,1,3,0.7330532374132063,0.06940695767594512,0,0
53563,Jazz3-150-C,0,0,1,0,0.783303989884532,0.17856955924497891,1,0
53577,Jazz3-150-C,0,0,1,0,0.9328885626785339,0.06322198785119501,1,0
53608,Jazz3-150-C,0,3,4,2,0.4707422485179756,0.11692735351892336,0,0
54948,Rock2-142-D,0,1,1,0,0.4451697869507495,0.17267319270889106,0,1
54971,Rock2-142-D,0,0,0,1,0.45786906968469143,0.1686185576914554,0,1
54975,Rock2-142-D,0,3,0,2,0.39163326277116306,0.07606279796317689,0,0
55000,Rock2-142-D,0,0,1,0,0.8846473224937629,0.10194945053033987,1,0
55013,Rock2-142-D,0,1,2,3,0.4648166414898869,0.20282724758570686,0,0
55021,Rock2-142-D,0,1,1,0,0.7703792194137531,0.20899569901815582,0,1
55044,Rock2-142-D,0,3,4,3,0.41112596175537003,0.13051295934961687,1,0
55051,Rock2-142-D,0,0,2,0,0.8807095144199295,0.005819307843002964,1,0
55105,Rock2-142-D,0,3,0,2,0.45183205920728653,0.09247771911254538,0,0
55127,Rock2-142-D,0,2,0,2,0.3944583998086399,0.04832053840649612,1,0
55129,Rock2-142-D,0,2,2,4,0.5107081129008872,0.18489847489026914,0,1
55142,Rock2-142-D,0,1,0,2,0.4489843571109835,0.15037866641252423,0,0
55145,Rock2-142-D,0,2,3,2,0.5649007764912835,0.21089843249477308,1,0
55164,Rock2-142-D,0,1,0,3,0.37524431603457986,0.03206687960400181,0,0
55168,Rock2-142-D,0,1,2,1,0.46967015034983406,0.13783947805678792,1,0
55217,Rock2-142-D,0,0,2,0,0.8827040329943104,0.007952850532504349,1,0
55218,Rock2-142-D,0,2,2,1,0.6058378189896815,0.2103929100545885,0,1
55257,Rock2-142-D,0,0,2,1,0.47371484054533564,0.1782704799597169,0,0
55274,Rock2-142-D,0,2,0,2,0.37047524537099114,0.06552691868220281,1,0
55278,Rock2-142-D,0,2,3,1,0.5095190266816165,0.1173570671656754,0,0
55280,Rock2-142-D,0,2,0,1,0.5920868527539832,0.13729677222337336,0,0
55325,Rock2-142-D,0,3,3,1,0.4495795033772068,0.03408446867828502,0,1
55329,Rock2-142-D,0,1,2,1,0.4563677214069319,0.09064075922816914,1,0
55336,Rock2-142-D,0,1,2,0,0.6205394092784614,0.11524892462227916,0,0
55438,Rock2-142-D,0,1,1,0,0.8243423800576328,0.1649945943117588,0,1
55440,Rock2-142-D,0,1,0,1,0.6474281329720246,0.30990981346565993,1,0
56896,Rock3-148-C,0,3,2,3,0.5013517373245654,0.12446980158927107,1,0
56927,Rock3-148-C,0,1,0,1,0.5522639489123811,0.15357979854546389,1,0
56931,Rock3-148-C,0,0,0,1,0.5836742695502173,0.2415379752634587,0,1
56950,Rock3-148-C,0,2,2,3,0.5658489422379107,0.21757760971573978,0,1
56965,Rock3-148-C,0,2,2,1,0.4919692666930325,0.10919048888918843,0,1
56978,Rock3-148-C,0,2,3,4,0.5583019508503883,0.1536834509314349,0,0
56979,Rock3-148-C,0,2,2,1,0.6718359984206612,0.10561130763066348,0,1
56984,Rock3-148-C,0,1,2,1,0.5930925579825627,0.1747109731505818,1,0
56985,Rock3-148-C,0,1,0,1,0.5724619925777836,0.26324528418088844,1,0
57012,Rock3-148-C,0,0,2,0,0.982632501219488,0.0016788794060236506,1,0
57028,Rock3-148-C,0,3,4,3,0.616002176417277,0.2670460046523824,1,0
57041,Rock3-148-C,0,2,0,1,0.43759731828592885,0.1612173060236499,0,0
57074,Rock3-148-C,0,0,2,0,0.7426806581145139,0.013202938712644184,1,0
57088,Rock3-148-C,0,1,0,3,0.35502610994354133,0.04136623326093928,0,0
57093,Rock3-148-C,0,4,3,2,0.508078844946203,0.22156957295108812,0,0
57107,Rock3-148-C,0,4,3,2,0.47026362513148023,0.1621151089614246,0,0
57120,Rock3-148-C,0,2,3,2,0.49998284837623375,0.2453810477907873,1,0
57128,Rock3-148-C,0,3,3,4,0.5244689606422575,0.25564508009546794,0,1
57175,Rock3-148-C,0,2,0,1,0.5806020033111664,0.27784295938696074,0,0
57180,Rock3-148-C,0,1,2,0,0.4144544185022154,0.15320293573717975,0,0
57190,Rock3-148-C,0,0,2,0,0.9749130653352119,0.002207803340588897,1,0
57191,Rock3-148-C,0,1,2,0,0.8551071412489749,0.00985748083621999,0,0
57200,Rock3-148-C,0,2,2,3,0.5512513606659514,0.2541505205600529,0,1
57233,Rock3-148-C,0,1,2,1,0.528512800579473,0.19810834179405679,1,0
57264,Rock3-148-C,0,1,2,1,0.44033269201234165,0.15053143597652663,1,0
57286,Rock3-148-C,0,2,2,0,0.5491563521477226,0.15358050805895218,0,1
57325,Rock3-148-C,0,3,2,3,0.5351044295544582,0.2287046597817,1,0
57334,Rock3-148-C,0,2,0,1,0.4955794752347265,0.18501191233396022,0,0
57338,Rock3-148-C,0,4,4,3,0.4563649699920485,0.15730814761640882,0,1
57347,Rock3-148-C,0,1,0,1,0.5922182370989418,0.23795922636658454,1,0
57348,Rock3-148-C,0,1,0,3,0.29497986303103724,0.0381743417667571,0,0
57353,Rock3-148-C,0,0,2,1,0.43230453620808784,0.09965850479741283,0,0
57360,Rock3-148-C,0,0,2,1,0.8620625040220036,0.09144802181458099,0,0
57364,Rock3-148-C,0,1,0,1,0.7248094951531324,0.22790070273739485,1,0
57376,Rock3-148-C,0,1,2,1,0.9186860320010406,0.04941094852828132,1,0
57462,SS1-68-E,0,1,0,2,0.38961142792455666,0.06931585909390074,0,0
57465,SS1-68-E,0,2,2,1,0.666092037910653,0.2321719648883389,0,1
57470,SS1-68-E,0,1,0,3,0.41822418412923346,0.03507917626500733,0,0
57479,SS1-68-E,0,4,3,4,0.6230599707818953,0.1845144760739798,1,0
57500,SS1-68-E,0,0,2,1,0.4482735157110079,0.13723278964639812,0,0
57505,SS1-68-E,0,0,2,0,0.7922576675506553,0.01628744651084679,1,0
57508,SS1-68-E,0,2,0,1,0.48785590198930034,0.186864952478531,0,0
57535,SS1-68-E,0,2,2,3,0.5387717116485357,0.2746828306430279,0,1
57542,SS1-68-E,0,0,0,2,0.4057135122980341,0.07507725295774592,0,1
57546,SS1-68-E,0,3,2,4,0.5194176073495153,0.1276618154111392,0,0
57575,SS1-68-E,0,1,3,1,0.48461452750619394,0.1360494813377135,1,0
57580,SS1-68-E,0,2,0,2,0.33808848151326554,0.0570375085133495,1,0
57597,SS1-68-E,0,0,2,0,0.9070867866297404,0.01100365736871612,1,0
57602,SS1-68-E,0,0,2,0,0.6871661814799097,0.0658474224072337,1,0
57610,SS1-68-E,0,1,0,1,0.4465155859090573,0.11060093067918132,1,0
57616,SS1-68-E,0,2,0,2,0.37447675192648855,0.1094838775304932,1,0
57625,SS1-68-E,0,0,2,0,0.4683905792106371,0.10296145602743566,1,0
57665,SS1-68-E,0,1,2,1,0.518801687583141,0.2233581902984486,1,0
57675,SS1-68-E,0,2,0,1,0.4553546624373121,0.09446366187475604,0,0
57677,SS1-68-E,0,0,3,0,0.9351396835423722,0.003951782067477506,1,0
57713,SS1-68-E,0,1,2,1,0.5423470742133435,0.17198087236167142,1,0
57723,SS1-68-E,0,2,1,2,0.39116401478577134,0.10556467485628904,1,0
57733,SS1-68-E,0,0,0,2,0.4177544554421569,0.12489349001314581,0,1
57765,SS1-68-E,0,2,0,1,0.400108761877153,0.11730692738816649,0,0
57776,SS1-68-E,0,0,2,0,0.9544092511161255,0.003360765691995034,1,0
57782,SS1-68-E,0,0,1,0,0.8318497877213729,0.14209755222801723,1,0
57808,SS1-68-E,0,0,2,0,0.9541418560567727,0.004003338449929667,1,0
57824,SS1-68-E,0,0,2,0,0.8077234325081281,0.028502383298701434,1,0
57831,SS1-68-E,0,3,2,4,0.5071446288847452,0.16346503968409365,0,0
57848,SS1-68-E,0,2,3,1,0.6024604138401447,0.1388925687226379,0,0
57873,SS1-68-E,0,1,3,2,0.5257149151596655,0.17332431480286467,0,0
57886,SS1-68-E,0,1,0,2,0.3954615284208185,0.10448185794379432,0,0
57907,SS1-68-E,0,0,2,0,0.7155113181255656,0.11723217491623397,1,0
57908,SS1-68-E,0,2,2,1,0.5869846678693225,0.27799820772707057,0,1
57916,SS1-68-E,0,2,0,1,0.4258593318465946,0.03233580448761405,0,0
57939,SS1-68-E,0,1,2,1,0.544765585291626,0.18512428733553257,1,0
57976,SS1-68-E,0,1,3,1,0.6205326786644145,0.12980382196257456,1,0
58021,SS1-68-E,0,1,0,1,0.44810362903542067,0.18381676446249073,1,0
58023,SS1-68-E,0,0,2,0,0.9173221129813811,0.007484369240883238,1,0
58025,SS1-68-E,0,1,2,0,0.7348173953527442,0.036790625066963796,0,0
58026,SS1-68-E,0,1,2,0,0.4559785899041897,0.10128790992009272,0,0
58067,SS1-68-E,0,1,0,1,0.5384942604438925,0.24213351535089808,1,0
58080,SS1-68-E,0,1,2,0,0.5323228153823703,0.052890057372845925,0,0
58084,SS1-68-E,0,1,3,2,0.5143152360710557,0.16612387704393555,0,0
58092,SS1-68-E,0,0,0,2,0.38753897523382197,0.13329441391463737,0,1
58095,SS1-68-E,0,2,2,1,0.6159339937615267,0.190973473153018,0,1
58099,SS1-68-E,0,0,1,0,0.8257966224298547,0.15825692514244663,1,0
58146,SS1-68-E,0,2,0,3,0.44212896876967867,0.030850859342984753,0,0
58163,SS1-68-E,0,2,2,4,0.6133895161209337,0.14195247975204095,0,1
58178,SS1-68-E,0,0,2,0,0.8479508606422164,0.018232319573898557,1,0
58295,SS1-68-E,0,1,2,1,0.9593507800122797,0.026922341499409842,1,0
58332,SS1-68-E,0,2,2,1,0.8827839030455985,0.048576706743273336,0,1
61305,BN2-166-Ab,0,4,4,3,0.4933773288211653,0.09896223721992155,0,1
61309,BN2-166-Ab,0,4,4,2,0.41054863569949707,0.0416912558366168,0,1
61313,BN2-166-Ab,0,4,4,2,0.32405016563906397,0.05871621272613846,0,1
61318,BN2-166-Ab,0,1,0,3,0.4177674484351402,0.0894245253397319,0,0
61346,BN2-166-Ab,0,3,3,2,0.4699135091824477,0.13449347593202948,0,1
61348,BN2-166-Ab,0,2,4,2,0.3266560068896859,0.008498366008840111,1,0
61352,BN2-166-Ab,0,4,4,3,0.540773488831068,0.19054948089341164,0,1
61356,BN2-166-Ab,0,4,4,3,0.5504063002062919,0.21453963459364536,0,1
61376,BN2-166-Ab,0,3,4,3,0.5643362700877514,0.27086185032274435,1,0
61379,BN2-166-Ab,0,3,2,3,0.5875329100814517,0.2579318613782919,1,0
61388,BN2-166-Ab,0,0,0,2,0.372924979457692,0.11263909442767138,0,1
61391,BN2-166-Ab,0,4,4,3,0.611850585276129,0.24276245869185642,0,1
61437,BN2-166-Ab,0,4,4,3,0.572524647710166,0.15422750889864661,0,1
61440,BN2-166-Ab,0,4,4,3,0.401725407084727,0.054312538003243725,0,1
61458,BN2-166-Ab,0,2,4,3,0.7124950488858347,0.0456263679035474,0,0
61461,BN2-166-Ab,0,0,0,1,0.5491873339785371,0.24181278884246116,0,1
61468,BN2-166-Ab,0,2,0,2,0.3791256351263482,0.0698297715958916,1,0
61476,BN2-166-Ab,0,3,3,2,0.5430584535546018,0.20430024444472092,0,1
61514,BN2-166-Ab,0,3,2,4,0.3755476575553586,0.0958204486639229,0,0
61538,BN2-166-Ab,0,0,2,1,0.47343250981031276,0.17977280768478812,0,0
61543,BN2-166-Ab,0,0,0,3,0.490718496149571,0.024079452187570058,0,1
61571,BN2-166-Ab,0,0,0,1,0.7441523568677035,0.23221957795327783,0,1
61673,BN2-166-Ab,0,1,2,1,0.7813305212829098,0.16534168614288813,1,0
67152,Jazz3-150-C,0,2,2,0,0.46035454723609864,0.20702580926366274,0,1
67178,Jazz3-150-C,0,2,2,1,0.6103550278769722,0.23761831453912724,0,1
67220,Jazz3-150-C,0,2,3,1,0.6900867849036976,0.027592343076548266,0,0
67250,Jazz3-150-C,0,4,4,3,0.4998787057602618,0.17469775183805294,0,1
67260,Jazz3-150-C,0,4,4,3,0.5589103689884963,0.20264006350843208,0,1
67315,Jazz3-150-C,0,0,1,0,0.8231939806502826,0.11916007116621113,1,0
67316,Jazz3-150-C,0,3,4,2,0.4742211752235013,0.17291937217146416,0,0
67326,Jazz3-150-C,0,3,2,1,0.6457483854890212,0.13083353857197738,0,0
67345,Jazz3-150-C,0,0,1,0,0.6184977779024723,0.27826546709594097,1,0
67364,Jazz3-150-C,0,0,1,0,0.8263468586153648,0.1615122813545455,1,0
67370,Jazz3-150-C,0,1,2,1,0.6992897994559215,0.16367451326725443,1,0
67379,Jazz3-150-C,0,1,0,1,0.6343308987586246,0.23953079689897683,1,0
67398,Jazz3-150-C,0,0,2,0,0.7238432687939352,0.02930909282695085,1,0
67400,Jazz3-150-C,0,1,2,1,0.608164281951076,0.22325319821993372,1,0
67447,Jazz3-150-C,0,1,2,1,0.605592543223288,0.25239454424334756,1,0
67464,Jazz3-150-C,0,0,2,1,0.6060861112919099,0.17261246323426135,0,0
67500,Jazz3-150-C,0,0,1,0,0.7663613868817384,0.22229516002176777,1,0
67523,Jazz3-150-C,0,1,2,1,0.9179571334189401,0.04525972958028797,1,0
67554,Jazz3-150-C,0,1,2,1,0.69913491793372,0.21472667026882106,1,0
67601,Jazz3-150-C,0,2,0,1,0.7175283871746349,0.2294388245126,0,0
67624,Jazz3-150-C,0,2,2,1,0.8598332377131005,0.0774825554451368,0,1
67629,Jazz3-150-C,0,2,2,1,0.9196947818769726,0.040699262692621294,0,1
67636,Jazz3-150-C,0,2,2,1,0.8870269031591916,0.07551442635613428,0,1
68853,Rock2-142-D,0,2,2,4,0.4892835776492979,0.15446287148689394,0,1
68862,Rock2-142-D,0,1,2,0,0.5414158135308768,0.13472483979142028,0,0
68877,Rock2-142-D,0,6,3,4,0.5334886948379133,0.16421481458365508,0,0
68883,Rock2-142-D,0,3,3,4,0.41344475194817354,0.14415293143883937,0,1
68938,Rock2-142-D,0,4,4,3,0.4906802397274539,0.11200355273552033,0,1
68940,Rock2-142-D,0,0,2,0,0.9593439496308219,0.003871352904667523,1,0
68941,Rock2-142-D,0,3,5,4,0.4610826076840799,0.06822610718731453,0,0
68944,Rock2-142-D,0,1,1,0,0.6583842334500123,0.3237988041450536,0,1
68946,Rock2-142-D,0,4,3,4,0.5281789303530698,0.2353893673455745,1,0
68960,Rock2-142-D,0,1,2,0,0.8343776612429515,0.027668737464330247,0,0
68973,Rock2-142-D,0,3,0,2,0.4304215175666081,0.1525330023488894,0,0
69004,Rock2-142-D,0,4,5,4,0.49434353272068166,0.15913033367276988,1,0
69056,Rock2-142-D,0,3,3,2,0.4545967467456179,0.18693132841137197,0,1
69069,Rock2-142-D,0,5,4,3,0.45811991682843206,0.14449082945715344,0,0
69076,Rock2-142-D,0,3,0,2,0.4544413393566715,0.14368753194582526,0,0
69084,Rock2-142-D,0,3,3,4,0.5684166873351375,0.19636587828206786,0,1
69103,Rock2-142-D,0,2,0,2,0.41048170240483517,0.14480293264681438,1,0
69110,Rock2-142-D,0,4,3,4,0.43189171100662943,0.15680142494929983,1,0
69113,Rock2-142-D,0,4,2,4,0.41753226403685645,0.06703506501620783,1,0
69163,Rock2-142-D,0,1,3,2,0.34427710009373397,0.08479490274902256,0,0
69171,Rock2-142-D,0,3,5,4,0.48521791528250036,0.17591617912583649,0,0
69182,Rock2-142-D,0,4,5,4,0.4669801053004247,0.14292120809171588,1,0
69195,Rock2-142-D,0,4,3,4,0.5770538267895755,0.2341438387009195,1,0
69206,Rock2-142-D,0,2,0,2,0.4228630610792662,0.13864177899798913,1,0
69210,Rock2-142-D,0,5,5,4,0.4864659606811169,0.13292369957012476,0,1
69222,Rock2-142-D,0,3,5,3,0.3227809574909332,0.060423604216211506,1,0
69253,Rock2-142-D,0,6,3,4,0.6534596347770508,0.19287443918236072,0,0
69276,Rock2-142-D,0,2,1,0,0.6582066859559976,0.28431652464777624,0,0
71006,Rock3-148-C,0,2,2,3,0.4202726578276074,0.11914510211721926,0,1
71032,Rock3-148-C,0,1,1,0,0.7562374701989871,0.2295564498259035,0,1
71074,Rock3-148-C,0,1,0,1,0.45927974254857656,0.18729314805483652,1,0
71102,Rock3-148-C,0,1,0,1,0.5271318144450263,0.1326204968280892,1,0
71134,Rock3-148-C,0,3,3,2,0.44024521315961973,0.09067658864001636,0,1
71177,Rock3-148-C,0,3,2,4,0.6351017158151271,0.08915038582009442,0,0
71183,Rock3-148-C,0,0,1,0,0.9635389460253421,0.03349488097353669,1,0
71189,Rock3-148-C,0,3,2,1,0.406737811838931,0.10734061566394755,0,0
71295,Rock3-148-C,0,1,2,3,0.5015133705176882,0.09641890586979796,0,0
71311,Rock3-148-C,0,0,2,0,0.959138122323837,0.002026992464938086,1,0
71324,Rock3-148-C,0,2,4,3,0.5679820120381794,0.13449588003694077,0,0
71465,SS1-68-E,0,2,3,2,0.4505923089498274,0.18478627171365494,1,0
71475,SS1-68-E,0,3,3,2,0.49758539268072216,0.2342565889408726,0,1
71482,SS1-68-E,0,1,1,0,0.7114078638824552,0.1819463685984403,0,1
71489,SS1-68-E,0,2,0,3,0.3704820831348739,0.03371259011290634,0,0
71495,SS1-68-E,0,4,0,2,0.48199769873825343,0.09861989026361348,0,0
71552,SS1-68-E,0,5,3,5,0.3920806884573058,0.11229844621788186,1,0
71562,SS1-68-E,0,5,0,2,0.4088296004003451,0.05758034080555387,0,0
71563,SS1-68-E,0,4,0,2,0.5136686667285136,0.0627419767956173,0,0
71566,SS1-68-E,0,2,1,3,0.3903050495926838,0.12924820690259958,0,0
71647,SS1-68-E,0,3,0,2,0.5133962093902804,0.1578360494315995,0,0
71661,SS1-68-E,0,1,0,2,0.5158958535088891,0.05271776487331243,0,0
71662,SS1-68-E,0,2,0,2,0.394889863502201,0.09282979684419461,1,0
71664,SS1-68-E,0,2,0,2,0.38128807275310145,0.04783768757631675,1,0
71692,SS1-68-E,0,3,3,2,0.46966548311436834,0.1631481135023353,0,1
71731,SS1-68-E,0,0,2,0,0.9571032782938493,0.004304198851571315,1,0
71772,SS1-68-E,0,0,2,0,0.9558441928046595,0.004175473888967328,1,0
71800,SS1-68-E,0,1,2,0,0.6741400284442534,0.03393295924129134,0,0
71806,SS1-68-E,0,4,3,4,0.485168136774306,0.14211918706204807,1,0
71821,SS1-68-E,0,0,0,2,0.42022035363647,0.09575381723382703,0,1
71822,SS1-68-E,0,3,3,2,0.5809999715345716,0.1837378875638871,0,1
71868,SS1-68-E,0,3,0,2,0.4038103861935724,0.07953778969539094,0,0
71891,SS1-68-E,0,0,2,1,0.38715385829596694,0.12090776454208826,0,0
71895,SS1-68-E,0,2,3,2,0.48345061286045105,0.2231322033939641,1,0
71925,SS1-68-E,0,1,2,0,0.7900322303054327,0.021714564597860624,0,0
71952,SS1-68-E,0,1,2,1,0.47073447084270115,0.21850897837508643,1,0
71967,SS1-68-E,0,1,2,0,0.6590170475195422,0.17778999843521426,0,0
72013,SS1-68-E,0,5,4,3,0.5425990829430267,0.1313276701105683,0,0
72022,SS1-68-E,0,0,2,0,0.9495544395323297,0.006412595469785269,1,0
72028,SS1-68-E,0,0,1,0,0.8338765064802341,0.15263206465072954,1,0
72049,SS1-68-E,0,0,1,0,0.9229502494352583,0.06462779983234523,1,0
72050,SS1-68-E,0,4,3,2,0.4647148889891956,0.10472332963378848,0,0
72070,SS1-68-E,0,3,0,2,0.40814666943523403,0.10261244507485955,0,0
72079,SS1-68-E,0,2,3,2,0.478006830364652,0.15834612511197538,1,0
72163,SS1-68-E,0,6,3,4,0.5333761550438275,0.1499392567296002,0,0
72192,SS1-68-E,0,2,0,1,0.43239271352623765,0.13482851936507953,0,0
72229,SS1-68-E,0,3,0,2,0.43219270246861,0.04967271509104903,0,0
72295,SS1-68-E,0,1,0,1,0.7393914571400487,0.2006323596032413,1,0
72349,SS1-68-E,0,1,2,1,0.7911442488594276,0.1728490595709542,1,0
72365,SS1-68-E,0,0,1,0,0.8398051324016365,0.1552619422548216,1,0
982,BN3-154-E,1,4,4,2,0.498771935208503,0.14915422087055075,0,1
990,BN3-154-E,1,4,4,3,0.5680272246017251,0.2101106842239148,0,1
996,BN3-154-E,1,2,4,2,0.45625718934878184,0.06233210140189603,1,0
1016,BN3-154-E,1,0,1,0,0.8629525595139941,0.1303375191962081,1,0
1021,BN3-154-E,1,0,2,0,0.6396061584862673,0.07219792029135266,1,0
1033,BN3-154-E,1,4,4,2,0.673560868029807,0.04317307967663179,0,1
1104,BN3-154-E,1,3,2,1,0.5374371414620452,0.24037696490003274,0,0
1115,BN3-154-E,1,0,2,0,0.5845592254089511,0.025583861436541927,1,0
1122,BN3-154-E,1,1,2,0,0.5649224037741535,0.011407222166145474,0,0
1189,BN3-154-E,1,1,2,1,0.6748977806114919,0.14389685654665033,1,0
1229,BN3-154-E,1,1,2,1,0.56015103031158,0.2968044181355245,1,0
1241,BN3-154-E,1,0,1,0,0.7833558724414148,0.2055761281112751,1,0
1247,BN3-154-E,1,0,0,1,0.7159537702261366,0.2571669604089046,0,1
1255,BN3-154-E,1,0,0,1,0.5212688892269219,0.2544877911269511,0,1
1282,BN3-154-E,1,3,2,1,0.5470520518235089,0.11160984348258414,0,0
1303,BN3-154-E,1,2,0,1,0.6002238572676538,0.26940003510381055,0,0
1331,BN3-154-E,1,1,2,1,0.6058876049222605,0.22996089233586664,1,0
1334,BN3-154-E,1,1,2,1,0.6144484733748585,0.1355256056112594,1,0
1359,BN3-154-E,1,1,2,1,0.5886187371153144,0.24681869708863713,1,0
1363,BN3-154-E,1,1,2,1,0.5882076912281444,0.24037225500502155,1,0
1371,BN3-154-E,1,1,2,1,0.5458917199055816,0.2542815755526201,1,0
1416,BN3-154-E,1,1,2,1,0.6171513724635849,0.1987767019095973,1,0
1429,BN3-154-E,1,1,2,1,0.5599606299068149,0.14878676121797532,1,0
1443,BN3-154-E,1,0,0,1,0.6552152420580085,0.2911003250928727,0,1
1446,BN3-154-E,1,1,2,1,0.8795398930910745,0.07757411842985325,1,0
1482,BN3-154-E,1,2,0,1,0.4929255768602196,0.1721290408140305,0,0
1491,BN3-154-E,1,2,0,1,0.6136628234301224,0.14689600247906126,0,0
1529,BN3-154-E,1,1,2,1,0.7205165177070222,0.14608652774621916,1,0
1565,BN3-154-E,1,1,2,1,0.6051594052627559,0.21093324643164066,1,0
1571,BN3-154-E,1,1,2,1,0.5042075985333608,0.2069894675372217,1,0
1585,BN3-154-E,1,1,0,1,0.5969062752644313,0.31049608556644753,1,0
1600,BN3-154-E,1,1,0,1,0.5701634330757505,0.24453267734134995,1,0
1612,BN3-154-E,1,1,0,1,0.8299578479873841,0.06633300241491087,1,0
1639,BN3-154-E,1,1,3,1,0.7339971709877876,0.03393498407872655,1,0
1658,BN3-154-E,1,1,2,1,0.6899909096787261,0.12978295873501355,1,0
1666,BN3-154-E,1,1,2,1,0.5981477567229774,0.14529934787655785,1,0
1670,BN3-154-E,1,0,2,1,0.48071365564934265,0.04902873034467772,0,0
1671,BN3-154-E,1,1,2,1,0.720802582376785,0.09237551683653564,1,0
1678,BN3-154-E,1,1,2,1,0.5524343648841253,0.2482057443512648,1,0
1682,BN3-154-E,1,1,2,1,0.7122689695206827,0.08950505160081844,1,0
1692,BN3-154-E,1,1,0,1,0.6196813565068896,0.10532608650592708,1,0
1698,BN3-154-E,1,1,2,0,0.4565502022358281,0.09159430693065641,0,0
1699,BN3-154-E,1,0,2,1,0.5352833175627059,0.024351987016002,0,0
2882,Funk2-119-G,1,3,2,3,0.6607684847172797,0.18637435138713554,1,0
2896,Funk2-119-G,1,6,2,3,0.5612447818670424,0.12310993025870295,0,0
2903,Funk2-119-G,1,1,2,0,0.6505285361028975,0.02033977239374645,0,0
2955,Funk2-119-G,1,0,2,0,0.5362465877494683,0.02038846351293481,1,0
2974,Funk2-119-G,1,5,4,3,0.5211774516550429,0.06251873340254964,0,0
3019,Funk2-119-G,1,0,1,0,0.9223797962229515,0.06522498390787755,1,0
3027,Funk2-119-G,1,0,2,0,0.9751911412609623,0.004363132161060235,1,0
3041,Funk2-119-G,1,1,2,0,0.7560456025647604,0.025063884558154628,0,0
3055,Funk2-119-G,1,0,3,1,0.3997846890330479,0.08832455699512924,0,0
3063,Funk2-119-G,1,4,4,3,0.5007180351772434,0.06570950198326675,0,1
3074,Funk2-119-G,1,4,2,3,0.5521367181386189,0.2757706433772315,0,0
3084,Funk2-119-G,1,1,0,1,0.614780623721977,0.09531686709391621,1,0
3089,Funk2-119-G,1,3,2,0,0.5127866740569933,0.12639781756819524,0,0
3099,Funk2-119-G,1,0,2,0,0.810102308717813,0.04111912254161779,1,0
3103,Funk2-119-G,1,5,5,2,0.4829227873874446,0.07461445704197292,0,1
3128,Funk2-119-G,1,5,4,5,0.5516810752410977,0.2083704061885535,1,0
3140,Funk2-119-G,1,1,0,1,0.482222005899422,0.05592408458047724,1,0
3147,Funk2-119-G,1,0,3,2,0.5016007356502851,0.06636107777960307,0,0
3172,Funk2-119-G,1,4,5,3,0.36963237806611265,0.015556775097967058,0,0
3190,Funk2-119-G,1,2,2,1,0.4735865214260483,0.2121710461977769,0,1
3196,Funk2-119-G,1,0,2,1,0.5469566103303795,0.2455251028317011,0,0
3204,Funk2-119-G,1,4,3,2,0.4876578479669697,0.15137284893873332,0,0
3217,Funk2-119-G,1,6,5,4,0.36976749654450386,0.02274442336428914,0,0
3247,Funk2-119-G,1,5,4,5,0.7310123735265096,0.02067632922357046,1,0
3269,Funk2-119-G,1,3,0,1,0.5960793042686436,0.23502376669080924,0,0
3277,Funk2-119-G,1,6,2,3,0.41488694542568083,0.10197290376497545,0,0
3298,Funk2-119-G,1,0,2,0,0.6449596589205008,0.06569027133673541,1,0
3301,Funk2-119-G,1,1,4,2,0.45686243785623204,0.006216923115223706,0,0
3309,Funk2-119-G,1,5,4,3,0.578667702018083,0.02532251476600332,0,0
3320,Funk2-119-G,1,2,2,1,0.5457529847282218,0.18417172445539948,0,1
3324,Funk2-119-G,1,5,4,2,0.5899026503202766,0.1284316711800998,0,0
3375,Funk2-119-G,1,2,2,0,0.4299963608264693,0.15053134752720848,0,1
3386,Funk2-119-G,1,2,1,2,0.5538340005240853,0.26434132343482053,1,0
3396,Funk2-119-G,1,4,2,3,0.5848247484869957,0.10524790928082753,0,0
3414,Funk2-119-G,1,1,0,1,0.7954455794939624,0.15962797260802633,1,0
3421,Funk2-119-G,1,1,0,1,0.6680520295636841,0.23739734341830288,1,0
3574,Funk3-112-C#,1,0,2,1,0.45284509864776284,0.07639939565138062,0,0
3575,Funk3-112-C#,1,6,4,5,0.5736761576939151,0.1390418427206236,0,0
3593,Funk3-112-C#,1,1,2,1,0.6343488480404271,0.09789536394782034,1,0
3603,Funk3-112-C#,1,0,2,0,0.6133984191263523,0.13702991161532596,1,0
3632,Funk3-112-C#,1,0,2,1,0.7729009269287432,0.08262543871981365,0,0
3640,Funk3-112-C#,1,2,1,0,0.649828543991596,0.292735779392961,0,0
3649,Funk3-112-C#,1,2,0,1,0.5524826328901736,0.28807443105126235,0,0
3674,Funk3-112-C#,1,2,1,2,0.5063640623685014,0.19668482482482483,1,0
3675,Funk3-112-C#,1,0,1,0,0.638797206517541,0.3164537428193091,1,0
3683,Funk3-112-C#,1,3,2,1,0.5380294040362814,0.24658937497258113,0,0
3696,Funk3-112-C#,1,0,1,0,0.6043927480652135,0.34858602743921363,1,0
3723,Funk3-112-C#,1,5,1,3,0.4603638454370197,0.06284408007714551,0,0
3731,Funk3-112-C#,1,1,0,1,0.6164528032802274,0.2715197314441711,1,0
3752,Funk3-112-C#,1,3,0,1,0.5874674487180007,0.1999367539442832,0,0
3768,Funk3-112-C#,1,3,0,1,0.39633276104025034,0.039407430796441385,0,0
3780,Funk3-112-C#,1,4,4,5,0.5650257950753621,0.08887157578099361,0,1
3785,Funk3-112-C#,1,4,3,2,0.5184045911056907,0.2594584091930369,0,0
3790,Funk3-112-C#,1,3,2,1,0.7431224306505164,0.14791379360753915,0,0
3797,Funk3-112-C#,1,2,2,1,0.6384934671792909,0.2366179742307203,0,1
3798,Funk3-112-C#,1,0,0,1,0.614332729495891,0.2848471141320142,0,1
3800,Funk3-112-C#,1,5,4,5,0.35154272274917725,0.10092772945887202,1,0
3818,Funk3-112-C#,1,4,4,3,0.4211602143167379,0.12479498992129595,0,1
3829,Funk3-112-C#,1,0,2,0,0.9580379972646473,0.0031792647232017665,1,0
3865,Funk3-112-C#,1,2,1,2,0.48289514193009503,0.10746797392040434,1,0
3868,Funk3-112-C#,1,2,2,0,0.5414782792127295,0.16158729285638201,0,1
3908,Funk3-112-C#,1,2,2,3,0.5000140229647123,0.18469068392639792,0,1
3933,Funk3-112-C#,1,1,1,0,0.6487499159901169,0.3349848196479921,0,1
3934,Funk3-112-C#,1,1,3,1,0.4824712174256577,0.16819579157334125,1,0
3943,Funk3-112-C#,1,2,2,0,0.4920703064681217,0.23470882780601304,0,1
3944,Funk3-112-C#,1,4,3,2,0.4455777489682901,0.15745569451854496,0,0
3955,Funk3-112-C#,1,1,2,0,0.5450158331324969,0.07946270825166442,0,0
3963,Funk3-112-C#,1,3,1,2,0.5358530680308922,0.2516310273134715,0,0
3965,Funk3-112-C#,1,5,3,4,0.46927237614513984,0.21180618548948676,0,0
4001,Funk3-112-C#,1,5,3,5,0.5034528647227953,0.1413689832867529,1,0
4021,Funk3-112-C#,1,3,0,2,0.3872708031754967,0.0975761717424265,0,0
4025,Funk3-112-C#,1,1,2,0,0.7689928233366022,0.029719417832536597,0,0
4026,Funk3-112-C#,1,2,2,0,0.4418820743741755,0.15971472386332364,0,1
4071,Funk3-112-C#,1,5,2,3,0.43767625699331514,0.11611821437676942,0,0
4083,Funk3-112-C#,1,1,2,1,0.5959525444523441,0.21572581194015497,1,0
4093,Funk3-112-C#,1,3,2,1,0.4948070040978864,0.22461918698496078,0,0
4094,Funk3-112-C#,1,6,1,3,0.5741054690382842,0.06972313458673633,0,0
4113,Funk3-112-C#,1,2,0,1,0.6859539582855683,0.23402125165613574,0,0
4116,Funk3-112-C#,1,1,2,0,0.4931202987024488,0.11435533385379852,0,0
4137,Funk3-112-C#,1,3,2,1,0.5999168792911885,0.2625869192950598,0,0
4153,Funk3-112-C#,1,1,2,1,0.4642072892430024,0.06201030988657358,1,0
4204,Funk3-112-C#,1,1,0,1,0.6843905312182437,0.303496920974596,1,0
4275,Funk3-112-C#,1,2,2,1,0.6622102631025432,0.2592536405685608,0,1
4278,Funk3-112-C#,1,1,1,0,0.6640073766864314,0.30514545171266927,0,1
4288,Funk3-112-C#,1,1,1,0,0.8121785575149604,0.1600924841343119,0,1
4293,Funk3-112-C#,1,1,0,1,0.6571638108944129,0.23799544759232266,1,0
4351,Funk3-112-C#,1,2,2,1,0.7853004873256753,0.13155363802669046,0,1
15746,SS3-98-C,1,1,1,0,0.8912676181755099,0.09508978481641377,0,1
15789,SS3-98-C,1,1,0,2,0.5155160590746527,0.09119469314044006,0,0
15793,SS3-98-C,1,1,2,1,0.6495193044436394,0.11178861242939667,1,0
15796,SS3-98-C,1,1,0,1,0.43345204420937916,0.07880816584688118,1,0
15800,SS3-98-C,1,1,2,0,0.8353880732468875,0.0228260243943312,0,0
15854,SS3-98-C,1,1,2,1,0.6540201423418867,0.22513227282016043,1,0
15859,SS3-98-C,1,1,2,0,0.8674853652393058,0.00743074279990382,0,0
15867,SS3-98-C,1,0,0,1,0.4876655429369094,0.08292510800213265,0,1
15917,SS3-98-C,1,1,0,1,0.5082690386894488,0.1330201976232534,1,0
15931,SS3-98-C,1,1,3,2,0.5505336895421337,0.09245814224787104,0,0
15939,SS3-98-C,1,1,0,1,0.6894458402885363,0.09951451880938887,1,0
15953,SS3-98-C,1,1,2,0,0.4948742008279681,0.04953001206676519,0,0
15963,SS3-98-C,1,1,0,1,0.5722131956603219,0.14021375187213464,1,0
15981,SS3-98-C,1,1,2,0,0.9196020750549312,0.0073570316108355184,0,0
15987,SS3-98-C,1,3,1,2,0.5508451438236738,0.21543793482100984,0,0
15997,SS3-98-C,1,1,0,1,0.6353418508971794,0.2089986179735386,1,0
16018,SS3-98-C,1,1,2,0,0.5557426577947958,0.033016330248922574,0,0
16033,SS3-98-C,1,0,2,1,0.5504930960053271,0.21136441124681452,0,0
16045,SS3-98-C,1,1,2,0,0.5704527625878627,0.08062319318966567,0,0
16086,SS3-98-C,1,1,2,1,0.5040251256919546,0.18961226750442317,1,0
16115,SS3-98-C,1,1,0,1,0.44330232456735474,0.13955138974079156,1,0
16127,SS3-98-C,1,2,1,3,0.4153081720239073,0.1268017954635032,0,0
16141,SS3-98-C,1,1,2,1,0.5384585241566886,0.21024573437932828,1,0
16159,SS3-98-C,1,3,2,1,0.5712055656530555,0.1777755850394928,0,0
16201,SS3-98-C,1,1,1,2,0.5129517623220852,0.19346399238215248,0,1
16241,SS3-98-C,1,1,0,2,0.40162027962173635,0.10772533336169315,0,0
16247,SS3-98-C,1,1,0,1,0.5509554138506048,0.2651110001076465,1,0
16269,SS3-98-C,1,0,1,0,0.7012718587668708,0.2755176323016073,1,0
16302,SS3-98-C,1,1,0,1,0.5324243225065558,0.07359282293818734,1,0
16313,SS3-98-C,1,1,0,1,0.4608538736165618,0.20886410142324247,1,0
16318,SS3-98-C,1,1,1,2,0.6121861452437704,0.2339476272445343,0,1
16348,SS3-98-C,1,1,2,1,0.48929665785670917,0.18866800915300863,1,0
16371,SS3-98-C,1,0,0,1,0.4231484676283876,0.16000241538095977,0,1
16384,SS3-98-C,1,1,0,1,0.4330116955898972,0.14911150347662128,1,0
16396,SS3-98-C,1,1,2,1,0.8267800081664278,0.13402909300134158,1,0
16440,SS3-98-C,1,1,2,1,0.6577695447926134,0.15450137078512746,1,0
16453,SS3-98-C,1,1,2,1,0.7011323007270203,0.05310275772306218,1,0
16485,SS3-98-C,1,0,2,1,0.5514378322437556,0.23041677983578518,0,0
16497,SS3-98-C,1,0,2,0,0.9424660428202044,0.013330036165542085,1,0
16552,SS3-98-C,1,0,0,1,0.553630380408892,0.2121312010902137,0,1
16554,SS3-98-C,1,3,2,3,0.4618931918084072,0.07954659571500101,1,0
16566,SS3-98-C,1,0,2,0,0.9678101023467965,0.004089616567853254,1,0
16573,SS3-98-C,1,1,0,2,0.420097830193391,0.111190798130556,0,0
16576,SS3-98-C,1,0,2,0,0.513134765500038,0.06944832457180243,1,0
16627,SS3-98-C,1,1,0,2,0.3758799688017236,0.07654225447267371,0,0
16649,SS3-98-C,1,2,2,1,0.6461468982057711,0.1850059602286468,0,1
16653,SS3-98-C,1,2,2,1,0.4915906445588239,0.23555469312704724,0,1
16678,SS3-98-C,1,1,0,1,0.49365070561987784,0.23705604357872512,1,0
16696,SS3-98-C,1,1,2,1,0.6578478842585674,0.275845051860299,1,0
16705,SS3-98-C,1,1,2,1,0.734109714517731,0.16682110082442927,1,0
16728,SS3-98-C,1,1,0,3,0.4459353548612873,0.0682643755968331,0,0
16730,SS3-98-C,1,1,0,2,0.42106530574979034,0.10011432850544348,0,0
16755,SS3-98-C,1,1,0,3,0.46788041178840084,0.043563042968081896,0,0
16772,SS3-98-C,1,1,1,2,0.49424194011774514,0.2043583188605326,0,1
16779,SS3-98-C,1,0,2,1,0.4753525261619623,0.09112697558308165,0,0
16782,SS3-98-C,1,1,0,2,0.36255847988503553,0.06175570607370848,0,0
16789,SS3-98-C,1,1,3,1,0.46603067410217414,0.06507514704346631,1,0
16792,SS3-98-C,1,1,0,3,0.46311667663149053,0.05549990387970275,0,0
16800,SS3-98-C,1,1,1,2,0.35547641183218753,0.0997783419074693,0,1
16814,SS3-98-C,1,1,0,1,0.649794834440222,0.12391487754441591,1,0
16839,SS3-98-C,1,1,0,1,0.5481525287771681,0.16056851598289293,1,0
17769,BN3-154-E,1,1,2,0,0.599865016021906,0.03548334455024361,0,0
17774,BN3-154-E,1,1,0,1,0.5731953932209424,0.25942328850733815,1,0
17802,BN3-154-E,1,1,0,1,0.6102421381814642,0.1298470770205407,1,0
17807,BN3-154-E,1,1,0,1,0.623618718386022,0.23776185883553738,1,0
17832,BN3-154-E,1,3,3,4,0.4596236187233737,0.19229225163504726,0,1
17843,BN3-154-E,1,1,2,0,0.7774825631726386,0.012012038875789745,0,0
17844,BN3-154-E,1,3,0,1,0.5806088267055725,0.15020907493764002,0,0
17845,BN3-154-E,1,2,3,2,0.6146268663757649,0.18025033123422438,1,0
17857,BN3-154-E,1,0,0,1,0.5784933351508977,0.20021485981713152,0,1
17866,BN3-154-E,1,0,1,0,0.7616537606757278,0.17577779452860923,1,0
17867,BN3-154-E,1,1,1,0,0.6801312625854852,0.2846380865013213,0,1
17872,BN3-154-E,1,0,1,0,0.8832043143240651,0.108676336562246,1,0
17901,BN3-154-E,1,2,2,1,0.5111520441086332,0.14364576605630358,0,1
17902,BN3-154-E,1,1,0,1,0.6409542848672662,0.08965556893890884,1,0
17933,BN3-154-E,1,2,0,2,0.5641885859700208,0.02230640396342756,1,0
17937,BN3-154-E,1,4,3,4,0.5518125897588461,0.24745183436488985,1,0
17945,BN3-154-E,1,1,0,1,0.6022055216672013,0.2152339414159707,1,0
17973,BN3-154-E,1,0,1,0,0.7319693456149108,0.24099428890432856,1,0
17976,BN3-154-E,1,0,0,1,0.6616977407801486,0.23235570975328274,0,1
17979,BN3-154-E,1,1,0,1,0.6082904855548906,0.16850634685988394,1,0
17995,BN3-154-E,1,2,0,1,0.5984160062089503,0.1270939019060083,0,0
18033,BN3-154-E,1,0,1,0,0.8612821423025079,0.12556942329351886,1,0
18170,BN3-154-E,1,0,2,1,0.6612106901822364,0.010433072897536243,0,0
18195,BN3-154-E,1,1,0,1,0.6467838373998602,0.30326931999016826,1,0
18233,BN3-154-E,1,0,0,1,0.6880316978674553,0.2690486876888043,0,1
18234,BN3-154-E,1,1,2,1,0.902413478425234,0.027288905254087992,1,0
18244,BN3-154-E,1,1,0,1,0.6430371367594058,0.3054801940386209,1,0
18248,BN3-154-E,1,1,0,1,0.8082142552749262,0.17712315380553767,1,0
18267,BN3-154-E,1,1,1,0,0.714201648415833,0.2637785298929407,0,1
18313,BN3-154-E,1,1,0,1,0.727223182130543,0.2537887499048885,1,0
19469,Funk2-119-G,1,3,2,3,0.5300139595717679,0.08694466687682402,1,0
19470,Funk2-119-G,1,0,3,1,0.4947466311446846,0.009848920200222907,0,0
19480,Funk2-119-G,1,1,3,2,0.45835506784100144,0.03066900368310402,0,0
19493,Funk2-119-G,1,0,0,1,0.5256284482396311,0.27486013973632845,0,1
19508,Funk2-119-G,1,1,1,0,0.8785333869043135,0.08873152936155342,0,1
19511,Funk2-119-G,1,2,3,4,0.3838457628673821,0.12766211942308722,0,0
19530,Funk2-119-G,1,0,2,1,0.49934392657960397,0.07347225899367019,0,0
19534,Funk2-119-G,1,3,3,2,0.5906714066039527,0.06955000880570007,0,1
19555,Funk2-119-G,1,1,3,0,0.4092727211404412,0.025915897480965,0,0
19556,Funk2-119-G,1,4,4,3,0.4747255524067196,0.22043383322237003,0,1
19560,Funk2-119-G,1,0,3,0,0.8334253201445763,0.006420378314492161,1,0
19571,Funk2-119-G,1,0,3,0,0.8176439262707322,0.02262041748846483,1,0
19583,Funk2-119-G,1,1,3,0,0.5984329073566819,0.013341302680189949,0,0
19591,Funk2-119-G,1,0,1,0,0.6643686720432221,0.26957468575809046,1,0
19599,Funk2-119-G,1,4,2,3,0.3556076651138643,0.09257504206721882,0,0
19610,Funk2-119-G,1,2,2,3,0.5354388614732069,0.12715204259817112,0,1
19618,Funk2-119-G,1,0,1,0,0.8279187045015436,0.13274463675264064,1,0
19635,Funk2-119-G,1,0,3,0,0.7159837439993069,0.01747565402474115,1,0
19638,Funk2-119-G,1,0,3,0,0.8593566811285788,0.006853184810870241,1,0
19642,Funk2-119-G,1,0,3,0,0.770325298702311,0.005270601247904642,1,0
19658,Funk2-119-G,1,3,4,3,0.4871736007403989,0.03608312813846099,1,0
19663,Funk2-119-G,1,0,1,0,0.8272961225233988,0.14070544872128585,1,0
19682,Funk2-119-G,1,2,2,1,0.4963456043702646,0.22554755052158987,0,1
19698,Funk2-119-G,1,0,3,2,0.629845068034781,0.16830187948838368,0,0
19707,Funk2-119-G,1,2,2,3,0.5302995362591678,0.2444274259815424,0,1
19723,Funk2-119-G,1,0,1,0,0.6936462102732933,0.23766199736368435,1,0
19732,Funk2-119-G,1,3,4,3,0.5890326029637428,0.2743959406390789,1,0
19744,Funk2-119-G,1,0,2,0,0.4752327927420692,0.06783863009656634,1,0
19755,Funk2-119-G,1,1,0,1,0.5983362791187732,0.16428470488847827,1,0
19761,Funk2-119-G,1,2,2,3,0.5856335890283426,0.24278484950866006,0,1
19774,Funk2-119-G,1,2,3,2,0.6224754682964327,0.1387594405450967,1,0
19778,Funk2-119-G,1,2,2,3,0.55015666093833,0.2776523563240663,0,1
19798,Funk2-119-G,1,2,2,3,0.4694288945509128,0.18653922234233494,0,1
19799,Funk2-119-G,1,2,3,2,0.625255276901744,0.10644645582378212,1,0
19807,Funk2-119-G,1,2,3,2,0.593340719533438,0.09435947311834277,1,0
19833,Funk2-119-G,1,0,1,0,0.7819536013851875,0.19970297423917852,1,0
19849,Funk2-119-G,1,1,0,1,0.8337868723206106,0.15376964125848355,1,0
19940,Funk2-119-G,1,2,0,1,0.7459533755418368,0.2243692827755786,0,0
19952,Funk2-119-G,1,1,2,1,0.8374302998230291,0.037188310643679105,1,0
19961,Funk2-119-G,1,2,0,1,0.6165585801086652,0.24358065915806018,0,0
19972,Funk2-119-G,1,0,1,0,0.6224435584148446,0.3564874430984676,1,0
19980,Funk2-119-G,1,1,2,1,0.777816284679194,0.07180136517944674,1,0
20025,Funk3-112-C#,1,2,3,2,0.5326319372947684,0.20871548344087595,1,0
20061,Funk3-112-C#,1,3,2,1,0.5543504983071776,0.2650561554038059,0,0
20070,Funk3-112-C#,1,4,2,4,0.4196809339608025,0.13984726134020886,1,0
20076,Funk3-112-C#,1,3,2,3,0.5693674498132295,0.1877047221586958,1,0
20091,Funk3-112-C#,1,2,0,1,0.6870335356880239,0.21890681760951214,0,0
20093,Funk3-112-C#,1,3,0,1,0.4211945421930098,0.1089708956943583,0,0
20096,Funk3-112-C#,1,1,0,1,0.5759731384042683,0.2544296463335803,1,0
20101,Funk3-112-C#,1,1,0,1,0.5356835972024514,0.19054457141616274,1,0
20113,Funk3-112-C#,1,3,2,3,0.42521544445120646,0.1670007005933158,1,0
20115,Funk3-112-C#,1,1,2,0,0.5329083527396112,0.05857749969296006,0,0
20120,Funk3-112-C#,1,2,1,0,0.7949419763787414,0.18549407586595967,0,0
20123,Funk3-112-C#,1,3,2,4,0.50484838026633,0.1898163113155101,0,0
20132,Funk3-112-C#,1,1,0,1,0.40052787615043034,0.08036213401381924,1,0
20138,Funk3-112-C#,1,3,0,1,0.4334392142863058,0.07082760509868262,0,0
20139,Funk3-112-C#,1,0,2,0,0.46821261698330585,0.09008247640400406,1,0
20141,Funk3-112-C#,1,1,0,1,0.4481650315420153,0.09412384151541665,1,0
20151,Funk3-112-C#,1,3,2,3,0.41710325101674517,0.1631200387816601,1,0
20160,Funk3-112-C#,1,3,1,2,0.4218549490568617,0.1402499421836328,0,0
20172,Funk3-112-C#,1,2,3,2,0.588480970493439,0.10841603574434105,1,0
20174,Funk3-112-C#,1,0,2,1,0.6590567233269993,0.28629731820639526,0,0
20178,Funk3-112-C#,1,3,2,3,0.4406640258834679,0.13701712855880663,1,0
20184,Funk3-112-C#,1,3,2,4,0.6067551923963129,0.15228352220306324,0,0
20188,Funk3-112-C#,1,1,3,1,0.4989172295113785,0.08487584110134827,1,0
20194,Funk3-112-C#,1,1,1,0,0.7661732303404962,0.19406403188736276,0,1
20195,Funk3-112-C#,1,3,2,3,0.653382811414855,0.19565604739534367,1,0
20200,Funk3-112-C#,1,0,1,0,0.6488657793337816,0.24120959873986716,1,0
20214,Funk3-112-C#,1,2,2,0,0.5776444925456106,0.0750145445128438,0,1
20238,Funk3-112-C#,1,4,2,3,0.4934475247428443,0.11747750106155622,0,0
20249,Funk3-112-C#,1,3,2,3,0.503565000891052,0.1566191461973607,1,0
20255,Funk3-112-C#,1,3,2,3,0.4953527491307607,0.1893882977329946,1,0
20276,Funk3-112-C#,1,3,2,3,0.6187784279218012,0.16479579109059556,1,0
20288,Funk3-112-C#,1,3,2,3,0.4566928842555009,0.1499851057691001,1,0
20313,Funk3-112-C#,1,1,2,1,0.62741296529267,0.20275815922766846,1,0
20315,Funk3-112-C#,1,0,0,1,0.5952947384973728,0.2294593319681049,0,1
20318,Funk3-112-C#,1,1,0,2,0.4283395783979737,0.08985158171285998,0,0
20325,Funk3-112-C#,1,2,2,1,0.6550148321464039,0.09171534458874074,0,1
20329,Funk3-112-C#,1,0,2,1,0.5587688995610736,0.29655751449621787,0,0
20330,Funk3-112-C#,1,2,2,1,0.5619993367373782,0.23744675234906906,0,1
20341,Funk3-112-C#,1,3,2,1,0.5315324617145307,0.26164087945825726,0,0
20349,Funk3-112-C#,1,2,2,1,0.7616518964078215,0.11648026022568175,0,1
20352,Funk3-112-C#,1,2,0,1,0.6616511707613568,0.174638134520227,0,0
20370,Funk3-112-C#,1,1,2,0,0.689793126150877,0.031969758394826735,0,0
20376,Funk3-112-C#,1,0,1,0,0.9219609114809966,0.07090397142555789,1,0
20420,Funk3-112-C#,1,1,1,0,0.899587649701861,0.09222705875077494,0,1
20426,Funk3-112-C#,1,1,0,1,0.6432860188658734,0.33646921196316587,1,0
20431,Funk3-112-C#,1,0,2,0,0.568780919056327,0.11516438147573473,1,0
20442,Funk3-112-C#,1,1,2,0,0.8300823836077768,0.02062258568443394,0,0
20463,Funk3-112-C#,1,1,0,1,0.7042368884333081,0.26548214100627227,1,0
20465,Funk3-112-C#,1,1,0,1,0.8910447143293517,0.08259994551302763,1,0
20477,Funk3-112-C#,1,0,0,1,0.6972084925931827,0.2756446157002068,0,1
20521,Funk3-112-C#,1,1,1,0,0.6257269271280157,0.3375708217743067,0,1
20526,Funk3-112-C#,1,1,2,1,0.8026460257786454,0.1252408974525053,1,0
20534,Funk3-112-C#,1,1,0,1,0.6789983338242569,0.2978791861533298,1,0
20566,Funk3-112-C#,1,1,0,1,0.7480335727739824,0.23691553468257104,1,0
31373,SS3-98-C,1,2,3,4,0.4269868589593443,0.10584534352133702,0,0
31377,SS3-98-C,1,1,2,0,0.7815266799095072,0.019152967517447918,0,0
31384,SS3-98-C,1,0,2,1,0.508756742927917,0.23297362109290357,0,0
31400,SS3-98-C,1,0,0,1,0.5079033722532678,0.16297176412876382,0,1
31403,SS3-98-C,1,1,2,1,0.5152017945936663,0.19003004738769752,1,0
31418,SS3-98-C,1,0,1,0,0.615279111564698,0.31012568566888776,1,0
31422,SS3-98-C,1,3,4,2,0.4700694485162951,0.13598828357432965,0,0
31425,SS3-98-C,1,1,3,1,0.44543537011216455,0.09305494387740039,1,0
31434,SS3-98-C,1,2,2,1,0.5553618113619996,0.06683319821761738,0,1
31437,SS3-98-C,1,1,0,1,0.5596099800634223,0.17258842706406158,1,0
31440,SS3-98-C,1,1,0,1,0.5161881855092241,0.10384483419576722,1,0
31447,SS3-98-C,1,2,4,2,0.4022022323015165,0.10503294413293555,1,0
31450,SS3-98-C,1,1,2,1,0.5540528659977837,0.2136594379192062,1,0
31456,SS3-98-C,1,2,2,1,0.5983440164301428,0.2497787528324508,0,1
31458,SS3-98-C,1,2,2,1,0.6075441229936969,0.1295518845926528,0,1
31460,SS3-98-C,1,0,0,1,0.44404718885897987,0.11948925817864613,0,1
31464,SS3-98-C,1,2,0,1,0.5588188545524062,0.06083682046218614,0,0
31468,SS3-98-C,1,0,0,1,0.38033647621984257,0.12847500639387063,0,1
31470,SS3-98-C,1,1,3,1,0.3933450052221119,0.13309242781897526,1,0
31475,SS3-98-C,1,1,2,1,0.5697532894114725,0.16567677189123162,1,0
31482,SS3-98-C,1,2,2,1,0.5554350949730069,0.2513861314992788,0,1
31491,SS3-98-C,1,0,0,1,0.5719305479031163,0.23264747820484852,0,1
31510,SS3-98-C,1,2,2,1,0.5126180201257571,0.18247022881416644,0,1
31532,SS3-98-C,1,1,2,0,0.531418219703098,0.06986852066563447,0,0
31538,SS3-98-C,1,0,0,1,0.6373290909420597,0.10011676837205562,0,1
31540,SS3-98-C,1,0,0,1,0.6274470341337975,0.12359924909719223,0,1
31546,SS3-98-C,1,1,2,1,0.5637154987331066,0.23101853734367153,1,0
31553,SS3-98-C,1,1,2,1,0.5715165040710677,0.15384222853457324,1,0
31560,SS3-98-C,1,1,0,1,0.49322522496903376,0.13022436514242347,1,0
31563,SS3-98-C,1,0,2,1,0.5265670911269894,0.276124692142448,0,0
31565,SS3-98-C,1,0,0,1,0.5026647557890739,0.14877912187779863,0,1
31571,SS3-98-C,1,3,3,2,0.3758760090085139,0.09871355437510115,0,1
31574,SS3-98-C,1,2,2,1,0.5643425914664143,0.1766287275241809,0,1
31593,SS3-98-C,1,2,2,1,0.6875059890131866,0.16974452184269972,0,1
31611,SS3-98-C,1,2,1,2,0.42875505533778113,0.17250600866790733,1,0
31627,SS3-98-C,1,2,2,3,0.4737591808885401,0.16857235019079284,0,1
31635,SS3-98-C,1,1,0,1,0.49800395696609173,0.21443692371895698,1,0
31638,SS3-98-C,1,0,0,1,0.5356479544964762,0.2533071440399742,0,1
31641,SS3-98-C,1,1,0,1,0.45068044961503323,0.18258217684315933,1,0
31650,SS3-98-C,1,0,0,1,0.467673724860006,0.1875888062811171,0,1
31654,SS3-98-C,1,1,2,1,0.687776055167037,0.13076846773942052,1,0
31666,SS3-98-C,1,2,0,1,0.5068207953218239,0.21572538697014138,0,0
31716,SS3-98-C,1,1,0,1,0.40051420709891905,0.12163329735838878,1,0
31719,SS3-98-C,1,3,3,2,0.47992852797454316,0.17566331673064378,0,1
31731,SS3-98-C,1,2,2,1,0.5087543244298629,0.13822448114947564,0,1
31740,SS3-98-C,1,2,3,2,0.4639476041564948,0.18135602856848032,1,0
31756,SS3-98-C,1,0,2,0,0.5505145940707611,0.04912790053524879,1,0
31763,SS3-98-C,1,2,4,2,0.5286286666883475,0.11634582272348708,1,0
31769,SS3-98-C,1,1,2,1,0.6251393848245989,0.1245825026699938,1,0
31775,SS3-98-C,1,1,0,1,0.3828283877327741,0.07809255060475155,1,0
31778,SS3-98-C,1,2,0,2,0.3764545516512696,0.03744551548445922,1,0
31814,SS3-98-C,1,3,4,2,0.4434211743817151,0.1518586284737204,0,0
31821,SS3-98-C,1,1,2,1,0.5549239579168475,0.1766467142487845,1,0
31828,SS3-98-C,1,1,2,0,0.40926049104061557,0.15071188122037166,0,0
31830,SS3-98-C,1,2,3,1,0.4732379768921361,0.10542875510201301,0,0
31835,SS3-98-C,1,2,0,1,0.6307227187603373,0.15515115081340497,0,0
31838,SS3-98-C,1,0,0,1,0.5848887369740383,0.1536392192832091,0,1
31851,SS3-98-C,1,3,3,2,0.4398171399747076,0.15473619509039177,0,1
31873,SS3-98-C,1,0,0,1,0.5293118429419382,0.19124386246691447,0,1
31885,SS3-98-C,1,1,0,2,0.4147425180377755,0.12004228866056307,0,0
31895,SS3-98-C,1,2,3,2,0.4864702967330981,0.1418921811176284,1,0
31904,SS3-98-C,1,0,2,0,0.43569025965985636,0.10025212358679894,1,0
31918,SS3-98-C,1,2,3,1,0.39266649369123485,0.14070840203488988,0,0
31921,SS3-98-C,1,1,0,1,0.5930248650894882,0.24002982578479065,1,0
31926,SS3-98-C,1,1,2,0,0.5460888647747395,0.03440554005922815,0,0
31927,SS3-98-C,1,1,0,1,0.5725972394698914,0.2178535622367168,1,0
31930,SS3-98-C,1,1,0,1,0.45748935968439536,0.11511445882654933,1,0
31936,SS3-98-C,1,1,4,1,0.38260076874152593,0.09095586190823272,1,0
31986,SS3-98-C,1,2,2,1,0.470916094307118,0.10094188008333521,0,1
32008,SS3-98-C,1,0,2,0,0.5539279836177374,0.03075170966119339,1,0
32010,SS3-98-C,1,1,2,1,0.5323540579274605,0.2635434334164531,1,0
32019,SS3-98-C,1,1,2,1,0.5200466672118398,0.14658752355269275,1,0
32022,SS3-98-C,1,2,3,2,0.41602991836729053,0.16324590392162583,1,0
32044,SS3-98-C,1,2,2,1,0.5436199416373251,0.15417471829020554,0,1
32048,SS3-98-C,1,3,4,2,0.573251792240918,0.10915011723934091,0,0
32071,SS3-98-C,1,2,0,3,0.4069595234444175,0.07879314737419253,0,0
32104,SS3-98-C,1,1,0,3,0.37624051643258133,0.05454110848379855,0,0
32121,SS3-98-C,1,2,2,1,0.4784799680953562,0.18900530334816687,0,1
32127,SS3-98-C,1,2,3,1,0.4400497561568495,0.1344959485996073,0,0
32130,SS3-98-C,1,1,0,1,0.5200228167525687,0.12394848362848677,1,0
32134,SS3-98-C,1,3,3,1,0.4367503680793104,0.07793429444718683,0,1
32137,SS3-98-C,1,3,2,1,0.5579373958224699,0.1526111109778597,0,0
32141,SS3-98-C,1,2,2,1,0.5373392726579826,0.14433370066080897,0,1
32145,SS3-98-C,1,2,2,1,0.5367651237822024,0.16250240174349354,0,1
32149,SS3-98-C,1,2,2,1,0.4646083797783163,0.10134429445794989,0,1
32152,SS3-98-C,1,2,0,1,0.4836339037191278,0.050318222945971186,0,0
32189,SS3-98-C,1,1,0,1,0.6154655599023396,0.3055803948077175,1,0
32193,SS3-98-C,1,1,0,1,0.6360826331964543,0.3400744728380189,1,0
32237,SS3-98-C,1,1,2,1,0.9315439480159029,0.02885807565192623,1,0
32303,SS3-98-C,1,1,2,1,0.8686205863007763,0.04846190341611334,1,0
32346,SS3-98-C,1,1,2,1,0.8944317535020374,0.018751004919767625,1,0
32370,SS3-98-C,1,1,0,1,0.7944415742751374,0.1818137415703107,1,0
32431,SS3-98-C,1,0,2,1,0.5863217191213878,0.15551697012088425,0,0
32589,SS3-98-C,1,1,1,2,0.6255215491920382,0.276114857766052,0,1
32599,SS3-98-C,1,1,2,1,0.7849120363824283,0.10736546044554865,1,0
33382,BN3-154-E,1,1,2,1,0.650010887552113,0.19148496102471468,1,0
33416,BN3-154-E,1,3,1,2,0.5245853930899543,0.21547203106785448,0,0
33430,BN3-154-E,1,1,1,0,0.7201133617090447,0.20013401570116643,0,1
33432,BN3-154-E,1,0,2,0,0.6044118729161705,0.031163831812204553,1,0
33433,BN3-154-E,1,2,1,2,0.7223147395415959,0.11531639866048761,1,0
33438,BN3-154-E,1,3,0,2,0.4661602649394157,0.07050241165014683,0,0
33446,BN3-154-E,1,3,0,1,0.5157648258778615,0.059499943627092496,0,0
33449,BN3-154-E,1,3,3,2,0.5585237102221755,0.27047366824893015,0,1
33457,BN3-154-E,1,3,3,2,0.5421277498218615,0.2171497618367467,0,1
33465,BN3-154-E,1,1,0,1,0.7470904917083558,0.20292116449239034,1,0
33483,BN3-154-E,1,2,2,1,0.5748173241291968,0.2708443005937555,0,1
33502,BN3-154-E,1,0,2,1,0.6662576371036832,0.10108652157153268,0,0
33556,BN3-154-E,1,3,3,2,0.524910270175805,0.18000803579807453,0,1
33573,BN3-154-E,1,1,2,1,0.5300185830203473,0.07473815549216792,1,0
33578,BN3-154-E,1,4,4,2,0.4110304534507565,0.09360958606575759,0,1
33586,BN3-154-E,1,2,2,3,0.5769726503740029,0.29180742754734756,0,1
33615,BN3-154-E,1,3,0,3,0.3728573916598085,0.02797782066810184,1,0
33634,BN3-154-E,1,0,1,0,0.7565640635803543,0.20039737766551005,1,0
33642,BN3-154-E,1,0,2,0,0.8266438398872565,0.012084416540467987,1,0
33644,BN3-154-E,1,1,2,0,0.5582993742519304,0.03558080497680863,0,0
33679,BN3-154-E,1,2,2,0,0.5076749250575234,0.17477528347434315,0,1
33692,BN3-154-E,1,2,2,3,0.6267583717526406,0.0898765661511533,0,1
33693,BN3-154-E,1,1,2,0,0.5604457752539186,0.04195687065877611,0,0
33699,BN3-154-E,1,1,2,1,0.5583203958201738,0.2689008513908149,1,0
33703,BN3-154-E,1,4,2,3,0.6171018708227806,0.15847177805897972,0,0
33729,BN3-154-E,1,1,0,1,0.6123983575333991,0.20827069645166452,1,0
33751,BN3-154-E,1,4,3,4,0.6768160044204734,0.26332968894425585,1,0
33804,BN3-154-E,1,1,2,1,0.821763493010591,0.13505434687578616,1,0
33884,BN3-154-E,1,1,1,0,0.772081207702744,0.2171070470193698,0,1
34960,Funk2-119-G,1,0,2,1,0.4458675906940934,0.189002945270199,0,0
34974,Funk2-119-G,1,3,3,2,0.4619132127960921,0.14546179524061217,0,1
34990,Funk2-119-G,1,3,3,2,0.516204464672689,0.24542492372967645,0,1
35002,Funk2-119-G,1,4,4,3,0.5524585088900144,0.059843886095718585,0,1
35027,Funk2-119-G,1,2,2,3,0.5067711011668844,0.12121833424473126,0,1
35034,Funk2-119-G,1,0,1,0,0.7417025838783151,0.22947726383955594,1,0
35036,Funk2-119-G,1,1,2,1,0.7975961778856747,0.1256002384394427,1,0
35039,Funk2-119-G,1,2,3,2,0.5985804397574696,0.25167421918478905,1,0
35050,Funk2-119-G,1,2,1,2,0.43455215842913547,0.12778651281226508,1,0
35083,Funk2-119-G,1,1,2,0,0.6227075050852738,0.025432774507209172,0,0
35090,Funk2-119-G,1,2,2,3,0.5729930790031248,0.15315090683776403,0,1
35097,Funk2-119-G,1,0,1,0,0.6943766030788597,0.25399917886386675,1,0
35111,Funk2-119-G,1,2,2,1,0.5887782570575373,0.1714775520897517,0,1
35142,Funk2-119-G,1,1,0,1,0.5193428537255034,0.2454486292986189,1,0
35159,Funk2-119-G,1,0,0,2,0.43102991579753225,0.16606896957072542,0,1
35168,Funk2-119-G,1,2,3,2,0.5354445948893236,0.25014822309206225,1,0
35189,Funk2-119-G,1,3,3,2,0.6195646258582096,0.197060066443205,0,1
35197,Funk2-119-G,1,2,1,2,0.5295132822540416,0.279022614579765,1,0
35226,Funk2-119-G,1,2,0,3,0.4236301644471322,0.03172530567657092,0,0
35233,Funk2-119-G,1,0,0,1,0.6645685501559877,0.29626878026799985,0,1
35251,Funk2-119-G,1,2,3,2,0.48526352464657696,0.11341542186210549,1,0
35263,Funk2-119-G,1,2,2,1,0.5499151488002066,0.09713053464212573,0,1
35268,Funk2-119-G,1,2,3,2,0.45362028739449506,0.16004246667818148,1,0
35292,Funk2-119-G,1,2,1,2,0.5725285766318947,0.22931964536739793,1,0
35306,Funk2-119-G,1,2,2,1,0.5115699529202472,0.20707042542997003,0,1
35307,Funk2-119-G,1,0,2,1,0.6164066728199652,0.13457577101646442,0,0
35321,Funk2-119-G,1,1,2,1,0.5454921787707869,0.26668931192804846,1,0
35419,Funk2-119-G,1,1,0,1,0.6355478532841361,0.2314802980101465,1,0
35525,Funk3-112-C#,1,2,2,3,0.5860502191575804,0.2847107688090542,0,1
35542,Funk3-112-C#,1,2,1,2,0.5297216742896015,0.19765715667218847,1,0
35582,Funk3-112-C#,1,1,0,2,0.3492042560596576,0.07273950916505299,0,0
35596,Funk3-112-C#,1,2,2,3,0.5402208396482929,0.27330716251967896,0,1
35608,Funk3-112-C#,1,2,2,1,0.5052871477878954,0.10028317358633444,0,1
35610,Funk3-112-C#,1,0,2,1,0.5751327645292948,0.10127494886272352,0,0
35616,Funk3-112-C#,1,2,2,3,0.5259095836395146,0.18944602310697575,0,1
35636,Funk3-112-C#,1,2,0,2,0.3864254518863656,0.11915330297842532,1,0
35642,Funk3-112-C#,1,1,2,1,0.623578969020255,0.05479326753727143,1,0
35654,Funk3-112-C#,1,1,0,2,0.42828344451659517,0.16174292554626735,0,0
35662,Funk3-112-C#,1,0,2,0,0.8065701287238006,0.010354277321140916,1,0
35677,Funk3-112-C#,1,0,2,0,0.46283305158535587,0.19975391636435108,1,0
35690,Funk3-112-C#,1,0,1,0,0.9475623110078972,0.04639350505634683,1,0
35729,Funk3-112-C#,1,1,1,2,0.5861649071284951,0.16320260442562454,0,1
35732,Funk3-112-C#,1,1,1,3,0.3965975347825597,0.12380546985839067,0,1
35766,Funk3-112-C#,1,1,0,2,0.4517033634283244,0.11684509967748956,0,0
35795,Funk3-112-C#,1,2,2,1,0.5401445766380114,0.1369757920159968,0,1
35811,Funk3-112-C#,1,0,0,1,0.6231983727653886,0.20885594099112467,0,1
35813,Funk3-112-C#,1,0,0,1,0.5950655620105573,0.30851752476349725,0,1
35815,Funk3-112-C#,1,1,2,1,0.6842468240885182,0.16713407266785887,1,0
35838,Funk3-112-C#,1,1,2,1,0.49987886060877884,0.24579242598634016,1,0
35844,Funk3-112-C#,1,0,1,0,0.6864646559752589,0.2730860024477108,1,0
35848,Funk3-112-C#,1,1,0,1,0.7016347116734527,0.14315747731731218,1,0
35854,Funk3-112-C#,1,0,0,1,0.46279411276341115,0.2094954439693879,0,1
35876,Funk3-112-C#,1,2,1,2,0.48920584524507055,0.23266025875378693,1,0
35887,Funk3-112-C#,1,1,1,2,0.5233222653777552,0.12314670151944873,0,1
35918,Funk3-112-C#,1,2,2,1,0.8076906591473807,0.12912373044854095,0,1
35919,Funk3-112-C#,1,2,2,1,0.8144681823617443,0.12069395255734797,0,1
35946,Funk3-112-C#,1,0,1,0,0.6195426218648429,0.325829787884372,1,0
35958,Funk3-112-C#,1,2,2,1,0.6798399064527126,0.25178408897102106,0,1
36014,Funk3-112-C#,1,2,2,1,0.60714905263882,0.31145887002926753,0,1
36019,Funk3-112-C#,1,2,1,0,0.7342124261960177,0.24904923278892302,0,0
36020,Funk3-112-C#,1,0,0,1,0.6770209073364472,0.2853218443235283,0,1
36026,Funk3-112-C#,1,2,2,1,0.8978852558692918,0.0532016175239196,0,1
36034,Funk3-112-C#,1,2,3,1,0.6035641875790134,0.13282255081151803,0,0
36037,Funk3-112-C#,1,2,2,1,0.5752281506962171,0.22241410968025302,0,1
36046,Funk3-112-C#,1,1,2,1,0.5768480003847912,0.3247064193379673,1,0
36054,Funk3-112-C#,1,1,2,0,0.7720436698905961,0.0347939300220141,0,0
36059,Funk3-112-C#,1,1,2,1,0.7319294790867806,0.13380307321510881,1,0
36065,Funk3-112-C#,1,2,2,1,0.7414588033525228,0.1378506148435268,0,1
36093,Funk3-112-C#,1,2,2,1,0.8070342559956905,0.13814381238249657,0,1
36105,Funk3-112-C#,1,1,1,0,0.6287035405054081,0.30326530554576875,0,1
36110,Funk3-112-C#,1,0,2,0,0.4951183429679688,0.04036964297671191,1,0
36140,Funk3-112-C#,1,2,2,1,0.8337395068057076,0.09403998155987793,0,1
36164,Funk3-112-C#,1,0,1,0,0.9187675700373849,0.06596001552651029,1,0
36197,Funk3-112-C#,1,2,3,2,0.5211261362213365,0.15861907331229647,1,0
46570,SS3-98-C,1,1,0,2,0.3628093487144824,0.11069933665869473,0,0
46574,SS3-98-C,1,2,3,1,0.4041922065551641,0.14674691289046216,0,0
46610,SS3-98-C,1,0,1,0,0.8376152791482168,0.1341407092600375,1,0
46613,SS3-98-C,1,3,3,2,0.6557475855824281,0.19045018232017408,0,1
46651,SS3-98-C,1,3,1,2,0.4507409320277089,0.06729536680170443,0,0
46737,SS3-98-C,1,3,2,1,0.49699296453690894,0.23502094068999113,0,0
46743,SS3-98-C,1,3,3,6,0.40252606967029125,0.14010981585332272,0,1
46768,SS3-98-C,1,3,2,3,0.547324762540861,0.19222557677049812,1,0
46856,SS3-98-C,1,1,2,1,0.6332991344452583,0.2653201243241307,1,0
46862,SS3-98-C,1,0,1,0,0.927744267918683,0.06375999880996723,1,0
46875,SS3-98-C,1,1,2,1,0.7103708211767377,0.09648003043667007,1,0
46925,SS3-98-C,1,3,3,4,0.6574330541126359,0.2958668607078313,0,1
46930,SS3-98-C,1,1,0,2,0.5206814994556901,0.04790531816902159,0,0
46957,SS3-98-C,1,0,1,0,0.9004421722692206,0.08381368643107892,1,0
46963,SS3-98-C,1,2,1,2,0.5648071397872516,0.14467051241878395,1,0
46970,SS3-98-C,1,3,3,2,0.527449524604687,0.2756395038294051,0,1
46988,SS3-98-C,1,3,3,1,0.5235996253229873,0.17739658911969916,0,1
47039,SS3-98-C,1,2,2,1,0.594747554629228,0.23072087110729414,0,1
47046,SS3-98-C,1,3,2,1,0.5738875994083259,0.23570609284066818,0,0
47049,SS3-98-C,1,3,0,1,0.4316042822631992,0.14393344496300228,0,0
47087,SS3-98-C,1,2,3,2,0.49978213174229774,0.16905562493450751,1,0
47099,SS3-98-C,1,3,1,2,0.45371847525910586,0.1763905919593838,0,0
47160,SS3-98-C,1,3,2,5,0.41780394490667083,0.034964522483447856,0,0
47234,SS3-98-C,1,1,1,2,0.5200318440975346,0.22905100378145887,0,1
47247,SS3-98-C,1,1,1,2,0.4849783498369545,0.19538035386737762,0,1
47269,SS3-98-C,1,1,1,2,0.6798897757651666,0.10658706102590873,0,1
47275,SS3-98-C,1,1,1,2,0.47550686904191813,0.1596789293783588,0,1
47309,SS3-98-C,1,1,1,2,0.5154905625323966,0.06123902942288386,0,1
47329,SS3-98-C,1,1,1,2,0.6663576495003172,0.047863308788466626,0,1
47360,SS3-98-C,1,1,1,2,0.5635011242472148,0.07375964881763988,0,1
47395,SS3-98-C,1,1,1,2,0.5106910697401834,0.19080332251066245,0,1
47433,SS3-98-C,1,1,1,2,0.5537158574902217,0.09902882361979098,0,1
47452,SS3-98-C,1,0,0,1,0.6610908607347974,0.30395320330278236,0,1
48390,BN3-154-E,1,4,1,2,0.4863540515453366,0.1613067663137398,0,0
48405,BN3-154-E,1,4,4,2,0.49050086581805685,0.05912749119233649,0,1
48408,BN3-154-E,1,4,4,3,0.5514897399544446,0.22596299840673467,0,1
48425,BN3-154-E,1,3,2,3,0.5191072724819042,0.253670687939087,1,0
48435,BN3-154-E,1,4,4,2,0.614581927651484,0.04892112394169752,0,1
48459,BN3-154-E,1,1,3,2,0.6664658559621887,0.14513825079906245,0,0
48462,BN3-154-E,1,3,2,3,0.7042219539219343,0.19621596401688027,1,0
48468,BN3-154-E,1,4,4,2,0.4426737598260162,0.09494053839437078,0,1
48479,BN3-154-E,1,4,4,2,0.44332471225462,0.0342627051061415,0,1
48484,BN3-154-E,1,4,4,3,0.617730349636279,0.04910971138527136,0,1
48492,BN3-154-E,1,3,2,1,0.601978704373657,0.2627873318085524,0,0
48503,BN3-154-E,1,3,2,1,0.6537109518609003,0.18338616870737484,0,0
48509,BN3-154-E,1,4,4,3,0.5344378174316129,0.036680343197160924,0,1
48510,BN3-154-E,1,0,2,0,0.9154994196519025,0.009828028493481682,1,0
48515,BN3-154-E,1,3,3,2,0.6344017402544007,0.23051716226095173,0,1
48530,BN3-154-E,1,4,1,3,0.5865109724033658,0.06260847307444276,0,0
48539,BN3-154-E,1,0,1,0,0.5956069771628052,0.3232723095921084,1,0
48541,BN3-154-E,1,3,4,2,0.41884099017899856,0.10240941447373192,0,0
48556,BN3-154-E,1,4,3,2,0.7701135503247092,0.10556813293316208,0,0
48585,BN3-154-E,1,0,0,1,0.8741098061996175,0.10643505477006153,0,1
49762,Funk2-119-G,1,1,1,0,0.7671554269541219,0.2155462907619752,0,1
49797,Funk2-119-G,1,3,4,3,0.5342582002461213,0.27191809607779927,1,0
49831,Funk2-119-G,1,2,1,0,0.6400397365683921,0.3342983082849369,0,0
49853,Funk2-119-G,1,2,2,1,0.644116864277307,0.13726828421955015,0,1
49855,Funk2-119-G,1,3,2,3,0.5468748236848375,0.153945446855245,1,0
49862,Funk2-119-G,1,3,2,3,0.5680434761702233,0.24870572922781461,1,0
49864,Funk2-119-G,1,3,3,1,0.5800675435781236,0.260042536537603,0,1
49871,Funk2-119-G,1,2,2,1,0.5543066174253126,0.07550316063472533,0,1
49874,Funk2-119-G,1,3,3,2,0.5703951118727655,0.22103722388856062,0,1
49881,Funk2-119-G,1,2,4,3,0.5143902649644034,0.09231448958760885,0,0
49900,Funk2-119-G,1,1,3,0,0.476448264671232,0.004858125877573379,0,0
49922,Funk2-119-G,1,3,0,1,0.4896661301062799,0.16554811328041977,0,0
49931,Funk2-119-G,1,2,1,2,0.46978137552528143,0.14552260971181552,1,0
49951,Funk2-119-G,1,2,2,1,0.5566630794570867,0.14617872077264848,0,1
49958,Funk2-119-G,1,2,2,0,0.6072952384227742,0.07311539443778889,0,1
49959,Funk2-119-G,1,2,1,2,0.5894791818137984,0.1870384740597103,1,0
49991,Funk2-119-G,1,4,2,3,0.4730389843027711,0.03939804634447374,0,0
50050,Funk2-119-G,1,0,0,1,0.6041037328596474,0.34294102248687985,0,1
50074,Funk2-119-G,1,1,0,1,0.7221247445662692,0.22007672785899024,1,0
50077,Funk2-119-G,1,1,0,1,0.7398319078227182,0.20029703127699047,1,0
50083,Funk2-119-G,1,1,0,1,0.7626507808391234,0.14130682969865696,1,0
50182,Funk3-112-C#,1,3,2,3,0.45776004403055487,0.19725454378549032,1,0
50202,Funk3-112-C#,1,2,2,1,0.44155235471821613,0.18541233479527613,0,1
50207,Funk3-112-C#,1,3,2,3,0.4559207942526056,0.2028919655281949,1,0
50226,Funk3-112-C#,1,2,2,0,0.4917178300772449,0.029574856118954513,0,1
50261,Funk3-112-C#,1,1,3,1,0.42932040068161886,0.11012917467424259,1,0
50271,Funk3-112-C#,1,2,0,1,0.4330041607916934,0.15194974040521028,0,0
50277,Funk3-112-C#,1,0,2,1,0.5801652145393863,0.18912850227272915,0,0
50288,Funk3-112-C#,1,1,2,1,0.6907331339913996,0.13647538428081882,1,0
50307,Funk3-112-C#,1,0,2,0,0.9698229698757038,0.006024738679094982,1,0
50322,Funk3-112-C#,1,2,3,1,0.3665214581498707,0.10937336412688557,0,0
50334,Funk3-112-C#,1,2,1,4,0.44616055211963423,0.10373833338671624,0,0
50349,Funk3-112-C#,1,2,2,1,0.5800261979815955,0.2415052334397668,0,1
50364,Funk3-112-C#,1,0,1,0,0.6185893662872375,0.22551627836854524,1,0
50382,Funk3-112-C#,1,2,4,1,0.6418335890136392,0.1112539701035535,0,0
50414,Funk3-112-C#,1,3,1,2,0.536640644413725,0.17590825780310185,0,0
50460,Funk3-112-C#,1,1,0,1,0.6100767045059549,0.0692042214593509,1,0
50465,Funk3-112-C#,1,2,2,4,0.5769380459040825,0.06597677380153737,0,1
50473,Funk3-112-C#,1,2,1,2,0.5744821942313316,0.2502414249608378,1,0
50487,Funk3-112-C#,1,1,0,1,0.510085834646795,0.24982103023686658,1,0
50498,Funk3-112-C#,1,1,0,1,0.5369287421047688,0.2842388017719124,1,0
50563,Funk3-112-C#,1,1,1,0,0.7173034875057982,0.26869813125606734,0,1
50677,Funk3-112-C#,1,1,0,1,0.6602987140422013,0.313819665516964,1,0
50689,Funk3-112-C#,1,1,2,1,0.9141212248626543,0.047388154974758755,1,0
60018,SS3-98-C,1,1,2,1,0.5408402178850974,0.2733119207467419,1,0
60024,SS3-98-C,1,1,2,0,0.4397255539451568,0.11143832532638426,0,0
60034,SS3-98-C,1,2,4,1,0.5227207030122796,0.02914258295035233,0,0
60035,SS3-98-C,1,0,2,0,0.9273270219787958,0.014209194765862299,1,0
60041,SS3-98-C,1,1,0,3,0.40332494236991145,0.021591778157029038,0,0
60066,SS3-98-C,1,3,2,3,0.4959098035148613,0.21155804778174273,1,0
60069,SS3-98-C,1,2,0,2,0.49364114399659526,0.1439269528419265,1,0
60097,SS3-98-C,1,1,2,0,0.730451807594149,0.05048032241588342,0,0
60134,SS3-98-C,1,2,4,3,0.4240337371856695,0.12116557255824659,0,0
60139,SS3-98-C,1,2,5,2,0.4113609273775744,0.014555729980290593,1,0
60159,SS3-98-C,1,1,2,1,0.5169916193523939,0.14686446751581606,1,0
60179,SS3-98-C,1,0,0,1,0.5159348446414538,0.2632088861701466,0,1
60184,SS3-98-C,1,1,0,1,0.5007288549965184,0.1418308853400507,1,0
60185,SS3-98-C,1,2,3,1,0.43872404765298456,0.1736210766889792,0,0
60206,SS3-98-C,1,3,3,2,0.503442780093928,0.17402673953239223,0,1
60209,SS3-98-C,1,2,2,3,0.46670889214060246,0.20349198275303262,0,1
60213,SS3-98-C,1,0,2,0,0.939521241128292,0.007338919929252868,1,0
60214,SS3-98-C,1,1,2,0,0.4747651847351509,0.07781929180181256,0,0
60215,SS3-98-C,1,2,3,4,0.4160396813033371,0.13435306104588085,0,0
60226,SS3-98-C,1,0,1,0,0.6935536957494983,0.25979716732319347,1,0
60241,SS3-98-C,1,0,1,0,0.8614450495586202,0.12176344736224508,1,0
60253,SS3-98-C,1,3,3,2,0.43822894823428343,0.17320995451016538,0,1
60254,SS3-98-C,1,0,3,1,0.41272210062074643,0.06283594611274167,0,0
60255,SS3-98-C,1,0,2,0,0.7466139657906734,0.03358683762944174,1,0
60257,SS3-98-C,1,1,2,0,0.4675723324815245,0.1856673996066377,0,0
60275,SS3-98-C,1,0,2,0,0.8674248549277717,0.0151702150925733,1,0
60280,SS3-98-C,1,2,0,1,0.34124710498413136,0.07340264578557218,0,0
60292,SS3-98-C,1,1,2,0,0.5689488666445192,0.11421172475594961,0,0
60302,SS3-98-C,1,2,4,2,0.459488982453665,0.06461246925654161,1,0
60324,SS3-98-C,1,2,2,1,0.5993268854510209,0.2404788151010098,0,1
60325,SS3-98-C,1,1,2,0,0.4826999821894916,0.06965904854266859,0,0
60332,SS3-98-C,1,0,1,0,0.856167145804015,0.11886728567925142,1,0
60342,SS3-98-C,1,1,2,0,0.5839697561116923,0.14589836281271434,0,0
60344,SS3-98-C,1,0,2,0,0.9783411455433129,0.003575294131475227,1,0
60359,SS3-98-C,1,1,1,0,0.755828603654038,0.21836168698916328,0,1
60360,SS3-98-C,1,4,3,4,0.5550707839994585,0.16688023549997186,1,0
60377,SS3-98-C,1,1,3,1,0.3900870718637516,0.11040140085064727,1,0
60380,SS3-98-C,1,1,0,2,0.402813082805162,0.09338671160586881,0,0
60381,SS3-98-C,1,2,3,2,0.39783725402922715,0.015300483155864703,1,0
60386,SS3-98-C,1,2,2,1,0.524128185680873,0.21630199044812212,0,1
60402,SS3-98-C,1,2,2,1,0.6063222912679782,0.15844250486820938,0,1
60403,SS3-98-C,1,1,2,1,0.4858090607535484,0.14049381716535728,1,0
60431,SS3-98-C,1,2,3,1,0.4759779082987552,0.0768868363330261,0,0
60434,SS3-98-C,1,2,3,0,0.39545768430475303,0.07337195332344072,0,0
60437,SS3-98-C,1,2,0,2,0.499439045147824,0.08062464819105988,1,0
60442,SS3-98-C,1,2,2,3,0.5475488154012943,0.11639047281604575,0,1
60452,SS3-98-C,1,2,0,1,0.43988174273483055,0.10955904925161895,0,0
60455,SS3-98-C,1,3,0,3,0.37491324721208896,0.042930362578123396,1,0
60478,SS3-98-C,1,0,2,0,0.9295791565199005,0.009314255783508552,1,0
60483,SS3-98-C,1,0,2,0,0.5289905584407549,0.048023386238096225,1,0
60495,SS3-98-C,1,1,0,2,0.6247946079073309,0.08155816903050853,0,0
60519,SS3-98-C,1,2,3,2,0.3412238107219021,0.036451033173718554,1,0
60520,SS3-98-C,1,1,2,0,0.5533118166005908,0.1006343447478217,0,0
60521,SS3-98-C,1,0,2,1,0.577814318182464,0.19296154389458003,0,0
60524,SS3-98-C,1,1,1,0,0.6914879168364616,0.2912597877035122,0,1
60525,SS3-98-C,1,3,4,3,0.5143222341347585,0.15822111752686857,1,0
60526,SS3-98-C,1,1,2,0,0.5809430438808503,0.08821568419480248,0,0
60535,SS3-98-C,1,2,2,1,0.6059806774241024,0.17879126897755782,0,1
60551,SS3-98-C,1,3,3,1,0.3944891915797618,0.1396893838175906,0,1
60553,SS3-98-C,1,1,0,1,0.5533556052651959,0.16178419133064037,1,0
60560,SS3-98-C,1,2,4,2,0.38768280998732746,0.061334686761211815,1,0
60562,SS3-98-C,1,1,0,1,0.39285220602238197,0.06236420783832239,1,0
60564,SS3-98-C,1,2,4,2,0.652509082307073,0.0592447709499432,1,0
60594,SS3-98-C,1,0,1,0,0.7204936209651615,0.2512277411943127,1,0
60600,SS3-98-C,1,2,4,3,0.43752343826908013,0.11215746772222765,0,0
60610,SS3-98-C,1,2,3,2,0.5163768722127527,0.11228483450225589,1,0
60615,SS3-98-C,1,0,2,0,0.9667422919363743,0.005173795278994876,1,0
60620,SS3-98-C,1,2,2,1,0.4948655825251293,0.21481648665414896,0,1
60624,SS3-98-C,1,0,2,1,0.5445075784455358,0.24875380771116176,0,0
60642,SS3-98-C,1,0,2,1,0.5175096292649967,0.26570901158802485,0,0
60685,SS3-98-C,1,1,2,0,0.5332048133907211,0.06373801552790784,0,0
60687,SS3-98-C,1,2,2,1,0.5920684560962725,0.24050765886520606,0,1
60697,SS3-98-C,1,2,3,2,0.5405872334632374,0.15560004278242945,1,0
60702,SS3-98-C,1,1,2,0,0.5565300955342243,0.0797258333147835,0,0
60716,SS3-98-C,1,3,3,2,0.4971556790652074,0.1645371440701223,0,1
60743,SS3-98-C,1,2,0,2,0.35987443520758816,0.0603899173783653,1,0
60744,SS3-98-C,1,0,0,1,0.512659349071076,0.15189327191917915,0,1
60811,SS3-98-C,1,0,0,1,0.6119986643646267,0.21546813057309638,0,1
60865,SS3-98-C,1,1,1,0,0.9400386880022833,0.052516200046100595,0,1
60904,SS3-98-C,1,1,1,0,0.7006950406394369,0.26207922316790355,0,1
61700,BN3-154-E,1,4,3,2,0.5536635419668904,0.20211823523356295,0,0
61717,BN3-154-E,1,2,3,2,0.6310479757942724,0.06092439032794725,1,0
61722,BN3-154-E,1,0,2,1,0.5878562255738841,0.15809984334298197,0,0
61733,BN3-154-E,1,3,2,0,0.5878168678206318,0.040213608786187405,0,0
61776,BN3-154-E,1,0,4,2,0.47929580025424995,0.03892361432641257,0,0
61811,BN3-154-E,1,2,4,2,0.5286003779087989,0.07395199294391457,1,0
61826,BN3-154-E,1,0,1,0,0.8190701801539557,0.17043513036540842,1,0
61854,BN3-154-E,1,1,2,1,0.5349921072198345,0.2636278825483948,1,0
61862,BN3-154-E,1,0,2,1,0.6566604658324028,0.1922838441859672,0,0
61867,BN3-154-E,1,0,4,2,0.43990048924869635,0.18510892203282447,0,0
61872,BN3-154-E,1,1,2,1,0.6477121895489265,0.2845548455594697,1,0
61878,BN3-154-E,1,1,2,3,0.6614330303257733,0.20082201369589153,0,0
61900,BN3-154-E,1,0,2,3,0.6273144952989621,0.27902514826683206,0,0
61909,BN3-154-E,1,0,1,2,0.5151056781213381,0.23471044473856678,0,0
61941,BN3-154-E,1,2,0,1,0.511831938024847,0.05981585630323859,0,0
61964,BN3-154-E,1,2,4,2,0.6316671083807487,0.03998862243795171,1,0
61986,BN3-154-E,1,1,1,2,0.6473839356079351,0.32921152143469967,0,1
62002,BN3-154-E,1,1,0,1,0.7853415141350666,0.1731190756518118,1,0
63170,Funk2-119-G,1,0,3,2,0.5260899775797726,0.10384854206758297,0,0
63184,Funk2-119-G,1,2,2,3,0.5592150541300327,0.29511052039262703,0,1
63187,Funk2-119-G,1,4,4,3,0.6527299218272313,0.25381220902696405,0,1
63201,Funk2-119-G,1,1,2,0,0.8373891249939348,0.014900574066108839,0,0
63202,Funk2-119-G,1,0,1,0,0.7586146525938239,0.16667914686569713,1,0
63213,Funk2-119-G,1,4,3,4,0.5815303497309497,0.20928595373186415,1,0
63231,Funk2-119-G,1,0,1,0,0.7509902276036761,0.21048106294043,1,0
63236,Funk2-119-G,1,2,2,3,0.6368065630487938,0.11028026372520326,0,1
63242,Funk2-119-G,1,2,2,1,0.6487156953995923,0.16443491264788387,0,1
63250,Funk2-119-G,1,3,2,3,0.47805158878721526,0.2228763358401874,1,0
63266,Funk2-119-G,1,2,3,2,0.5238321377636774,0.12613867744936763,1,0
63275,Funk2-119-G,1,3,1,3,0.47230103740591944,0.13559412896606302,1,0
63277,Funk2-119-G,1,0,1,0,0.7522214453545261,0.23232457339079182,1,0
63290,Funk2-119-G,1,0,1,0,0.732351518845409,0.24741402070131457,1,0
63306,Funk2-119-G,1,2,0,2,0.38253105920062025,0.06581536927496856,1,0
63321,Funk2-119-G,1,3,1,2,0.4349128753339059,0.11785550642130906,0,0
63324,Funk2-119-G,1,3,2,3,0.717326996175801,0.1546833193498582,1,0
63327,Funk2-119-G,1,1,2,1,0.6852896128736656,0.1583670612653134,1,0
63331,Funk2-119-G,1,1,2,3,0.5155165693364312,0.24464923693807616,0,0
63333,Funk2-119-G,1,2,4,3,0.6066066539809002,0.2674599521910129,0,0
63344,Funk2-119-G,1,0,1,0,0.6409096473298218,0.2965003367468003,1,0
63348,Funk2-119-G,1,0,2,0,0.464055291167472,0.13428405799931023,1,0
63350,Funk2-119-G,1,1,1,0,0.7767521106311198,0.18441723554293732,0,1
63362,Funk2-119-G,1,0,3,0,0.5965637797958165,0.019314616451693793,1,0
63368,Funk2-119-G,1,2,2,1,0.5841667145000269,0.2236408491501453,0,1
63375,Funk2-119-G,1,5,4,3,0.558596734937323,0.2867286333664732,0,0
63378,Funk2-119-G,1,5,4,3,0.5098887725288486,0.25795750620165536,0,0
63424,Funk2-119-G,1,2,3,2,0.4915755594145013,0.1333799778969222,1,0
63439,Funk2-119-G,1,2,2,1,0.6239805216108786,0.19160660256442283,0,1
63447,Funk2-119-G,1,2,2,1,0.5780990299521115,0.1922455729949056,0,1
63452,Funk2-119-G,1,1,2,0,0.5764233322332787,0.030451146786283585,0,0
63460,Funk2-119-G,1,0,1,0,0.6829935904426435,0.2895573886313794,1,0
63481,Funk2-119-G,1,0,0,2,0.47696850387808765,0.19984004749157122,0,1
63496,Funk2-119-G,1,1,2,3,0.6865092723160315,0.22424566801478857,0,0
63505,Funk2-119-G,1,0,2,0,0.7335625144739817,0.022508506504006046,1,0
63506,Funk2-119-G,1,1,2,1,0.6421757278637301,0.11690092524509031,1,0
63509,Funk2-119-G,1,3,2,3,0.5770009016349905,0.26720070052126715,1,0
63532,Funk2-119-G,1,1,2,1,0.5000005935653898,0.18814337829568983,1,0
63533,Funk2-119-G,1,2,2,3,0.6021987385361297,0.21990200304046859,0,1
63540,Funk2-119-G,1,4,4,3,0.5985212661448585,0.23257809904858892,0,1
63544,Funk2-119-G,1,2,0,1,0.47449247300085035,0.181071455849213,0,0
63555,Funk2-119-G,1,2,2,1,0.7970260244002335,0.09371522365137322,0,1
63560,Funk2-119-G,1,1,0,1,0.7759908685240966,0.20299224962316875,1,0
63605,Funk2-119-G,1,1,1,0,0.6481912767370819,0.34005200350582065,0,1
63606,Funk2-119-G,1,0,1,0,0.8172291444154434,0.1684802376006763,1,0
63642,Funk2-119-G,1,1,1,0,0.6777222497835599,0.2770481811798098,0,1
63646,Funk2-119-G,1,0,1,0,0.6698183765686078,0.3053021156438573,1,0
63648,Funk2-119-G,1,0,1,0,0.7270718293837753,0.26045730565584635,1,0
63673,Funk2-119-G,1,0,0,1,0.5281866313086814,0.2613849327239286,0,1
63735,Funk2-119-G,1,2,2,1,0.6321358042472884,0.271720653026228,0,1
63805,Funk3-112-C#,1,1,2,0,0.4467628197275549,0.09998299687729226,0,0
63811,Funk3-112-C#,1,1,2,0,0.6244239343098537,0.10265849825749382,0,0
63836,Funk3-112-C#,1,0,1,0,0.7214376717973089,0.2151371053520287,1,0
63847,Funk3-112-C#,1,2,2,1,0.5076069762260023,0.23843499354887437,0,1
63851,Funk3-112-C#,1,3,2,3,0.5282613545951275,0.21594292726396452,1,0
63853,Funk3-112-C#,1,2,2,1,0.6892856285922494,0.21488908760039435,0,1
63862,Funk3-112-C#,1,0,3,0,0.6771259265860511,0.00559066276198076,1,0
63873,Funk3-112-C#,1,2,2,0,0.6805048084592816,0.06814817561835874,0,1
63880,Funk3-112-C#,1,0,1,0,0.9308627729986108,0.0633244228710009,1,0
63886,Funk3-112-C#,1,0,2,1,0.5077162066611285,0.16359958017007667,0,0
63905,Funk3-112-C#,1,3,1,3,0.42139001853115404,0.16841676405411013,1,0
63910,Funk3-112-C#,1,4,2,4,0.47952354123779894,0.133640327965537,1,0
63913,Funk3-112-C#,1,2,0,1,0.5404338816060259,0.12255937364394093,0,0
63919,Funk3-112-C#,1,0,1,0,0.8568482347329172,0.11105256620291204,1,0
63931,Funk3-112-C#,1,0,1,0,0.6443113859995235,0.28941968848582367,1,0
63939,Funk3-112-C#,1,1,2,1,0.4862172798349008,0.11962285731211167,1,0
63942,Funk3-112-C#,1,1,1,0,0.5920213075679259,0.33204211188404764,0,1
63965,Funk3-112-C#,1,0,2,0,0.5689155572923718,0.07798065770727293,1,0
63976,Funk3-112-C#,1,1,2,1,0.4247621569872427,0.17074280311338572,1,0
63979,Funk3-112-C#,1,1,2,0,0.6538768956328429,0.04021020908026094,0,0
63980,Funk3-112-C#,1,0,1,0,0.7461011454924183,0.19538775307092832,1,0
64007,Funk3-112-C#,1,3,2,3,0.5557222838109844,0.24706817645721868,1,0
64061,Funk3-112-C#,1,0,1,0,0.76203848286823,0.21681843354233868,1,0
64094,Funk3-112-C#,1,0,1,0,0.6163544063134442,0.34982590260085056,1,0
64111,Funk3-112-C#,1,3,2,3,0.5734332218466107,0.2993167324974315,1,0
64120,Funk3-112-C#,1,1,2,1,0.6085642849801955,0.2276022570593272,1,0
64133,Funk3-112-C#,1,1,1,0,0.9146288522622041,0.06895210350387934,0,1
64155,Funk3-112-C#,1,0,1,0,0.8095119994555823,0.15318765377360832,1,0
64166,Funk3-112-C#,1,2,2,0,0.45084467451484833,0.13218782608994814,0,1
64202,Funk3-112-C#,1,0,2,1,0.5652018694357301,0.03781939194176228,0,0
64224,Funk3-112-C#,1,2,2,0,0.46513473694912205,0.06990916083896209,0,1
64228,Funk3-112-C#,1,0,2,0,0.780804640377692,0.05624298630598543,1,0
64419,Funk3-112-C#,1,1,0,1,0.7562963440778234,0.22091486229645557,1,0
73849,SS3-98-C,1,3,1,2,0.6389411617255202,0.2991263750897097,0,0
73859,SS3-98-C,1,1,1,3,0.6314892343337462,0.045551896095934206,0,1
73861,SS3-98-C,1,1,0,2,0.4851480833722026,0.09280971504796125,0,0
73870,SS3-98-C,1,1,0,1,0.5433004797813732,0.26752698498569777,1,0
73888,SS3-98-C,1,1,0,1,0.5601495749685319,0.23378363815750827,1,0
73897,SS3-98-C,1,0,1,0,0.7440793178080091,0.23363740491565985,1,0
73904,SS3-98-C,1,2,4,2,0.46712468744624996,0.016189038751838584,1,0
73908,SS3-98-C,1,0,2,0,0.5078028514930211,0.10362791892571062,1,0
73911,SS3-98-C,1,1,0,1,0.413396527653362,0.14318555225609406,1,0
73914,SS3-98-C,1,1,2,1,0.7136625045283177,0.12495878924402744,1,0
73922,SS3-98-C,1,0,2,0,0.4463645004349327,0.11909284310273971,1,0
73978,SS3-98-C,1,2,1,2,0.5763262450024672,0.1115901340819186,1,0
73993,SS3-98-C,1,1,2,1,0.5082428331997336,0.22970548599066792,1,0
73995,SS3-98-C,1,1,0,1,0.503457068254064,0.07512445682071668,1,0
74012,SS3-98-C,1,1,2,1,0.5166541628564175,0.1921080563103885,1,0
74031,SS3-98-C,1,3,1,2,0.6655292550566582,0.26483514841721495,0,0
74053,SS3-98-C,1,1,0,1,0.4717412935092369,0.20536173315094752,1,0
74104,SS3-98-C,1,0,2,1,0.49087617688045027,0.10454762663699066,0,0
74129,SS3-98-C,1,1,0,1,0.6423515456094293,0.10497483998118887,1,0
74161,SS3-98-C,1,1,0,1,0.476750386148489,0.140787939668107,1,0
74197,SS3-98-C,1,0,2,1,0.4493114844123384,0.19154818455650233,0,0
74200,SS3-98-C,1,2,4,2,0.5389925757489046,0.022888039099664283,1,0
74212,SS3-98-C,1,3,0,2,0.4822180741994743,0.11371593612597886,0,0
74238,SS3-98-C,1,1,3,1,0.47567557251712844,0.18235299561094126,1,0
74254,SS3-98-C,1,1,3,1,0.4422155399392495,0.09022288491308236,1,0
74262,SS3-98-C,1,1,0,1,0.7303395267805924,0.16165346629249167,1,0
74273,SS3-98-C,1,1,0,1,0.5834500818278102,0.2641302066065209,1,0
74316,SS3-98-C,1,4,1,2,0.6512220920930714,0.1761343310218087,0,0
74356,SS3-98-C,1,0,1,0,0.890297696163187,0.09745473652465741,1,0
74368,SS3-98-C,1,2,1,2,0.49450374947168546,0.17581106600291915,1,0
74387,SS3-98-C,1,1,2,0,0.5276782862405327,0.0778248874256479,0,0
74393,SS3-98-C,1,1,0,2,0.4928863295296253,0.14053756565502826,0,0
74394,SS3-98-C,1,1,0,1,0.48890669471711573,0.08232068623208239,1,0
74401,SS3-98-C,1,1,2,1,0.6174563825948338,0.23277002737965508,1,0
74420,SS3-98-C,1,1,0,1,0.8591138492904565,0.10196939911967401,1,0
74422,SS3-98-C,1,0,0,1,0.6970075429194074,0.2701282288233684,0,1
74427,SS3-98-C,1,1,0,1,0.7619543999122016,0.2219499730937212,1,0
74481,SS3-98-C,1,0,0,1,0.7564725684795114,0.22265947957419055,0,1
74556,SS3-98-C,1,0,0,1,0.6194461451869382,0.31625684328500675,0,1
74561,SS3-98-C,1,0,0,1,0.8582354813653998,0.11184404644739011,0,1
74563,SS3-98-C,1,0,1,0,0.6899148509709419,0.28911286639150696,1,0
1722,Funk1-114-Ab,2,0,2,0,0.9266578639091739,0.0026514783527658015,1,0
1723,Funk1-114-Ab,2,1,0,1,0.7606739245815465,0.13197691048214477,1,0
1760,Funk1-114-Ab,2,0,2,0,0.9897347535444356,0.0010804661090681295,1,0
1767,Funk1-114-Ab,2,2,2,0,0.8575631891471799,0.007649427334005342,0,1
1768,Funk1-114-Ab,2,4,2,1,0.7396672182109097,0.20138686383535495,0,0
1770,Funk1-114-Ab,2,3,2,4,0.4436001211949647,0.07229022201913377,0,0
1800,Funk1-114-Ab,2,0,2,0,0.861136212338198,0.01299981279538881,1,0
1815,Funk1-114-Ab,2,0,1,0,0.986220382528174,0.010719619639946547,1,0
1851,Funk1-114-Ab,2,0,1,0,0.9709840705268169,0.025212933468202473,1,0
1869,Funk1-114-Ab,2,2,0,1,0.5158455120363329,0.20941394551119005,0,0
1875,Funk1-114-Ab,2,3,2,3,0.6934336431334516,0.1514550544231062,1,0
1897,Funk1-114-Ab,2,3,3,1,0.5288146805496402,0.2723990263012826,0,1
1901,Funk1-114-Ab,2,2,3,1,0.45600652647234785,0.15589370262072086,0,0
1905,Funk1-114-Ab,2,0,2,0,0.9693076122604547,0.0021009138028397984,1,0
1913,Funk1-114-Ab,2,3,2,3,0.4344329185694034,0.10350356710887387,1,0
1941,Funk1-114-Ab,2,4,2,1,0.576460114415287,0.16396007091735026,0,0
1958,Funk1-114-Ab,2,1,2,0,0.9129071203921614,0.011605990953903283,0,0
1962,Funk1-114-Ab,2,0,2,0,0.717128060288752,0.03848989613357702,1,0
1976,Funk1-114-Ab,2,5,3,5,0.547620723107096,0.2003627331306207,1,0
1986,Funk1-114-Ab,2,0,1,0,0.9902202278174629,0.007910002935051522,1,0
1987,Funk1-114-Ab,2,0,2,0,0.9728953688602053,0.002263127728100024,1,0
1989,Funk1-114-Ab,2,5,5,2,0.384327605026546,0.02719595431417096,0,1
2006,Funk1-114-Ab,2,1,2,0,0.8676287232929597,0.004816913472225529,0,0
2011,Funk1-114-Ab,2,0,1,0,0.9064330211026194,0.08226141088144479,1,0
2017,Funk1-114-Ab,2,0,2,0,0.513540313641237,0.2042336870874553,1,0
2025,Funk1-114-Ab,2,2,1,3,0.5184888217622582,0.18855105054748975,0,0
2028,Funk1-114-Ab,2,2,2,1,0.9254766683720301,0.018242085339353793,0,1
2030,Funk1-114-Ab,2,2,2,3,0.48260951485863235,0.1635262447907808,0,1
2042,Funk1-114-Ab,2,0,1,0,0.7729230150655638,0.2151431710434502,1,0
2065,Funk1-114-Ab,2,1,2,1,0.8369670737033441,0.03188763912102295,1,0
2099,Funk1-114-Ab,2,1,2,1,0.8158891128299511,0.06918276631687707,1,0
2122,Funk1-114-Ab,2,0,1,0,0.9366389310896064,0.0525976569631011,1,0
2123,Funk1-114-Ab,2,0,1,0,0.9403667332323514,0.04123066251731461,1,0
2124,Funk1-114-Ab,2,0,1,0,0.983011076793977,0.013763060932777385,1,0
2125,Funk1-114-Ab,2,1,2,1,0.539593937973607,0.13221059442153066,1,0
5494,Jazz1-200-B,2,2,2,3,0.6738077718447175,0.1649647967103063,0,1
5500,Jazz1-200-B,2,2,2,3,0.5670978114614655,0.21446591494471878,0,1
5507,Jazz1-200-B,2,0,1,0,0.6964231380484049,0.29559971979613414,1,0
5508,Jazz1-200-B,2,1,1,0,0.6560261307781357,0.32987300777008377,0,1
5524,Jazz1-200-B,2,0,2,0,0.9507717395364325,0.005596162485709582,1,0
5536,Jazz1-200-B,2,2,0,2,0.36059709157280395,0.08776653251465577,1,0
5568,Jazz1-200-B,2,0,1,0,0.6284684534713391,0.3611260868380599,1,0
5578,Jazz1-200-B,2,4,1,3,0.48346535036705823,0.178701178428711,0,0
5581,Jazz1-200-B,2,2,0,3,0.6238989152442023,0.02086218803931705,0,0
5583,Jazz1-200-B,2,4,4,3,0.725286260251397,0.13544232012801632,0,1
5595,Jazz1-200-B,2,5,3,4,0.5994158867204994,0.222675431702301,0,0
5611,Jazz1-200-B,2,1,2,3,0.399041097952745,0.1387049940097162,0,0
5621,Jazz1-200-B,2,5,4,5,0.6006747503847446,0.20466273266187066,1,0
5629,Jazz1-200-B,2,2,2,1,0.48844815876995884,0.17768442719046426,0,1
5645,Jazz1-200-B,2,3,4,2,0.5095388598514909,0.058930676821197805,0,0
5658,Jazz1-200-B,2,2,3,1,0.4165408693843838,0.04411284405601738,0,0
5659,Jazz1-200-B,2,4,4,3,0.5930305092313323,0.20041741180631065,0,1
5673,Jazz1-200-B,2,1,2,0,0.9280912614714205,0.008170257535794279,0,0
5731,Jazz1-200-B,2,1,2,1,0.8061524280629957,0.12220087198354843,1,0
5758,Jazz1-200-B,2,1,2,1,0.899515140783432,0.08129032704115291,1,0
5792,Jazz2-110-Bb,2,4,4,3,0.5136605041120861,0.14082975708936296,0,1
5805,Jazz2-110-Bb,2,3,2,3,0.4498814671744872,0.19957359036955738,1,0
5840,Jazz2-110-Bb,2,0,1,0,0.9812409164334152,0.015547665979640909,1,0
5843,Jazz2-110-Bb,2,0,1,0,0.8003549361372687,0.17353000400783736,1,0
5855,Jazz2-110-Bb,2,1,2,3,0.5003755888709644,0.19737188468467784,0,0
5866,Jazz2-110-Bb,2,0,1,0,0.9744843586546753,0.021658660932274587,1,0
5874,Jazz2-110-Bb,2,4,4,3,0.5120049182063954,0.11539278048375193,0,1
5920,Jazz2-110-Bb,2,0,3,0,0.9259054403688375,0.0018582742057562265,1,0
5939,Jazz2-110-Bb,2,2,3,1,0.5821110077278944,0.11810996133331587,0,0
5972,Jazz2-110-Bb,2,2,0,1,0.5732174603153998,0.02235625487523104,0,0
6028,Jazz2-110-Bb,2,0,2,0,0.9626103298614638,0.007762619481850732,1,0
6031,Jazz2-110-Bb,2,0,1,0,0.9733054008932158,0.021963267030934396,1,0
6033,Jazz2-110-Bb,2,2,0,3,0.40359977354338616,0.019496286702973972,0,0
6040,Jazz2-110-Bb,2,5,3,5,0.5212283013928191,0.23962674679711665,1,0
6052,Jazz2-110-Bb,2,4,4,5,0.6090122858944029,0.24946131643629377,0,1
6125,Jazz2-110-Bb,2,0,1,0,0.7861715963183293,0.20106257015293041,1,0
6131,Jazz2-110-Bb,2,1,1,0,0.7399445250463289,0.22552044350039738,0,1
6168,Jazz2-110-Bb,2,0,1,0,0.9714131596660063,0.024916028288770577,1,0
6169,Jazz2-110-Bb,2,0,2,0,0.9698857938718588,0.004447252240576743,1,0
6170,Jazz2-110-Bb,2,0,2,0,0.9777386169444336,0.004868807645744663,1,0
6175,Jazz2-110-Bb,2,0,1,0,0.9749870443753071,0.021501500176820596,1,0
6185,Jazz2-110-Bb,2,2,2,3,0.546344989631977,0.25956138432716425,0,1
6206,Jazz2-110-Bb,2,1,0,2,0.3554447328053897,0.06645807358764538,0,0
6209,Jazz2-110-Bb,2,3,2,3,0.4739660295345141,0.21886454864460425,1,0
6212,Jazz2-110-Bb,2,1,3,1,0.5144952180178745,0.16702134613394598,1,0
6253,Jazz2-110-Bb,2,1,0,1,0.4262195948531151,0.16591237094821396,1,0
6276,Jazz2-110-Bb,2,5,2,4,0.6199967792248582,0.11638840488319493,0,0
6287,Jazz2-110-Bb,2,4,3,4,0.48156361264962905,0.12362116704618148,1,0
6288,Jazz2-110-Bb,2,1,0,1,0.4425990206039568,0.18320452599701897,1,0
6291,Jazz2-110-Bb,2,0,2,0,0.8400452229243054,0.0653579795874411,1,0
6325,Jazz2-110-Bb,2,1,0,1,0.8367256245488823,0.12490508478887141,1,0
6373,Jazz2-110-Bb,2,1,2,1,0.6449338141121814,0.047019019176442294,1,0
6375,Jazz2-110-Bb,2,1,0,1,0.565464589639743,0.28970151049233195,1,0
6447,Jazz2-110-Bb,2,1,2,1,0.6395538997612268,0.2666303090481164,1,0
8037,Rock1-130-A,2,0,1,0,0.761284625833823,0.20248654620874162,1,0
8068,Rock1-130-A,2,0,3,1,0.41705441460374887,0.022634817584109276,0,0
8069,Rock1-130-A,2,2,3,1,0.545034604172288,0.06795177521006987,0,0
8077,Rock1-130-A,2,0,1,0,0.777147157421503,0.19654650467448004,1,0
8097,Rock1-130-A,2,2,3,1,0.3859037757373443,0.10836523002149037,0,0
8102,Rock1-130-A,2,2,3,1,0.4042104381815572,0.050787799325691274,0,0
8124,Rock1-130-A,2,3,3,2,0.4230176472354014,0.14030339036332956,0,1
8128,Rock1-130-A,2,2,2,1,0.5335575037957387,0.18072732983015374,0,1
8129,Rock1-130-A,2,0,2,0,0.8420135646587322,0.03647798002584286,1,0
8130,Rock1-130-A,2,1,0,1,0.5402216628509701,0.041619765675639825,1,0
8134,Rock1-130-A,2,3,3,1,0.5540474153395828,0.09652773317950242,0,1
8143,Rock1-130-A,2,3,2,1,0.672612764682204,0.09715222900278875,0,0
8151,Rock1-130-A,2,2,5,1,0.4817588928644146,0.013064397390752276,0,0
8159,Rock1-130-A,2,4,5,3,0.4915259999134171,0.02847734600585939,0,0
8167,Rock1-130-A,2,2,3,1,0.5170861870754779,0.1338456950456481,0,0
8172,Rock1-130-A,2,2,2,0,0.6365710958948533,0.03804341833910491,0,1
8174,Rock1-130-A,2,1,2,1,0.5274149592746936,0.17271423157210225,1,0
8178,Rock1-130-A,2,2,2,0,0.871364825978289,0.024303198613992414,0,1
8190,Rock1-130-A,2,3,2,0,0.6172853347430457,0.0910459396318094,0,0
8192,Rock1-130-A,2,3,4,3,0.5937063892035511,0.1389959967596407,1,0
8200,Rock1-130-A,2,3,2,1,0.6247235225197579,0.10860574814838883,0,0
8208,Rock1-130-A,2,2,4,1,0.48137774566109304,0.021719325835744048,0,0
8217,Rock1-130-A,2,3,0,3,0.4155939725244849,0.03617423022191657,1,0
8221,Rock1-130-A,2,2,2,1,0.4643054651347572,0.19095723306301135,0,1
8243,Rock1-130-A,2,3,2,0,0.4878099319457407,0.15320604185826422,0,0
8245,Rock1-130-A,2,5,4,5,0.4972595885065143,0.23523363088477164,1,0
8268,Rock1-130-A,2,2,3,1,0.5356842920690674,0.080377200439727,0,0
8273,Rock1-130-A,2,1,2,1,0.592624316877339,0.1356652291931399,1,0
8283,Rock1-130-A,2,1,1,0,0.6381795155550563,0.28232684584705314,0,1
8288,Rock1-130-A,2,4,3,2,0.4548980618512978,0.13901009294142896,0,0
8290,Rock1-130-A,2,3,0,1,0.39417533054944437,0.10145119188887518,0,0
8300,Rock1-130-A,2,5,5,4,0.4848719973554897,0.19400689835905718,0,1
8309,Rock1-130-A,2,1,1,0,0.635610022277354,0.28954740309759447,0,1
8319,Rock1-130-A,2,4,4,5,0.3631007537735964,0.06771197516792905,0,1
8324,Rock1-130-A,2,2,0,1,0.45697727283807166,0.17473898813529692,0,0
8332,Rock1-130-A,2,0,2,0,0.6531284740555797,0.07704845048608304,1,0
8346,Rock1-130-A,2,4,4,1,0.577864675630033,0.02466733260945771,0,1
8373,Rock1-130-A,2,4,4,5,0.5630913530559447,0.154595155646879,0,1
8386,Rock1-130-A,2,3,2,1,0.668940729788363,0.07280383527094399,0,0
8401,Rock1-130-A,2,2,0,3,0.3867134072570941,0.028205886956484766,0,0
8403,Rock1-130-A,2,3,0,1,0.6146527748166932,0.09645812240956418,0,0
8406,Rock1-130-A,2,5,4,5,0.4541139916315469,0.06820789968303774,1,0
8408,Rock1-130-A,2,4,0,3,0.38607915541575394,0.07237446003398923,0,0
8413,Rock1-130-A,2,5,4,3,0.5358088396638269,0.05717359988087891,0,0
8432,Rock1-130-A,2,0,1,0,0.9348353732509432,0.05723128850524118,1,0
8437,Rock1-130-A,2,0,1,0,0.9871573319332784,0.010375880458541337,1,0
8441,Rock1-130-A,2,1,2,1,0.5870439881338877,0.33468038443704745,1,0
8470,Rock1-130-A,2,0,1,0,0.8585101121248756,0.12496169789209835,1,0
8471,Rock1-130-A,2,0,1,0,0.7519303951537119,0.22973186297666606,1,0
8477,Rock1-130-A,2,0,0,1,0.5680462881330212,0.09186606052589086,0,1
8487,Rock1-130-A,2,0,2,0,0.5803600597893597,0.2323235571972083,1,0
8489,Rock1-130-A,2,1,3,1,0.6291328708748857,0.045406393509104574,1,0
8576,Rock1-130-A,2,1,3,1,0.5721100044340712,0.1904250076147705,1,0
8584,Rock1-130-A,2,1,2,0,0.6314748068139292,0.09086076703490108,0,0
8618,Rock1-130-A,2,0,1,0,0.9261208644813497,0.06716074406190853,1,0
8641,Rock1-130-A,2,1,0,1,0.8012135732504158,0.16765981849243483,1,0
8659,Rock1-130-A,2,1,3,1,0.699546735984283,0.07721258300729841,1,0
8668,Rock1-130-A,2,1,1,0,0.6996354406685218,0.22921851900760282,0,1
8678,Rock1-130-A,2,1,3,1,0.6243422100974421,0.054999175654952125,1,0
10400,Rock2-85-F,2,5,3,4,0.5931192593874212,0.16816709678019592,0,0
10428,Rock2-85-F,2,1,0,3,0.42191428975324874,0.09781426890022014,0,0
10431,Rock2-85-F,2,0,1,0,0.9582374428033072,0.03533983588070935,1,0
10434,Rock2-85-F,2,5,0,2,0.479368205208574,0.03824635961811755,0,0
10442,Rock2-85-F,2,5,1,4,0.4332988381961495,0.042377029480441544,0,0
10488,Rock2-85-F,2,0,3,0,0.7936466504799137,0.003878794563299525,1,0
10518,Rock2-85-F,2,3,0,1,0.4461983428345424,0.19236231808771728,0,0
10527,Rock2-85-F,2,2,0,2,0.3536446801079722,0.08783408883061053,1,0
10531,Rock2-85-F,2,3,1,3,0.5272472818958667,0.1406632430729238,1,0
10534,Rock2-85-F,2,6,3,5,0.5266424091650801,0.22554459458820905,0,0
10537,Rock2-85-F,2,0,1,0,0.8518009976200422,0.12237125670058015,1,0
10546,Rock2-85-F,2,4,3,4,0.5110362679339099,0.18281764663747904,1,0
10573,Rock2-85-F,2,3,0,3,0.38257019302383505,0.06762599201196355,1,0
10589,Rock2-85-F,2,4,0,1,0.47155960843247974,0.17158916988597978,0,0
10611,Rock2-85-F,2,2,2,3,0.6394915438523799,0.2000872642353349,0,1
10626,Rock2-85-F,2,5,4,3,0.4077193176785364,0.13822048011879193,0,0
10633,Rock2-85-F,2,4,3,1,0.409585303598426,0.05458234022333199,0,0
10659,Rock2-85-F,2,1,0,2,0.4339720028809357,0.037376798171600445,0,0
10664,Rock2-85-F,2,0,1,0,0.8325508692462451,0.14089287613488283,1,0
10677,Rock2-85-F,2,1,0,3,0.4457728061178547,0.049255421780837305,0,0
10708,Rock2-85-F,2,3,0,2,0.4265005114352571,0.11228898623578092,0,0
10716,Rock2-85-F,2,1,3,2,0.3577974625371593,0.09667635257140382,0,0
10747,Rock2-85-F,2,5,5,3,0.5697518768857331,0.009488225983332639,0,1
10755,Rock2-85-F,2,2,1,0,0.7483572062337034,0.23783626754857204,0,0
10783,Rock2-85-F,2,4,2,3,0.47987159099028065,0.21168552736745788,0,0
10791,Rock2-85-F,2,5,1,4,0.35060185835779206,0.08144569846002034,0,0
10796,Rock2-85-F,2,3,0,2,0.4254442242847197,0.08452687002459507,0,0
10799,Rock2-85-F,2,2,3,0,0.5668539370676354,0.00908580990156277,0,0
10807,Rock2-85-F,2,3,5,3,0.47354487969430464,0.010539846229735956,1,0
10811,Rock2-85-F,2,2,3,1,0.5447402636678537,0.05797085324984324,0,0
10812,Rock2-85-F,2,2,0,1,0.5425256843332321,0.23562041431437733,0,0
10831,Rock2-85-F,2,2,2,0,0.647709001881625,0.0682684651062111,0,1
10837,Rock2-85-F,2,5,3,5,0.4543178767061003,0.19634544242790442,1,0
10842,Rock2-85-F,2,0,1,0,0.9208109651741776,0.07277023206313496,1,0
10843,Rock2-85-F,2,2,0,1,0.40781379691143693,0.1372746976597611,0,0
10845,Rock2-85-F,2,4,4,2,0.4622472103198864,0.10954313577363654,0,1
10866,Rock2-85-F,2,6,5,4,0.4591041566233488,0.19331207118378937,0,0
10870,Rock2-85-F,2,0,2,1,0.48199065552675396,0.17752407685035493,0,0
10873,Rock2-85-F,2,1,1,0,0.920150752479334,0.06390500720302626,0,1
10901,Rock2-85-F,2,5,5,4,0.47809464553418396,0.21692340024329118,0,1
10908,Rock2-85-F,2,2,0,2,0.4236336457972985,0.08406109163526215,1,0
10911,Rock2-85-F,2,4,4,3,0.5588081655625051,0.1951975980643788,0,1
10928,Rock2-85-F,2,4,4,5,0.5124096434192527,0.22403976456023283,0,1
10942,Rock2-85-F,2,3,2,3,0.6885968052671458,0.18270137562311858,1,0
10954,Rock2-85-F,2,5,0,2,0.37562893109194806,0.10439806950419728,0,0
10987,Rock2-85-F,2,3,2,3,0.6180454432534479,0.24160382204269795,1,0
10994,Rock2-85-F,2,3,5,2,0.3627618966978955,0.039512730954473295,0,0
11011,Rock2-85-F,2,3,4,3,0.46537420889070175,0.13200846131049115,1,0
11026,Rock2-85-F,2,5,5,4,0.42009835823904346,0.15225557399757333,0,1
11038,Rock2-85-F,2,1,3,1,0.41789071002712885,0.1578198872922502,1,0
11061,Rock2-85-F,2,2,5,2,0.35298581529756784,0.0646334449575644,1,0
11087,Rock2-85-F,2,2,0,2,0.41086694963531956,0.11524795599183804,1,0
11110,Rock2-85-F,2,1,2,0,0.7274016141271424,0.05334917303336289,0,0
11111,Rock2-85-F,2,3,4,3,0.4622683849197442,0.19333094288506747,1,0
11118,Rock2-85-F,2,3,0,3,0.3983543315399147,0.04602404039620126,1,0
11124,Rock2-85-F,2,0,2,0,0.9551639915280842,0.004451280035752586,1,0
11130,Rock2-85-F,2,2,2,0,0.7433439166923581,0.050504651426749606,0,1
11144,Rock2-85-F,2,3,2,0,0.5019466775895155,0.14171475139369474,0,0
11145,Rock2-85-F,2,2,2,1,0.4649841839959368,0.20378292992484692,0,1
11176,Rock2-85-F,2,5,5,4,0.5214349828360906,0.0786866615694971,0,1
11180,Rock2-85-F,2,1,0,3,0.41861681119622746,0.10757844842689693,0,0
11198,Rock2-85-F,2,5,5,3,0.31510498429755673,0.021090715232230127,0,1
11199,Rock2-85-F,2,0,1,0,0.6190571748451952,0.2901346992021271,1,0
11204,Rock2-85-F,2,5,4,3,0.5531786021264368,0.22965643890116688,0,0
11208,Rock2-85-F,2,5,5,3,0.45389852560259497,0.06754156563334995,0,1
11214,Rock2-85-F,2,0,2,0,0.9033199787483264,0.052305309874762604,1,0
11215,Rock2-85-F,2,0,2,0,0.560823747482781,0.11503647806140406,1,0
11216,Rock2-85-F,2,4,0,3,0.48671274745674786,0.049946468580714366,0,0
11230,Rock2-85-F,2,4,0,2,0.44805691756146254,0.16545280699000828,0,0
11249,Rock2-85-F,2,6,1,3,0.46035918194081143,0.06077626119341519,0,0
11264,Rock2-85-F,2,5,5,3,0.6107971415739307,0.007412397035928615,0,1
11280,Rock2-85-F,2,0,1,0,0.9282663440754051,0.0674351535170004,1,0
11360,Rock2-85-F,2,1,0,1,0.8957211958166492,0.04425385330727109,1,0
11363,Rock2-85-F,2,1,0,1,0.9417349975579701,0.050773916596895,1,0
11399,Rock2-85-F,2,1,0,1,0.925774270129021,0.05677428038566099,1,0
11419,Rock2-85-F,2,1,1,0,0.8800997093832156,0.11382849806877748,0,1
11473,Rock2-85-F,2,3,1,2,0.5001798361435243,0.22240269790252457,0,0
11512,Rock2-85-F,2,2,2,1,0.9586408232695003,0.018681264089886098,0,1
11522,Rock2-85-F,2,2,2,1,0.9428581883980506,0.036483778689003474,0,1
11529,Rock2-85-F,2,2,2,1,0.8356839629171288,0.13496656077538827,0,1
11547,Rock2-85-F,2,0,1,0,0.9855195275858878,0.012042851412304916,1,0
11549,Rock2-85-F,2,0,1,0,0.9833599764166262,0.014848435118106044,1,0
18341,Funk1-114-Ab,2,0,1,0,0.8696499718541038,0.1033694264780811,1,0
18357,Funk1-114-Ab,2,1,2,0,0.9153891657720588,0.025007416069382678,0,0
18375,Funk1-114-Ab,2,3,2,4,0.4842113953867423,0.05364027663181834,0,0
18387,Funk1-114-Ab,2,3,3,4,0.6801065479374881,0.13499855908963784,0,1
18390,Funk1-114-Ab,2,3,3,4,0.7389676918677606,0.10270382873421863,0,1
18401,Funk1-114-Ab,2,3,3,0,0.6616786197806502,0.07749938372889256,0,1
18412,Funk1-114-Ab,2,2,2,3,0.563347409300675,0.23904307151079202,0,1
18417,Funk1-114-Ab,2,2,2,1,0.46048685710088005,0.12336823503806071,0,1
18425,Funk1-114-Ab,2,3,3,4,0.5742429078107286,0.19213132576503128,0,1
18448,Funk1-114-Ab,2,3,0,2,0.35642165545688226,0.07213834609592722,0,0
18468,Funk1-114-Ab,2,2,2,3,0.5923323933044082,0.16699394494743908,0,1
18485,Funk1-114-Ab,2,3,2,3,0.5200918505207839,0.19085597270814528,1,0
18505,Funk1-114-Ab,2,3,4,2,0.3530101927609436,0.038172632597393646,0,0
18507,Funk1-114-Ab,2,0,2,1,0.48646271603434194,0.16846107672843452,0,0
18512,Funk1-114-Ab,2,3,3,4,0.5625430542522256,0.25313341112735416,0,1
18530,Funk1-114-Ab,2,2,4,3,0.4322949025234318,0.15678079119022195,0,0
18550,Funk1-114-Ab,2,3,3,4,0.6832624951371336,0.16647489600732995,0,1
18555,Funk1-114-Ab,2,3,3,4,0.6043077317329366,0.1763975804507102,0,1
18563,Funk1-114-Ab,2,1,5,0,0.6170083861283348,0.0006490847981125976,0,0
18568,Funk1-114-Ab,2,2,3,1,0.5836056818643147,0.0849748666822434,0,0
18594,Funk1-114-Ab,2,0,3,0,0.8878382858532274,0.014383162047910061,1,0
18598,Funk1-114-Ab,2,2,2,4,0.4218392280503709,0.11013498082063108,0,1
18603,Funk1-114-Ab,2,2,4,3,0.6066600632230537,0.13205204964804457,0,0
18609,Funk1-114-Ab,2,2,2,1,0.499412860823437,0.18800756049027365,0,1
18610,Funk1-114-Ab,2,1,1,0,0.7329617909834131,0.23833383669347455,0,1
18620,Funk1-114-Ab,2,1,1,0,0.6588982556524607,0.32673380874779717,0,1
18667,Funk1-114-Ab,2,1,1,0,0.8351753408801753,0.15541408771940626,0,1
18731,Funk1-114-Ab,2,0,1,0,0.7542543240624612,0.2360434828268333,1,0
18742,Funk1-114-Ab,2,1,0,1,0.7764474889008675,0.1830915122745502,1,0
18749,Funk1-114-Ab,2,0,1,0,0.8752179990632355,0.10520765396923926,1,0
18777,Funk1-114-Ab,2,1,3,1,0.7298720176362781,0.09394225891792779,1,0
18795,Funk1-114-Ab,2,0,1,0,0.8222426124134119,0.13745117963967657,1,0
18797,Funk1-114-Ab,2,1,2,1,0.49416292167888076,0.22918048260526905,1,0
18810,Funk1-114-Ab,2,1,3,1,0.7697529528039059,0.06653956794440775,1,0
18817,Funk1-114-Ab,2,1,2,0,0.6290166092836019,0.06120284996106576,0,0
18820,Funk1-114-Ab,2,1,1,3,0.5200295969716632,0.09175067298873495,0,1
18834,Funk1-114-Ab,2,1,2,1,0.7763418451380935,0.11808180645478136,1,0
18842,Funk1-114-Ab,2,1,1,2,0.41545013323536245,0.13283169636478087,0,1
21773,Jazz1-200-B,2,2,2,1,0.9114980118632483,0.07463277750348103,0,1
21774,Jazz1-200-B,2,1,2,1,0.6658839093160923,0.11730745461552611,1,0
21780,Jazz1-200-B,2,1,0,1,0.729081008298929,0.2304808311542217,1,0
21782,Jazz1-200-B,2,0,0,1,0.6492394711955305,0.2229731987480269,0,1
21805,Jazz1-200-B,2,2,2,1,0.8202156094655787,0.10100311316380543,0,1
21823,Jazz1-200-B,2,2,2,1,0.5103094110062321,0.25055293621425134,0,1
21831,Jazz1-200-B,2,0,2,1,0.5596460397790839,0.15745123524917634,0,0
21839,Jazz1-200-B,2,1,1,4,0.3672421436404087,0.0747994566867572,0,1
21846,Jazz1-200-B,2,2,2,1,0.8767615838657988,0.11188437423572595,0,1
21857,Jazz1-200-B,2,2,2,1,0.598494923216779,0.07483180421169326,0,1
21863,Jazz1-200-B,2,2,1,3,0.47133279265854494,0.16367524779920192,0,0
21878,Jazz1-200-B,2,1,4,3,0.39070153694083254,0.06493921529425407,0,0
21903,Jazz1-200-B,2,1,1,2,0.4991420039080171,0.18401633073878343,0,1
21916,Jazz1-200-B,2,0,1,0,0.6741095701907689,0.31803383081960246,1,0
21932,Jazz1-200-B,2,1,3,1,0.8197768576847858,0.0020167407683726467,1,0
21949,Jazz1-200-B,2,0,0,1,0.697817763964108,0.2852951434758479,0,1
21964,Jazz1-200-B,2,1,2,1,0.9473826648612849,0.009762314668751527,1,0
22018,Jazz1-200-B,2,1,2,1,0.6242942331969143,0.19388812045074133,1,0
22032,Jazz1-200-B,2,1,1,0,0.6247348406218451,0.3701555522662738,0,1
22080,Jazz2-110-Bb,2,0,2,0,0.6446665825900837,0.03266887269435213,1,0
22086,Jazz2-110-Bb,2,0,0,1,0.6820222476510551,0.20668400711555732,0,1
22087,Jazz2-110-Bb,2,2,2,3,0.6074222779326547,0.30300251549281926,0,1
22100,Jazz2-110-Bb,2,2,0,3,0.44843325082058094,0.1139690202072263,0,0
22111,Jazz2-110-Bb,2,2,2,3,0.4564244065264605,0.20119415498182738,0,1
22112,Jazz2-110-Bb,2,0,1,0,0.9485801971362581,0.03956155523866598,1,0
22114,Jazz2-110-Bb,2,2,4,3,0.4155964852178732,0.12073087866510626,0,0
22143,Jazz2-110-Bb,2,1,2,1,0.5506696496048108,0.19542132614823635,1,0
22147,Jazz2-110-Bb,2,3,3,1,0.5228135938240205,0.07462323459304428,0,1
22161,Jazz2-110-Bb,2,0,1,0,0.9695186888923019,0.02548406365458081,1,0
22191,Jazz2-110-Bb,2,0,2,0,0.6162485277073139,0.14684656180606953,1,0
22212,Jazz2-110-Bb,2,0,2,1,0.45860581809093554,0.2082975983481182,0,0
22242,Jazz2-110-Bb,2,0,2,1,0.5821150188783482,0.14984620579738556,0,0
22257,Jazz2-110-Bb,2,0,3,0,0.87220893231383,0.005012158432473362,1,0
22266,Jazz2-110-Bb,2,1,2,1,0.5454850829272921,0.23370892772332955,1,0
22268,Jazz2-110-Bb,2,3,3,1,0.508854712308119,0.040460333117835416,0,1
22298,Jazz2-110-Bb,2,0,3,0,0.5715271244421031,0.0126268558113732,1,0
22312,Jazz2-110-Bb,2,1,1,0,0.6379166947850674,0.2812911671670135,0,1
22329,Jazz2-110-Bb,2,1,2,1,0.5201601688647719,0.08530563217537977,1,0
22345,Jazz2-110-Bb,2,1,2,1,0.4139325950865799,0.1262911784334201,1,0
22359,Jazz2-110-Bb,2,0,2,0,0.5990816316109209,0.13409826386345056,1,0
22371,Jazz2-110-Bb,2,1,1,0,0.639022068290382,0.27348795429481865,0,1
22376,Jazz2-110-Bb,2,4,4,5,0.5363737540652112,0.10978397723530878,0,1
22386,Jazz2-110-Bb,2,0,2,0,0.47187971238944737,0.18094361694542221,1,0
22418,Jazz2-110-Bb,2,1,1,0,0.6136520764905131,0.3174526509571389,0,1
22422,Jazz2-110-Bb,2,3,3,4,0.43063115818619874,0.16311286389493598,0,1
22430,Jazz2-110-Bb,2,1,2,0,0.7214837256145918,0.08847926184498144,0,0
22441,Jazz2-110-Bb,2,1,1,0,0.5993105164023987,0.29657796087959687,0,1
22446,Jazz2-110-Bb,2,3,1,3,0.4171353620474702,0.033274071955618004,1,0
22452,Jazz2-110-Bb,2,0,3,0,0.6939323049502566,0.02304903705019731,1,0
22454,Jazz2-110-Bb,2,4,4,3,0.5234142076172899,0.1908830057848136,0,1
22476,Jazz2-110-Bb,2,2,0,3,0.62678111725923,0.020002481738101315,0,0
22514,Jazz2-110-Bb,2,0,0,1,0.5733570531778245,0.19901470063934934,0,1
22555,Jazz2-110-Bb,2,1,4,0,0.38885443076818504,0.013684693263877905,0,0
22560,Jazz2-110-Bb,2,0,2,0,0.5381094094556194,0.04920053955463728,1,0
22567,Jazz2-110-Bb,2,0,1,0,0.9825072597608249,0.01191085457189595,1,0
22572,Jazz2-110-Bb,2,1,0,1,0.845042391062943,0.142021083557165,1,0
22587,Jazz2-110-Bb,2,0,1,0,0.7336313981187861,0.2524834569046485,1,0
22610,Jazz2-110-Bb,2,0,1,0,0.9646756338180825,0.03203948156678795,1,0
22625,Jazz2-110-Bb,2,1,0,1,0.8841885861359573,0.03436952677984319,1,0
23860,Rock1-130-A,2,4,4,3,0.604272747042627,0.23118413396221302,0,1
23871,Rock1-130-A,2,1,1,2,0.38298444680070554,0.13286022827567706,0,1
23880,Rock1-130-A,2,1,1,0,0.7057181766300508,0.21129968543130512,0,1
23897,Rock1-130-A,2,0,2,0,0.701164768084555,0.028840678517177802,1,0
23898,Rock1-130-A,2,1,1,0,0.8827539516724098,0.1058457478039948,0,1
23902,Rock1-130-A,2,3,4,3,0.5476015266666546,0.1555442183594318,1,0
23932,Rock1-130-A,2,3,3,1,0.4686333055906021,0.10566139678638484,0,1
23940,Rock1-130-A,2,0,2,1,0.4815265450651459,0.17148650039852736,0,0
23974,Rock1-130-A,2,2,2,0,0.4923341260372487,0.24215024748177713,0,1
24015,Rock1-130-A,2,1,0,3,0.4032831230764381,0.05618247589893285,0,0
24041,Rock1-130-A,2,1,0,1,0.37472816002265524,0.10003294415266518,1,0
24045,Rock1-130-A,2,0,1,0,0.6888857402179208,0.2612826337402315,1,0
24065,Rock1-130-A,2,2,3,1,0.4038551398642627,0.09006720160558976,0,0
24084,Rock1-130-A,2,1,1,0,0.648110732609013,0.31681595889979375,0,1
24124,Rock1-130-A,2,0,1,0,0.7138451695888948,0.25449640065824164,1,0
24143,Rock1-130-A,2,2,0,4,0.4126387603962844,0.01429635638860511,0,0
24147,Rock1-130-A,2,0,1,0,0.777260174841264,0.18516505179288956,1,0
24153,Rock1-130-A,2,0,1,0,0.7424152572680612,0.19653960884534571,1,0
24157,Rock1-130-A,2,0,1,0,0.6093360581636328,0.25935371275449953,1,0
24171,Rock1-130-A,2,0,1,0,0.6778453627110452,0.2441967402419244,1,0
24181,Rock1-130-A,2,1,3,2,0.4164628093907385,0.13720063223340137,0,0
24194,Rock1-130-A,2,0,1,0,0.7576330688875209,0.2038338113335228,1,0
24249,Rock1-130-A,2,0,2,1,0.7403408821911329,0.07770304207649649,0,0
24253,Rock1-130-A,2,1,2,1,0.7053047354228388,0.21092796491719168,1,0
24279,Rock1-130-A,2,1,2,1,0.7828171228309064,0.07113409752192573,1,0
24282,Rock1-130-A,2,0,1,0,0.747618992441824,0.23587848085395313,1,0
24290,Rock1-130-A,2,0,1,0,0.7561960148904855,0.1870661456188664,1,0
24322,Rock1-130-A,2,1,0,1,0.6464402441977536,0.2965190756162248,1,0
24345,Rock1-130-A,2,0,1,0,0.7812834693191516,0.20945033728345558,1,0
24351,Rock1-130-A,2,1,0,1,0.730173898616806,0.23391741929955365,1,0
24360,Rock1-130-A,2,1,0,1,0.6680368857408775,0.20402476275025852,1,0
24372,Rock1-130-A,2,1,0,1,0.6777168912948797,0.3058934408876638,1,0
24385,Rock1-130-A,2,0,1,0,0.7548873215499381,0.23298885603095554,1,0
24399,Rock1-130-A,2,0,0,1,0.9179533561765283,0.06685840382665462,0,1
24433,Rock1-130-A,2,1,0,1,0.6843888937120776,0.2771564540722074,1,0
24444,Rock1-130-A,2,0,0,1,0.6281895554836723,0.26660701102267176,0,1
26278,Rock2-85-F,2,0,1,0,0.8879463872349451,0.092423050615048,1,0
26279,Rock2-85-F,2,3,4,2,0.4477122683192425,0.056042416573518876,0,0
26300,Rock2-85-F,2,2,2,0,0.4779630740032383,0.07987354393091518,0,1
26326,Rock2-85-F,2,0,1,0,0.678601340624613,0.2599897041731195,1,0
26386,Rock2-85-F,2,2,2,1,0.484989710792325,0.20604527287093238,0,1
26387,Rock2-85-F,2,0,0,1,0.6285511134145357,0.1665835915764496,0,1
26394,Rock2-85-F,2,0,1,0,0.48322263733046905,0.190410628268739,1,0
26396,Rock2-85-F,2,0,1,0,0.778502411713172,0.20910097721042245,1,0
26471,Rock2-85-F,2,3,5,3,0.48122585051314226,0.005984492413284847,1,0
26500,Rock2-85-F,2,1,2,0,0.5915581927174813,0.03885546488073512,0,0
26562,Rock2-85-F,2,1,2,0,0.46120320381041047,0.18766145275145768,0,0
26578,Rock2-85-F,2,1,2,1,0.42983978087250585,0.10708062621476619,1,0
26579,Rock2-85-F,2,0,0,1,0.5795856731124975,0.21520714073938402,0,1
26585,Rock2-85-F,2,0,1,0,0.8511103398820178,0.13129056484543927,1,0
26593,Rock2-85-F,2,0,2,0,0.6247335578456277,0.048655463456844905,1,0
26598,Rock2-85-F,2,0,1,0,0.9190240940951627,0.07143684394694672,1,0
26603,Rock2-85-F,2,0,1,0,0.9843191487346735,0.013260807928666967,1,0
26634,Rock2-85-F,2,1,3,0,0.5095500862252119,0.038641843304181064,0,0
26643,Rock2-85-F,2,2,2,3,0.559688070011341,0.11848053176805852,0,1
26681,Rock2-85-F,2,1,2,1,0.48587536506198176,0.061807995382885735,1,0
26695,Rock2-85-F,2,0,1,0,0.7881775707615198,0.19959730246850277,1,0
26723,Rock2-85-F,2,3,4,3,0.5197982901453078,0.2653831679223494,1,0
26732,Rock2-85-F,2,2,4,3,0.6919933102364222,0.20381598615479202,0,0
26751,Rock2-85-F,2,0,2,0,0.4722658442924063,0.12494092107971627,1,0
26757,Rock2-85-F,2,2,2,3,0.6410490699395877,0.25669640767628116,0,1
26772,Rock2-85-F,2,1,2,1,0.5715240031733905,0.17144678954453244,1,0
26854,Rock2-85-F,2,3,4,3,0.6560560551464933,0.23744303417621643,1,0
26872,Rock2-85-F,2,1,4,3,0.3306806025230009,0.04889593265522534,0,0
26881,Rock2-85-F,2,2,3,2,0.4078707969744864,0.15170700318005226,1,0
26894,Rock2-85-F,2,0,1,0,0.976992237967125,0.011627836504345113,1,0
26895,Rock2-85-F,2,0,1,0,0.7870709609552992,0.18499604006081075,1,0
26929,Rock2-85-F,2,1,0,3,0.4507505809507088,0.04133119234836847,0,0
26971,Rock2-85-F,2,0,1,0,0.6234030759363222,0.32898338151806816,1,0
26980,Rock2-85-F,2,2,4,3,0.4535479894094397,0.13129640950531213,0,0
27011,Rock2-85-F,2,0,0,1,0.7790300578218317,0.2108340804871988,0,1
27043,Rock2-85-F,2,0,1,0,0.7336832740877535,0.25265249796146183,1,0
27064,Rock2-85-F,2,1,0,1,0.9218659896728093,0.06776118927241286,1,0
27091,Rock2-85-F,2,1,0,1,0.7421884902160812,0.24365035560512563,1,0
27174,Rock2-85-F,2,0,1,0,0.8610197991878676,0.12838099560780628,1,0
27219,Rock2-85-F,2,0,2,1,0.5908879789479672,0.05509501671133073,0,0
27245,Rock2-85-F,2,1,2,1,0.9571209426055305,0.016464738154390073,1,0
27256,Rock2-85-F,2,1,2,1,0.9485679069699399,0.018474608643731388,1,0
27295,Rock2-85-F,2,1,0,1,0.7731194760459869,0.21919553951838888,1,0
27301,Rock2-85-F,2,0,0,1,0.7379276247585905,0.2494431964068114,0,1
27340,Rock2-85-F,2,0,1,0,0.7043657410056275,0.27548421412939034,1,0
27341,Rock2-85-F,2,0,1,0,0.7188174606927656,0.2671668549296389,1,0
33907,Funk1-114-Ab,2,1,1,0,0.5873439949142693,0.3256851506710415,0,1
33938,Funk1-114-Ab,2,3,1,3,0.4478684823692858,0.058486415053543094,1,0
33951,Funk1-114-Ab,2,1,1,0,0.9025358037253493,0.0882450553207282,0,1
33959,Funk1-114-Ab,2,0,1,0,0.6484315383898557,0.29126567778839174,1,0
33971,Funk1-114-Ab,2,1,1,0,0.7922520716848207,0.1766625935832255,0,1
33972,Funk1-114-Ab,2,2,0,1,0.4802728101870649,0.13356293406224357,0,0
33973,Funk1-114-Ab,2,0,2,0,0.9302887835442352,0.00944258693630795,1,0
33975,Funk1-114-Ab,2,3,0,2,0.3525800697529807,0.0806284461972291,0,0
33987,Funk1-114-Ab,2,1,1,0,0.8871157634968306,0.08351801514331254,0,1
34008,Funk1-114-Ab,2,0,1,0,0.6334816882468851,0.3410158087886191,1,0
34034,Funk1-114-Ab,2,2,2,1,0.5262870006128609,0.15458637511898066,0,1
34035,Funk1-114-Ab,2,3,2,3,0.5498035245955202,0.12599992929008952,1,0
34039,Funk1-114-Ab,2,2,1,3,0.34732852773208356,0.07032042935292311,0,0
34042,Funk1-114-Ab,2,3,3,1,0.44875124584105414,0.1694814738427174,0,1
34089,Funk1-114-Ab,2,3,2,3,0.6493306805178511,0.1944016828849624,1,0
34093,Funk1-114-Ab,2,1,2,1,0.5271479446111691,0.2580346323120119,1,0
34121,Funk1-114-Ab,2,2,0,1,0.45530332918506217,0.08135249603940325,0,0
34124,Funk1-114-Ab,2,2,2,3,0.5508124502193821,0.09173905723012468,0,1
34173,Funk1-114-Ab,2,3,4,3,0.5519266161141765,0.28929552306604,1,0
34191,Funk1-114-Ab,2,0,1,0,0.6588331102524342,0.24703678711338753,1,0
34192,Funk1-114-Ab,2,3,2,3,0.534785638053859,0.24576214627035195,1,0
34197,Funk1-114-Ab,2,1,1,0,0.6526827496007274,0.3220968222305882,0,1
34198,Funk1-114-Ab,2,0,1,0,0.9378811012752538,0.0514334673827241,1,0
34199,Funk1-114-Ab,2,0,1,0,0.846033754016904,0.10920701560786913,1,0
34210,Funk1-114-Ab,2,0,2,0,0.5172492722443209,0.1884594473441847,1,0
34215,Funk1-114-Ab,2,3,2,3,0.5881001058886293,0.11585368729351564,1,0
34329,Funk1-114-Ab,2,1,0,1,0.7823866849790171,0.1905782367469577,1,0
34335,Funk1-114-Ab,2,1,1,0,0.7751518599640357,0.20258830053881685,0,1
37180,Jazz1-200-B,2,4,1,3,0.5592011837241009,0.19043650406713886,0,0
37188,Jazz1-200-B,2,2,1,3,0.42936756037015894,0.08709084810355698,0,0
37190,Jazz1-200-B,2,2,0,1,0.425000106096239,0.09105995666325288,0,0
37200,Jazz1-200-B,2,2,3,1,0.3821612110179338,0.10358116328032405,0,0
37201,Jazz1-200-B,2,1,0,2,0.37070417018742136,0.07054796929317284,0,0
37207,Jazz1-200-B,2,3,1,2,0.5290166376713851,0.1264520349668239,0,0
37209,Jazz1-200-B,2,4,1,3,0.35085150825416084,0.0876023778992071,0,0
37221,Jazz1-200-B,2,0,0,1,0.45278380199300616,0.136939264844232,0,1
37230,Jazz1-200-B,2,3,3,1,0.43907952075592993,0.03578883907085229,0,1
37233,Jazz1-200-B,2,1,0,2,0.41897506949287305,0.07393472712110938,0,0
37238,Jazz1-200-B,2,2,0,3,0.46582254335061046,0.029925227902498373,0,0
37250,Jazz1-200-B,2,1,0,1,0.47763293405315344,0.20611454584514374,1,0
37260,Jazz1-200-B,2,1,0,1,0.7258680687908171,0.2312429152881514,1,0
37262,Jazz1-200-B,2,3,2,3,0.48828141725764534,0.18493005415027663,1,0
37267,Jazz1-200-B,2,2,0,3,0.38591095751083304,0.09238750724297241,0,0
37281,Jazz1-200-B,2,3,0,2,0.5832566587996789,0.11938201267548121,0,0
37305,Jazz1-200-B,2,3,0,3,0.3865326444336732,0.11376486022207631,1,0
37319,Jazz1-200-B,2,4,2,3,0.6673863501642212,0.1572390980277216,0,0
37332,Jazz1-200-B,2,1,2,0,0.47522888036527705,0.08156342731045413,0,0
37351,Jazz1-200-B,2,1,1,0,0.7590606493186747,0.1988008541490974,0,1
37357,Jazz1-200-B,2,1,0,1,0.45719600390556003,0.1836916552425383,1,0
37358,Jazz1-200-B,2,2,0,2,0.6157754157543469,0.07336293546724863,1,0
37388,Jazz1-200-B,2,3,1,0,0.5964035118468471,0.2526834818913617,0,0
37389,Jazz1-200-B,2,1,0,3,0.6475018046989752,0.021700210658850486,0,0
37401,Jazz1-200-B,2,4,2,3,0.5262241052119485,0.21551630099376887,0,0
37405,Jazz1-200-B,2,1,3,1,0.5112067317771779,0.03304271972516884,1,0
37411,Jazz1-200-B,2,1,0,1,0.4358947273386695,0.06946429835127789,1,0
37421,Jazz1-200-B,2,3,0,2,0.38387002549747823,0.050224244741605424,0,0
37530,Jazz2-110-Bb,2,1,1,0,0.6008805629269598,0.3094331151624648,0,1
37547,Jazz2-110-Bb,2,3,1,2,0.6028891543789839,0.14284003996147623,0,0
37579,Jazz2-110-Bb,2,1,2,0,0.6968514429628314,0.03418801575325447,0,0
37611,Jazz2-110-Bb,2,2,0,2,0.3421695525091798,0.04977520825513406,1,0
37696,Jazz2-110-Bb,2,0,1,0,0.8957828213055191,0.08780447428789075,1,0
37700,Jazz2-110-Bb,2,1,2,1,0.48105425464706586,0.1153200784936087,1,0
37720,Jazz2-110-Bb,2,2,0,2,0.3419278990165481,0.07260918872844195,1,0
37731,Jazz2-110-Bb,2,0,1,0,0.7558184523207434,0.22158690737121545,1,0
37739,Jazz2-110-Bb,2,2,2,5,0.3625764461914883,0.10628684268076745,0,1
37759,Jazz2-110-Bb,2,2,1,3,0.44056953717600855,0.0935925755581194,0,0
37764,Jazz2-110-Bb,2,0,1,0,0.7281910308501525,0.18235768684898407,1,0
37774,Jazz2-110-Bb,2,0,2,1,0.4945503207457691,0.20633046921928097,0,0
37782,Jazz2-110-Bb,2,3,4,5,0.5544137795331145,0.19423080885883495,0,0
37792,Jazz2-110-Bb,2,0,1,0,0.7789221918767755,0.21085911831871396,1,0
37798,Jazz2-110-Bb,2,0,1,0,0.8109425343996944,0.17779233246946136,1,0
37802,Jazz2-110-Bb,2,4,4,3,0.5959151178092543,0.20845158493191546,0,1
37929,Jazz2-110-Bb,2,4,4,3,0.7014766427321452,0.11621432229335898,0,1
37943,Jazz2-110-Bb,2,0,2,1,0.4783351736186615,0.16995817856481105,0,0
37959,Jazz2-110-Bb,2,2,0,3,0.3832101809460266,0.07991559942051339,0,0
37965,Jazz2-110-Bb,2,2,3,2,0.4919504986341635,0.2282484544292296,1,0
37981,Jazz2-110-Bb,2,4,4,2,0.423904430380788,0.028689578002914908,0,1
37986,Jazz2-110-Bb,2,0,2,1,0.5063256074476634,0.20676593700150525,0,0
38020,Jazz2-110-Bb,2,0,1,0,0.9850026670422755,0.01181143147296909,1,0
38023,Jazz2-110-Bb,2,2,3,5,0.5362954663937809,0.1414465712367185,0,0
38047,Jazz2-110-Bb,2,2,2,3,0.5708813041595427,0.2784317548787561,0,1
38051,Jazz2-110-Bb,2,5,4,3,0.5220788556870373,0.09397843485469863,0,0
38057,Jazz2-110-Bb,2,0,1,0,0.6383628242075302,0.3344841680242847,1,0
38065,Jazz2-110-Bb,2,1,0,1,0.836275668606546,0.15300289342781342,1,0
39845,Rock1-130-A,2,2,1,2,0.46042749328652255,0.17018675791058482,1,0
39864,Rock1-130-A,2,0,2,1,0.4819859355512643,0.14368742282617297,0,0
39865,Rock1-130-A,2,1,4,1,0.35452374780666945,0.08731371184355176,1,0
39895,Rock1-130-A,2,1,0,3,0.3728877197817139,0.04719891510177235,0,0
39911,Rock1-130-A,2,1,0,2,0.4226017784361279,0.0618136435540801,0,0
39920,Rock1-130-A,2,2,4,2,0.5677027967715564,0.03200821043753984,1,0
39929,Rock1-130-A,2,1,0,2,0.41057718018749667,0.0889226631127679,0,0
39934,Rock1-130-A,2,0,0,1,0.4710027277514814,0.10979693862298638,0,1
39997,Rock1-130-A,2,3,0,1,0.4027729467908384,0.09253496876973087,0,0
40011,Rock1-130-A,2,3,0,3,0.42599567971007185,0.0647714392285565,1,0
40063,Rock1-130-A,2,0,2,0,0.8312756976349364,0.029768221074869705,1,0
40066,Rock1-130-A,2,0,1,0,0.6327621435387246,0.3487468257935731,1,0
40083,Rock1-130-A,2,0,1,0,0.8696564207829968,0.11978331942849989,1,0
40084,Rock1-130-A,2,3,2,1,0.6048307003993638,0.2911356825612115,0,0
40112,Rock1-130-A,2,2,2,0,0.5159985944951414,0.1971036022165089,0,1
40117,Rock1-130-A,2,1,2,0,0.7529553542576126,0.07124055674076882,0,0
41444,Rock2-85-F,2,3,2,3,0.6320968464867776,0.23107934689938484,1,0
41453,Rock2-85-F,2,3,2,3,0.4850933843243709,0.16604862074083787,1,0
41467,Rock2-85-F,2,2,1,3,0.5405099688089614,0.13454891981452738,0,0
41474,Rock2-85-F,2,2,2,3,0.49948990981505803,0.21865897775623333,0,1
41477,Rock2-85-F,2,3,2,3,0.48882820064400834,0.1353600772041769,1,0
41489,Rock2-85-F,2,2,2,1,0.5096549351203649,0.24289171626002642,0,1
41501,Rock2-85-F,2,3,2,3,0.5621499578031043,0.253964869800439,1,0
41517,Rock2-85-F,2,0,0,1,0.38740282008124394,0.1132499681313205,0,1
41521,Rock2-85-F,2,4,2,3,0.5395546355009038,0.18591079492763668,0,0
41548,Rock2-85-F,2,3,2,3,0.5593484453632138,0.22786222226934347,1,0
41641,Rock2-85-F,2,0,1,0,0.9839450189978797,0.01374635850513195,1,0
41642,Rock2-85-F,2,0,2,0,0.9730883416568992,0.0027614917845891,1,0
41655,Rock2-85-F,2,1,0,3,0.43746891222635165,0.022932412394365054,0,0
41702,Rock2-85-F,2,0,0,1,0.5952517719399918,0.2559931152328785,0,1
41725,Rock2-85-F,2,2,1,3,0.46675709864398834,0.1569798555951892,0,0
41735,Rock2-85-F,2,1,2,3,0.49970516544005406,0.2128448995399253,0,0
41740,Rock2-85-F,2,3,1,3,0.6123588330324694,0.2013172021339069,1,0
41746,Rock2-85-F,2,3,2,3,0.6842128738767698,0.20458031279693029,1,0
41755,Rock2-85-F,2,2,1,3,0.5015857460477965,0.05986493953382306,0,0
41772,Rock2-85-F,2,3,2,3,0.7783594985386414,0.07643663736328382,1,0
41775,Rock2-85-F,2,1,2,1,0.5014376437158955,0.22453052477346963,1,0
41783,Rock2-85-F,2,1,1,0,0.6264341972667793,0.3529087715543642,0,1
41794,Rock2-85-F,2,3,2,3,0.7005697531703979,0.13276449282734304,1,0
41808,Rock2-85-F,2,2,0,1,0.41693566458275483,0.09560959668146915,0,0
41859,Rock2-85-F,2,4,4,3,0.5863824684281296,0.30270660643180175,0,1
41862,Rock2-85-F,2,0,2,0,0.9239367682448191,0.005123801415280633,1,0
41867,Rock2-85-F,2,0,1,0,0.6988680793173759,0.2892320800757353,1,0
41900,Rock2-85-F,2,0,1,0,0.9404512881619383,0.04943379863456561,1,0
41904,Rock2-85-F,2,3,0,2,0.3960599913810268,0.05855206996303041,0,0
41940,Rock2-85-F,2,1,0,1,0.7339541865352773,0.19105037488556287,1,0
41978,Rock2-85-F,2,1,4,1,0.40553649187436697,0.010331303437391174,1,0
42003,Rock2-85-F,2,2,0,1,0.4968015611635409,0.13054479020374635,0,0
42013,Rock2-85-F,2,1,0,1,0.7435950739413146,0.18455041466341268,1,0
42026,Rock2-85-F,2,2,1,2,0.5006504727265698,0.23196354228909388,1,0
42033,Rock2-85-F,2,0,2,1,0.43991608827323697,0.08613659131728017,0,0
42034,Rock2-85-F,2,4,1,3,0.5300928595826937,0.18474978524868857,0,0
42049,Rock2-85-F,2,0,2,1,0.4955416314070333,0.055660439039852946,0,0
42124,Rock2-85-F,2,1,2,1,0.4369003387161265,0.13101550721445687,1,0
42131,Rock2-85-F,2,0,2,0,0.8513580674150468,0.010167777336770756,1,0
48773,Funk1-114-Ab,2,0,1,0,0.7762437787708167,0.2116725866213052,1,0
48777,Funk1-114-Ab,2,2,1,0,0.6406870070731145,0.3276421487617548,0,0
48780,Funk1-114-Ab,2,2,0,1,0.534216020748479,0.23629749073216996,0,0
48782,Funk1-114-Ab,2,1,2,0,0.6500208195396382,0.08487252997009037,0,0
48799,Funk1-114-Ab,2,0,0,1,0.4774096467074311,0.13454810283787616,0,1
48816,Funk1-114-Ab,2,1,2,1,0.4975879207739098,0.1746172633928257,1,0
48817,Funk1-114-Ab,2,4,4,3,0.5304701947079649,0.17163347455773517,0,1
48826,Funk1-114-Ab,2,1,2,0,0.9022519097161023,0.026284777867331653,0,0
48829,Funk1-114-Ab,2,4,4,3,0.4803804842926277,0.09446762166158927,0,1
48840,Funk1-114-Ab,2,1,3,0,0.919968790025724,0.0017627035837539263,0,0
48847,Funk1-114-Ab,2,1,0,1,0.4795878325770828,0.11557958264713801,1,0
48870,Funk1-114-Ab,2,0,3,0,0.9146760097388832,0.007943257272066101,1,0
48888,Funk1-114-Ab,2,1,1,0,0.7978701047887039,0.191889513111548,0,1
48906,Funk1-114-Ab,2,2,0,2,0.46832886225131926,0.03476378414195464,1,0
48918,Funk1-114-Ab,2,1,3,1,0.4198524964388657,0.052384776292111544,1,0
48920,Funk1-114-Ab,2,0,1,0,0.657660747972064,0.26201425766477043,1,0
48921,Funk1-114-Ab,2,3,0,1,0.5104380553837805,0.20331790478652823,0,0
48923,Funk1-114-Ab,2,1,3,1,0.5654268788374969,0.03554610502472663,1,0
48925,Funk1-114-Ab,2,3,4,3,0.4084398164291027,0.09933097254160102,1,0
48936,Funk1-114-Ab,2,4,4,3,0.530893948623214,0.17128393093675934,0,1
48945,Funk1-114-Ab,2,2,0,1,0.5802238581470573,0.07648117434218948,0,0
48981,Funk1-114-Ab,2,2,2,0,0.9807489141748884,0.00180881834624307,0,1
48996,Funk1-114-Ab,2,2,0,2,0.38893869598325587,0.13344888905359276,1,0
48997,Funk1-114-Ab,2,3,0,2,0.5305561365381064,0.04009826313419339,0,0
49008,Funk1-114-Ab,2,0,1,0,0.8878640655851603,0.07587055171250161,1,0
49017,Funk1-114-Ab,2,0,1,0,0.6888453050173399,0.2374892350476339,1,0
49023,Funk1-114-Ab,2,3,4,2,0.4517480759356573,0.0880423385424073,0,0
49034,Funk1-114-Ab,2,4,4,3,0.4739986665921024,0.09042126122442233,0,1
49075,Funk1-114-Ab,2,1,0,1,0.6979865185917036,0.2802470587162258,1,0
49120,Funk1-114-Ab,2,1,0,1,0.8612904421211741,0.12041610219533228,1,0
51771,Jazz1-200-B,2,3,4,3,0.41878757457175797,0.12114471922941619,1,0
51775,Jazz1-200-B,2,3,2,1,0.7780926775923976,0.15305886057369364,0,0
51776,Jazz1-200-B,2,3,0,1,0.6497312910495074,0.30311891685270653,0,0
51785,Jazz1-200-B,2,3,2,1,0.7215065948640973,0.19759593863207928,0,0
51792,Jazz1-200-B,2,0,0,1,0.6707246263809667,0.2915110101822117,0,1
51810,Jazz1-200-B,2,1,0,1,0.634141321357605,0.16239580895143355,1,0
51811,Jazz1-200-B,2,3,2,3,0.6192724104745857,0.15561121886870632,1,0
51818,Jazz1-200-B,2,2,2,0,0.4131144232647565,0.1484630482462891,0,1
51828,Jazz1-200-B,2,1,0,1,0.7377598517050732,0.09418229256741731,1,0
51866,Jazz1-200-B,2,3,2,3,0.5456270132690787,0.22383473349379188,1,0
51867,Jazz1-200-B,2,3,2,3,0.5314096335155813,0.18713665074567182,1,0
51900,Jazz1-200-B,2,1,0,1,0.8933939079541781,0.06431448252060457,1,0
51912,Jazz1-200-B,2,0,0,1,0.7100607666552177,0.25209331100245197,0,1
51982,Jazz2-110-Bb,2,0,2,1,0.5786998919521085,0.00839918191140081,0,0
52148,Jazz2-110-Bb,2,0,1,0,0.699382686110879,0.2733387544188297,1,0
52205,Jazz2-110-Bb,2,4,4,3,0.4934743128724435,0.061273066658801605,0,1
52207,Jazz2-110-Bb,2,4,4,3,0.6090381543812409,0.07559712921542362,0,1
52275,Jazz2-110-Bb,2,4,4,3,0.44537997777837307,0.07892193754057135,0,1
52287,Jazz2-110-Bb,2,3,2,1,0.4650855239850853,0.18414780331651295,0,0
52310,Jazz2-110-Bb,2,4,2,3,0.4845064958942814,0.09372068997738069,0,0
52321,Jazz2-110-Bb,2,0,2,0,0.9708539937901449,0.006598777275814928,1,0
52355,Jazz2-110-Bb,2,4,4,3,0.5198750388816206,0.16812423548360458,0,1
52523,Jazz2-110-Bb,2,1,2,1,0.7375811358133076,0.22084561548480186,1,0
52559,Jazz2-110-Bb,2,1,0,1,0.7460267352494622,0.23911307475155005,1,0
53787,Rock1-130-A,2,2,3,1,0.4743400121578574,0.05740383232966706,0,0
53791,Rock1-130-A,2,3,2,1,0.46395916961217387,0.08595995988876902,0,0
53803,Rock1-130-A,2,1,3,1,0.5519084656315192,0.1169949449294091,1,0
53833,Rock1-130-A,2,1,3,1,0.46664111150847803,0.08440564963129349,1,0
53837,Rock1-130-A,2,1,3,1,0.40200623212404457,0.05682072112851743,1,0
53857,Rock1-130-A,2,2,1,0,0.7340959264625433,0.22680260021981216,0,0
53861,Rock1-130-A,2,1,1,0,0.690158642698289,0.24875510546256066,0,1
53870,Rock1-130-A,2,2,3,2,0.48651534847244504,0.1916159065207679,1,0
53871,Rock1-130-A,2,1,3,1,0.5754159532014281,0.03172421273050524,1,0
53902,Rock1-130-A,2,0,2,0,0.8240771426624037,0.028898432246031308,1,0
53905,Rock1-130-A,2,1,0,1,0.4396679087571392,0.11008267296360176,1,0
53923,Rock1-130-A,2,2,0,1,0.547317183175421,0.29223004579586204,0,0
53931,Rock1-130-A,2,1,1,0,0.7781812935214533,0.20681361374842533,0,1
53932,Rock1-130-A,2,3,3,4,0.5669002191956272,0.1913221344233882,0,1
53935,Rock1-130-A,2,1,2,0,0.4542837700484344,0.20278469871011098,0,0
53948,Rock1-130-A,2,2,4,2,0.39349564425915234,0.09159164971813383,1,0
53972,Rock1-130-A,2,1,2,0,0.4961185316835276,0.09518485895249268,0,0
53973,Rock1-130-A,2,2,3,1,0.5234516312062103,0.06321029288121333,0,0
53983,Rock1-130-A,2,2,3,1,0.4068356222430851,0.07234883367818831,0,0
54007,Rock1-130-A,2,1,2,0,0.7383132832967271,0.03487539030085111,0,0
54031,Rock1-130-A,2,2,2,0,0.9799482273162228,0.006434236008693527,0,1
54043,Rock1-130-A,2,1,2,0,0.7082212115522337,0.05340416335281421,0,0
54047,Rock1-130-A,2,0,1,0,0.867861697610057,0.1087250297790937,1,0
54078,Rock1-130-A,2,1,2,0,0.4845654789265376,0.18332760582516192,0,0
54086,Rock1-130-A,2,2,3,2,0.4550804717154268,0.12229993976781854,1,0
54105,Rock1-130-A,2,0,1,0,0.9500588535516916,0.04203869567223366,1,0
54121,Rock1-130-A,2,0,1,0,0.7432976941750421,0.244376924491489,1,0
54207,Rock1-130-A,2,1,2,1,0.9099218081248576,0.05207598894020924,1,0
55474,Rock2-85-F,2,2,2,1,0.604982746574834,0.06855188759650434,0,1
55500,Rock2-85-F,2,0,1,0,0.8027717010487115,0.1868716435131055,1,0
55509,Rock2-85-F,2,0,1,0,0.97838474603658,0.01753673127682039,1,0
55510,Rock2-85-F,2,0,1,0,0.8132222305387633,0.1620193544950781,1,0
55527,Rock2-85-F,2,2,2,3,0.6404557666125155,0.23390519159784434,0,1
55532,Rock2-85-F,2,2,2,3,0.5335831833811728,0.10409348599553536,0,1
55545,Rock2-85-F,2,1,0,1,0.5597225496390038,0.2623968810077318,1,0
55580,Rock2-85-F,2,0,0,1,0.5980403992367747,0.30317903475215885,0,1
55601,Rock2-85-F,2,3,2,3,0.545048828723014,0.2692221994243826,1,0
55602,Rock2-85-F,2,0,0,1,0.41028457881692004,0.1307323831716497,0,1
55607,Rock2-85-F,2,1,1,0,0.724460003128087,0.2467864644210161,0,1
55640,Rock2-85-F,2,3,2,3,0.5649949644957163,0.23459740986140096,1,0
55645,Rock2-85-F,2,2,2,3,0.606236408692821,0.09792269947173085,0,1
55678,Rock2-85-F,2,4,4,3,0.6880421585180554,0.20018202834974233,0,1
55684,Rock2-85-F,2,0,0,1,0.4605357536919624,0.09315359617826417,0,1
55690,Rock2-85-F,2,2,2,1,0.5191006951174404,0.17244146232321148,0,1
55691,Rock2-85-F,2,0,0,1,0.6960252614678679,0.19426584029786848,0,1
55695,Rock2-85-F,2,1,0,1,0.7436375413203342,0.20623466384471478,1,0
55700,Rock2-85-F,2,1,2,0,0.8306827939418626,0.01938508695480675,0,0
55701,Rock2-85-F,2,1,2,0,0.5082846573296059,0.11235340279003342,0,0
55740,Rock2-85-F,2,2,2,3,0.5216310806435029,0.25026849673972795,0,1
55747,Rock2-85-F,2,3,4,3,0.6029204802278147,0.2483031971699556,1,0
55761,Rock2-85-F,2,0,1,0,0.6479983119549912,0.3215209857632502,1,0
55776,Rock2-85-F,2,1,2,0,0.6975730816181012,0.06375674798979761,0,0
55799,Rock2-85-F,2,1,2,3,0.6266929146835193,0.20727611070450985,0,0
55809,Rock2-85-F,2,0,2,0,0.4382996147553167,0.12832655894943681,1,0
55815,Rock2-85-F,2,0,1,0,0.7494625493420642,0.23763981406208118,1,0
55826,Rock2-85-F,2,0,2,0,0.9440255333515288,0.003274161416697724,1,0
55842,Rock2-85-F,2,0,1,0,0.9813622318778065,0.016418744087302636,1,0
55849,Rock2-85-F,2,0,1,0,0.6839511104341881,0.30645242936709016,1,0
55850,Rock2-85-F,2,1,3,2,0.391036485454147,0.0927710172885604,0,0
55854,Rock2-85-F,2,0,1,0,0.8211142929958518,0.13941504783283357,1,0
55857,Rock2-85-F,2,0,2,0,0.7724643759327348,0.022578532016087338,1,0
55872,Rock2-85-F,2,1,1,0,0.6713975417023363,0.28526847025261803,0,1
55885,Rock2-85-F,2,1,0,1,0.47935688578157604,0.028001637301173485,1,0
55895,Rock2-85-F,2,2,3,4,0.47578632594912934,0.17364541743694925,0,0
55936,Rock2-85-F,2,0,1,0,0.9461825197528605,0.04956509224907243,1,0
55960,Rock2-85-F,2,1,3,1,0.5126824525052409,0.04727868457294845,1,0
55966,Rock2-85-F,2,3,3,4,0.7624114550796842,0.16755802593038727,0,1
55997,Rock2-85-F,2,2,2,0,0.4320323401393352,0.17062869583069584,0,1
56012,Rock2-85-F,2,2,2,3,0.5150967527620877,0.14874906273249328,0,1
56031,Rock2-85-F,2,0,2,0,0.9660099255152997,0.005165174144742105,1,0
56035,Rock2-85-F,2,2,2,3,0.45779550328513674,0.18044207852131078,0,1
56048,Rock2-85-F,2,0,2,0,0.9810616117738451,0.0028445360896871105,1,0
56099,Rock2-85-F,2,0,0,1,0.508064568613401,0.20831260949683492,0,1
56104,Rock2-85-F,2,0,1,0,0.7912697111721743,0.1691732462886216,1,0
56105,Rock2-85-F,2,3,4,3,0.6287994243247284,0.21388708247422566,1,0
56106,Rock2-85-F,2,0,1,0,0.6934386563194381,0.29084276157084576,1,0
56118,Rock2-85-F,2,0,2,0,0.9210955885006681,0.02499418882401824,1,0
56142,Rock2-85-F,2,2,2,0,0.4674259674645301,0.16675755073253865,0,1
56204,Rock2-85-F,2,1,2,1,0.802823015125039,0.11524225255468926,1,0
56227,Rock2-85-F,2,0,1,0,0.9090803786044511,0.08112011054011795,1,0
56306,Rock2-85-F,2,1,1,0,0.7587917468883224,0.19490594246887913,0,1
56330,Rock2-85-F,2,1,2,1,0.6848331318869655,0.17095446812864712,1,0
62103,Funk1-114-Ab,2,3,3,0,0.4907006494823051,0.0659593999596179,0,1
62123,Funk1-114-Ab,2,1,1,0,0.6898856434106795,0.27237877644880987,0,1
62128,Funk1-114-Ab,2,0,2,0,0.75978362284745,0.08522568977304988,1,0
62167,Funk1-114-Ab,2,3,4,3,0.4846091839310194,0.1784778347345051,1,0
62170,Funk1-114-Ab,2,3,2,1,0.5817871794566553,0.07297926861886937,0,0
62184,Funk1-114-Ab,2,0,2,0,0.8472453076003312,0.005153830420249179,1,0
62218,Funk1-114-Ab,2,1,1,0,0.5903805994838656,0.2917060259282953,0,1
62237,Funk1-114-Ab,2,2,3,2,0.51904933758271,0.22688271505366409,1,0
62244,Funk1-114-Ab,2,1,1,0,0.8168670139229511,0.15122579542270168,0,1
62258,Funk1-114-Ab,2,3,4,5,0.4982303504789709,0.12433985233216381,0,0
62271,Funk1-114-Ab,2,0,1,0,0.5680433257665426,0.24557927487648626,1,0
62272,Funk1-114-Ab,2,2,2,1,0.41455902829710356,0.15219866359381032,0,1
62280,Funk1-114-Ab,2,3,2,4,0.5233757572804826,0.22115026667343682,0,0
62284,Funk1-114-Ab,2,3,4,3,0.4261607583975767,0.15981532538851234,1,0
62294,Funk1-114-Ab,2,3,2,3,0.45858120542506176,0.18439889970677975,1,0
62296,Funk1-114-Ab,2,1,1,0,0.5843599462065837,0.19759943134216315,0,1
62302,Funk1-114-Ab,2,3,4,3,0.5390379696907296,0.1849069980373156,1,0
62308,Funk1-114-Ab,2,1,1,0,0.7070062688599771,0.20235792188090984,0,1
62310,Funk1-114-Ab,2,2,3,4,0.5792262861227493,0.2312090675073446,0,0
62324,Funk1-114-Ab,2,3,4,3,0.52125409260739,0.05780648084198102,1,0
62363,Funk1-114-Ab,2,2,4,2,0.43405053916938363,0.15812812330988235,1,0
62380,Funk1-114-Ab,2,3,3,4,0.4474558375472214,0.110188241373346,0,1
62383,Funk1-114-Ab,2,0,5,0,0.8689657109347475,0.0006311080175897152,1,0
62386,Funk1-114-Ab,2,1,1,0,0.8005691947241659,0.1669378716229423,0,1
62397,Funk1-114-Ab,2,0,1,0,0.5570979700186239,0.2787229401512829,1,0
62424,Funk1-114-Ab,2,1,0,1,0.783654925057041,0.16369986944623344,1,0
62426,Funk1-114-Ab,2,0,1,0,0.6371688646802872,0.3505569308626,1,0
62460,Funk1-114-Ab,2,1,1,0,0.9281334231312078,0.062160040584307456,0,1
62486,Funk1-114-Ab,2,0,1,0,0.8973271071755522,0.09200389397099956,1,0
62528,Funk1-114-Ab,2,0,2,1,0.7506848948165104,0.007657524385233421,0,0
62531,Funk1-114-Ab,2,2,0,1,0.7476953915583996,0.16578924185822827,0,0
62536,Funk1-114-Ab,2,1,0,1,0.782002719628536,0.21170409139626215,1,0
62557,Funk1-114-Ab,2,1,2,0,0.5440526115832672,0.019937623706436442,0,0
65488,Jazz1-200-B,2,4,2,3,0.6516740667825389,0.21658976261527346,0,0
65507,Jazz1-200-B,2,1,4,2,0.3901711924221954,0.018032447697276854,0,0
65513,Jazz1-200-B,2,1,3,1,0.45567131971627184,0.1177483453652382,1,0
65521,Jazz1-200-B,2,0,2,1,0.7263212673966477,0.12173684687197907,0,0
65526,Jazz1-200-B,2,1,1,0,0.8876613052834328,0.10747924257335008,0,1
65527,Jazz1-200-B,2,0,0,1,0.44020579862752707,0.10182884971064855,0,1
65532,Jazz1-200-B,2,0,1,0,0.9132123654702262,0.08110030777250661,1,0
65533,Jazz1-200-B,2,2,4,3,0.4576044245687476,0.02746906656772073,0,0
65538,Jazz1-200-B,2,2,2,1,0.5431126355605029,0.07574022932786782,0,1
65542,Jazz1-200-B,2,1,2,1,0.5956522814534698,0.3366617752820087,1,0
65544,Jazz1-200-B,2,0,4,1,0.44401697568955684,0.05756691757333756,0,0
65545,Jazz1-200-B,2,0,2,0,0.5220219430834678,0.06701203665809194,1,0
65549,Jazz1-200-B,2,0,0,1,0.39564703150066716,0.09854854384413948,0,1
65556,Jazz1-200-B,2,3,2,1,0.5968338084313572,0.2643496389730875,0,0
65559,Jazz1-200-B,2,0,2,1,0.648083299560755,0.23038862283072276,0,0
65562,Jazz1-200-B,2,0,0,1,0.429723515033815,0.14797668832648744,0,1
65570,Jazz1-200-B,2,1,4,3,0.4463829661051597,0.1532518168180315,0,0
65592,Jazz1-200-B,2,2,4,3,0.6640389297737139,0.110014618831966,0,0
65612,Jazz1-200-B,2,1,2,1,0.9219478885195681,0.03817916431220058,1,0
65623,Jazz1-200-B,2,0,2,1,0.5908954628531026,0.25034135730503543,0,0
65627,Jazz1-200-B,2,0,4,2,0.4073371515550932,0.06683645682600711,0,0
65635,Jazz1-200-B,2,0,2,0,0.8864456199139146,0.01805664348691175,1,0
65646,Jazz1-200-B,2,3,4,3,0.4273786296973324,0.06836215760916035,1,0
65659,Jazz1-200-B,2,0,2,1,0.6428717361841947,0.18623145412395553,0,0
65681,Jazz1-200-B,2,0,1,0,0.7777923533033251,0.2121012385108008,1,0
65683,Jazz1-200-B,2,0,2,3,0.5955184612807195,0.21844267239549364,0,0
65758,Jazz1-200-B,2,0,1,0,0.6675618919924723,0.3276532032702042,1,0
65773,Jazz1-200-B,2,1,0,1,0.6414589307317451,0.33874050072333006,1,0
65816,Jazz2-110-Bb,2,0,1,0,0.9678288524349684,0.028648611639423508,1,0
65986,Jazz2-110-Bb,2,4,4,2,0.3867335347068085,0.07900249397511197,0,1
65989,Jazz2-110-Bb,2,4,4,3,0.5580690854376883,0.1783560135692233,0,1
66025,Jazz2-110-Bb,2,0,1,0,0.9762932364133733,0.020043038427882187,1,0
66080,Jazz2-110-Bb,2,4,4,3,0.400140216910834,0.061406856461139775,0,1
66083,Jazz2-110-Bb,2,4,4,3,0.46828950361864413,0.11483741034169334,0,1
66116,Jazz2-110-Bb,2,0,1,0,0.7857248802760936,0.1976971687337816,1,0
66117,Jazz2-110-Bb,2,3,3,4,0.39045340825147795,0.12840479390298895,0,1
66157,Jazz2-110-Bb,2,3,4,3,0.3963646012681518,0.0936928960424559,1,0
66243,Jazz2-110-Bb,2,1,0,1,0.9659433145767706,0.019932359408220805,1,0
66276,Jazz2-110-Bb,2,1,0,1,0.9221692850717106,0.06536293143033917,1,0
66364,Jazz2-110-Bb,2,1,2,1,0.9136751165323425,0.037177643025856445,1,0
67644,Rock1-130-A,2,2,1,2,0.3941088965014441,0.07949488577039376,1,0
67690,Rock1-130-A,2,0,1,0,0.6142173974504733,0.3417748674131268,1,0
67697,Rock1-130-A,2,0,1,0,0.9209550776657641,0.07052886700915169,1,0
67702,Rock1-130-A,2,0,1,0,0.647225524619403,0.3337932046112097,1,0
67750,Rock1-130-A,2,1,2,3,0.49157850972049716,0.2281309883704295,0,0
67763,Rock1-130-A,2,3,2,3,0.49718622649225336,0.155300268330555,1,0
67778,Rock1-130-A,2,1,1,0,0.6618783610496382,0.290911439517464,0,1
67781,Rock1-130-A,2,3,2,3,0.5490654430355821,0.15957843500322044,1,0
67932,Rock1-130-A,2,2,2,1,0.6161355473852334,0.2202305749359137,0,1
67942,Rock1-130-A,2,0,0,1,0.5795975914290457,0.32668865053525425,0,1
67967,Rock1-130-A,2,2,2,3,0.5669143113697954,0.29225079733084497,0,1
68032,Rock1-130-A,2,1,0,1,0.6495193142749622,0.3111671736916905,1,0
68090,Rock1-130-A,2,2,3,1,0.4793855498946939,0.06438277362784058,0,0
68095,Rock1-130-A,2,2,3,1,0.4457661879054505,0.09728526087684074,0,0
68108,Rock1-130-A,2,1,1,0,0.7491596500767796,0.24011735663560071,0,1
68111,Rock1-130-A,2,1,1,0,0.7342555109232469,0.2533076763609071,0,1
68118,Rock1-130-A,2,0,1,0,0.7865352477403238,0.1993651799780841,1,0
68123,Rock1-130-A,2,1,1,0,0.6855973907255619,0.2945058999889832,0,1
68130,Rock1-130-A,2,0,0,1,0.9100402973845962,0.07798809461280894,0,1
69527,Rock2-85-F,2,1,4,2,0.3730934686392247,0.09992854522629321,0,0
69547,Rock2-85-F,2,1,1,3,0.45520305642195075,0.0739490992598904,0,1
69562,Rock2-85-F,2,0,1,0,0.9708459686949047,0.02496411507409004,1,0
69571,Rock2-85-F,2,1,3,1,0.4281655635606867,0.13015192167236853,1,0
69578,Rock2-85-F,2,1,2,1,0.5538370883887727,0.1592185604192185,1,0
69628,Rock2-85-F,2,0,1,0,0.8750050397076873,0.11599821710304196,1,0
69640,Rock2-85-F,2,1,1,3,0.5063006424245652,0.0723337227410045,0,1
69722,Rock2-85-F,2,0,1,0,0.6244201311807008,0.34698559403436713,1,0
69748,Rock2-85-F,2,1,2,1,0.49865353731931356,0.24726945610604062,1,0
69757,Rock2-85-F,2,1,2,3,0.5103766523317487,0.07645992586337047,0,0
69808,Rock2-85-F,2,1,2,1,0.6739711186372932,0.2446906838353253,1,0
69814,Rock2-85-F,2,0,0,1,0.550886620717316,0.15130255239640444,0,1
69817,Rock2-85-F,2,1,3,2,0.5665045491305128,0.16031690551058872,0,0
69852,Rock2-85-F,2,1,2,1,0.7798206311800485,0.03614737162357897,1,0
69883,Rock2-85-F,2,1,4,3,0.6161634925949703,0.06943514857433913,0,0
69891,Rock2-85-F,2,1,0,1,0.3926241506451194,0.0663594612372637,1,0
69893,Rock2-85-F,2,1,1,3,0.40869323296402715,0.06233229095738581,0,1
69895,Rock2-85-F,2,1,4,1,0.4511173932909682,0.024805829408923112,1,0
69902,Rock2-85-F,2,1,4,2,0.3473845838261204,0.09467036173596607,0,0
69942,Rock2-85-F,2,1,2,3,0.5304867412387451,0.23073367673288875,0,0
69955,Rock2-85-F,2,1,4,1,0.5894926316808132,0.02539011690991117,1,0
69977,Rock2-85-F,2,1,5,2,0.35826167598685715,0.001693343721327113,0,0
69984,Rock2-85-F,2,0,2,1,0.5392496138511006,0.05288431377377396,0,0
69990,Rock2-85-F,2,1,2,3,0.63012664365383,0.21613426314012357,0,0
70015,Rock2-85-F,2,0,1,0,0.9571610729692368,0.028789806458878964,1,0
70042,Rock2-85-F,2,1,1,3,0.4286571191493701,0.17062860005177774,0,1
70126,Rock2-85-F,2,0,1,0,0.8776266479214025,0.10947948295741561,1,0
70132,Rock2-85-F,2,1,0,1,0.6783208627513054,0.23277565447853768,1,0
70142,Rock2-85-F,2,1,0,1,0.8450444482922838,0.09077967351752612,1,0
70147,Rock2-85-F,2,1,0,1,0.62139557572434,0.35883480188003575,1,0
70152,Rock2-85-F,2,0,1,0,0.6671172671055675,0.3144894007815292,1,0
70155,Rock2-85-F,2,1,0,1,0.6681580043025551,0.04848256180999272,1,0
70232,Rock2-85-F,2,0,1,0,0.6221717878831876,0.36217969463799343,1,0
70236,Rock2-85-F,2,1,0,1,0.7390319649370498,0.11562020373714753,1,0
70255,Rock2-85-F,2,0,0,1,0.6363873616651039,0.3514335490826849,0,1
70263,Rock2-85-F,2,0,0,1,0.7639263041079819,0.17687181117128328,0,1
2149,Funk2-108-Eb,4,0,2,0,0.4869124983876559,0.10518604796936332,1,0
2157,Funk2-108-Eb,4,3,2,1,0.7600689286120137,0.14409558383254856,0,0
2166,Funk2-108-Eb,4,4,5,3,0.5614563829566188,0.16581975916927866,0,0
2180,Funk2-108-Eb,4,3,2,1,0.7275705375627212,0.2284236030470095,0,0
2182,Funk2-108-Eb,4,2,2,3,0.5922565974721553,0.2266562819407046,0,1
2186,Funk2-108-Eb,4,0,2,0,0.9841956898830102,0.0014658763403290484,1,0
2214,Funk2-108-Eb,4,5,5,4,0.443213285783623,0.1618214074997003,0,1
2221,Funk2-108-Eb,4,4,4,2,0.6366568756935327,0.1100943197101619,0,1
2224,Funk2-108-Eb,4,5,4,3,0.5629537828920905,0.08594259333121557,0,0
2239,Funk2-108-Eb,4,2,2,1,0.7689731461694636,0.07250719800886055,0,1
2269,Funk2-108-Eb,4,4,2,3,0.3783627111350226,0.09660141648950715,0,0
2314,Funk2-108-Eb,4,0,2,0,0.45997923541751345,0.08798063531054927,1,0
2332,Funk2-108-Eb,4,5,5,4,0.5224076253712983,0.01819021556001403,0,1
2343,Funk2-108-Eb,4,2,0,1,0.5818189411722978,0.25126688727623114,0,0
2372,Funk2-108-Eb,4,4,2,1,0.6294712420917122,0.15383632944781345,0,0
2373,Funk2-108-Eb,4,1,1,0,0.647061368064659,0.3335390925905648,0,1
2379,Funk2-108-Eb,4,1,2,0,0.7879321812665221,0.011627204019281662,0,0
2396,Funk2-108-Eb,4,3,2,1,0.8759928359546489,0.012516395588271263,0,0
2402,Funk2-108-Eb,4,3,2,1,0.6700322400523678,0.16568026770957311,0,0
2412,Funk2-108-Eb,4,5,2,5,0.39305671340871,0.13470999805279826,1,0
2418,Funk2-108-Eb,4,4,2,1,0.5299913114367735,0.17531138922146655,0,0
2420,Funk2-108-Eb,4,1,2,0,0.8259563880601792,0.01699328873744863,0,0
2421,Funk2-108-Eb,4,3,3,2,0.6243842765689733,0.13593151327790412,0,1
2428,Funk2-108-Eb,4,4,2,3,0.6164931165188081,0.15567036061224404,0,0
2430,Funk2-108-Eb,4,0,2,0,0.9685515791567681,0.0039693777155029785,1,0
2445,Funk2-108-Eb,4,0,2,0,0.9050834672578966,0.003761900604103852,1,0
2450,Funk2-108-Eb,4,0,2,0,0.5204152389127876,0.03472508623328971,1,0
2453,Funk2-108-Eb,4,0,2,0,0.9187679581899227,0.020498309917767032,1,0
2463,Funk2-108-Eb,4,0,2,0,0.9853045696865557,0.0013204793546921611,1,0
2474,Funk2-108-Eb,4,3,4,3,0.5875034980293875,0.1701072522664705,1,0
2490,Funk2-108-Eb,4,2,2,3,0.5031681105268995,0.23242969842249991,0,1
2526,Funk2-108-Eb,4,0,1,0,0.8699170672706776,0.11499455059983581,1,0
2544,Funk2-108-Eb,4,0,1,0,0.8810190666407334,0.11296954711692556,1,0
2566,Funk2-108-Eb,4,0,2,1,0.837715430856042,0.06201000896462519,0,0
2589,Funk2-108-Eb,4,2,0,1,0.49674785203273364,0.10552697895498657,0,0
2596,Funk2-108-Eb,4,0,2,0,0.7812809834303299,0.032904753501983464,1,0
2601,Funk2-108-Eb,4,5,5,3,0.5101060233700383,0.06296061358739836,0,1
2619,Funk2-108-Eb,4,1,3,1,0.5307914163833399,0.05935711178656759,1,0
2621,Funk2-108-Eb,4,0,2,0,0.8694839145511056,0.04227700297667512,1,0
2623,Funk2-108-Eb,4,0,2,1,0.4456238557410346,0.14561392121665365,0,0
2625,Funk2-108-Eb,4,4,3,2,0.7071086275060693,0.1617666968528025,0,0
2629,Funk2-108-Eb,4,2,2,1,0.5578200413739057,0.22799619121800133,0,1
2634,Funk2-108-Eb,4,2,2,3,0.5132859442645181,0.22107500747026587,0,1
2650,Funk2-108-Eb,4,2,2,1,0.5620719620426343,0.21811433352247156,0,1
2651,Funk2-108-Eb,4,2,2,1,0.5790667673758065,0.12992999675201203,0,1
2668,Funk2-108-Eb,4,3,2,1,0.721179887497016,0.17994674993557064,0,0
2670,Funk2-108-Eb,4,3,2,1,0.8686306548767708,0.09054890816092646,0,0
2672,Funk2-108-Eb,4,4,2,1,0.4925172870659737,0.1832344968860551,0,0
2674,Funk2-108-Eb,4,5,5,3,0.43476615518694256,0.09101270367939661,0,1
2680,Funk2-108-Eb,4,4,2,1,0.7295643678595075,0.13198991202973942,0,0
2683,Funk2-108-Eb,4,2,0,1,0.5698326023755741,0.31281908387609436,0,0
2684,Funk2-108-Eb,4,4,2,3,0.5701126299587823,0.09373463458312709,0,0
2687,Funk2-108-Eb,4,1,2,1,0.47094440122868375,0.11723037261712184,1,0
2691,Funk2-108-Eb,4,3,2,1,0.4731755534271523,0.1579044853028135,0,0
2719,Funk2-108-Eb,4,1,2,1,0.5563728364424722,0.08428290151323865,1,0
2724,Funk2-108-Eb,4,1,2,1,0.9304716385388297,0.030801505529328418,1,0
2727,Funk2-108-Eb,4,1,1,2,0.6010917966833571,0.25846987001979604,0,1
2740,Funk2-108-Eb,4,1,0,1,0.6189389317789356,0.33540937118044184,1,0
2756,Funk2-108-Eb,4,2,1,2,0.6348193869472397,0.25123790293888504,1,0
2773,Funk2-108-Eb,4,2,2,1,0.6577615518006176,0.07435942025160604,0,1
2786,Funk2-108-Eb,4,0,1,0,0.6433303771323571,0.34473650063867073,1,0
2811,Funk2-108-Eb,4,0,0,1,0.8713867250259083,0.1037844596322022,0,1
2829,Funk2-108-Eb,4,1,2,1,0.8728392050397906,0.0879481894660493,1,0
2850,Funk2-108-Eb,4,1,0,1,0.6019633484055565,0.2852863054830136,1,0
2856,Funk2-108-Eb,4,1,2,1,0.8832979165238322,0.05879481964321678,1,0
2867,Funk2-108-Eb,4,0,1,0,0.6112446010941888,0.3607835646019563,1,0
5070,Jazz1-130-D,4,0,0,1,0.5113744937123802,0.22689329521401663,0,1
5102,Jazz1-130-D,4,4,3,4,0.640422329040233,0.17482673356418843,1,0
5166,Jazz1-130-D,4,5,3,4,0.4913216350194621,0.10890409057200941,0,0
5207,Jazz1-130-D,4,0,2,0,0.4604278847027202,0.08947187074174012,1,0
5210,Jazz1-130-D,4,1,3,1,0.4326839882636451,0.10674766056427541,1,0
5236,Jazz1-130-D,4,3,2,3,0.40444875449831474,0.08651957684481126,1,0
5237,Jazz1-130-D,4,0,2,1,0.648229654037224,0.09405454257696538,0,0
5295,Jazz1-130-D,4,2,2,0,0.4623285925218786,0.15500082038224747,0,1
5299,Jazz1-130-D,4,3,0,2,0.4252678893487862,0.11379818375149722,0,0
5316,Jazz1-130-D,4,1,2,1,0.4435472794702558,0.10484203942839698,1,0
5338,Jazz1-130-D,4,6,5,3,0.42930054674850454,0.09642605735292137,0,0
5354,Jazz1-130-D,4,3,2,1,0.472827391328287,0.21421334885623947,0,0
5361,Jazz1-130-D,4,4,5,2,0.5672706193525514,0.012524962950059835,0,0
5367,Jazz1-130-D,4,1,0,1,0.5309180792061935,0.23345233419300873,1,0
5406,Jazz1-130-D,4,1,2,1,0.807833983190076,0.05503902372895022,1,0
5418,Jazz1-130-D,4,1,1,3,0.3740578250758206,0.11425387824586733,0,1
5425,Jazz1-130-D,4,0,0,1,0.5670798200812701,0.14851001653287818,0,1
5459,Jazz1-130-D,4,1,0,1,0.6508074636747319,0.27552214880237386,1,0
5460,Jazz1-130-D,4,1,2,1,0.7790700446722857,0.13504862939448906,1,0
5473,Jazz1-130-D,4,1,0,1,0.870797242872164,0.09224608652887535,1,0
5486,Jazz1-130-D,4,1,0,1,0.8835663059566513,0.10532210550093192,1,0
6875,Jazz3-137-Eb,4,4,3,4,0.7383884173128478,0.12597529711384778,1,0
6890,Jazz3-137-Eb,4,3,3,2,0.6074115414982624,0.26517319937559,0,1
6894,Jazz3-137-Eb,4,2,3,2,0.711406260614698,0.18379408950030743,1,0
6913,Jazz3-137-Eb,4,1,2,1,0.5314301474714755,0.23265828542957076,1,0
6951,Jazz3-137-Eb,4,2,2,4,0.4015808110062964,0.14752390405317445,0,1
6975,Jazz3-137-Eb,4,3,3,4,0.5822092287087285,0.21835763549683607,0,1
6979,Jazz3-137-Eb,4,1,2,1,0.5577439511397134,0.14832803994137664,1,0
6981,Jazz3-137-Eb,4,4,4,3,0.5476773412523612,0.29069629063585,0,1
6998,Jazz3-137-Eb,4,5,4,5,0.5349174039302577,0.2831454181874385,1,0
7012,Jazz3-137-Eb,4,1,2,1,0.5519630027384298,0.0577393341372734,1,0
7039,Jazz3-137-Eb,4,1,2,1,0.4768662098990683,0.06829313396224976,1,0
7040,Jazz3-137-Eb,4,2,2,1,0.7047143538219953,0.11488539164767526,0,1
7053,Jazz3-137-Eb,4,3,2,1,0.549243148679068,0.25153674571037327,0,0
7064,Jazz3-137-Eb,4,1,3,2,0.38412715242833967,0.08931531616226134,0,0
7088,Jazz3-137-Eb,4,3,2,3,0.7333575463491271,0.10391737235828509,1,0
7104,Jazz3-137-Eb,4,0,1,0,0.9680698066883949,0.030083408790954277,1,0
7106,Jazz3-137-Eb,4,0,2,1,0.45201573026042363,0.08661896175914825,0,0
7131,Jazz3-137-Eb,4,1,0,1,0.5757957021849491,0.2084490199159315,1,0
7132,Jazz3-137-Eb,4,2,3,2,0.5653816699233696,0.25435867695029934,1,0
7134,Jazz3-137-Eb,4,0,2,0,0.4858631525891697,0.06362279668771625,1,0
7163,Jazz3-137-Eb,4,1,2,1,0.6527720072503289,0.1717555234526229,1,0
7165,Jazz3-137-Eb,4,2,0,2,0.5106091526645001,0.11058263873318763,1,0
7170,Jazz3-137-Eb,4,2,2,1,0.43614471652931625,0.1762843533247187,0,1
7172,Jazz3-137-Eb,4,2,0,1,0.530957683963148,0.21827820711092624,0,0
7177,Jazz3-137-Eb,4,2,3,2,0.49405223333184156,0.08040080072370134,1,0
7197,Jazz3-137-Eb,4,1,2,1,0.5677575089873619,0.1306369833055464,1,0
7199,Jazz3-137-Eb,4,1,2,0,0.8734205394541512,0.0047320584048499825,0,0
7245,Jazz3-137-Eb,4,0,1,0,0.9700769778250342,0.027702298981403733,1,0
7268,Jazz3-137-Eb,4,1,2,1,0.6636658729203971,0.19978181439562864,1,0
7287,Jazz3-137-Eb,4,1,2,1,0.8390757349961244,0.08883481188621052,1,0
7323,Jazz3-137-Eb,4,1,2,1,0.5190043846170993,0.2547478767670295,1,0
7336,Jazz3-137-Eb,4,0,2,1,0.6732554503720765,0.10382942095881378,0,0
7337,Jazz3-137-Eb,4,1,2,1,0.5992071447351561,0.2629786374130948,1,0
7338,Jazz3-137-Eb,4,1,2,1,0.7546051638634678,0.06088371043987983,1,0
7343,Jazz3-137-Eb,4,1,2,1,0.7330228371668298,0.16805241646133914,1,0
7352,Jazz3-137-Eb,4,1,2,1,0.8172442461759652,0.05967496285506343,1,0
7353,Jazz3-137-Eb,4,1,2,1,0.8998490148290277,0.03719489834595717,1,0
8701,Rock1-90-C#,4,4,4,2,0.3706360778808827,0.0698015721039671,0,1
8702,Rock1-90-C#,4,1,2,1,0.6314398250274694,0.18847467465154238,1,0
8711,Rock1-90-C#,4,4,2,1,0.5492788831316165,0.2503721681859433,0,0
8730,Rock1-90-C#,4,4,2,3,0.5533631165916121,0.18487957444267641,0,0
8736,Rock1-90-C#,4,3,2,3,0.5832954372432451,0.166300903357064,1,0
8745,Rock1-90-C#,4,3,3,4,0.5762090025097681,0.2725437767327376,0,1
8749,Rock1-90-C#,4,4,2,3,0.5887790790374061,0.06370221398535217,0,0
8780,Rock1-90-C#,4,0,2,0,0.8929762234972588,0.0060295015861583125,1,0
8788,Rock1-90-C#,4,5,4,5,0.6053707691237196,0.06445712696948545,1,0
8805,Rock1-90-C#,4,0,2,0,0.9443971593739391,0.003908850108951603,1,0
8820,Rock1-90-C#,4,3,3,2,0.4043157667469294,0.08198847297381376,0,1
8834,Rock1-90-C#,4,3,4,3,0.6007340486876935,0.2561940244007409,1,0
8837,Rock1-90-C#,4,4,4,5,0.7044948798899143,0.21433979508303339,0,1
8843,Rock1-90-C#,4,3,0,2,0.4023404586826722,0.032180047602290894,0,0
8844,Rock1-90-C#,4,4,3,4,0.6670055100231447,0.23998454818715925,1,0
8851,Rock1-90-C#,4,3,2,4,0.42122906595591536,0.08594271727461543,0,0
8863,Rock1-90-C#,4,4,3,5,0.7066548770704814,0.14051127064163513,0,0
8910,Rock1-90-C#,4,1,2,0,0.5939369278727679,0.07928298126602987,0,0
8916,Rock1-90-C#,4,4,4,5,0.41615200907073957,0.16006542280571784,0,1
8918,Rock1-90-C#,4,0,2,0,0.9883530015013636,0.0008828949469841806,1,0
8923,Rock1-90-C#,4,0,2,0,0.9877255688882597,0.0009654054240660083,1,0
8925,Rock1-90-C#,4,0,1,0,0.9809000097967329,0.01749283886120872,1,0
8933,Rock1-90-C#,4,3,2,1,0.6200604672319564,0.24946427054714645,0,0
8951,Rock1-90-C#,4,3,2,1,0.5254315985984349,0.2443987704909693,0,0
8954,Rock1-90-C#,4,4,4,1,0.5540804745942803,0.0407154907313635,0,1
8958,Rock1-90-C#,4,1,2,1,0.5737036807862708,0.2035836048128015,1,0
8965,Rock1-90-C#,4,3,3,1,0.5537440064998661,0.07955549956332135,0,1
8976,Rock1-90-C#,4,0,2,0,0.8303275645874262,0.004871128162898048,1,0
9011,Rock1-90-C#,4,0,2,0,0.6169773379308124,0.05914863996369787,1,0
9018,Rock1-90-C#,4,0,2,0,0.7366227288964712,0.05282907590140167,1,0
9029,Rock1-90-C#,4,3,2,1,0.5602112987836272,0.19510919954741243,0,0
9033,Rock1-90-C#,4,3,2,3,0.4127293545264397,0.0851574422276675,1,0
9047,Rock1-90-C#,4,0,2,0,0.8266614985219233,0.00961596558350791,1,0
9055,Rock1-90-C#,4,5,4,5,0.587935072332384,0.16577294079880392,1,0
9058,Rock1-90-C#,4,5,3,5,0.551043572751478,0.12586092363824308,1,0
9072,Rock1-90-C#,4,4,2,3,0.6361967444201415,0.21229979108765393,0,0
9087,Rock1-90-C#,4,1,2,0,0.6146850343719005,0.09142012423514381,0,0
9122,Rock1-90-C#,4,5,3,5,0.5791326627082267,0.19360062974188194,1,0
9140,Rock1-90-C#,4,5,4,5,0.3533652378651943,0.10039445989145748,1,0
9143,Rock1-90-C#,4,0,2,0,0.9776677361470228,0.0012908275442850442,1,0
9173,Rock1-90-C#,4,1,2,0,0.5710815743203281,0.1061698877519856,0,0
9180,Rock1-90-C#,4,6,2,5,0.445050697093069,0.1649894632064956,0,0
9189,Rock1-90-C#,4,0,2,0,0.8201281072814193,0.04184694552043513,1,0
9191,Rock1-90-C#,4,5,2,0,0.6616034100095625,0.09036851718459894,0,0
9194,Rock1-90-C#,4,2,2,1,0.5139802154494085,0.09403067979302512,0,1
9196,Rock1-90-C#,4,6,4,5,0.7194845054074553,0.16967933958075063,0,0
9231,Rock1-90-C#,4,2,0,3,0.3562784151178943,0.06247599326270632,0,0
9238,Rock1-90-C#,4,3,0,3,0.4217788464795356,0.08287669296927908,1,0
9247,Rock1-90-C#,4,3,3,2,0.4538196202194974,0.16305578398501067,0,1
9253,Rock1-90-C#,4,3,3,1,0.4775489692632807,0.13296150506024135,0,1
9273,Rock1-90-C#,4,5,3,2,0.45560663463636125,0.16459664522486717,0,0
9289,Rock1-90-C#,4,2,2,1,0.5018043776000313,0.19008938969260925,0,1
9295,Rock1-90-C#,4,1,2,0,0.6315135726455416,0.014196264480282616,0,0
9296,Rock1-90-C#,4,5,3,2,0.5442943710287367,0.1485572042782334,0,0
9315,Rock1-90-C#,4,1,0,1,0.5854334086261778,0.2487656576233379,1,0
9323,Rock1-90-C#,4,0,0,2,0.4059869345009979,0.08796827896197328,0,1
9326,Rock1-90-C#,4,2,0,1,0.7146269934448769,0.07485131139320335,0,0
9392,Rock1-90-C#,4,2,1,2,0.5226599624472033,0.18602976589399198,1,0
9395,Rock1-90-C#,4,3,0,1,0.6151289066973018,0.16514754947742533,0,0
9398,Rock1-90-C#,4,2,3,5,0.6017738264244263,0.12217624170712219,0,0
9406,Rock1-90-C#,4,2,2,4,0.46341617478787667,0.11410346512953616,0,1
9409,Rock1-90-C#,4,1,2,1,0.5069324317598453,0.08930593554645166,1,0
9419,Rock1-90-C#,4,1,2,4,0.5117518841579409,0.102897888960454,0,0
9446,Rock1-90-C#,4,2,2,1,0.4596513003549026,0.17252768678133504,0,1
9480,Rock1-90-C#,4,0,2,1,0.6089959677058402,0.1759329428506417,0,0
9488,Rock1-90-C#,4,2,2,1,0.9149384651645822,0.061469917981322196,0,1
9498,Rock1-90-C#,4,2,2,3,0.5714667634136401,0.08983341350858223,0,1
9523,Rock1-90-C#,4,0,0,1,0.6970465456667571,0.2056508084969002,0,1
9535,Rock1-90-C#,4,2,4,3,0.576108690902282,0.20292405581415,0,0
9569,Rock1-90-C#,4,0,1,0,0.9762119509400852,0.021914013988564383,1,0
9592,Rock1-90-C#,4,1,2,1,0.7961865049785131,0.18885902290995074,1,0
14099,SS2-107-Ab,4,1,2,1,0.7055228882598914,0.26274697756262233,1,0
14105,SS2-107-Ab,4,1,2,1,0.48637910547520413,0.1804252130738458,1,0
14110,SS2-107-Ab,4,1,2,1,0.6009743033255881,0.2206997909726255,1,0
14149,SS2-107-Ab,4,1,0,2,0.4405225506340948,0.1792774837877616,0,0
14154,SS2-107-Ab,4,1,2,1,0.5251046350353656,0.23405095159651343,1,0
14157,SS2-107-Ab,4,1,2,1,0.6860069065808667,0.16635201568013938,1,0
14160,SS2-107-Ab,4,1,2,1,0.7436448936844408,0.21760987366342854,1,0
14168,SS2-107-Ab,4,1,2,1,0.6947449645114384,0.1552801046645775,1,0
14186,SS2-107-Ab,4,1,0,1,0.4287280641512703,0.1762815896731073,1,0
14191,SS2-107-Ab,4,1,2,1,0.614824235805326,0.21505032665197865,1,0
14198,SS2-107-Ab,4,1,0,1,0.42985036800494575,0.14562220366209194,1,0
14200,SS2-107-Ab,4,1,0,1,0.4647266512203601,0.19968654563947924,1,0
14232,SS2-107-Ab,4,1,2,1,0.46419016990087064,0.18938242484674334,1,0
14238,SS2-107-Ab,4,1,2,1,0.5737740041368184,0.16185269561516324,1,0
14252,SS2-107-Ab,4,0,2,0,0.5131725057847178,0.13546283821937108,1,0
14256,SS2-107-Ab,4,2,2,1,0.5407021273371568,0.2297563545970674,0,1
14269,SS2-107-Ab,4,1,0,2,0.4625366000015307,0.06562251871086054,0,0
14272,SS2-107-Ab,4,1,0,1,0.5688081080352269,0.19041328850742797,1,0
14281,SS2-107-Ab,4,1,0,1,0.578479252436141,0.31471411125731436,1,0
14310,SS2-107-Ab,4,1,2,1,0.561159997573565,0.26056410624616533,1,0
14332,SS2-107-Ab,4,1,2,1,0.6476073787152594,0.2473987943286549,1,0
14342,SS2-107-Ab,4,1,0,1,0.42359288562113945,0.09901447418137362,1,0
14347,SS2-107-Ab,4,0,1,0,0.9551307406600812,0.04168441769949811,1,0
14349,SS2-107-Ab,4,1,2,0,0.5128724284518573,0.09477695834319448,0,0
14353,SS2-107-Ab,4,1,2,1,0.6536494643183902,0.2401293940488028,1,0
14359,SS2-107-Ab,4,1,2,1,0.7541555869666698,0.13417670365479353,1,0
14368,SS2-107-Ab,4,1,2,1,0.5835331429847616,0.21248830897592264,1,0
14373,SS2-107-Ab,4,1,3,1,0.4758976873188816,0.12688866756310072,1,0
14407,SS2-107-Ab,4,0,1,0,0.8668588319635697,0.1278701301449424,1,0
14421,SS2-107-Ab,4,0,2,0,0.978044074525853,0.002668664187583637,1,0
14430,SS2-107-Ab,4,1,2,1,0.5694139567452828,0.2142849321576143,1,0
14436,SS2-107-Ab,4,0,1,0,0.6009483416356263,0.33542632084384605,1,0
14439,SS2-107-Ab,4,1,2,1,0.5406865838554908,0.276241879332234,1,0
14452,SS2-107-Ab,4,1,2,1,0.509731878193133,0.20920789234882747,1,0
14471,SS2-107-Ab,4,1,2,1,0.7109786566760511,0.08706783837207897,1,0
14493,SS2-107-Ab,4,1,0,1,0.4866370828472633,0.19586877207217707,1,0
14498,SS2-107-Ab,4,1,2,1,0.6584751205119752,0.17965719816072084,1,0
14501,SS2-107-Ab,4,1,2,1,0.47645105293188705,0.19414191163380617,1,0
14504,SS2-107-Ab,4,1,2,1,0.6769985252011677,0.11864656684937908,1,0
14530,SS2-107-Ab,4,0,1,0,0.9354726433124949,0.061173827309989506,1,0
14540,SS2-107-Ab,4,1,0,1,0.7708944518775147,0.07616054418108201,1,0
14546,SS2-107-Ab,4,1,2,3,0.5373325040776941,0.20353927236456945,0,0
14551,SS2-107-Ab,4,1,2,1,0.6669761098994849,0.2221377397118171,1,0
14564,SS2-107-Ab,4,1,2,1,0.7669741577121001,0.10404942588807123,1,0
14571,SS2-107-Ab,4,0,2,0,0.793680710175315,0.0211837236744824,1,0
14576,SS2-107-Ab,4,0,2,0,0.47317881815846863,0.11796952728543493,1,0
14584,SS2-107-Ab,4,1,0,1,0.5387547694846199,0.1898617503183901,1,0
14612,SS2-107-Ab,4,1,0,1,0.5033434007007807,0.17697744111843802,1,0
14627,SS2-107-Ab,4,0,2,0,0.4529655284581153,0.14807615289154352,1,0
14631,SS2-107-Ab,4,1,3,1,0.6105540612780616,0.07274046156505098,1,0
14694,SS2-107-Ab,4,0,1,0,0.7223207684204936,0.2459395265510687,1,0
14696,SS2-107-Ab,4,1,2,1,0.6579931436974764,0.1973783601509377,1,0
14702,SS2-107-Ab,4,1,0,1,0.5798873563279282,0.2611654515706473,1,0
14761,SS2-107-Ab,4,0,2,0,0.645445131444021,0.059123757211552296,1,0
14832,SS2-107-Ab,4,2,2,1,0.9420485363010356,0.04113059251008376,0,1
14852,SS2-107-Ab,4,1,2,1,0.6134744351274068,0.22590694270240233,1,0
14882,SS2-107-Ab,4,1,2,1,0.781584178500475,0.0409737670664486,1,0
14887,SS2-107-Ab,4,1,2,1,0.46838330019332014,0.13705771291853855,1,0
14890,SS2-107-Ab,4,1,2,1,0.7208795896537934,0.1040667789110449,1,0
18849,Funk2-108-Eb,4,3,3,4,0.5588986254269765,0.2859266817758838,0,1
18871,Funk2-108-Eb,4,2,2,3,0.5528921793530884,0.21672518683150221,0,1
18889,Funk2-108-Eb,4,0,2,1,0.600427772504744,0.155704994631359,0,0
18899,Funk2-108-Eb,4,4,4,3,0.4504666672708398,0.16436443214665328,0,1
18910,Funk2-108-Eb,4,4,3,1,0.44963264505050093,0.129692715087018,0,0
18916,Funk2-108-Eb,4,3,3,0,0.6968224478826509,0.03365299928501637,0,1
18945,Funk2-108-Eb,4,0,2,1,0.5066205597867875,0.17786512510298022,0,0
18951,Funk2-108-Eb,4,0,2,0,0.541945348047939,0.11015695925317204,1,0
18952,Funk2-108-Eb,4,3,4,3,0.6658833342427517,0.21559244771269095,1,0
18957,Funk2-108-Eb,4,1,2,0,0.6605104887008794,0.08729323275955217,0,0
18959,Funk2-108-Eb,4,4,5,3,0.4309282790615135,0.11505829471779701,0,0
18961,Funk2-108-Eb,4,1,2,1,0.554589044996011,0.17030808375671538,1,0
18963,Funk2-108-Eb,4,3,2,0,0.4485628758261771,0.16645624122996328,0,0
18969,Funk2-108-Eb,4,2,3,2,0.6506921916325082,0.1741693979564326,1,0
18985,Funk2-108-Eb,4,3,3,2,0.600738957724462,0.12927605413837992,0,1
19007,Funk2-108-Eb,4,2,2,1,0.5252020014626838,0.2072702326157525,0,1
19043,Funk2-108-Eb,4,1,3,2,0.7450688866868005,0.1184223769909065,0,0
19048,Funk2-108-Eb,4,2,2,1,0.5732034466717663,0.27064186060374623,0,1
19050,Funk2-108-Eb,4,1,2,1,0.6049307323016363,0.07147317396849821,1,0
19053,Funk2-108-Eb,4,2,4,2,0.5241782959988011,0.2099405049893595,1,0
19056,Funk2-108-Eb,4,0,2,0,0.8870197997739183,0.006616074396588971,1,0
19072,Funk2-108-Eb,4,2,3,4,0.4710888246298448,0.1693918118922986,0,0
19086,Funk2-108-Eb,4,0,3,0,0.7375071202107223,0.0032854771930263147,1,0
19090,Funk2-108-Eb,4,0,2,0,0.619995464174302,0.0727805361892969,1,0
19092,Funk2-108-Eb,4,0,2,0,0.7778693333126934,0.04002376979300706,1,0
19097,Funk2-108-Eb,4,1,2,0,0.6713186891761385,0.09756485987568739,0,0
19098,Funk2-108-Eb,4,3,5,3,0.5497954361706198,0.02171257399969886,1,0
19099,Funk2-108-Eb,4,1,2,1,0.45410811242527516,0.1808018179131028,1,0
19107,Funk2-108-Eb,4,4,4,3,0.6155225626975889,0.19482068708632705,0,1
19116,Funk2-108-Eb,4,0,2,0,0.46509821016524916,0.07234264784960837,1,0
19134,Funk2-108-Eb,4,3,2,3,0.5625332189213164,0.13152318237672692,1,0
19152,Funk2-108-Eb,4,0,2,0,0.7788715545007986,0.013625756208616346,1,0
19170,Funk2-108-Eb,4,3,2,3,0.5172460823951476,0.08103430823773344,1,0
19173,Funk2-108-Eb,4,1,2,1,0.49090058949107296,0.08251911168298706,1,0
19191,Funk2-108-Eb,4,0,1,0,0.9457808907274661,0.05149262028021149,1,0
19209,Funk2-108-Eb,4,0,1,0,0.8854690997779254,0.1118629468743827,1,0
19211,Funk2-108-Eb,4,0,1,0,0.8362799933352352,0.15808529419584866,1,0
19224,Funk2-108-Eb,4,1,0,1,0.8066552413654443,0.16577009944449933,1,0
19235,Funk2-108-Eb,4,0,0,1,0.6806432521996945,0.3088094769375162,0,1
19260,Funk2-108-Eb,4,1,1,0,0.6606928939102324,0.32226649390404755,0,1
19266,Funk2-108-Eb,4,2,2,1,0.6061067904300749,0.3418226141444852,0,1
19269,Funk2-108-Eb,4,1,2,1,0.9308237285821834,0.04141820226913194,1,0
19299,Funk2-108-Eb,4,1,2,1,0.6282488866530755,0.02265823562241371,1,0
19313,Funk2-108-Eb,4,0,1,0,0.9526324812868268,0.0425233762275486,1,0
19332,Funk2-108-Eb,4,1,2,1,0.6087953335328112,0.22644085087637283,1,0
19333,Funk2-108-Eb,4,2,2,1,0.6776779548298884,0.25236906031211537,0,1
19374,Funk2-108-Eb,4,1,0,1,0.661008577627307,0.29470700070673467,1,0
19376,Funk2-108-Eb,4,0,1,0,0.8769969754682099,0.11876663191383403,1,0
19396,Funk2-108-Eb,4,0,1,0,0.6438990392607973,0.3471791920975771,1,0
19408,Funk2-108-Eb,4,2,0,1,0.7329537318392084,0.2597359515841627,0,0
19437,Funk2-108-Eb,4,0,1,0,0.8886512407638594,0.10801672424498517,1,0
19443,Funk2-108-Eb,4,1,2,1,0.6787846602443015,0.2884108833870405,1,0
19452,Funk2-108-Eb,4,1,0,1,0.773041571412588,0.13144520216406258,1,0
19454,Funk2-108-Eb,4,1,2,1,0.7416790533061429,0.09026048274221245,1,0
19461,Funk2-108-Eb,4,0,1,0,0.7163641756674796,0.26241763291062936,1,0
21392,Jazz1-130-D,4,2,3,2,0.6003439699784685,0.3403687101489784,1,0
21413,Jazz1-130-D,4,2,3,2,0.5729186070905091,0.2885784274024192,1,0
21415,Jazz1-130-D,4,2,3,2,0.6525797699858071,0.14890159350692572,1,0
21416,Jazz1-130-D,4,2,3,2,0.5632541319083181,0.0904225716581875,1,0
21418,Jazz1-130-D,4,0,1,0,0.8001087591249032,0.19262857597593822,1,0
21429,Jazz1-130-D,4,2,2,1,0.8374384667109073,0.07066132852045216,0,1
21434,Jazz1-130-D,4,2,3,2,0.5527531763022177,0.09803263647744226,1,0
21447,Jazz1-130-D,4,1,2,1,0.5976460149160728,0.11318860810788521,1,0
21477,Jazz1-130-D,4,2,2,1,0.6909855392706061,0.23601406006168077,0,1
21487,Jazz1-130-D,4,1,1,0,0.5840803260125366,0.32874372748580627,0,1
21490,Jazz1-130-D,4,2,3,2,0.7224744131943153,0.07985786193316323,1,0
21491,Jazz1-130-D,4,1,0,1,0.49305431252063187,0.09903288363334403,1,0
21497,Jazz1-130-D,4,2,3,1,0.5509514197379198,0.08943447523525595,0,0
21528,Jazz1-130-D,4,1,1,0,0.6477432193464214,0.341245700736887,0,1
21529,Jazz1-130-D,4,2,3,1,0.9251335709830563,0.014190112690702182,0,0
21532,Jazz1-130-D,4,1,0,1,0.6585021895380313,0.139482276200111,1,0
21538,Jazz1-130-D,4,2,2,1,0.759088259201674,0.08764530026987645,0,1
21565,Jazz1-130-D,4,0,2,1,0.5064602614952244,0.08083149101743359,0,0
21591,Jazz1-130-D,4,1,1,0,0.6491525468957858,0.3427287355644856,0,1
21598,Jazz1-130-D,4,0,2,0,0.7846249117439135,0.03470466496280871,1,0
21601,Jazz1-130-D,4,1,0,1,0.7825469929610627,0.20566541471238278,1,0
21613,Jazz1-130-D,4,1,0,1,0.8500568822077144,0.14307384922986874,1,0
21632,Jazz1-130-D,4,1,2,1,0.9175801744341627,0.07203686681346122,1,0
21678,Jazz1-130-D,4,0,1,0,0.8678448382908525,0.1257662664192584,1,0
21687,Jazz1-130-D,4,1,2,1,0.9423306560480175,0.02866927839384917,1,0
23102,Jazz3-137-Eb,4,0,2,0,0.4513143829771351,0.18183974652788826,1,0
23104,Jazz3-137-Eb,4,2,3,2,0.5297407752246859,0.2658805717795972,1,0
23114,Jazz3-137-Eb,4,0,2,0,0.7219702869089101,0.02568652742304944,1,0
23125,Jazz3-137-Eb,4,0,2,0,0.6147856827823514,0.14114355298158948,1,0
23147,Jazz3-137-Eb,4,1,3,0,0.6449055481792357,0.003736560543825152,0,0
23149,Jazz3-137-Eb,4,0,0,1,0.6993407550782902,0.1505935430177494,0,1
23152,Jazz3-137-Eb,4,2,1,2,0.5441825329639594,0.1621358415438971,1,0
23153,Jazz3-137-Eb,4,0,1,0,0.8550886234749475,0.1370566641245281,1,0
23155,Jazz3-137-Eb,4,1,1,0,0.6771495405472228,0.29436832092696735,0,1
23181,Jazz3-137-Eb,4,2,2,4,0.42385073839938353,0.15744607299836177,0,1
23225,Jazz3-137-Eb,4,1,2,0,0.5511429105604605,0.16935606072495996,0,0
23232,Jazz3-137-Eb,4,1,2,0,0.5517475229744059,0.10592297636358294,0,0
23248,Jazz3-137-Eb,4,1,2,0,0.597245451915251,0.06044016299341513,0,0
23264,Jazz3-137-Eb,4,4,3,4,0.5696077815570186,0.311112777359795,1,0
23286,Jazz3-137-Eb,4,0,1,0,0.8343251770895826,0.15149647177752792,1,0
23302,Jazz3-137-Eb,4,0,2,0,0.7509121322123599,0.07403354136293898,1,0
23328,Jazz3-137-Eb,4,2,2,1,0.5041109394671345,0.14257423541374267,0,1
23338,Jazz3-137-Eb,4,1,2,0,0.8068065328358618,0.0299975441874302,0,0
23361,Jazz3-137-Eb,4,1,2,1,0.586631053906193,0.19296755535526042,1,0
23362,Jazz3-137-Eb,4,2,2,0,0.5480374538730859,0.11495579209410536,0,1
23363,Jazz3-137-Eb,4,2,0,1,0.5557072321566107,0.10451710248949146,0,0
23398,Jazz3-137-Eb,4,1,2,1,0.7963919477204968,0.06863464208536525,1,0
23404,Jazz3-137-Eb,4,1,0,1,0.7737736771866376,0.1921132404965945,1,0
23417,Jazz3-137-Eb,4,1,2,1,0.9286714528907173,0.03821132122003544,1,0
23443,Jazz3-137-Eb,4,1,0,1,0.798757280492633,0.18487106337230988,1,0
24497,Rock1-90-C#,4,4,3,4,0.7420611717171378,0.1962923441486427,1,0
24513,Rock1-90-C#,4,1,3,2,0.501564363818415,0.1431346679394949,0,0
24542,Rock1-90-C#,4,2,2,1,0.4140598010467786,0.1429333300492865,0,1
24550,Rock1-90-C#,4,1,2,1,0.6463799025153635,0.08060586446604676,1,0
24615,Rock1-90-C#,4,2,4,5,0.581117621011692,0.17234117886530964,0,0
24710,Rock1-90-C#,4,4,2,3,0.6357905946859473,0.22054837072408986,0,0
24718,Rock1-90-C#,4,1,1,0,0.6894807211794072,0.29146486386832715,0,1
24726,Rock1-90-C#,4,5,4,3,0.4970034200350423,0.21802539006374563,0,0
24769,Rock1-90-C#,4,0,2,0,0.9937723957691165,0.0005914208431944113,1,0
24816,Rock1-90-C#,4,4,5,3,0.408985195899065,0.03770083133089856,0,0
24837,Rock1-90-C#,4,1,2,0,0.4702069550989135,0.06293415626901705,0,0
24854,Rock1-90-C#,4,4,4,5,0.6498861293484666,0.16751490307993405,0,1
24868,Rock1-90-C#,4,0,2,0,0.983413312439592,0.0008579764049250634,1,0
24884,Rock1-90-C#,4,4,4,5,0.5235323831604095,0.19753195148941258,0,1
24885,Rock1-90-C#,4,0,2,1,0.5343623908879261,0.051399610569379174,0,0
24886,Rock1-90-C#,4,0,2,0,0.9945910725668134,0.0006350653913284623,1,0
24899,Rock1-90-C#,4,0,2,1,0.4869870910916173,0.22740568478994477,0,0
24906,Rock1-90-C#,4,4,4,3,0.4576985440929762,0.15521653774270674,0,1
24907,Rock1-90-C#,4,0,2,1,0.556106594900755,0.06769083261570237,0,0
24922,Rock1-90-C#,4,0,2,1,0.5186152965242302,0.1094064964477963,0,0
24929,Rock1-90-C#,4,4,4,3,0.5540473413385185,0.23231043233395013,0,1
24943,Rock1-90-C#,4,0,1,0,0.7641667009837426,0.22306321207174853,1,0
24944,Rock1-90-C#,4,4,4,3,0.5672746126955653,0.13881564626033108,0,1
24948,Rock1-90-C#,4,2,2,1,0.5883927375449637,0.10855833293776555,0,1
24968,Rock1-90-C#,4,1,2,0,0.5715760702344874,0.02486372022137478,0,0
24976,Rock1-90-C#,4,5,4,5,0.5366058207318837,0.1731307781294484,1,0
25023,Rock1-90-C#,4,2,2,1,0.49731710849349237,0.1779403365873597,0,1
25034,Rock1-90-C#,4,4,4,3,0.5096362207664729,0.21657618919958696,0,1
25035,Rock1-90-C#,4,2,2,1,0.5312965723040497,0.1357508826270913,0,1
25052,Rock1-90-C#,4,1,2,0,0.5253101466036728,0.034336398334412176,0,0
25055,Rock1-90-C#,4,1,2,1,0.5222129143400346,0.08957179948492094,1,0
25063,Rock1-90-C#,4,3,3,4,0.6341479428831948,0.3100743517518077,0,1
25078,Rock1-90-C#,4,2,3,2,0.5728962270451005,0.10453459021556233,1,0
25086,Rock1-90-C#,4,4,4,3,0.5265700210447797,0.1444167597107066,0,1
25095,Rock1-90-C#,4,0,1,0,0.9527093279756329,0.0448317236810452,1,0
25115,Rock1-90-C#,4,3,0,2,0.4455692264019374,0.14169256541673134,0,0
25160,Rock1-90-C#,4,4,4,3,0.6478580496429327,0.11467954317456372,0,1
25178,Rock1-90-C#,4,1,2,1,0.973522721292291,0.008846025982679261,1,0
25180,Rock1-90-C#,4,0,0,1,0.8313709879882132,0.16293297258614975,0,1
25189,Rock1-90-C#,4,1,2,1,0.8725952738186752,0.018989980266440526,1,0
25196,Rock1-90-C#,4,1,2,1,0.9655927286652832,0.013032602138466177,1,0
25229,Rock1-90-C#,4,1,2,1,0.976982038006614,0.013395020250679662,1,0
25231,Rock1-90-C#,4,1,2,1,0.8249314384980864,0.12308771761602016,1,0
25241,Rock1-90-C#,4,1,0,1,0.7748530728830676,0.21692266651794723,1,0
25254,Rock1-90-C#,4,0,1,0,0.6508767617811922,0.3366007388482507,1,0
25256,Rock1-90-C#,4,1,0,1,0.9311785725552099,0.0605854210286498,1,0
25289,Rock1-90-C#,4,1,0,1,0.8864251441230262,0.10335764955037612,1,0
25318,Rock1-90-C#,4,1,2,1,0.83615803303555,0.11717655560812593,1,0
25329,Rock1-90-C#,4,1,2,1,0.790659634774135,0.18509073205769822,1,0
29655,SS2-107-Ab,4,2,2,3,0.6350445437364681,0.18818432764591242,0,1
29674,SS2-107-Ab,4,3,3,4,0.5108635737781396,0.15916760807389216,0,1
29679,SS2-107-Ab,4,1,2,1,0.6958693262826936,0.14287323053848733,1,0
29704,SS2-107-Ab,4,0,1,0,0.7618508899189225,0.1934086828579323,1,0
29710,SS2-107-Ab,4,1,2,0,0.44349732629046146,0.16272730348519157,0,0
29720,SS2-107-Ab,4,4,4,3,0.47161740062103724,0.12914466806465902,0,1
29763,SS2-107-Ab,4,1,2,1,0.5170866443735329,0.17791599215936665,1,0
29764,SS2-107-Ab,4,1,2,3,0.5468258960224455,0.17184588933867925,0,0
29778,SS2-107-Ab,4,0,2,0,0.8041553757178778,0.015284369492148583,1,0
29786,SS2-107-Ab,4,4,3,5,0.6207061986760449,0.07609347579106092,0,0
29818,SS2-107-Ab,4,1,2,0,0.5414881113461846,0.1774563105959325,0,0
29821,SS2-107-Ab,4,1,2,0,0.6094241283286573,0.03624761242404661,0,0
29823,SS2-107-Ab,4,1,2,0,0.5181702511462858,0.11980368632606583,0,0
29829,SS2-107-Ab,4,0,2,0,0.7716283063597534,0.01449923007738679,1,0
29843,SS2-107-Ab,4,1,2,0,0.6020112872585621,0.06435025302299582,0,0
29864,SS2-107-Ab,4,0,2,0,0.7368102917081965,0.0852384663798042,1,0
29901,SS2-107-Ab,4,1,1,0,0.7273116225864685,0.19628135749849573,0,1
29943,SS2-107-Ab,4,0,1,0,0.9164052524578258,0.07786780860708992,1,0
29954,SS2-107-Ab,4,0,2,1,0.4649800107260076,0.17165284699841654,0,0
29955,SS2-107-Ab,4,1,3,2,0.6239620737859495,0.08939600427840293,0,0
29957,SS2-107-Ab,4,1,2,0,0.633230967686573,0.08070733247683447,0,0
29961,SS2-107-Ab,4,3,4,2,0.4221098834882102,0.11790726639433108,0,0
29965,SS2-107-Ab,4,0,2,0,0.5626950443202218,0.04365910472122259,1,0
29973,SS2-107-Ab,4,0,2,0,0.7112056126503202,0.048875855334403535,1,0
29991,SS2-107-Ab,4,0,2,0,0.8017440871222461,0.03734088613341929,1,0
29994,SS2-107-Ab,4,1,2,0,0.6096478188397858,0.07416115260467131,0,0
30002,SS2-107-Ab,4,0,1,0,0.951661382993775,0.04523918635839472,1,0
30013,SS2-107-Ab,4,1,2,0,0.5497140705481429,0.197698096046325,0,0
30015,SS2-107-Ab,4,1,2,0,0.7768899591818134,0.073325685495076,0,0
30017,SS2-107-Ab,4,0,1,0,0.7337907427545893,0.2383161398769963,1,0
30038,SS2-107-Ab,4,1,1,0,0.6505236073489236,0.2536234225565286,0,1
30055,SS2-107-Ab,4,1,2,1,0.8286167377877045,0.02208241381536606,1,0
30085,SS2-107-Ab,4,1,2,1,0.8959300149326994,0.08233668272864138,1,0
30108,SS2-107-Ab,4,1,2,1,0.5704514333841203,0.13275790564487086,1,0
30111,SS2-107-Ab,4,1,3,1,0.43786630715747277,0.05903993284069853,1,0
30121,SS2-107-Ab,4,0,2,1,0.5730772721092253,0.17210748245199306,0,0
30122,SS2-107-Ab,4,1,1,0,0.6245601926800144,0.36186808966944906,0,1
30174,SS2-107-Ab,4,1,1,0,0.6915023816979669,0.28976586115106057,0,1
30212,SS2-107-Ab,4,1,2,1,0.802895270369106,0.13117434861421157,1,0
30213,SS2-107-Ab,4,1,0,1,0.6954743456379324,0.16545555723296995,1,0
30217,SS2-107-Ab,4,1,0,1,0.7153532853003063,0.14155112608297793,1,0
30221,SS2-107-Ab,4,0,2,0,0.8449904946649796,0.03105314672996225,1,0
30224,SS2-107-Ab,4,1,1,2,0.5389275654923666,0.19848419405568732,0,1
30233,SS2-107-Ab,4,1,1,0,0.6999116509638621,0.2859804618994365,0,1
30237,SS2-107-Ab,4,1,1,0,0.6678349044163658,0.31168104811900427,0,1
30246,SS2-107-Ab,4,0,1,0,0.8877293616666443,0.10134308273062526,1,0
30279,SS2-107-Ab,4,0,1,0,0.7358830056080118,0.20609474906426056,1,0
30283,SS2-107-Ab,4,0,2,1,0.66195317536885,0.12979741394960426,0,0
30295,SS2-107-Ab,4,2,3,2,0.6238200960274608,0.19857970919334514,1,0
30296,SS2-107-Ab,4,1,1,0,0.9215447203572514,0.07076987240190558,0,1
30301,SS2-107-Ab,4,2,2,1,0.942119847746703,0.04617386469211792,0,1
30316,SS2-107-Ab,4,1,2,0,0.557373150454768,0.007324447144734423,0,0
30317,SS2-107-Ab,4,0,2,1,0.7320562076992055,0.08592027512955071,0,0
30349,SS2-107-Ab,4,1,2,0,0.4723652810051548,0.0763813552482122,0,0
30359,SS2-107-Ab,4,1,2,1,0.7635076916288221,0.1760844393074764,1,0
30369,SS2-107-Ab,4,2,2,1,0.6352451896114947,0.24632294591571213,0,1
30376,SS2-107-Ab,4,1,2,1,0.6702585573311877,0.12645261299540578,1,0
30448,SS2-107-Ab,4,1,1,0,0.6358605948864251,0.3392207565617354,0,1
30458,SS2-107-Ab,4,1,1,0,0.6795583096637149,0.30100780545877504,0,1
30460,SS2-107-Ab,4,2,2,1,0.5178281280524039,0.19257480618898462,0,1
30462,SS2-107-Ab,4,1,1,0,0.6728030274756153,0.309671318702982,0,1
30465,SS2-107-Ab,4,2,3,2,0.4344690487332592,0.06557892429062408,1,0
30471,SS2-107-Ab,4,2,3,2,0.7013449956131212,0.16410532519529847,1,0
30474,SS2-107-Ab,4,1,3,1,0.5251374086954624,0.056755632736866526,1,0
30476,SS2-107-Ab,4,2,2,1,0.500344037783282,0.11573517298613804,0,1
34401,Funk2-108-Eb,4,3,2,1,0.5528177575285284,0.14365289624007477,0,0
34420,Funk2-108-Eb,4,3,3,2,0.7553520776670656,0.0997101125967434,0,1
34426,Funk2-108-Eb,4,2,2,1,0.5313473395175861,0.18237745291044327,0,1
34433,Funk2-108-Eb,4,1,3,1,0.7406691173506869,0.06687566871277947,1,0
34450,Funk2-108-Eb,4,3,2,1,0.5457290745033807,0.18325566757053674,0,0
34456,Funk2-108-Eb,4,3,3,2,0.6231005454615898,0.11412081085127458,0,1
34479,Funk2-108-Eb,4,0,0,1,0.7026087515110188,0.2652135985942065,0,1
34480,Funk2-108-Eb,4,0,2,1,0.5149237959805856,0.18227238183573047,0,0
34483,Funk2-108-Eb,4,3,3,2,0.6412128313639855,0.1586387479972697,0,1
34484,Funk2-108-Eb,4,0,1,0,0.9710053592406798,0.0257531024570281,1,0
34503,Funk2-108-Eb,4,1,2,1,0.7548801040734969,0.1383565822743208,1,0
34519,Funk2-108-Eb,4,1,2,1,0.705093012797783,0.18567417495559693,1,0
34532,Funk2-108-Eb,4,2,3,2,0.5752261963287234,0.18198253689120927,1,0
34546,Funk2-108-Eb,4,4,4,3,0.5357222736085667,0.21619386925792564,0,1
34568,Funk2-108-Eb,4,1,0,1,0.6818504978770082,0.20840735518505996,1,0
34581,Funk2-108-Eb,4,1,2,1,0.6372859449406881,0.0284797216717967,1,0
34586,Funk2-108-Eb,4,1,0,1,0.7753564416736057,0.17689554579856767,1,0
34601,Funk2-108-Eb,4,3,2,1,0.5392110049932235,0.22721017655374928,0,0
34660,Funk2-108-Eb,4,1,2,1,0.7005219470003615,0.11966002209658262,1,0
34681,Funk2-108-Eb,4,2,2,1,0.651088440337921,0.1369221221910366,0,1
34691,Funk2-108-Eb,4,0,2,1,0.48669465161709463,0.22551197869408826,0,0
34699,Funk2-108-Eb,4,2,0,1,0.6883100643881197,0.08796348429808759,0,0
34710,Funk2-108-Eb,4,0,2,0,0.5349886151757183,0.11683447543614382,1,0
34719,Funk2-108-Eb,4,2,3,4,0.5746074641233824,0.15913744257723722,0,0
34739,Funk2-108-Eb,4,2,3,2,0.6357182593237457,0.14903801859017635,1,0
34754,Funk2-108-Eb,4,0,1,0,0.6884451704475525,0.2844173156991478,1,0
34756,Funk2-108-Eb,4,3,3,2,0.47115002402018363,0.19827125368578177,0,1
34764,Funk2-108-Eb,4,3,3,2,0.5591174303085563,0.17678086255828662,0,1
34790,Funk2-108-Eb,4,1,2,1,0.8801059284676038,0.054363690153402554,1,0
34791,Funk2-108-Eb,4,1,0,1,0.7264397203616515,0.2126542164901495,1,0
34797,Funk2-108-Eb,4,2,2,1,0.5328274504910294,0.1281418675348597,0,1
34798,Funk2-108-Eb,4,3,2,1,0.8039142862998362,0.12443845641327314,0,0
34799,Funk2-108-Eb,4,3,4,2,0.4677216703800583,0.026434148048021508,0,0
34802,Funk2-108-Eb,4,1,0,1,0.7230015044162941,0.16011422871179717,1,0
34807,Funk2-108-Eb,4,2,3,2,0.6903341156156914,0.10035896899937156,1,0
34809,Funk2-108-Eb,4,1,0,1,0.7611537755124332,0.21311686862395243,1,0
34842,Funk2-108-Eb,4,1,2,1,0.9244086356015416,0.04054825072286071,1,0
34854,Funk2-108-Eb,4,1,1,0,0.716028350906823,0.27219810985933585,0,1
36751,Jazz1-130-D,4,1,0,1,0.6517927364084588,0.2502461472411147,1,0
36753,Jazz1-130-D,4,3,2,1,0.5624861949847716,0.23825596315729267,0,0
36792,Jazz1-130-D,4,2,2,1,0.6089717228173375,0.21830406198086016,0,1
36807,Jazz1-130-D,4,4,2,3,0.5819670442500661,0.14508223441532944,0,0
36814,Jazz1-130-D,4,2,2,1,0.4616068492084677,0.12449405551917435,0,1
36831,Jazz1-130-D,4,2,2,1,0.5275384369635447,0.04664649684392663,0,1
36851,Jazz1-130-D,4,2,1,2,0.5174005139589766,0.09492849828563989,1,0
36855,Jazz1-130-D,4,4,4,3,0.5179710461510887,0.18817562402034188,0,1
36890,Jazz1-130-D,4,0,0,1,0.7373059170741703,0.20539805956604057,0,1
36914,Jazz1-130-D,4,2,0,1,0.5700180484885046,0.2319299954345192,0,0
36920,Jazz1-130-D,4,2,0,1,0.6347626641870543,0.12446369616366973,0,0
36941,Jazz1-130-D,4,2,2,1,0.7300543203707296,0.11568747469948758,0,1
36979,Jazz1-130-D,4,3,2,3,0.4639774843830115,0.19882957814320404,1,0
37015,Jazz1-130-D,4,0,1,0,0.9821022127656339,0.016204978754429136,1,0
37022,Jazz1-130-D,4,1,0,1,0.49720099046664024,0.11932731672571702,1,0
37046,Jazz1-130-D,4,1,0,1,0.5959655737530025,0.3317262755194054,1,0
37048,Jazz1-130-D,4,1,1,2,0.5922894372978836,0.3172291647109344,0,1
37062,Jazz1-130-D,4,1,2,1,0.6566332214488484,0.282113258398447,1,0
37064,Jazz1-130-D,4,1,0,1,0.6241027192245459,0.12546019769793246,1,0
37065,Jazz1-130-D,4,0,2,1,0.4627431335681293,0.16551658276840667,0,0
37105,Jazz1-130-D,4,1,1,2,0.6254036413881073,0.2753005569812183,0,1
37110,Jazz1-130-D,4,0,1,0,0.7757975079383518,0.2121406884585205,1,0
37114,Jazz1-130-D,4,1,0,2,0.3645301952009222,0.09512790557748271,0,0
37120,Jazz1-130-D,4,0,0,1,0.6876121701560886,0.26083887565672736,0,1
37122,Jazz1-130-D,4,0,2,1,0.5060728593653822,0.1359936738749594,0,0
37124,Jazz1-130-D,4,2,2,1,0.6877567018823668,0.2446327101739969,0,1
37137,Jazz1-130-D,4,1,3,1,0.7847081231212417,0.05997642848786811,1,0
37139,Jazz1-130-D,4,0,0,1,0.6189615494833196,0.23123288826293315,0,1
37145,Jazz1-130-D,4,1,2,1,0.8302803771597804,0.09187926886414212,1,0
37158,Jazz1-130-D,4,1,1,2,0.7181868578597894,0.20774033321002588,0,1
37159,Jazz1-130-D,4,1,2,1,0.6412755767830711,0.05693687420303226,1,0
37160,Jazz1-130-D,4,1,2,0,0.7270648537253971,0.03455998098345435,0,0
37166,Jazz1-130-D,4,1,1,2,0.7621813034209791,0.04766179532713097,0,1
37170,Jazz1-130-D,4,1,2,1,0.9233564889492772,0.03629583717599669,1,0
38662,Jazz3-137-Eb,4,1,2,1,0.7954911557455102,0.0785909594240434,1,0
38680,Jazz3-137-Eb,4,1,0,1,0.5601358062206693,0.20953496093821386,1,0
38683,Jazz3-137-Eb,4,1,0,1,0.6206196814969117,0.1866990775409497,1,0
38693,Jazz3-137-Eb,4,0,2,1,0.488658480466385,0.09152999648158466,0,0
38705,Jazz3-137-Eb,4,0,2,0,0.6027535694954148,0.08651825336399993,1,0
38720,Jazz3-137-Eb,4,0,2,0,0.48389799812619827,0.13817761315753546,1,0
38729,Jazz3-137-Eb,4,3,2,3,0.5057419983814069,0.18323649011708887,1,0
38753,Jazz3-137-Eb,4,1,2,1,0.5200628385215231,0.26700122792484676,1,0
38754,Jazz3-137-Eb,4,1,2,1,0.5975478231322883,0.18719986197639432,1,0
38760,Jazz3-137-Eb,4,2,2,1,0.6200545609351915,0.15377627981855155,0,1
38761,Jazz3-137-Eb,4,1,2,1,0.6545122958355801,0.2098908060222053,1,0
38764,Jazz3-137-Eb,4,4,1,2,0.486854855652552,0.22050962894409562,0,0
38770,Jazz3-137-Eb,4,2,2,1,0.5094175622905135,0.23746737804785195,0,1
38772,Jazz3-137-Eb,4,1,3,1,0.5698246417851534,0.09367944319672107,1,0
38777,Jazz3-137-Eb,4,2,2,1,0.7107929768421175,0.21246248543518365,0,1
38808,Jazz3-137-Eb,4,2,3,2,0.39694122768789514,0.13487872141605028,1,0
38833,Jazz3-137-Eb,4,1,2,1,0.5918083536490961,0.14761170532652135,1,0
38837,Jazz3-137-Eb,4,1,1,0,0.7497834616207488,0.23391754251856686,0,1
38850,Jazz3-137-Eb,4,1,2,1,0.562234286561158,0.1994640559653244,1,0
38867,Jazz3-137-Eb,4,1,2,1,0.7000585107799684,0.13277798219831713,1,0
38868,Jazz3-137-Eb,4,2,2,1,0.7655021598543232,0.08876267126529569,0,1
38874,Jazz3-137-Eb,4,1,2,1,0.6823454915629232,0.19910720579323013,1,0
38899,Jazz3-137-Eb,4,3,3,2,0.46563450531697825,0.12860106828817086,0,1
38900,Jazz3-137-Eb,4,0,0,1,0.6145472694109881,0.21104803585965293,0,1
38914,Jazz3-137-Eb,4,1,2,1,0.5850416438595354,0.28237318475861267,1,0
38937,Jazz3-137-Eb,4,0,0,1,0.4431110617433818,0.1685369295015419,0,1
38950,Jazz3-137-Eb,4,1,2,1,0.7600046049686738,0.08160519722839678,1,0
38951,Jazz3-137-Eb,4,1,2,1,0.5329724470532093,0.2814144035693606,1,0
38982,Jazz3-137-Eb,4,1,2,1,0.9076681224755533,0.05145153111228451,1,0
39007,Jazz3-137-Eb,4,1,0,1,0.8247539107762486,0.12126383608118531,1,0
40326,Rock1-90-C#,4,2,3,2,0.5340062753202993,0.24987098285417952,1,0
40340,Rock1-90-C#,4,1,2,1,0.5383650521230131,0.250331160450872,1,0
40344,Rock1-90-C#,4,1,2,1,0.5075888777416523,0.1447557655685465,1,0
40351,Rock1-90-C#,4,1,2,1,0.5300224251625492,0.15700171583249956,1,0
40355,Rock1-90-C#,4,1,0,1,0.6932360250928007,0.16866739411939033,1,0
40356,Rock1-90-C#,4,1,0,1,0.7860771122550484,0.13362597052773753,1,0
40365,Rock1-90-C#,4,1,2,1,0.4127029086799789,0.11795790600290318,1,0
40366,Rock1-90-C#,4,1,2,1,0.5495515022446079,0.1697594768457434,1,0
40384,Rock1-90-C#,4,1,0,1,0.5787054506101379,0.1728190879049789,1,0
40417,Rock1-90-C#,4,1,0,1,0.5312944186096471,0.18402272810879425,1,0
40429,Rock1-90-C#,4,3,3,4,0.4817252913015736,0.176768518773782,0,1
40432,Rock1-90-C#,4,1,0,1,0.584233658399104,0.3106482757926532,1,0
40436,Rock1-90-C#,4,1,2,1,0.6411213336808439,0.08928358380088172,1,0
40440,Rock1-90-C#,4,1,2,1,0.5145164912548416,0.10277668873798838,1,0
40534,Rock1-90-C#,4,1,2,1,0.49432094875885885,0.07201319172410273,1,0
40543,Rock1-90-C#,4,1,2,1,0.7336803669255618,0.11440999246454236,1,0
40589,Rock1-90-C#,4,2,0,1,0.5671781596364682,0.29847616953508566,0,0
40605,Rock1-90-C#,4,1,3,2,0.5478121393677897,0.2663690592128766,0,0
40665,Rock1-90-C#,4,0,0,2,0.3666183972916945,0.07142793352055714,0,1
40666,Rock1-90-C#,4,4,2,3,0.5768744573960067,0.23123242897091117,0,0
40669,Rock1-90-C#,4,1,0,1,0.6771037705271261,0.22585953705930922,1,0
40681,Rock1-90-C#,4,4,3,4,0.6860794752740053,0.25989233685004215,1,0
40718,Rock1-90-C#,4,0,1,0,0.9400723704419429,0.056705680883290394,1,0
40872,Rock1-90-C#,4,2,3,2,0.605883759842576,0.2680717686125031,1,0
44720,SS2-107-Ab,4,1,2,1,0.5660973150210464,0.08669844188878338,1,0
44751,SS2-107-Ab,4,3,3,2,0.6466668186267227,0.20816557891192364,0,1
44767,SS2-107-Ab,4,1,2,3,0.494955135599098,0.1975403685580497,0,0
44806,SS2-107-Ab,4,0,2,1,0.5131546882390207,0.13031759381734995,0,0
44808,SS2-107-Ab,4,3,3,2,0.5258551076583737,0.22393347518083526,0,1
44825,SS2-107-Ab,4,2,2,1,0.5853166408424887,0.16030122339128816,0,1
44834,SS2-107-Ab,4,3,3,2,0.4113440711513992,0.10754136070384282,0,1
44843,SS2-107-Ab,4,1,3,2,0.4137575794864999,0.11382534376311498,0,0
44845,SS2-107-Ab,4,0,1,0,0.8850467148090975,0.10874246699768973,1,0
44847,SS2-107-Ab,4,1,2,1,0.6122238659253124,0.16342706294059423,1,0
44857,SS2-107-Ab,4,2,2,1,0.5210223052286385,0.2648919596719513,0,1
44877,SS2-107-Ab,4,0,2,0,0.6985810657522511,0.01783108165280557,1,0
44879,SS2-107-Ab,4,2,2,0,0.5887787934856362,0.05779228233509597,0,1
44884,SS2-107-Ab,4,1,2,1,0.5897303805583791,0.19598333688243688,1,0
45005,SS2-107-Ab,4,1,2,1,0.48092164797516107,0.20906315727098246,1,0
45017,SS2-107-Ab,4,1,2,1,0.5061366287057085,0.18136152645507211,1,0
45039,SS2-107-Ab,4,0,3,1,0.518745701608629,0.09754426492430256,0,0
45107,SS2-107-Ab,4,0,1,0,0.6848901257600488,0.2909735653358085,1,0
45125,SS2-107-Ab,4,2,0,1,0.40922102484857975,0.15495918507824738,0,0
45142,SS2-107-Ab,4,1,2,1,0.6439194420578642,0.25607752228152303,1,0
45143,SS2-107-Ab,4,3,1,3,0.5012921273608711,0.11035288219912025,1,0
45158,SS2-107-Ab,4,3,2,3,0.5521923617354703,0.22154376205816873,1,0
45164,SS2-107-Ab,4,0,2,0,0.8280932126711708,0.04246583360598617,1,0
45167,SS2-107-Ab,4,2,0,3,0.40964952904057395,0.10071440236666221,0,0
45210,SS2-107-Ab,4,0,1,0,0.685279484948918,0.2634305203371717,1,0
45220,SS2-107-Ab,4,2,1,2,0.5316062426748247,0.2772499846416895,1,0
45221,SS2-107-Ab,4,0,1,0,0.7421573497750147,0.2305160723579204,1,0
45225,SS2-107-Ab,4,2,3,2,0.5252350464774147,0.27200860975288715,1,0
45251,SS2-107-Ab,4,1,2,1,0.4966902639511302,0.23344741830580487,1,0
45302,SS2-107-Ab,4,0,2,1,0.5370288133514822,0.029770017032158556,0,0
45365,SS2-107-Ab,4,1,0,1,0.7187466092591522,0.2645922276128435,1,0
45510,SS2-107-Ab,4,1,0,1,0.6948031673280353,0.26183890507440327,1,0
49178,Funk2-108-Eb,4,1,3,2,0.4890421182523045,0.16086491453585045,0,0
49222,Funk2-108-Eb,4,4,3,4,0.6461564249049051,0.2517016226018647,1,0
49255,Funk2-108-Eb,4,0,1,0,0.7404322448153045,0.20617819984867777,1,0
49278,Funk2-108-Eb,4,2,3,2,0.7101861829651211,0.0991417825879547,1,0
49305,Funk2-108-Eb,4,1,0,1,0.5319318102823001,0.08921887124381978,1,0
49315,Funk2-108-Eb,4,5,3,4,0.7902390175431734,0.13083561914328898,0,0
49330,Funk2-108-Eb,4,3,2,1,0.7084078318702672,0.1976042643912815,0,0
49333,Funk2-108-Eb,4,1,2,1,0.6409277417764188,0.17792779241866363,1,0
49340,Funk2-108-Eb,4,0,2,0,0.8780055918603847,0.006986359936231266,1,0
49342,Funk2-108-Eb,4,2,2,0,0.7460973969541741,0.06438215392454144,0,1
49362,Funk2-108-Eb,4,1,1,3,0.4323173454291834,0.08449074304110765,0,1
49364,Funk2-108-Eb,4,4,4,3,0.7335010925464202,0.11821418433336754,0,1
49428,Funk2-108-Eb,4,2,2,3,0.6081982405547199,0.17152004385159933,0,1
49440,Funk2-108-Eb,4,0,2,0,0.5927865416905534,0.10302342524932216,1,0
49467,Funk2-108-Eb,4,1,3,0,0.692424353426207,0.014299814421714933,0,0
49478,Funk2-108-Eb,4,0,2,0,0.6518538715083223,0.073479689630027,1,0
49522,Funk2-108-Eb,4,5,3,4,0.6765704184876261,0.2171326341740255,0,0
49532,Funk2-108-Eb,4,2,2,1,0.6701313599650403,0.22214401836680328,0,1
49551,Funk2-108-Eb,4,4,2,4,0.5014993757759253,0.07561459740752584,1,0
49554,Funk2-108-Eb,4,4,2,3,0.4854955743817089,0.19340627273334818,0,0
49558,Funk2-108-Eb,4,5,4,3,0.707458579509651,0.19381082377518702,0,0
49563,Funk2-108-Eb,4,2,0,1,0.5565143603810007,0.14196028022263135,0,0
49566,Funk2-108-Eb,4,1,2,1,0.5554793395812051,0.2673510820047118,1,0
49568,Funk2-108-Eb,4,2,3,2,0.5349194880800678,0.23163498568540689,1,0
49662,Funk2-108-Eb,4,2,2,1,0.6060320681436709,0.11408065637856919,0,1
49696,Funk2-108-Eb,4,1,2,1,0.8653092242015252,0.11981829549556992,1,0
49705,Funk2-108-Eb,4,1,0,1,0.809833218404059,0.16775595425035156,1,0
49717,Funk2-108-Eb,4,1,0,1,0.6120993623736097,0.2765491347376439,1,0
51435,Jazz1-130-D,4,3,3,2,0.718744251308046,0.1067929705558927,0,1
51484,Jazz1-130-D,4,0,2,0,0.9868926754224293,0.0009255255007246996,1,0
51487,Jazz1-130-D,4,0,2,0,0.9887871117349165,0.001255763021786913,1,0
51489,Jazz1-130-D,4,0,2,0,0.9891898352697537,0.0015810713165981427,1,0
51517,Jazz1-130-D,4,1,0,1,0.5880987673254083,0.27135178374280294,1,0
51543,Jazz1-130-D,4,1,2,1,0.5540855800119551,0.09051476718219906,1,0
51598,Jazz1-130-D,4,2,3,2,0.544491969718329,0.1933279945809993,1,0
51607,Jazz1-130-D,4,1,2,1,0.5330198121644064,0.05972123068973955,1,0
51612,Jazz1-130-D,4,1,2,1,0.5684561369550912,0.3006498751085919,1,0
52993,Jazz3-137-Eb,4,0,2,0,0.9634879901611438,0.0017605763320392568,1,0
52995,Jazz3-137-Eb,4,3,4,3,0.5192377395255723,0.21930429467160503,1,0
52999,Jazz3-137-Eb,4,1,1,0,0.8365799591258138,0.15395673336702412,0,1
53024,Jazz3-137-Eb,4,4,3,4,0.6828000809461814,0.2232726808564709,1,0
53055,Jazz3-137-Eb,4,0,1,0,0.843471477498864,0.14906399298110665,1,0
53058,Jazz3-137-Eb,4,4,3,4,0.5867880230694912,0.24428598699849938,1,0
53078,Jazz3-137-Eb,4,0,2,0,0.6332010466999561,0.03671971222668026,1,0
53096,Jazz3-137-Eb,4,0,1,0,0.9151650555527526,0.08059905173233689,1,0
53098,Jazz3-137-Eb,4,0,1,0,0.7549754355549418,0.217564378987991,1,0
53101,Jazz3-137-Eb,4,2,2,1,0.687871355216733,0.2873874402611112,0,1
53116,Jazz3-137-Eb,4,3,2,1,0.5802296984543054,0.16287805558079788,0,0
53117,Jazz3-137-Eb,4,0,2,1,0.5146374672976191,0.08359133433440272,0,0
53127,Jazz3-137-Eb,4,0,2,0,0.9890848133194988,0.0010567188703123616,1,0
53135,Jazz3-137-Eb,4,2,2,1,0.658466135329486,0.1871255402942804,0,1
53176,Jazz3-137-Eb,4,0,2,0,0.9914658294640172,0.0009669871441079575,1,0
53190,Jazz3-137-Eb,4,1,2,1,0.711417072386345,0.11691613409188842,1,0
53259,Jazz3-137-Eb,4,1,2,1,0.9061234218092858,0.04735900163113278,1,0
53262,Jazz3-137-Eb,4,0,2,0,0.5865676356286462,0.0538947334283277,1,0
53285,Jazz3-137-Eb,4,1,2,1,0.9597314428851045,0.026368436319052346,1,0
53288,Jazz3-137-Eb,4,1,0,1,0.7003785869566,0.2794626617955209,1,0
53321,Jazz3-137-Eb,4,1,2,1,0.8292991814547056,0.14403187192089484,1,0
53361,Jazz3-137-Eb,4,1,2,1,0.847333971320628,0.07209340057856142,1,0
54251,Rock1-90-C#,4,1,0,1,0.7238091970540432,0.18773335327503435,1,0
54342,Rock1-90-C#,4,3,2,3,0.5266059567608454,0.17745731747645407,1,0
54348,Rock1-90-C#,4,0,2,0,0.9925061950814549,0.0006995707835033037,1,0
54350,Rock1-90-C#,4,0,2,1,0.5881053580522101,0.249134106571932,0,0
54373,Rock1-90-C#,4,2,3,4,0.5822412315814985,0.1725921357287498,0,0
54385,Rock1-90-C#,4,1,2,1,0.5891063852744075,0.2823008962782563,1,0
54407,Rock1-90-C#,4,0,1,0,0.7250430879863946,0.2640811000913898,1,0
54412,Rock1-90-C#,4,2,4,2,0.5102246745582487,0.05190373922977818,1,0
54420,Rock1-90-C#,4,0,2,0,0.8761619697216776,0.005583519338386153,1,0
54426,Rock1-90-C#,4,2,3,2,0.5034188875483884,0.17813495831518622,1,0
54432,Rock1-90-C#,4,2,2,1,0.5269919707028516,0.06924723230139973,0,1
54454,Rock1-90-C#,4,1,1,0,0.7967519728754487,0.1968501276825585,0,1
54455,Rock1-90-C#,4,2,4,3,0.3995761180826503,0.11841385169156142,0,0
54456,Rock1-90-C#,4,1,2,1,0.5470919974387053,0.14086001544384721,1,0
54464,Rock1-90-C#,4,1,2,0,0.4978732496580347,0.08720160652972199,0,0
54529,Rock1-90-C#,4,0,1,0,0.7791958508180673,0.2129363061719251,1,0
54549,Rock1-90-C#,4,2,0,2,0.5321982594209803,0.08872136424320326,1,0
54589,Rock1-90-C#,4,1,2,1,0.6236946415398599,0.13819395067512585,1,0
54611,Rock1-90-C#,4,3,4,5,0.42338749003001047,0.17095405521143398,0,0
54633,Rock1-90-C#,4,2,2,1,0.5134867806902104,0.08394854763762856,0,1
54635,Rock1-90-C#,4,1,2,0,0.6097916089431566,0.043353438899501974,0,0
54641,Rock1-90-C#,4,0,0,2,0.43213469703252705,0.1003424611481407,0,1
54654,Rock1-90-C#,4,3,4,5,0.5691982052082313,0.3022138552896517,0,0
54663,Rock1-90-C#,4,2,2,3,0.5415104288838485,0.2513580368621955,0,1
54682,Rock1-90-C#,4,2,2,1,0.4972175541433752,0.18127526855273304,0,1
54684,Rock1-90-C#,4,0,1,0,0.7410068104832934,0.2500805551838543,1,0
54690,Rock1-90-C#,4,1,2,1,0.5194044938469469,0.263731993614185,1,0
54691,Rock1-90-C#,4,0,2,0,0.8795797981898342,0.006321629425537294,1,0
54704,Rock1-90-C#,4,0,0,2,0.3964404291573953,0.08146313081440293,0,1
54716,Rock1-90-C#,4,0,1,0,0.9101525899528093,0.08630939352950989,1,0
54739,Rock1-90-C#,4,1,3,2,0.5342211717220353,0.2398544467106806,0,0
54778,Rock1-90-C#,4,0,0,1,0.5096332112357388,0.1932771766551603,0,1
54790,Rock1-90-C#,4,3,3,4,0.5825846766149169,0.2969596825881964,0,1
54809,Rock1-90-C#,4,2,2,1,0.9683494731256128,0.017396901265355796,0,1
54812,Rock1-90-C#,4,1,1,0,0.9539921100310715,0.042665101639204756,0,1
54848,Rock1-90-C#,4,0,0,1,0.7272061974247694,0.265384476049343,0,1
54897,Rock1-90-C#,4,0,1,0,0.7619795021424681,0.22972581675247233,1,0
58356,SS2-107-Ab,4,0,0,1,0.5189584126361421,0.07610559881107994,0,1
58372,SS2-107-Ab,4,1,2,0,0.41856725316880944,0.16429068432373206,0,0
58380,SS2-107-Ab,4,4,3,4,0.6360062626489807,0.21060615649520362,1,0
58385,SS2-107-Ab,4,0,2,0,0.4297912076287605,0.14252197565028818,1,0
58406,SS2-107-Ab,4,0,1,0,0.9300996419728887,0.06596740411253851,1,0
58415,SS2-107-Ab,4,1,3,2,0.3888168509912663,0.05477740959649991,0,0
58495,SS2-107-Ab,4,1,2,1,0.5345464113045055,0.15674215425832047,1,0
58513,SS2-107-Ab,4,0,1,0,0.9618454142985529,0.0345325445702398,1,0
58532,SS2-107-Ab,4,2,3,2,0.5023461611971531,0.15567754931720007,1,0
58540,SS2-107-Ab,4,1,2,1,0.6474228278131365,0.29584490243942807,1,0
58541,SS2-107-Ab,4,1,2,1,0.5660975898103632,0.31181399040928165,1,0
58545,SS2-107-Ab,4,3,3,4,0.47059126855197536,0.08668281491288783,0,1
58546,SS2-107-Ab,4,0,2,0,0.8381988488682702,0.01027277300319443,1,0
58559,SS2-107-Ab,4,1,1,0,0.7006006297624459,0.27282644952480745,0,1
58569,SS2-107-Ab,4,1,2,0,0.5437832971584118,0.09616482843765074,0,0
58593,SS2-107-Ab,4,3,3,2,0.5138420654651088,0.15327382663716896,0,1
58598,SS2-107-Ab,4,0,2,1,0.4977075878938136,0.12241822729717222,0,0
58606,SS2-107-Ab,4,0,2,0,0.9039750940528545,0.012692713620891779,1,0
58624,SS2-107-Ab,4,0,2,0,0.4961184793710996,0.036021127639512325,1,0
58645,SS2-107-Ab,4,2,2,0,0.49460369001514726,0.10867460173768928,0,1
58649,SS2-107-Ab,4,3,4,3,0.5054215456945518,0.22301524969523429,1,0
58654,SS2-107-Ab,4,1,2,0,0.7594385611778491,0.09070754248281555,0,0
58659,SS2-107-Ab,4,1,2,0,0.7076784047396378,0.05813744993352995,0,0
58661,SS2-107-Ab,4,3,3,4,0.5697977053823874,0.07491372591319545,0,1
58676,SS2-107-Ab,4,1,1,0,0.8657091800760333,0.12362085679191763,0,1
58677,SS2-107-Ab,4,0,2,1,0.5636641336527061,0.22209783601091612,0,0
58678,SS2-107-Ab,4,2,3,2,0.6840234480253893,0.14831973022080414,1,0
58756,SS2-107-Ab,4,1,0,2,0.4457350241156244,0.09390431718821969,0,0
58791,SS2-107-Ab,4,2,3,2,0.36107635085912615,0.09945880890208866,1,0
58814,SS2-107-Ab,4,2,2,3,0.6427074042731326,0.0890726583759865,0,1
58819,SS2-107-Ab,4,0,2,0,0.8558490254620156,0.035735626773641296,1,0
58826,SS2-107-Ab,4,1,2,1,0.6172930903686314,0.22967650618509516,1,0
58838,SS2-107-Ab,4,0,1,0,0.8778603611858441,0.1084433015633283,1,0
58855,SS2-107-Ab,4,2,2,0,0.6894936454916922,0.10783806709306604,0,1
58858,SS2-107-Ab,4,0,2,0,0.5975888548658777,0.02209734272127822,1,0
58879,SS2-107-Ab,4,0,2,0,0.6131879426655515,0.09325165347812442,1,0
58885,SS2-107-Ab,4,0,2,0,0.850524793372634,0.016947681459095944,1,0
58886,SS2-107-Ab,4,3,2,3,0.504556387776809,0.2325733117944496,1,0
58889,SS2-107-Ab,4,3,2,3,0.48122356864669574,0.16255629230153368,1,0
58892,SS2-107-Ab,4,1,3,2,0.3762385420605039,0.07720715124627997,0,0
58893,SS2-107-Ab,4,0,2,0,0.6751210599459578,0.0667874735813458,1,0
58898,SS2-107-Ab,4,1,2,0,0.6304350433471819,0.055817748041396185,0,0
58903,SS2-107-Ab,4,5,3,4,0.5861286307235035,0.16591310243755428,0,0
58910,SS2-107-Ab,4,2,3,2,0.44932555697241755,0.16286400735145076,1,0
58912,SS2-107-Ab,4,1,2,0,0.6872730372959237,0.069403719009891,0,0
58920,SS2-107-Ab,4,1,2,0,0.5727736200824919,0.11185899679325985,0,0
58921,SS2-107-Ab,4,2,2,3,0.6353051172164,0.1432114294245489,0,1
58931,SS2-107-Ab,4,0,1,0,0.764825631696892,0.18542644506902703,1,0
58939,SS2-107-Ab,4,0,0,1,0.8151180885802392,0.149479304770894,0,1
58986,SS2-107-Ab,4,1,2,1,0.8167294641164778,0.15688835839654786,1,0
58998,SS2-107-Ab,4,1,2,1,0.5448486093756385,0.11942229037560209,1,0
59078,SS2-107-Ab,4,1,0,1,0.6625376407093349,0.2663137937388442,1,0
59089,SS2-107-Ab,4,0,0,1,0.5496737849273586,0.29163521772450857,0,1
59090,SS2-107-Ab,4,1,2,1,0.7006795984724049,0.1216931218301453,1,0
62573,Funk2-108-Eb,4,4,3,4,0.7248654871338585,0.17037679566780248,1,0
62574,Funk2-108-Eb,4,0,1,0,0.6696972695563269,0.3170554197077229,1,0
62577,Funk2-108-Eb,4,1,0,1,0.5848563709680387,0.33037532231977035,1,0
62582,Funk2-108-Eb,4,2,2,1,0.559619322900821,0.2214249309118744,0,1
62590,Funk2-108-Eb,4,1,2,1,0.4855694175223477,0.1873907387632653,1,0
62604,Funk2-108-Eb,4,3,2,1,0.5295022515814001,0.26340397090286427,0,0
62616,Funk2-108-Eb,4,0,2,0,0.5437489435917339,0.11507620686445234,1,0
62627,Funk2-108-Eb,4,0,1,0,0.6292702839213722,0.2945483043499733,1,0
62631,Funk2-108-Eb,4,0,1,0,0.8633517971510073,0.12897860816862247,1,0
62636,Funk2-108-Eb,4,2,2,1,0.5628192160634087,0.2869894122335397,0,1
62647,Funk2-108-Eb,4,0,1,0,0.6799708659923867,0.2963501029215946,1,0
62666,Funk2-108-Eb,4,1,2,1,0.7622186384974298,0.07064678416794072,1,0
62667,Funk2-108-Eb,4,0,2,0,0.6956495617607025,0.027923032471437202,1,0
62682,Funk2-108-Eb,4,1,2,1,0.4253393542690042,0.15060426847948316,1,0
62687,Funk2-108-Eb,4,3,3,4,0.5497679853449531,0.17897545502950954,0,1
62708,Funk2-108-Eb,4,3,2,3,0.5664460338325512,0.12430269959499692,1,0
62713,Funk2-108-Eb,4,0,2,0,0.5978551684837841,0.053136013198579496,1,0
62730,Funk2-108-Eb,4,2,3,2,0.5430598616608634,0.27070707917799786,1,0
62761,Funk2-108-Eb,4,3,2,3,0.6578694355031467,0.1577338587128743,1,0
62763,Funk2-108-Eb,4,2,2,1,0.5251189243944212,0.053234766103601276,0,1
62783,Funk2-108-Eb,4,0,2,1,0.4866446286670462,0.14581895579696214,0,0
62785,Funk2-108-Eb,4,0,1,0,0.9279772559983955,0.06457460229999003,1,0
62786,Funk2-108-Eb,4,3,4,3,0.4834888635655914,0.23301535840142482,1,0
62792,Funk2-108-Eb,4,0,1,0,0.6790069857491103,0.28501750098449113,1,0
62800,Funk2-108-Eb,4,3,0,1,0.6117762365855657,0.2727773975545216,0,0
62801,Funk2-108-Eb,4,0,2,1,0.5181614319442207,0.0448320753644196,0,0
62806,Funk2-108-Eb,4,0,2,0,0.6170328383837403,0.046696319836509965,1,0
62817,Funk2-108-Eb,4,4,4,3,0.5778874860453231,0.30924126663590074,0,1
62840,Funk2-108-Eb,4,2,2,1,0.5648160035611004,0.16098813373016574,0,1
62859,Funk2-108-Eb,4,2,2,1,0.7089957208466678,0.11371569878392625,0,1
62880,Funk2-108-Eb,4,0,1,0,0.7313425804314234,0.2615012549196368,1,0
62881,Funk2-108-Eb,4,3,5,3,0.4565376482672484,0.004566394231362288,1,0
62890,Funk2-108-Eb,4,4,3,2,0.3929730531396836,0.10750718462718517,0,0
62908,Funk2-108-Eb,4,3,2,3,0.7518203756665891,0.0818450191628999,1,0
62916,Funk2-108-Eb,4,0,2,0,0.6004539266157419,0.12823888946126427,1,0
62919,Funk2-108-Eb,4,2,2,0,0.6773881773983271,0.06968386517241118,0,1
62922,Funk2-108-Eb,4,3,3,4,0.5679703156913266,0.2786521891699843,0,1
62923,Funk2-108-Eb,4,0,1,0,0.8280440095527,0.1599565691584919,1,0
62925,Funk2-108-Eb,4,3,0,1,0.47903630028822747,0.14511769972407582,0,0
62928,Funk2-108-Eb,4,1,0,1,0.435853769978295,0.1564260575282837,1,0
62937,Funk2-108-Eb,4,1,2,1,0.687963712363578,0.12164051334429152,1,0
62947,Funk2-108-Eb,4,1,1,0,0.9616333429084299,0.0330895046175001,0,1
62953,Funk2-108-Eb,4,1,0,1,0.7044835817757279,0.2653426830273124,1,0
62957,Funk2-108-Eb,4,0,1,0,0.9691813012515315,0.028022197220861297,1,0
62961,Funk2-108-Eb,4,0,2,1,0.7250972265603995,0.22515311242019584,0,0
62973,Funk2-108-Eb,4,1,1,0,0.976117890332711,0.016901071894327806,0,1
63047,Funk2-108-Eb,4,0,2,0,0.9776433990459291,0.002158001674694752,1,0
63071,Funk2-108-Eb,4,1,2,1,0.9379601319786892,0.02126667491651139,1,0
63127,Funk2-108-Eb,4,1,2,1,0.8731204036594231,0.08694057288679921,1,0
63148,Funk2-108-Eb,4,1,1,0,0.6741296016940559,0.31672127899571606,0,1
65089,Jazz1-130-D,4,3,1,2,0.6234521037911314,0.07105086477415061,0,0
65104,Jazz1-130-D,4,4,3,4,0.5492200395633325,0.28419621093968545,1,0
65110,Jazz1-130-D,4,3,1,2,0.652959726673686,0.2412500274189368,0,0
65130,Jazz1-130-D,4,1,2,1,0.7424155564505793,0.10056410424874457,1,0
65132,Jazz1-130-D,4,0,0,1,0.5605801794889403,0.29312862069492507,0,1
65133,Jazz1-130-D,4,4,2,1,0.5848909691952355,0.17860479887774286,0,0
65174,Jazz1-130-D,4,4,3,1,0.5967413055907946,0.08410705938955322,0,0
65212,Jazz1-130-D,4,4,1,2,0.44898982049248026,0.104573843400831,0,0
65223,Jazz1-130-D,4,1,2,0,0.8381404305933798,0.024335148532614877,0,0
65250,Jazz1-130-D,4,0,1,0,0.7113359822205395,0.23958079269622207,1,0
65273,Jazz1-130-D,4,1,1,0,0.707128258299768,0.23823703696301415,0,1
65315,Jazz1-130-D,4,4,2,3,0.6126159685944151,0.22127621815577372,0,0
65328,Jazz1-130-D,4,1,1,0,0.8005057019245715,0.18437077981850922,0,1
65330,Jazz1-130-D,4,1,2,1,0.535776593300486,0.153696771181498,1,0
65367,Jazz1-130-D,4,3,0,2,0.5341425215079825,0.1521894888930615,0,0
65388,Jazz1-130-D,4,1,2,1,0.9588959420209813,0.03294159050284302,1,0
65408,Jazz1-130-D,4,0,0,1,0.8708756111525079,0.12374420302761861,0,1
65456,Jazz1-130-D,4,1,2,1,0.907701730208333,0.02467200595821875,1,0
65470,Jazz1-130-D,4,1,0,1,0.891892010638437,0.08473785512587088,1,0
66701,Jazz3-137-Eb,4,4,4,2,0.4917313296199575,0.03396441079294534,0,1
66704,Jazz3-137-Eb,4,4,4,2,0.3699872809369513,0.07733606622204645,0,1
66716,Jazz3-137-Eb,4,4,4,1,0.3769929855305366,0.0882022180118118,0,1
66727,Jazz3-137-Eb,4,0,1,0,0.6873875991726603,0.26352887254084145,1,0
66756,Jazz3-137-Eb,4,1,1,0,0.8823466128688657,0.10911852738740625,0,1
66782,Jazz3-137-Eb,4,0,1,0,0.6104649546073978,0.29300325109229514,1,0
66822,Jazz3-137-Eb,4,3,3,2,0.5580399043624947,0.1433480920404555,0,1
66825,Jazz3-137-Eb,4,3,3,4,0.5638787450960733,0.2286437148897111,0,1
66853,Jazz3-137-Eb,4,1,2,1,0.591844854204355,0.05858306766868998,1,0
66859,Jazz3-137-Eb,4,4,3,4,0.7285128297165833,0.18241859217908396,1,0
66872,Jazz3-137-Eb,4,3,4,2,0.5203698750273328,0.22959566111871077,0,0
66880,Jazz3-137-Eb,4,3,3,4,0.6885730905744221,0.18186315676137452,0,1
66926,Jazz3-137-Eb,4,4,4,5,0.5552525715271432,0.18900030914539268,0,1
66991,Jazz3-137-Eb,4,4,4,2,0.4073559846650775,0.08992829939296011,0,1
67002,Jazz3-137-Eb,4,3,3,2,0.4791769447931925,0.20524493574508737,0,1
67011,Jazz3-137-Eb,4,1,2,1,0.5644495869900901,0.09475508627445149,1,0
67081,Jazz3-137-Eb,4,2,2,1,0.8360781948266497,0.1154637903491041,0,1
67139,Jazz3-137-Eb,4,2,3,1,0.4772115059831665,0.05572571767451326,0,0
68194,Rock1-90-C#,4,1,2,1,0.48673129840433293,0.04249374359786785,1,0
68218,Rock1-90-C#,4,0,2,1,0.5947210449422539,0.04660538145553573,0,0
68255,Rock1-90-C#,4,0,2,0,0.6240604914628184,0.006109020120212256,1,0
68276,Rock1-90-C#,4,1,2,1,0.6454495776978894,0.16460626944417753,1,0
68290,Rock1-90-C#,4,0,2,0,0.45609023363176143,0.0828977589859615,1,0
68294,Rock1-90-C#,4,1,2,1,0.7503173514983518,0.17472158110269312,1,0
68295,Rock1-90-C#,4,2,3,2,0.5275330349424465,0.26229118108020993,1,0
68310,Rock1-90-C#,4,1,2,1,0.5727180817576133,0.09684313821604282,1,0
68330,Rock1-90-C#,4,1,0,1,0.5477805622610108,0.13482415349543111,1,0
68338,Rock1-90-C#,4,1,2,1,0.5115962460411513,0.12260811696321793,1,0
68356,Rock1-90-C#,4,0,2,0,0.9911357405965194,0.0008673719938376458,1,0
68373,Rock1-90-C#,4,1,0,1,0.43305654798115895,0.1642489404249953,1,0
68403,Rock1-90-C#,4,3,3,4,0.5947313397765157,0.21584737394450618,0,1
68481,Rock1-90-C#,4,4,3,4,0.5390780877540641,0.28054815979436354,1,0
68516,Rock1-90-C#,4,0,2,0,0.4734757455340358,0.09607879415001158,1,0
68523,Rock1-90-C#,4,1,2,1,0.5451272804630856,0.15374707983295804,1,0
68563,Rock1-90-C#,4,1,2,1,0.4806264004510353,0.15035819306696319,1,0
68574,Rock1-90-C#,4,0,1,0,0.9684465752924808,0.028946871850431585,1,0
68596,Rock1-90-C#,4,2,2,1,0.48175617898001893,0.20574341545031394,0,1
68604,Rock1-90-C#,4,0,2,1,0.5709579598691046,0.1234466457788087,0,0
68607,Rock1-90-C#,4,0,2,0,0.9920568288799673,0.000791702228070582,1,0
68608,Rock1-90-C#,4,0,2,0,0.952477235602801,0.004087700721152992,1,0
68609,Rock1-90-C#,4,0,2,0,0.8468306417155426,0.007713520777835605,1,0
68614,Rock1-90-C#,4,0,2,0,0.9940775044150252,0.0006937139116988031,1,0
68617,Rock1-90-C#,4,2,0,2,0.4181858044105484,0.13511219606453817,1,0
68625,Rock1-90-C#,4,1,2,1,0.6038567116915896,0.24990245788036122,1,0
68628,Rock1-90-C#,4,0,2,1,0.6388338931285231,0.0795921898717742,0,0
68632,Rock1-90-C#,4,0,2,1,0.5018489801695931,0.09547667672012874,0,0
68642,Rock1-90-C#,4,4,4,5,0.5983010722368929,0.31580895577105145,0,1
68650,Rock1-90-C#,4,1,2,1,0.5738162521694449,0.06425486471436395,1,0
68655,Rock1-90-C#,4,0,2,0,0.9930612066878873,0.0008122464271468798,1,0
68671,Rock1-90-C#,4,4,4,5,0.6763833835980464,0.22143386095290865,0,1
68703,Rock1-90-C#,4,1,2,1,0.8941833232027578,0.050397783511231226,1,0
68721,Rock1-90-C#,4,1,2,1,0.9098082583160194,0.0801375362673554,1,0
68796,Rock1-90-C#,4,0,2,1,0.5231352914244524,0.0909931374680144,0,0
72379,SS2-107-Ab,4,2,3,2,0.7093701760510199,0.13916802937408326,1,0
72396,SS2-107-Ab,4,2,3,2,0.5559130186247951,0.2945083883904145,1,0
72407,SS2-107-Ab,4,3,3,2,0.6435909469505788,0.13156425898128188,0,1
72408,SS2-107-Ab,4,1,2,1,0.779244294228607,0.0902939622542009,1,0
72411,SS2-107-Ab,4,1,0,1,0.5941567475796458,0.1333267842421152,1,0
72430,SS2-107-Ab,4,1,2,1,0.6223074718005291,0.25259346836949265,1,0
72446,SS2-107-Ab,4,1,0,1,0.6528948528027542,0.17327639166902248,1,0
72448,SS2-107-Ab,4,0,2,0,0.7993912400478705,0.02230498159938075,1,0
72457,SS2-107-Ab,4,1,2,1,0.749179249469537,0.09348628821150759,1,0
72463,SS2-107-Ab,4,2,3,2,0.6457716791486002,0.17376723161012367,1,0
72471,SS2-107-Ab,4,1,2,1,0.522534615909245,0.2670680593324573,1,0
72472,SS2-107-Ab,4,0,0,1,0.5517967343280349,0.2148969133512829,0,1
72478,SS2-107-Ab,4,1,0,1,0.5247044698518524,0.22675810948070654,1,0
72482,SS2-107-Ab,4,2,2,0,0.6947085974257284,0.07471216807356791,0,1
72485,SS2-107-Ab,4,2,4,2,0.5448248674254996,0.19323322500328333,1,0
72508,SS2-107-Ab,4,1,2,1,0.48716453557068806,0.21929164241989563,1,0
72519,SS2-107-Ab,4,2,4,2,0.5680667987116932,0.06588993748603605,1,0
72532,SS2-107-Ab,4,2,1,2,0.5197370639785948,0.19651985710319925,1,0
72534,SS2-107-Ab,4,1,0,1,0.6622192523373246,0.13204362464991184,1,0
72556,SS2-107-Ab,4,2,3,2,0.5803697557714362,0.2714127095523774,1,0
72558,SS2-107-Ab,4,0,2,1,0.5226046936791922,0.24869631903409598,0,0
72584,SS2-107-Ab,4,1,2,1,0.5794561822748419,0.19039392767944402,1,0
72586,SS2-107-Ab,4,1,2,1,0.5625457637598115,0.14157334418182743,1,0
72594,SS2-107-Ab,4,1,2,1,0.5379793516297097,0.13745589933463032,1,0
72636,SS2-107-Ab,4,1,2,1,0.5961017105867124,0.270961634941162,1,0
72648,SS2-107-Ab,4,1,0,1,0.5808760885615073,0.3049794314173041,1,0
72660,SS2-107-Ab,4,1,0,1,0.5590677668926971,0.2848299154339127,1,0
72662,SS2-107-Ab,4,1,2,1,0.5168556540636653,0.04856453299003715,1,0
72669,SS2-107-Ab,4,0,2,0,0.5982849071466237,0.04645030087465169,1,0
72675,SS2-107-Ab,4,1,2,1,0.6493578822002393,0.16110162294949557,1,0
72684,SS2-107-Ab,4,1,2,1,0.6331704227365383,0.1057145251521531,1,0
72691,SS2-107-Ab,4,1,2,1,0.513554036787605,0.13325378028483417,1,0
72702,SS2-107-Ab,4,0,0,1,0.5394263546131749,0.21650518239719338,0,1
72730,SS2-107-Ab,4,2,3,2,0.466081331284818,0.18731053454221844,1,0
72759,SS2-107-Ab,4,0,3,2,0.6201577209952421,0.19684237867932555,0,0
72761,SS2-107-Ab,4,0,2,0,0.6350107465237204,0.11794645375975729,1,0
72766,SS2-107-Ab,4,1,0,1,0.6272999198351822,0.3094080697105913,1,0
72769,SS2-107-Ab,4,1,2,1,0.7103396696753329,0.09851445741768644,1,0
72772,SS2-107-Ab,4,0,0,2,0.4060625156947784,0.08828807138884563,0,1
72776,SS2-107-Ab,4,2,3,2,0.730415873254713,0.054415972350059245,1,0
72778,SS2-107-Ab,4,0,2,1,0.556491705859108,0.23392232857797943,0,0
72781,SS2-107-Ab,4,1,2,1,0.6435152197430212,0.25022954335975844,1,0
72784,SS2-107-Ab,4,1,0,1,0.5800004957585155,0.13649719476051428,1,0
72786,SS2-107-Ab,4,1,0,1,0.6225246703801438,0.21152818594109363,1,0
72803,SS2-107-Ab,4,2,3,4,0.4481757026415878,0.18763252612375259,0,0
72805,SS2-107-Ab,4,1,0,1,0.48980268869924526,0.21741612854385836,1,0
72811,SS2-107-Ab,4,1,0,1,0.5526687993942917,0.21557553085536782,1,0
72813,SS2-107-Ab,4,1,0,1,0.6331035368171586,0.20358614105441927,1,0
72854,SS2-107-Ab,4,0,0,1,0.6732864773194914,0.2797466926962562,0,1
72858,SS2-107-Ab,4,1,0,1,0.5430149145421309,0.2723183938576174,1,0
72860,SS2-107-Ab,4,1,2,1,0.8043045978282211,0.1331612271401312,1,0
72888,SS2-107-Ab,4,1,2,1,0.9621960507761432,0.019608543032280476,1,0
