global_index,fold,recording_id,start_sample,true_K,baseline_K,global_K,local_K,existing_global_regression,effect_vs_freeze,local_audit_profile,same_destination_groups,groups_favoring_correction,groups_favoring_regression,groups_tied,mean_local_correction_rate,mean_local_regression_rate,mean_local_neutral_rate,mean_local_support_fraction,mean_neighbor_distance,announced_gain
605,0,00_BN2-166-Ab_comp.jams,113167,3,2,3,3,False,correction,mixed_by_complete_group,62,47,15,0,0.3862619996070862,0.3531506657600403,0.26058733463287354,0.4027217626571655,0.5069409012794495,0.30106621980667114
624,0,00_BN2-166-Ab_comp.jams,199808,2,2,3,3,True,regression,local_rates_favor_regression_for_all_groups,2,0,2,0,0.19245551526546478,0.4627264142036438,0.3448180556297302,0.4375,0.4916605055332184,0.17360207438468933
715,0,00_BN2-166-Ab_comp.jams,549345,3,4,2,2,False,neutral,local_rates_favor_regression_for_all_groups,1,0,1,0,0.09431438148021698,0.48461538553237915,0.42107024788856506,0.21875,0.732060968875885,0.2641047537326813
757,0,00_BN2-166-Ab_comp.jams,693224,4,2,3,3,False,neutral,local_rates_favor_correction_for_all_groups,59,59,0,0,0.5044202208518982,0.29606324434280396,0.19951653480529785,0.695974588394165,0.5245282649993896,0.06533166766166687
760,0,00_BN2-166-Ab_comp.jams,709555,3,3,4,4,True,regression,local_rates_favor_correction_for_all_groups,18,18,0,0,0.4046150743961334,0.2884032726287842,0.3069816827774048,0.2135416716337204,0.5189223885536194,0.23336520791053772
767,0,00_BN2-166-Ab_comp.jams,749179,3,3,3,2,False,regression,mixed_by_complete_group,3,2,1,0,0.32323145866394043,0.3092903196811676,0.36747822165489197,0.7708333134651184,0.5943198800086975,0.0023801326751708984
789,0,00_BN2-166-Ab_comp.jams,821461,4,3,2,2,False,neutral,mixed_by_complete_group,27,23,4,0,0.32035601139068604,0.28318703174591064,0.39645692706108093,0.23495370149612427,0.6927749514579773,0.023317009210586548
7449,0,00_Jazz3-150-C_comp.jams,229146,5,4,3,3,False,neutral,mixed_by_complete_group,64,18,46,0,0.3542747497558594,0.368490993976593,0.2772342562675476,0.750244140625,0.5198342204093933,0.10600516200065613
7458,0,00_Jazz3-150-C_comp.jams,280888,5,4,3,3,False,neutral,mixed_by_complete_group,65,2,63,0,0.32235583662986755,0.44955891370773315,0.22808526456356049,0.8391826748847961,0.4822404682636261,0.010874658823013306
7462,0,00_Jazz3-150-C_comp.jams,298671,5,3,4,4,False,neutral,local_rates_favor_correction_for_all_groups,1,1,0,0,0.4431818127632141,0.25,0.3068181872367859,0.15625,0.39020058512687683,0.05200153589248657
7476,0,00_Jazz3-150-C_comp.jams,325620,2,3,2,2,False,correction,mixed_by_complete_group,26,23,3,0,0.34209027886390686,0.2697910964488983,0.3881186842918396,0.40024039149284363,0.5586321353912354,0.13411714136600494
7484,0,00_Jazz3-150-C_comp.jams,345289,4,4,3,3,True,regression,mixed_by_complete_group,93,15,78,0,0.2859811782836914,0.415921688079834,0.2980971336364746,0.5483871102333069,0.7156268954277039,0.25464385747909546
7527,0,00_Jazz3-150-C_comp.jams,475578,4,3,2,2,False,neutral,mixed_by_complete_group,2,1,1,0,0.2725107669830322,0.2584756314754486,0.4690135717391968,0.0390625,0.48153743147850037,0.1162334680557251
7532,0,00_Jazz3-150-C_comp.jams,486239,2,3,2,2,False,correction,mixed_by_complete_group,59,56,3,0,0.30828770995140076,0.23568512499332428,0.45602720975875854,0.39088982343673706,0.601166844367981,0.311362087726593
7559,0,00_Jazz3-150-C_comp.jams,545730,3,2,3,3,False,correction,mixed_by_complete_group,35,26,9,0,0.3554992079734802,0.3389453887939453,0.30555546283721924,0.24464285373687744,0.622322142124176,0.12677034735679626
7600,0,00_Jazz3-150-C_comp.jams,705177,1,3,2,2,False,neutral,mixed_by_complete_group,94,66,28,0,0.3154459297657013,0.25260305404663086,0.43195098638534546,0.29770612716674805,0.6478237509727478,0.027567431330680847
7629,0,00_Jazz3-150-C_comp.jams,811527,4,4,3,2,True,regression,local_rates_favor_regression_for_all_groups,14,0,14,0,0.1809248924255371,0.3370136320590973,0.4820615351200104,0.2600446343421936,0.5989555716514587,0.06293725967407227
7651,0,00_Jazz3-150-C_comp.jams,864275,3,3,2,2,True,regression,local_rates_favor_correction_for_all_groups,4,4,0,0,0.37941864132881165,0.19149938225746155,0.4290819764137268,0.25,0.5212092399597168,0.2896132171154022
7675,0,00_Jazz3-150-C_comp.jams,936468,3,2,3,3,False,correction,local_rates_favor_regression_for_all_groups,5,0,5,0,0.32722100615501404,0.4063502252101898,0.26642876863479614,0.25312501192092896,0.5859354734420776,0.10383874177932739
7681,0,00_Jazz3-150-C_comp.jams,953016,5,4,3,3,False,neutral,mixed_by_complete_group,64,20,44,0,0.3250257670879364,0.3221758306026459,0.3527984023094177,0.781982421875,0.483702152967453,0.09383165836334229
7716,0,00_Jazz3-150-C_comp.jams,1032874,3,2,3,3,False,correction,local_rates_favor_regression_for_all_groups,57,0,57,0,0.2485014945268631,0.4353303611278534,0.3161681294441223,0.27521929144859314,0.5357413291931152,0.11608302593231201
7725,0,00_Jazz3-150-C_comp.jams,1058407,5,4,3,3,False,neutral,mixed_by_complete_group,71,61,10,0,0.35580143332481384,0.31726399064064026,0.3269345462322235,0.841549277305603,0.6120781898498535,0.290327787399292
7976,0,00_Jazz3-150-C_solo.jams,774878,1,2,3,3,False,neutral,mixed_by_complete_group,61,53,8,0,0.3768549859523773,0.3279379606246948,0.29520711302757263,0.48642417788505554,0.6011084914207458,0.2644037902355194
7986,0,00_Jazz3-150-C_solo.jams,863608,1,2,3,3,False,neutral,local_rates_favor_regression_for_all_groups,26,0,26,0,0.3183673620223999,0.42244523763656616,0.25918740034103394,0.46454328298568726,0.4708682894706726,0.012313753366470337
9643,0,00_Rock2-142-D_comp.jams,19528,5,2,4,4,False,neutral,local_rates_favor_regression_for_all_groups,38,0,38,0,0.11989475786685944,0.3932689130306244,0.48683637380599976,0.060855261981487274,0.5802810788154602,0.5289106369018555
9649,0,00_Rock2-142-D_comp.jams,35507,4,4,3,3,True,regression,local_rates_favor_regression_for_all_groups,34,0,34,0,0.23397403955459595,0.39173391461372375,0.3742920458316803,0.584099292755127,0.5027308464050293,0.19922193884849548
9682,0,00_Rock2-142-D_comp.jams,108595,5,2,3,3,False,neutral,mixed_by_complete_group,8,5,3,0,0.34932684898376465,0.34573981165885925,0.3049333691596985,0.267578125,0.48023146390914917,0.44225454330444336
9688,0,00_Rock2-142-D_comp.jams,122210,4,2,3,3,False,neutral,mixed_by_complete_group,10,2,8,0,0.27421316504478455,0.3139970600605011,0.41178980469703674,0.34687501192092896,0.4501270651817322,0.17968232929706573
9694,0,00_Rock2-142-D_comp.jams,136526,3,4,2,2,False,neutral,mixed_by_complete_group,94,79,15,0,0.23083342611789703,0.17995212972164154,0.5892145037651062,0.2551529109477997,0.6732617616653442,0.30649107694625854
9761,0,00_Rock2-142-D_comp.jams,280942,4,2,3,3,False,neutral,mixed_by_complete_group,59,49,10,0,0.3739458918571472,0.34286388754844666,0.2831902801990509,0.5135063529014587,0.5340514183044434,0.15335391461849213
9769,0,00_Rock2-142-D_comp.jams,317201,5,3,4,4,False,neutral,local_rates_favor_regression_for_all_groups,13,0,13,0,0.24762068688869476,0.37099364399909973,0.3813856542110443,0.09855769574642181,0.45097067952156067,0.09435275197029114
9774,0,00_Rock2-142-D_comp.jams,331612,5,3,2,2,False,neutral,local_rates_favor_regression_for_all_groups,1,0,1,0,0.27832889556884766,0.33673328161239624,0.3849378228187561,0.34375,0.6315025091171265,0.13311144709587097
9779,0,00_Rock2-142-D_comp.jams,345679,5,4,5,5,False,correction,local_rates_favor_correction_for_all_groups,43,43,0,0,0.4591606557369232,0.1866995096206665,0.3541398048400879,0.09920058399438858,0.5886509418487549,0.28600674867630005
9804,0,00_Rock2-142-D_comp.jams,421166,4,2,3,3,False,neutral,local_rates_favor_regression_for_all_groups,1,0,1,0,0.20797675848007202,0.5391379594802856,0.25288528203964233,0.546875,0.64754718542099,0.08151136338710785
9808,0,00_Rock2-142-D_comp.jams,434602,5,4,2,2,False,neutral,local_rates_favor_correction_for_all_groups,89,89,0,0,0.3039824962615967,0.1309393048286438,0.5650781989097595,0.170646071434021,0.6541924476623535,0.7004886865615845
9818,0,00_Rock2-142-D_comp.jams,461896,3,4,2,2,False,neutral,local_rates_favor_correction_for_all_groups,3,3,0,0,0.27454817295074463,0.2075471729040146,0.5179046988487244,0.1145833358168602,0.573194682598114,0.2786479890346527
9866,0,00_Rock2-142-D_comp.jams,566788,4,3,2,2,False,neutral,local_rates_favor_correction_for_all_groups,98,98,0,0,0.45578813552856445,0.17581969499588013,0.36839213967323303,0.5350765585899353,0.7398666143417358,0.5846818685531616
9868,0,00_Rock2-142-D_comp.jams,570756,4,4,3,3,True,regression,local_rates_favor_correction_for_all_groups,3,3,0,0,0.32703036069869995,0.22142906486988068,0.4515405595302582,0.7291666865348816,0.6438054442405701,0.3498464524745941
9899,0,00_Rock2-142-D_comp.jams,642915,5,4,3,3,False,neutral,local_rates_favor_regression_for_all_groups,60,0,60,0,0.28180554509162903,0.3868153989315033,0.33137911558151245,0.7010416388511658,0.6173903346061707,0.17968696355819702
9910,0,00_Rock2-142-D_comp.jams,670960,3,2,3,3,False,correction,mixed_by_complete_group,55,41,14,0,0.35635340213775635,0.32952338457107544,0.31412312388420105,0.41818180680274963,0.4687555432319641,0.23753726482391357
9917,0,00_Rock2-142-D_comp.jams,688774,5,4,5,5,False,correction,local_rates_favor_correction_for_all_groups,2,2,0,0,0.5719193816184998,0.13816390931606293,0.2899166941642761,0.1875,0.5325633883476257,0.40343594551086426
9936,0,00_Rock2-142-D_comp.jams,740214,3,4,2,2,False,neutral,mixed_by_complete_group,70,44,26,0,0.19718363881111145,0.1757180392742157,0.6270983219146729,0.10870535671710968,0.8199675679206848,0.7436010241508484
9954,0,00_Rock2-142-D_comp.jams,778192,4,2,3,3,False,neutral,local_rates_favor_regression_for_all_groups,2,0,2,0,0.3335724472999573,0.3795750141143799,0.28685247898101807,0.484375,0.5978646874427795,0.5296333432197571
9966,0,00_Rock2-142-D_comp.jams,801749,2,3,2,2,False,correction,mixed_by_complete_group,112,107,4,1,0.3691713511943817,0.19813981652259827,0.4326888620853424,0.6251395344734192,0.8372879028320312,0.3259473443031311
9975,0,00_Rock2-142-D_comp.jams,820710,2,2,3,3,True,regression,mixed_by_complete_group,54,12,42,0,0.3422895073890686,0.38435572385787964,0.27335482835769653,0.47627314925193787,0.4941808581352234,0.006190866231918335
9977,0,00_Rock2-142-D_comp.jams,829739,4,4,4,3,False,regression,mixed_by_complete_group,69,7,62,0,0.23152883350849152,0.33145445585250854,0.43701672554016113,0.76902174949646,0.4904199540615082,0.003148108720779419
9981,0,00_Rock2-142-D_comp.jams,839497,4,4,5,5,True,regression,mixed_by_complete_group,36,33,3,0,0.41853758692741394,0.2897326350212097,0.29172977805137634,0.1375868022441864,0.4290940463542938,0.06646695733070374
9987,0,00_Rock2-142-D_comp.jams,854175,3,3,2,2,True,regression,local_rates_favor_correction_for_all_groups,59,59,0,0,0.3616088032722473,0.2665177583694458,0.3718734383583069,0.7592690587043762,0.5401377081871033,0.052136003971099854
9999,0,00_Rock2-142-D_comp.jams,884688,3,4,3,2,False,neutral,mixed_by_complete_group,98,96,2,0,0.2886338531970978,0.17909862101078033,0.5322675704956055,0.2455357164144516,0.83615642786026,0.2995801866054535
10013,0,00_Rock2-142-D_comp.jams,914601,3,2,3,3,False,correction,local_rates_favor_regression_for_all_groups,33,0,33,0,0.32256001234054565,0.45631489157676697,0.22112508118152618,0.5705492496490479,0.531010091304779,0.41035568714141846
10031,0,00_Rock2-142-D_comp.jams,957018,4,3,2,2,False,neutral,mixed_by_complete_group,99,9,90,0,0.2173713743686676,0.3377104103565216,0.4449181854724884,0.6360479593276978,0.7234029769897461,0.10803041607141495
10035,0,00_Rock2-142-D_comp.jams,970329,2,2,3,3,True,regression,mixed_by_complete_group,63,2,61,0,0.32589414715766907,0.3942128121852875,0.27989301085472107,0.635664701461792,0.5017925500869751,0.19513627886772156
10043,0,00_Rock2-142-D_comp.jams,988786,5,2,3,3,False,neutral,mixed_by_complete_group,63,45,18,0,0.35777732729911804,0.34110698103904724,0.30111560225486755,0.5935019850730896,0.5334103107452393,0.09843102097511292
10054,0,00_Rock2-142-D_comp.jams,1017205,6,4,3,3,False,neutral,mixed_by_complete_group,58,17,41,0,0.29590168595314026,0.3199464976787567,0.38415178656578064,0.693965494632721,0.5526071190834045,0.03775188326835632
10072,0,00_Rock2-142-D_comp.jams,1058377,4,2,3,3,False,neutral,local_rates_favor_regression_for_all_groups,61,0,61,0,0.2830050587654114,0.5126633644104004,0.20433157682418823,0.2835553288459778,0.6754331588745117,0.21399742364883423
10079,0,00_Rock2-142-D_comp.jams,1072067,3,2,3,3,False,correction,local_rates_favor_regression_for_all_groups,12,0,12,0,0.2953830659389496,0.35231268405914307,0.35230425000190735,0.51953125,0.5171247124671936,0.09922906756401062
10088,0,00_Rock2-142-D_comp.jams,1090502,3,3,2,2,True,regression,mixed_by_complete_group,73,6,67,0,0.24105724692344666,0.2952578663825989,0.46368497610092163,0.6560359597206116,0.508270263671875,0.03221243619918823
10097,0,00_Rock2-142-D_comp.jams,1112603,2,3,2,2,False,correction,local_rates_favor_correction_for_all_groups,2,2,0,0,0.3048381805419922,0.27363067865371704,0.42153114080429077,0.3203125,0.6196180582046509,0.07204999029636383
10111,0,00_Rock2-142-D_comp.jams,1140666,2,3,2,2,False,correction,local_rates_favor_correction_for_all_groups,2,2,0,0,0.3299177289009094,0.27387017011642456,0.396212100982666,0.3125,0.6861048340797424,0.45784950256347656
10120,0,00_Rock2-142-D_comp.jams,1159792,1,3,2,2,False,neutral,mixed_by_complete_group,115,45,70,0,0.25709229707717896,0.25663015246391296,0.48627758026123047,0.657880425453186,0.7491846680641174,0.578826367855072
10176,0,00_Rock2-142-D_solo.jams,149232,2,3,2,2,False,correction,mixed_by_complete_group,74,36,38,0,0.35321858525276184,0.3546493947505951,0.29213201999664307,0.5213260054588318,0.46883535385131836,0.007346928119659424
10183,0,00_Rock2-142-D_solo.jams,177734,2,4,2,2,False,correction,mixed_by_complete_group,120,114,6,0,0.3027620315551758,0.21944545209407806,0.47779253125190735,0.4872395694255829,1.0359480381011963,0.9034270644187927
12275,0,00_Rock3-148-C_comp.jams,5,5,4,3,3,False,neutral,local_rates_favor_regression_for_all_groups,1,0,1,0,0.35878056287765503,0.40136054158210754,0.23985891044139862,0.578125,0.8200953602790833,0.36326658725738525
12306,0,00_Rock3-148-C_comp.jams,66376,1,2,3,3,False,neutral,mixed_by_complete_group,62,39,23,0,0.37615180015563965,0.35418304800987244,0.2696651518344879,0.3130040466785431,0.8321897387504578,0.08854961395263672
12317,0,00_Rock3-148-C_comp.jams,95533,3,3,2,2,True,regression,local_rates_favor_regression_for_all_groups,3,0,3,0,0.23280556499958038,0.3355132043361664,0.43168118596076965,0.609375,0.5168144106864929,0.03671002388000488
12322,0,00_Rock3-148-C_comp.jams,108070,5,3,5,5,False,correction,local_rates_favor_regression_for_all_groups,1,0,1,0,0.13858093321323395,0.15188470482826233,0.7095343470573425,0.15625,0.49462777376174927,0.129828542470932
12328,0,00_Rock3-148-C_comp.jams,124605,4,3,5,5,False,neutral,mixed_by_complete_group,7,6,1,0,0.2694500684738159,0.17762517929077148,0.5529248118400574,0.1205357164144516,0.5466797351837158,0.4035974442958832
12331,0,00_Rock3-148-C_comp.jams,135205,3,3,2,2,True,regression,mixed_by_complete_group,115,114,1,0,0.3564057946205139,0.20555824041366577,0.4380359351634979,0.609375,0.8197891116142273,0.695199728012085
12333,0,00_Rock3-148-C_comp.jams,139459,5,3,2,2,False,neutral,local_rates_favor_correction_for_all_groups,104,104,0,0,0.4704941213130951,0.14692442119121552,0.382581502199173,0.4556790888309479,0.829678475856781,0.5514569878578186
12343,0,00_Rock3-148-C_comp.jams,162241,5,4,5,5,False,correction,local_rates_favor_correction_for_all_groups,40,40,0,0,0.5151257514953613,0.2233162224292755,0.26155802607536316,0.12187500298023224,0.5690553784370422,0.5969476699829102
12350,0,00_Rock3-148-C_comp.jams,175386,3,2,3,3,False,correction,mixed_by_complete_group,37,27,10,0,0.3680976927280426,0.3355359733104706,0.29636630415916443,0.27491554617881775,0.4973921477794647,0.1527179777622223
12356,0,00_Rock3-148-C_comp.jams,189632,3,4,3,3,False,correction,local_rates_favor_regression_for_all_groups,4,0,4,0,0.26566311717033386,0.2897106409072876,0.44462621212005615,0.62109375,0.5647374987602234,0.424270361661911
12360,0,00_Rock3-148-C_comp.jams,198690,3,3,2,2,True,regression,mixed_by_complete_group,115,111,3,1,0.37641623616218567,0.21163034439086914,0.4119534492492676,0.6220108866691589,0.8209936618804932,0.6211103796958923
12362,0,00_Rock3-148-C_comp.jams,203498,4,4,3,3,True,regression,local_rates_favor_correction_for_all_groups,10,10,0,0,0.4058535099029541,0.2429092675447464,0.35123729705810547,0.5218750238418579,0.7174439430236816,0.24025234580039978
12390,0,00_Rock3-148-C_comp.jams,269354,3,2,3,3,False,correction,mixed_by_complete_group,63,2,61,0,0.32272255420684814,0.3871094882488251,0.2901679575443268,0.4704861044883728,0.5334763526916504,0.4430622160434723
12394,0,00_Rock3-148-C_comp.jams,282206,4,3,3,2,False,neutral,mixed_by_complete_group,74,71,3,0,0.311795711517334,0.2176998257637024,0.470504492521286,0.2451435774564743,0.8662015795707703,0.00042848289012908936
12401,0,00_Rock3-148-C_comp.jams,296119,4,2,3,3,False,neutral,mixed_by_complete_group,46,5,41,0,0.3267696499824524,0.392301470041275,0.2809288799762726,0.37839674949645996,0.5341038703918457,0.4737579822540283
12408,0,00_Rock3-148-C_comp.jams,309660,1,4,2,2,False,neutral,mixed_by_complete_group,111,98,13,0,0.1980593055486679,0.13423167169094086,0.6677089929580688,0.3661317527294159,0.6724410057067871,0.03663290664553642
12414,0,00_Rock3-148-C_comp.jams,321851,6,2,3,3,False,neutral,mixed_by_complete_group,37,25,12,0,0.3393802046775818,0.3185349404811859,0.3420848548412323,0.3027871549129486,0.545572817325592,0.19248101115226746
12429,0,00_Rock3-148-C_comp.jams,352625,3,4,3,3,False,correction,local_rates_favor_correction_for_all_groups,2,2,0,0,0.33209532499313354,0.2668684720993042,0.40103620290756226,0.703125,0.6366104483604431,0.15173116326332092
12436,0,00_Rock3-148-C_comp.jams,367543,5,4,3,3,False,neutral,local_rates_favor_regression_for_all_groups,53,0,53,0,0.24180105328559875,0.4131598174571991,0.34503912925720215,0.6739386916160583,0.4747586250305176,0.3644173741340637
12457,0,00_Rock3-148-C_comp.jams,412056,3,3,5,5,True,regression,local_rates_favor_correction_for_all_groups,1,1,0,0,0.20555555820465088,0.18333333730697632,0.6111111044883728,0.1875,0.5887101292610168,0.3047635853290558
12463,0,00_Rock3-148-C_comp.jams,424431,4,4,3,3,True,regression,mixed_by_complete_group,55,32,23,0,0.31502285599708557,0.2879651188850403,0.3970121145248413,0.6690340638160706,0.5328777432441711,0.024800285696983337
12470,0,00_Rock3-148-C_comp.jams,438848,6,4,3,3,False,neutral,local_rates_favor_regression_for_all_groups,61,0,61,0,0.22620651125907898,0.38267233967781067,0.39112111926078796,0.5025614500045776,0.4849700331687927,0.1306914985179901
12476,0,00_Rock3-148-C_comp.jams,451343,2,2,3,3,True,regression,local_rates_favor_regression_for_all_groups,1,0,1,0,0.26614391803741455,0.2987392246723175,0.43511685729026794,0.5625,0.6313846111297607,0.3749558627605438
12483,0,00_Rock3-148-C_comp.jams,465369,5,3,5,5,False,correction,mixed_by_complete_group,38,16,16,6,0.21714837849140167,0.21026597917079926,0.5725855827331543,0.06661184132099152,0.6858038902282715,0.6127630472183228
12490,0,00_Rock3-148-C_comp.jams,479017,6,4,5,5,False,neutral,mixed_by_complete_group,39,36,3,0,0.46385857462882996,0.2723279297351837,0.26381340622901917,0.10336538404226303,0.6727708578109741,0.5972729921340942
12494,0,00_Rock3-148-C_comp.jams,487214,4,4,2,2,True,regression,local_rates_favor_correction_for_all_groups,98,98,0,0,0.27115824818611145,0.1305919587612152,0.5982497930526733,0.3341836631298065,0.8763912916183472,0.6921742558479309
12498,0,00_Rock3-148-C_comp.jams,495419,2,2,3,3,True,regression,local_rates_favor_regression_for_all_groups,3,0,3,0,0.24375957250595093,0.3524514138698578,0.40378904342651367,0.4010416567325592,0.750567615032196,0.073794424533844
12499,0,00_Rock3-148-C_comp.jams,497208,3,3,2,2,True,regression,local_rates_favor_correction_for_all_groups,61,61,0,0,0.38031306862831116,0.1891968548297882,0.4304901361465454,0.5724897384643555,0.6908633708953857,0.12698709964752197
12503,0,00_Rock3-148-C_comp.jams,505191,4,3,2,2,False,neutral,local_rates_favor_correction_for_all_groups,63,63,0,0,0.4518435001373291,0.2536713480949402,0.2944851517677307,0.753720223903656,0.594724178314209,0.11985868215560913
12510,0,00_Rock3-148-C_comp.jams,519216,6,4,2,2,False,neutral,local_rates_favor_correction_for_all_groups,103,103,0,0,0.2887404263019562,0.12951280176639557,0.5817468166351318,0.22481796145439148,0.7937935590744019,0.7274168133735657
12512,0,00_Rock3-148-C_comp.jams,523387,6,3,2,2,False,neutral,mixed_by_complete_group,43,42,1,0,0.3131762742996216,0.19154256582260132,0.4952811300754547,0.6780523061752319,0.6015369296073914,0.06169140338897705
12521,0,00_Rock3-148-C_comp.jams,540632,2,2,3,3,True,regression,local_rates_favor_regression_for_all_groups,1,0,1,0,0.2394423931837082,0.3630996346473694,0.3974579870700836,0.515625,0.7116923332214355,0.40083688497543335
12527,0,00_Rock3-148-C_comp.jams,554587,4,3,2,2,False,neutral,local_rates_favor_correction_for_all_groups,108,108,0,0,0.38483524322509766,0.14584465324878693,0.4693200886249542,0.5885416865348816,0.824627161026001,0.6129152774810791
12528,0,00_Rock3-148-C_comp.jams,559123,5,3,2,2,False,neutral,mixed_by_complete_group,79,73,6,0,0.308525025844574,0.25182026624679565,0.439654678106308,0.5830696225166321,0.656643271446228,0.13677045702934265
12531,0,00_Rock3-148-C_comp.jams,567817,5,3,2,2,False,neutral,local_rates_favor_correction_for_all_groups,106,106,0,0,0.41087356209754944,0.16060073673725128,0.42852577567100525,0.4889445900917053,0.8109671473503113,0.5727154016494751
12540,0,00_Rock3-148-C_comp.jams,589860,5,4,5,5,False,correction,mixed_by_complete_group,43,41,2,0,0.4691556990146637,0.20328916609287262,0.32755520939826965,0.10864825546741486,0.5863633155822754,0.6844126582145691
12547,0,00_Rock3-148-C_comp.jams,604866,5,2,3,3,False,neutral,local_rates_favor_regression_for_all_groups,31,0,31,0,0.32687339186668396,0.45412567257881165,0.219000905752182,0.3573588728904724,0.5169508457183838,0.07178628444671631
12552,0,00_Rock3-148-C_comp.jams,617081,5,3,5,5,False,correction,mixed_by_complete_group,38,23,14,1,0.26801735162734985,0.2088504284620285,0.5231322050094604,0.09087171405553818,0.6218364238739014,0.7274614572525024
12590,0,00_Rock3-148-C_comp.jams,711432,4,3,2,2,False,neutral,local_rates_favor_correction_for_all_groups,44,44,0,0,0.45327576994895935,0.1702662706375122,0.37645795941352844,0.5181108117103577,0.7723804116249084,0.047757893800735474
12595,0,00_Rock3-148-C_comp.jams,723778,3,2,3,3,False,correction,local_rates_favor_regression_for_all_groups,10,0,10,0,0.2743290662765503,0.40154320001602173,0.324127733707428,0.34843748807907104,0.6880969405174255,0.542245090007782
12596,0,00_Rock3-148-C_comp.jams,725662,2,2,3,3,True,regression,local_rates_favor_regression_for_all_groups,2,0,2,0,0.30357563495635986,0.3788151741027832,0.31760919094085693,0.28125,0.48920533061027527,0.43307870626449585
12602,0,00_Rock3-148-C_comp.jams,738382,5,3,2,2,False,neutral,local_rates_favor_correction_for_all_groups,5,5,0,0,0.28773313760757446,0.2678658962249756,0.44440096616744995,0.731249988079071,0.5492420196533203,0.1129990816116333
12609,0,00_Rock3-148-C_comp.jams,752518,2,2,3,3,True,regression,local_rates_favor_regression_for_all_groups,1,0,1,0,0.2871928811073303,0.30096301436424255,0.4118441045284271,0.453125,0.5464963316917419,0.21282026171684265
12614,0,00_Rock3-148-C_comp.jams,763168,0,2,2,3,False,neutral,local_rates_favor_regression_for_all_groups,1,0,1,0,0.21596966683864594,0.3149856626987457,0.46904468536376953,0.375,0.7566558122634888,0.03751784563064575
12615,0,00_Rock3-148-C_comp.jams,765167,5,4,3,3,False,neutral,local_rates_favor_regression_for_all_groups,31,0,31,0,0.2654074430465698,0.3420102894306183,0.39258232712745667,0.5740927457809448,0.5530211329460144,0.19233256578445435
12619,0,00_Rock3-148-C_comp.jams,774264,4,3,2,2,False,neutral,mixed_by_complete_group,85,81,4,0,0.3941654860973358,0.24019978940486908,0.3656346797943115,0.6187499761581421,0.7072215676307678,0.4374218285083771
12626,0,00_Rock3-148-C_comp.jams,790871,3,2,3,3,False,correction,mixed_by_complete_group,56,38,18,0,0.31758245825767517,0.31152859330177307,0.37088894844055176,0.5496651530265808,0.6586933732032776,0.00429844856262207
12645,0,00_Rock3-148-C_comp.jams,834981,4,3,2,2,False,neutral,mixed_by_complete_group,95,92,3,0,0.3880675733089447,0.23511962592601776,0.37681281566619873,0.5868421196937561,0.887316107749939,0.7375454306602478
12647,0,00_Rock3-148-C_comp.jams,838781,4,3,2,2,False,neutral,local_rates_favor_correction_for_all_groups,61,61,0,0,0.25631776452064514,0.15254288911819458,0.5911393165588379,0.5143442749977112,0.67032390832901,0.5778455138206482
12648,0,00_Rock3-148-C_comp.jams,840553,2,2,3,3,True,regression,mixed_by_complete_group,9,5,4,0,0.341875821352005,0.3335876166820526,0.32453653216362,0.3940972089767456,0.55857253074646,0.39518269896507263
12654,0,00_Rock3-148-C_comp.jams,853048,5,3,2,2,False,neutral,local_rates_favor_correction_for_all_groups,66,66,0,0,0.4450634717941284,0.2264525145292282,0.32848402857780457,0.6538825631141663,0.7490920424461365,0.47506454586982727
12666,0,00_Rock3-148-C_comp.jams,877189,6,4,5,5,False,neutral,local_rates_favor_correction_for_all_groups,34,34,0,0,0.4458087384700775,0.256917804479599,0.2972733974456787,0.08134191483259201,0.5514125227928162,0.47810715436935425
12673,0,00_Rock3-148-C_comp.jams,890277,3,4,5,5,False,neutral,mixed_by_complete_group,58,51,6,1,0.4244515895843506,0.27402153611183167,0.30152684450149536,0.08863146603107452,0.5969557166099548,0.3731430768966675
12679,0,00_Rock3-148-C_comp.jams,901836,2,2,3,3,True,regression,local_rates_favor_regression_for_all_groups,2,0,2,0,0.2274145781993866,0.3447617292404175,0.4278237223625183,0.3984375,0.5997273921966553,0.30114811658859253
12687,0,00_Rock3-148-C_comp.jams,917684,3,3,2,2,True,regression,local_rates_favor_correction_for_all_groups,83,83,0,0,0.4314900040626526,0.2708949148654938,0.297615110874176,0.6891942620277405,0.6539921760559082,0.38536790013313293
12702,0,00_Rock3-148-C_comp.jams,947626,5,3,5,5,False,correction,mixed_by_complete_group,22,12,5,5,0.2634779214859009,0.2130114883184433,0.5235106945037842,0.06889204680919647,0.5374281406402588,0.2695034444332123
12708,0,00_Rock3-148-C_comp.jams,961220,4,2,3,3,False,neutral,mixed_by_complete_group,26,4,22,0,0.31801605224609375,0.3619246780872345,0.32005923986434937,0.32451921701431274,0.5304747223854065,0.20081600546836853
12715,0,00_Rock3-148-C_comp.jams,976146,5,3,2,2,False,neutral,mixed_by_complete_group,114,111,2,1,0.39816510677337646,0.168459951877594,0.43337491154670715,0.5566063523292542,0.7562589645385742,0.6553948521614075
12725,0,00_Rock3-148-C_comp.jams,997948,5,4,3,3,False,neutral,mixed_by_complete_group,63,60,3,0,0.40065136551856995,0.29156816005706787,0.3077804744243622,0.6450892686843872,0.7129923105239868,0.43464672565460205
12727,0,00_Rock3-148-C_comp.jams,1002494,3,3,2,2,True,regression,mixed_by_complete_group,97,39,58,0,0.24856418371200562,0.23511220514774323,0.5163236260414124,0.5256121158599854,0.6774758696556091,0.1572938859462738
12735,0,00_Rock3-148-C_comp.jams,1020454,6,4,3,3,False,neutral,local_rates_favor_regression_for_all_groups,60,0,60,0,0.20881180465221405,0.34800732135772705,0.4431808590888977,0.5596354007720947,0.49772197008132935,0.1676138937473297
12741,0,00_Rock3-148-C_comp.jams,1033393,4,4,2,3,True,regression,mixed_by_complete_group,53,3,50,0,0.227740079164505,0.298393577337265,0.4738663136959076,0.4811320900917053,0.6016595363616943,0.22260412573814392
12745,0,00_Rock3-148-C_comp.jams,1042389,5,3,2,2,False,neutral,mixed_by_complete_group,110,109,1,0,0.3860756754875183,0.22420154511928558,0.3897227644920349,0.6455965638160706,0.7241079807281494,0.701331377029419
12747,0,00_Rock3-148-C_comp.jams,1046667,6,4,3,3,False,neutral,local_rates_favor_regression_for_all_groups,58,0,58,0,0.242789164185524,0.3711310029029846,0.3860798478126526,0.5231680870056152,0.580782413482666,0.14983952045440674
12751,0,00_Rock3-148-C_comp.jams,1054843,5,3,2,2,False,neutral,local_rates_favor_correction_for_all_groups,106,106,0,0,0.3842664659023285,0.16474047303199768,0.45099306106567383,0.5647110939025879,0.7950552701950073,0.2925100028514862
12753,0,00_Rock3-148-C_comp.jams,1059143,3,2,3,3,False,correction,local_rates_favor_regression_for_all_groups,1,0,1,0,0.2394423931837082,0.31865519285202026,0.44190242886543274,0.515625,0.6883751749992371,0.2214207649230957
12757,0,00_Rock3-148-C_comp.jams,1068889,6,3,2,2,False,neutral,local_rates_favor_correction_for_all_groups,52,52,0,0,0.35832977294921875,0.2241227775812149,0.41754743456840515,0.3882211446762085,0.6246715784072876,0.263126015663147
12763,0,00_Rock3-148-C_comp.jams,1082459,2,4,3,3,False,neutral,local_rates_favor_regression_for_all_groups,63,0,63,0,0.27317631244659424,0.3878406584262848,0.3389829993247986,0.7098214030265808,0.5119851231575012,0.031863272190093994
12796,0,00_Rock3-148-C_solo.jams,18961,3,3,2,2,True,regression,local_rates_favor_regression_for_all_groups,3,0,3,0,0.2200126051902771,0.3722991645336151,0.4076882302761078,0.0885416641831398,0.4475947916507721,0.012151986360549927
12800,0,00_Rock3-148-C_solo.jams,37490,3,3,4,4,True,regression,mixed_by_complete_group,20,13,5,2,0.309953510761261,0.28966057300567627,0.40038585662841797,0.21875,0.40998396277427673,0.07133111357688904
12818,0,00_Rock3-148-C_solo.jams,144004,3,3,2,2,True,regression,local_rates_favor_correction_for_all_groups,1,1,0,0,0.35438498854637146,0.31412023305892944,0.3314947485923767,0.25,0.4581459164619446,0.01707082986831665
12855,0,00_Rock3-148-C_solo.jams,340001,2,3,2,2,False,correction,local_rates_favor_correction_for_all_groups,116,116,0,0,0.4287918210029602,0.19161298871040344,0.37959519028663635,0.4473329782485962,0.7896743416786194,0.6896011829376221
12876,0,00_Rock3-148-C_solo.jams,554452,2,3,2,2,False,correction,mixed_by_complete_group,116,67,49,0,0.3131682276725769,0.2706233263015747,0.4162084460258484,0.5024245977401733,0.6636243462562561,0.31708335876464844
12880,0,00_Rock3-148-C_solo.jams,590461,2,3,2,2,False,correction,mixed_by_complete_group,91,89,2,0,0.3991806209087372,0.2687625288963318,0.33205685019493103,0.5578640103340149,0.5922866463661194,0.1418720781803131
12972,0,00_SS1-68-E_comp.jams,41138,2,3,2,2,False,correction,local_rates_favor_correction_for_all_groups,1,1,0,0,0.3154394328594208,0.2816310226917267,0.40292954444885254,0.28125,0.623814046382904,0.11380884051322937
13065,0,00_SS1-68-E_comp.jams,274747,0,3,2,2,False,neutral,mixed_by_complete_group,63,62,1,0,0.35899680852890015,0.21034428477287292,0.43065890669822693,0.3923611044883728,0.7031130790710449,0.03279219567775726
13091,0,00_SS1-68-E_comp.jams,349398,3,2,3,3,False,correction,local_rates_favor_correction_for_all_groups,64,64,0,0,0.5144134759902954,0.3042757511138916,0.181310772895813,0.64013671875,0.6828237175941467,0.09133291244506836
13216,0,00_SS1-68-E_comp.jams,804520,2,3,2,2,False,correction,local_rates_favor_regression_for_all_groups,2,0,2,0,0.2738315761089325,0.3366128206253052,0.38955560326576233,0.2421875,0.443685919046402,0.14100736379623413
13249,0,00_SS1-68-E_comp.jams,908307,1,3,2,2,False,neutral,mixed_by_complete_group,97,70,27,0,0.26321738958358765,0.23297366499900818,0.5038089752197266,0.5510631203651428,0.6264028549194336,0.16604472696781158
13278,0,00_SS1-68-E_comp.jams,996017,2,3,2,2,False,correction,local_rates_favor_regression_for_all_groups,2,0,2,0,0.3162207007408142,0.35677284002304077,0.327006459236145,0.3515625,0.5475372076034546,0.20655101537704468
13316,0,00_SS1-68-E_comp.jams,1130464,2,3,2,2,False,correction,local_rates_favor_regression_for_all_groups,8,0,8,0,0.1854172796010971,0.316819965839386,0.4977627396583557,0.283203125,0.49696171283721924,0.04633861780166626
13417,0,00_SS1-68-E_comp.jams,1402788,4,3,4,4,False,correction,local_rates_favor_correction_for_all_groups,15,15,0,0,0.4256370961666107,0.283387154340744,0.2909758388996124,0.1979166716337204,0.4773172438144684,0.17256543040275574
13429,0,00_SS1-68-E_comp.jams,1463256,3,2,3,3,False,correction,mixed_by_complete_group,53,45,8,0,0.4081580340862274,0.37715184688568115,0.21469014883041382,0.5931603908538818,0.5578191876411438,0.01858687400817871
13524,0,00_SS1-68-E_comp.jams,1751504,3,4,2,2,False,neutral,mixed_by_complete_group,98,38,60,0,0.23749509453773499,0.25432854890823364,0.508176326751709,0.3354591727256775,0.5947546362876892,0.4044082760810852
13572,0,00_SS1-68-E_solo.jams,5,2,2,3,3,True,regression,local_rates_favor_correction_for_all_groups,8,8,0,0,0.39909255504608154,0.32058185338974,0.2803255617618561,0.45703125,1.0399084091186523,0.10727932304143906
13642,0,00_SS1-68-E_solo.jams,235725,2,2,3,3,True,regression,local_rates_favor_correction_for_all_groups,1,1,0,0,0.3709302246570587,0.33139535784721375,0.29767441749572754,0.25,0.6964168548583984,0.4397633969783783
13698,0,00_SS1-68-E_solo.jams,470155,2,2,3,3,True,regression,mixed_by_complete_group,57,27,30,0,0.3659544885158539,0.3691917657852173,0.264853835105896,0.6291118264198303,0.5030060410499573,0.3835605978965759
13774,0,00_SS1-68-E_solo.jams,684359,2,4,2,2,False,correction,mixed_by_complete_group,92,18,74,0,0.17691576480865479,0.19902659952640533,0.6240576505661011,0.38094428181648254,0.708376407623291,0.20847547054290771
13815,0,00_SS1-68-E_solo.jams,797947,2,3,2,2,False,correction,mixed_by_complete_group,80,2,78,0,0.18663623929023743,0.32336702942848206,0.4899967312812805,0.6265624761581421,0.6317976117134094,0.06730879843235016
13859,0,00_SS1-68-E_solo.jams,911478,2,4,2,2,False,correction,mixed_by_complete_group,14,12,2,0,0.2515241205692291,0.20309817790985107,0.5453776717185974,0.1640625,0.572761595249176,0.17919215559959412
13867,0,00_SS1-68-E_solo.jams,931627,2,2,3,3,True,regression,mixed_by_complete_group,42,21,21,0,0.35329949855804443,0.36557260155677795,0.2811278700828552,0.5226934552192688,0.5491130352020264,0.11173051595687866
13910,0,00_SS1-68-E_solo.jams,1304878,2,3,2,2,False,correction,mixed_by_complete_group,2,1,1,0,0.33598896861076355,0.39876919984817505,0.2652418315410614,0.171875,0.40929242968559265,0.025207459926605225
13925,0,00_SS1-68-E_solo.jams,1383008,2,2,3,3,True,regression,local_rates_favor_correction_for_all_groups,28,28,0,0,0.3653185963630676,0.2755177319049835,0.35916370153427124,0.48046875,0.508804440498352,0.11817947030067444
13977,0,00_SS1-68-E_solo.jams,1555876,2,4,2,2,False,correction,local_rates_favor_correction_for_all_groups,69,69,0,0,0.3284078538417816,0.1610182821750641,0.5105738639831543,0.11073369532823563,0.6127534508705139,0.24807247519493103
13996,0,00_SS1-68-E_solo.jams,1595875,3,3,2,2,True,regression,local_rates_favor_correction_for_all_groups,109,109,0,0,0.33647269010543823,0.17585572600364685,0.48767155408859253,0.4909690320491791,0.80989009141922,0.2716975212097168
14061,0,00_SS1-68-E_solo.jams,1790220,1,3,2,2,False,neutral,mixed_by_complete_group,91,84,7,0,0.3572695851325989,0.23276695609092712,0.4099634289741516,0.26699861884117126,0.5344811081886292,0.10750152170658112
17276,0,01_BN2-166-Ab_comp.jams,5,5,3,2,2,False,neutral,local_rates_favor_correction_for_all_groups,2,2,0,0,0.45727717876434326,0.13906466960906982,0.4036581516265869,0.3046875,0.7256513833999634,0.38038554787635803
17296,0,01_BN2-166-Ab_comp.jams,46693,2,3,2,2,False,correction,mixed_by_complete_group,64,58,6,0,0.2856709957122803,0.25480902194976807,0.45952001214027405,0.690185546875,0.9061185121536255,0.36583155393600464
17321,0,01_BN2-166-Ab_comp.jams,126213,4,3,4,4,False,correction,mixed_by_complete_group,18,7,11,0,0.30598822236061096,0.31285369396209717,0.38115814328193665,0.2204861044883728,0.43043726682662964,0.031164824962615967
17339,0,01_BN2-166-Ab_comp.jams,174942,3,3,3,2,False,regression,mixed_by_complete_group,103,43,60,0,0.2553395628929138,0.22238944470882416,0.5222710371017456,0.3721177279949188,0.960498571395874,0.03563298285007477
17341,0,01_BN2-166-Ab_comp.jams,183373,1,3,2,2,False,neutral,mixed_by_complete_group,96,35,61,0,0.23926658928394318,0.22870810329914093,0.5320252776145935,0.3502604067325592,0.7822246551513672,0.2613208591938019
17370,0,01_BN2-166-Ab_comp.jams,279447,4,4,3,3,True,regression,local_rates_favor_regression_for_all_groups,62,0,62,0,0.31190791726112366,0.3961551785469055,0.2919369339942932,0.6628023982048035,0.5592052936553955,0.03501591086387634
17384,0,01_BN2-166-Ab_comp.jams,343590,4,3,4,4,False,correction,local_rates_favor_correction_for_all_groups,7,7,0,0,0.3591083586215973,0.3017752468585968,0.3391163945198059,0.1919642835855484,0.45004990696907043,0.011712104082107544
17391,0,01_BN2-166-Ab_comp.jams,359184,3,4,3,2,False,neutral,mixed_by_complete_group,88,8,80,0,0.16403494775295258,0.21438950300216675,0.6215755939483643,0.29811790585517883,0.6304531693458557,0.3315742015838623
17413,0,01_BN2-166-Ab_comp.jams,438684,4,4,3,3,True,regression,mixed_by_complete_group,85,25,60,0,0.3631904423236847,0.3710583448410034,0.2657512128353119,0.6459558606147766,0.503074586391449,0.0731668472290039
17425,0,01_BN2-166-Ab_comp.jams,492029,1,4,2,2,False,neutral,local_rates_favor_correction_for_all_groups,105,105,0,0,0.34886959195137024,0.17049433290958405,0.4806360900402069,0.17648810148239136,1.1336685419082642,0.03902164846658707
17446,0,01_BN2-166-Ab_comp.jams,557912,3,3,4,4,True,regression,mixed_by_complete_group,14,10,4,0,0.33770257234573364,0.29206418991088867,0.3702332675457001,0.0792410746216774,0.416830450296402,0.1417120099067688
17461,0,01_BN2-166-Ab_comp.jams,598152,3,3,2,2,True,regression,local_rates_favor_correction_for_all_groups,1,1,0,0,0.4083113372325897,0.26154354214668274,0.33014512062072754,0.1875,0.5095788836479187,0.03930935263633728
17472,0,01_BN2-166-Ab_comp.jams,621349,3,4,2,2,False,neutral,mixed_by_complete_group,9,3,6,0,0.18275992572307587,0.22261346876621246,0.5946266651153564,0.1701388955116272,0.6520952582359314,0.3305102288722992
17495,0,01_BN2-166-Ab_comp.jams,684721,4,4,3,3,True,regression,mixed_by_complete_group,63,12,51,0,0.361281156539917,0.3832171857357025,0.2555016577243805,0.739335298538208,0.660707950592041,0.0033600926399230957
17500,0,01_BN2-166-Ab_comp.jams,701138,2,4,2,2,False,correction,mixed_by_complete_group,109,30,79,0,0.25422775745391846,0.2890464663505554,0.45672574639320374,0.4015195071697235,0.6379740834236145,0.19421708583831787
17513,0,01_BN2-166-Ab_comp.jams,748397,2,4,2,2,False,correction,mixed_by_complete_group,117,115,2,0,0.28852424025535583,0.16217643022537231,0.5492992997169495,0.2013888955116272,1.1695114374160767,0.7637991905212402
17521,0,01_BN2-166-Ab_comp.jams,789833,5,4,3,3,False,neutral,mixed_by_complete_group,63,3,60,0,0.3309759199619293,0.4853423535823822,0.18368175625801086,0.7519841194152832,0.4668085277080536,0.11377841234207153
17526,0,01_BN2-166-Ab_comp.jams,812795,3,4,3,3,False,correction,mixed_by_complete_group,85,8,77,0,0.3394693434238434,0.40644368529319763,0.25408703088760376,0.6073529124259949,0.7138136029243469,0.5208957195281982
17549,0,01_BN2-166-Ab_comp.jams,885762,0,2,3,3,False,neutral,local_rates_favor_regression_for_all_groups,7,0,7,0,0.22368523478507996,0.3259344696998596,0.4503803253173828,0.5401785969734192,0.8146653771400452,0.20014306902885437
17579,0,01_BN2-166-Ab_comp.jams,980012,4,3,2,2,False,neutral,local_rates_favor_correction_for_all_groups,1,1,0,0,0.4104985296726227,0.27773919701576233,0.3117622435092926,0.109375,0.5031223297119141,0.07366788387298584
17585,0,01_BN2-166-Ab_comp.jams,1002348,4,3,3,2,False,neutral,local_rates_favor_regression_for_all_groups,2,0,2,0,0.185571551322937,0.31540966033935547,0.4990187883377075,0.2578125,0.4798974096775055,3.49879264831543e-05
23508,0,01_Jazz3-150-C_comp.jams,18220,3,4,3,3,False,correction,mixed_by_complete_group,94,29,64,1,0.3302749991416931,0.36466237902641296,0.3050626516342163,0.6708776354789734,0.8580201864242554,0.28145936131477356
23522,0,01_Jazz3-150-C_comp.jams,106488,1,2,3,3,False,neutral,local_rates_favor_regression_for_all_groups,1,0,1,0,0.2871928811073303,0.4229142367839813,0.28989291191101074,0.453125,0.7507543563842773,0.11376839876174927
23541,0,01_Jazz3-150-C_comp.jams,205761,0,3,2,2,False,neutral,mixed_by_complete_group,87,85,2,0,0.3225594758987427,0.19165611267089844,0.48578447103500366,0.3204022943973541,0.847693145275116,0.15510055422782898
23574,0,01_Jazz3-150-C_comp.jams,370335,3,4,3,3,False,correction,mixed_by_complete_group,101,31,69,1,0.3404810428619385,0.3661152422428131,0.2934037744998932,0.6344369053840637,0.9036417007446289,0.3706672489643097
23594,0,01_Jazz3-150-C_comp.jams,476496,3,3,2,2,True,regression,mixed_by_complete_group,72,44,28,0,0.2355324923992157,0.21686848998069763,0.5475990772247314,0.2855902910232544,1.2069722414016724,0.7457878589630127
23629,0,01_Jazz3-150-C_comp.jams,687803,2,2,3,3,True,regression,mixed_by_complete_group,71,5,66,0,0.3141215741634369,0.4063718914985657,0.2795065939426422,0.6324824094772339,0.723538339138031,0.15787816047668457
23665,0,01_Jazz3-150-C_comp.jams,933830,3,2,3,3,False,correction,mixed_by_complete_group,87,7,80,0,0.34109482169151306,0.4222511649131775,0.23665399849414825,0.4601293206214905,0.7350565195083618,0.2933330535888672
23695,0,01_Jazz3-150-C_comp.jams,1122959,2,2,3,3,True,regression,local_rates_favor_correction_for_all_groups,20,20,0,0,0.5047482848167419,0.33763787150382996,0.1576138585805893,0.6695312261581421,0.699111819267273,0.09701704978942871
25388,0,01_Rock2-142-D_comp.jams,57100,5,2,3,3,False,neutral,mixed_by_complete_group,58,47,11,0,0.4051266312599182,0.3834270238876343,0.21144631505012512,0.5630387663841248,0.48348453640937805,0.2001284658908844
25403,0,01_Rock2-142-D_comp.jams,104063,2,2,3,3,True,regression,mixed_by_complete_group,59,3,56,0,0.33821794390678406,0.41483908891677856,0.24694301187992096,0.44226694107055664,0.44160231947898865,0.12434211373329163
25421,0,01_Rock2-142-D_comp.jams,149836,4,4,3,3,True,regression,local_rates_favor_regression_for_all_groups,60,0,60,0,0.3121851682662964,0.40741926431655884,0.28039559721946716,0.7830728888511658,0.45011481642723083,0.007339417934417725
25485,0,01_Rock2-142-D_comp.jams,298121,2,3,2,2,False,correction,local_rates_favor_regression_for_all_groups,1,0,1,0,0.29562923312187195,0.31639325618743896,0.3879775106906891,0.171875,0.533746063709259,0.09733906388282776
25493,0,01_Rock2-142-D_comp.jams,315851,2,2,3,3,True,regression,local_rates_favor_correction_for_all_groups,2,2,0,0,0.4025594890117645,0.26671934127807617,0.3307211399078369,0.421875,0.6731661558151245,0.359790176153183
25544,0,01_Rock2-142-D_comp.jams,429103,4,3,4,4,False,correction,mixed_by_complete_group,25,3,21,1,0.2799838185310364,0.35488831996917725,0.36512792110443115,0.09875000268220901,0.495433509349823,0.18541166186332703
25562,0,01_Rock2-142-D_comp.jams,474195,2,4,2,2,False,correction,local_rates_favor_correction_for_all_groups,7,7,0,0,0.37097805738449097,0.16141633689403534,0.4676056206226349,0.1205357164144516,0.5056138634681702,0.11488978564739227
25575,0,01_Rock2-142-D_comp.jams,502269,2,4,2,2,False,correction,local_rates_favor_correction_for_all_groups,1,1,0,0,0.22649319469928741,0.10644589364528656,0.667060911655426,0.109375,0.5576870441436768,0.06777733564376831
25608,0,01_Rock2-142-D_comp.jams,577557,3,4,3,3,False,correction,local_rates_favor_regression_for_all_groups,9,0,9,0,0.3042263686656952,0.33192628622055054,0.3638473153114319,0.6354166865348816,0.5537240505218506,0.3503792881965637
25617,0,01_Rock2-142-D_comp.jams,596309,5,4,3,3,False,neutral,mixed_by_complete_group,62,49,13,0,0.37283265590667725,0.3216891884803772,0.30547818541526794,0.65625,0.5360188484191895,0.34296342730522156
25631,0,01_Rock2-142-D_comp.jams,623557,4,3,2,2,False,neutral,mixed_by_complete_group,50,20,30,0,0.3006078600883484,0.2941437363624573,0.4052484631538391,0.38093748688697815,0.5294026136398315,0.2866818904876709
25632,0,01_Rock2-142-D_comp.jams,625348,2,4,3,3,False,neutral,mixed_by_complete_group,61,2,59,0,0.2861461937427521,0.36533835530281067,0.34851542115211487,0.6454917788505554,0.4849407970905304,0.07980930805206299
25645,0,01_Rock2-142-D_comp.jams,652479,4,3,4,4,False,correction,local_rates_favor_regression_for_all_groups,4,0,4,0,0.24512141942977905,0.38440707325935364,0.3704715073108673,0.06640625,0.5346965789794922,0.19091664254665375
25646,0,01_Rock2-142-D_comp.jams,654246,2,3,2,2,False,correction,mixed_by_complete_group,51,9,42,0,0.25102168321609497,0.33217236399650574,0.4168059825897217,0.33118873834609985,0.557202935218811,0.19228637218475342
25662,0,01_Rock2-142-D_comp.jams,699643,3,4,3,3,False,correction,mixed_by_complete_group,60,4,56,0,0.3019561171531677,0.33885180950164795,0.3591921031475067,0.9276041388511658,0.4284682869911194,0.0018578767776489258
25671,0,01_Rock2-142-D_comp.jams,728041,3,4,3,3,False,correction,mixed_by_complete_group,64,13,51,0,0.34057101607322693,0.3638416528701782,0.29558736085891724,0.8173828125,0.5516858696937561,0.2839699685573578
25725,0,01_Rock2-142-D_comp.jams,848055,4,3,2,2,False,neutral,local_rates_favor_correction_for_all_groups,6,6,0,0,0.3598698377609253,0.2681250274181366,0.3720051348209381,0.4375,0.4693509638309479,0.20893217623233795
25733,0,01_Rock2-142-D_comp.jams,865404,2,2,3,3,True,regression,mixed_by_complete_group,2,1,1,0,0.33649754524230957,0.3597736954689026,0.30372875928878784,0.296875,0.5851098299026489,0.3355202078819275
25737,0,01_Rock2-142-D_comp.jams,875794,4,3,4,4,False,correction,mixed_by_complete_group,39,27,10,2,0.3484073579311371,0.3016241490840912,0.34996849298477173,0.1041666641831398,0.4738672077655792,0.2988165020942688
25777,0,01_Rock2-142-D_comp.jams,968937,2,3,2,2,False,correction,local_rates_favor_correction_for_all_groups,5,5,0,0,0.3600276708602905,0.31966984272003174,0.3203025162220001,0.36250001192092896,0.6613502502441406,0.1319933533668518
25807,0,01_Rock2-142-D_comp.jams,1043507,2,3,2,2,False,correction,local_rates_favor_correction_for_all_groups,26,26,0,0,0.3582495152950287,0.28035968542099,0.3613908886909485,0.3485576808452606,0.5242527723312378,0.08250865340232849
25808,0,01_Rock2-142-D_comp.jams,1045272,2,2,3,3,True,regression,local_rates_favor_regression_for_all_groups,62,0,62,0,0.24289657175540924,0.47971615195274353,0.2773873507976532,0.3472782373428345,0.4229717552661896,0.09751176834106445
28083,0,01_Rock3-148-C_comp.jams,49744,2,3,2,2,False,correction,mixed_by_complete_group,63,59,4,0,0.3638479709625244,0.2837384343147278,0.352413535118103,0.3603670597076416,0.6118903160095215,0.45491084456443787
28127,0,01_Rock3-148-C_comp.jams,215174,2,3,2,2,False,correction,mixed_by_complete_group,59,38,21,0,0.26655492186546326,0.2372213900089264,0.49622371792793274,0.33765891194343567,0.7834813594818115,0.14227071404457092
28133,0,01_Rock3-148-C_comp.jams,250184,2,4,3,3,False,neutral,mixed_by_complete_group,70,13,57,0,0.33472931385040283,0.37019482254981995,0.2950758934020996,0.8310267925262451,0.6453561186790466,0.31030699610710144
28138,0,01_Rock3-148-C_comp.jams,259490,2,2,3,3,True,regression,mixed_by_complete_group,10,9,1,0,0.34760287404060364,0.33097925782203674,0.3214178681373596,0.3578124940395355,0.7440651655197144,0.36428582668304443
28146,0,01_Rock3-148-C_comp.jams,277031,0,3,2,2,False,neutral,mixed_by_complete_group,83,22,61,0,0.27042776346206665,0.27139419317245483,0.4581780433654785,0.6073042154312134,0.9167132377624512,0.44756630063056946
28180,0,01_Rock3-148-C_comp.jams,367035,1,2,3,3,False,neutral,mixed_by_complete_group,32,29,3,0,0.35469192266464233,0.27876126766204834,0.36654677987098694,0.35498046875,0.6084802150726318,0.22041773796081543
28200,0,01_Rock3-148-C_comp.jams,429033,2,4,3,3,False,neutral,local_rates_favor_correction_for_all_groups,62,62,0,0,0.45781609416007996,0.29287922382354736,0.2493046522140503,0.703125,0.5115006566047668,0.01991969347000122
28220,0,01_Rock3-148-C_comp.jams,478284,2,2,2,3,False,regression,mixed_by_complete_group,19,3,16,0,0.27270567417144775,0.3156524896621704,0.41164183616638184,0.2212171107530594,0.7246915698051453,0.14513075351715088
28222,0,01_Rock3-148-C_comp.jams,482415,1,3,2,2,False,neutral,local_rates_favor_correction_for_all_groups,91,91,0,0,0.3228698670864105,0.14940667152404785,0.5277233719825745,0.6021634340286255,0.7927645444869995,0.044822338968515396
28251,0,01_Rock3-148-C_comp.jams,572059,2,4,3,3,False,neutral,mixed_by_complete_group,84,29,55,0,0.3518291115760803,0.37837544083595276,0.26979541778564453,0.6984747052192688,0.5532680153846741,0.2880001664161682
28269,0,01_Rock3-148-C_comp.jams,625810,2,2,3,3,True,regression,mixed_by_complete_group,23,11,12,0,0.33758634328842163,0.33344733715057373,0.32896625995635986,0.17255434393882751,0.6361933350563049,0.2409673035144806
28280,0,01_Rock3-148-C_comp.jams,654259,1,3,2,2,False,neutral,local_rates_favor_regression_for_all_groups,64,0,64,0,0.2077048420906067,0.3528299331665039,0.4394652247428894,0.488525390625,0.6214213967323303,0.03649759292602539
28311,0,01_Rock3-148-C_comp.jams,764065,2,3,2,2,False,correction,local_rates_favor_correction_for_all_groups,62,62,0,0,0.29451116919517517,0.15742583572864532,0.5480629801750183,0.3344253897666931,0.678188681602478,0.2533087730407715
28318,0,01_Rock3-148-C_comp.jams,787278,1,4,2,2,False,neutral,mixed_by_complete_group,70,67,3,0,0.3104400932788849,0.1729160100221634,0.5166440010070801,0.1997767835855484,0.6614598631858826,0.23250463604927063
28338,0,01_Rock3-148-C_comp.jams,836738,1,2,3,3,False,neutral,mixed_by_complete_group,50,1,49,0,0.27899786829948425,0.3817613124847412,0.33924078941345215,0.40031251311302185,0.682919979095459,0.15476618707180023
28344,0,01_Rock3-148-C_comp.jams,849074,1,3,3,2,False,neutral,mixed_by_complete_group,70,69,1,0,0.41511133313179016,0.27964305877685547,0.30524563789367676,0.49754464626312256,0.7124146223068237,0.04588210582733154
28347,0,01_Rock3-148-C_comp.jams,858568,2,3,4,4,False,neutral,mixed_by_complete_group,30,1,27,2,0.2546316981315613,0.3451271653175354,0.4002411663532257,0.18281249701976776,0.4606541395187378,0.2975251376628876
28365,0,01_Rock3-148-C_comp.jams,908763,2,2,2,3,False,regression,mixed_by_complete_group,63,57,6,0,0.36373454332351685,0.2798096239566803,0.35645586252212524,0.497519850730896,0.6671339273452759,0.014604806900024414
28376,0,01_Rock3-148-C_comp.jams,930742,2,4,3,3,False,neutral,local_rates_favor_regression_for_all_groups,2,0,2,0,0.33817875385284424,0.3906681537628174,0.2711530923843384,0.734375,0.6442486643791199,0.26502615213394165
28381,0,01_Rock3-148-C_comp.jams,940758,0,2,3,3,False,neutral,local_rates_favor_regression_for_all_groups,5,0,5,0,0.32078811526298523,0.3888855576515198,0.290326327085495,0.421875,0.5903266072273254,0.0673665851354599
28405,0,01_Rock3-148-C_comp.jams,1002228,2,2,3,3,True,regression,local_rates_favor_correction_for_all_groups,63,63,0,0,0.401391863822937,0.3089290261268616,0.28967905044555664,0.5853174328804016,0.7226879000663757,0.2803187966346741
28454,0,01_Rock3-148-C_comp.jams,1135166,2,2,4,4,True,regression,local_rates_favor_regression_for_all_groups,25,0,25,0,0.06299981474876404,0.4652844965457916,0.47171562910079956,0.06062500178813934,0.6549633145332336,0.1398356407880783
28713,0,01_SS1-68-E_comp.jams,119889,3,3,2,2,True,regression,local_rates_favor_regression_for_all_groups,1,0,1,0,0.27438637614250183,0.290815532207489,0.43479809165000916,0.75,0.5252965688705444,0.0265980064868927
28737,0,01_SS1-68-E_comp.jams,183667,0,3,2,2,False,neutral,mixed_by_complete_group,100,90,10,0,0.303943008184433,0.24859824776649475,0.44745877385139465,0.6346874833106995,0.5414955019950867,0.11160801351070404
28842,0,01_SS1-68-E_comp.jams,428960,3,3,2,2,True,regression,local_rates_favor_correction_for_all_groups,1,1,0,0,0.30267512798309326,0.25326117873191833,0.4440636932849884,0.765625,0.6398076415061951,0.04976092278957367
28883,0,01_SS1-68-E_comp.jams,545536,2,2,3,3,True,regression,mixed_by_complete_group,56,49,7,0,0.41972216963768005,0.3580792546272278,0.2221985161304474,0.4282924234867096,0.4799981713294983,0.034199416637420654
28889,0,01_SS1-68-E_comp.jams,558377,1,2,3,3,False,neutral,mixed_by_complete_group,63,1,62,0,0.3212697505950928,0.41638481616973877,0.26234546303749084,0.4089781641960144,0.4764314889907837,0.011711597442626953
28983,0,01_SS1-68-E_comp.jams,779500,1,4,4,2,False,neutral,mixed_by_complete_group,28,14,14,0,0.17508254945278168,0.16430340707302094,0.6606140732765198,0.09765625,0.4727156460285187,0.005520284175872803
29000,0,01_SS1-68-E_comp.jams,819773,3,4,3,3,False,correction,mixed_by_complete_group,61,50,11,0,0.27202990651130676,0.23465560376644135,0.4933145344257355,0.7000512480735779,0.5000940561294556,0.2416466474533081
29057,0,01_SS1-68-E_comp.jams,959527,2,3,2,2,False,correction,local_rates_favor_correction_for_all_groups,79,79,0,0,0.39488598704338074,0.20702014863491058,0.3980938494205475,0.6058148741722107,0.5086527466773987,0.3559276759624481
29092,0,01_SS1-68-E_comp.jams,1052002,3,3,2,2,True,regression,local_rates_favor_regression_for_all_groups,1,0,1,0,0.24940617382526398,0.34595051407814026,0.40464332699775696,0.78125,0.54755699634552,0.30915969610214233
29261,0,01_SS1-68-E_comp.jams,1479735,2,3,2,2,False,correction,mixed_by_complete_group,56,4,52,0,0.25138184428215027,0.358428031206131,0.39019012451171875,0.2993861734867096,0.45465588569641113,0.012865781784057617
29286,0,01_SS1-68-E_comp.jams,1557084,3,3,4,4,True,regression,local_rates_favor_regression_for_all_groups,1,0,1,0,0.29446786642074585,0.3301910161972046,0.37534111738204956,0.265625,0.4801076054573059,0.004668861627578735
29337,0,01_SS1-68-E_comp.jams,1671114,1,3,2,2,False,neutral,local_rates_favor_correction_for_all_groups,102,102,0,0,0.37430089712142944,0.15052717924118042,0.47517189383506775,0.6524203419685364,0.9475226402282715,0.6718409657478333
29574,0,01_SS1-68-E_solo.jams,1447577,0,2,2,3,False,neutral,local_rates_favor_regression_for_all_groups,1,0,1,0,0.23465116322040558,0.3319767415523529,0.4333720803260803,0.4375,1.1732709407806396,0.06759770214557648
33024,0,02_BN2-166-Ab_comp.jams,64315,2,2,3,3,True,regression,mixed_by_complete_group,72,71,1,0,0.44948312640190125,0.31581342220306396,0.2347034066915512,0.630859375,0.49396970868110657,0.038782089948654175
33136,0,02_BN2-166-Ab_comp.jams,454941,2,2,3,3,True,regression,mixed_by_complete_group,17,12,5,0,0.39136600494384766,0.38100090622901917,0.2276330590248108,0.5009191036224365,0.5612651705741882,0.05697140097618103
33165,0,02_BN2-166-Ab_comp.jams,534869,4,2,3,3,False,neutral,mixed_by_complete_group,5,3,2,0,0.3324057459831238,0.3395591676235199,0.3280351161956787,0.390625,0.4665473401546478,0.12244939804077148
33198,0,02_BN2-166-Ab_comp.jams,709024,2,3,2,2,False,correction,mixed_by_complete_group,49,4,45,0,0.2561453580856323,0.29668983817100525,0.4471648037433624,0.08131377398967743,0.5151450634002686,0.1596146523952484
33218,0,02_BN2-166-Ab_comp.jams,797467,3,2,2,3,False,correction,mixed_by_complete_group,17,16,1,0,0.3678634762763977,0.3155064880847931,0.3166300356388092,0.3023897111415863,0.5155076384544373,0.0447639524936676
33235,0,02_BN2-166-Ab_comp.jams,861135,3,2,3,3,False,correction,local_rates_favor_regression_for_all_groups,58,0,58,0,0.23113249242305756,0.47943171858787537,0.2894357442855835,0.2909482717514038,0.6448336243629456,0.481067419052124
33285,0,02_BN2-166-Ab_comp.jams,1013396,2,2,3,3,True,regression,local_rates_favor_regression_for_all_groups,15,0,15,0,0.28447821736335754,0.4342370927333832,0.2812846899032593,0.33541667461395264,0.48005667328834534,0.18885383009910583
39170,0,02_Jazz3-150-C_comp.jams,194445,2,3,2,2,False,correction,mixed_by_complete_group,59,14,45,0,0.24254123866558075,0.2684476971626282,0.4890110492706299,0.1875,0.5159087777137756,0.1476856768131256
39209,0,02_Jazz3-150-C_comp.jams,300642,4,2,2,3,False,neutral,local_rates_favor_correction_for_all_groups,3,3,0,0,0.35631975531578064,0.3316499888896942,0.31203025579452515,0.40625,0.5590684413909912,0.003053516149520874
39276,0,02_Jazz3-150-C_comp.jams,452849,4,2,3,3,False,neutral,local_rates_favor_correction_for_all_groups,14,14,0,0,0.40808960795402527,0.31324848532676697,0.27866190671920776,0.5926339030265808,0.4828304946422577,0.04952132701873779
39405,0,02_Jazz3-150-C_comp.jams,757882,4,3,2,2,False,neutral,mixed_by_complete_group,62,61,1,0,0.3326157331466675,0.23095591366291046,0.4364283084869385,0.35080644488334656,0.7042037844657898,0.11511954665184021
39506,0,02_Jazz3-150-C_comp.jams,1005788,4,3,3,2,False,neutral,local_rates_favor_regression_for_all_groups,1,0,1,0,0.2925073504447937,0.3302074372768402,0.3772852122783661,0.234375,0.5483274459838867,0.018127620220184326
39516,0,02_Jazz3-150-C_comp.jams,1025345,2,2,3,3,True,regression,mixed_by_complete_group,21,6,15,0,0.342521607875824,0.3631441593170166,0.2943342328071594,0.2611607015132904,0.6275799870491028,0.12544292211532593
39766,0,02_Jazz3-150-C_solo.jams,859879,1,3,3,2,False,neutral,local_rates_favor_correction_for_all_groups,119,119,0,0,0.33792707324028015,0.14886558055877686,0.5132073163986206,0.504332959651947,1.2961829900741577,0.005284873303025961
40904,0,02_Rock2-142-D_comp.jams,29305,3,3,4,4,True,regression,local_rates_favor_correction_for_all_groups,1,1,0,0,0.53125,0.2708333432674408,0.1979166716337204,0.1875,0.524966835975647,0.08822137117385864
40961,0,02_Rock2-142-D_comp.jams,176507,3,2,3,3,False,correction,local_rates_favor_correction_for_all_groups,40,40,0,0,0.4503439962863922,0.3499508500099182,0.1997051239013672,0.585156261920929,0.7290598750114441,0.20993256568908691
41009,0,02_Rock2-142-D_comp.jams,327142,2,2,3,3,True,regression,local_rates_favor_correction_for_all_groups,63,63,0,0,0.467071533203125,0.32802167534828186,0.20490677654743195,0.5942460298538208,0.5957120656967163,0.08231961727142334
41074,0,02_Rock2-142-D_comp.jams,543141,3,2,3,3,False,correction,mixed_by_complete_group,54,6,48,0,0.29932570457458496,0.36462780833244324,0.3360464870929718,0.36400464177131653,0.5677083134651184,0.18272536993026733
41089,0,02_Rock2-142-D_comp.jams,577912,4,2,3,3,False,neutral,mixed_by_complete_group,31,26,5,0,0.3597868084907532,0.33164918422698975,0.30856406688690186,0.3286290466785431,0.5618903636932373,0.09757950901985168
41136,0,02_Rock2-142-D_comp.jams,700069,3,2,3,3,False,correction,mixed_by_complete_group,62,34,28,0,0.4024212956428528,0.3921279311180115,0.20545072853565216,0.6502016186714172,0.665469229221344,0.29577699303627014
41213,0,02_Rock2-142-D_comp.jams,923641,4,2,3,3,False,neutral,local_rates_favor_correction_for_all_groups,6,6,0,0,0.350654274225235,0.315030038356781,0.3343156576156616,0.6119791865348816,0.7022815346717834,0.1739245355129242
41242,0,02_Rock2-142-D_comp.jams,997545,3,3,4,4,True,regression,mixed_by_complete_group,59,44,15,0,0.3370954990386963,0.2701662480831146,0.3927382826805115,0.21451270580291748,0.4177928566932678,0.07717961072921753
41311,0,02_Rock2-142-D_comp.jams,1174899,5,2,3,3,False,neutral,local_rates_favor_regression_for_all_groups,60,0,60,0,0.32654625177383423,0.41221883893013,0.26123496890068054,0.5315104126930237,0.41583314538002014,0.2039961814880371
42995,0,02_Rock3-148-C_comp.jams,82175,4,3,4,4,False,correction,local_rates_favor_regression_for_all_groups,2,0,2,0,0.20421051979064941,0.35595712065696716,0.4398323893547058,0.046875,0.540317714214325,0.23554539680480957
43001,0,02_Rock3-148-C_comp.jams,99814,5,3,4,4,False,neutral,mixed_by_complete_group,11,1,9,1,0.3008040487766266,0.3522692322731018,0.3469267189502716,0.1661931872367859,0.523441731929779,0.20603570342063904
43050,0,02_Rock3-148-C_comp.jams,216338,4,4,3,3,True,regression,mixed_by_complete_group,17,2,15,0,0.3023872971534729,0.3534078299999237,0.3442048728466034,0.7977941036224365,0.5009326934814453,0.006970763206481934
43075,0,02_Rock3-148-C_comp.jams,270166,5,4,3,3,False,neutral,mixed_by_complete_group,66,34,32,0,0.34441810846328735,0.3329804837703705,0.32260140776634216,0.5745738744735718,0.7239114046096802,0.5972099304199219
43079,0,02_Rock3-148-C_comp.jams,279033,1,3,2,2,False,neutral,mixed_by_complete_group,111,109,2,0,0.3646344840526581,0.20958223938941956,0.42578330636024475,0.5886824131011963,0.8324399590492249,0.13695576786994934
43086,0,02_Rock3-148-C_comp.jams,295441,3,2,2,3,False,correction,local_rates_favor_correction_for_all_groups,18,18,0,0,0.31512749195098877,0.24287836253643036,0.44199416041374207,0.3506944477558136,0.5379940867424011,0.0027183890342712402
43092,0,02_Rock3-148-C_comp.jams,313516,4,4,3,3,True,regression,mixed_by_complete_group,44,43,1,0,0.37234944105148315,0.3291228711605072,0.29852768778800964,0.6857244372367859,0.6239079236984253,0.011488169431686401
43105,0,02_Rock3-148-C_comp.jams,340296,4,2,3,3,False,neutral,mixed_by_complete_group,63,26,37,0,0.3377453684806824,0.35001084208488464,0.31224384903907776,0.2589285671710968,0.5968860387802124,0.029541462659835815
43111,0,02_Rock3-148-C_comp.jams,354487,3,3,2,2,True,regression,local_rates_favor_correction_for_all_groups,103,103,0,0,0.429103821516037,0.15326537191867828,0.41763079166412354,0.543385922908783,0.8525032997131348,0.7836326956748962
43113,0,02_Rock3-148-C_comp.jams,358756,4,3,2,2,False,neutral,mixed_by_complete_group,48,5,43,0,0.22256100177764893,0.25582101941108704,0.5216179490089417,0.46875,0.5362291932106018,0.031101107597351074
43117,0,02_Rock3-148-C_comp.jams,367487,2,3,2,2,False,correction,mixed_by_complete_group,115,112,1,2,0.3204040825366974,0.1867510825395584,0.49284490942955017,0.6120923757553101,0.6442213654518127,0.059332236647605896
43147,0,02_Rock3-148-C_comp.jams,438584,2,2,3,3,True,regression,local_rates_favor_correction_for_all_groups,37,37,0,0,0.4165824055671692,0.2575956881046295,0.3258219361305237,0.4121621549129486,0.5889515280723572,0.18930277228355408
43161,0,02_Rock3-148-C_comp.jams,473026,1,3,2,2,False,neutral,mixed_by_complete_group,108,106,2,0,0.2967640161514282,0.20169638097286224,0.5015395879745483,0.5458622574806213,0.5714415311813354,0.15502241253852844
43166,0,02_Rock3-148-C_comp.jams,483504,4,3,4,4,False,correction,local_rates_favor_regression_for_all_groups,4,0,4,0,0.23627880215644836,0.34727081656455994,0.4164503812789917,0.140625,0.5253202319145203,0.6064838767051697
43175,0,02_Rock3-148-C_comp.jams,502376,4,3,4,4,False,correction,local_rates_favor_regression_for_all_groups,4,0,4,0,0.2198702096939087,0.3476587235927582,0.43247106671333313,0.140625,0.565314769744873,0.08670294284820557
43211,0,02_Rock3-148-C_comp.jams,571984,3,4,3,3,False,correction,mixed_by_complete_group,62,1,61,0,0.3056776225566864,0.3968624770641327,0.2974599003791809,0.6890121102333069,0.5011655688285828,0.04735296964645386
43221,0,02_Rock3-148-C_comp.jams,599208,4,3,4,4,False,correction,mixed_by_complete_group,57,22,32,3,0.30010637640953064,0.3317311406135559,0.3681624233722687,0.280975878238678,0.5822588205337524,0.13362807035446167
43235,0,02_Rock3-148-C_comp.jams,627842,4,3,2,2,False,neutral,local_rates_favor_regression_for_all_groups,1,0,1,0,0.19136366248130798,0.2679212987422943,0.5407150387763977,0.421875,0.49999570846557617,0.2000468671321869
43242,0,02_Rock3-148-C_comp.jams,644462,5,4,2,2,False,neutral,mixed_by_complete_group,73,53,20,0,0.1761130839586258,0.15739776194095612,0.6664891242980957,0.1633133590221405,0.5314816236495972,0.3847588896751404
43253,0,02_Rock3-148-C_comp.jams,672570,2,2,3,3,True,regression,mixed_by_complete_group,39,2,37,0,0.3409143388271332,0.4237792193889618,0.23530647158622742,0.4370993673801422,0.49414682388305664,0.26479679346084595
43266,0,02_Rock3-148-C_comp.jams,699084,4,2,2,3,False,neutral,mixed_by_complete_group,48,21,27,0,0.3589414060115814,0.38983502984046936,0.25122347474098206,0.2138671875,0.8158316016197205,0.027456700801849365
43268,0,02_Rock3-148-C_comp.jams,703355,3,3,2,2,True,regression,local_rates_favor_correction_for_all_groups,116,116,0,0,0.46878373622894287,0.15481767058372498,0.37639862298965454,0.5339439511299133,0.8864209651947021,0.2522929906845093
43296,0,02_Rock3-148-C_comp.jams,769828,4,3,4,4,False,correction,mixed_by_complete_group,8,1,6,1,0.2714000642299652,0.3342916965484619,0.3943082392215729,0.0546875,0.5063146948814392,0.1999184787273407
43303,0,02_Rock3-148-C_comp.jams,787187,4,2,3,3,False,neutral,mixed_by_complete_group,49,48,1,0,0.41243505477905273,0.32526177167892456,0.2623031437397003,0.5803571343421936,0.5083218216896057,0.1898658126592636
43330,0,02_Rock3-148-C_comp.jams,845163,2,3,2,2,False,correction,local_rates_favor_correction_for_all_groups,61,61,0,0,0.3322005569934845,0.19808092713356018,0.4697185158729553,0.703125,0.634347140789032,0.297806978225708
43396,0,02_Rock3-148-C_comp.jams,997480,1,3,2,2,False,neutral,local_rates_favor_correction_for_all_groups,101,101,0,0,0.43144047260284424,0.1059584766626358,0.4626010060310364,0.46844059228897095,0.7272136211395264,0.3522855341434479
43429,0,02_Rock3-148-C_comp.jams,1072724,2,3,2,2,False,correction,local_rates_favor_correction_for_all_groups,2,2,0,0,0.38786008954048157,0.2549501061439514,0.357189804315567,0.25,0.653422474861145,0.43080100417137146
43438,0,02_Rock3-148-C_comp.jams,1091078,5,2,3,3,False,neutral,mixed_by_complete_group,51,48,3,0,0.38926979899406433,0.3045169711112976,0.30621322989463806,0.30974265933036804,0.5564266443252563,0.17863404750823975
43457,0,02_Rock3-148-C_comp.jams,1128342,5,2,3,3,False,neutral,mixed_by_complete_group,49,36,13,0,0.4116685688495636,0.38929006457328796,0.19904136657714844,0.3689413368701935,0.44703584909439087,0.1038808524608612
43632,0,02_SS1-68-E_comp.jams,56390,1,4,3,3,False,neutral,local_rates_favor_regression_for_all_groups,3,0,3,0,0.2412174493074417,0.44243183732032776,0.31635066866874695,0.6197916865348816,0.5308141708374023,0.08561502397060394
43865,0,02_SS1-68-E_comp.jams,624205,1,4,2,2,False,neutral,mixed_by_complete_group,119,10,109,0,0.21235740184783936,0.3684627413749695,0.41917985677719116,0.3785451650619507,0.5984421968460083,0.42689675092697144
43872,0,02_SS1-68-E_comp.jams,651451,1,3,2,2,False,neutral,mixed_by_complete_group,96,73,23,0,0.33483025431632996,0.2748861014842987,0.3902836740016937,0.4454752504825592,0.6113605499267578,0.07390251755714417
43889,0,02_SS1-68-E_comp.jams,690933,0,4,4,2,False,neutral,mixed_by_complete_group,99,36,63,0,0.23080886900424957,0.2524853050708771,0.5167058110237122,0.2460542917251587,0.5632729530334473,0.014798387885093689
43895,0,02_SS1-68-E_comp.jams,704663,1,2,3,3,False,neutral,local_rates_favor_regression_for_all_groups,30,0,30,0,0.2519945502281189,0.43714866042137146,0.31085675954818726,0.453125,0.45904725790023804,0.08365458250045776
43948,0,02_SS1-68-E_comp.jams,875873,0,4,2,2,False,neutral,local_rates_favor_regression_for_all_groups,4,0,4,0,0.19137714803218842,0.27732008695602417,0.531302809715271,0.26171875,0.4698649048805237,0.08677542209625244
43976,0,02_SS1-68-E_comp.jams,974275,1,3,3,2,False,neutral,local_rates_favor_regression_for_all_groups,63,0,63,0,0.17795822024345398,0.38147860765457153,0.44056323170661926,0.6197916865348816,0.6479525566101074,0.0073770880699157715
44104,0,02_SS1-68-E_comp.jams,1300132,1,4,2,2,False,neutral,mixed_by_complete_group,57,39,18,0,0.22411024570465088,0.20386655628681183,0.5720231533050537,0.26507675647735596,0.6199355125427246,0.1405974179506302
44127,0,02_SS1-68-E_comp.jams,1378631,1,4,2,2,False,neutral,mixed_by_complete_group,108,30,78,0,0.2176930457353592,0.2474697381258011,0.5348371863365173,0.32190394401550293,0.7754709720611572,0.11841090023517609
44144,0,02_SS1-68-E_comp.jams,1424022,0,3,2,2,False,neutral,mixed_by_complete_group,107,67,40,0,0.3364570140838623,0.26478058099746704,0.39876246452331543,0.4561915993690491,0.6147141456604004,0.052875347435474396
44188,0,02_SS1-68-E_comp.jams,1544776,1,4,2,2,False,neutral,mixed_by_complete_group,22,9,13,0,0.22893700003623962,0.27149346470832825,0.4995695948600769,0.21732954680919647,0.6090070009231567,0.19609493017196655
44211,0,02_SS1-68-E_comp.jams,1624773,1,3,2,2,False,neutral,mixed_by_complete_group,103,101,2,0,0.42972245812416077,0.27294236421585083,0.2973351776599884,0.4499393105506897,0.6255525946617126,0.3022676706314087
44304,0,02_SS1-68-E_solo.jams,5,1,2,3,3,False,neutral,local_rates_favor_regression_for_all_groups,4,0,4,0,0.31299152970314026,0.3799903392791748,0.3070181608200073,0.3359375,0.7552268505096436,0.052043259143829346
44350,0,02_SS1-68-E_solo.jams,333732,1,4,2,2,False,neutral,mixed_by_complete_group,115,53,62,0,0.23094363510608673,0.21556474268436432,0.5534915924072266,0.352989137172699,1.3778184652328491,0.06417201459407806
44639,0,02_SS1-68-E_solo.jams,1704547,1,3,2,2,False,neutral,local_rates_favor_correction_for_all_groups,70,70,0,0,0.3145800232887268,0.17512494325637817,0.5102949142456055,0.5022321343421936,0.7692769765853882,0.4195724427700043
47968,0,03_BN2-166-Ab_comp.jams,12,4,2,3,3,False,neutral,local_rates_favor_correction_for_all_groups,3,3,0,0,0.4612617790699005,0.3579513132572174,0.1807868927717209,0.546875,0.5898114442825317,0.281512051820755
47974,0,03_BN2-166-Ab_comp.jams,15631,3,4,4,2,False,neutral,mixed_by_complete_group,9,8,1,0,0.2876693606376648,0.21429993212223053,0.49803072214126587,0.1145833358168602,0.5881140232086182,0.013052552938461304
47992,0,03_BN2-166-Ab_comp.jams,72224,4,4,2,2,True,regression,mixed_by_complete_group,117,68,49,0,0.27089017629623413,0.2371118813753128,0.49199795722961426,0.5430021286010742,0.8284636735916138,0.7864644527435303
48011,0,03_BN2-166-Ab_comp.jams,159267,1,4,2,2,False,neutral,mixed_by_complete_group,117,52,65,0,0.2728041112422943,0.26411911845207214,0.46307677030563354,0.4413728713989258,0.7656201720237732,0.7063282132148743
48013,0,03_BN2-166-Ab_comp.jams,182893,4,4,2,2,True,regression,mixed_by_complete_group,92,24,68,0,0.2563534379005432,0.3071533441543579,0.4364932179450989,0.47435462474823,0.7645313143730164,0.19895154237747192
48014,0,03_BN2-166-Ab_comp.jams,200262,4,4,2,2,True,regression,mixed_by_complete_group,114,39,75,0,0.2706475555896759,0.2866657078266144,0.44268670678138733,0.47478070855140686,0.7038540244102478,0.5847169160842896
48036,0,03_BN2-166-Ab_comp.jams,286879,1,3,2,2,False,neutral,mixed_by_complete_group,100,92,8,0,0.4164131283760071,0.30405300855636597,0.27953386306762695,0.4975000023841858,0.7152736783027649,0.17061427235603333
48047,0,03_BN2-166-Ab_comp.jams,351333,3,2,3,3,False,correction,mixed_by_complete_group,56,8,48,0,0.3077074885368347,0.40336892008781433,0.28892359137535095,0.3429129421710968,0.5330367684364319,0.17500388622283936
48077,0,03_BN2-166-Ab_comp.jams,454432,3,3,4,4,True,regression,mixed_by_complete_group,61,48,13,0,0.35896578431129456,0.27986249327659607,0.3611717224121094,0.24359631538391113,0.6459202766418457,0.11609047651290894
48081,0,03_BN2-166-Ab_comp.jams,470748,1,4,2,2,False,neutral,mixed_by_complete_group,117,64,53,0,0.3100571632385254,0.2781127095222473,0.41183018684387207,0.3684561848640442,0.7160687446594238,0.539583146572113
48090,0,03_BN2-166-Ab_comp.jams,509257,4,2,4,4,False,correction,local_rates_favor_regression_for_all_groups,17,0,17,0,0.04374748468399048,0.3819817006587982,0.5742707848548889,0.12591911852359772,0.7629746198654175,0.45189639925956726
48096,0,03_BN2-166-Ab_comp.jams,525512,3,4,2,2,False,neutral,mixed_by_complete_group,77,61,16,0,0.2893981337547302,0.2039327323436737,0.5066691040992737,0.12073863297700882,0.5881567001342773,0.13037073612213135
48128,0,03_BN2-166-Ab_comp.jams,622726,2,4,2,2,False,correction,mixed_by_complete_group,106,84,22,0,0.24637243151664734,0.17139434814453125,0.5822332501411438,0.21963442862033844,0.8594979047775269,0.8176047801971436
48141,0,03_BN2-166-Ab_comp.jams,670270,1,4,2,2,False,neutral,mixed_by_complete_group,120,70,50,0,0.2851225435733795,0.2513330578804016,0.46354439854621887,0.5401041507720947,1.089964747428894,0.6853137016296387
48143,0,03_BN2-166-Ab_comp.jams,694137,4,4,3,3,True,regression,mixed_by_complete_group,68,19,49,0,0.3466019630432129,0.361864298582077,0.2915337085723877,0.658318042755127,0.5228312015533447,0.12616422772407532
48151,0,03_BN2-166-Ab_comp.jams,733579,3,3,2,2,True,regression,mixed_by_complete_group,86,25,61,0,0.24591337144374847,0.31485646963119507,0.4392302334308624,0.47183865308761597,0.6033402681350708,0.26646387577056885
48167,0,03_BN2-166-Ab_comp.jams,797444,1,4,2,2,False,neutral,mixed_by_complete_group,96,64,32,0,0.276940256357193,0.22446949779987335,0.49859023094177246,0.3439127504825592,0.7368521094322205,0.1246413141489029
48172,0,03_BN2-166-Ab_comp.jams,836774,4,4,2,2,True,regression,mixed_by_complete_group,75,22,53,0,0.2683393955230713,0.3013107180595398,0.43034982681274414,0.42875000834465027,0.6665809750556946,0.0029493868350982666
48179,0,03_BN2-166-Ab_comp.jams,859861,3,3,2,2,True,regression,local_rates_favor_regression_for_all_groups,54,0,54,0,0.18646444380283356,0.358743280172348,0.45479223132133484,0.26186344027519226,0.5594143271446228,0.01083296537399292
48203,0,03_BN2-166-Ab_comp.jams,948693,4,2,3,3,False,neutral,mixed_by_complete_group,7,6,1,0,0.4043180048465729,0.38577917218208313,0.20990285277366638,0.7321428656578064,0.6601481437683105,0.41706913709640503
48217,0,03_BN2-166-Ab_comp.jams,1004130,3,4,3,3,False,correction,local_rates_favor_regression_for_all_groups,10,0,10,0,0.2640526592731476,0.4695185720920563,0.26642879843711853,0.675000011920929,0.5849258303642273,0.1301036775112152
53440,0,03_Jazz3-150-C_comp.jams,335966,3,4,2,2,False,neutral,local_rates_favor_regression_for_all_groups,1,0,1,0,0.2261422723531723,0.3001735210418701,0.4736842215061188,0.109375,0.4457556903362274,0.07240468263626099
53535,0,03_Jazz3-150-C_comp.jams,735146,3,4,2,2,False,neutral,local_rates_favor_regression_for_all_groups,1,0,1,0,0.22488225996494293,0.23940345644950867,0.5357142686843872,0.25,0.6993700861930847,0.3673587739467621
53542,0,03_Jazz3-150-C_comp.jams,770149,3,4,3,3,False,correction,mixed_by_complete_group,90,23,67,0,0.28985387086868286,0.332417368888855,0.37772879004478455,0.4487847089767456,0.5862769484519958,0.19181448221206665
53546,0,03_Jazz3-150-C_comp.jams,803990,3,3,2,2,True,regression,local_rates_favor_correction_for_all_groups,5,5,0,0,0.4793204367160797,0.2969791889190674,0.2237003743648529,0.4906249940395355,0.5221058130264282,0.13873764872550964
53554,0,03_Jazz3-150-C_comp.jams,861252,1,4,2,2,False,neutral,mixed_by_complete_group,118,116,2,0,0.3251689076423645,0.17187227308750153,0.5029588341712952,0.23516948521137238,0.868593156337738,0.31594735383987427
53586,0,03_Jazz3-150-C_comp.jams,1005082,3,3,2,2,True,regression,local_rates_favor_regression_for_all_groups,16,0,16,0,0.29659414291381836,0.3983684778213501,0.30503737926483154,0.181640625,0.4619539976119995,0.042736202478408813
53594,0,03_Jazz3-150-C_comp.jams,1033601,3,4,3,3,False,correction,mixed_by_complete_group,93,24,69,0,0.3570791780948639,0.3760907053947449,0.266830176115036,0.6512096524238586,0.631320595741272,0.3402019739151001
53603,0,03_Jazz3-150-C_comp.jams,1085081,3,3,2,2,True,regression,mixed_by_complete_group,6,1,5,0,0.3046252429485321,0.4020942747592926,0.2932805120944977,0.359375,0.47424760460853577,0.08756646513938904
53608,0,03_Jazz3-150-C_comp.jams,1103270,3,4,2,2,False,neutral,local_rates_favor_regression_for_all_groups,30,0,30,0,0.1603827029466629,0.35376107692718506,0.4858562648296356,0.40937501192092896,0.5106284618377686,0.13742384314537048
54954,0,03_Rock2-142-D_comp.jams,92232,2,4,2,2,False,correction,local_rates_favor_correction_for_all_groups,43,43,0,0,0.29012906551361084,0.19893072545528412,0.5109402537345886,0.05523255839943886,0.6410852670669556,0.4124239981174469
54974,0,03_Rock2-142-D_comp.jams,149148,2,4,3,3,False,neutral,mixed_by_complete_group,80,51,29,0,0.3393387496471405,0.30872198939323425,0.35193926095962524,0.6787109375,0.6175994873046875,0.23959001898765564
54992,0,03_Rock2-142-D_comp.jams,186724,1,2,3,3,False,neutral,local_rates_favor_correction_for_all_groups,63,63,0,0,0.46369245648384094,0.283928245306015,0.25237923860549927,0.6679067611694336,0.48397892713546753,0.07410436868667603
55044,0,03_Rock2-142-D_comp.jams,374076,3,4,3,3,False,correction,mixed_by_complete_group,59,50,9,0,0.3434170186519623,0.3054640591144562,0.35111889243125916,0.6220868825912476,0.49259233474731445,0.007467538118362427
55054,0,03_Rock2-142-D_comp.jams,400226,2,4,2,2,False,correction,local_rates_favor_correction_for_all_groups,39,39,0,0,0.34380966424942017,0.12322016060352325,0.532970130443573,0.12540064752101898,0.6325678825378418,0.7022953033447266
55069,0,03_Rock2-142-D_comp.jams,448282,4,4,4,3,False,regression,mixed_by_complete_group,63,18,45,0,0.32914286851882935,0.33890262246131897,0.3319545090198517,0.72495037317276,0.6312639713287354,0.022419750690460205
55123,0,03_Rock2-142-D_comp.jams,595934,3,3,2,2,True,regression,mixed_by_complete_group,3,2,1,0,0.3618413209915161,0.29647693037986755,0.34168171882629395,0.171875,0.44820547103881836,0.02968093752861023
55156,0,03_Rock2-142-D_comp.jams,681191,4,4,3,3,True,regression,local_rates_favor_regression_for_all_groups,62,0,62,0,0.27531710267066956,0.4722400903701782,0.25244277715682983,0.8261088728904724,0.4391562342643738,0.002957761287689209
55169,0,03_Rock2-142-D_comp.jams,708314,3,3,3,5,False,regression,local_rates_favor_correction_for_all_groups,1,1,0,0,0.3083333373069763,0.21250000596046448,0.4791666567325592,0.0625,0.4128083884716034,0.03136292099952698
55182,0,03_Rock2-142-D_comp.jams,754848,1,3,2,2,False,neutral,mixed_by_complete_group,77,10,67,0,0.28330197930336,0.33271995186805725,0.3839779794216156,0.397524356842041,0.5780273079872131,0.14452993869781494
55256,0,03_Rock2-142-D_comp.jams,979876,3,3,4,4,True,regression,mixed_by_complete_group,59,1,58,0,0.16808895766735077,0.45951876044273376,0.3723922669887543,0.1506885588169098,0.5680155158042908,0.1279280185699463
55268,0,03_Rock2-142-D_comp.jams,1005817,2,4,3,3,False,neutral,local_rates_favor_regression_for_all_groups,64,0,64,0,0.24412912130355835,0.345877081155777,0.4099937975406647,0.845703125,0.5761721134185791,0.32536831498146057
55292,0,03_Rock2-142-D_comp.jams,1061391,4,3,2,2,False,neutral,mixed_by_complete_group,19,3,16,0,0.2789647877216339,0.3059658706188202,0.4150693416595459,0.40625,0.5586265921592712,0.025407329201698303
55337,0,03_Rock2-142-D_comp.jams,1156540,4,2,3,3,False,neutral,mixed_by_complete_group,55,10,45,0,0.38305720686912537,0.41354450583457947,0.20339830219745636,0.659943163394928,0.5068717002868652,0.18979120254516602
56895,0,03_Rock3-148-C_comp.jams,71131,2,3,2,2,False,correction,local_rates_favor_correction_for_all_groups,53,53,0,0,0.35903751850128174,0.28384262323379517,0.3571198582649231,0.484375,0.5771388411521912,0.1454755663871765
56978,0,03_Rock3-148-C_comp.jams,266733,2,3,4,4,False,neutral,local_rates_favor_regression_for_all_groups,1,0,1,0,0.1875,0.4749999940395355,0.3375000059604645,0.125,0.5805501341819763,0.5931035876274109
57007,0,03_Rock3-148-C_comp.jams,331475,2,3,2,2,False,correction,mixed_by_complete_group,39,34,5,0,0.3011772334575653,0.2559542655944824,0.44286856055259705,0.6149839758872986,0.4509662687778473,0.06050515174865723
57010,0,03_Rock3-148-C_comp.jams,339228,2,2,3,3,True,regression,mixed_by_complete_group,13,1,12,0,0.29124224185943604,0.37948524951934814,0.3292725682258606,0.31850960850715637,0.5758675932884216,0.21650144457817078
57018,0,03_Rock3-148-C_comp.jams,357120,3,4,3,3,False,correction,mixed_by_complete_group,56,51,5,0,0.3797800838947296,0.2956125736236572,0.32460731267929077,0.5901227593421936,0.5420016646385193,0.21276403963565826
57028,0,03_Rock3-148-C_comp.jams,384805,3,4,3,3,False,correction,mixed_by_complete_group,45,42,3,0,0.3498031795024872,0.3105393946170807,0.3396574556827545,0.6690972447395325,0.6402153968811035,0.1469087302684784
57029,0,03_Rock3-148-C_comp.jams,386676,2,2,3,3,True,regression,local_rates_favor_regression_for_all_groups,3,0,3,0,0.2747759521007538,0.41464731097221375,0.31057673692703247,0.2395833283662796,0.48757562041282654,0.3065687417984009
57054,0,03_Rock3-148-C_comp.jams,447149,3,3,4,4,True,regression,local_rates_favor_regression_for_all_groups,1,0,1,0,0.28703704476356506,0.35185185074806213,0.3611111044883728,0.234375,0.4557517170906067,0.39978426694869995
57079,0,03_Rock3-148-C_comp.jams,500542,3,3,2,2,True,regression,local_rates_favor_correction_for_all_groups,13,13,0,0,0.405744343996048,0.25825172662734985,0.3360039293766022,0.22355769574642181,0.5857723951339722,0.19991672039031982
57107,0,03_Rock3-148-C_comp.jams,554979,4,4,3,3,True,regression,local_rates_favor_regression_for_all_groups,30,0,30,0,0.28450390696525574,0.385410338640213,0.33008572459220886,0.7562500238418579,0.6011177897453308,0.05250144004821777
57120,0,03_Rock3-148-C_comp.jams,590634,2,3,2,2,False,correction,mixed_by_complete_group,27,8,19,0,0.24269826710224152,0.26274487376213074,0.49455684423446655,0.5422453880310059,0.567982017993927,0.1993003934621811
57128,0,03_Rock3-148-C_comp.jams,608363,3,3,3,2,False,regression,local_rates_favor_regression_for_all_groups,5,0,5,0,0.1998128443956375,0.32484808564186096,0.4753390848636627,0.668749988079071,0.46836337447166443,0.02426278591156006
57142,0,03_Rock3-148-C_comp.jams,643797,4,3,4,4,False,correction,mixed_by_complete_group,61,16,43,2,0.2802616357803345,0.31702694296836853,0.4027114510536194,0.09989754110574722,0.6018574833869934,0.3142719268798828
57179,0,03_Rock3-148-C_comp.jams,731377,3,4,3,3,False,correction,mixed_by_complete_group,24,1,23,0,0.33562028408050537,0.410268634557724,0.25411105155944824,0.6412760615348816,0.5180328488349915,0.15725985169410706
57227,0,03_Rock3-148-C_comp.jams,841098,3,2,3,3,False,correction,mixed_by_complete_group,54,14,40,0,0.34162449836730957,0.365285187959671,0.293090283870697,0.5,0.5893574357032776,0.2780035436153412
57241,0,03_Rock3-148-C_comp.jams,874615,1,4,2,2,False,neutral,local_rates_favor_correction_for_all_groups,89,89,0,0,0.3137842118740082,0.15026769042015076,0.5359480977058411,0.11200843006372452,0.6443557143211365,0.5607543587684631
57250,0,03_Rock3-148-C_comp.jams,892769,1,3,2,2,False,neutral,mixed_by_complete_group,60,55,5,0,0.29106324911117554,0.24052788317203522,0.46840885281562805,0.5549479126930237,0.5860319137573242,0.08852129429578781
57255,0,03_Rock3-148-C_comp.jams,904141,2,3,2,2,False,correction,mixed_by_complete_group,84,48,36,0,0.2928144037723541,0.26499801874160767,0.4421875476837158,0.7047991156578064,0.6430003046989441,0.4336668848991394
57259,0,03_Rock3-148-C_comp.jams,912212,3,4,5,5,False,neutral,local_rates_favor_correction_for_all_groups,1,1,0,0,0.3391304314136505,0.2062111794948578,0.4546583890914917,0.171875,0.5125589966773987,0.008210986852645874
57267,0,03_Rock3-148-C_comp.jams,929638,3,3,2,2,True,regression,local_rates_favor_correction_for_all_groups,60,60,0,0,0.38539251685142517,0.28251734375953674,0.33209019899368286,0.3255208432674408,0.5312961935997009,0.33607953786849976
57301,0,03_Rock3-148-C_comp.jams,1018757,3,4,3,3,False,correction,mixed_by_complete_group,63,57,6,0,0.3275713324546814,0.25614097714424133,0.41628769040107727,0.6197916865348816,0.4860019385814667,0.15857678651809692
57324,0,03_Rock3-148-C_comp.jams,1072184,3,3,2,2,True,regression,mixed_by_complete_group,45,42,3,0,0.34379032254219055,0.29637882113456726,0.3598308563232422,0.3697916567325592,0.5837023258209229,0.030813515186309814
57338,0,03_Rock3-148-C_comp.jams,1099879,4,4,3,3,True,regression,local_rates_favor_correction_for_all_groups,66,66,0,0,0.3442765176296234,0.2827306091785431,0.3729928731918335,0.7315340638160706,0.4120669960975647,0.010807394981384277
57451,0,03_SS1-68-E_comp.jams,3360,2,3,2,2,False,correction,mixed_by_complete_group,62,61,1,0,0.3601008355617523,0.2630009949207306,0.37689822912216187,0.3870967626571655,0.6218810677528381,0.45190808176994324
57465,0,03_SS1-68-E_comp.jams,41342,2,4,2,2,False,correction,mixed_by_complete_group,120,54,66,0,0.29125723242759705,0.2856604754924774,0.42308229207992554,0.4791666567325592,0.6630972623825073,0.5597909092903137
57479,0,03_SS1-68-E_comp.jams,79071,4,3,2,2,False,neutral,mixed_by_complete_group,35,5,30,0,0.25565654039382935,0.2893594205379486,0.45498406887054443,0.2906250059604645,0.582643985748291,0.22786825895309448
57496,0,03_SS1-68-E_comp.jams,118301,3,3,2,2,True,regression,mixed_by_complete_group,62,58,4,0,0.37315455079078674,0.31514495611190796,0.3117004334926605,0.5677923560142517,0.5441643595695496,0.10768887400627136
57529,0,03_SS1-68-E_comp.jams,193810,2,3,2,2,False,correction,mixed_by_complete_group,81,76,5,0,0.31823593378067017,0.27126726508140564,0.4104968011379242,0.616126537322998,0.5546998381614685,0.3691415786743164
57615,0,03_SS1-68-E_comp.jams,389564,2,2,3,3,True,regression,local_rates_favor_correction_for_all_groups,2,2,0,0,0.29828941822052,0.269950270652771,0.431760311126709,0.328125,0.539827287197113,0.0925091803073883
57632,0,03_SS1-68-E_comp.jams,429740,2,4,2,2,False,correction,mixed_by_complete_group,115,33,82,0,0.2756844460964203,0.3120945394039154,0.41222092509269714,0.431114137172699,0.5728063583374023,0.2641127407550812
57677,0,03_SS1-68-E_comp.jams,539464,0,3,3,2,False,neutral,mixed_by_complete_group,120,100,20,0,0.3275604844093323,0.22302986681461334,0.4494096338748932,0.6075521111488342,1.0727699995040894,0.01799466274678707
57718,0,03_SS1-68-E_comp.jams,651461,2,3,2,2,False,correction,mixed_by_complete_group,77,6,71,0,0.23482778668403625,0.3777768909931183,0.38739529252052307,0.4129464328289032,0.5127763152122498,0.37325412034988403
57738,0,03_SS1-68-E_comp.jams,701629,3,4,3,3,False,correction,mixed_by_complete_group,60,45,15,0,0.36601579189300537,0.3285708427429199,0.3054133653640747,0.67578125,0.498816579580307,0.13475653529167175
57755,0,03_SS1-68-E_comp.jams,741777,3,3,2,2,True,regression,local_rates_favor_regression_for_all_groups,53,0,53,0,0.2510437071323395,0.3928692638874054,0.35608693957328796,0.25943395495414734,0.504524827003479,0.14452853798866272
57784,0,03_SS1-68-E_comp.jams,819109,3,2,3,3,False,correction,local_rates_favor_regression_for_all_groups,27,0,27,0,0.3061383068561554,0.4051429331302643,0.28871873021125793,0.5081018805503845,0.5025302171707153,0.020983904600143433
57843,0,03_SS1-68-E_comp.jams,959595,3,3,2,2,True,regression,mixed_by_complete_group,77,53,24,0,0.32883769273757935,0.3075014054775238,0.36366087198257446,0.5803571343421936,0.5856360793113708,0.2703259289264679
57863,0,03_SS1-68-E_comp.jams,1012818,3,3,2,2,True,regression,mixed_by_complete_group,63,14,49,0,0.32706865668296814,0.36734288930892944,0.3055884540081024,0.2542162835597992,0.5131937861442566,0.1011117696762085
57873,0,03_SS1-68-E_comp.jams,1039968,1,3,2,2,False,neutral,mixed_by_complete_group,61,32,29,0,0.3041038513183594,0.3003697395324707,0.3955264091491699,0.5494364500045776,0.6340137720108032,0.17842018604278564
57908,0,03_SS1-68-E_comp.jams,1129289,2,4,2,2,False,correction,mixed_by_complete_group,120,87,33,0,0.31584692001342773,0.2681337893009186,0.4160192608833313,0.4583333432674408,0.6535571813583374,0.475635826587677
57921,0,03_SS1-68-E_comp.jams,1168689,2,4,2,2,False,correction,mixed_by_complete_group,85,65,20,0,0.2454555481672287,0.20964497327804565,0.544899582862854,0.24375000596046448,0.44334182143211365,0.1130916029214859
57952,0,03_SS1-68-E_comp.jams,1258308,1,2,3,3,False,neutral,mixed_by_complete_group,6,5,1,0,0.36394116282463074,0.31872907280921936,0.3173297941684723,0.3098958432674408,0.5657004714012146,0.03881523013114929
57976,0,03_SS1-68-E_comp.jams,1349715,1,3,2,2,False,neutral,mixed_by_complete_group,78,76,2,0,0.33971619606018066,0.2500888705253601,0.41019490361213684,0.6620593070983887,0.47817879915237427,0.24659360945224762
58006,0,03_SS1-68-E_comp.jams,1415297,1,2,3,3,False,neutral,local_rates_favor_correction_for_all_groups,14,14,0,0,0.4347518980503082,0.2740737199783325,0.29117438197135925,0.3136160671710968,0.5229998826980591,0.05738058686256409
58095,0,03_SS1-68-E_comp.jams,1674712,2,4,2,2,False,correction,mixed_by_complete_group,115,42,73,0,0.2717604637145996,0.27994590997695923,0.44829365611076355,0.42513588070869446,0.5246695876121521,0.3164121210575104
58112,0,03_SS1-68-E_comp.jams,1713584,2,4,3,3,False,neutral,local_rates_favor_regression_for_all_groups,42,0,42,0,0.20592980086803436,0.3933275640010834,0.40074262022972107,0.6744791865348816,0.46435484290122986,0.0609399676322937
58333,0,03_SS1-68-E_solo.jams,1772360,2,3,2,2,False,correction,mixed_by_complete_group,60,53,7,0,0.4243338406085968,0.3427308201789856,0.23293536901474,0.45260417461395264,0.5152221322059631,0.2849043607711792
61278,0,04_BN2-166-Ab_comp.jams,6,3,2,2,3,False,correction,local_rates_favor_correction_for_all_groups,2,2,0,0,0.4655911922454834,0.3463117480278015,0.1880970448255539,0.6796875,0.8401056528091431,0.21360915899276733
61293,0,04_BN2-166-Ab_comp.jams,54864,4,4,3,3,True,regression,local_rates_favor_regression_for_all_groups,24,0,24,0,0.3204623758792877,0.3911377489566803,0.2883998453617096,0.7532551884651184,0.6168322563171387,0.09119558334350586
61301,0,04_BN2-166-Ab_comp.jams,72586,4,4,2,2,True,regression,mixed_by_complete_group,119,108,11,0,0.25201675295829773,0.19213271141052246,0.5558505058288574,0.3379727005958557,0.8460484743118286,0.15350258350372314
61343,0,04_BN2-166-Ab_comp.jams,213428,2,2,2,3,False,regression,local_rates_favor_correction_for_all_groups,1,1,0,0,0.2994545102119446,0.26824963092803955,0.43229585886001587,0.53125,0.8693292737007141,0.03309272229671478
61348,0,04_BN2-166-Ab_comp.jams,237882,2,4,3,3,False,neutral,local_rates_favor_regression_for_all_groups,1,0,1,0,0.3126351237297058,0.42409321665763855,0.263271689414978,0.53125,0.8046503067016602,0.051640868186950684
61379,0,04_BN2-166-Ab_comp.jams,352178,3,4,2,2,False,neutral,mixed_by_complete_group,88,4,84,0,0.1886359602212906,0.2898465394973755,0.5215175151824951,0.18483664095401764,0.7054943442344666,0.32826197147369385
61422,0,04_BN2-166-Ab_comp.jams,492073,4,2,3,3,False,neutral,mixed_by_complete_group,79,75,4,0,0.535969078540802,0.3056211471557617,0.15840966999530792,0.671875,0.6716752648353577,0.47488948702812195
61447,0,04_BN2-166-Ab_comp.jams,581277,4,4,3,3,True,regression,local_rates_favor_regression_for_all_groups,6,0,6,0,0.2960953712463379,0.34457576274871826,0.35932886600494385,0.7421875,0.5398998856544495,0.08954089879989624
61451,0,04_BN2-166-Ab_comp.jams,597904,4,3,4,4,False,correction,mixed_by_complete_group,62,55,7,0,0.3268604874610901,0.23175635933876038,0.4413831830024719,0.15246975421905518,0.6329298615455627,0.13419035077095032
61463,0,04_BN2-166-Ab_comp.jams,652925,4,3,3,2,False,neutral,local_rates_favor_regression_for_all_groups,1,0,1,0,0.28886935114860535,0.3435942530632019,0.36753639578819275,0.234375,0.5763063430786133,0.003536731004714966
61469,0,04_BN2-166-Ab_comp.jams,669754,2,4,2,2,False,correction,mixed_by_complete_group,98,12,86,0,0.21357950568199158,0.31629687547683716,0.4701235890388489,0.3053252696990967,0.7226389646530151,0.2020086944103241
61476,0,04_BN2-166-Ab_comp.jams,692493,3,4,2,2,False,neutral,mixed_by_complete_group,49,38,11,0,0.24875247478485107,0.19870758056640625,0.5525399446487427,0.08832908421754837,0.5423747301101685,0.105997234582901
61488,0,04_BN2-166-Ab_comp.jams,733027,3,4,3,3,False,correction,mixed_by_complete_group,87,83,4,0,0.3940255641937256,0.30188289284706116,0.30409154295921326,0.6533764600753784,0.723084032535553,0.20858246088027954
61499,0,04_BN2-166-Ab_comp.jams,788199,4,3,2,2,False,neutral,mixed_by_complete_group,96,22,74,0,0.2952061593532562,0.31136468052864075,0.393429160118103,0.47265625,0.5508519411087036,0.028008699417114258
61514,0,04_BN2-166-Ab_comp.jams,836775,3,2,3,3,False,correction,local_rates_favor_correction_for_all_groups,62,62,0,0,0.45467686653137207,0.3376348614692688,0.20768830180168152,0.8084677457809448,0.6157453060150146,0.40098658204078674
61522,0,04_BN2-166-Ab_comp.jams,861510,2,3,2,2,False,correction,mixed_by_complete_group,115,110,4,1,0.3749291002750397,0.27501699328422546,0.35005390644073486,0.49728259444236755,0.7769169211387634,0.4005841910839081
67164,0,04_Jazz3-150-C_comp.jams,47018,4,4,4,3,False,regression,local_rates_favor_regression_for_all_groups,23,0,23,0,0.28583499789237976,0.41780051589012146,0.2963644862174988,0.90285325050354,0.9146177768707275,0.01931101083755493
67178,0,04_Jazz3-150-C_comp.jams,87507,2,4,2,2,False,correction,mixed_by_complete_group,108,13,95,0,0.250232994556427,0.3468434810638428,0.4029235243797302,0.3936631977558136,0.583531379699707,0.33816200494766235
67195,0,04_Jazz3-150-C_comp.jams,134640,2,4,2,2,False,correction,mixed_by_complete_group,106,74,32,0,0.3044168949127197,0.2601023018360138,0.4354807734489441,0.4059551954269409,0.6515291333198547,0.49574553966522217
67220,0,04_Jazz3-150-C_comp.jams,223027,2,4,2,2,False,correction,mixed_by_complete_group,110,91,19,0,0.29544422030448914,0.233371764421463,0.47118398547172546,0.2857954502105713,1.0789997577667236,0.35942238569259644
67233,0,04_Jazz3-150-C_comp.jams,294741,3,3,2,2,True,regression,mixed_by_complete_group,59,20,39,0,0.33975914120674133,0.36006855964660645,0.3001722991466522,0.45021185278892517,0.47006773948669434,0.03629016876220703
67264,0,04_Jazz3-150-C_comp.jams,381259,4,4,2,2,True,regression,mixed_by_complete_group,108,5,103,0,0.20897553861141205,0.3407635986804962,0.45026087760925293,0.34866899251937866,0.5368444919586182,0.360120564699173
67316,0,04_Jazz3-150-C_comp.jams,529318,3,4,2,2,False,neutral,local_rates_favor_regression_for_all_groups,77,0,77,0,0.2021399587392807,0.3725901246070862,0.4252699315547943,0.3605925440788269,0.5036097764968872,0.06403118371963501
67326,0,04_Jazz3-150-C_comp.jams,577112,3,3,2,2,True,regression,mixed_by_complete_group,87,58,29,0,0.31484758853912354,0.2942236661911011,0.3909287750720978,0.49640804529190063,0.9252486228942871,0.49526649713516235
67370,0,04_Jazz3-150-C_comp.jams,734693,1,3,2,2,False,neutral,mixed_by_complete_group,117,78,39,0,0.2765175998210907,0.23732535541057587,0.486157089471817,0.2666933834552765,0.9854229092597961,0.18529656529426575
67448,0,04_Jazz3-150-C_comp.jams,1024137,3,2,3,3,False,correction,local_rates_favor_regression_for_all_groups,4,0,4,0,0.2713084816932678,0.4164269268512726,0.3122645616531372,0.328125,0.4623018503189087,0.1883099377155304
67474,0,04_Jazz3-150-C_comp.jams,1110294,3,2,3,3,False,correction,local_rates_favor_correction_for_all_groups,6,6,0,0,0.5119715332984924,0.35939276218414307,0.12863565981388092,0.53125,0.7304827570915222,0.10447335243225098
68850,0,04_Rock2-142-D_comp.jams,47905,4,4,5,5,True,regression,local_rates_favor_correction_for_all_groups,30,30,0,0,0.5238891243934631,0.19333070516586304,0.2827802002429962,0.21041665971279144,0.43095624446868896,0.3055025637149811
68853,0,04_Rock2-142-D_comp.jams,65052,2,2,3,3,True,regression,mixed_by_complete_group,63,19,44,0,0.34007498621940613,0.36087167263031006,0.29905328154563904,0.4427083432674408,0.5969153046607971,0.08617320656776428
68883,0,04_Rock2-142-D_comp.jams,140823,3,3,4,4,True,regression,local_rates_favor_regression_for_all_groups,10,0,9,1,0.2643025815486908,0.34971681237220764,0.3859805464744568,0.01406249962747097,0.7205583453178406,0.10318320989608765
68896,0,04_Rock2-142-D_comp.jams,168448,6,4,5,5,False,neutral,local_rates_favor_correction_for_all_groups,2,2,0,0,0.4414834976196289,0.19042125344276428,0.3680952489376068,0.2265625,0.4510113000869751,0.10621276497840881
68915,0,04_Rock2-142-D_comp.jams,213680,2,4,2,2,False,correction,local_rates_favor_correction_for_all_groups,19,19,0,0,0.36735400557518005,0.13485731184482574,0.497788667678833,0.08881578594446182,0.5239018201828003,0.3171631097793579
68952,0,04_Rock2-142-D_comp.jams,314926,3,4,5,5,False,neutral,mixed_by_complete_group,53,50,1,2,0.42756760120391846,0.22560717165470123,0.3468252718448639,0.05955188721418381,0.6272969245910645,0.2263186275959015
68963,0,04_Rock2-142-D_comp.jams,344915,4,4,5,5,True,regression,mixed_by_complete_group,45,43,2,0,0.44955652952194214,0.2583392560482025,0.29210421442985535,0.08368055522441864,0.6161035299301147,0.49653542041778564
68987,0,04_Rock2-142-D_comp.jams,420536,4,3,4,4,False,correction,local_rates_favor_correction_for_all_groups,6,6,0,0,0.4004541337490082,0.30761227011680603,0.2919336259365082,0.1041666641831398,0.45594701170921326,0.10368373990058899
68991,0,04_Rock2-142-D_comp.jams,429075,3,2,3,3,False,correction,mixed_by_complete_group,59,41,18,0,0.4021207094192505,0.384151816368103,0.2137274295091629,0.11652542650699615,0.6400806903839111,0.20773380994796753
69017,0,04_Rock2-142-D_comp.jams,495351,5,2,2,3,False,neutral,local_rates_favor_regression_for_all_groups,11,0,11,0,0.2351008802652359,0.3692166209220886,0.39568251371383667,0.33096590638160706,0.46434155106544495,0.009429126977920532
69024,0,04_Rock2-142-D_comp.jams,513169,5,3,4,4,False,neutral,mixed_by_complete_group,8,5,3,0,0.3045797348022461,0.27403098344802856,0.42138928174972534,0.24609375,0.44168734550476074,0.18955889344215393
69036,0,04_Rock2-142-D_comp.jams,540647,3,2,3,3,False,correction,local_rates_favor_regression_for_all_groups,57,0,57,0,0.252208411693573,0.39890924096107483,0.3488823175430298,0.4723135828971863,0.44930124282836914,0.07590867578983307
69048,0,04_Rock2-142-D_comp.jams,568193,6,4,5,5,False,neutral,mixed_by_complete_group,50,48,2,0,0.48810455203056335,0.23616716265678406,0.2757282555103302,0.07249999791383743,0.4789173901081085,0.20585545897483826
69056,0,04_Rock2-142-D_comp.jams,586862,3,4,2,2,False,neutral,local_rates_favor_correction_for_all_groups,5,5,0,0,0.29120466113090515,0.16704639792442322,0.5417488813400269,0.17499999701976776,1.0929139852523804,0.4089992046356201
69095,0,04_Rock2-142-D_comp.jams,688960,5,3,4,4,False,neutral,local_rates_favor_correction_for_all_groups,1,1,0,0,0.40625,0.3125,0.28125,0.1875,0.5054470300674438,0.24029207229614258
69106,0,04_Rock2-142-D_comp.jams,716766,2,2,4,4,True,regression,local_rates_favor_regression_for_all_groups,1,0,1,0,0.08474576473236084,0.3193577229976654,0.5958965420722961,0.109375,0.6545390486717224,0.1268971562385559
69107,0,04_Rock2-142-D_comp.jams,718603,3,2,3,3,False,correction,local_rates_favor_regression_for_all_groups,3,0,3,0,0.32035019993782043,0.41433092951774597,0.2653188705444336,0.25,0.5837496519088745,0.570425271987915
69113,0,04_Rock2-142-D_comp.jams,736788,4,2,3,3,False,neutral,mixed_by_complete_group,63,51,12,0,0.34197303652763367,0.3286841809749603,0.3293428122997284,0.46875,0.6714067459106445,0.11069169640541077
69116,0,04_Rock2-142-D_comp.jams,746065,3,3,2,2,True,regression,mixed_by_complete_group,116,73,42,1,0.2776491641998291,0.23884502053260803,0.48350584506988525,0.47898706793785095,0.6764326691627502,0.06779279559850693
69124,0,04_Rock2-142-D_comp.jams,762828,4,2,2,3,False,neutral,mixed_by_complete_group,26,14,12,0,0.32923853397369385,0.323861300945282,0.34690019488334656,0.43569710850715637,0.6832185983657837,0.11123466491699219
69138,0,04_Rock2-142-D_comp.jams,791325,6,4,5,5,False,neutral,mixed_by_complete_group,60,54,2,4,0.5167815089225769,0.21372199058532715,0.26949650049209595,0.11249999701976776,0.5029423236846924,0.6948885917663574
69145,0,04_Rock2-142-D_comp.jams,809823,3,4,3,3,False,correction,mixed_by_complete_group,64,38,26,0,0.40527278184890747,0.3824704885482788,0.21225672960281372,0.7890625,0.5015134215354919,0.04911673069000244
69155,0,04_Rock2-142-D_comp.jams,838416,4,3,4,4,False,correction,local_rates_favor_regression_for_all_groups,3,0,3,0,0.29628077149391174,0.34346500039100647,0.3602541983127594,0.2083333283662796,0.4784349501132965,0.09907901287078857
69163,0,04_Rock2-142-D_comp.jams,856434,1,2,3,3,False,neutral,local_rates_favor_regression_for_all_groups,4,0,4,0,0.31842005252838135,0.42919862270355225,0.2523813247680664,0.2734375,0.6105079650878906,0.006116345524787903
69168,0,04_Rock2-142-D_comp.jams,867266,4,4,3,3,True,regression,local_rates_favor_regression_for_all_groups,63,0,63,0,0.24998703598976135,0.331034392118454,0.4189785420894623,0.7740575671195984,0.5235963463783264,0.0069814324378967285
69171,0,04_Rock2-142-D_comp.jams,874936,3,3,5,5,True,regression,mixed_by_complete_group,36,12,15,9,0.21209239959716797,0.205623596906662,0.5822840929031372,0.0490451380610466,0.5296540856361389,0.21964092552661896
69195,0,04_Rock2-142-D_comp.jams,941891,4,4,3,3,True,regression,mixed_by_complete_group,60,21,39,0,0.33391809463500977,0.34038829803466797,0.32569360733032227,0.7916666865348816,0.7233206033706665,0.282692015171051
69223,0,04_Rock2-142-D_comp.jams,1017354,2,2,3,3,True,regression,local_rates_favor_regression_for_all_groups,62,0,62,0,0.2915589511394501,0.45551377534866333,0.25292736291885376,0.4337197542190552,0.5147092342376709,0.43393373489379883
69256,0,04_Rock2-142-D_comp.jams,1108729,4,3,4,4,False,correction,mixed_by_complete_group,72,26,41,5,0.3100810945034027,0.3398326337337494,0.3500863015651703,0.3023003339767456,0.6507729887962341,0.11889731884002686
69268,0,04_Rock2-142-D_comp.jams,1137065,5,2,3,3,False,neutral,local_rates_favor_regression_for_all_groups,33,0,33,0,0.2798760235309601,0.3752743899822235,0.3448496162891388,0.5710227489471436,0.5641682147979736,0.4545222818851471
71028,0,04_Rock3-148-C_comp.jams,331337,4,2,3,3,False,neutral,mixed_by_complete_group,58,55,3,0,0.4014618992805481,0.3466845452785492,0.2518535256385803,0.6425107717514038,0.5445296168327332,0.40740126371383667
71036,0,04_Rock3-148-C_comp.jams,348837,4,3,4,4,False,correction,mixed_by_complete_group,30,14,15,1,0.29899320006370544,0.3010910451412201,0.39991581439971924,0.1171875,0.5183876156806946,0.06904926896095276
71052,0,04_Rock3-148-C_comp.jams,388593,2,4,3,3,False,neutral,mixed_by_complete_group,11,3,8,0,0.29204127192497253,0.32298189401626587,0.3849768340587616,0.609375,0.5946393609046936,0.38603833317756653
71097,0,04_Rock3-148-C_comp.jams,491510,4,4,3,3,True,regression,mixed_by_complete_group,76,5,71,0,0.3307252824306488,0.4716416299343109,0.19763310253620148,0.6566612124443054,0.5936028957366943,0.28750669956207275
71175,0,04_Rock3-148-C_comp.jams,674840,3,3,2,2,True,regression,local_rates_favor_correction_for_all_groups,29,29,0,0,0.46531131863594055,0.1761864274740219,0.35850226879119873,0.34536638855934143,0.6916601657867432,0.039709657430648804
71177,0,04_Rock3-148-C_comp.jams,684499,3,2,3,3,False,correction,local_rates_favor_regression_for_all_groups,60,0,60,0,0.2635959982872009,0.4434744715690613,0.2929295301437378,0.4390625059604645,0.752456784248352,0.03689020872116089
71189,0,04_Rock3-148-C_comp.jams,712179,3,3,2,2,True,regression,local_rates_favor_correction_for_all_groups,88,88,0,0,0.4120979309082031,0.197135791182518,0.3907662332057953,0.4822443127632141,0.766889214515686,0.3520994186401367
71223,0,04_Rock3-148-C_comp.jams,828461,2,3,2,2,False,correction,local_rates_favor_correction_for_all_groups,56,56,0,0,0.39969179034233093,0.18247275054454803,0.41783544421195984,0.3805803656578064,0.6657654643058777,0.3819684386253357
71227,0,04_Rock3-148-C_comp.jams,841024,3,3,2,2,True,regression,local_rates_favor_regression_for_all_groups,3,0,3,0,0.26309850811958313,0.42267146706581116,0.3142299950122833,0.1458333283662796,0.46238765120506287,0.16867229342460632
71239,0,04_Rock3-148-C_comp.jams,876078,4,3,4,4,False,correction,mixed_by_complete_group,48,3,42,3,0.29435044527053833,0.3769387900829315,0.32871076464653015,0.1083984375,0.5484998226165771,0.34406718611717224
71250,0,04_Rock3-148-C_comp.jams,903518,4,4,5,5,True,regression,local_rates_favor_correction_for_all_groups,6,6,0,0,0.48678699135780334,0.17608483135700226,0.3371281325817108,0.2369791716337204,0.5697805285453796,0.736065149307251
71271,0,04_Rock3-148-C_comp.jams,961961,3,2,3,3,False,correction,local_rates_favor_regression_for_all_groups,2,0,2,0,0.2462836503982544,0.34631770849227905,0.40739867091178894,0.53125,0.8790392279624939,0.2581560015678406
71286,0,04_Rock3-148-C_comp.jams,1002496,2,3,2,2,False,correction,local_rates_favor_regression_for_all_groups,39,0,39,0,0.2423861026763916,0.41614121198654175,0.34147265553474426,0.21754807233810425,0.537527322769165,0.16464045643806458
71295,0,04_Rock3-148-C_comp.jams,1020682,1,2,3,3,False,neutral,mixed_by_complete_group,63,18,45,0,0.3535090982913971,0.37624090909957886,0.2702500522136688,0.6498016119003296,0.4960905909538269,0.2581257224082947
71312,0,04_Rock3-148-C_comp.jams,1063735,4,4,3,3,True,regression,mixed_by_complete_group,67,2,65,0,0.34377533197402954,0.43244072794914246,0.2237839251756668,0.7364738583564758,0.6533838510513306,0.19512376189231873
71338,0,04_Rock3-148-C_comp.jams,1126302,4,2,3,3,False,neutral,mixed_by_complete_group,11,5,6,0,0.3374037444591522,0.3391292691230774,0.3234670162200928,0.4900568127632141,0.6782584190368652,0.24071639776229858
71376,0,04_Rock3-148-C_solo.jams,527593,2,3,2,2,False,correction,mixed_by_complete_group,73,70,3,0,0.3272285759449005,0.24260176718235016,0.43016961216926575,0.26926368474960327,0.8783134818077087,0.3288601040840149
71447,0,04_SS1-68-E_comp.jams,39679,4,2,3,3,False,neutral,mixed_by_complete_group,57,2,55,0,0.32638347148895264,0.42559656500816345,0.2480199933052063,0.37280702590942383,0.4790770411491394,0.25429096817970276
71493,0,04_SS1-68-E_comp.jams,139493,3,2,3,3,False,correction,mixed_by_complete_group,27,22,5,0,0.4131593704223633,0.3702414333820343,0.21659919619560242,0.3333333432674408,0.5985015034675598,0.31650546193122864
71518,0,04_SS1-68-E_comp.jams,194866,3,2,3,3,False,correction,local_rates_favor_regression_for_all_groups,9,0,9,0,0.24659991264343262,0.4213026463985443,0.33209747076034546,0.3125,0.5722486972808838,0.0631377249956131
71552,0,04_SS1-68-E_comp.jams,272610,5,3,5,5,False,correction,local_rates_favor_correction_for_all_groups,1,1,0,0,0.2242424190044403,0.1090909093618393,0.6666666865348816,0.15625,0.4479726254940033,0.082800954580307
71560,0,04_SS1-68-E_comp.jams,292190,5,4,3,3,False,neutral,mixed_by_complete_group,64,1,63,0,0.2152327597141266,0.39280474185943604,0.39196252822875977,0.5087890625,0.6606588363647461,0.2481417953968048
71581,0,04_SS1-68-E_comp.jams,349513,4,4,3,3,True,regression,local_rates_favor_regression_for_all_groups,43,0,43,0,0.21344202756881714,0.3789335787296295,0.4076244533061981,0.570857584476471,0.4853581190109253,0.07396218180656433
71607,0,04_SS1-68-E_comp.jams,408880,2,3,2,2,False,correction,local_rates_favor_correction_for_all_groups,33,33,0,0,0.3141166865825653,0.2677035927772522,0.4181797504425049,0.42518940567970276,0.4686312973499298,0.04089413583278656
71633,0,04_SS1-68-E_comp.jams,468621,3,4,3,3,False,correction,mixed_by_complete_group,23,1,22,0,0.19239631295204163,0.37767452001571655,0.4299291670322418,0.5964673757553101,0.532021701335907,0.1610455960035324
71642,0,04_SS1-68-E_comp.jams,487557,4,3,2,2,False,neutral,mixed_by_complete_group,26,18,8,0,0.2852320075035095,0.2570311725139618,0.4577367901802063,0.5174278616905212,0.4758860468864441,0.04580368101596832
71649,0,04_SS1-68-E_comp.jams,506938,4,3,5,5,False,neutral,mixed_by_complete_group,43,7,33,3,0.17432747781276703,0.24435357749462128,0.5813189744949341,0.07630813866853714,0.5199351906776428,0.39370793104171753
71680,0,04_SS1-68-E_comp.jams,582247,4,2,3,3,False,neutral,mixed_by_complete_group,60,57,3,0,0.38301458954811096,0.2843572199344635,0.3326282501220703,0.3531250059604645,0.6232935786247253,0.36812281608581543
71689,0,04_SS1-68-E_comp.jams,603622,5,4,3,3,False,neutral,local_rates_favor_regression_for_all_groups,59,0,59,0,0.2138148844242096,0.32761141657829285,0.45857366919517517,0.46848517656326294,0.5971388816833496,0.17023950815200806
71692,0,04_SS1-68-E_comp.jams,609755,3,3,2,2,True,regression,local_rates_favor_correction_for_all_groups,87,87,0,0,0.36632809042930603,0.19522811472415924,0.43844375014305115,0.678340494632721,0.674229085445404,0.22184903919696808
71742,0,04_SS1-68-E_comp.jams,739082,4,2,3,3,False,neutral,mixed_by_complete_group,62,17,45,0,0.33559611439704895,0.36402326822280884,0.300380676984787,0.3505544364452362,0.5719493627548218,0.18946367502212524
71752,0,04_SS1-68-E_comp.jams,760844,4,4,4,3,False,regression,mixed_by_complete_group,62,1,61,0,0.22007542848587036,0.3195236623287201,0.46040087938308716,0.4936996102333069,0.5795833468437195,0.06844168901443481
71758,0,04_SS1-68-E_comp.jams,777499,2,2,3,3,True,regression,local_rates_favor_regression_for_all_groups,3,0,3,0,0.22517894208431244,0.3270065486431122,0.44781455397605896,0.421875,0.5427428483963013,0.16362814605236053
71759,0,04_SS1-68-E_comp.jams,779279,3,2,2,3,False,correction,local_rates_favor_regression_for_all_groups,27,0,27,0,0.24473516643047333,0.46092838048934937,0.2943364679813385,0.42650464177131653,0.4511500895023346,0.00784948468208313
71803,0,04_SS1-68-E_comp.jams,888263,2,3,2,2,False,correction,mixed_by_complete_group,115,94,20,1,0.3451666235923767,0.24209021031856537,0.41274315118789673,0.5610054135322571,0.8786774277687073,0.6323773264884949
71815,0,04_SS1-68-E_comp.jams,919105,5,3,2,2,False,neutral,mixed_by_complete_group,81,73,8,0,0.2989751696586609,0.2574251890182495,0.4435996115207672,0.6062885522842407,0.5736969113349915,0.4950116276741028
71819,0,04_SS1-68-E_comp.jams,928187,6,3,2,2,False,neutral,local_rates_favor_correction_for_all_groups,63,63,0,0,0.3025186359882355,0.13906769454479218,0.5584136247634888,0.408730149269104,0.6662075519561768,0.2201799601316452
71839,0,04_SS1-68-E_comp.jams,972489,6,4,5,5,False,neutral,local_rates_favor_correction_for_all_groups,6,6,0,0,0.47810256481170654,0.16881142556667328,0.353085994720459,0.109375,0.5332055687904358,0.13171011209487915
71886,0,04_SS1-68-E_comp.jams,1072022,3,3,2,2,True,regression,local_rates_favor_regression_for_all_groups,4,0,4,0,0.2690330445766449,0.30203482508659363,0.4289321303367615,0.7421875,0.4929746985435486,0.280718594789505
71891,0,04_SS1-68-E_comp.jams,1083217,0,3,2,2,False,neutral,local_rates_favor_correction_for_all_groups,106,106,0,0,0.32760515809059143,0.1512606143951416,0.5211341977119446,0.5330188870429993,0.7492967844009399,0.037367478013038635
71892,0,04_SS1-68-E_comp.jams,1085011,6,3,3,5,False,neutral,local_rates_favor_regression_for_all_groups,1,0,1,0,0.09312638640403748,0.1973392516374588,0.7095343470573425,0.15625,0.5542572140693665,0.09529140591621399
71895,0,04_SS1-68-E_comp.jams,1091042,2,3,2,2,False,correction,mixed_by_complete_group,63,61,2,0,0.3517816364765167,0.2593369483947754,0.3888813853263855,0.7564483880996704,0.5174445509910583,0.012851357460021973
71912,0,04_SS1-68-E_comp.jams,1127624,5,2,3,3,False,neutral,local_rates_favor_correction_for_all_groups,48,48,0,0,0.4315287172794342,0.30146682262420654,0.26700446009635925,0.345703125,0.6507787108421326,0.4388676881790161
71946,0,04_SS1-68-E_comp.jams,1204260,4,3,2,2,False,neutral,local_rates_favor_correction_for_all_groups,10,10,0,0,0.24907457828521729,0.16520510613918304,0.5857203006744385,0.265625,0.5899017453193665,0.09983514249324799
71952,0,04_SS1-68-E_comp.jams,1216774,1,3,2,2,False,neutral,local_rates_favor_correction_for_all_groups,112,111,0,1,0.3502979874610901,0.21771420538425446,0.43198782205581665,0.5962611436843872,0.5753451585769653,0.4008009135723114
71956,0,04_SS1-68-E_comp.jams,1225329,3,2,3,3,False,correction,mixed_by_complete_group,33,23,10,0,0.38734349608421326,0.36193087697029114,0.2507255971431732,0.3394886255264282,0.5382776260375977,0.2445138394832611
71977,0,04_SS1-68-E_comp.jams,1281869,4,4,3,3,True,regression,mixed_by_complete_group,61,1,60,0,0.26666656136512756,0.3890955448150635,0.34423789381980896,0.7420594096183777,0.5993168950080872,0.018145710229873657
72050,0,04_SS1-68-E_comp.jams,1440389,4,3,5,5,False,neutral,local_rates_favor_regression_for_all_groups,1,0,1,0,0.20000000298023224,0.23333333432674408,0.5666666626930237,0.125,0.5985711216926575,0.4794253706932068
72079,0,04_SS1-68-E_comp.jams,1518530,2,3,2,2,False,correction,mixed_by_complete_group,63,28,35,0,0.3065188527107239,0.31994858384132385,0.37353256344795227,0.5967261791229248,0.48925551772117615,0.07507237792015076
72087,0,04_SS1-68-E_comp.jams,1538764,4,3,2,2,False,neutral,local_rates_favor_correction_for_all_groups,2,2,0,0,0.39359307289123535,0.2320466935634613,0.37436026334762573,0.78125,0.6367431879043579,0.13984113931655884
72090,0,04_SS1-68-E_comp.jams,1551331,1,3,2,2,False,neutral,local_rates_favor_correction_for_all_groups,63,63,0,0,0.3398447632789612,0.20273461937904358,0.45742067694664,0.4469245970249176,0.5733156800270081,0.3036518692970276
72111,0,04_SS1-68-E_comp.jams,1595938,4,3,5,5,False,neutral,mixed_by_complete_group,14,4,9,1,0.24030174314975739,0.2686116099357605,0.4910866916179657,0.0569196417927742,0.5254654288291931,0.2940169870853424
72146,0,04_SS1-68-E_comp.jams,1674203,4,3,5,5,False,neutral,mixed_by_complete_group,46,26,19,1,0.1836848258972168,0.1932554394006729,0.6230597496032715,0.1039402186870575,0.6843776702880859,0.6908945441246033
72156,0,04_SS1-68-E_comp.jams,1694889,3,2,3,3,False,correction,local_rates_favor_regression_for_all_groups,44,0,44,0,0.28573137521743774,0.41106557846069336,0.3032029867172241,0.3842329680919647,0.5276899933815002,0.18826910853385925
72181,0,04_SS1-68-E_comp.jams,1752240,4,3,2,2,False,neutral,local_rates_favor_regression_for_all_groups,1,0,1,0,0.18807072937488556,0.34330958127975464,0.4686196744441986,0.515625,0.46238604187965393,0.09996947646141052
72201,0,04_SS1-68-E_comp.jams,1797002,2,4,2,2,False,correction,mixed_by_complete_group,89,80,9,0,0.20991967618465424,0.13455228507518768,0.6555280089378357,0.2571980357170105,0.6281241178512573,0.3867483139038086
72215,0,04_SS1-68-E_comp.jams,1829741,3,2,3,3,False,correction,mixed_by_complete_group,59,1,58,0,0.30812403559684753,0.4574431777000427,0.23443283140659332,0.33765891194343567,0.5267791152000427,0.19216808676719666
72218,0,04_SS1-68-E_comp.jams,1836480,6,3,2,2,False,neutral,mixed_by_complete_group,62,58,4,0,0.305223673582077,0.23317164182662964,0.46160462498664856,0.6517137289047241,0.5806809067726135,0.2078329473733902
72224,0,04_SS1-68-E_comp.jams,1848978,6,4,5,5,False,neutral,mixed_by_complete_group,45,43,2,0,0.4646740257740021,0.23941722512245178,0.29590868949890137,0.1006944477558136,0.4651840925216675,0.4942548871040344
1017,1,00_BN3-154-E_comp.jams,120846,1,3,2,2,False,neutral,mixed_by_complete_group,88,87,1,0,0.3890843391418457,0.3022534251213074,0.3086622357368469,0.3673650622367859,0.7446832060813904,0.17225384712219238
1046,1,00_BN3-154-E_comp.jams,242575,3,2,2,3,False,correction,local_rates_favor_regression_for_all_groups,51,0,51,0,0.23599806427955627,0.40084365010261536,0.36315831542015076,0.3541666567325592,0.5376681685447693,0.2913709878921509
1066,1,00_BN3-154-E_comp.jams,302163,3,2,3,3,False,correction,mixed_by_complete_group,2,1,1,0,0.323322594165802,0.42191123962402344,0.25476616621017456,0.46875,0.7069381475448608,0.17035594582557678
1072,1,00_BN3-154-E_comp.jams,319562,3,3,2,2,True,regression,mixed_by_complete_group,92,29,63,0,0.3614603579044342,0.3498642146587372,0.2886754274368286,0.575067937374115,0.5494946241378784,0.19035103917121887
1089,1,00_BN3-154-E_comp.jams,378628,2,3,2,2,False,correction,mixed_by_complete_group,5,3,2,0,0.29891499876976013,0.31964170932769775,0.3814433217048645,0.20624999701976776,0.4724906086921692,0.2810649275779724
1104,1,00_BN3-154-E_comp.jams,439500,3,2,3,3,False,correction,local_rates_favor_regression_for_all_groups,63,0,63,0,0.12317182123661041,0.33936646580696106,0.5374616980552673,0.3206845223903656,0.4950101971626282,0.12279634177684784
1157,1,00_BN3-154-E_comp.jams,592579,5,4,3,3,False,neutral,mixed_by_complete_group,63,43,20,0,0.35584893822669983,0.3440435528755188,0.3001074492931366,0.7338789701461792,0.7600412368774414,0.5156177282333374
1208,1,00_BN3-154-E_comp.jams,731022,4,2,3,3,False,neutral,mixed_by_complete_group,37,23,14,0,0.40415212512016296,0.3827499747276306,0.21309790015220642,0.2947635054588318,0.6409890055656433,0.44352811574935913
1263,1,00_BN3-154-E_comp.jams,928675,2,3,2,2,False,correction,mixed_by_complete_group,81,18,63,0,0.33119654655456543,0.3463384509086609,0.3224649727344513,0.5827546119689941,0.47870180010795593,0.0017099529504776
1279,1,00_BN3-154-E_comp.jams,988804,4,4,2,2,True,regression,mixed_by_complete_group,106,66,40,0,0.20424096286296844,0.16135147213935852,0.634407639503479,0.20592570304870605,0.6133643984794617,0.06398206949234009
1288,1,00_BN3-154-E_comp.jams,1023886,4,4,3,3,True,regression,local_rates_favor_regression_for_all_groups,2,0,2,0,0.3882768750190735,0.42764484882354736,0.18407827615737915,0.453125,0.6513736248016357,0.32567715644836426
1294,1,00_BN3-154-E_comp.jams,1040949,5,4,3,3,False,neutral,local_rates_favor_correction_for_all_groups,23,23,0,0,0.40260809659957886,0.25270670652389526,0.34468522667884827,0.5509510636329651,0.6523084044456482,0.3672492206096649
1375,1,00_BN3-154-E_solo.jams,137002,1,4,2,2,False,neutral,mixed_by_complete_group,90,87,3,0,0.41027823090553284,0.18551133573055267,0.4042104482650757,0.3140625059604645,0.5565189719200134,0.21046188473701477
1529,1,00_BN3-154-E_solo.jams,482332,1,3,3,2,False,neutral,mixed_by_complete_group,116,29,87,0,0.21776209771633148,0.28825730085372925,0.4939805269241333,0.6062769293785095,0.9888220429420471,0.04346543550491333
1658,1,00_BN3-154-E_solo.jams,962256,1,4,2,2,False,neutral,mixed_by_complete_group,116,100,15,1,0.2696433961391449,0.1809256225824356,0.5494309663772583,0.37850216031074524,0.8853706121444702,0.011301069520413876
1678,1,00_BN3-154-E_solo.jams,1006615,1,2,2,3,False,neutral,local_rates_favor_regression_for_all_groups,1,0,1,0,0.24250178039073944,0.34968018531799316,0.4078180491924286,0.359375,0.5654723048210144,0.06947829574346542
2869,1,00_Funk2-119-G_comp.jams,29,6,3,4,4,False,neutral,mixed_by_complete_group,104,97,1,6,0.46139082312583923,0.28405171632766724,0.2545574903488159,0.3392427861690521,0.5873752236366272,0.5061625242233276
2882,1,00_Funk2-119-G_comp.jams,33264,3,2,3,3,False,correction,mixed_by_complete_group,36,5,31,0,0.3038789629936218,0.3492928743362427,0.3468282222747803,0.3680555522441864,0.4759152829647064,0.13659155368804932
2951,1,00_Funk2-119-G_comp.jams,188809,6,3,2,2,False,neutral,mixed_by_complete_group,18,16,2,0,0.3325296640396118,0.2858094871044159,0.3816608488559723,0.5364583134651184,0.5066009759902954,0.20243912935256958
2967,1,00_Funk2-119-G_comp.jams,240323,4,2,3,3,False,neutral,mixed_by_complete_group,2,1,1,0,0.33430004119873047,0.3133147954940796,0.35238516330718994,0.21875,0.4980977177619934,0.05491240322589874
2992,1,00_Funk2-119-G_comp.jams,312010,5,4,3,3,False,neutral,local_rates_favor_regression_for_all_groups,5,0,5,0,0.28386276960372925,0.3766769468784332,0.3394603133201599,0.6875,0.5820550918579102,0.11872674524784088
3022,1,00_Funk2-119-G_comp.jams,402317,1,3,4,4,False,neutral,local_rates_favor_correction_for_all_groups,1,1,0,0,0.32463929057121277,0.3029966652393341,0.3723640441894531,0.34375,0.5285618305206299,0.515173614025116
3033,1,00_Funk2-119-G_comp.jams,425021,1,2,3,3,False,neutral,mixed_by_complete_group,55,35,20,0,0.3608182668685913,0.35677570104599,0.2824060022830963,0.36136364936828613,0.4553610682487488,0.026721835136413574
3055,1,00_Funk2-119-G_comp.jams,471061,0,2,3,3,False,neutral,mixed_by_complete_group,10,4,6,0,0.31223660707473755,0.33579105138778687,0.351972371339798,0.20000000298023224,0.5781509280204773,0.45185741782188416
3090,1,00_Funk2-119-G_comp.jams,545246,2,3,4,4,False,neutral,local_rates_favor_correction_for_all_groups,1,1,0,0,0.44897958636283875,0.2789115607738495,0.27210885286331177,0.25,0.6023674011230469,0.20442423224449158
3092,1,00_Funk2-119-G_comp.jams,561736,5,4,3,3,False,neutral,local_rates_favor_correction_for_all_groups,60,60,0,0,0.44188377261161804,0.31051933765411377,0.24759690463542938,0.7346354126930237,0.9312074184417725,0.18201091885566711
3103,1,00_Funk2-119-G_comp.jams,596211,5,4,5,5,False,correction,mixed_by_complete_group,3,2,1,0,0.3362555503845215,0.2574698030948639,0.4062746465206146,0.203125,0.7118683457374573,0.7214614152908325
3121,1,00_Funk2-119-G_comp.jams,633744,6,4,3,3,False,neutral,local_rates_favor_regression_for_all_groups,63,0,63,0,0.33319300413131714,0.4419109523296356,0.22489605844020844,0.7445436716079712,0.476549357175827,0.023290276527404785
3179,1,00_Funk2-119-G_comp.jams,789675,4,4,4,5,False,regression,mixed_by_complete_group,39,37,2,0,0.3073750138282776,0.2247539460659027,0.4678710103034973,0.06290064007043839,0.6527085900306702,0.043655216693878174
3212,1,00_Funk2-119-G_comp.jams,855653,3,3,2,2,True,regression,mixed_by_complete_group,98,70,28,0,0.3948274850845337,0.3126717805862427,0.2925007939338684,0.5626594424247742,0.5206084251403809,0.2736890912055969
3223,1,00_Funk2-119-G_comp.jams,883168,2,3,2,2,False,correction,mixed_by_complete_group,41,24,17,0,0.2892833948135376,0.28620707988739014,0.4245094656944275,0.31288111209869385,0.6594948768615723,0.4495210647583008
3286,1,00_Funk2-119-G_comp.jams,1050827,5,3,2,2,False,neutral,local_rates_favor_regression_for_all_groups,1,0,1,0,0.34064120054244995,0.3655704855918884,0.2937883138656616,0.6875,0.5745210647583008,0.07746711373329163
3294,1,00_Funk2-119-G_comp.jams,1078548,2,3,4,4,False,neutral,mixed_by_complete_group,58,3,55,0,0.2876211404800415,0.4131704866886139,0.2992083728313446,0.24568966031074524,0.5117690563201904,0.015773668885231018
3302,1,00_Funk2-119-G_comp.jams,1095880,4,3,5,5,False,neutral,local_rates_favor_correction_for_all_groups,55,55,0,0,0.23145052790641785,0.09066958725452423,0.677880048751831,0.11704545468091965,0.5263040065765381,0.2620089054107666
3309,1,00_Funk2-119-G_comp.jams,1111583,5,2,4,4,False,neutral,mixed_by_complete_group,62,36,26,0,0.25822290778160095,0.2277967631816864,0.5139803290367126,0.10609879344701767,0.5516166687011719,0.460287481546402
3318,1,00_Funk2-119-G_comp.jams,1129743,4,3,4,4,False,correction,mixed_by_complete_group,10,1,9,0,0.26401287317276,0.3422979712486267,0.3936890959739685,0.1640625,0.5170572400093079,0.09330739825963974
3346,1,00_Funk2-119-G_comp.jams,1199319,4,3,4,4,False,correction,mixed_by_complete_group,61,8,53,0,0.24077144265174866,0.3160589039325714,0.44316962361335754,0.21490778028964996,0.5251311659812927,0.31735923886299133
3352,1,00_Funk2-119-G_comp.jams,1211026,4,2,3,3,False,neutral,mixed_by_complete_group,38,36,2,0,0.4193682372570038,0.300239235162735,0.280392587184906,0.30427631735801697,0.760339617729187,0.23353810608386993
3363,1,00_Funk2-119-G_comp.jams,1233378,4,3,3,4,False,correction,local_rates_favor_regression_for_all_groups,8,0,8,0,0.19798144698143005,0.32255101203918457,0.47946757078170776,0.177734375,0.556861937046051,0.021119698882102966
3370,1,00_Funk2-119-G_comp.jams,1257124,4,4,3,3,True,regression,mixed_by_complete_group,44,23,21,0,0.34237340092658997,0.3376435935497284,0.31998300552368164,0.4730113744735718,0.45325538516044617,0.21048817038536072
3376,1,00_Funk2-119-G_comp.jams,1275053,1,2,3,3,False,neutral,mixed_by_complete_group,56,54,2,0,0.39317014813423157,0.28049594163894653,0.3263339400291443,0.525390625,0.4817489981651306,0.197429820895195
3381,1,00_Funk2-119-G_comp.jams,1289976,4,3,3,4,False,correction,mixed_by_complete_group,54,13,41,0,0.23577557504177094,0.284239798784256,0.4799846112728119,0.20081017911434174,0.678268313407898,0.06883491575717926
3396,1,00_Funk2-119-G_comp.jams,1345550,4,4,3,3,True,regression,local_rates_favor_regression_for_all_groups,1,0,1,0,0.3273657262325287,0.4519927501678467,0.22064152359962463,0.5625,0.45029202103614807,0.5139237642288208
3575,1,00_Funk3-112-C#_comp.jams,17641,6,4,3,3,False,neutral,mixed_by_complete_group,55,52,3,0,0.3636198937892914,0.313117116689682,0.323263019323349,0.652556836605072,0.4892258048057556,0.02079448103904724
3598,1,00_Funk3-112-C#_comp.jams,72767,6,4,3,3,False,neutral,mixed_by_complete_group,58,18,40,0,0.32082703709602356,0.3330206573009491,0.3461523950099945,0.537715494632721,0.4426066279411316,0.005592465400695801
3641,1,00_Funk3-112-C#_comp.jams,172078,0,3,2,2,False,neutral,mixed_by_complete_group,47,9,38,0,0.23490121960639954,0.2386973351240158,0.5264014005661011,0.9065824747085571,0.9618828892707825,0.16122443974018097
3646,1,00_Funk3-112-C#_comp.jams,190521,3,3,2,2,True,regression,local_rates_favor_correction_for_all_groups,3,3,0,0,0.35363197326660156,0.21203553676605225,0.4343324899673462,0.3958333432674408,0.5496458411216736,0.18783579766750336
3657,1,00_Funk3-112-C#_comp.jams,226251,4,3,4,4,False,correction,mixed_by_complete_group,57,50,6,1,0.4500628113746643,0.3717787563800812,0.1781584620475769,0.15679824352264404,0.43038156628608704,0.17761242389678955
3683,1,00_Funk3-112-C#_comp.jams,294279,3,3,3,2,False,regression,local_rates_favor_correction_for_all_groups,88,88,0,0,0.2915191650390625,0.16401933133602142,0.5444614887237549,0.6205610632896423,0.647739589214325,0.050741903483867645
3736,1,00_Funk3-112-C#_comp.jams,424425,4,4,3,3,True,regression,mixed_by_complete_group,2,1,1,0,0.3034050464630127,0.30898529291152954,0.38760966062545776,0.8125,0.733380138874054,0.1917514204978943
3762,1,00_Funk3-112-C#_comp.jams,502226,4,2,3,3,False,neutral,local_rates_favor_correction_for_all_groups,6,6,0,0,0.3759000301361084,0.32447880506515503,0.2996211349964142,0.3046875,0.47809407114982605,0.3788023293018341
3771,1,00_Funk3-112-C#_comp.jams,519714,4,3,2,2,False,neutral,local_rates_favor_regression_for_all_groups,62,0,62,0,0.23527823388576508,0.3998871147632599,0.364834725856781,0.6194556355476379,0.5641663670539856,0.13311611115932465
3790,1,00_Funk3-112-C#_comp.jams,560093,3,3,2,2,True,regression,mixed_by_complete_group,98,33,65,0,0.2942870259284973,0.2916600704193115,0.4140528440475464,0.3147321343421936,0.9377995133399963,0.1088523417711258
3800,1,00_Funk3-112-C#_comp.jams,583946,5,4,3,3,False,neutral,mixed_by_complete_group,52,20,32,0,0.3138602077960968,0.3298109471797943,0.3563288450241089,0.6682692170143127,0.6513327956199646,0.09072700142860413
3818,1,00_Funk3-112-C#_comp.jams,620720,4,4,2,3,True,regression,mixed_by_complete_group,62,1,61,0,0.27488550543785095,0.38323909044265747,0.3418753445148468,0.8233367204666138,0.6634703278541565,0.02453295886516571
3825,1,00_Funk3-112-C#_comp.jams,638366,4,4,2,2,True,regression,local_rates_favor_correction_for_all_groups,1,1,0,0,0.2075919359922409,0.12877289950847626,0.6636351943016052,0.234375,0.8296130895614624,0.41616538166999817
3845,1,00_Funk3-112-C#_comp.jams,691138,5,4,5,5,False,correction,mixed_by_complete_group,6,2,4,0,0.2514481842517853,0.3086670935153961,0.43988466262817383,0.0416666679084301,0.5091919302940369,0.13271978497505188
3860,1,00_Funk3-112-C#_comp.jams,727514,2,2,3,3,True,regression,local_rates_favor_regression_for_all_groups,2,0,2,0,0.2716815173625946,0.3115924596786499,0.4167260229587555,0.3359375,0.4864443838596344,0.19175958633422852
3880,1,00_Funk3-112-C#_comp.jams,773921,4,4,3,3,True,regression,local_rates_favor_correction_for_all_groups,60,60,0,0,0.4240385591983795,0.31455153226852417,0.2614098787307739,0.5065104365348816,0.8037423491477966,0.33517909049987793
3897,1,00_Funk3-112-C#_comp.jams,815422,3,4,2,2,False,neutral,local_rates_favor_regression_for_all_groups,4,0,4,0,0.1708105504512787,0.26789796352386475,0.561291515827179,0.18359375,0.7101652026176453,0.22512973845005035
3952,1,00_Funk3-112-C#_comp.jams,957333,3,4,3,3,False,correction,mixed_by_complete_group,6,3,3,0,0.3296643793582916,0.3262999355792999,0.34403562545776367,0.5104166865348816,0.7052653431892395,0.10750438272953033
3965,1,00_Funk3-112-C#_comp.jams,985309,5,3,3,4,False,neutral,local_rates_favor_regression_for_all_groups,3,0,3,0,0.2925719916820526,0.32806676626205444,0.37936124205589294,0.1979166716337204,0.556315541267395,0.0439734160900116
3989,1,00_Funk3-112-C#_comp.jams,1050122,5,4,3,3,False,neutral,local_rates_favor_correction_for_all_groups,7,7,0,0,0.3551460802555084,0.32436487078666687,0.3204890787601471,0.8102678656578064,0.45863839983940125,0.23295852541923523
4054,1,00_Funk3-112-C#_comp.jams,1211727,3,2,2,3,False,correction,local_rates_favor_regression_for_all_groups,2,0,2,0,0.23463663458824158,0.4506952166557312,0.3146681487560272,0.2578125,0.7347801327705383,0.01776149868965149
4071,1,00_Funk3-112-C#_comp.jams,1263768,5,4,3,3,False,neutral,mixed_by_complete_group,26,25,1,0,0.37431928515434265,0.3220022916793823,0.30367836356163025,0.6616586446762085,0.6043905019760132,0.18015798926353455
4127,1,00_Funk3-112-C#_comp.jams,1399611,4,4,3,3,True,regression,local_rates_favor_correction_for_all_groups,83,83,0,0,0.4677804708480835,0.31281399726867676,0.21940548717975616,0.5574171543121338,1.0116502046585083,0.6273782849311829
4134,1,00_Funk3-112-C#_comp.jams,1417596,4,3,4,4,False,correction,local_rates_favor_regression_for_all_groups,5,0,5,0,0.2459445297718048,0.3869355320930481,0.3671199679374695,0.20000000298023224,0.4277540147304535,0.09720438718795776
4138,1,00_Funk3-112-C#_comp.jams,1441565,5,4,3,3,False,neutral,mixed_by_complete_group,63,18,45,0,0.34313249588012695,0.35304680466651917,0.30382072925567627,0.84995037317276,0.6018897891044617,0.08243700861930847
4141,1,00_Funk3-112-C#_comp.jams,1453860,5,2,3,3,False,neutral,mixed_by_complete_group,62,59,3,0,0.3781808912754059,0.283734530210495,0.33808451890945435,0.31955644488334656,0.5483498573303223,0.4498361051082611
4155,1,00_Funk3-112-C#_comp.jams,1489106,5,2,3,3,False,neutral,mixed_by_complete_group,41,19,22,0,0.34730738401412964,0.33796849846839905,0.3147241175174713,0.2515243887901306,0.5652168989181519,0.48237985372543335
4351,1,00_Funk3-112-C#_solo.jams,1477551,2,3,2,2,False,correction,local_rates_favor_correction_for_all_groups,114,114,0,0,0.37128719687461853,0.208750918507576,0.4199618697166443,0.5945723652839661,0.7982520461082458,0.46316972374916077
15751,1,00_SS3-98-C_comp.jams,49349,1,3,2,2,False,neutral,mixed_by_complete_group,95,94,1,0,0.3058723509311676,0.206388458609581,0.48773902654647827,0.48750001192092896,0.7712783217430115,0.6534838676452637
15758,1,00_SS3-98-C_comp.jams,68724,3,2,3,3,False,correction,local_rates_favor_regression_for_all_groups,7,0,7,0,0.19875529408454895,0.29804542660713196,0.5031992197036743,0.2209821492433548,0.624535858631134,0.4427320063114166
15820,1,00_SS3-98-C_comp.jams,219235,1,2,3,3,False,neutral,local_rates_favor_regression_for_all_groups,9,0,9,0,0.18359488248825073,0.423566997051239,0.39283812046051025,0.1215277761220932,0.7788264155387878,0.1080254465341568
15931,1,00_SS3-98-C_comp.jams,498861,1,3,2,2,False,neutral,local_rates_favor_regression_for_all_groups,71,0,71,0,0.1904391050338745,0.36457666754722595,0.4449842870235443,0.59529048204422,0.5592681169509888,0.26682960987091064
15972,1,00_SS3-98-C_comp.jams,607196,1,3,2,2,False,neutral,mixed_by_complete_group,81,3,78,0,0.21303054690361023,0.36438506841659546,0.4225843846797943,0.5368441343307495,0.600603461265564,0.30766791105270386
16074,1,00_SS3-98-C_comp.jams,879291,3,3,2,2,True,regression,local_rates_favor_regression_for_all_groups,62,0,62,0,0.17671999335289001,0.44255954027175903,0.38072046637535095,0.7190020084381104,0.6021389961242676,0.04074779152870178
16111,1,00_SS3-98-C_comp.jams,986042,3,3,4,4,True,regression,local_rates_favor_regression_for_all_groups,1,0,1,0,0.23989218473434448,0.34770888090133667,0.41239893436431885,0.140625,0.4386437237262726,0.14123263955116272
16254,1,00_SS3-98-C_comp.jams,1362820,2,3,2,2,False,correction,mixed_by_complete_group,65,5,60,0,0.28311848640441895,0.30087047815322876,0.4160109758377075,0.5687500238418579,0.5396249294281006,0.12958337366580963
16338,1,00_SS3-98-C_comp.jams,1579519,2,3,2,2,False,correction,mixed_by_complete_group,62,58,4,0,0.2900083661079407,0.21944309771060944,0.4905484616756439,0.4027217626571655,0.4866543412208557,0.35146477818489075
16424,1,00_SS3-98-C_solo.jams,431828,2,3,2,2,False,correction,mixed_by_complete_group,63,34,29,0,0.35935020446777344,0.3555472195148468,0.28510257601737976,0.5979662537574768,0.487281858921051,0.11771637201309204
16482,1,00_SS3-98-C_solo.jams,621149,2,2,3,3,True,regression,local_rates_favor_regression_for_all_groups,37,0,37,0,0.3465723395347595,0.4338376224040985,0.21959003806114197,0.32854729890823364,0.519694447517395,0.1699700653553009
16554,1,00_SS3-98-C_solo.jams,864207,3,3,2,2,True,regression,local_rates_favor_regression_for_all_groups,3,0,3,0,0.36239710450172424,0.3983326852321625,0.23927022516727448,0.3020833432674408,0.5530703067779541,0.36113372445106506
16577,1,00_SS3-98-C_solo.jams,918350,3,2,4,4,False,neutral,local_rates_favor_correction_for_all_groups,14,14,0,0,0.3059830367565155,0.20920540392398834,0.48481157422065735,0.171875,0.5290938019752502,0.021633803844451904
16620,1,00_SS3-98-C_solo.jams,1013824,2,3,2,2,False,correction,mixed_by_complete_group,66,7,59,0,0.2960634231567383,0.33615541458129883,0.3677811622619629,0.3577178120613098,0.530408501625061,0.4850965738296509
16705,1,00_SS3-98-C_solo.jams,1284074,1,2,2,3,False,neutral,local_rates_favor_regression_for_all_groups,1,0,1,0,0.2564206123352051,0.3307785391807556,0.4128008484840393,0.390625,0.5119657516479492,0.01823294162750244
16725,1,00_SS3-98-C_solo.jams,1330110,1,3,2,2,False,neutral,mixed_by_complete_group,81,32,49,0,0.29214197397232056,0.2902149558067322,0.4176430404186249,0.5657793283462524,0.5788992047309875,0.11024513840675354
16789,1,00_SS3-98-C_solo.jams,1546579,1,4,3,3,False,neutral,mixed_by_complete_group,23,17,6,0,0.42356643080711365,0.34789755940437317,0.22853600978851318,0.49048912525177,0.5892859101295471,0.6045883893966675
17785,1,01_BN3-154-E_comp.jams,96391,3,4,3,3,False,correction,local_rates_favor_correction_for_all_groups,46,46,0,0,0.4466686546802521,0.35814401507377625,0.1951873004436493,0.640285313129425,0.4742322266101837,0.12030074000358582
17799,1,01_BN3-154-E_comp.jams,164005,3,3,4,4,True,regression,mixed_by_complete_group,63,21,42,0,0.4083191752433777,0.4354495704174042,0.15623129904270172,0.376240074634552,0.46710360050201416,0.2142908275127411
17837,1,01_BN3-154-E_comp.jams,301475,4,4,3,3,True,regression,local_rates_favor_regression_for_all_groups,63,0,63,0,0.32629090547561646,0.45087242126464844,0.2228366583585739,0.6619543433189392,0.4567434787750244,0.06705132126808167
17875,1,01_BN3-154-E_comp.jams,438378,2,2,3,3,True,regression,mixed_by_complete_group,37,30,7,0,0.4232553243637085,0.3948538899421692,0.1818908005952835,0.37331080436706543,0.6974958181381226,0.021978139877319336
17905,1,01_BN3-154-E_comp.jams,533439,3,4,3,3,False,correction,mixed_by_complete_group,55,1,54,0,0.3418464958667755,0.3989494740962982,0.25920405983924866,0.8079545497894287,0.7497668266296387,0.017691850662231445
17964,1,01_BN3-154-E_comp.jams,731434,2,2,3,3,True,regression,mixed_by_complete_group,35,2,33,0,0.33228951692581177,0.41178402304649353,0.2559264302253723,0.17767857015132904,0.7702369689941406,0.2791624963283539
18013,1,01_BN3-154-E_comp.jams,910492,1,2,3,3,False,neutral,mixed_by_complete_group,6,2,4,0,0.3529196083545685,0.3635236322879791,0.28355672955513,0.4166666567325592,0.9327288269996643,0.24110262095928192
18023,1,01_BN3-154-E_comp.jams,945363,2,2,3,3,True,regression,mixed_by_complete_group,33,16,17,0,0.3592880368232727,0.3668525516986847,0.2738594114780426,0.30445075035095215,0.44557511806488037,0.1944350004196167
18045,1,01_BN3-154-E_comp.jams,1012884,4,2,3,3,False,neutral,mixed_by_complete_group,39,2,37,0,0.32421866059303284,0.4026322066783905,0.2731491029262543,0.35857370495796204,0.5178025364875793,0.19076389074325562
18053,1,01_BN3-154-E_comp.jams,1048402,3,4,3,3,False,correction,local_rates_favor_correction_for_all_groups,56,56,0,0,0.44312170147895813,0.32044175267219543,0.23643653094768524,0.6556919813156128,0.541438102722168,0.19533661007881165
19463,1,01_Funk2-119-G_comp.jams,4,2,2,4,4,True,regression,mixed_by_complete_group,19,4,14,1,0.20157991349697113,0.25833719968795776,0.5400829315185547,0.00657894741743803,1.4143301248550415,0.05137094855308533
19465,1,01_Funk2-119-G_comp.jams,11327,2,4,3,3,False,neutral,mixed_by_complete_group,95,57,38,0,0.42032718658447266,0.3074779808521271,0.2721947729587555,0.5965460538864136,0.7957105040550232,0.3118011951446533
19486,1,01_Funk2-119-G_comp.jams,100135,2,4,2,2,False,correction,local_rates_favor_correction_for_all_groups,1,1,0,0,0.2540377676486969,0.17218723893165588,0.5737749934196472,0.21875,1.0916059017181396,0.7186833024024963
19495,1,01_Funk2-119-G_comp.jams,132935,4,3,4,4,False,correction,mixed_by_complete_group,62,33,29,0,0.37091144919395447,0.3698664605617523,0.259222149848938,0.17716734111309052,0.6404585242271423,0.06654253602027893
19505,1,01_Funk2-119-G_comp.jams,167490,1,2,3,3,False,neutral,mixed_by_complete_group,69,19,50,0,0.36699149012565613,0.3874708414077759,0.2455376386642456,0.5079257488250732,0.5902422666549683,0.10037803649902344
19528,1,01_Funk2-119-G_comp.jams,255972,3,4,2,2,False,neutral,mixed_by_complete_group,50,12,38,0,0.2014887034893036,0.2192615121603012,0.5792497992515564,0.3018749952316284,0.9215430617332458,0.40488913655281067
19530,1,01_Funk2-119-G_comp.jams,265334,0,3,2,2,False,neutral,mixed_by_complete_group,113,97,16,0,0.2810017466545105,0.22280444204807281,0.4961937367916107,0.607300877571106,0.8810822367668152,0.013395369052886963
19565,1,01_Funk2-119-G_comp.jams,400910,4,4,3,3,True,regression,local_rates_favor_correction_for_all_groups,95,95,0,0,0.4954971671104431,0.25538170337677,0.24912109971046448,0.5550987124443054,1.1142855882644653,0.18119722604751587
19597,1,01_Funk2-119-G_comp.jams,533855,3,4,3,3,False,correction,mixed_by_complete_group,63,1,62,0,0.3609400987625122,0.4754849374294281,0.16357499361038208,0.65625,0.6458555459976196,0.00800633430480957
19647,1,01_Funk2-119-G_comp.jams,756771,2,4,3,3,False,neutral,local_rates_favor_correction_for_all_groups,65,65,0,0,0.4217703640460968,0.32277095317840576,0.25545868277549744,0.7413461804389954,0.983152449131012,0.08979928493499756
19652,1,01_Funk2-119-G_comp.jams,778302,1,3,2,2,False,neutral,local_rates_favor_regression_for_all_groups,3,0,3,0,0.2110128551721573,0.2827061414718628,0.5062809586524963,0.28125,1.0074602365493774,0.03931879997253418
19700,1,01_Funk2-119-G_comp.jams,951678,2,4,2,2,False,correction,mixed_by_complete_group,105,104,1,0,0.3014359772205353,0.09780634939670563,0.6007576584815979,0.17098213732242584,1.1130657196044922,0.618549108505249
19710,1,01_Funk2-119-G_comp.jams,979359,3,4,2,2,False,neutral,mixed_by_complete_group,120,114,6,0,0.37939539551734924,0.26163187623023987,0.3589727282524109,0.4723958373069763,0.7978843450546265,0.7207375168800354
19721,1,01_Funk2-119-G_comp.jams,1040061,3,4,4,3,False,correction,mixed_by_complete_group,75,74,1,0,0.41943660378456116,0.326979398727417,0.2535840570926666,0.6333333253860474,0.9598438739776611,0.040928810834884644
19729,1,01_Funk2-119-G_comp.jams,1067806,3,4,3,3,False,correction,local_rates_favor_correction_for_all_groups,88,88,0,0,0.45287254452705383,0.2801859676837921,0.26694151759147644,0.5758167505264282,1.4967538118362427,0.232606440782547
19776,1,01_Funk2-119-G_comp.jams,1245279,2,4,2,2,False,correction,mixed_by_complete_group,103,90,13,0,0.2662545144557953,0.17420309782028198,0.5595423579216003,0.20979975163936615,0.9814682006835938,0.010108217597007751
19791,1,01_Funk2-119-G_comp.jams,1329194,3,3,2,2,True,regression,mixed_by_complete_group,63,56,7,0,0.3362364172935486,0.29755350947380066,0.36621010303497314,0.57192462682724,0.7481849789619446,0.2275780588388443
19799,1,01_Funk2-119-G_comp.jams,1363042,2,3,2,2,False,correction,mixed_by_complete_group,28,5,23,0,0.30037111043930054,0.33838576078414917,0.36124321818351746,0.2645089328289032,0.87068110704422,0.19234305620193481
19811,1,01_Funk2-119-G_comp.jams,1417215,3,4,3,3,False,correction,mixed_by_complete_group,61,23,38,0,0.35832586884498596,0.36476755142211914,0.2769065499305725,0.7082479596138,0.6992335915565491,0.17616425454616547
20015,1,01_Funk3-112-C#_comp.jams,6,2,2,3,3,True,regression,local_rates_favor_regression_for_all_groups,66,0,66,0,0.22606369853019714,0.47420817613601685,0.2997280955314636,0.415009468793869,0.9519628286361694,0.2861427068710327
20041,1,01_Funk3-112-C#_comp.jams,117628,3,2,4,4,False,neutral,mixed_by_complete_group,47,28,17,2,0.26473096013069153,0.23648841679096222,0.49878060817718506,0.042220745235681534,0.6107013821601868,0.22615081071853638
20044,1,01_Funk3-112-C#_comp.jams,141513,2,2,4,4,True,regression,mixed_by_complete_group,82,17,64,1,0.21210016310214996,0.31252792477607727,0.47537195682525635,0.1520579308271408,0.655762255191803,0.21714133024215698
20058,1,01_Funk3-112-C#_comp.jams,177424,3,2,3,3,False,correction,mixed_by_complete_group,62,4,58,0,0.3526356816291809,0.42790278792381287,0.21946148574352264,0.6444052457809448,0.6387178897857666,0.13528358936309814
20066,1,01_Funk3-112-C#_comp.jams,213121,3,3,3,4,False,regression,local_rates_favor_correction_for_all_groups,21,21,0,0,0.4810883700847626,0.3148861527442932,0.20402544736862183,0.1049107164144516,0.6009941697120667,0.03973612189292908
20070,1,01_Funk3-112-C#_comp.jams,236600,4,2,3,3,False,neutral,local_rates_favor_regression_for_all_groups,68,0,68,0,0.24226805567741394,0.3849853277206421,0.37274664640426636,0.5512408018112183,0.8079532384872437,0.06388875842094421
20104,1,01_Funk3-112-C#_comp.jams,378217,2,2,3,3,True,regression,mixed_by_complete_group,3,2,1,0,0.38667067885398865,0.3457402288913727,0.2675890624523163,0.3541666567325592,0.7931351065635681,0.5224628448486328
20109,1,01_Funk3-112-C#_comp.jams,402524,3,2,3,3,False,correction,local_rates_favor_regression_for_all_groups,63,0,63,0,0.25543421506881714,0.4794918894767761,0.26507383584976196,0.4751984179019928,0.7036095261573792,0.06351843476295471
20123,1,01_Funk3-112-C#_comp.jams,496140,3,2,4,3,False,correction,local_rates_favor_regression_for_all_groups,1,0,1,0,0.23125115036964417,0.4303482472896576,0.33840060234069824,0.65625,0.6531641483306885,0.19155246019363403
20133,1,01_Funk3-112-C#_comp.jams,531578,2,3,2,2,False,correction,mixed_by_complete_group,87,24,63,0,0.24934838712215424,0.28701522946357727,0.4636363387107849,0.5547773241996765,0.817262589931488,0.5421695709228516
20136,1,01_Funk3-112-C#_comp.jams,537500,3,4,3,3,False,correction,local_rates_favor_regression_for_all_groups,59,0,59,0,0.25946488976478577,0.43088194727897644,0.309653103351593,0.47457626461982727,0.6164159774780273,0.042230963706970215
20139,1,01_Funk3-112-C#_comp.jams,544742,0,3,2,2,False,neutral,mixed_by_complete_group,112,43,69,0,0.22958816587924957,0.22760117053985596,0.5428106784820557,0.4580078125,0.7772868275642395,0.7329439520835876
20148,1,01_Funk3-112-C#_comp.jams,590537,3,2,2,3,False,correction,local_rates_favor_regression_for_all_groups,63,0,63,0,0.32136955857276917,0.41402578353881836,0.2646046578884125,0.4184027910232544,0.7134450674057007,0.001599818468093872
20153,1,01_Funk3-112-C#_comp.jams,626034,3,2,3,3,False,correction,mixed_by_complete_group,44,40,4,0,0.4158381223678589,0.36009132862091064,0.2240704894065857,0.4272017180919647,0.8116617202758789,0.20628806948661804
20155,1,01_Funk3-112-C#_comp.jams,637521,3,3,2,2,True,regression,local_rates_favor_regression_for_all_groups,3,0,3,0,0.254839688539505,0.35825803875923157,0.38690224289894104,0.1822916716337204,0.7284977436065674,0.14989414811134338
20159,1,01_Funk3-112-C#_comp.jams,661604,2,4,3,3,False,neutral,local_rates_favor_correction_for_all_groups,73,73,0,0,0.4697517454624176,0.25761401653289795,0.27263423800468445,0.5348886847496033,0.6388242840766907,0.5802720785140991
20192,1,01_Funk3-112-C#_comp.jams,821602,3,4,3,3,False,correction,mixed_by_complete_group,61,22,39,0,0.4419885575771332,0.40677937865257263,0.1512320637702942,0.5002561211585999,0.7099422812461853,0.5047804713249207
20255,1,01_Funk3-112-C#_comp.jams,1051487,3,2,3,3,False,correction,mixed_by_complete_group,63,42,21,0,0.39047831296920776,0.3806326389312744,0.22888906300067902,0.4528769850730896,0.7691805362701416,0.26447999477386475
20273,1,01_Funk3-112-C#_comp.jams,1105739,3,4,3,3,False,correction,mixed_by_complete_group,61,20,41,0,0.4350340962409973,0.3914232552051544,0.17354269325733185,0.5033299326896667,0.8029735088348389,0.4208872616291046
20279,1,01_Funk3-112-C#_comp.jams,1122659,3,2,3,3,False,correction,mixed_by_complete_group,22,11,11,0,0.33843913674354553,0.35259130597114563,0.3089696168899536,0.2592329680919647,0.676180899143219,0.4991259276866913
20296,1,01_Funk3-112-C#_comp.jams,1198205,2,3,2,2,False,correction,local_rates_favor_correction_for_all_groups,1,1,0,0,0.4360946714878082,0.16627219319343567,0.3976331353187561,0.21875,0.6934194564819336,0.5672365427017212
20300,1,01_Funk3-112-C#_comp.jams,1222984,2,3,2,2,False,correction,mixed_by_complete_group,63,56,7,0,0.3522895276546478,0.29943880438804626,0.34827160835266113,0.490327388048172,0.8933762907981873,0.5131803750991821
20306,1,01_Funk3-112-C#_comp.jams,1252258,3,2,3,3,False,correction,local_rates_favor_regression_for_all_groups,2,0,2,0,0.22519150376319885,0.42061859369277954,0.3541899025440216,0.7890625,0.7875064015388489,0.18394890427589417
20310,1,01_Funk3-112-C#_comp.jams,1276308,3,2,4,4,False,neutral,mixed_by_complete_group,45,8,36,1,0.22683048248291016,0.3058679699897766,0.4673016369342804,0.05416666716337204,0.7906820774078369,0.13961264491081238
20324,1,01_Funk3-112-C#_comp.jams,1305704,1,3,2,2,False,neutral,mixed_by_complete_group,63,62,1,0,0.39947718381881714,0.2214629203081131,0.37905991077423096,0.5590277910232544,0.6242625713348389,0.24795137345790863
20345,1,01_Funk3-112-C#_comp.jams,1388564,3,4,3,3,False,correction,mixed_by_complete_group,92,29,63,0,0.44569864869117737,0.37955421209335327,0.17474715411663055,0.45889946818351746,0.8646588325500488,0.33594533801078796
20349,1,01_Funk3-112-C#_comp.jams,1406296,2,3,2,2,False,correction,mixed_by_complete_group,115,51,64,0,0.2424238920211792,0.22438077628612518,0.5331953167915344,0.363858699798584,0.9624643921852112,0.8841773867607117
20358,1,01_Funk3-112-C#_comp.jams,1465207,3,3,2,2,True,regression,local_rates_favor_regression_for_all_groups,1,0,1,0,0.22781457006931305,0.3977924883365631,0.37439292669296265,0.28125,0.613501250743866,0.045545101165771484
20367,1,01_Funk3-112-C#_comp.jams,1506158,2,4,3,3,False,neutral,mixed_by_complete_group,47,24,23,0,0.3509371280670166,0.33933204412460327,0.30973079800605774,0.7327127456665039,0.7885334491729736,0.1744914948940277
31390,1,01_SS3-98-C_comp.jams,34509,2,2,3,3,True,regression,local_rates_favor_regression_for_all_groups,1,0,1,0,0.2381996065378189,0.33984094858169556,0.42195942997932434,0.34375,0.45025908946990967,0.07760915160179138
31393,1,01_SS3-98-C_comp.jams,40983,2,3,2,2,False,correction,local_rates_favor_regression_for_all_groups,63,0,63,0,0.20908509194850922,0.35852503776550293,0.43238985538482666,0.7145337462425232,0.5188183784484863,0.12071090936660767
31406,1,01_SS3-98-C_comp.jams,69224,2,3,2,2,False,correction,local_rates_favor_regression_for_all_groups,4,0,4,0,0.24797898530960083,0.2834485173225403,0.4685724675655365,0.49609375,0.4782749116420746,0.34990909695625305
31416,1,01_SS3-98-C_comp.jams,90139,2,3,3,2,False,correction,local_rates_favor_correction_for_all_groups,4,4,0,0,0.2916998863220215,0.22087275981903076,0.48742735385894775,0.52734375,0.619379997253418,0.15149825811386108
31454,1,01_SS3-98-C_comp.jams,170122,2,2,4,4,True,regression,mixed_by_complete_group,4,3,1,0,0.22352740168571472,0.1942283660173416,0.5822442173957825,0.11328125,0.569189190864563,0.4990864396095276
31458,1,01_SS3-98-C_comp.jams,183578,2,3,2,2,False,correction,mixed_by_complete_group,62,61,1,0,0.3191937208175659,0.22711294889450073,0.45369330048561096,0.5196572542190552,0.5637428164482117,0.4351806938648224
31470,1,01_SS3-98-C_comp.jams,210014,1,3,4,4,False,neutral,mixed_by_complete_group,13,10,3,0,0.3458549678325653,0.2770564556121826,0.3770885467529297,0.18389423191547394,0.6302715539932251,0.09591856598854065
31473,1,01_SS3-98-C_comp.jams,218993,2,2,3,3,True,regression,local_rates_favor_regression_for_all_groups,62,0,62,0,0.20892779529094696,0.4767765700817108,0.3142956495285034,0.4994959533214569,0.4429953098297119,0.04738512635231018
31479,1,01_SS3-98-C_comp.jams,232147,1,3,2,2,False,neutral,mixed_by_complete_group,63,47,16,0,0.29382720589637756,0.2692604959011078,0.43691232800483704,0.474702388048172,0.6219753623008728,0.13756708800792694
31482,1,01_SS3-98-C_comp.jams,238566,2,3,2,2,False,correction,mixed_by_complete_group,71,49,22,0,0.2967918813228607,0.27339014410972595,0.42981797456741333,0.45400527119636536,0.5220046639442444,0.13169029355049133
31487,1,01_SS3-98-C_comp.jams,249663,1,3,2,2,False,neutral,local_rates_favor_correction_for_all_groups,69,69,0,0,0.351397305727005,0.24713076651096344,0.40147197246551514,0.6510416865348816,0.6909837126731873,0.238765150308609
31490,1,01_SS3-98-C_comp.jams,256098,2,3,2,2,False,correction,local_rates_favor_correction_for_all_groups,61,61,0,0,0.3368195593357086,0.21677982807159424,0.44640052318573,0.5174180269241333,0.5948761701583862,0.22572380304336548
31497,1,01_SS3-98-C_comp.jams,271694,1,3,2,2,False,neutral,mixed_by_complete_group,63,62,1,0,0.35631659626960754,0.20540715754032135,0.4382762908935547,0.6222718358039856,0.5841604471206665,0.18618455529212952
31507,1,01_SS3-98-C_comp.jams,291732,2,3,4,4,False,neutral,local_rates_favor_regression_for_all_groups,1,0,1,0,0.25974026322364807,0.29725828766822815,0.4430014491081238,0.328125,0.5504977107048035,0.14178255200386047
31510,1,01_SS3-98-C_comp.jams,297624,2,3,2,2,False,correction,mixed_by_complete_group,62,60,2,0,0.3359077274799347,0.25553956627845764,0.40855276584625244,0.6025705933570862,0.5436049699783325,0.3668983578681946
31557,1,01_SS3-98-C_comp.jams,400436,2,3,2,2,False,correction,mixed_by_complete_group,91,90,1,0,0.30359145998954773,0.2114749699831009,0.48493361473083496,0.5377747416496277,0.5672935843467712,0.23209837079048157
31568,1,01_SS3-98-C_comp.jams,425644,1,3,3,2,False,neutral,local_rates_favor_correction_for_all_groups,57,57,0,0,0.3156665563583374,0.19428527355194092,0.49004819989204407,0.4936951696872711,0.5275841355323792,0.07488715648651123
31603,1,01_SS3-98-C_comp.jams,499632,1,2,2,4,False,neutral,mixed_by_complete_group,37,14,22,1,0.20727907121181488,0.20178616046905518,0.5909348130226135,0.10008446127176285,0.43422895669937134,0.011596500873565674
31613,1,01_SS3-98-C_comp.jams,519785,3,2,3,3,False,correction,mixed_by_complete_group,10,4,6,0,0.28552985191345215,0.29731425642967224,0.4171558916568756,0.18281249701976776,0.5279348492622375,0.21903042495250702
31617,1,01_SS3-98-C_comp.jams,527988,2,3,2,2,False,correction,mixed_by_complete_group,47,36,11,0,0.2794954478740692,0.25718435645103455,0.46332019567489624,0.6156914830207825,0.6492820382118225,0.17489978671073914
31645,1,01_SS3-98-C_comp.jams,588693,2,3,2,2,False,correction,mixed_by_complete_group,59,40,19,0,0.3159116208553314,0.28895238041877747,0.3951359987258911,0.570974588394165,0.5231265425682068,0.26471084356307983
31654,1,01_SS3-98-C_comp.jams,608615,1,4,2,2,False,neutral,mixed_by_complete_group,110,103,7,0,0.2963416576385498,0.14132119715213776,0.5623371005058289,0.28409090638160706,0.6586955189704895,0.003756195306777954
31656,1,01_SS3-98-C_comp.jams,616022,2,3,2,2,False,correction,local_rates_favor_correction_for_all_groups,60,60,0,0,0.3644283711910248,0.2097889631986618,0.4257827401161194,0.4333333373069763,0.5244013667106628,0.2022276222705841
31659,1,01_SS3-98-C_comp.jams,622690,1,3,2,2,False,neutral,mixed_by_complete_group,40,39,1,0,0.3203994035720825,0.2056473046541214,0.4739533066749573,0.616015613079071,0.6305583715438843,0.4762749671936035
31667,1,01_SS3-98-C_comp.jams,642473,0,3,2,2,False,neutral,local_rates_favor_correction_for_all_groups,42,42,0,0,0.3630600869655609,0.2861773371696472,0.3507625460624695,0.5100446343421936,0.6074986457824707,0.16290923953056335
31670,1,01_SS3-98-C_comp.jams,649341,3,3,2,2,True,regression,local_rates_favor_correction_for_all_groups,63,63,0,0,0.32845914363861084,0.2325078397989273,0.43903300166130066,0.498759925365448,0.649959146976471,0.3860538899898529
31676,1,01_SS3-98-C_comp.jams,661249,2,2,2,4,False,regression,local_rates_favor_regression_for_all_groups,5,0,5,0,0.16050276160240173,0.24087175726890564,0.5986254811286926,0.140625,0.50018709897995,0.0024613291025161743
31680,1,01_SS3-98-C_comp.jams,669295,2,2,4,4,True,regression,local_rates_favor_regression_for_all_groups,3,0,3,0,0.14879421889781952,0.22859889268875122,0.6226068735122681,0.1145833358168602,0.48461493849754333,0.0006958916783332825
31686,1,01_SS3-98-C_comp.jams,681353,2,2,3,3,True,regression,local_rates_favor_regression_for_all_groups,1,0,1,0,0.32201868295669556,0.3376448452472687,0.3403364419937134,0.203125,0.6683164238929749,0.3060481548309326
31697,1,01_SS3-98-C_comp.jams,703122,3,2,4,4,False,neutral,mixed_by_complete_group,15,8,7,0,0.21105091273784637,0.19200269877910614,0.5969464182853699,0.10729166865348816,0.4255204498767853,0.2683950662612915
31700,1,01_SS3-98-C_comp.jams,709133,2,2,3,3,True,regression,local_rates_favor_regression_for_all_groups,8,0,8,0,0.1792718917131424,0.34678101539611816,0.47394707798957825,0.279296875,0.4776286780834198,0.12798699736595154
31707,1,01_SS3-98-C_comp.jams,723161,3,3,2,2,True,regression,mixed_by_complete_group,5,1,4,0,0.24704761803150177,0.2659699618816376,0.48698243498802185,0.6031249761581421,0.5523335337638855,0.3580741286277771
31719,1,01_SS3-98-C_comp.jams,750541,3,3,3,2,False,regression,local_rates_favor_regression_for_all_groups,6,0,6,0,0.1763322502374649,0.2720326781272888,0.5516350269317627,0.3541666567325592,0.5302519798278809,0.014361217617988586
31728,1,01_SS3-98-C_comp.jams,769985,2,2,2,4,False,regression,mixed_by_complete_group,58,17,40,1,0.19089186191558838,0.21819958090782166,0.5909085869789124,0.11988146603107452,0.5102939009666443,0.01577337086200714
31731,1,01_SS3-98-C_comp.jams,778370,2,3,2,2,False,correction,mixed_by_complete_group,63,61,2,0,0.3137158155441284,0.24842366576194763,0.4378604590892792,0.5922619104385376,0.7964274287223816,0.1520463079214096
31734,1,01_SS3-98-C_comp.jams,790717,1,3,2,2,False,neutral,mixed_by_complete_group,41,20,21,0,0.2581162750720978,0.2696918845176697,0.47219178080558777,0.3010670840740204,0.49870193004608154,0.13523603975772858
31740,1,01_SS3-98-C_comp.jams,803907,2,3,2,4,False,neutral,mixed_by_complete_group,55,51,4,0,0.34025952219963074,0.27568069100379944,0.3840598165988922,0.3008522689342499,0.6295800805091858,0.1681535243988037
31760,1,01_SS3-98-C_comp.jams,853002,3,3,2,2,True,regression,mixed_by_complete_group,40,38,2,0,0.30899766087532043,0.24633917212486267,0.4446631371974945,0.555468738079071,0.565663754940033,0.19470882415771484
31763,1,01_SS3-98-C_comp.jams,859345,2,4,3,3,False,neutral,local_rates_favor_regression_for_all_groups,59,0,59,0,0.2442546784877777,0.34714049100875854,0.40860480070114136,0.41022247076034546,0.803460955619812,0.27887704968452454
31766,1,01_SS3-98-C_comp.jams,866022,3,4,2,2,False,neutral,local_rates_favor_correction_for_all_groups,49,49,0,0,0.3482861816883087,0.16009990870952606,0.49161389470100403,0.2544642984867096,0.5442062020301819,0.24968495965003967
31781,1,01_SS3-98-C_comp.jams,898219,2,3,2,2,False,correction,local_rates_favor_regression_for_all_groups,63,0,63,0,0.24291746318340302,0.3428593575954437,0.4142231345176697,0.4402281641960144,0.4788554012775421,0.022116899490356445
31828,1,01_SS3-98-C_comp.jams,994124,1,3,2,2,False,neutral,mixed_by_complete_group,105,15,90,0,0.24122056365013123,0.27214211225509644,0.4866373836994171,0.5247023701667786,0.5591143369674683,0.09365493059158325
31832,1,01_SS3-98-C_comp.jams,1013750,1,3,2,2,False,neutral,mixed_by_complete_group,62,60,2,0,0.2868017852306366,0.22678354382514954,0.48641467094421387,0.555443525314331,0.5622715950012207,0.07134665548801422
31840,1,01_SS3-98-C_comp.jams,1034286,1,3,2,4,False,neutral,mixed_by_complete_group,5,3,2,0,0.2879108190536499,0.28032931685447693,0.43175989389419556,0.28437501192092896,0.5928366780281067,0.21663793921470642
31843,1,01_SS3-98-C_comp.jams,1041413,1,3,2,2,False,neutral,mixed_by_complete_group,62,52,10,0,0.31511300802230835,0.27051323652267456,0.4143737554550171,0.4730342626571655,0.5273032784461975,0.42732739448547363
31851,1,01_SS3-98-C_comp.jams,1061563,3,3,3,2,False,regression,mixed_by_complete_group,34,1,33,0,0.2401958853006363,0.26032161712646484,0.49948254227638245,0.37224265933036804,0.5359666347503662,0.0411260724067688
31858,1,01_SS3-98-C_comp.jams,1075319,2,2,4,4,True,regression,local_rates_favor_correction_for_all_groups,2,2,0,0,0.2565856873989105,0.19586418569087982,0.5475501418113708,0.1015625,0.46111491322517395,0.19784733653068542
31868,1,01_SS3-98-C_comp.jams,1096332,0,2,3,3,False,neutral,local_rates_favor_regression_for_all_groups,22,0,22,0,0.25312942266464233,0.35568076372146606,0.391189843416214,0.26278409361839294,0.7168171405792236,0.32272830605506897
31891,1,01_SS3-98-C_comp.jams,1147266,1,2,3,3,False,neutral,mixed_by_complete_group,16,13,3,0,0.2901785671710968,0.2746610641479492,0.4351603388786316,0.259765625,0.4306580722332001,0.11026062071323395
31895,1,01_SS3-98-C_comp.jams,1156023,2,3,2,2,False,correction,mixed_by_complete_group,56,52,4,0,0.32018932700157166,0.26421794295310974,0.41559267044067383,0.3459821343421936,0.47422078251838684,0.2284347414970398
31908,1,01_SS3-98-C_comp.jams,1187295,0,3,2,2,False,neutral,local_rates_favor_correction_for_all_groups,110,110,0,0,0.2583601772785187,0.16398386657238007,0.5776559710502625,0.44602271914482117,0.7520778179168701,0.3657895028591156
31936,1,01_SS3-98-C_comp.jams,1248949,1,2,2,4,False,neutral,mixed_by_complete_group,14,5,9,0,0.2409016191959381,0.24901354312896729,0.5100848078727722,0.0558035708963871,0.5118688941001892,0.004922106862068176
31949,1,01_SS3-98-C_comp.jams,1277358,2,3,3,4,False,neutral,mixed_by_complete_group,52,21,31,0,0.2875688374042511,0.2981955111026764,0.4142356514930725,0.28004807233810425,0.5471128225326538,0.014676034450531006
31958,1,01_SS3-98-C_comp.jams,1297740,3,3,2,2,True,regression,mixed_by_complete_group,61,23,38,0,0.3519776165485382,0.3580021858215332,0.290020227432251,0.4554303288459778,0.5877935886383057,0.25691550970077515
31961,1,01_SS3-98-C_comp.jams,1304111,2,2,4,4,True,regression,local_rates_favor_regression_for_all_groups,1,0,1,0,0.16247139871120453,0.18764302134513855,0.6498855948448181,0.109375,0.4787273108959198,0.3672355115413666
31971,1,01_SS3-98-C_comp.jams,1324482,2,2,3,3,True,regression,mixed_by_complete_group,58,5,53,0,0.2492903470993042,0.31972411274909973,0.4309855103492737,0.33647629618644714,0.53067547082901,0.20554086565971375
31980,1,01_SS3-98-C_comp.jams,1344362,1,3,2,2,False,neutral,mixed_by_complete_group,67,7,60,0,0.20833776891231537,0.2534685730934143,0.5381936430931091,0.5501399040222168,0.6227385401725769,0.13717442750930786
31982,1,01_SS3-98-C_comp.jams,1349895,3,2,3,3,False,correction,mixed_by_complete_group,49,3,46,0,0.28627461194992065,0.40458154678344727,0.30914387106895447,0.37691327929496765,0.42644745111465454,0.260115385055542
31999,1,01_SS3-98-C_comp.jams,1384767,3,3,4,4,True,regression,mixed_by_complete_group,44,34,10,0,0.35460472106933594,0.293273001909256,0.3521222770214081,0.3139204680919647,0.49655112624168396,0.08763787150382996
32019,1,01_SS3-98-C_comp.jams,1432403,1,3,2,2,False,neutral,local_rates_favor_correction_for_all_groups,56,56,0,0,0.33956319093704224,0.2421780377626419,0.41825875639915466,0.6877790093421936,0.6521175503730774,0.7210478782653809
32037,1,01_SS3-98-C_comp.jams,1472285,1,2,3,3,False,neutral,mixed_by_complete_group,4,3,1,0,0.34941670298576355,0.32290852069854736,0.3276747763156891,0.3515625,0.44498884677886963,0.12822100520133972
32041,1,01_SS3-98-C_comp.jams,1479679,3,2,5,5,False,neutral,mixed_by_complete_group,4,2,2,0,0.1576288640499115,0.1667880117893219,0.6755831241607666,0.14453125,0.5445073843002319,0.10327573120594025
32051,1,01_SS3-98-C_comp.jams,1500028,2,2,2,3,False,regression,mixed_by_complete_group,42,28,14,0,0.32318034768104553,0.31130021810531616,0.3655194044113159,0.2492559552192688,0.7434898614883423,0.03680013120174408
32054,1,01_SS3-98-C_comp.jams,1506582,2,4,3,3,False,neutral,local_rates_favor_regression_for_all_groups,62,0,62,0,0.22778530418872833,0.31043460965156555,0.46178004145622253,0.44203630089759827,0.5617769360542297,0.109839528799057
32061,1,01_SS3-98-C_comp.jams,1519825,2,2,3,3,True,regression,mixed_by_complete_group,56,4,52,0,0.22186942398548126,0.32280951738357544,0.4553210437297821,0.3189174234867096,0.533391535282135,0.34821420907974243
32064,1,01_SS3-98-C_comp.jams,1526036,2,2,4,4,True,regression,mixed_by_complete_group,29,6,23,0,0.18559576570987701,0.22115838527679443,0.593245804309845,0.11799568682909012,0.44374462962150574,0.18191754817962646
32068,1,01_SS3-98-C_comp.jams,1534148,2,2,3,3,True,regression,local_rates_favor_regression_for_all_groups,8,0,8,0,0.16298876702785492,0.3392002582550049,0.4978109896183014,0.306640625,0.4974649250507355,0.05853831768035889
32077,1,01_SS3-98-C_comp.jams,1553062,1,3,2,2,False,neutral,mixed_by_complete_group,41,40,1,0,0.2942541241645813,0.18890659511089325,0.5168392658233643,0.551067054271698,0.5380452275276184,0.22458240389823914
32090,1,01_SS3-98-C_comp.jams,1579528,2,2,3,3,True,regression,mixed_by_complete_group,5,1,4,0,0.3127010464668274,0.33275067806243896,0.35454827547073364,0.296875,0.4378853440284729,0.044056594371795654
32101,1,01_SS3-98-C_comp.jams,1601547,2,3,2,2,False,correction,mixed_by_complete_group,4,1,3,0,0.2743569016456604,0.31548672914505005,0.41015633940696716,0.55859375,0.5204318761825562,0.0324309766292572
32107,1,01_SS3-98-C_comp.jams,1613678,1,2,3,3,False,neutral,local_rates_favor_regression_for_all_groups,1,0,1,0,0.17148631811141968,0.22621268033981323,0.6023010015487671,0.3125,0.686323881149292,0.01105886697769165
32121,1,01_SS3-98-C_comp.jams,1642933,2,2,3,3,True,regression,local_rates_favor_regression_for_all_groups,63,0,63,0,0.154690682888031,0.2962534427642822,0.5490559339523315,0.328125,0.4776643216609955,0.20179155468940735
32134,1,01_SS3-98-C_comp.jams,1669021,3,2,4,4,False,neutral,mixed_by_complete_group,18,13,5,0,0.22545258700847626,0.17730791866779327,0.5972394943237305,0.1163194477558136,0.6043950915336609,0.3361293077468872
32137,1,01_SS3-98-C_comp.jams,1674405,3,2,3,3,False,correction,local_rates_favor_regression_for_all_groups,1,0,1,0,0.2501344680786133,0.3165578246116638,0.4333077073097229,0.40625,0.46761903166770935,0.16560740768909454
32155,1,01_SS3-98-C_comp.jams,1709475,3,3,2,2,True,regression,mixed_by_complete_group,70,69,1,0,0.34416598081588745,0.1801149845123291,0.47571900486946106,0.6622768044471741,0.6237722635269165,0.3627632260322571
33373,1,02_BN3-154-E_comp.jams,1834,2,3,4,4,False,neutral,mixed_by_complete_group,75,71,4,0,0.4494161009788513,0.3198579251766205,0.23072601854801178,0.21708333492279053,0.5096497535705566,0.39162614941596985
33419,1,02_BN3-154-E_comp.jams,164082,2,3,2,2,False,correction,local_rates_favor_regression_for_all_groups,63,0,63,0,0.26173362135887146,0.44618624448776245,0.2920801043510437,0.3157241940498352,0.5008341670036316,0.22943203151226044
33441,1,02_BN3-154-E_comp.jams,231599,1,3,2,2,False,neutral,local_rates_favor_regression_for_all_groups,1,0,1,0,0.33236435055732727,0.34593021869659424,0.3217054307460785,0.0625,0.4787061810493469,0.323527455329895
33476,1,02_BN3-154-E_comp.jams,344308,2,2,3,3,True,regression,local_rates_favor_correction_for_all_groups,4,4,0,0,0.38545525074005127,0.32341885566711426,0.2911258637905121,0.203125,0.6139376163482666,0.43195629119873047
33531,1,02_BN3-154-E_comp.jams,490416,3,3,2,2,True,regression,local_rates_favor_correction_for_all_groups,1,1,0,0,0.3474358916282654,0.34679487347602844,0.3057692348957062,0.1875,0.4724557101726532,0.13863417506217957
33551,1,02_BN3-154-E_comp.jams,533993,3,3,2,2,True,regression,mixed_by_complete_group,64,55,9,0,0.25079667568206787,0.22963719069957733,0.5195660591125488,0.769287109375,0.7913021445274353,0.14661523699760437
33635,1,02_BN3-154-E_comp.jams,756928,2,3,4,4,False,neutral,local_rates_favor_correction_for_all_groups,41,41,0,0,0.49683597683906555,0.33973804116249084,0.16342595219612122,0.18025915324687958,0.4925597012042999,0.031169354915618896
33683,1,02_BN3-154-E_comp.jams,893805,3,4,2,2,False,neutral,mixed_by_complete_group,102,63,39,0,0.2758590579032898,0.25402703881263733,0.4701140224933624,0.3219975531101227,0.7352884411811829,0.1372254639863968
34935,1,02_Funk2-119-G_comp.jams,23,2,2,4,4,True,regression,mixed_by_complete_group,110,16,87,7,0.20663708448410034,0.2875876724720001,0.5057751536369324,0.13210226595401764,0.8308224678039551,0.2747011184692383
35002,1,02_Funk2-119-G_comp.jams,212302,4,3,4,4,False,correction,local_rates_favor_correction_for_all_groups,2,2,0,0,0.4505300223827362,0.29333239793777466,0.25613757967948914,0.3359375,0.48879608511924744,0.48462408781051636
35027,1,02_Funk2-119-G_comp.jams,311111,2,4,2,2,False,correction,mixed_by_complete_group,8,5,3,0,0.2551872432231903,0.22795449197292328,0.5168582201004028,0.2421875,0.5614244937896729,0.18918761610984802
35039,1,02_Funk2-119-G_comp.jams,378218,2,2,3,3,True,regression,mixed_by_complete_group,25,13,12,0,0.39303669333457947,0.39681947231292725,0.21014384925365448,0.3018749952316284,0.5479938387870789,0.2012886106967926
35069,1,02_Funk2-119-G_comp.jams,490048,3,4,3,3,False,correction,mixed_by_complete_group,63,49,14,0,0.4180038273334503,0.39410972595214844,0.1878863424062729,0.7998511791229248,0.539898693561554,0.15659275650978088
35115,1,02_Funk2-119-G_comp.jams,623155,2,3,2,2,False,correction,local_rates_favor_regression_for_all_groups,1,0,1,0,0.28098392486572266,0.3981078565120697,0.32090821862220764,0.359375,0.7735540866851807,0.10540881752967834
35138,1,02_Funk2-119-G_comp.jams,710665,2,3,2,2,False,correction,mixed_by_complete_group,61,18,43,0,0.32514458894729614,0.3432699143886566,0.33158546686172485,0.2379610687494278,0.5554314255714417,0.042469322681427
35189,1,02_Funk2-119-G_comp.jams,890336,3,2,3,3,False,correction,local_rates_favor_correction_for_all_groups,55,55,0,0,0.4611169397830963,0.2841005325317383,0.2547825574874878,0.3136363625526428,0.7911261916160583,0.14864996075630188
35211,1,02_Funk2-119-G_comp.jams,957856,0,2,3,3,False,neutral,mixed_by_complete_group,62,7,55,0,0.304499089717865,0.3671429753303528,0.32835784554481506,0.44606855511665344,0.45136603713035583,0.01630955934524536
35268,1,02_Funk2-119-G_comp.jams,1245657,2,2,3,3,True,regression,mixed_by_complete_group,61,60,1,0,0.3940649628639221,0.3276797831058502,0.27825528383255005,0.6275614500045776,0.6830012202262878,0.08154574036598206
35306,1,02_Funk2-119-G_comp.jams,1333361,2,2,2,3,False,regression,local_rates_favor_regression_for_all_groups,1,0,1,0,0.24958540499210358,0.3412935435771942,0.4091210663318634,0.28125,0.5525739789009094,0.16657522320747375
35513,1,02_Funk3-112-C#_comp.jams,7,3,3,4,4,True,regression,local_rates_favor_correction_for_all_groups,60,60,0,0,0.5227112770080566,0.30896201729774475,0.16832667589187622,0.3656249940395355,0.5707017779350281,0.39334264397621155
35533,1,02_Funk3-112-C#_comp.jams,72954,3,2,3,3,False,correction,local_rates_favor_correction_for_all_groups,62,62,0,0,0.43027055263519287,0.2875431776046753,0.28218621015548706,0.5128528475761414,0.45887118577957153,0.056060969829559326
35545,1,02_Funk3-112-C#_comp.jams,118534,3,3,2,2,True,regression,local_rates_favor_regression_for_all_groups,1,0,1,0,0.19108383357524872,0.4130189120769501,0.3958972692489624,0.453125,0.6341719627380371,0.06480780243873596
35583,1,02_Funk3-112-C#_comp.jams,310342,2,2,3,3,True,regression,local_rates_favor_regression_for_all_groups,44,0,44,0,0.23975051939487457,0.39601972699165344,0.3642297685146332,0.40305396914482117,0.4845878779888153,0.03854385018348694
35596,1,02_Funk3-112-C#_comp.jams,378688,2,2,3,3,True,regression,local_rates_favor_correction_for_all_groups,35,35,0,0,0.3880014419555664,0.3214206397533417,0.2905779182910919,0.6361607313156128,0.47236868739128113,0.17918382585048676
35616,1,02_Funk3-112-C#_comp.jams,437999,2,2,3,3,True,regression,local_rates_favor_regression_for_all_groups,36,0,36,0,0.2931424081325531,0.3925590515136719,0.314298540353775,0.5138888955116272,0.5026265382766724,0.12380075454711914
35644,1,02_Funk3-112-C#_comp.jams,514596,1,2,3,3,False,neutral,mixed_by_complete_group,60,3,57,0,0.23081545531749725,0.33074766397476196,0.438436895608902,0.35078126192092896,0.4603285491466522,0.046276241540908813
35706,1,02_Funk3-112-C#_comp.jams,756644,3,4,3,3,False,correction,mixed_by_complete_group,30,3,27,0,0.37996575236320496,0.4461743235588074,0.1738598793745041,0.5296875238418579,0.437764436006546,0.010145783424377441
35765,1,02_Funk3-112-C#_comp.jams,1039257,1,2,3,3,False,neutral,local_rates_favor_correction_for_all_groups,42,42,0,0,0.42089200019836426,0.3109910488128662,0.26811689138412476,0.578497052192688,0.5155772566795349,0.0023975372314453125
35775,1,02_Funk3-112-C#_comp.jams,1086669,2,2,2,3,False,regression,local_rates_favor_regression_for_all_groups,1,0,1,0,0.24967269599437714,0.3483896255493164,0.40193769335746765,0.40625,0.5422676205635071,0.0230085551738739
35782,1,02_Funk3-112-C#_comp.jams,1133222,2,2,3,3,True,regression,mixed_by_complete_group,62,31,31,0,0.35292741656303406,0.35407382249832153,0.29299870133399963,0.5171371102333069,0.588553786277771,0.2072189450263977
35802,1,02_Funk3-112-C#_comp.jams,1193843,2,2,3,3,True,regression,mixed_by_complete_group,62,1,61,0,0.27803322672843933,0.3826594650745392,0.3393072485923767,0.48941531777381897,0.43160054087638855,0.03841155767440796
35857,1,02_Funk3-112-C#_comp.jams,1347223,2,2,3,3,True,regression,mixed_by_complete_group,52,1,51,0,0.24748124182224274,0.33421438932418823,0.41830432415008545,0.4320913553237915,0.5291987657546997,0.05383524298667908
35977,1,02_Funk3-112-C#_solo.jams,414204,2,4,2,2,False,correction,mixed_by_complete_group,113,45,68,0,0.2737034261226654,0.28103896975517273,0.4452575743198395,0.5102323293685913,0.7881659269332886,0.3601371943950653
35996,1,02_Funk3-112-C#_solo.jams,509533,2,4,2,2,False,correction,mixed_by_complete_group,71,11,60,0,0.2628416121006012,0.3443548083305359,0.3928035497665405,0.3085387349128723,0.6410585641860962,0.15760910511016846
36026,1,02_Funk3-112-C#_solo.jams,627755,2,4,2,2,False,correction,mixed_by_complete_group,114,31,83,0,0.2743488848209381,0.30688968300819397,0.4187614321708679,0.2875548303127289,1.0803451538085938,0.7521662712097168
36037,1,02_Funk3-112-C#_solo.jams,757929,2,3,2,2,False,correction,mixed_by_complete_group,62,13,49,0,0.3318222761154175,0.37023890018463135,0.29793885350227356,0.5665322542190552,0.736969530582428,0.15674033761024475
36069,1,02_Funk3-112-C#_solo.jams,920454,2,3,2,2,False,correction,mixed_by_complete_group,62,61,1,0,0.44255203008651733,0.3362713158130646,0.2211766391992569,0.5037802457809448,0.8246752023696899,0.08152267336845398
36125,1,02_Funk3-112-C#_solo.jams,1134019,2,4,2,2,False,correction,mixed_by_complete_group,61,36,25,0,0.2263333797454834,0.20281319320201874,0.5708534121513367,0.28688523173332214,0.6347364783287048,0.18398046493530273
36145,1,02_Funk3-112-C#_solo.jams,1193453,2,4,3,3,False,neutral,mixed_by_complete_group,2,1,1,0,0.33666884899139404,0.34472495317459106,0.3186061978340149,0.375,0.7054799199104309,0.5361297130584717
36166,1,02_Funk3-112-C#_solo.jams,1311287,1,3,2,2,False,neutral,mixed_by_complete_group,52,6,46,0,0.3352791368961334,0.3951793909072876,0.26954150199890137,0.49098557233810425,0.7619935274124146,0.011866480112075806
36189,1,02_Funk3-112-C#_solo.jams,1406856,2,3,2,2,False,correction,local_rates_favor_regression_for_all_groups,7,0,7,0,0.30722740292549133,0.4917905926704407,0.20098204910755157,0.390625,0.5778522491455078,0.19419363141059875
36191,1,02_Funk3-112-C#_solo.jams,1430274,2,3,2,2,False,correction,mixed_by_complete_group,68,41,27,0,0.39893701672554016,0.37315240502357483,0.2279105931520462,0.6318933963775635,0.6115678548812866,0.24556531012058258
36213,1,02_Funk3-112-C#_solo.jams,1487838,2,2,3,3,True,regression,mixed_by_complete_group,33,32,1,0,0.4235976040363312,0.2994791567325592,0.2769232392311096,0.32528409361839294,0.5997451543807983,0.029826223850250244
46591,1,02_SS3-98-C_comp.jams,81257,3,3,4,4,True,regression,mixed_by_complete_group,62,6,56,0,0.28612545132637024,0.4234943687915802,0.29038017988204956,0.16885080933570862,0.5660804510116577,0.11036951839923859
46620,1,02_SS3-98-C_comp.jams,148696,3,2,3,3,False,correction,mixed_by_complete_group,7,6,1,0,0.3754638135433197,0.2778567969799042,0.34667935967445374,0.375,0.5297712683677673,0.02755051851272583
46628,1,02_SS3-98-C_comp.jams,177169,2,2,2,4,False,regression,mixed_by_complete_group,55,5,50,0,0.21915216743946075,0.2852000892162323,0.4956477880477905,0.05937499925494194,0.6005223393440247,0.00960734486579895
46670,1,02_SS3-98-C_comp.jams,296745,4,3,4,4,False,correction,mixed_by_complete_group,52,44,8,0,0.4248277544975281,0.3411004841327667,0.2340717911720276,0.11538461595773697,0.591217577457428,0.176033616065979
46737,1,02_SS3-98-C_comp.jams,459904,3,2,3,3,False,correction,local_rates_favor_regression_for_all_groups,4,0,4,0,0.19632142782211304,0.3784239888191223,0.42525458335876465,0.3828125,0.4240318834781647,0.1539909839630127
46743,1,02_SS3-98-C_comp.jams,472022,3,2,3,4,False,neutral,local_rates_favor_regression_for_all_groups,6,0,6,0,0.19099432229995728,0.3436466157436371,0.465359091758728,0.1640625,0.5043796896934509,0.04962831735610962
46751,1,02_SS3-98-C_comp.jams,499263,2,2,3,3,True,regression,mixed_by_complete_group,58,33,25,0,0.3213067352771759,0.3167617917060852,0.36193156242370605,0.38442888855934143,0.6798644065856934,0.2394236922264099
46757,1,02_SS3-98-C_comp.jams,513500,3,3,4,4,True,regression,local_rates_favor_correction_for_all_groups,1,1,0,0,0.31536388397216797,0.2943396270275116,0.39029648900032043,0.359375,0.4125652015209198,0.12099415063858032
46768,1,02_SS3-98-C_comp.jams,540956,3,2,3,3,False,correction,mixed_by_complete_group,26,4,22,0,0.3203832507133484,0.35348647832870483,0.32613036036491394,0.46454328298568726,0.5474743247032166,0.0961325466632843
46774,1,02_SS3-98-C_comp.jams,553935,3,2,3,3,False,correction,mixed_by_complete_group,33,3,30,0,0.2633199691772461,0.40522727370262146,0.33145269751548767,0.24857954680919647,0.5353530645370483,0.15315309166908264
46780,1,02_SS3-98-C_comp.jams,566629,2,2,3,3,True,regression,mixed_by_complete_group,22,14,8,0,0.27670344710350037,0.2511920630931854,0.4721045196056366,0.44460228085517883,0.5106732249259949,0.0006904006004333496
46830,1,02_SS3-98-C_comp.jams,688029,3,2,3,3,False,correction,local_rates_favor_regression_for_all_groups,28,0,28,0,0.2525630295276642,0.38970616459846497,0.35773077607154846,0.2790178656578064,0.48857781291007996,0.13759928941726685
46955,1,02_SS3-98-C_comp.jams,1013859,3,2,4,4,False,neutral,mixed_by_complete_group,62,32,29,1,0.21815884113311768,0.22261092066764832,0.5592302680015564,0.14238911867141724,0.46509915590286255,0.23015667498111725
47008,1,02_SS3-98-C_comp.jams,1147894,2,2,2,4,False,regression,mixed_by_complete_group,74,21,50,3,0.21010613441467285,0.24954022467136383,0.5403535962104797,0.08614864945411682,0.586546003818512,0.09770399332046509
47039,1,02_SS3-98-C_comp.jams,1227569,2,3,2,2,False,correction,mixed_by_complete_group,117,74,43,0,0.35087841749191284,0.27995628118515015,0.369165301322937,0.5730502009391785,0.6738823652267456,0.11933734267950058
47065,1,02_SS3-98-C_comp.jams,1297418,1,2,3,3,False,neutral,mixed_by_complete_group,38,32,6,0,0.3119319975376129,0.25890791416168213,0.42916011810302734,0.37294408679008484,0.41801342368125916,0.05008578300476074
47079,1,02_SS3-98-C_comp.jams,1337679,4,3,4,4,False,correction,mixed_by_complete_group,45,40,5,0,0.3101285994052887,0.2689320147037506,0.42093947529792786,0.3454861044883728,0.41461339592933655,0.00580364465713501
47123,1,02_SS3-98-C_comp.jams,1444022,3,3,4,4,True,regression,mixed_by_complete_group,62,1,61,0,0.2481747567653656,0.3675840198993683,0.3842412531375885,0.2041330635547638,0.552162230014801,0.18223965167999268
47130,1,02_SS3-98-C_comp.jams,1472352,1,2,3,3,False,neutral,mixed_by_complete_group,17,3,14,0,0.32396233081817627,0.4007415473461151,0.275296151638031,0.24172794818878174,0.5610718131065369,0.1405780017375946
47154,1,02_SS3-98-C_comp.jams,1538576,3,4,3,3,False,correction,mixed_by_complete_group,25,1,24,0,0.3238207995891571,0.41209876537323,0.2640804052352905,0.5406249761581421,0.7473222613334656,0.0056679099798202515
47216,1,02_SS3-98-C_comp.jams,1683431,2,2,3,3,True,regression,local_rates_favor_regression_for_all_groups,21,0,21,0,0.3150351941585541,0.411513090133667,0.2734517455101013,0.4263392984867096,0.6315051317214966,0.16841545701026917
47227,1,02_SS3-98-C_comp.jams,1710839,2,3,2,2,False,correction,mixed_by_complete_group,64,5,59,0,0.28533920645713806,0.3070196509361267,0.4076411724090576,0.5869140625,0.7721624970436096,0.4023427367210388
48419,1,03_BN3-154-E_comp.jams,216725,3,4,3,3,False,correction,local_rates_favor_correction_for_all_groups,40,40,0,0,0.4448084831237793,0.32218965888023376,0.23300179839134216,0.609375,0.4839548170566559,0.18196910619735718
48452,1,03_BN3-154-E_comp.jams,395087,3,2,3,3,False,correction,local_rates_favor_regression_for_all_groups,2,0,2,0,0.17136314511299133,0.3503560721874237,0.47828078269958496,0.2578125,0.9657540321350098,0.05465881526470184
48454,1,03_BN3-154-E_comp.jams,411158,4,4,2,3,True,regression,local_rates_favor_regression_for_all_groups,1,0,1,0,0.329384446144104,0.5386759638786316,0.1319396048784256,0.46875,0.6466567516326904,0.07431763410568237
48471,1,03_BN3-154-E_comp.jams,508976,1,3,2,2,False,neutral,local_rates_favor_regression_for_all_groups,61,0,61,0,0.3340306878089905,0.4432539939880371,0.2227153331041336,0.44211065769195557,0.6262207627296448,0.003790438175201416
48534,1,03_BN3-154-E_comp.jams,792959,3,4,3,3,False,correction,mixed_by_complete_group,6,5,1,0,0.4215497076511383,0.37614473700523376,0.20230555534362793,0.5598958134651184,0.5194078087806702,0.7556261420249939
48567,1,03_BN3-154-E_comp.jams,945682,4,4,2,2,True,regression,mixed_by_complete_group,116,46,70,0,0.2137567549943924,0.20843657851219177,0.5778067111968994,0.19113685190677643,0.9435358643531799,0.22641515731811523
48591,1,03_BN3-154-E_comp.jams,1047703,3,2,3,3,False,correction,local_rates_favor_regression_for_all_groups,12,0,12,0,0.2867359519004822,0.3679039776325226,0.34536004066467285,0.1731770783662796,0.5452494025230408,0.2163591980934143
49736,1,03_Funk2-119-G_comp.jams,56685,3,4,3,3,False,correction,mixed_by_complete_group,70,9,61,0,0.31164273619651794,0.33505645394325256,0.3533008098602295,0.7399553656578064,0.7308434844017029,0.25805264711380005
49740,1,03_Funk2-119-G_comp.jams,100394,3,4,3,3,False,correction,mixed_by_complete_group,72,12,60,0,0.3468307852745056,0.3685876131057739,0.28458160161972046,0.7354600429534912,0.5833625197410583,0.09524331986904144
49754,1,03_Funk2-119-G_comp.jams,178089,3,2,3,3,False,correction,local_rates_favor_regression_for_all_groups,31,0,31,0,0.3513607382774353,0.43474578857421875,0.21389342844486237,0.4984878897666931,0.7513008713722229,0.09127272665500641
49767,1,03_Funk2-119-G_comp.jams,222871,4,4,3,3,True,regression,mixed_by_complete_group,62,4,58,0,0.319279283285141,0.34824010729789734,0.3324805796146393,0.7731854915618896,0.6128020882606506,0.07097972929477692
49774,1,03_Funk2-119-G_comp.jams,266843,4,4,3,3,True,regression,mixed_by_complete_group,91,67,24,0,0.4560264050960541,0.3532559275627136,0.1907176375389099,0.5959821343421936,0.8209277391433716,0.2309764325618744
49797,1,03_Funk2-119-G_comp.jams,355763,3,4,3,3,False,correction,mixed_by_complete_group,63,11,52,0,0.35801568627357483,0.4249837100505829,0.21700061857700348,0.4697420597076416,0.49241602420806885,0.10284662246704102
49862,1,03_Funk2-119-G_comp.jams,655902,3,2,3,3,False,correction,mixed_by_complete_group,38,18,20,0,0.3072163164615631,0.2995302677154541,0.3932534158229828,0.34827303886413574,0.5231196284294128,0.1296798586845398
49873,1,03_Funk2-119-G_comp.jams,746202,4,3,2,2,False,neutral,local_rates_favor_regression_for_all_groups,25,0,25,0,0.16791266202926636,0.29440176486968994,0.5376855731010437,0.4737499952316284,1.0804868936538696,0.2824435532093048
49874,1,03_Funk2-119-G_comp.jams,756764,3,3,2,2,True,regression,local_rates_favor_regression_for_all_groups,37,0,37,0,0.20603230595588684,0.3812078535556793,0.41275981068611145,0.4121621549129486,0.8490198254585266,0.11585548520088196
49916,1,03_Funk2-119-G_comp.jams,1001441,3,3,2,2,True,regression,mixed_by_complete_group,51,1,50,0,0.2459298074245453,0.3794728219509125,0.3745974004268646,0.21047794818878174,0.6819184422492981,0.16680866479873657
49925,1,03_Funk2-119-G_comp.jams,1066804,3,3,2,2,True,regression,local_rates_favor_regression_for_all_groups,2,0,2,0,0.27409642934799194,0.299818754196167,0.42608481645584106,0.2578125,0.8093090653419495,0.39985430240631104
49979,1,03_Funk2-119-G_comp.jams,1262977,2,3,2,2,False,correction,mixed_by_complete_group,63,48,15,0,0.32269996404647827,0.3007548451423645,0.3765451908111572,0.4925595223903656,0.7625377178192139,0.673686683177948
50194,1,03_Funk3-112-C#_comp.jams,130476,2,2,3,3,True,regression,local_rates_favor_regression_for_all_groups,5,0,5,0,0.277221143245697,0.3869718611240387,0.33580702543258667,0.26249998807907104,0.9284282922744751,0.43648800253868103
50201,1,03_Funk3-112-C#_comp.jams,164522,1,2,2,3,False,neutral,mixed_by_complete_group,5,3,2,0,0.3749775290489197,0.3413134217262268,0.2837090492248535,0.35624998807907104,0.7400198578834534,0.08042344450950623
50235,1,03_Funk3-112-C#_comp.jams,283869,3,4,2,2,False,neutral,local_rates_favor_correction_for_all_groups,7,7,0,0,0.3613445460796356,0.19386956095695496,0.4447858929634094,0.09375,0.8281775712966919,0.44076910614967346
50249,1,03_Funk3-112-C#_comp.jams,318459,2,4,2,2,False,correction,local_rates_favor_correction_for_all_groups,2,2,0,0,0.36512523889541626,0.20309072732925415,0.4317840337753296,0.1640625,0.7241237163543701,0.21226094663143158
50294,1,03_Funk3-112-C#_comp.jams,455800,2,3,2,2,False,correction,local_rates_favor_regression_for_all_groups,5,0,5,0,0.2698524594306946,0.35981208086013794,0.3703354597091675,0.24062499403953552,0.6043434143066406,0.23380380868911743
50307,1,03_Funk3-112-C#_comp.jams,508216,0,3,2,2,False,neutral,mixed_by_complete_group,114,100,14,0,0.2495810091495514,0.21040014922618866,0.5400187969207764,0.5180920958518982,1.3363782167434692,0.08527883887290955
50349,1,03_Funk3-112-C#_comp.jams,710144,2,4,2,2,False,correction,mixed_by_complete_group,118,113,5,0,0.38806599378585815,0.19446337223052979,0.4174705743789673,0.44094279408454895,0.7124419212341309,0.7260923385620117
50365,1,03_Funk3-112-C#_comp.jams,768605,2,2,3,3,True,regression,local_rates_favor_regression_for_all_groups,60,0,60,0,0.25486430525779724,0.3947155177593231,0.35042014718055725,0.33515626192092896,0.46524134278297424,0.05386091768741608
50395,1,03_Funk3-112-C#_comp.jams,898712,2,4,2,2,False,correction,mixed_by_complete_group,87,82,5,0,0.3813270628452301,0.2528856098651886,0.3657873570919037,0.3635057508945465,0.5527589917182922,0.44273310899734497
50430,1,03_Funk3-112-C#_comp.jams,1039491,4,4,3,3,True,regression,mixed_by_complete_group,75,74,1,0,0.4150749742984772,0.32050594687461853,0.2644191086292267,0.6347916722297668,0.5038094520568848,0.2765861451625824
50444,1,03_Funk3-112-C#_comp.jams,1083275,2,3,2,2,False,correction,mixed_by_complete_group,37,35,2,0,0.4514464735984802,0.357010155916214,0.19154338538646698,0.49366554617881775,0.5632957816123962,0.1462666094303131
50465,1,03_Funk3-112-C#_comp.jams,1204817,2,2,2,4,False,regression,mixed_by_complete_group,63,6,57,0,0.1681661158800125,0.3157464861869812,0.5160873532295227,0.1282242089509964,0.7018253803253174,0.06239742040634155
50492,1,03_Funk3-112-C#_comp.jams,1288846,2,2,3,4,True,regression,mixed_by_complete_group,56,15,40,1,0.2612803280353546,0.30233001708984375,0.4363897144794464,0.0705915167927742,0.5419607162475586,0.18604424595832825
50496,1,03_Funk3-112-C#_comp.jams,1323667,2,3,2,2,False,correction,local_rates_favor_regression_for_all_groups,4,0,4,0,0.21927349269390106,0.4346851706504822,0.34604132175445557,0.33984375,0.6561805009841919,0.016047120094299316
50511,1,03_Funk3-112-C#_comp.jams,1381913,2,3,4,4,False,neutral,mixed_by_complete_group,54,46,8,0,0.4422553777694702,0.3946945369243622,0.1630500704050064,0.18200232088565826,0.44724205136299133,0.5581535696983337
50516,1,03_Funk3-112-C#_comp.jams,1405982,2,3,4,4,False,neutral,local_rates_favor_correction_for_all_groups,50,50,0,0,0.48089608550071716,0.36992207169532776,0.1491817981004715,0.22031250596046448,0.4820695221424103,0.37138065695762634
60009,1,03_SS3-98-C_comp.jams,13574,2,4,3,3,False,neutral,mixed_by_complete_group,61,3,58,0,0.2814449965953827,0.35835257172584534,0.3602024018764496,0.41905736923217773,0.5711743831634521,0.054905444383621216
60049,1,03_SS3-98-C_comp.jams,107677,2,2,3,3,True,regression,mixed_by_complete_group,50,13,37,0,0.3424082100391388,0.36449578404426575,0.29309600591659546,0.5487499833106995,0.49997761845588684,0.043514102697372437
60066,1,03_SS3-98-C_comp.jams,143628,3,3,2,2,True,regression,mixed_by_complete_group,62,19,43,0,0.31556254625320435,0.32156750559806824,0.3628699779510498,0.5544354915618896,0.6406368017196655,0.5761916637420654
60086,1,03_SS3-98-C_comp.jams,183783,3,4,2,2,False,neutral,mixed_by_complete_group,105,93,12,0,0.27717462182044983,0.1765962690114975,0.5462290644645691,0.4556547701358795,0.5851868987083435,0.24648188054561615
60103,1,03_SS3-98-C_comp.jams,228976,2,4,3,3,False,neutral,mixed_by_complete_group,49,43,6,0,0.3336613178253174,0.28759634494781494,0.37874236702919006,0.4464285671710968,0.5081352591514587,0.08772628009319305
60134,1,03_SS3-98-C_comp.jams,304996,2,4,3,3,False,neutral,mixed_by_complete_group,54,34,20,0,0.313726007938385,0.2966150939464569,0.3896588981151581,0.41956019401550293,0.843955934047699,0.007454633712768555
60206,1,03_SS3-98-C_comp.jams,466680,3,3,2,2,True,regression,mixed_by_complete_group,8,7,1,0,0.3504979610443115,0.24819913506507874,0.40130293369293213,0.484375,0.6059073805809021,0.4711764454841614
60209,1,03_SS3-98-C_comp.jams,473062,2,2,3,3,True,regression,mixed_by_complete_group,9,2,7,0,0.29965928196907043,0.33983469009399414,0.3605060577392578,0.2552083432674408,0.5462519526481628,0.08178219199180603
60215,1,03_SS3-98-C_comp.jams,485916,2,3,4,4,False,neutral,mixed_by_complete_group,35,17,18,0,0.3236519396305084,0.31907379627227783,0.3572743237018585,0.31830358505249023,0.4255586266517639,0.03262963891029358
60225,1,03_SS3-98-C_comp.jams,506639,3,3,2,2,True,regression,mixed_by_complete_group,45,27,18,0,0.2533755600452423,0.24948133528232574,0.49714311957359314,0.5649305582046509,0.4948360323905945,0.027604371309280396
60242,1,03_SS3-98-C_comp.jams,552609,2,3,2,2,False,correction,mixed_by_complete_group,61,50,11,0,0.37791138887405396,0.3373320698738098,0.28475648164749146,0.5084528923034668,0.5297513008117676,0.1912730634212494
60243,1,03_SS3-98-C_comp.jams,554402,3,2,3,3,False,correction,local_rates_favor_regression_for_all_groups,43,0,43,0,0.2876567840576172,0.4884271025657654,0.2239161878824234,0.3452034890651703,0.42344656586647034,0.06871494650840759
60253,1,03_SS3-98-C_comp.jams,573823,3,2,3,3,False,correction,mixed_by_complete_group,7,6,1,0,0.3356338441371918,0.2571454644203186,0.40722066164016724,0.3058035671710968,0.4833713173866272,0.26924848556518555
60256,1,03_SS3-98-C_comp.jams,580076,2,4,3,3,False,neutral,mixed_by_complete_group,13,10,3,0,0.2463308870792389,0.22915689647197723,0.5245121717453003,0.39663460850715637,0.6070519089698792,0.12410047650337219
60262,1,03_SS3-98-C_comp.jams,593053,1,2,2,3,False,neutral,local_rates_favor_regression_for_all_groups,3,0,3,0,0.24108938872814178,0.2927572429180145,0.4661533832550049,0.296875,0.4879343807697296,0.024234026670455933
60291,1,03_SS3-98-C_comp.jams,661823,3,4,3,3,False,correction,mixed_by_complete_group,45,11,34,0,0.3287403881549835,0.3541335463523865,0.3171260952949524,0.47604167461395264,0.5036160945892334,0.025783449411392212
60302,1,03_SS3-98-C_comp.jams,682504,2,4,3,2,False,correction,mixed_by_complete_group,22,2,20,0,0.19460631906986237,0.2692466974258423,0.5361469984054565,0.31178978085517883,0.8342559337615967,0.2810250222682953
60324,1,03_SS3-98-C_comp.jams,727753,2,3,2,2,False,correction,mixed_by_complete_group,101,94,7,0,0.3027530908584595,0.2105768620967865,0.4866700768470764,0.44771039485931396,0.5469297170639038,0.06417779624462128
60343,1,03_SS3-98-C_comp.jams,769446,3,3,2,2,True,regression,local_rates_favor_regression_for_all_groups,60,0,60,0,0.21781902015209198,0.37688925862312317,0.40529167652130127,0.26953125,0.42310211062431335,0.197646364569664
60352,1,03_SS3-98-C_comp.jams,789562,3,3,2,2,True,regression,mixed_by_complete_group,63,46,17,0,0.32156792283058167,0.26203063130378723,0.4164014458656311,0.2889384925365448,0.4645046889781952,0.30919599533081055
60360,1,03_SS3-98-C_comp.jams,809081,4,3,2,2,False,neutral,local_rates_favor_regression_for_all_groups,1,0,1,0,0.35350877046585083,0.3552631437778473,0.2912280559539795,0.09375,0.42482098937034607,0.21813476085662842
60370,1,03_SS3-98-C_comp.jams,829641,3,4,2,2,False,neutral,mixed_by_complete_group,107,98,9,0,0.34921717643737793,0.17817576229572296,0.4726070761680603,0.22999416291713715,0.5559449791908264,0.26031920313835144
60377,1,03_SS3-98-C_comp.jams,843408,1,2,3,3,False,neutral,local_rates_favor_correction_for_all_groups,25,25,0,0,0.3959368169307709,0.26249217987060547,0.34157100319862366,0.26750001311302185,0.6285963654518127,0.06361249089241028
60392,1,03_SS3-98-C_comp.jams,877533,4,3,4,4,False,correction,mixed_by_complete_group,48,44,4,0,0.33852899074554443,0.2763013541698456,0.38516965508461,0.212890625,0.4738743305206299,0.09502328932285309
60402,1,03_SS3-98-C_comp.jams,897095,2,3,2,2,False,correction,mixed_by_complete_group,65,63,2,0,0.3174203336238861,0.24629828333854675,0.43628138303756714,0.6788461804389954,0.5235864520072937,0.15812203288078308
60406,1,03_SS3-98-C_comp.jams,905217,2,3,4,4,False,neutral,mixed_by_complete_group,51,23,28,0,0.28036177158355713,0.2935955226421356,0.42604267597198486,0.3278186321258545,0.48902496695518494,0.1686708778142929
60417,1,03_SS3-98-C_comp.jams,930791,1,3,2,2,False,neutral,mixed_by_complete_group,52,49,3,0,0.3178970217704773,0.26357609033584595,0.4185267984867096,0.7602163553237915,0.5817456841468811,0.1475563645362854
60421,1,03_SS3-98-C_comp.jams,939419,3,3,3,2,False,regression,local_rates_favor_regression_for_all_groups,43,0,43,0,0.243590846657753,0.34369879961013794,0.41271039843559265,0.35610464215278625,0.45842689275741577,0.0002524852752685547
60427,1,03_SS3-98-C_comp.jams,951592,1,3,2,2,False,neutral,local_rates_favor_correction_for_all_groups,62,62,0,0,0.29958006739616394,0.1516478955745697,0.5487720370292664,0.40020161867141724,0.6465064883232117,0.1346997320652008
60442,1,03_SS3-98-C_comp.jams,984365,2,3,2,2,False,correction,mixed_by_complete_group,64,47,17,0,0.2673857808113098,0.25606659054756165,0.47654759883880615,0.54736328125,0.5816752314567566,0.11396513879299164
60443,1,03_SS3-98-C_comp.jams,986573,3,4,3,2,False,neutral,mixed_by_complete_group,86,82,4,0,0.31118935346603394,0.1330527663230896,0.5557579398155212,0.1860465109348297,0.60018390417099,0.18420758843421936
60460,1,03_SS3-98-C_comp.jams,1026129,3,3,2,2,True,regression,mixed_by_complete_group,54,46,8,0,0.28458309173583984,0.22732959687709808,0.48808732628822327,0.35040509700775146,0.4968496561050415,0.1187363713979721
60473,1,03_SS3-98-C_comp.jams,1060828,2,3,2,2,False,correction,local_rates_favor_correction_for_all_groups,81,81,0,0,0.3186056613922119,0.18765413761138916,0.49374017119407654,0.35262346267700195,0.5792298316955566,0.10395847260951996
60514,1,03_SS3-98-C_comp.jams,1168999,2,3,4,4,False,neutral,local_rates_favor_regression_for_all_groups,2,0,2,0,0.24062073230743408,0.3774045705795288,0.3819746971130371,0.0859375,0.6658526659011841,0.4840710759162903
60525,1,03_SS3-98-C_comp.jams,1201918,3,4,3,3,False,correction,local_rates_favor_regression_for_all_groups,57,0,57,0,0.18221287429332733,0.30711933970451355,0.5106678009033203,0.34594297409057617,0.4989066421985626,0.01663351058959961
60544,1,03_SS3-98-C_comp.jams,1243332,3,4,2,2,False,neutral,mixed_by_complete_group,90,84,6,0,0.31000256538391113,0.12135744094848633,0.5686399936676025,0.19774305820465088,0.5001069903373718,0.15239697694778442
60551,1,03_SS3-98-C_comp.jams,1257706,3,2,3,3,False,correction,mixed_by_complete_group,6,5,1,0,0.3098985254764557,0.23811475932598114,0.451986700296402,0.3645833432674408,0.545497715473175,0.1491420865058899
60560,1,03_SS3-98-C_comp.jams,1278036,2,4,4,2,False,correction,mixed_by_complete_group,3,2,1,0,0.18126165866851807,0.18934638798236847,0.6293919086456299,0.2291666716337204,0.6988515853881836,0.00464756041765213
60564,1,03_SS3-98-C_comp.jams,1297268,2,4,2,2,False,correction,mixed_by_complete_group,85,83,2,0,0.3847523331642151,0.19059744477272034,0.4246502220630646,0.34632351994514465,0.4932463765144348,0.18692389130592346
60579,1,03_SS3-98-C_comp.jams,1329587,3,3,2,2,True,regression,local_rates_favor_correction_for_all_groups,43,43,0,0,0.26823899149894714,0.1877136379480362,0.5440473556518555,0.5029069781303406,0.6070353388786316,0.008575573563575745
60584,1,03_SS3-98-C_comp.jams,1349453,2,4,2,2,False,correction,local_rates_favor_correction_for_all_groups,102,102,0,0,0.41522273421287537,0.10740804672241211,0.4773692190647125,0.2086397111415863,0.6839078068733215,0.49912622570991516
60600,1,03_SS3-98-C_comp.jams,1384679,2,4,3,3,False,neutral,mixed_by_complete_group,4,2,2,0,0.34451448917388916,0.3079802989959717,0.34750521183013916,0.30859375,0.7744344472885132,0.1727290004491806
60610,1,03_SS3-98-C_comp.jams,1418892,2,3,2,2,False,correction,mixed_by_complete_group,62,43,19,0,0.3126335144042969,0.29456013441085815,0.3928063213825226,0.3160282373428345,0.44188830256462097,0.29354652762413025
60615,1,03_SS3-98-C_comp.jams,1428469,0,3,2,2,False,neutral,mixed_by_complete_group,115,110,5,0,0.23013083636760712,0.16655609011650085,0.6033130884170532,0.6529891490936279,1.0090588331222534,0.0030473251827061176
60620,1,03_SS3-98-C_comp.jams,1438180,2,2,3,3,True,regression,local_rates_favor_regression_for_all_groups,1,0,1,0,0.26082947850227356,0.3148278594017029,0.42434263229370117,0.296875,0.5456122159957886,0.02583092451095581
60623,1,03_SS3-98-C_comp.jams,1444153,3,3,2,2,True,regression,mixed_by_complete_group,4,2,2,0,0.22861915826797485,0.22743208706378937,0.543948769569397,0.4765625,0.48884016275405884,0.17932243645191193
60629,1,03_SS3-98-C_comp.jams,1456990,1,2,2,3,False,neutral,local_rates_favor_regression_for_all_groups,1,0,1,0,0.3089738190174103,0.3537999093532562,0.3372262716293335,0.34375,0.5694892406463623,0.029299825429916382
60630,1,03_SS3-98-C_comp.jams,1459012,3,4,2,2,False,neutral,mixed_by_complete_group,63,56,7,0,0.2890133559703827,0.19066911935806274,0.5203174352645874,0.2016369104385376,0.5227016806602478,0.07413265109062195
60648,1,03_SS3-98-C_comp.jams,1493205,2,3,2,2,False,correction,local_rates_favor_correction_for_all_groups,33,33,0,0,0.2739187479019165,0.17231418192386627,0.5537671446800232,0.4436553120613098,0.5898107886314392,0.17353327572345734
60671,1,03_SS3-98-C_comp.jams,1546560,2,4,3,3,False,neutral,mixed_by_complete_group,58,1,57,0,0.2578088641166687,0.3193730115890503,0.422818124294281,0.4210668206214905,0.6427484750747681,0.06340742111206055
60676,1,03_SS3-98-C_comp.jams,1564984,2,3,3,4,False,neutral,mixed_by_complete_group,63,57,5,1,0.3858683109283447,0.253137469291687,0.36099424958229065,0.2906745970249176,0.511234700679779,0.004219561815261841
60684,1,03_SS3-98-C_comp.jams,1585276,2,4,3,3,False,neutral,mixed_by_complete_group,61,8,53,0,0.31412389874458313,0.3777349591255188,0.3081411123275757,0.390625,0.47213026881217957,0.10861444473266602
60701,1,03_SS3-98-C_comp.jams,1632922,3,2,3,3,False,correction,mixed_by_complete_group,27,20,7,0,0.3044995665550232,0.2659233808517456,0.4295770823955536,0.2100694477558136,0.5333229899406433,0.09451109170913696
60722,1,03_SS3-98-C_comp.jams,1673780,1,3,3,2,False,neutral,mixed_by_complete_group,107,106,1,0,0.23665092885494232,0.14184409379959106,0.6215050220489502,0.527015209197998,0.824108898639679,0.09489132463932037
60729,1,03_SS3-98-C_comp.jams,1688044,1,3,2,2,False,neutral,mixed_by_complete_group,70,68,2,0,0.331502228975296,0.25094759464263916,0.41755014657974243,0.5040178298950195,0.5907868146896362,0.21523010730743408
60734,1,03_SS3-98-C_comp.jams,1697675,2,3,2,2,False,correction,mixed_by_complete_group,72,14,58,0,0.2681923508644104,0.2849448025226593,0.4468628466129303,0.5837673544883728,0.6421639919281006,0.315275102853775
60741,1,03_SS3-98-C_comp.jams,1712973,2,3,2,2,False,correction,mixed_by_complete_group,63,31,32,0,0.28936946392059326,0.29750531911849976,0.413125216960907,0.4347718358039856,0.6284651756286621,0.4546147584915161
61700,1,04_BN3-154-E_comp.jams,59914,4,4,3,3,True,regression,local_rates_favor_correction_for_all_groups,1,1,0,0,0.38288068771362305,0.3157152831554413,0.30140402913093567,0.421875,0.9719234108924866,0.03509467840194702
61709,1,04_BN3-154-E_comp.jams,78252,3,3,2,2,True,regression,mixed_by_complete_group,120,118,2,0,0.3754747211933136,0.2500298023223877,0.3744954764842987,0.5889322757720947,0.7854461073875427,0.17780154943466187
61725,1,04_BN3-154-E_comp.jams,155603,3,4,3,3,False,correction,mixed_by_complete_group,14,11,3,0,0.4187493920326233,0.3939875662326813,0.18726302683353424,0.6372767686843872,0.4565008580684662,0.21273291110992432
61765,1,04_BN3-154-E_comp.jams,292950,1,4,2,2,False,neutral,mixed_by_complete_group,103,91,12,0,0.2366933375597,0.1733100861310959,0.5899966359138489,0.3029429614543915,0.6651620864868164,0.13102976977825165
61792,1,04_BN3-154-E_comp.jams,377830,0,3,2,2,False,neutral,mixed_by_complete_group,37,15,22,0,0.33274221420288086,0.3427079916000366,0.32454970479011536,0.1473817527294159,0.48150619864463806,0.06327494978904724
61878,1,04_BN3-154-E_comp.jams,704690,1,2,3,3,False,neutral,local_rates_favor_regression_for_all_groups,1,0,1,0,0.208475261926651,0.41747769713401794,0.37404704093933105,0.375,0.6461819410324097,0.12987244129180908
61893,1,04_BN3-154-E_comp.jams,765308,1,4,3,3,False,neutral,mixed_by_complete_group,38,4,34,0,0.3633279502391815,0.4609634578227997,0.1757086217403412,0.46669408679008484,0.46217355132102966,0.23168030381202698
61951,1,04_BN3-154-E_comp.jams,1038596,1,4,3,3,False,neutral,local_rates_favor_correction_for_all_groups,1,1,0,0,0.430046021938324,0.37868425250053406,0.19126974046230316,0.609375,0.6641058325767517,0.11572927236557007
63158,1,04_Funk2-119-G_comp.jams,330,4,3,3,4,False,correction,local_rates_favor_regression_for_all_groups,2,0,2,0,0.29283076524734497,0.3542671799659729,0.3529020845890045,0.125,0.6759251952171326,0.0670492947101593
63166,1,04_Funk2-119-G_comp.jams,17569,1,3,2,2,False,neutral,local_rates_favor_regression_for_all_groups,7,0,7,0,0.24616913497447968,0.3260859549045563,0.42774492502212524,0.7946428656578064,0.8662394881248474,0.11460858583450317
63187,1,04_Funk2-119-G_comp.jams,122131,4,4,3,3,True,regression,mixed_by_complete_group,63,62,1,0,0.44900834560394287,0.3383317291736603,0.21265994012355804,0.5647321343421936,0.440714031457901,0.13720759749412537
63197,1,04_Funk2-119-G_comp.jams,156042,3,4,3,3,False,correction,mixed_by_complete_group,89,85,4,0,0.41664761304855347,0.3150513768196106,0.26830098032951355,0.6048104166984558,0.5050296187400818,0.22815684974193573
63211,1,04_Funk2-119-G_comp.jams,195953,3,4,3,3,False,correction,local_rates_favor_correction_for_all_groups,82,82,0,0,0.4729071259498596,0.3329336941242218,0.19415919482707977,0.5564024448394775,0.6922502517700195,0.37201085686683655
63213,1,04_Funk2-119-G_comp.jams,211604,4,4,3,3,True,regression,mixed_by_complete_group,63,22,41,0,0.3670077919960022,0.3882502317428589,0.24474197626113892,0.5858134627342224,0.41273534297943115,0.05586099624633789
63232,1,04_Funk2-119-G_comp.jams,300187,4,4,3,3,True,regression,local_rates_favor_regression_for_all_groups,63,0,63,0,0.29090526700019836,0.4588746130466461,0.25022006034851074,0.74057537317276,0.5148211717605591,0.04974710941314697
63236,1,04_Funk2-119-G_comp.jams,308234,2,2,3,3,True,regression,local_rates_favor_regression_for_all_groups,17,0,17,0,0.2639997601509094,0.37696436047554016,0.3590358793735504,0.14705882966518402,0.6307070255279541,0.02671000361442566
63266,1,04_Funk2-119-G_comp.jams,429335,2,2,3,3,True,regression,local_rates_favor_correction_for_all_groups,17,17,0,0,0.46540969610214233,0.2510048747062683,0.28358539938926697,0.2977941036224365,0.6390820145606995,0.32341450452804565
63270,1,04_Funk2-119-G_comp.jams,445683,2,3,4,2,False,correction,local_rates_favor_regression_for_all_groups,2,0,2,0,0.2746819853782654,0.33078357577323914,0.3945344388484955,0.265625,0.45701834559440613,0.13221946358680725
63278,1,04_Funk2-119-G_comp.jams,462249,2,2,3,3,True,regression,local_rates_favor_regression_for_all_groups,2,0,2,0,0.32793718576431274,0.37606608867645264,0.29599669575691223,0.5390625,0.7453006505966187,0.282865434885025
63282,1,04_Funk2-119-G_comp.jams,478261,3,3,4,4,True,regression,local_rates_favor_correction_for_all_groups,4,4,0,0,0.5491859912872314,0.3131144046783447,0.13769960403442383,0.30859375,0.46272969245910645,0.3328414559364319
63302,1,04_Funk2-119-G_comp.jams,545582,3,3,4,4,True,regression,mixed_by_complete_group,9,8,1,0,0.3722269833087921,0.3026029169559479,0.32517009973526,0.2795138955116272,0.4654987156391144,0.041641101241111755
63310,1,04_Funk2-119-G_comp.jams,564084,3,4,2,2,False,neutral,mixed_by_complete_group,104,39,65,0,0.19406527280807495,0.20830944180488586,0.5976253151893616,0.30108171701431274,0.837866485118866,0.6844350099563599
63314,1,04_Funk2-119-G_comp.jams,579031,4,3,4,4,False,correction,local_rates_favor_correction_for_all_groups,58,58,0,0,0.3919227719306946,0.27760088443756104,0.3304763734340668,0.40086206793785095,0.4506225287914276,0.13330399990081787
63324,1,04_Funk2-119-G_comp.jams,611326,3,2,3,3,False,correction,mixed_by_complete_group,65,5,60,0,0.31031209230422974,0.390513151884079,0.29917478561401367,0.6403846144676208,0.5581293702125549,0.009110212326049805
63331,1,04_Funk2-119-G_comp.jams,633769,1,2,3,3,False,neutral,mixed_by_complete_group,48,35,13,0,0.34440335631370544,0.3274555206298828,0.32814109325408936,0.4573567807674408,0.7779116630554199,0.2714245617389679
63397,1,04_Funk2-119-G_comp.jams,934120,3,3,2,2,True,regression,local_rates_favor_regression_for_all_groups,1,0,1,0,0.3012406826019287,0.3330024778842926,0.3657568097114563,0.296875,0.6488248705863953,0.2618519067764282
63414,1,04_Funk2-119-G_comp.jams,985949,3,2,3,3,False,correction,mixed_by_complete_group,4,3,1,0,0.32771944999694824,0.3173397183418274,0.35494086146354675,0.390625,0.6921517252922058,0.32006508111953735
63421,1,04_Funk2-119-G_comp.jams,1022538,4,4,2,2,True,regression,local_rates_favor_correction_for_all_groups,15,15,0,0,0.30962806940078735,0.1411726474761963,0.5491993427276611,0.08541666716337204,0.8932104110717773,0.234341099858284
63435,1,04_Funk2-119-G_comp.jams,1088463,2,3,2,2,False,correction,mixed_by_complete_group,54,32,22,0,0.3427833318710327,0.3266882002353668,0.3305283784866333,0.5966435074806213,0.5982975959777832,0.5105980038642883
63436,1,04_Funk2-119-G_comp.jams,1090267,2,3,2,4,False,neutral,mixed_by_complete_group,47,44,3,0,0.3590852916240692,0.2786181569099426,0.36229652166366577,0.3271276652812958,0.5429106950759888,0.26990509033203125
63475,1,04_Funk2-119-G_comp.jams,1200649,3,3,4,4,True,regression,mixed_by_complete_group,49,27,22,0,0.34220635890960693,0.3144836127758026,0.34331005811691284,0.22353316843509674,0.42286521196365356,0.025582969188690186
63484,1,04_Funk2-119-G_comp.jams,1218323,2,2,3,3,True,regression,mixed_by_complete_group,54,50,4,0,0.3834592401981354,0.3272317945957184,0.28930896520614624,0.5532407164573669,0.6346823573112488,0.17332056164741516
63498,1,04_Funk2-119-G_comp.jams,1262265,3,3,2,2,True,regression,local_rates_favor_regression_for_all_groups,69,0,69,0,0.19309593737125397,0.2964668273925781,0.5104372501373291,0.3496376872062683,0.8502434492111206,0.21044906973838806
63509,1,04_Funk2-119-G_comp.jams,1296246,3,2,2,3,False,correction,local_rates_favor_correction_for_all_groups,1,1,0,0,0.3622451424598694,0.20790334045886993,0.4298515021800995,0.265625,0.6983271837234497,0.01375684142112732
63516,1,04_Funk2-119-G_comp.jams,1322576,4,4,2,2,True,regression,local_rates_favor_correction_for_all_groups,12,12,0,0,0.37819454073905945,0.1575770229101181,0.46422842144966125,0.08984375,0.6633725762367249,0.03477795422077179
63527,1,04_Funk2-119-G_comp.jams,1353590,3,3,2,2,True,regression,local_rates_favor_regression_for_all_groups,64,0,64,0,0.2098437249660492,0.31551897525787354,0.47463729977607727,0.662841796875,0.8584305047988892,0.09604829549789429
63533,1,04_Funk2-119-G_comp.jams,1378432,2,2,3,3,True,regression,mixed_by_complete_group,48,23,25,0,0.33679795265197754,0.3340739905834198,0.32912805676460266,0.2522786557674408,0.5632032752037048,0.2924254536628723
63540,1,04_Funk2-119-G_comp.jams,1401059,4,4,4,3,False,regression,mixed_by_complete_group,14,1,13,0,0.31806227564811707,0.35859134793281555,0.32334640622138977,0.3616071343421936,0.6328701376914978,0.0542161762714386
63731,1,04_Funk2-119-G_solo.jams,1068763,2,2,3,3,True,regression,local_rates_favor_regression_for_all_groups,1,0,1,0,0.17327344417572021,0.5011229515075684,0.3256036043167114,0.21875,0.9090273380279541,0.05549299716949463
63778,1,04_Funk3-112-C#_comp.jams,53864,3,4,3,3,False,correction,local_rates_favor_correction_for_all_groups,9,9,0,0,0.4268409311771393,0.335398405790329,0.23776060342788696,0.7309027910232544,0.8822269439697266,0.7428422570228577
63788,1,04_Funk3-112-C#_comp.jams,95502,4,4,2,2,True,regression,local_rates_favor_correction_for_all_groups,1,1,0,0,0.18973590433597565,0.1829930692911148,0.6272709965705872,0.109375,0.7043666243553162,0.24064040184020996
63794,1,04_Funk3-112-C#_comp.jams,130762,3,4,3,3,False,correction,mixed_by_complete_group,60,36,24,0,0.36271560192108154,0.3528836965560913,0.28440067172050476,0.4075520932674408,0.5857687592506409,0.06160318851470947
63809,1,04_Funk3-112-C#_comp.jams,173879,2,3,2,2,False,correction,local_rates_favor_regression_for_all_groups,61,0,61,0,0.2157594859600067,0.26119300723075867,0.5230474472045898,0.709272563457489,0.7661586999893188,0.15067680180072784
63854,1,04_Funk3-112-C#_comp.jams,342293,4,4,3,3,True,regression,mixed_by_complete_group,68,7,61,0,0.37148791551589966,0.4019854664802551,0.22652654349803925,0.6410845518112183,0.5056238174438477,0.033300936222076416
63877,1,04_Funk3-112-C#_comp.jams,413810,4,3,4,4,False,correction,mixed_by_complete_group,63,59,4,0,0.31033191084861755,0.23135258257389069,0.45831555128097534,0.3427579402923584,0.5460740923881531,0.4423125386238098
63890,1,04_Funk3-112-C#_comp.jams,449820,4,3,4,4,False,correction,mixed_by_complete_group,62,57,4,1,0.33385565876960754,0.26333680748939514,0.4028075635433197,0.40851813554763794,0.4749889671802521,0.04784691333770752
63897,1,04_Funk3-112-C#_comp.jams,472729,4,4,3,3,True,regression,local_rates_favor_regression_for_all_groups,63,0,63,0,0.28647762537002563,0.42568495869636536,0.28783750534057617,0.5835813283920288,0.5766421556472778,0.02542775869369507
63918,1,04_Funk3-112-C#_comp.jams,526560,4,2,3,3,False,neutral,local_rates_favor_regression_for_all_groups,1,0,1,0,0.20284079015254974,0.4332215487957001,0.363937646150589,0.390625,0.8861337304115295,0.11715123057365417
63927,1,04_Funk3-112-C#_comp.jams,550210,2,4,2,2,False,correction,mixed_by_complete_group,100,24,76,0,0.19919979572296143,0.2619377076625824,0.5388624668121338,0.29078125953674316,0.7666083574295044,0.46264880895614624
63930,1,04_Funk3-112-C#_comp.jams,566779,4,4,3,3,True,regression,mixed_by_complete_group,47,11,36,0,0.32112982869148254,0.3433069586753845,0.33556312322616577,0.46110373735427856,0.5372936725616455,0.11822125315666199
63943,1,04_Funk3-112-C#_comp.jams,603064,3,4,4,3,False,correction,mixed_by_complete_group,62,15,47,0,0.29261457920074463,0.32547545433044434,0.3819099962711334,0.38155242800712585,0.5827136635780334,0.06058433651924133
63957,1,04_Funk3-112-C#_comp.jams,637665,2,2,3,3,True,regression,mixed_by_complete_group,19,6,13,0,0.3125413656234741,0.3345812261104584,0.3528774678707123,0.13898026943206787,0.529556155204773,0.20621630549430847
63958,1,04_Funk3-112-C#_comp.jams,639499,3,2,4,4,False,neutral,local_rates_favor_regression_for_all_groups,1,0,1,0,0.0907372385263443,0.1550094485282898,0.7542533278465271,0.171875,0.521874189376831,0.11542841792106628
63961,1,04_Funk3-112-C#_comp.jams,645612,2,3,2,2,False,correction,mixed_by_complete_group,64,8,56,0,0.24662086367607117,0.2702769637107849,0.4831021726131439,0.731201171875,0.9326361417770386,0.37298819422721863
63963,1,04_Funk3-112-C#_comp.jams,651079,2,3,2,2,False,correction,mixed_by_complete_group,55,15,40,0,0.2919149696826935,0.297652930021286,0.4104321599006653,0.5758522748947144,0.7118538618087769,0.14618146419525146
63975,1,04_Funk3-112-C#_comp.jams,679995,1,3,3,2,False,neutral,local_rates_favor_correction_for_all_groups,54,54,0,0,0.3743492364883423,0.2561871111392975,0.3694636821746826,0.31712964177131653,0.6173828840255737,0.0707327127456665
63981,1,04_Funk3-112-C#_comp.jams,697211,3,3,4,4,True,regression,mixed_by_complete_group,61,18,43,0,0.3134608566761017,0.3387870490550995,0.34775206446647644,0.2156762331724167,0.4977584183216095,0.21479204297065735
64007,1,04_Funk3-112-C#_comp.jams,775021,3,2,3,3,False,correction,local_rates_favor_regression_for_all_groups,1,0,1,0,0.16628976166248322,0.3405698835849762,0.4931403696537018,0.328125,0.704947829246521,0.16276106238365173
64037,1,04_Funk3-112-C#_comp.jams,868861,2,3,3,2,False,correction,mixed_by_complete_group,6,2,4,0,0.23263369500637054,0.24195651710033417,0.5254097580909729,0.2526041567325592,0.8527663350105286,0.1317172646522522
64048,1,04_Funk3-112-C#_comp.jams,904695,2,4,3,3,False,neutral,mixed_by_complete_group,62,60,2,0,0.4428770840167999,0.3554795980453491,0.20164331793785095,0.6013104915618896,0.7432680726051331,0.21685683727264404
64059,1,04_Funk3-112-C#_comp.jams,934344,2,3,2,2,False,correction,local_rates_favor_regression_for_all_groups,34,0,34,0,0.27732226252555847,0.3557124137878418,0.36696532368659973,0.595588207244873,0.794221043586731,0.3404315412044525
64087,1,04_Funk3-112-C#_comp.jams,1016120,3,3,4,4,True,regression,local_rates_favor_correction_for_all_groups,12,12,0,0,0.35105371475219727,0.24838821589946747,0.40055808424949646,0.3372395932674408,0.4302856922149658,0.0887213945388794
64095,1,04_Funk3-112-C#_comp.jams,1039885,3,3,2,2,True,regression,local_rates_favor_regression_for_all_groups,1,0,1,0,0.26051315665245056,0.37006279826164246,0.369424045085907,0.296875,0.46277105808258057,0.0032529830932617188
64111,1,04_Funk3-112-C#_comp.jams,1093700,3,2,3,3,False,correction,local_rates_favor_correction_for_all_groups,1,1,0,0,0.2795620560646057,0.26556462049484253,0.45487332344055176,0.34375,0.7940663695335388,0.3191778063774109
64122,1,04_Funk3-112-C#_comp.jams,1134203,3,3,2,2,True,regression,local_rates_favor_regression_for_all_groups,7,0,7,0,0.24523724615573883,0.4693312644958496,0.28543147444725037,0.4174107015132904,0.5217142701148987,0.14515259861946106
64165,1,04_Funk3-112-C#_comp.jams,1246616,1,3,3,2,False,neutral,mixed_by_complete_group,101,100,1,0,0.29637637734413147,0.18084527552127838,0.522778332233429,0.2736695408821106,0.7831972241401672,0.04375651478767395
64180,1,04_Funk3-112-C#_comp.jams,1282499,2,4,3,3,False,neutral,local_rates_favor_correction_for_all_groups,1,1,0,0,0.44151386618614197,0.34939175844192505,0.20909437537193298,0.765625,0.9174805879592896,0.8388447761535645
64185,1,04_Funk3-112-C#_comp.jams,1298220,2,4,2,2,False,correction,mixed_by_complete_group,91,54,37,0,0.31287556886672974,0.2941606044769287,0.39296385645866394,0.3147321343421936,0.638827383518219,0.48277246952056885
64189,1,04_Funk3-112-C#_comp.jams,1306503,3,4,3,3,False,correction,mixed_by_complete_group,4,1,3,0,0.4122354984283447,0.4285876750946045,0.1591767966747284,0.69140625,0.7205329537391663,0.5150855183601379
64193,1,04_Funk3-112-C#_comp.jams,1323192,5,3,4,4,False,neutral,local_rates_favor_correction_for_all_groups,2,2,0,0,0.4672977328300476,0.2947693467140198,0.237932950258255,0.3046875,0.419513076543808,0.04157662391662598
64207,1,04_Funk3-112-C#_comp.jams,1358809,4,4,3,3,True,regression,mixed_by_complete_group,60,37,23,0,0.371722549200058,0.3642517030239105,0.26402580738067627,0.5257812738418579,0.4225241243839264,0.10933366417884827
73866,1,04_SS3-98-C_comp.jams,53404,2,4,2,2,False,correction,local_rates_favor_regression_for_all_groups,1,0,1,0,0.1736401617527008,0.3188284635543823,0.5075314044952393,0.28125,0.4177881181240082,0.16223573684692383
73904,1,04_SS3-98-C_comp.jams,162399,2,4,3,3,False,neutral,mixed_by_complete_group,43,21,22,0,0.3924422264099121,0.3734204173088074,0.2341374009847641,0.35501453280448914,0.475050151348114,0.2699275314807892
73920,1,04_SS3-98-C_comp.jams,216538,4,2,3,3,False,neutral,mixed_by_complete_group,73,1,72,0,0.2906365394592285,0.3846290707588196,0.3247343897819519,0.46875,0.5241097807884216,0.32926225662231445
73927,1,04_SS3-98-C_comp.jams,232802,1,3,2,2,False,neutral,local_rates_favor_correction_for_all_groups,85,85,0,0,0.3051396310329437,0.21639038622379303,0.4784700274467468,0.5288602709770203,0.7071061134338379,0.43110525608062744
73935,1,04_SS3-98-C_comp.jams,252604,1,3,2,2,False,neutral,mixed_by_complete_group,66,22,44,0,0.2951684296131134,0.29566848278045654,0.4091630280017853,0.3854166567325592,0.6301735043525696,0.5522895455360413
73965,1,04_SS3-98-C_comp.jams,345571,1,3,2,2,False,neutral,mixed_by_complete_group,108,47,61,0,0.25143107771873474,0.21549615263938904,0.5330727696418762,0.6977719664573669,0.7660911679267883,0.3240136206150055
74101,1,04_SS3-98-C_comp.jams,755725,2,2,3,3,True,regression,local_rates_favor_regression_for_all_groups,52,0,52,0,0.19529661536216736,0.4364977478981018,0.36820560693740845,0.26201921701431274,0.5484721660614014,0.3696550726890564
74139,1,04_SS3-98-C_comp.jams,878168,1,2,4,4,False,neutral,local_rates_favor_regression_for_all_groups,2,0,2,0,0.21011823415756226,0.371099054813385,0.41878271102905273,0.03125,0.5428791642189026,0.2601621448993683
74174,1,04_SS3-98-C_comp.jams,972428,2,2,3,3,True,regression,local_rates_favor_regression_for_all_groups,5,0,5,0,0.2780584692955017,0.39021772146224976,0.33172377943992615,0.4281249940395355,0.5352800488471985,0.16973087191581726
74187,1,04_SS3-98-C_comp.jams,998606,1,3,2,2,False,neutral,mixed_by_complete_group,113,40,73,0,0.23534497618675232,0.28023791313171387,0.4844171404838562,0.6545907258987427,0.8382176756858826,0.0441766232252121
74200,1,04_SS3-98-C_comp.jams,1027114,2,4,4,3,False,neutral,mixed_by_complete_group,65,10,55,0,0.35936927795410156,0.42837637662887573,0.21225431561470032,0.4814903736114502,0.4498589038848877,0.0691601037979126
74232,1,04_SS3-98-C_comp.jams,1134289,3,2,3,3,False,correction,local_rates_favor_regression_for_all_groups,57,0,57,0,0.26969531178474426,0.41713055968284607,0.31317415833473206,0.5729166865348816,0.4965827465057373,0.0600409209728241
74238,1,04_SS3-98-C_comp.jams,1147033,1,3,2,2,False,neutral,local_rates_favor_regression_for_all_groups,49,0,49,0,0.24524885416030884,0.3934601843357086,0.3612910211086273,0.65625,0.6055092215538025,0.5918576717376709
74250,1,04_SS3-98-C_comp.jams,1188234,3,2,3,3,False,correction,local_rates_favor_regression_for_all_groups,60,0,60,0,0.2429996132850647,0.43377789855003357,0.32322245836257935,0.4502604305744171,0.5016551613807678,0.10259348154067993
74254,1,04_SS3-98-C_comp.jams,1209450,1,3,2,2,False,neutral,local_rates_favor_regression_for_all_groups,60,0,60,0,0.214562326669693,0.38541656732559204,0.40002113580703735,0.7033854126930237,0.517046332359314,0.0998748242855072
74337,1,04_SS3-98-C_comp.jams,1458577,3,4,2,2,False,neutral,mixed_by_complete_group,114,112,2,0,0.41138142347335815,0.175323486328125,0.4132951498031616,0.43708881735801697,0.5981968641281128,0.5025164484977722
74387,1,04_SS3-98-C_comp.jams,1606684,1,3,2,2,False,neutral,mixed_by_complete_group,119,52,67,0,0.2718590497970581,0.2607712745666504,0.4673696756362915,0.6611081957817078,0.8439413905143738,0.014232087880373001
74390,1,04_SS3-98-C_comp.jams,1621536,2,3,4,4,False,neutral,local_rates_favor_correction_for_all_groups,8,8,0,0,0.5064822435379028,0.2887089252471924,0.20480887591838837,0.201171875,0.49927881360054016,0.13730397820472717
1724,2,00_Funk1-114-Ab_comp.jams,13221,3,2,3,3,False,correction,mixed_by_complete_group,66,48,18,0,0.39975786209106445,0.3380381762981415,0.2622039318084717,0.3970170319080353,0.5707769393920898,0.0954570472240448
1729,2,00_Funk1-114-Ab_comp.jams,48906,3,2,3,3,False,correction,mixed_by_complete_group,64,1,63,0,0.2967608869075775,0.41710230708122253,0.28613683581352234,0.427490234375,0.5116667151451111,0.29618221521377563
1745,2,00_Funk1-114-Ab_comp.jams,103420,5,4,3,3,False,neutral,local_rates_favor_regression_for_all_groups,63,0,63,0,0.28451740741729736,0.3640885651111603,0.35139408707618713,0.746279776096344,0.5021775364875793,0.04929232597351074
1847,2,00_Funk1-114-Ab_comp.jams,383865,1,3,2,2,False,neutral,mixed_by_complete_group,37,32,5,0,0.3474293649196625,0.3126717805862427,0.33989885449409485,0.24535472691059113,0.4723736047744751,0.26419514417648315
1866,2,00_Funk1-114-Ab_comp.jams,451648,4,2,3,3,False,neutral,local_rates_favor_correction_for_all_groups,63,63,0,0,0.46080416440963745,0.2864798605442047,0.25271597504615784,0.5190972089767456,0.595919132232666,0.38205599784851074
1894,2,00_Funk1-114-Ab_comp.jams,581045,2,3,2,2,False,correction,mixed_by_complete_group,26,3,23,0,0.2922627329826355,0.3434971570968628,0.3642401099205017,0.6105769276618958,0.5507179498672485,0.15137219429016113
1924,2,00_Funk1-114-Ab_comp.jams,719574,2,3,2,2,False,correction,local_rates_favor_correction_for_all_groups,2,2,0,0,0.39760899543762207,0.3174813985824585,0.28490960597991943,0.4375,0.5969511270523071,0.16714155673980713
1941,2,00_Funk1-114-Ab_comp.jams,784616,4,3,2,2,False,neutral,mixed_by_complete_group,120,119,1,0,0.28726089000701904,0.21468213200569153,0.49805697798728943,0.3544270694255829,1.2524985074996948,0.5179915428161621
1944,2,00_Funk1-114-Ab_comp.jams,794778,1,4,4,2,False,neutral,mixed_by_complete_group,120,119,1,0,0.3234133720397949,0.1617276817560196,0.5148589611053467,0.33671873807907104,0.9933614134788513,0.015486948192119598
1958,2,00_Funk1-114-Ab_comp.jams,825105,1,3,2,2,False,neutral,mixed_by_complete_group,120,88,32,0,0.22064208984375,0.189431294798851,0.5899266004562378,0.6838541626930237,1.2975596189498901,0.08523473143577576
1976,2,00_Funk1-114-Ab_comp.jams,867229,5,3,3,4,False,neutral,mixed_by_complete_group,46,42,3,1,0.3546794354915619,0.2769072353839874,0.3684132993221283,0.24966032803058624,0.4573500156402588,0.012530118227005005
1979,2,00_Funk1-114-Ab_comp.jams,877686,5,3,3,2,False,neutral,mixed_by_complete_group,54,52,2,0,0.28827181458473206,0.24397669732570648,0.46775150299072266,0.4071180522441864,0.9892186522483826,0.05198091268539429
1999,2,00_Funk1-114-Ab_comp.jams,958659,5,3,2,2,False,neutral,local_rates_favor_regression_for_all_groups,32,0,32,0,0.2635091245174408,0.35207751393318176,0.38441336154937744,0.3232421875,0.9247863292694092,0.24723929166793823
2099,2,00_Funk1-114-Ab_solo.jams,623632,1,2,2,3,False,neutral,mixed_by_complete_group,11,6,5,0,0.385137677192688,0.39325982332229614,0.22160248458385468,0.1661931872367859,0.7433277368545532,0.02736961841583252
5494,2,00_Jazz1-200-B_comp.jams,13471,2,2,3,3,True,regression,local_rates_favor_regression_for_all_groups,2,0,2,0,0.296957403421402,0.337700217962265,0.365342378616333,0.1875,0.6800298094749451,0.0011922717094421387
5504,2,00_Jazz1-200-B_comp.jams,61859,3,2,3,3,False,correction,mixed_by_complete_group,80,2,77,1,0.27712228894233704,0.48517531156539917,0.2377023696899414,0.2632812559604645,0.6880014538764954,0.06477895379066467
5519,2,00_Jazz1-200-B_comp.jams,118705,3,4,3,3,False,correction,mixed_by_complete_group,61,25,36,0,0.4200740158557892,0.4252820909023285,0.1546439528465271,0.6068135499954224,0.4598312973976135,0.026676297187805176
5549,2,00_Jazz1-200-B_comp.jams,204484,3,2,3,3,False,correction,mixed_by_complete_group,65,16,49,0,0.36798369884490967,0.40261462330818176,0.22940166294574738,0.4161057770252228,0.5186687111854553,0.007088184356689453
5566,2,00_Jazz1-200-B_comp.jams,290639,5,4,3,3,False,neutral,mixed_by_complete_group,64,1,63,0,0.26924198865890503,0.41589125990867615,0.3148667812347412,0.78857421875,0.5651821494102478,0.12161463499069214
5610,2,00_Jazz1-200-B_comp.jams,475329,4,4,3,3,True,regression,local_rates_favor_regression_for_all_groups,8,0,8,0,0.17055661976337433,0.26477253437042236,0.5646708011627197,0.681640625,0.6447547078132629,0.04731389880180359
5629,2,00_Jazz1-200-B_comp.jams,516788,2,4,3,2,False,correction,mixed_by_complete_group,101,99,2,0,0.3567025661468506,0.18238598108291626,0.46091148257255554,0.24350246787071228,1.1422556638717651,0.5634841918945312
5631,2,00_Jazz1-200-B_comp.jams,524262,3,3,3,4,False,regression,mixed_by_complete_group,10,1,9,0,0.348951518535614,0.401542991399765,0.24950549006462097,0.18906250596046448,0.7377796769142151,0.024213477969169617
5908,2,00_Jazz2-110-Bb_comp.jams,446722,3,4,3,3,False,correction,mixed_by_complete_group,66,2,64,0,0.3436139225959778,0.42214569449424744,0.23424039781093597,0.5989583134651184,0.5359972715377808,0.03485336899757385
5939,2,00_Jazz2-110-Bb_comp.jams,576264,2,2,3,3,True,regression,mixed_by_complete_group,2,1,1,0,0.3159227967262268,0.35244107246398926,0.33163613080978394,0.1015625,0.8498852252960205,0.313392698764801
6148,2,00_Jazz2-110-Bb_comp.jams,1120676,4,4,3,3,True,regression,mixed_by_complete_group,61,42,19,0,0.3686114251613617,0.3452140986919403,0.286174476146698,0.5207479596138,0.5486596822738647,0.12720602750778198
6163,2,00_Jazz2-110-Bb_comp.jams,1176119,4,3,2,2,False,neutral,local_rates_favor_regression_for_all_groups,35,0,35,0,0.28283199667930603,0.3699384927749634,0.3472295105457306,0.4553571343421936,0.419467568397522,0.039678364992141724
6190,2,00_Jazz2-110-Bb_comp.jams,1265244,2,4,3,3,False,neutral,mixed_by_complete_group,66,27,39,0,0.38290902972221375,0.38961315155029297,0.2274777889251709,0.6136363744735718,0.45746907591819763,0.20016655325889587
6195,2,00_Jazz2-110-Bb_comp.jams,1288018,4,4,3,3,True,regression,mixed_by_complete_group,64,55,8,1,0.3970574736595154,0.364460825920105,0.23848164081573486,0.582763671875,0.5745064616203308,0.13521802425384521
6228,2,00_Jazz2-110-Bb_comp.jams,1394796,3,3,2,2,True,regression,mixed_by_complete_group,77,6,71,0,0.24823008477687836,0.2993369400501251,0.4524329900741577,0.8265016078948975,0.48020488023757935,0.15992486476898193
6235,2,00_Jazz2-110-Bb_comp.jams,1409923,2,4,3,3,False,neutral,local_rates_favor_regression_for_all_groups,22,0,22,0,0.22391654551029205,0.3445984125137329,0.43148496747016907,0.7002840638160706,0.5515585541725159,0.10153748095035553
6248,2,00_Jazz2-110-Bb_comp.jams,1435210,2,4,2,2,False,correction,local_rates_favor_correction_for_all_groups,99,99,0,0,0.3547099232673645,0.13294264674186707,0.512347400188446,0.49889519810676575,0.6451178193092346,0.09565044194459915
6291,2,00_Jazz2-110-Bb_comp.jams,1521904,0,3,2,2,False,neutral,mixed_by_complete_group,118,113,5,0,0.27132630348205566,0.19671864807605743,0.5319551229476929,0.7162340879440308,1.0519146919250488,0.04554195702075958
8062,2,00_Rock1-130-A_comp.jams,68497,5,4,3,2,False,neutral,local_rates_favor_correction_for_all_groups,8,8,0,0,0.2686818838119507,0.14817917346954346,0.5831389427185059,0.12109375,0.435066819190979,0.06814941763877869
8068,2,00_Rock1-130-A_comp.jams,82546,0,3,2,2,False,neutral,local_rates_favor_correction_for_all_groups,112,112,0,0,0.4565407931804657,0.11796606332063675,0.42549318075180054,0.5895647406578064,0.6179904341697693,0.4655144214630127
8069,2,00_Rock1-130-A_comp.jams,84749,2,3,2,2,False,correction,local_rates_favor_correction_for_all_groups,72,72,0,0,0.43811842799186707,0.1609950214624405,0.40088656544685364,0.8229166865348816,0.4994972050189972,0.23405393958091736
8097,2,00_Rock1-130-A_comp.jams,157145,2,3,2,2,False,correction,mixed_by_complete_group,62,38,24,0,0.3021155893802643,0.2934626638889313,0.40442177653312683,0.41733869910240173,0.5395804643630981,0.2408362627029419
8102,2,00_Rock1-130-A_comp.jams,172160,2,3,2,2,False,correction,local_rates_favor_correction_for_all_groups,105,105,0,0,0.2970246970653534,0.22625142335891724,0.47672390937805176,0.7502976059913635,0.6815658807754517,0.3282233476638794
8124,2,00_Rock1-130-A_comp.jams,229223,3,3,2,2,True,regression,local_rates_favor_correction_for_all_groups,105,105,0,0,0.3490256667137146,0.21082554757595062,0.4401487708091736,0.6305059790611267,0.6268327832221985,0.3911454677581787
8128,2,00_Rock1-130-A_comp.jams,238913,2,3,2,2,False,correction,local_rates_favor_correction_for_all_groups,102,102,0,0,0.3421725928783417,0.1569521129131317,0.5008752942085266,0.6067708134651184,0.6822367906570435,0.49038854241371155
8134,2,00_Rock1-130-A_comp.jams,252740,3,3,2,2,True,regression,mixed_by_complete_group,88,87,1,0,0.3785094916820526,0.20664462447166443,0.41484591364860535,0.6617542505264282,0.48096054792404175,0.30252593755722046
8151,2,00_Rock1-130-A_comp.jams,298649,2,3,2,2,False,correction,local_rates_favor_correction_for_all_groups,63,63,0,0,0.3717000186443329,0.16640211641788483,0.46189793944358826,0.6604662537574768,0.6049627065658569,0.2898368239402771
8155,2,00_Rock1-130-A_comp.jams,309808,3,3,2,2,True,regression,local_rates_favor_correction_for_all_groups,65,65,0,0,0.4308571219444275,0.18186885118484497,0.3872740566730499,0.6706730723381042,0.5170025825500488,0.23956191539764404
8190,2,00_Rock1-130-A_comp.jams,410951,3,3,2,2,True,regression,mixed_by_complete_group,120,98,22,0,0.2540167272090912,0.18087731301784515,0.5651059746742249,0.4860677123069763,1.641574740409851,0.8321429491043091
8192,2,00_Rock1-130-A_comp.jams,416352,3,4,4,2,False,neutral,mixed_by_complete_group,33,28,5,0,0.3104720115661621,0.15537801384925842,0.5341500639915466,0.17945075035095215,0.4902026355266571,0.034268468618392944
8208,2,00_Rock1-130-A_comp.jams,446560,2,4,3,3,False,neutral,local_rates_favor_regression_for_all_groups,1,0,1,0,0.23839616775512695,0.41018378734588623,0.3514200747013092,0.421875,0.6101496815681458,0.4642496705055237
8221,2,00_Rock1-130-A_comp.jams,477514,2,3,2,2,False,correction,local_rates_favor_correction_for_all_groups,105,105,0,0,0.29136571288108826,0.18007385730743408,0.5285604000091553,0.5528273582458496,0.7590116262435913,0.12768912315368652
8227,2,00_Rock1-130-A_comp.jams,497075,2,3,2,2,False,correction,mixed_by_complete_group,12,8,4,0,0.3172798156738281,0.29655951261520386,0.38616064190864563,0.38671875,0.4417591392993927,0.1346956491470337
8264,2,00_Rock1-130-A_comp.jams,585811,4,4,2,2,True,regression,mixed_by_complete_group,26,23,3,0,0.2870042324066162,0.1806434690952301,0.5323523283004761,0.4242788553237915,0.485178142786026,0.05613544583320618
8268,2,00_Rock1-130-A_comp.jams,594999,2,3,2,2,False,correction,local_rates_favor_correction_for_all_groups,67,67,0,0,0.47128352522850037,0.1832514852285385,0.34546494483947754,0.6317630410194397,0.5405272841453552,0.2931625545024872
8288,2,00_Rock1-130-A_comp.jams,645846,4,4,3,3,True,regression,local_rates_favor_correction_for_all_groups,14,14,0,0,0.37644466757774353,0.19258610904216766,0.4309692084789276,0.5825892686843872,0.7564509510993958,0.3758077621459961
8307,2,00_Rock1-130-A_comp.jams,687209,4,4,3,3,True,regression,mixed_by_complete_group,17,1,16,0,0.2553251385688782,0.31044697761535645,0.434227854013443,0.5459558963775635,0.6004340648651123,0.1745118796825409
8326,2,00_Rock1-130-A_comp.jams,733863,3,4,2,2,False,neutral,local_rates_favor_correction_for_all_groups,119,119,0,0,0.30973705649375916,0.11859442293643951,0.5716685652732849,0.3016018867492676,0.6682367920875549,0.48002704977989197
8340,2,00_Rock1-130-A_comp.jams,769439,2,3,2,2,False,correction,local_rates_favor_correction_for_all_groups,96,96,0,0,0.31521156430244446,0.16563308238983154,0.5191553831100464,0.5607096552848816,0.8875351548194885,0.5293517112731934
8346,2,00_Rock1-130-A_comp.jams,788847,4,4,2,2,True,regression,mixed_by_complete_group,105,101,4,0,0.3153526186943054,0.16802363097667694,0.5166237354278564,0.5294643044471741,0.6197241544723511,0.3341566324234009
8380,2,00_Rock1-130-A_comp.jams,864539,5,4,2,2,False,neutral,mixed_by_complete_group,16,13,3,0,0.29667866230010986,0.2147974818944931,0.48852381110191345,0.37109375,0.5894572138786316,0.007277533411979675
8386,2,00_Rock1-130-A_comp.jams,880522,3,4,4,2,False,neutral,mixed_by_complete_group,110,108,2,0,0.29928702116012573,0.1337365359067917,0.5669764876365662,0.47045454382896423,0.7205649614334106,0.11881071329116821
8398,2,00_Rock1-130-A_comp.jams,914779,3,4,3,3,False,correction,mixed_by_complete_group,18,1,17,0,0.2545031011104584,0.3168777823448181,0.4286190867424011,0.4826388955116272,0.6275237798690796,0.21143868565559387
8413,2,00_Rock1-130-A_comp.jams,960690,5,4,2,2,False,neutral,local_rates_favor_correction_for_all_groups,25,25,0,0,0.2687418460845947,0.18859046697616577,0.5426676273345947,0.30562499165534973,0.8347625732421875,0.03794434666633606
10427,2,00_Rock2-85-F_comp.jams,91603,5,3,4,2,False,neutral,local_rates_favor_regression_for_all_groups,14,0,14,0,0.26362666487693787,0.3421911299228668,0.3941822052001953,0.3024553656578064,0.5182477235794067,0.14277677237987518
10438,2,00_Rock2-85-F_comp.jams,114191,5,4,2,2,False,neutral,mixed_by_complete_group,50,47,3,0,0.2811134457588196,0.13807301223278046,0.5808135271072388,0.15312500298023224,0.5024821162223816,0.10965341329574585
10457,2,00_Rock2-85-F_comp.jams,153251,5,4,3,3,False,neutral,local_rates_favor_regression_for_all_groups,56,0,56,0,0.24433633685112,0.39783403277397156,0.35782960057258606,0.5750557780265808,0.603148877620697,0.06678909063339233
10482,2,00_Rock2-85-F_comp.jams,208921,5,4,2,2,False,neutral,local_rates_favor_correction_for_all_groups,106,106,0,0,0.34412622451782227,0.13548824191093445,0.5203855037689209,0.5812205076217651,0.5709041953086853,0.38598692417144775
10491,2,00_Rock2-85-F_comp.jams,232782,2,3,2,2,False,correction,local_rates_favor_correction_for_all_groups,67,67,0,0,0.3141223192214966,0.21016277372837067,0.47571489214897156,0.6597481369972229,0.9212709665298462,0.7106200456619263
10493,2,00_Rock2-85-F_comp.jams,240308,5,4,4,2,False,neutral,mixed_by_complete_group,22,18,4,0,0.2576186954975128,0.2105558067560196,0.5318254828453064,0.029829544946551323,0.6705829501152039,0.10025995969772339
10519,2,00_Rock2-85-F_comp.jams,303319,4,4,2,3,True,regression,local_rates_favor_regression_for_all_groups,39,0,39,0,0.26205793023109436,0.4540022909641266,0.2839398682117462,0.48838141560554504,0.5143564939498901,0.16074328124523163
10534,2,00_Rock2-85-F_comp.jams,334200,6,3,2,2,False,neutral,local_rates_favor_correction_for_all_groups,1,1,0,0,0.2713142931461334,0.24857142567634583,0.48011428117752075,0.59375,0.40746837854385376,0.20716306567192078
10544,2,00_Rock2-85-F_comp.jams,357552,3,4,2,2,False,neutral,mixed_by_complete_group,106,104,2,0,0.2958136200904846,0.13453368842601776,0.5696526765823364,0.36409199237823486,0.902704119682312,0.5180903077125549
10546,2,00_Rock2-85-F_comp.jams,365070,4,4,3,3,True,regression,local_rates_favor_regression_for_all_groups,11,0,11,0,0.27486923336982727,0.3314712941646576,0.39365947246551514,0.7130681872367859,0.5108854174613953,0.19663956761360168
10565,2,00_Rock2-85-F_comp.jams,402491,4,3,2,2,False,neutral,mixed_by_complete_group,84,79,5,0,0.36189427971839905,0.2875286638736725,0.3505770266056061,0.3880208432674408,0.6289544701576233,0.16952472925186157
10578,2,00_Rock2-85-F_comp.jams,428028,5,4,2,2,False,neutral,mixed_by_complete_group,94,92,2,0,0.32007741928100586,0.18777534365653992,0.4921472370624542,0.598071813583374,0.5148434638977051,0.21777573227882385
10604,2,00_Rock2-85-F_comp.jams,481815,2,2,3,3,True,regression,mixed_by_complete_group,33,6,27,0,0.3519425094127655,0.41253772377967834,0.23551979660987854,0.12263257801532745,0.8506355881690979,0.23641088604927063
10607,2,00_Rock2-85-F_comp.jams,489457,2,3,2,2,False,correction,mixed_by_complete_group,63,2,61,0,0.3107091784477234,0.39415442943573,0.29513639211654663,0.4960317313671112,0.5671809911727905,0.0802324116230011
10619,2,00_Rock2-85-F_comp.jams,513151,1,2,2,3,False,neutral,mixed_by_complete_group,8,1,7,0,0.32295334339141846,0.3952910900115967,0.28175556659698486,0.15625,0.5175747275352478,0.033694952726364136
10626,2,00_Rock2-85-F_comp.jams,529441,5,4,3,3,False,neutral,local_rates_favor_regression_for_all_groups,3,0,3,0,0.20341108739376068,0.3051677942276001,0.4914211332798004,0.4270833432674408,0.5803555846214294,0.2285480499267578
10633,2,00_Rock2-85-F_comp.jams,544766,4,3,2,2,False,neutral,mixed_by_complete_group,99,74,25,0,0.2648378014564514,0.2228732407093048,0.5122889280319214,0.7310606241226196,0.7561755776405334,0.09140875935554504
10637,2,00_Rock2-85-F_comp.jams,553254,3,3,2,2,True,regression,mixed_by_complete_group,62,45,17,0,0.27436506748199463,0.25510919094085693,0.47052568197250366,0.6063507795333862,0.4319513440132141,0.12469756603240967
10651,2,00_Rock2-85-F_comp.jams,581815,2,4,2,2,False,correction,mixed_by_complete_group,82,80,2,0,0.3083920478820801,0.12012504786252975,0.5714828968048096,0.21227134764194489,0.7371062636375427,0.25878554582595825
10670,2,00_Rock2-85-F_comp.jams,622375,4,3,2,2,False,neutral,mixed_by_complete_group,40,37,3,0,0.3239932358264923,0.2831032872200012,0.39290347695350647,0.8218749761581421,0.5826310515403748,0.09186437726020813
10690,2,00_Rock2-85-F_comp.jams,669109,3,3,2,2,True,regression,mixed_by_complete_group,66,62,4,0,0.2934716045856476,0.26525288820266724,0.4412755072116852,0.8676609992980957,0.5808815956115723,0.16776448488235474
10699,2,00_Rock2-85-F_comp.jams,690821,1,3,2,2,False,neutral,local_rates_favor_correction_for_all_groups,102,102,0,0,0.3882737159729004,0.1967930942773819,0.41493314504623413,0.5019914507865906,0.6502737998962402,0.37583619356155396
10704,2,00_Rock2-85-F_comp.jams,701404,3,3,2,2,True,regression,local_rates_favor_correction_for_all_groups,112,112,0,0,0.3674371540546417,0.14645661413669586,0.48610618710517883,0.6446707844734192,0.6182411909103394,0.24290744960308075
10716,2,00_Rock2-85-F_comp.jams,737521,1,4,2,2,False,neutral,mixed_by_complete_group,37,35,2,0,0.2712177634239197,0.14242303371429443,0.5863592028617859,0.09755067527294159,1.0059970617294312,0.04450705274939537
10743,2,00_Rock2-85-F_comp.jams,793766,4,3,2,2,False,neutral,mixed_by_complete_group,95,23,72,0,0.225199893116951,0.2660951018333435,0.5087050199508667,0.7718750238418579,1.0683796405792236,0.5798760652542114
10759,2,00_Rock2-85-F_comp.jams,825657,3,3,2,2,True,regression,local_rates_favor_correction_for_all_groups,63,63,0,0,0.31960439682006836,0.27751725912094116,0.4028783440589905,0.7961309552192688,0.5425811409950256,0.0023398995399475098
10799,2,00_Rock2-85-F_comp.jams,917145,2,3,2,2,False,correction,local_rates_favor_correction_for_all_groups,101,101,0,0,0.38459667563438416,0.1793902963399887,0.4360130727291107,0.541769802570343,0.7562246918678284,0.321445107460022
10803,2,00_Rock2-85-F_comp.jams,925592,5,4,3,3,False,neutral,local_rates_favor_regression_for_all_groups,7,0,7,0,0.24424168467521667,0.45146679878234863,0.3042915463447571,0.4732142984867096,0.6936703324317932,0.2142362892627716
10824,2,00_Rock2-85-F_comp.jams,966829,3,4,2,2,False,neutral,mixed_by_complete_group,96,95,1,0,0.3813399374485016,0.1360776573419571,0.4825824201107025,0.33740234375,0.5139888525009155,0.16175507009029388
10828,2,00_Rock2-85-F_comp.jams,974341,3,4,3,3,False,correction,local_rates_favor_regression_for_all_groups,1,0,1,0,0.21725866198539734,0.3076378405094147,0.475103497505188,0.625,0.6903412342071533,0.13428202271461487
10833,2,00_Rock2-85-F_comp.jams,988873,2,4,2,2,False,correction,local_rates_favor_correction_for_all_groups,1,1,0,0,0.2742946743965149,0.1551724076271057,0.5705329179763794,0.265625,0.5373176336288452,0.1137000024318695
10919,2,00_Rock2-85-F_comp.jams,1191390,5,4,3,3,False,neutral,local_rates_favor_regression_for_all_groups,11,0,11,0,0.23733621835708618,0.43056127429008484,0.33210256695747375,0.4701704680919647,0.5439208745956421,0.3398730456829071
10922,2,00_Rock2-85-F_comp.jams,1198666,5,2,3,3,False,neutral,mixed_by_complete_group,13,8,5,0,0.37414586544036865,0.35222533345222473,0.2736288011074066,0.10216346383094788,0.6804004907608032,0.485476016998291
10971,2,00_Rock2-85-F_comp.jams,1330301,4,4,3,3,True,regression,local_rates_favor_regression_for_all_groups,20,0,20,0,0.2571316361427307,0.3535711169242859,0.389297217130661,0.729687511920929,0.5110090374946594,0.24526849389076233
10983,2,00_Rock2-85-F_comp.jams,1355082,3,3,2,2,True,regression,local_rates_favor_correction_for_all_groups,102,102,0,0,0.3315899074077606,0.16265742480754852,0.505752682685852,0.6767769455909729,0.760578453540802,0.37217727303504944
10987,2,00_Rock2-85-F_comp.jams,1370556,3,2,3,3,False,correction,local_rates_favor_regression_for_all_groups,4,0,4,0,0.25207069516181946,0.384146511554718,0.3637827932834625,0.171875,0.48346632719039917,0.1801859438419342
11029,2,00_Rock2-85-F_comp.jams,1471741,5,4,3,3,False,neutral,local_rates_favor_regression_for_all_groups,34,0,34,0,0.15223151445388794,0.4135909080505371,0.43417757749557495,0.599724292755127,0.5796151161193848,0.2095414698123932
11034,2,00_Rock2-85-F_comp.jams,1486560,3,4,4,3,False,correction,mixed_by_complete_group,83,20,63,0,0.2976111173629761,0.3565727472305298,0.34581613540649414,0.6457078456878662,0.6274752616882324,0.07293519377708435
11062,2,00_Rock2-85-F_comp.jams,1549314,3,2,3,3,False,correction,local_rates_favor_correction_for_all_groups,3,3,0,0,0.3568669259548187,0.2917240560054779,0.35140904784202576,0.1927083283662796,0.5167967677116394,0.02189728617668152
11122,2,00_Rock2-85-F_comp.jams,1674312,4,2,3,3,False,neutral,mixed_by_complete_group,63,19,44,0,0.3187911808490753,0.34416186809539795,0.33704695105552673,0.4335317313671112,0.5487507581710815,0.020613640546798706
11130,2,00_Rock2-85-F_comp.jams,1697208,2,3,2,2,False,correction,mixed_by_complete_group,116,107,9,0,0.24948559701442719,0.19872316718101501,0.5517911314964294,0.7058189511299133,0.8417816758155823,0.02229677513241768
11146,2,00_Rock2-85-F_comp.jams,1735848,2,2,3,3,True,regression,mixed_by_complete_group,30,27,3,0,0.39229345321655273,0.32851895689964294,0.2791876196861267,0.29739582538604736,0.6457675695419312,0.08565676212310791
11149,2,00_Rock2-85-F_comp.jams,1742720,3,3,2,2,True,regression,mixed_by_complete_group,89,82,7,0,0.31376224756240845,0.23937711119651794,0.446860671043396,0.556355357170105,0.6039929389953613,0.3391326069831848
11176,2,00_Rock2-85-F_comp.jams,1798477,5,4,4,5,False,correction,mixed_by_complete_group,38,18,17,3,0.29101186990737915,0.2954401671886444,0.41354799270629883,0.09868421405553818,0.5073733329772949,0.034201353788375854
11204,2,00_Rock2-85-F_comp.jams,1858892,5,4,2,2,False,neutral,mixed_by_complete_group,37,33,4,0,0.29322439432144165,0.16782265901565552,0.5389530062675476,0.2723817527294159,0.5376287698745728,0.06048864126205444
11208,2,00_Rock2-85-F_comp.jams,1867010,5,4,3,3,False,neutral,local_rates_favor_regression_for_all_groups,1,0,1,0,0.2141794115304947,0.34325531125068665,0.44256529211997986,0.703125,0.5858651399612427,0.034004807472229004
11234,2,00_Rock2-85-F_comp.jams,1921470,2,2,3,3,True,regression,local_rates_favor_correction_for_all_groups,1,1,0,0,0.25884732604026794,0.24101479351520538,0.5001378655433655,0.484375,0.5597378611564636,0.07565829157829285
11253,2,00_Rock2-85-F_comp.jams,1961329,5,2,3,3,False,neutral,local_rates_favor_correction_for_all_groups,1,1,0,0,0.29584261775016785,0.2865627408027649,0.41759464144706726,0.28125,0.4494965672492981,0.028629034757614136
11260,2,00_Rock2-85-F_comp.jams,1975936,6,4,4,2,False,neutral,mixed_by_complete_group,60,59,1,0,0.2516244351863861,0.1538335531949997,0.5945420861244202,0.06744791567325592,0.6244108080863953,0.023040838539600372
11535,2,00_Rock2-85-F_solo.jams,1942964,3,3,2,2,True,regression,mixed_by_complete_group,80,20,60,0,0.32299312949180603,0.34539809823036194,0.3316088020801544,0.32109373807907104,0.5324975848197937,0.0893460214138031
18355,2,01_Funk1-114-Ab_comp.jams,87774,3,3,2,2,True,regression,local_rates_favor_correction_for_all_groups,64,64,0,0,0.4612651765346527,0.17029282450675964,0.36844202876091003,0.70654296875,0.7021136283874512,0.6835407614707947
18359,2,01_Funk1-114-Ab_comp.jams,104859,3,3,4,4,True,regression,local_rates_favor_regression_for_all_groups,1,0,1,0,0.30821046233177185,0.3234621286392212,0.36832740902900696,0.25,1.355488896369934,0.38918018341064453
18367,2,01_Funk1-114-Ab_comp.jams,139363,3,3,4,4,True,regression,local_rates_favor_correction_for_all_groups,6,6,0,0,0.36987707018852234,0.27856725454330444,0.3515557050704956,0.1901041716337204,0.8034310936927795,0.2811489403247833
18371,2,01_Funk1-114-Ab_comp.jams,155985,3,2,4,4,False,neutral,local_rates_favor_regression_for_all_groups,4,0,4,0,0.191241055727005,0.2609640657901764,0.5477948784828186,0.2890625,1.4784724712371826,0.1765201985836029
18377,2,01_Funk1-114-Ab_comp.jams,180949,3,3,2,2,True,regression,local_rates_favor_correction_for_all_groups,86,86,0,0,0.43973323702812195,0.174103245139122,0.38616350293159485,0.6037427186965942,0.7230422496795654,0.6782620549201965
18381,2,01_Funk1-114-Ab_comp.jams,198153,3,3,2,2,True,regression,local_rates_favor_correction_for_all_groups,115,115,0,0,0.20164652168750763,0.1461804360151291,0.6521729826927185,0.3692934811115265,1.3476966619491577,0.748959481716156
18383,2,01_Funk1-114-Ab_comp.jams,210354,3,2,3,3,False,correction,local_rates_favor_correction_for_all_groups,62,62,0,0,0.46977514028549194,0.35389402508735657,0.17633076012134552,0.6403729915618896,0.7984614372253418,0.1811949610710144
18401,2,01_Funk1-114-Ab_comp.jams,289716,3,3,2,2,True,regression,local_rates_favor_correction_for_all_groups,100,100,0,0,0.20721246302127838,0.12841716408729553,0.6643703579902649,0.39453125,1.3457542657852173,0.5046790242195129
18404,2,01_Funk1-114-Ab_comp.jams,301889,2,3,3,2,False,correction,mixed_by_complete_group,4,2,2,0,0.23872575163841248,0.25913554430007935,0.5021387338638306,0.09765625,0.6675640940666199,0.16109907627105713
18405,2,01_Funk1-114-Ab_comp.jams,307490,3,3,2,2,True,regression,mixed_by_complete_group,97,95,2,0,0.2699677050113678,0.21156348288059235,0.5184687972068787,0.610019326210022,0.7852943539619446,0.033351361751556396
18409,2,01_Funk1-114-Ab_comp.jams,324109,3,2,3,3,False,correction,local_rates_favor_regression_for_all_groups,64,0,64,0,0.27346450090408325,0.3630826771259308,0.36345285177230835,0.296875,1.1589425802230835,0.4769914746284485
18415,2,01_Funk1-114-Ab_comp.jams,352701,0,3,2,2,False,neutral,mixed_by_complete_group,64,39,25,0,0.23276275396347046,0.22961467504501343,0.5376225709915161,0.18017578125,0.9281772971153259,0.1645260900259018
18417,2,01_Funk1-114-Ab_comp.jams,358750,2,3,2,2,False,correction,mixed_by_complete_group,86,24,62,0,0.2549290359020233,0.29576176404953003,0.44930920004844666,0.4009810984134674,0.7734476923942566,0.13272756338119507
18418,2,01_Funk1-114-Ab_comp.jams,365264,3,2,3,3,False,correction,local_rates_favor_regression_for_all_groups,1,0,1,0,0.35990533232688904,0.4842461049556732,0.15584854781627655,0.28125,0.9135165810585022,0.4140661358833313
18421,2,01_Funk1-114-Ab_comp.jams,371791,2,3,2,2,False,correction,mixed_by_complete_group,93,89,4,0,0.31393301486968994,0.2505781650543213,0.4354887902736664,0.5078964829444885,0.8023377060890198,0.5214489102363586
18432,2,01_Funk1-114-Ab_comp.jams,401464,3,3,2,2,True,regression,mixed_by_complete_group,111,91,20,0,0.24201741814613342,0.2075362205505371,0.5504463911056519,0.6328828930854797,0.9311239123344421,0.26746559143066406
18435,2,01_Funk1-114-Ab_comp.jams,417991,2,2,2,3,False,regression,mixed_by_complete_group,8,1,7,0,0.28421127796173096,0.31719735264778137,0.39859136939048767,0.248046875,1.3571696281433105,0.03854307532310486
18439,2,01_Funk1-114-Ab_comp.jams,429487,1,3,2,2,False,neutral,mixed_by_complete_group,65,36,29,0,0.30792078375816345,0.31280073523521423,0.37927839159965515,0.11514423042535782,1.0054322481155396,0.028353676199913025
18459,2,01_Funk1-114-Ab_comp.jams,493864,2,3,2,2,False,correction,local_rates_favor_correction_for_all_groups,19,19,0,0,0.4446483850479126,0.22921399772167206,0.32613763213157654,0.4597039520740509,0.7437766790390015,0.003042250871658325
18468,2,01_Funk1-114-Ab_comp.jams,528017,2,2,3,3,True,regression,local_rates_favor_regression_for_all_groups,50,0,50,0,0.2886250913143158,0.3662290871143341,0.3451457917690277,0.3253124952316284,1.2153176069259644,0.2927033305168152
18475,2,01_Funk1-114-Ab_comp.jams,569535,2,2,4,4,True,regression,local_rates_favor_regression_for_all_groups,3,0,3,0,0.1980811357498169,0.26040133833885193,0.5415174961090088,0.1927083283662796,1.6879243850708008,0.4051215648651123
18482,2,01_Funk1-114-Ab_comp.jams,603762,3,3,4,4,True,regression,mixed_by_complete_group,39,3,36,0,0.33576700091362,0.4399808347225189,0.22425219416618347,0.31169870495796204,0.6411246657371521,0.24915078282356262
18485,2,01_Funk1-114-Ab_comp.jams,610144,3,3,2,2,True,regression,local_rates_favor_correction_for_all_groups,73,73,0,0,0.4062395691871643,0.19270791113376617,0.4010525047779083,0.640625,0.6305655837059021,0.18758606910705566
18493,2,01_Funk1-114-Ab_comp.jams,638207,3,3,4,4,True,regression,local_rates_favor_regression_for_all_groups,1,0,1,0,0.30821046233177185,0.3234621286392212,0.36832740902900696,0.25,1.162829875946045,0.4618583023548126
18497,2,01_Funk1-114-Ab_comp.jams,655190,2,2,3,3,True,regression,local_rates_favor_correction_for_all_groups,8,8,0,0,0.4398919343948364,0.33096545934677124,0.22914263606071472,0.44921875,0.74039226770401,0.0299588143825531
18501,2,01_Funk1-114-Ab_comp.jams,667276,3,3,2,2,True,regression,local_rates_favor_correction_for_all_groups,29,29,0,0,0.41003748774528503,0.31464678049087524,0.27531570196151733,0.5619612336158752,0.6125601530075073,0.2112819254398346
18572,2,01_Funk1-114-Ab_comp.jams,958370,3,2,3,3,False,correction,mixed_by_complete_group,31,13,18,0,0.37040719389915466,0.37243497371673584,0.25715774297714233,0.46068549156188965,1.0208297967910767,0.26677924394607544
18585,2,01_Funk1-114-Ab_comp.jams,1016171,2,3,2,2,False,correction,local_rates_favor_correction_for_all_groups,62,62,0,0,0.39447295665740967,0.2187948077917099,0.386732280254364,0.6184476017951965,0.813284158706665,0.14193958044052124
18588,2,01_Funk1-114-Ab_comp.jams,1033095,2,3,2,2,False,correction,local_rates_favor_correction_for_all_groups,75,75,0,0,0.23419661819934845,0.18145495653152466,0.5843483805656433,0.43708333373069763,0.9761375188827515,0.3754429221153259
18590,2,01_Funk1-114-Ab_comp.jams,1044881,2,2,3,3,True,regression,mixed_by_complete_group,70,12,58,0,0.3330663740634918,0.39751577377319336,0.2694178819656372,0.5638392567634583,0.8051651120185852,0.43606263399124146
18591,2,01_Funk1-114-Ab_comp.jams,1051417,2,3,2,2,False,correction,local_rates_favor_correction_for_all_groups,62,62,0,0,0.4228741228580475,0.21362516283988953,0.3635007441043854,0.5262096524238586,0.6972435116767883,0.5537353157997131
18595,2,01_Funk1-114-Ab_comp.jams,1068007,2,2,3,3,True,regression,local_rates_favor_regression_for_all_groups,69,0,69,0,0.2775849401950836,0.37087497115135193,0.35154008865356445,0.32676631212234497,1.018630862236023,0.3776915669441223
18603,2,01_Funk1-114-Ab_comp.jams,1101752,2,4,4,3,False,neutral,mixed_by_complete_group,105,41,62,2,0.4165545403957367,0.2942526042461395,0.2891928553581238,0.5025297403335571,0.883608877658844,0.16360527276992798
18604,2,01_Funk1-114-Ab_comp.jams,1108321,2,3,3,2,False,correction,mixed_by_complete_group,62,13,49,0,0.2911005914211273,0.32213351130485535,0.38676589727401733,0.42943549156188965,0.6019778251647949,0.0030268728733062744
18777,2,01_Funk1-114-Ab_solo.jams,830738,1,3,2,2,False,neutral,mixed_by_complete_group,119,35,84,0,0.2696797251701355,0.30024850368499756,0.4300718307495117,0.6553308963775635,1.0906563997268677,0.1736818253993988
18797,2,01_Funk1-114-Ab_solo.jams,904475,1,3,2,2,False,neutral,local_rates_favor_correction_for_all_groups,33,33,0,0,0.43268531560897827,0.2737542390823364,0.2935604751110077,0.1297348439693451,0.5997077822685242,0.41136467456817627
18834,2,01_Funk1-114-Ab_solo.jams,1044365,1,3,2,2,False,neutral,mixed_by_complete_group,88,27,61,0,0.26812800765037537,0.2882356643676758,0.44363632798194885,0.46022728085517883,0.8659657835960388,0.06132430583238602
21878,2,01_Jazz1-200-B_comp.jams,510821,1,4,2,2,False,neutral,mixed_by_complete_group,104,49,55,0,0.33058688044548035,0.3444460332393646,0.32496708631515503,0.48407453298568726,0.7411425709724426,0.23872023820877075
22071,2,01_Jazz2-110-Bb_comp.jams,37337,3,2,3,3,False,correction,mixed_by_complete_group,11,5,6,0,0.4064633548259735,0.43025046586990356,0.16328611969947815,0.4957386255264282,0.6500639915466309,0.12057676911354065
22252,2,01_Jazz2-110-Bb_comp.jams,665940,3,4,2,2,False,neutral,mixed_by_complete_group,97,92,5,0,0.343858003616333,0.20556041598320007,0.4505816102027893,0.09664948284626007,0.6355552077293396,0.5233564376831055
22268,2,01_Jazz2-110-Bb_comp.jams,745683,3,3,2,2,True,regression,mixed_by_complete_group,84,6,78,0,0.22410887479782104,0.3039858043193817,0.47190529108047485,0.3857886791229248,0.8755011558532715,0.25964924693107605
22329,2,01_Jazz2-110-Bb_comp.jams,986129,1,4,2,2,False,neutral,mixed_by_complete_group,114,113,1,0,0.345721960067749,0.17758482694625854,0.4766932427883148,0.19750548899173737,2.4718070030212402,0.06057662516832352
22422,2,01_Jazz2-110-Bb_comp.jams,1322440,3,4,3,3,False,correction,mixed_by_complete_group,65,39,26,0,0.35376909375190735,0.3414091169834137,0.30482175946235657,0.7615384459495544,0.6232456564903259,0.1157187819480896
22431,2,01_Jazz2-110-Bb_comp.jams,1371761,1,3,2,2,False,neutral,mixed_by_complete_group,77,14,63,0,0.2755003571510315,0.35369792580604553,0.3708016276359558,0.31757304072380066,0.7708680033683777,0.04878610372543335
23932,2,01_Rock1-130-A_comp.jams,215728,3,3,2,2,True,regression,mixed_by_complete_group,58,56,2,0,0.3473513722419739,0.31949374079704285,0.33315491676330566,0.6802262663841248,0.5037331581115723,0.02669680118560791
23940,2,01_Rock1-130-A_comp.jams,237698,0,3,2,2,False,neutral,mixed_by_complete_group,105,97,8,0,0.3622063398361206,0.22127529978752136,0.41651836037635803,0.42619046568870544,0.574954092502594,0.26128238439559937
23962,2,01_Rock1-130-A_comp.jams,295073,3,4,3,3,False,correction,mixed_by_complete_group,71,5,66,0,0.3287229537963867,0.40246954560279846,0.26880744099617004,0.6879401206970215,0.4805988371372223,0.21005302667617798
23975,2,01_Rock1-130-A_comp.jams,326596,1,4,3,3,False,neutral,local_rates_favor_regression_for_all_groups,63,0,63,0,0.27587127685546875,0.4198067784309387,0.30432194471359253,0.7033730149269104,0.4538094997406006,0.26863813400268555
24028,2,01_Rock1-130-A_comp.jams,447943,0,2,3,3,False,neutral,mixed_by_complete_group,49,8,41,0,0.32444697618484497,0.3918417990207672,0.28371119499206543,0.2672193944454193,0.4393520653247833,0.12317028641700745
24036,2,01_Rock1-130-A_comp.jams,466814,2,4,3,2,False,correction,mixed_by_complete_group,55,52,3,0,0.2507881224155426,0.16100715100765228,0.5882046818733215,0.06562499701976776,0.6559296250343323,0.00424174964427948
24065,2,01_Rock1-130-A_comp.jams,538623,2,3,2,2,False,correction,mixed_by_complete_group,18,10,8,0,0.31977152824401855,0.30051109194755554,0.3797173798084259,0.3697916567325592,0.5208305716514587,0.12924566864967346
24066,2,01_Rock1-130-A_comp.jams,540389,1,2,3,3,False,neutral,local_rates_favor_regression_for_all_groups,2,0,2,0,0.32077401876449585,0.3928278684616089,0.28639811277389526,0.390625,0.4471343755722046,0.20522624254226685
24090,2,01_Rock1-130-A_comp.jams,621386,3,3,4,4,True,regression,local_rates_favor_regression_for_all_groups,2,0,2,0,0.3306337893009186,0.3799249827861786,0.28944122791290283,0.09375,0.461457222700119,0.5111960172653198
24101,2,01_Rock1-130-A_comp.jams,651197,6,3,4,4,False,neutral,mixed_by_complete_group,56,54,2,0,0.39859655499458313,0.2531728148460388,0.34823063015937805,0.2915736734867096,0.4451432228088379,0.09351226687431335
24225,2,01_Rock1-130-A_comp.jams,935166,2,3,2,2,False,correction,local_rates_favor_correction_for_all_groups,15,15,0,0,0.36231547594070435,0.2614220976829529,0.37626248598098755,0.38749998807907104,0.5529102087020874,0.2258329540491104
24226,2,01_Rock1-130-A_comp.jams,937112,2,2,3,3,True,regression,local_rates_favor_regression_for_all_groups,59,0,59,0,0.3322432041168213,0.45534828305244446,0.21240849792957306,0.2981991469860077,0.4363909959793091,0.0048111677169799805
24235,2,01_Rock1-130-A_comp.jams,955133,3,4,3,3,False,correction,local_rates_favor_regression_for_all_groups,1,0,1,0,0.24466975033283234,0.34203070402145386,0.4132995307445526,0.40625,0.5490217208862305,0.17874875664710999
26279,2,01_Rock2-85-F_comp.jams,294292,3,4,2,2,False,neutral,local_rates_favor_correction_for_all_groups,80,80,0,0,0.3733205199241638,0.14282353222370148,0.4838559627532959,0.08769531548023224,0.6207374930381775,0.4159913659095764
26280,2,01_Rock2-85-F_comp.jams,296276,3,3,2,2,True,regression,local_rates_favor_correction_for_all_groups,63,63,0,0,0.4045347571372986,0.24808219075202942,0.347383052110672,0.5607638955116272,0.46602708101272583,0.21897190809249878
26471,2,01_Rock2-85-F_comp.jams,715616,3,4,3,3,False,correction,local_rates_favor_regression_for_all_groups,63,0,63,0,0.2858508825302124,0.3395475149154663,0.3746016025543213,0.7817460298538208,0.526224672794342,0.19102904200553894
26501,2,01_Rock2-85-F_comp.jams,793931,4,2,3,3,False,neutral,mixed_by_complete_group,60,55,5,0,0.3180917501449585,0.2632148861885071,0.4186934530735016,0.3421874940395355,0.5622096657752991,0.22654372453689575
26540,2,01_Rock2-85-F_comp.jams,872870,3,2,4,4,False,neutral,local_rates_favor_regression_for_all_groups,7,0,7,0,0.14651955664157867,0.2794628143310547,0.5740176439285278,0.078125,0.5040382742881775,0.28979402780532837
26562,2,01_Rock2-85-F_comp.jams,917481,1,3,2,2,False,neutral,local_rates_favor_correction_for_all_groups,63,63,0,0,0.37541449069976807,0.23810331523418427,0.3864821791648865,0.4774305522441864,0.7555019855499268,0.08171220123767853
26612,2,01_Rock2-85-F_comp.jams,1042041,2,4,2,2,False,correction,local_rates_favor_correction_for_all_groups,85,85,0,0,0.3789139688014984,0.15968315303325653,0.46140289306640625,0.05404411628842354,0.6570964455604553,0.3637999892234802
26613,2,01_Rock2-85-F_comp.jams,1043864,3,4,3,3,False,correction,mixed_by_complete_group,7,1,6,0,0.35633569955825806,0.3921917974948883,0.25147250294685364,0.578125,0.5502864718437195,0.34946393966674805
26633,2,01_Rock2-85-F_comp.jams,1088204,3,3,3,2,False,regression,mixed_by_complete_group,17,15,2,0,0.3835677206516266,0.2879849076271057,0.3284473419189453,0.31066176295280457,0.41415128111839294,0.006175398826599121
26903,2,01_Rock2-85-F_comp.jams,1788302,3,3,2,2,True,regression,mixed_by_complete_group,60,54,6,0,0.35447776317596436,0.2924140989780426,0.35310810804367065,0.3778645694255829,0.5576555132865906,0.44413071870803833
26921,2,01_Rock2-85-F_comp.jams,1835878,4,3,4,4,False,correction,mixed_by_complete_group,15,14,1,0,0.38176172971725464,0.26744359731674194,0.35079461336135864,0.16249999403953552,0.5378347635269165,0.37924519181251526
26934,2,01_Rock2-85-F_comp.jams,1868073,4,3,4,4,False,correction,mixed_by_complete_group,30,26,4,0,0.3555690050125122,0.29567572474479675,0.3487553000450134,0.18385416269302368,0.49235257506370544,0.2976817488670349
26950,2,01_Rock2-85-F_comp.jams,1900234,2,2,3,3,True,regression,local_rates_favor_regression_for_all_groups,4,0,4,0,0.25348395109176636,0.4262828528881073,0.32023319602012634,0.375,0.551575779914856,0.04475685954093933
26957,2,01_Rock2-85-F_comp.jams,1913822,3,3,2,2,True,regression,mixed_by_complete_group,9,3,6,0,0.28150928020477295,0.30828678607940674,0.4102039337158203,0.5086805820465088,0.4500083327293396,0.11634509265422821
33961,2,02_Funk1-114-Ab_comp.jams,181247,2,2,3,3,True,regression,local_rates_favor_regression_for_all_groups,3,0,3,0,0.32629191875457764,0.42908039689064026,0.2446276992559433,0.3489583432674408,0.8585874438285828,0.25656768679618835
34021,2,02_Funk1-114-Ab_comp.jams,372086,3,3,2,2,True,regression,local_rates_favor_regression_for_all_groups,23,0,23,0,0.30081942677497864,0.47801512479782104,0.2211654633283615,0.46875,0.46172916889190674,0.065155029296875
34095,2,02_Funk1-114-Ab_comp.jams,598361,2,2,3,3,True,regression,mixed_by_complete_group,57,6,51,0,0.2926420271396637,0.3316842317581177,0.37567368149757385,0.421600878238678,0.7875120043754578,0.023838311433792114
34161,2,02_Funk1-114-Ab_comp.jams,836055,2,3,2,2,False,correction,mixed_by_complete_group,63,2,61,0,0.3106940686702728,0.3592907786369324,0.3300151824951172,0.6996527910232544,0.5793490409851074,0.047404706478118896
34203,2,02_Funk1-114-Ab_comp.jams,981918,2,4,3,3,False,neutral,mixed_by_complete_group,64,20,44,0,0.35405126214027405,0.3807533085346222,0.26519542932510376,0.585693359375,0.6669387221336365,0.15549436211585999
34225,2,02_Funk1-114-Ab_comp.jams,1044031,1,2,3,3,False,neutral,mixed_by_complete_group,13,7,6,0,0.278173565864563,0.3348694443702698,0.38695698976516724,0.2884615361690521,0.6232805848121643,0.03405219316482544
37212,2,02_Jazz1-200-B_comp.jams,101428,3,3,2,2,True,regression,local_rates_favor_correction_for_all_groups,79,79,0,0,0.39099353551864624,0.25380516052246094,0.3552013039588928,0.48200157284736633,0.6676037311553955,0.2565666437149048
37262,2,02_Jazz1-200-B_comp.jams,225039,3,2,3,3,False,correction,local_rates_favor_regression_for_all_groups,53,0,53,0,0.2732181251049042,0.4054688811302185,0.3213129937648773,0.30866745114326477,0.6234959959983826,0.10031324625015259
37329,2,02_Jazz1-200-B_comp.jams,410446,2,2,3,3,True,regression,mixed_by_complete_group,33,11,22,0,0.3692287504673004,0.3961802124977112,0.2345910519361496,0.11884469538927078,0.6783408522605896,0.14384663105010986
37332,2,02_Jazz1-200-B_comp.jams,418739,1,3,2,2,False,neutral,mixed_by_complete_group,113,110,3,0,0.328245609998703,0.1792355626821518,0.4925188422203064,0.3738937973976135,1.147273063659668,0.04173646867275238
37382,2,02_Jazz1-200-B_comp.jams,530167,3,3,3,2,False,regression,mixed_by_complete_group,90,2,88,0,0.20045311748981476,0.41303715109825134,0.3865097463130951,0.5642361044883728,0.7536550164222717,0.02923572063446045
37405,2,02_Jazz1-200-B_comp.jams,577618,1,3,2,2,False,neutral,mixed_by_complete_group,118,62,56,0,0.3506056070327759,0.3079582750797272,0.34143614768981934,0.6326800584793091,0.6479385495185852,0.24946746230125427
37426,2,02_Jazz1-200-B_comp.jams,629667,2,2,3,3,True,regression,local_rates_favor_regression_for_all_groups,63,0,63,0,0.22499722242355347,0.4765743613243103,0.298428475856781,0.367807537317276,0.7241913676261902,0.3567042052745819
37589,2,02_Jazz2-110-Bb_comp.jams,231559,1,3,2,2,False,neutral,local_rates_favor_correction_for_all_groups,87,87,0,0,0.3630828261375427,0.2584261894226074,0.37849098443984985,0.3719468414783478,0.5987004637718201,0.171055406332016
37600,2,02_Jazz2-110-Bb_comp.jams,263725,4,4,4,2,False,regression,local_rates_favor_correction_for_all_groups,4,4,0,0,0.2904018759727478,0.1755547672510147,0.5340433120727539,0.08203125,0.6226745247840881,0.011898428201675415
37605,2,02_Jazz2-110-Bb_comp.jams,279955,0,2,2,3,False,neutral,local_rates_favor_regression_for_all_groups,26,0,26,0,0.29230770468711853,0.38847285509109497,0.3192194104194641,0.3329326808452606,0.7994914650917053,0.05043596029281616
37639,2,02_Jazz2-110-Bb_comp.jams,384976,4,4,4,3,False,regression,mixed_by_complete_group,77,14,63,0,0.2940281629562378,0.34277212619781494,0.36319977045059204,0.6775568127632141,0.5656458139419556,0.04537215828895569
37774,2,02_Jazz2-110-Bb_comp.jams,744610,0,3,3,2,False,neutral,mixed_by_complete_group,98,95,3,0,0.28515905141830444,0.17647628486156464,0.5383646488189697,0.45296555757522583,0.8005958199501038,0.020378373563289642
37793,2,02_Jazz2-110-Bb_comp.jams,820715,4,4,3,3,True,regression,mixed_by_complete_group,33,26,7,0,0.42799168825149536,0.36212673783302307,0.20988154411315918,0.4730113744735718,0.5062047243118286,0.5156463384628296
37839,2,02_Jazz2-110-Bb_comp.jams,962308,3,4,2,2,False,neutral,mixed_by_complete_group,66,65,1,0,0.323091983795166,0.15710195899009705,0.5198060870170593,0.10298295319080353,0.6704839468002319,0.3724339008331299
37943,2,02_Jazz2-110-Bb_comp.jams,1226665,0,3,2,2,False,neutral,local_rates_favor_correction_for_all_groups,62,62,0,0,0.3342159688472748,0.17629288136959076,0.48949113488197327,0.6524697542190552,0.802112877368927,0.4488518238067627
37965,2,02_Jazz2-110-Bb_comp.jams,1290267,2,4,3,3,False,neutral,local_rates_favor_regression_for_all_groups,6,0,6,0,0.20612525939941406,0.2802201509475708,0.5136546492576599,0.5026041865348816,0.6128135323524475,0.3307405710220337
37981,2,02_Jazz2-110-Bb_comp.jams,1325160,4,4,3,3,True,regression,local_rates_favor_regression_for_all_groups,47,0,47,0,0.28818705677986145,0.46454688906669617,0.24726602435112,0.4883643686771393,0.5070931911468506,0.36671918630599976
38004,2,02_Jazz2-110-Bb_comp.jams,1408721,2,3,3,2,False,correction,mixed_by_complete_group,11,3,8,0,0.31784409284591675,0.3448396921157837,0.33731624484062195,0.1974431872367859,0.5033325552940369,0.0045545101165771484
38013,2,02_Jazz2-110-Bb_comp.jams,1430930,1,3,2,2,False,neutral,mixed_by_complete_group,56,33,23,0,0.2960790991783142,0.2901584208011627,0.41376250982284546,0.421875,0.5992129445075989,0.5906469821929932
38014,2,02_Jazz2-110-Bb_comp.jams,1432719,3,3,2,2,True,regression,mixed_by_complete_group,7,2,5,0,0.32034850120544434,0.35991352796554565,0.31973797082901,0.390625,0.45000192523002625,0.19770535826683044
38027,2,02_Jazz2-110-Bb_comp.jams,1465510,3,3,2,2,True,regression,local_rates_favor_correction_for_all_groups,64,64,0,0,0.4436241388320923,0.19829459488391876,0.35808128118515015,0.774169921875,0.46442896127700806,0.3532170355319977
38034,2,02_Jazz2-110-Bb_comp.jams,1480944,2,3,3,2,False,correction,mixed_by_complete_group,43,1,42,0,0.24505335092544556,0.3073042631149292,0.44764238595962524,0.15734010934829712,0.4742906391620636,0.08923962712287903
38051,2,02_Jazz2-110-Bb_comp.jams,1515307,5,4,4,3,False,neutral,local_rates_favor_regression_for_all_groups,54,0,54,0,0.25022241473197937,0.434220552444458,0.3155570328235626,0.6672453880310059,0.4952525794506073,0.06777852773666382
39865,2,02_Rock1-130-A_comp.jams,143424,1,4,3,3,False,neutral,local_rates_favor_regression_for_all_groups,46,0,46,0,0.24091748893260956,0.45469772815704346,0.3043847382068634,0.6317934989929199,0.688800036907196,0.2621331512928009
39915,2,02_Rock1-130-A_comp.jams,305561,2,2,4,4,True,regression,local_rates_favor_regression_for_all_groups,26,0,26,0,0.1489088237285614,0.24291031062602997,0.608180820941925,0.09975961595773697,0.4724685251712799,0.01472887396812439
39920,2,02_Rock1-130-A_comp.jams,316513,2,4,3,3,False,neutral,mixed_by_complete_group,82,77,5,0,0.3140980005264282,0.23378793895244598,0.4521140158176422,0.5396341681480408,0.8509078621864319,0.13943767547607422
39946,2,02_Rock1-130-A_comp.jams,379728,3,3,2,2,True,regression,mixed_by_complete_group,103,99,4,0,0.32228419184684753,0.19131311774253845,0.4864027202129364,0.6846176981925964,0.6303697824478149,0.4066924750804901
40001,2,02_Rock1-130-A_comp.jams,540800,3,3,4,4,True,regression,local_rates_favor_correction_for_all_groups,2,2,0,0,0.4520793855190277,0.2938801646232605,0.2540404796600342,0.171875,0.4412899613380432,0.1247262954711914
40059,2,02_Rock1-130-A_comp.jams,722915,3,4,3,3,False,correction,local_rates_favor_regression_for_all_groups,63,0,63,0,0.2194308489561081,0.359953373670578,0.4206157922744751,0.7008928656578064,0.6406226754188538,0.24015378952026367
40068,2,02_Rock1-130-A_comp.jams,743902,4,4,3,3,True,regression,local_rates_favor_regression_for_all_groups,2,0,2,0,0.22053396701812744,0.37650227546691895,0.4029637575149536,0.46875,0.604917585849762,0.04973684251308441
40072,2,02_Rock1-130-A_comp.jams,754686,5,3,2,2,False,neutral,mixed_by_complete_group,69,25,44,0,0.31428971886634827,0.298798531293869,0.3869118094444275,0.6009963750839233,0.4684327244758606,0.03460511565208435
40102,2,02_Rock1-130-A_comp.jams,844695,2,3,2,2,False,correction,local_rates_favor_correction_for_all_groups,79,79,0,0,0.4171171188354492,0.15689104795455933,0.4259919226169586,0.6649525165557861,0.4750331938266754,0.1955762356519699
40136,2,02_Rock1-130-A_comp.jams,928336,4,4,3,3,True,regression,mixed_by_complete_group,62,1,61,0,0.3325592577457428,0.43722769618034363,0.23021304607391357,0.7280746102333069,0.42705073952674866,0.038320958614349365
40151,2,02_Rock1-130-A_comp.jams,966809,3,3,2,2,True,regression,mixed_by_complete_group,63,53,10,0,0.3329960107803345,0.30234894156455994,0.36465513706207275,0.5825892686843872,0.4674496650695801,0.32287514209747314
41556,2,02_Rock2-85-F_comp.jams,487938,1,3,2,2,False,neutral,local_rates_favor_correction_for_all_groups,110,110,0,0,0.42287567257881165,0.23246115446090698,0.34466320276260376,0.4873579442501068,0.6669498682022095,0.5749740600585938
41557,2,02_Rock2-85-F_comp.jams,490012,2,3,2,2,False,correction,mixed_by_complete_group,81,76,5,0,0.35832732915878296,0.3055342137813568,0.33613845705986023,0.6977237462997437,0.47335952520370483,0.12755350768566132
41584,2,02_Rock2-85-F_comp.jams,560824,3,2,3,3,False,correction,mixed_by_complete_group,57,45,12,0,0.36276164650917053,0.3123081624507904,0.3249301612377167,0.5501644611358643,0.529972493648529,0.07969480752944946
41772,2,02_Rock2-85-F_comp.jams,1183840,3,2,3,3,False,correction,local_rates_favor_regression_for_all_groups,16,0,16,0,0.2827002704143524,0.4471134543418884,0.27018627524375916,0.1806640625,0.414936363697052,0.04989674687385559
41895,2,02_Rock2-85-F_comp.jams,1556657,4,2,4,4,False,correction,mixed_by_complete_group,101,63,36,2,0.23370692133903503,0.23951072990894318,0.5267822742462158,0.15300123393535614,0.624763548374176,0.18629410862922668
41951,2,02_Rock2-85-F_comp.jams,1712919,3,4,3,3,False,correction,mixed_by_complete_group,73,12,61,0,0.34534358978271484,0.36720985174179077,0.2874465882778168,0.728381872177124,0.46893906593322754,0.15117499232292175
41978,2,02_Rock2-85-F_comp.jams,1774190,1,4,2,2,False,neutral,mixed_by_complete_group,105,104,1,0,0.3616964519023895,0.1794607937335968,0.45884275436401367,0.07678571343421936,0.674967348575592,0.3009374141693115
42005,2,02_Rock2-85-F_comp.jams,1851574,2,4,2,2,False,correction,mixed_by_complete_group,55,52,3,0,0.2771586775779724,0.14508056640625,0.5777607560157776,0.11931817978620529,0.537091076374054,0.16741961240768433
42014,2,02_Rock2-85-F_comp.jams,1898698,3,4,3,3,False,correction,mixed_by_complete_group,78,15,63,0,0.342252641916275,0.4060264825820923,0.2517209053039551,0.6810897588729858,0.43973198533058167,0.25550833344459534
42041,2,02_Rock2-85-F_comp.jams,1961050,1,4,2,2,False,neutral,local_rates_favor_correction_for_all_groups,98,98,0,0,0.27577656507492065,0.16698060929775238,0.5572428703308105,0.09183673560619354,0.6921037435531616,0.07291695475578308
48802,2,03_Funk1-114-Ab_comp.jams,209742,3,4,4,2,False,neutral,local_rates_favor_correction_for_all_groups,2,2,0,0,0.3289843797683716,0.18719768524169922,0.4838179349899292,0.0859375,0.8838661909103394,0.012781888246536255
48816,2,03_Funk1-114-Ab_comp.jams,267051,1,3,2,2,False,neutral,mixed_by_complete_group,40,38,2,0,0.3107762932777405,0.2537413239479065,0.4354824125766754,0.49140626192092896,0.9409158825874329,0.7862981557846069
48826,2,03_Funk1-114-Ab_comp.jams,298439,1,4,4,2,False,neutral,local_rates_favor_correction_for_all_groups,120,120,0,0,0.2861775755882263,0.16321176290512085,0.5506107211112976,0.3619791567325592,1.3011972904205322,0.053281158208847046
48853,2,03_Funk1-114-Ab_comp.jams,394882,3,2,3,3,False,correction,mixed_by_complete_group,63,1,62,0,0.26783064007759094,0.47840407490730286,0.25376537442207336,0.259672611951828,0.4332868158817291,0.18902653455734253
48885,2,03_Funk1-114-Ab_comp.jams,480995,2,3,2,2,False,correction,local_rates_favor_correction_for_all_groups,1,1,0,0,0.41235023736953735,0.26497694849967957,0.3226728141307831,0.78125,0.6334498524665833,0.17329683899879456
48940,2,03_Funk1-114-Ab_comp.jams,706849,3,3,3,4,False,regression,local_rates_favor_regression_for_all_groups,1,0,1,0,0.30167844891548157,0.36911073327064514,0.3292108476161957,0.1875,0.6598553657531738,0.07269266247749329
48971,2,03_Funk1-114-Ab_comp.jams,834594,1,2,3,3,False,neutral,local_rates_favor_regression_for_all_groups,1,0,1,0,0.18246614933013916,0.31743666529655457,0.5000972151756287,0.765625,0.552280843257904,0.06084054708480835
48984,2,03_Funk1-114-Ab_comp.jams,870674,3,4,3,3,False,correction,mixed_by_complete_group,71,8,63,0,0.2591082453727722,0.3360547721385956,0.4048369526863098,0.6648327708244324,0.7643992304801941,0.21594813466072083
49010,2,03_Funk1-114-Ab_comp.jams,985325,1,2,2,3,False,neutral,mixed_by_complete_group,23,17,6,0,0.365189790725708,0.33272847533226013,0.30208176374435425,0.38247281312942505,1.101967215538025,0.04820704460144043
49015,2,03_Funk1-114-Ab_comp.jams,1030137,2,4,3,3,False,neutral,mixed_by_complete_group,9,2,7,0,0.4221087694168091,0.3163357973098755,0.26155537366867065,0.5590277910232544,1.095707893371582,0.3670196831226349
49019,2,03_Funk1-114-Ab_comp.jams,1046791,4,3,2,2,False,neutral,mixed_by_complete_group,55,15,40,0,0.3311629593372345,0.3503366708755493,0.3185003697872162,0.35681816935539246,0.7948670387268066,0.14995092153549194
51763,2,03_Jazz1-200-B_comp.jams,13844,3,4,2,2,False,neutral,mixed_by_complete_group,71,69,2,0,0.33639511466026306,0.22387544810771942,0.4397294521331787,0.5145246386528015,0.6129611134529114,0.36763569712638855
51793,2,03_Jazz1-200-B_comp.jams,225052,4,4,3,3,True,regression,mixed_by_complete_group,79,21,58,0,0.3804056942462921,0.40303629636764526,0.216558039188385,0.38587817549705505,0.5235735774040222,0.4201100468635559
51806,2,03_Jazz1-200-B_comp.jams,287362,4,3,3,2,False,neutral,mixed_by_complete_group,58,3,55,0,0.3338041305541992,0.38447144627571106,0.2817244231700897,0.3038793206214905,0.9493924379348755,0.007873058319091797
51874,2,03_Jazz1-200-B_comp.jams,609201,4,4,2,3,True,regression,mixed_by_complete_group,36,9,27,0,0.34181663393974304,0.4035845398902893,0.25459882616996765,0.2747395932674408,0.5966388583183289,0.15343014895915985
51978,2,03_Jazz2-110-Bb_comp.jams,64126,3,3,3,2,False,regression,local_rates_favor_regression_for_all_groups,52,0,52,0,0.22953079640865326,0.415537029504776,0.35493212938308716,0.5769230723381042,0.693500816822052,0.05555155873298645
51982,2,03_Jazz2-110-Bb_comp.jams,90572,0,4,2,2,False,neutral,mixed_by_complete_group,120,112,8,0,0.32236576080322266,0.1787806898355484,0.49885356426239014,0.14440104365348816,2.2222800254821777,0.725916862487793
51983,2,03_Jazz2-110-Bb_comp.jams,96552,3,4,2,2,False,neutral,mixed_by_complete_group,100,59,41,0,0.2921174168586731,0.2686675786972046,0.43921494483947754,0.2734375,0.6223959922790527,0.27696728706359863
52075,2,03_Jazz2-110-Bb_comp.jams,432984,3,3,2,2,True,regression,mixed_by_complete_group,63,39,24,0,0.3672519624233246,0.350620299577713,0.2821277379989624,0.6783233880996704,0.5313214659690857,0.211843341588974
52128,2,03_Jazz2-110-Bb_comp.jams,618093,3,3,2,2,True,regression,mixed_by_complete_group,63,33,30,0,0.345126748085022,0.34264495968818665,0.31222835183143616,0.6103670597076416,0.5452218651771545,0.193155437707901
52140,2,03_Jazz2-110-Bb_comp.jams,647628,3,4,3,3,False,correction,mixed_by_complete_group,75,72,3,0,0.432577908039093,0.32489287853240967,0.2425292730331421,0.42104166746139526,0.4991365075111389,0.30265843868255615
52169,2,03_Jazz2-110-Bb_comp.jams,769862,4,4,3,3,True,regression,mixed_by_complete_group,63,13,50,0,0.30900025367736816,0.46381160616874695,0.22718815505504608,0.3191964328289032,0.5244441032409668,0.48457542061805725
52215,2,03_Jazz2-110-Bb_comp.jams,962707,4,4,3,3,True,regression,local_rates_favor_regression_for_all_groups,1,0,1,0,0.2794875204563141,0.5453901886940002,0.17512232065200806,0.5,0.45187848806381226,0.31116899847984314
52287,2,03_Jazz2-110-Bb_comp.jams,1203651,3,3,2,2,True,regression,mixed_by_complete_group,64,61,3,0,0.3795873522758484,0.3334418833255768,0.28697076439857483,0.8408203125,0.510901153087616,0.34287363290786743
52355,2,03_Jazz2-110-Bb_comp.jams,1443845,4,4,3,3,True,regression,local_rates_favor_regression_for_all_groups,1,0,1,0,0.2755475640296936,0.487735778093338,0.2367166429758072,0.453125,0.41941097378730774,0.39146503806114197
53777,2,03_Rock1-130-A_comp.jams,81983,3,3,3,2,False,regression,local_rates_favor_regression_for_all_groups,13,0,13,0,0.26561325788497925,0.36757808923721313,0.3668087124824524,0.359375,0.5022979974746704,0.03073197603225708
53803,2,03_Rock1-130-A_comp.jams,154708,1,3,2,2,False,neutral,mixed_by_complete_group,85,18,67,0,0.28555557131767273,0.3322169780731201,0.38222742080688477,0.6294117569923401,0.4851457476615906,8.884072303771973e-05
53833,2,03_Rock1-130-A_comp.jams,234386,1,3,2,2,False,neutral,mixed_by_complete_group,67,6,61,0,0.28292664885520935,0.3531251549720764,0.36394813656806946,0.4083488881587982,0.5200203657150269,0.16150972247123718
53849,2,03_Rock1-130-A_comp.jams,273669,1,4,2,2,False,neutral,local_rates_favor_correction_for_all_groups,74,74,0,0,0.3727618455886841,0.15684327483177185,0.47039490938186646,0.06630067527294159,0.734184205532074,0.31480929255485535
53850,2,03_Rock1-130-A_comp.jams,275636,2,2,3,3,True,regression,mixed_by_complete_group,60,1,59,0,0.29871705174446106,0.4575224816799164,0.24376051127910614,0.2880208194255829,0.4937995970249176,0.061102867126464844
53870,2,03_Rock1-130-A_comp.jams,325102,2,4,3,3,False,neutral,local_rates_favor_regression_for_all_groups,13,0,13,0,0.22238752245903015,0.32091695070266724,0.4566955864429474,0.5384615659713745,0.5687918066978455,0.1812986433506012
53882,2,03_Rock1-130-A_comp.jams,358103,2,4,2,2,False,correction,local_rates_favor_correction_for_all_groups,101,101,0,0,0.4316959083080292,0.1300472468137741,0.43825677037239075,0.3924814462661743,0.5590196251869202,0.7493249177932739
53908,2,03_Rock1-130-A_comp.jams,417648,3,4,4,3,False,correction,local_rates_favor_regression_for_all_groups,38,0,38,0,0.24731159210205078,0.36132994294166565,0.39135846495628357,0.5176809430122375,0.5725351572036743,0.013822615146636963
53922,2,03_Rock1-130-A_comp.jams,447335,2,4,3,3,False,neutral,mixed_by_complete_group,57,15,42,0,0.31421396136283875,0.3434470593929291,0.3423389494419098,0.5800438523292542,0.5086255073547363,0.12134504318237305
53948,2,03_Rock1-130-A_comp.jams,508576,2,4,3,3,False,neutral,local_rates_favor_regression_for_all_groups,2,0,2,0,0.2522079646587372,0.30584192276000977,0.44195011258125305,0.5703125,0.6683428883552551,0.2895960509777069
54000,2,03_Rock1-130-A_comp.jams,650321,3,3,2,2,True,regression,mixed_by_complete_group,13,12,1,0,0.3642854392528534,0.2893816828727722,0.3463328778743744,0.3822115361690521,0.5959129929542542,0.10844045877456665
54037,2,03_Rock1-130-A_comp.jams,741590,2,3,2,2,False,correction,mixed_by_complete_group,35,30,5,0,0.3209335207939148,0.2920209467411041,0.3870455324649811,0.2540178596973419,0.493532657623291,0.19000190496444702
54038,2,03_Rock1-130-A_comp.jams,743753,2,4,2,2,False,correction,local_rates_favor_correction_for_all_groups,111,111,0,0,0.3652973473072052,0.09758730232715607,0.5371153354644775,0.2754786014556885,0.6241059303283691,0.6930269598960876
54042,2,03_Rock1-130-A_comp.jams,753980,1,3,2,2,False,neutral,local_rates_favor_correction_for_all_groups,113,113,0,0,0.36724936962127686,0.16461114585399628,0.46813949942588806,0.6563882827758789,0.6025687456130981,0.40200161933898926
54059,2,03_Rock1-130-A_comp.jams,792949,3,4,2,2,False,neutral,mixed_by_complete_group,69,61,8,0,0.3260418772697449,0.15205323696136475,0.5219049453735352,0.23799818754196167,0.4912135899066925,0.3659289479255676
54086,2,03_Rock1-130-A_comp.jams,864601,2,2,3,3,True,regression,mixed_by_complete_group,46,42,4,0,0.3218953311443329,0.2649357318878174,0.41316893696784973,0.42323368787765503,0.5283925533294678,0.11395549774169922
54106,2,03_Rock1-130-A_comp.jams,915452,2,3,2,2,False,correction,mixed_by_complete_group,62,12,50,0,0.2763822078704834,0.3202243149280548,0.40339353680610657,0.2651209533214569,0.481095552444458,0.1633213460445404
54115,2,03_Rock1-130-A_comp.jams,936146,1,3,2,2,False,neutral,mixed_by_complete_group,105,49,56,0,0.27326762676239014,0.24677366018295288,0.479958713054657,0.619940459728241,0.6291371583938599,0.1597195863723755
55513,2,03_Rock2-85-F_comp.jams,106803,2,3,2,2,False,correction,mixed_by_complete_group,60,3,57,0,0.35924503207206726,0.41528376936912537,0.22547119855880737,0.48880207538604736,0.5032427310943604,0.16261839866638184
55515,2,03_Rock2-85-F_comp.jams,121919,2,4,4,3,False,neutral,mixed_by_complete_group,76,8,68,0,0.2791728675365448,0.397504597902298,0.3233225345611572,0.6270559430122375,0.5549542307853699,0.02116541564464569
55675,2,03_Rock2-85-F_comp.jams,647096,3,3,2,2,True,regression,local_rates_favor_correction_for_all_groups,23,23,0,0,0.3372529149055481,0.2102065235376358,0.4525405168533325,0.6902173757553101,0.5789614915847778,0.42297810316085815
55806,2,03_Rock2-85-F_comp.jams,963340,3,3,4,4,True,regression,local_rates_favor_correction_for_all_groups,1,1,0,0,0.47837552428245544,0.2848101258277893,0.23681434988975525,0.1875,0.4921749234199524,0.2223277986049652
55831,2,03_Rock2-85-F_comp.jams,1018519,2,3,2,2,False,correction,local_rates_favor_correction_for_all_groups,73,73,0,0,0.3841649293899536,0.278331458568573,0.3375035524368286,0.3899828791618347,0.5681338310241699,0.3887566328048706
55850,2,03_Rock2-85-F_comp.jams,1072666,1,3,2,2,False,neutral,mixed_by_complete_group,97,84,13,0,0.31490230560302734,0.26660555601119995,0.4184921085834503,0.4326675236225128,0.5586313009262085,0.45758482813835144
55855,2,03_Rock2-85-F_comp.jams,1088794,4,4,3,3,True,regression,mixed_by_complete_group,69,66,3,0,0.3803298771381378,0.331985741853714,0.2876843512058258,0.6650815010070801,0.5851778984069824,0.3811432123184204
55863,2,03_Rock2-85-F_comp.jams,1119278,3,3,2,2,True,regression,local_rates_favor_regression_for_all_groups,44,0,44,0,0.3510182797908783,0.45065468549728394,0.198326975107193,0.39133521914482117,0.5414127707481384,0.22772672772407532
55873,2,03_Rock2-85-F_comp.jams,1143186,3,4,3,3,False,correction,local_rates_favor_regression_for_all_groups,62,0,62,0,0.2711680233478546,0.361780047416687,0.36705195903778076,0.7076612710952759,0.6345422267913818,0.20972409844398499
55877,2,03_Rock2-85-F_comp.jams,1165271,2,3,2,2,False,correction,local_rates_favor_correction_for_all_groups,90,90,0,0,0.43026793003082275,0.2271086871623993,0.34262344241142273,0.2814235985279083,0.7159128189086914,0.20485079288482666
55948,2,03_Rock2-85-F_comp.jams,1369592,2,4,2,2,False,correction,mixed_by_complete_group,46,45,1,0,0.3402674198150635,0.16977065801620483,0.4899619221687317,0.05366847664117813,0.655026912689209,0.38269615173339844
55989,2,03_Rock2-85-F_comp.jams,1461538,3,4,2,2,False,neutral,local_rates_favor_correction_for_all_groups,9,9,0,0,0.3882220983505249,0.11403519660234451,0.4977427124977112,0.1041666641831398,0.776512086391449,0.3871936798095703
56008,2,03_Rock2-85-F_comp.jams,1518301,3,4,3,3,False,correction,local_rates_favor_regression_for_all_groups,14,0,14,0,0.23665998876094818,0.44143494963645935,0.3219049870967865,0.5167410969734192,0.6922725439071655,0.012085095047950745
56012,2,03_Rock2-85-F_comp.jams,1538322,2,2,3,3,True,regression,mixed_by_complete_group,8,6,2,0,0.39565685391426086,0.37855684757232666,0.22578629851341248,0.544921875,0.7716681361198425,0.2489241361618042
56035,2,03_Rock2-85-F_comp.jams,1620182,2,4,2,2,False,correction,local_rates_favor_correction_for_all_groups,105,105,0,0,0.4535309970378876,0.13849924504756927,0.40796977281570435,0.42872023582458496,0.5889167785644531,0.5400975942611694
56042,2,03_Rock2-85-F_comp.jams,1641632,3,3,2,2,True,regression,local_rates_favor_correction_for_all_groups,11,11,0,0,0.3522115647792816,0.2606237530708313,0.3871647119522095,0.5681818127632141,0.5286450386047363,0.00436517596244812
56084,2,03_Rock2-85-F_comp.jams,1790380,2,4,2,2,False,correction,local_rates_favor_correction_for_all_groups,11,11,0,0,0.412235826253891,0.13696974515914917,0.45079442858695984,0.06392045319080353,0.8319856524467468,0.37817203998565674
56085,2,03_Rock2-85-F_comp.jams,1792149,2,2,3,3,True,regression,mixed_by_complete_group,16,7,9,0,0.35254648327827454,0.3720800280570984,0.27537351846694946,0.412109375,0.6764494180679321,0.15024974942207336
56132,2,03_Rock2-85-F_comp.jams,1890795,1,3,2,2,False,neutral,local_rates_favor_correction_for_all_groups,101,101,0,0,0.4364294707775116,0.16006818413734436,0.40350237488746643,0.5618811845779419,0.572250485420227,0.6251317262649536
56136,2,03_Rock2-85-F_comp.jams,1898945,3,2,2,3,False,correction,mixed_by_complete_group,13,2,11,0,0.3260785937309265,0.40669599175453186,0.267225444316864,0.3040865361690521,0.5225911140441895,0.04290884733200073
56204,2,03_Rock2-85-F_solo.jams,356094,1,3,2,2,False,neutral,mixed_by_complete_group,87,21,66,0,0.33769577741622925,0.34748706221580505,0.3148171305656433,0.36925286054611206,0.6590346693992615,0.5458434820175171
62103,2,04_Funk1-114-Ab_comp.jams,18973,3,4,3,3,False,correction,local_rates_favor_regression_for_all_groups,19,0,19,0,0.30837714672088623,0.4420851767063141,0.2495376616716385,0.6570723652839661,1.2295420169830322,0.1495571732521057
62129,2,04_Funk1-114-Ab_comp.jams,111846,3,4,2,2,False,neutral,mixed_by_complete_group,81,79,2,0,0.32354843616485596,0.18307015299797058,0.4933813512325287,0.2465277761220932,0.9194686412811279,0.2385098934173584
62152,2,04_Funk1-114-Ab_comp.jams,204383,3,2,3,3,False,correction,mixed_by_complete_group,33,25,8,0,0.41340821981430054,0.3613484799861908,0.22524333000183105,0.420928031206131,0.618051290512085,0.25879135727882385
62175,2,04_Funk1-114-Ab_comp.jams,295471,1,2,3,3,False,neutral,local_rates_favor_regression_for_all_groups,1,0,1,0,0.21395881474018097,0.3253588378429413,0.46068233251571655,0.40625,0.7797470092773438,0.07793854176998138
62193,2,04_Funk1-114-Ab_comp.jams,355248,2,3,3,2,False,correction,mixed_by_complete_group,28,25,3,0,0.373431921005249,0.28039854764938354,0.3461695611476898,0.2265625,0.7065657377243042,0.0870317816734314
62266,2,04_Funk1-114-Ab_comp.jams,621934,3,4,3,3,False,correction,mixed_by_complete_group,68,10,58,0,0.3635993003845215,0.4095647633075714,0.2268359363079071,0.5889246463775635,0.6652206182479858,0.3567213714122772
62310,2,04_Funk1-114-Ab_comp.jams,789627,2,3,2,2,False,correction,local_rates_favor_regression_for_all_groups,8,0,8,0,0.2636881470680237,0.47134819626808167,0.26496365666389465,0.44921875,0.44806230068206787,0.03779160976409912
62322,2,04_Funk1-114-Ab_comp.jams,835569,2,2,3,3,True,regression,mixed_by_complete_group,90,34,55,1,0.3511345088481903,0.41090333461761475,0.23796217143535614,0.4105902910232544,0.8588709235191345,0.1151759922504425
62380,2,04_Funk1-114-Ab_comp.jams,1051163,3,4,3,3,False,correction,mixed_by_complete_group,59,58,1,0,0.330051451921463,0.22672763466835022,0.44322091341018677,0.5736228823661804,0.7353410124778748,0.5414713025093079
65495,2,04_Jazz1-200-B_comp.jams,79281,2,4,3,3,False,neutral,mixed_by_complete_group,54,2,52,0,0.22702158987522125,0.5233870148658752,0.24959136545658112,0.5321180820465088,0.6959603428840637,0.41170910000801086
65513,2,04_Jazz1-200-B_comp.jams,132026,1,3,2,2,False,neutral,mixed_by_complete_group,102,54,48,0,0.33889853954315186,0.33302703499794006,0.3280743956565857,0.7507659196853638,0.5530844330787659,0.25919583439826965
65524,2,04_Jazz1-200-B_comp.jams,165307,1,4,3,3,False,neutral,mixed_by_complete_group,11,1,10,0,0.27276021242141724,0.5229313373565674,0.20430845022201538,0.4588068127632141,0.6218389272689819,0.23129987716674805
65544,2,04_Jazz1-200-B_comp.jams,220713,0,4,2,2,False,neutral,mixed_by_complete_group,113,98,15,0,0.2903652787208557,0.21863797307014465,0.490996778011322,0.237140491604805,1.0658036470413208,0.24804000556468964
65576,2,04_Jazz1-200-B_comp.jams,331276,4,2,3,3,False,neutral,local_rates_favor_regression_for_all_groups,9,0,9,0,0.23991748690605164,0.48890745639801025,0.2711750268936157,0.15625,0.46307235956192017,0.012045353651046753
65581,2,04_Jazz1-200-B_comp.jams,344752,4,4,2,3,True,regression,local_rates_favor_regression_for_all_groups,1,0,1,0,0.1776299625635147,0.6033505797386169,0.21901945769786835,0.328125,0.5720529556274414,0.06605523824691772
65584,2,04_Jazz1-200-B_comp.jams,357637,4,4,2,2,True,regression,mixed_by_complete_group,76,56,20,0,0.3002382218837738,0.23524460196495056,0.464517205953598,0.30139803886413574,0.48371800780296326,0.5826415419578552
65600,2,04_Jazz1-200-B_comp.jams,397591,2,4,3,3,False,neutral,mixed_by_complete_group,62,2,60,0,0.30051788687705994,0.363882452249527,0.33559975028038025,0.5960181355476379,0.4697737991809845,0.10291537642478943
65627,2,04_Jazz1-200-B_comp.jams,463208,0,4,2,3,False,neutral,local_rates_favor_regression_for_all_groups,1,0,1,0,0.25286638736724854,0.5361684560775757,0.21096518635749817,0.421875,0.7887527346611023,0.02648995816707611
65641,2,04_Jazz1-200-B_comp.jams,503226,1,4,4,3,False,neutral,local_rates_favor_regression_for_all_groups,61,0,61,0,0.302200585603714,0.4687765836715698,0.2290227711200714,0.5023053288459778,0.7181625366210938,0.002760857343673706
65654,2,04_Jazz1-200-B_comp.jams,539094,0,2,2,3,False,neutral,local_rates_favor_regression_for_all_groups,1,0,1,0,0.23732604086399078,0.35652750730514526,0.40614646673202515,0.1875,0.7951845526695251,0.01728472113609314
65672,2,04_Jazz1-200-B_comp.jams,594354,3,2,4,4,False,neutral,local_rates_favor_regression_for_all_groups,89,0,89,0,0.1662217527627945,0.367777019739151,0.4660011827945709,0.15308988094329834,0.9675562977790833,0.3858826160430908
65908,2,04_Jazz2-110-Bb_comp.jams,385761,1,4,2,2,False,neutral,mixed_by_complete_group,117,108,9,0,0.35682371258735657,0.22410155832767487,0.4190746545791626,0.3895566165447235,1.0221624374389648,0.10744363069534302
66015,2,04_Jazz2-110-Bb_comp.jams,759713,4,4,4,3,False,regression,local_rates_favor_regression_for_all_groups,39,0,39,0,0.3463154435157776,0.4561496078968048,0.19753491878509521,0.32131409645080566,0.549331545829773,0.0225028395652771
66058,2,04_Jazz2-110-Bb_comp.jams,964229,3,3,3,2,False,regression,mixed_by_complete_group,64,2,62,0,0.24032734334468842,0.42495274543762207,0.3347198963165283,0.5703125,0.5690255165100098,0.018306702375411987
66074,2,04_Jazz2-110-Bb_comp.jams,1009846,4,4,2,2,True,regression,mixed_by_complete_group,120,108,12,0,0.3879839777946472,0.23106428980827332,0.3809517025947571,0.5436198115348816,0.715624213218689,0.8618832230567932
66111,2,04_Jazz2-110-Bb_comp.jams,1122145,4,4,3,3,True,regression,local_rates_favor_regression_for_all_groups,3,0,3,0,0.21979159116744995,0.5858254432678223,0.19438296556472778,0.5364583134651184,0.6156792044639587,0.13966965675354004
66205,2,04_Jazz2-110-Bb_comp.jams,1435057,3,4,2,2,False,neutral,mixed_by_complete_group,105,90,15,0,0.30594801902770996,0.19208507239818573,0.5019668936729431,0.49940475821495056,0.47453826665878296,0.3488052487373352
67639,2,04_Rock1-130-A_comp.jams,1882,0,2,3,3,False,neutral,local_rates_favor_correction_for_all_groups,1,1,0,0,0.33706173300743103,0.32935380935668945,0.3335844576358795,0.359375,0.5091906785964966,0.015005886554718018
67794,2,04_Rock1-130-A_comp.jams,397836,2,4,2,2,False,correction,local_rates_favor_correction_for_all_groups,120,120,0,0,0.4059176445007324,0.16975799202919006,0.4243243634700775,0.594531238079071,0.8038473725318909,0.6804587841033936
67831,2,04_Rock1-130-A_comp.jams,487955,2,4,4,2,False,correction,mixed_by_complete_group,52,51,1,0,0.3293352723121643,0.1818387806415558,0.4888259768486023,0.04627403989434242,0.7966244220733643,0.02058812975883484
67887,2,04_Rock1-130-A_comp.jams,651020,3,4,4,3,False,correction,mixed_by_complete_group,69,28,41,0,0.3700680434703827,0.3697567284107208,0.26017525792121887,0.6603260636329651,0.5823494791984558,0.04880183935165405
68085,2,04_Rock1-130-A_solo.jams,671730,2,3,2,2,False,correction,local_rates_favor_correction_for_all_groups,114,114,0,0,0.4311067461967468,0.25834015011787415,0.3105531632900238,0.7018914222717285,0.6205205321311951,0.5022167563438416
68090,2,04_Rock1-130-A_solo.jams,681925,2,3,2,2,False,correction,mixed_by_complete_group,117,115,2,0,0.4140172600746155,0.32459574937820435,0.2613869309425354,0.716613233089447,0.5915927290916443,0.3843795657157898
68095,2,04_Rock1-130-A_solo.jams,692144,2,3,2,2,False,correction,local_rates_favor_correction_for_all_groups,119,119,0,0,0.41422897577285767,0.26278018951416016,0.3229908049106598,0.6947216391563416,0.548548698425293,0.4039806127548218
69401,2,04_Rock2-85-F_comp.jams,45819,1,4,2,2,False,neutral,local_rates_favor_correction_for_all_groups,100,100,0,0,0.32564911246299744,0.11628236621618271,0.558068573474884,0.5104687213897705,0.617771565914154,0.09989677369594574
69527,2,04_Rock2-85-F_comp.jams,435596,1,4,2,2,False,neutral,mixed_by_complete_group,106,99,7,0,0.2903454601764679,0.1699790209531784,0.5396755337715149,0.48938679695129395,0.6159154176712036,0.3133789300918579
69556,2,04_Rock2-85-F_comp.jams,526421,1,4,2,2,False,neutral,mixed_by_complete_group,105,103,2,0,0.30553218722343445,0.10532493889331818,0.5891428589820862,0.2433035671710968,0.7141855955123901,0.3294725716114044
69571,2,04_Rock2-85-F_comp.jams,560160,1,4,3,2,False,neutral,local_rates_favor_correction_for_all_groups,14,14,0,0,0.3058766722679138,0.08357804268598557,0.61054527759552,0.3337053656578064,0.5578135848045349,0.12776494026184082
69578,2,04_Rock2-85-F_comp.jams,575308,1,4,2,2,False,neutral,local_rates_favor_correction_for_all_groups,100,100,0,0,0.3172967731952667,0.11620551347732544,0.5664976835250854,0.3504687547683716,0.7673938274383545,0.6503345966339111
69585,2,04_Rock2-85-F_comp.jams,590481,1,3,2,2,False,neutral,mixed_by_complete_group,4,3,1,0,0.28710395097732544,0.2636865973472595,0.4492094814777374,0.6015625,0.5076547265052795,0.1989765614271164
69594,2,04_Rock2-85-F_comp.jams,622231,1,2,3,3,False,neutral,mixed_by_complete_group,66,34,32,0,0.39265450835227966,0.4117811322212219,0.1955643743276596,0.24905303120613098,0.525728702545166,0.0561068058013916
69612,2,04_Rock2-85-F_comp.jams,668877,1,4,2,2,False,neutral,local_rates_favor_correction_for_all_groups,64,64,0,0,0.3389033079147339,0.1357208788394928,0.5253757834434509,0.11865234375,0.6438500285148621,0.1497812271118164
69624,2,04_Rock2-85-F_comp.jams,699479,1,3,2,2,False,neutral,local_rates_favor_correction_for_all_groups,63,63,0,0,0.45816439390182495,0.20805679261684418,0.3337787985801697,0.588789701461792,0.4997444152832031,0.2587847113609314
69631,2,04_Rock2-85-F_comp.jams,716871,1,4,2,2,False,neutral,local_rates_favor_correction_for_all_groups,62,62,0,0,0.3130563795566559,0.09333084523677826,0.5936127305030823,0.3553427457809448,0.528560996055603,0.31163620948791504
69637,2,04_Rock2-85-F_comp.jams,731322,1,3,2,2,False,neutral,mixed_by_complete_group,73,71,2,0,0.2832490801811218,0.21414417028427124,0.5026067495346069,0.5184075236320496,0.7239768505096436,0.4827615022659302
69662,2,04_Rock2-85-F_comp.jams,808418,1,3,2,2,False,neutral,mixed_by_complete_group,63,1,62,0,0.28574833273887634,0.3865956962108612,0.32765594124794006,0.5282738208770752,0.4963012933731079,0.11007502675056458
69748,2,04_Rock2-85-F_comp.jams,1009957,1,4,2,2,False,neutral,local_rates_favor_correction_for_all_groups,115,115,0,0,0.3464585542678833,0.15026240050792694,0.5032790303230286,0.587092399597168,0.7041839361190796,0.05403143912553787
69757,2,04_Rock2-85-F_comp.jams,1040311,1,4,2,2,False,neutral,mixed_by_complete_group,107,100,7,0,0.3226656913757324,0.17287544906139374,0.5044588446617126,0.3176109790802002,0.5727806687355042,0.6819882392883301
69779,2,04_Rock2-85-F_comp.jams,1089065,1,4,2,2,False,neutral,mixed_by_complete_group,89,86,3,0,0.3330368995666504,0.1322678178548813,0.5346953272819519,0.28177669644355774,0.5073586106300354,0.30300700664520264
69808,2,04_Rock2-85-F_comp.jams,1215021,1,3,2,2,False,neutral,local_rates_favor_correction_for_all_groups,75,75,0,0,0.4398654103279114,0.22556187212467194,0.3345727026462555,0.6770833134651184,0.5211764574050903,0.301442950963974
69817,2,04_Rock2-85-F_comp.jams,1246275,1,2,3,3,False,neutral,mixed_by_complete_group,63,25,38,0,0.3539279103279114,0.3708716332912445,0.27520036697387695,0.3358134925365448,0.5881111025810242,0.17325201630592346
69883,2,04_Rock2-85-F_comp.jams,1462568,1,4,2,2,False,neutral,mixed_by_complete_group,97,95,2,0,0.33262819051742554,0.1468142718076706,0.5205575823783875,0.38079896569252014,0.5855169296264648,0.3811483383178711
69895,2,04_Rock2-85-F_comp.jams,1509995,1,4,2,2,False,neutral,local_rates_favor_correction_for_all_groups,33,33,0,0,0.35834237933158875,0.12585538625717163,0.5158022046089172,0.374053031206131,0.5404422879219055,0.42700713872909546
69902,2,04_Rock2-85-F_comp.jams,1524614,1,4,2,2,False,neutral,mixed_by_complete_group,73,72,1,0,0.3620665371417999,0.12831568717956543,0.5096178650856018,0.404751718044281,0.5921611785888672,0.16206933557987213
69926,2,04_Rock2-85-F_comp.jams,1586252,1,4,3,3,False,neutral,local_rates_favor_regression_for_all_groups,5,0,5,0,0.2385399341583252,0.3055729866027832,0.4558870792388916,0.565625011920929,0.5947185754776001,0.15395234525203705
69955,2,04_Rock2-85-F_comp.jams,1663268,1,4,2,2,False,neutral,mixed_by_complete_group,75,74,1,0,0.3643966615200043,0.12055592983961105,0.5150474309921265,0.1977083384990692,0.5981126427650452,0.24584075808525085
69969,2,04_Rock2-85-F_comp.jams,1694477,1,3,2,2,False,neutral,local_rates_favor_correction_for_all_groups,81,81,0,0,0.43614986538887024,0.20359927415847778,0.36025089025497437,0.43865740299224854,0.5678998827934265,0.4633042812347412
69978,2,04_Rock2-85-F_comp.jams,1712227,0,3,2,2,False,neutral,local_rates_favor_correction_for_all_groups,62,62,0,0,0.4267394244670868,0.1804112046957016,0.3928493857383728,0.7240423560142517,0.5444502830505371,0.12061536312103271
70005,2,04_Rock2-85-F_comp.jams,1789684,1,4,3,2,False,neutral,mixed_by_complete_group,52,51,1,0,0.31626033782958984,0.09917856752872467,0.5845611095428467,0.30588942766189575,0.5200477242469788,0.1725904792547226
70012,2,04_Rock2-85-F_comp.jams,1805078,1,3,2,2,False,neutral,mixed_by_complete_group,4,2,2,0,0.22097919881343842,0.2381659597158432,0.540854811668396,0.62890625,0.4701915979385376,0.05463695526123047
70027,2,04_Rock2-85-F_comp.jams,1835048,1,3,2,2,False,neutral,mixed_by_complete_group,62,52,10,0,0.27930334210395813,0.24011042714118958,0.4805861711502075,0.3697076737880707,0.5093740224838257,0.16127076745033264
70035,2,04_Rock2-85-F_comp.jams,1851411,1,4,3,2,False,neutral,mixed_by_complete_group,59,57,2,0,0.2977660298347473,0.10350625962018967,0.5987277030944824,0.33342161774635315,0.6192177534103394,0.07696984708309174
70066,2,04_Rock2-85-F_comp.jams,1914019,1,3,2,2,False,neutral,local_rates_favor_correction_for_all_groups,61,61,0,0,0.40826091170310974,0.17119629681110382,0.42054283618927,0.5268954634666443,0.4888278543949127,0.08941403776407242
70096,2,04_Rock2-85-F_comp.jams,1974786,1,3,2,2,False,neutral,local_rates_favor_correction_for_all_groups,63,63,0,0,0.3666655421257019,0.19254934787750244,0.44078510999679565,0.5771329402923584,0.5233054757118225,0.13818855583667755
70141,2,04_Rock2-85-F_solo.jams,402679,2,2,3,3,True,regression,mixed_by_complete_group,43,36,7,0,0.42441803216934204,0.35930895805358887,0.2162729948759079,0.35356104373931885,0.7338494658470154,0.3956018090248108
70226,2,04_Rock2-85-F_solo.jams,1308585,2,2,3,3,True,regression,mixed_by_complete_group,76,68,8,0,0.462272047996521,0.3385266363620758,0.199201300740242,0.35752466320991516,0.7238417863845825,0.06390932202339172
2160,4,00_Funk2-108-Eb_comp.jams,37692,4,3,3,4,False,correction,mixed_by_complete_group,5,3,2,0,0.3413204550743103,0.29953038692474365,0.35914915800094604,0.05937499925494194,0.6284950375556946,0.0774969607591629
2166,4,00_Funk2-108-Eb_comp.jams,57270,4,3,5,5,False,neutral,local_rates_favor_regression_for_all_groups,7,0,7,0,0.14575277268886566,0.4006105959415436,0.45363667607307434,0.0223214291036129,0.5264403223991394,0.09474590420722961
2182,4,00_Funk2-108-Eb_comp.jams,97071,2,3,2,2,False,correction,local_rates_favor_correction_for_all_groups,15,15,0,0,0.38512223958969116,0.2057715207338333,0.4091062545776367,0.5197916626930237,0.5691596269607544,0.35629990696907043
2256,4,00_Funk2-108-Eb_comp.jams,269218,5,3,4,4,False,neutral,mixed_by_complete_group,61,15,44,2,0.30169567465782166,0.3466452956199646,0.35165899991989136,0.24129098653793335,0.6806257963180542,0.7920089960098267
2266,4,00_Funk2-108-Eb_comp.jams,312004,3,3,2,2,True,regression,mixed_by_complete_group,96,59,37,0,0.3143807351589203,0.29662179946899414,0.38899746537208557,0.3307291567325592,0.8288523554801941,0.09718836843967438
2289,4,00_Funk2-108-Eb_comp.jams,399617,3,3,2,2,True,regression,mixed_by_complete_group,73,14,59,0,0.2753431797027588,0.30063244700431824,0.424024373292923,0.512628436088562,0.8645090460777283,0.5409246683120728
2372,4,00_Funk2-108-Eb_comp.jams,644989,4,3,2,2,False,neutral,mixed_by_complete_group,75,74,1,0,0.26949837803840637,0.2218792736530304,0.5086223483085632,0.6910416483879089,0.8088387846946716,0.0259723961353302
2385,4,00_Funk2-108-Eb_comp.jams,686109,3,2,3,3,False,correction,mixed_by_complete_group,62,3,59,0,0.28877338767051697,0.32580476999282837,0.3854217827320099,0.5448588728904724,0.46153005957603455,0.031029701232910156
2418,4,00_Funk2-108-Eb_comp.jams,770056,4,3,2,2,False,neutral,mixed_by_complete_group,94,79,15,0,0.26974964141845703,0.24068719148635864,0.4895631968975067,0.6766954660415649,0.8357986807823181,0.0010048896074295044
2420,4,00_Funk2-108-Eb_comp.jams,777960,1,2,3,3,False,neutral,local_rates_favor_regression_for_all_groups,2,0,2,0,0.21667902171611786,0.4052536189556122,0.37806737422943115,0.3203125,1.0027992725372314,0.537835955619812
2428,4,00_Funk2-108-Eb_comp.jams,801694,4,2,3,3,False,neutral,local_rates_favor_correction_for_all_groups,66,66,0,0,0.3724907636642456,0.2809455096721649,0.3465636968612671,0.4178503751754761,0.6783968806266785,0.050907641649246216
2447,4,00_Funk2-108-Eb_comp.jams,859117,6,3,4,4,False,neutral,mixed_by_complete_group,15,7,7,1,0.32330411672592163,0.32258597016334534,0.35410988330841064,0.15729166567325592,0.6480711698532104,0.1334201842546463
2474,4,00_Funk2-108-Eb_comp.jams,928752,3,3,4,4,True,regression,mixed_by_complete_group,48,4,44,0,0.276885062456131,0.36123570799827576,0.36187922954559326,0.1748046875,0.5935959219932556,0.14671026170253754
2531,4,00_Funk2-108-Eb_comp.jams,1048547,5,3,4,4,False,neutral,mixed_by_complete_group,60,7,52,1,0.29577499628067017,0.41720423102378845,0.2870207726955414,0.0768229141831398,0.6740808486938477,0.12231272459030151
2554,4,00_Funk2-108-Eb_comp.jams,1124360,4,3,2,2,False,neutral,local_rates_favor_correction_for_all_groups,61,61,0,0,0.31485506892204285,0.18538987636566162,0.49975499510765076,0.5284323692321777,0.5458064675331116,0.16753976047039032
2566,4,00_Funk2-108-Eb_comp.jams,1170495,0,3,2,2,False,neutral,mixed_by_complete_group,106,98,7,1,0.2911119759082794,0.20385074615478516,0.505037248134613,0.3066037595272064,0.9804362654685974,0.7623746395111084
2582,4,00_Funk2-108-Eb_comp.jams,1223578,4,3,3,2,False,neutral,mixed_by_complete_group,62,20,41,1,0.26696455478668213,0.2834949493408203,0.44954046607017517,0.3744959533214569,0.8908156752586365,0.11135952174663544
2613,4,00_Funk2-108-Eb_comp.jams,1299075,4,3,4,4,False,correction,mixed_by_complete_group,29,21,8,0,0.37119051814079285,0.31299278140068054,0.31581661105155945,0.05495689809322357,0.4899808168411255,0.1733395755290985
2639,4,00_Funk2-108-Eb_comp.jams,1359512,5,3,2,2,False,neutral,mixed_by_complete_group,63,54,9,0,0.28894272446632385,0.2608224153518677,0.4502348303794861,0.6403769850730896,0.6996997594833374,0.045878320932388306
2653,4,00_Funk2-108-Eb_comp.jams,1409229,4,3,4,4,False,correction,mixed_by_complete_group,28,21,7,0,0.3708873391151428,0.3053879737854004,0.3237246870994568,0.0954241082072258,0.5049450993537903,0.1404685378074646
2665,4,00_Funk2-108-Eb_comp.jams,1439537,4,3,5,5,False,neutral,local_rates_favor_regression_for_all_groups,14,0,9,5,0.1971307098865509,0.36753445863723755,0.4353347718715668,0.013392857275903225,0.6557498574256897,0.13622573018074036
2674,4,00_Funk2-108-Eb_comp.jams,1482611,5,3,5,5,False,correction,mixed_by_complete_group,11,5,6,0,0.26762688159942627,0.311427503824234,0.4209456443786621,0.017045455053448677,0.6505852341651917,0.21560929715633392
2680,4,00_Funk2-108-Eb_comp.jams,1495178,4,3,2,2,False,neutral,local_rates_favor_regression_for_all_groups,91,0,91,0,0.22435306012630463,0.3012312352657318,0.47441565990448,0.5539148449897766,0.6951132416725159,0.32058990001678467
5108,4,00_Jazz1-130-D_comp.jams,141017,5,3,4,4,False,neutral,mixed_by_complete_group,13,8,5,0,0.374177485704422,0.3371971547603607,0.2886253595352173,0.11057692021131516,0.45850232243537903,0.18232595920562744
5141,4,00_Jazz1-130-D_comp.jams,215602,1,3,2,2,False,neutral,local_rates_favor_correction_for_all_groups,57,57,0,0,0.41645848751068115,0.21169662475585938,0.3718448877334595,0.3697916567325592,0.5967929363250732,0.4524865746498108
5147,4,00_Jazz1-130-D_comp.jams,235580,5,3,4,4,False,neutral,mixed_by_complete_group,15,14,1,0,0.4165138304233551,0.3470977246761322,0.23638847470283508,0.15416666865348816,0.47500041127204895,0.1912744641304016
5183,4,00_Jazz1-130-D_comp.jams,358751,3,3,4,4,True,regression,local_rates_favor_correction_for_all_groups,8,8,0,0,0.4266185164451599,0.22164160013198853,0.35173988342285156,0.173828125,0.4594229459762573,0.09410470724105835
5196,4,00_Jazz1-130-D_comp.jams,385973,3,3,4,4,True,regression,mixed_by_complete_group,59,30,29,0,0.32596272230148315,0.3290954828262329,0.34494179487228394,0.20895126461982727,0.5321211814880371,0.4405088722705841
5220,4,00_Jazz1-130-D_comp.jams,438337,0,3,2,2,False,neutral,mixed_by_complete_group,88,82,6,0,0.35066553950309753,0.23433083295822144,0.41500359773635864,0.39453125,0.6179036498069763,0.20189838111400604
5269,4,00_Jazz1-130-D_comp.jams,622534,4,3,4,4,False,correction,local_rates_favor_correction_for_all_groups,1,1,0,0,0.32828283309936523,0.27020201086997986,0.4015151560306549,0.1875,0.4449814558029175,0.048565566539764404
5298,4,00_Jazz1-130-D_comp.jams,704898,5,3,4,4,False,neutral,mixed_by_complete_group,47,46,1,0,0.3417830467224121,0.21853698790073395,0.4396800100803375,0.15724733471870422,0.499345988035202,0.06051594018936157
5307,4,00_Jazz1-130-D_comp.jams,734380,4,4,3,3,True,regression,mixed_by_complete_group,8,3,5,0,0.36061447858810425,0.3569813370704651,0.28240418434143066,0.62109375,0.6762645244598389,0.44887542724609375
5360,4,00_Jazz1-130-D_comp.jams,866681,1,3,2,2,False,neutral,local_rates_favor_correction_for_all_groups,74,74,0,0,0.4034503698348999,0.17509885132312775,0.42145079374313354,0.4765625,0.7264185547828674,0.4371400773525238
5372,4,00_Jazz1-130-D_comp.jams,897238,2,3,2,2,False,correction,local_rates_favor_regression_for_all_groups,63,0,63,0,0.20633389055728912,0.35156381130218506,0.4421023726463318,0.6716269850730896,0.6011719703674316,0.25832536816596985
6890,4,00_Jazz3-137-Eb_comp.jams,69767,3,3,2,2,True,regression,local_rates_favor_regression_for_all_groups,57,0,57,0,0.2087746113538742,0.39077380299568176,0.40045157074928284,0.5093201994895935,0.7262774705886841,0.010791957378387451
6912,4,00_Jazz3-137-Eb_comp.jams,146553,4,3,2,2,False,neutral,mixed_by_complete_group,77,63,13,1,0.2692665457725525,0.237740159034729,0.4929932951927185,0.3670860528945923,0.7018877267837524,0.46698877215385437
6939,4,00_Jazz3-137-Eb_comp.jams,224202,3,3,2,2,True,regression,mixed_by_complete_group,95,41,53,1,0.28943032026290894,0.2939319908618927,0.41663768887519836,0.4440789520740509,0.6976680755615234,0.42022305727005005
6940,4,00_Jazz3-137-Eb_comp.jams,242640,4,3,2,2,False,neutral,local_rates_favor_regression_for_all_groups,63,0,63,0,0.2125217467546463,0.39275887608528137,0.39471933245658875,0.5625,0.5435193181037903,0.15682601928710938
6944,4,00_Jazz3-137-Eb_comp.jams,270128,3,3,2,2,True,regression,mixed_by_complete_group,85,19,66,0,0.24256329238414764,0.319562166929245,0.43787452578544617,0.5027573704719543,0.5773202180862427,0.2039785087108612
6951,4,00_Jazz3-137-Eb_comp.jams,301583,2,3,2,2,False,correction,mixed_by_complete_group,38,37,1,0,0.39340195059776306,0.24741140007972717,0.3591866195201874,0.24629934132099152,0.6751044392585754,0.43100568652153015
6974,4,00_Jazz3-137-Eb_comp.jams,378887,2,2,3,3,True,regression,mixed_by_complete_group,44,14,30,0,0.3444313704967499,0.3818398416042328,0.27372875809669495,0.2904829680919647,0.8345969915390015,0.29324883222579956
7045,4,00_Jazz3-137-Eb_comp.jams,635382,4,3,4,4,False,correction,local_rates_favor_correction_for_all_groups,1,1,0,0,0.5222816467285156,0.26381462812423706,0.2139037400484085,0.078125,0.5022438168525696,0.2594577670097351
7053,4,00_Jazz3-137-Eb_comp.jams,670232,3,3,2,2,True,regression,mixed_by_complete_group,92,69,22,1,0.32766029238700867,0.262486070394516,0.40985363721847534,0.5305706262588501,0.637605607509613,0.1513117551803589
7055,4,00_Jazz3-137-Eb_comp.jams,688038,4,3,2,2,False,neutral,local_rates_favor_correction_for_all_groups,23,23,0,0,0.48773014545440674,0.14313852787017822,0.36913126707077026,0.203125,0.545815646648407,0.29929953813552856
7064,4,00_Jazz3-137-Eb_comp.jams,715483,1,2,3,3,False,neutral,local_rates_favor_correction_for_all_groups,12,12,0,0,0.4355860650539398,0.24527627229690552,0.31913772225379944,0.11328125,0.897219717502594,0.45865708589553833
7088,4,00_Jazz3-137-Eb_comp.jams,841521,3,3,2,2,True,regression,local_rates_favor_correction_for_all_groups,1,1,0,0,0.34555983543395996,0.23455598950386047,0.41988417506217957,0.3125,0.7013673186302185,0.3929709196090698
7133,4,00_Jazz3-137-Eb_comp.jams,1073182,3,4,3,3,False,correction,local_rates_favor_regression_for_all_groups,38,0,38,0,0.27998384833335876,0.43568551540374756,0.2843306362628937,0.8729440569877625,0.5387459993362427,0.15983429551124573
7158,4,00_Jazz3-137-Eb_comp.jams,1131996,3,3,3,2,False,regression,local_rates_favor_regression_for_all_groups,1,0,1,0,0.2599327564239502,0.3066384494304657,0.4334288239479065,0.296875,0.5697837471961975,0.007783234119415283
7196,4,00_Jazz3-137-Eb_solo.jams,5,2,3,2,2,False,correction,local_rates_favor_correction_for_all_groups,41,41,0,0,0.4277122914791107,0.22035819292068481,0.35192951560020447,0.21913109719753265,1.0290045738220215,0.6220365762710571
8688,4,00_Rock1-90-C#_comp.jams,4,5,3,4,4,False,neutral,mixed_by_complete_group,63,33,29,1,0.28472259640693665,0.2795788049697876,0.4356986880302429,0.2688491940498352,0.8683171272277832,0.6358442902565002
8701,4,00_Rock1-90-C#_comp.jams,29373,4,3,4,4,False,correction,local_rates_favor_correction_for_all_groups,1,1,0,0,0.4029180705547333,0.35129067301750183,0.2457912415266037,0.234375,0.49167123436927795,0.19010551273822784
8730,4,00_Rock1-90-C#_comp.jams,93647,4,3,2,2,False,neutral,local_rates_favor_correction_for_all_groups,62,62,0,0,0.33790674805641174,0.2553260326385498,0.4067672789096832,0.7789818644523621,0.49232637882232666,0.05712614953517914
8775,4,00_Rock1-90-C#_comp.jams,205699,5,3,4,4,False,neutral,mixed_by_complete_group,61,59,2,0,0.3707244098186493,0.24747656285762787,0.38179901242256165,0.16623975336551666,0.5392099022865295,0.20535030961036682
8788,4,00_Rock1-90-C#_comp.jams,234854,5,3,4,4,False,neutral,mixed_by_complete_group,54,25,28,1,0.31806862354278564,0.3102182149887085,0.37171322107315063,0.18287037312984467,0.6077730655670166,0.1433364301919937
8801,4,00_Rock1-90-C#_comp.jams,265212,4,3,4,4,False,correction,local_rates_favor_regression_for_all_groups,4,0,4,0,0.2888484001159668,0.3418932557106018,0.369258314371109,0.109375,0.6304488182067871,0.3566853702068329
8834,4,00_Rock1-90-C#_comp.jams,339077,3,4,5,5,False,neutral,local_rates_favor_correction_for_all_groups,1,1,0,0,0.3936651647090912,0.3891402781009674,0.2171945720911026,0.078125,0.5434241890907288,0.010327965021133423
8837,4,00_Rock1-90-C#_comp.jams,346319,4,3,4,4,False,correction,mixed_by_complete_group,4,2,1,1,0.31366539001464844,0.3074716031551361,0.37886297702789307,0.046875,0.42140084505081177,0.1571047008037567
8875,4,00_Rock1-90-C#_comp.jams,440270,0,3,2,2,False,neutral,local_rates_favor_correction_for_all_groups,71,71,0,0,0.3388373851776123,0.21451780200004578,0.44664478302001953,0.6122359037399292,0.6383675336837769,0.4902530014514923
8888,4,00_Rock1-90-C#_comp.jams,468731,4,4,4,3,False,regression,local_rates_favor_regression_for_all_groups,19,0,19,0,0.2324700802564621,0.3537541925907135,0.413775771856308,0.6891447305679321,0.4544439911842346,0.04818098247051239
8901,4,00_Rock1-90-C#_comp.jams,501347,6,4,5,5,False,neutral,mixed_by_complete_group,2,1,1,0,0.31553635001182556,0.3069300651550293,0.37753355503082275,0.1796875,0.4932669401168823,0.24759043753147125
8909,4,00_Rock1-90-C#_comp.jams,522477,4,3,4,4,False,correction,local_rates_favor_correction_for_all_groups,1,1,0,0,0.36200717091560364,0.26523298025131226,0.3727598488330841,0.234375,0.5662317276000977,0.27344632148742676
8918,4,00_Rock1-90-C#_comp.jams,541340,0,3,2,2,False,neutral,mixed_by_complete_group,118,112,6,0,0.2696608901023865,0.21289248764514923,0.5174465775489807,0.6888241767883301,0.9305622577667236,0.055610403418540955
8922,4,00_Rock1-90-C#_comp.jams,551075,4,3,5,5,False,neutral,local_rates_favor_regression_for_all_groups,9,0,9,0,0.11411579698324203,0.31530818343162537,0.570576012134552,0.09375,0.5121452212333679,0.15757599472999573
8940,4,00_Rock1-90-C#_comp.jams,586398,6,3,4,4,False,neutral,local_rates_favor_correction_for_all_groups,1,1,0,0,0.394025593996048,0.3001422584056854,0.3058321475982666,0.109375,0.4633980095386505,0.10539719462394714
8954,4,00_Rock1-90-C#_comp.jams,615332,4,3,4,4,False,correction,local_rates_favor_regression_for_all_groups,10,0,9,1,0.27229127287864685,0.4487103819847107,0.27899834513664246,0.07968749850988388,0.5889576077461243,0.09075155854225159
8991,4,00_Rock1-90-C#_comp.jams,704239,4,3,4,4,False,correction,mixed_by_complete_group,78,51,12,15,0.33304157853126526,0.2889459431171417,0.3780125379562378,0.15524840354919434,0.7050890922546387,0.299085795879364
9014,4,00_Rock1-90-C#_comp.jams,758776,3,2,3,3,False,correction,local_rates_favor_regression_for_all_groups,60,0,60,0,0.22951695322990417,0.3993549048900604,0.3711281418800354,0.4723958373069763,0.4460589587688446,0.007663071155548096
9032,4,00_Rock1-90-C#_comp.jams,801130,2,2,3,3,True,regression,local_rates_favor_regression_for_all_groups,4,0,4,0,0.23850922286510468,0.31346747279167175,0.4480232894420624,0.55859375,0.611724853515625,0.051785558462142944
9033,4,00_Rock1-90-C#_comp.jams,802906,3,2,3,3,False,correction,mixed_by_complete_group,62,54,8,0,0.349716454744339,0.324115514755249,0.3261680603027344,0.5922378897666931,0.5050094723701477,0.10777607560157776
9055,4,00_Rock1-90-C#_comp.jams,852406,5,3,5,5,False,correction,local_rates_favor_regression_for_all_groups,7,0,7,0,0.12206397205591202,0.2785698473453522,0.5993661880493164,0.0758928582072258,0.5396744608879089,0.04179733991622925
9066,4,00_Rock1-90-C#_comp.jams,879807,4,3,2,2,False,neutral,mixed_by_complete_group,84,81,3,0,0.2517944872379303,0.17337578535079956,0.574829638004303,0.5500372052192688,0.6536480784416199,0.18344737589359283
9088,4,00_Rock1-90-C#_comp.jams,932199,0,3,2,2,False,neutral,mixed_by_complete_group,62,16,44,2,0.2875378429889679,0.30999264121055603,0.4024695158004761,0.5768648982048035,0.8312743306159973,0.12918320298194885
9108,4,00_Rock1-90-C#_comp.jams,990732,4,3,4,4,False,correction,mixed_by_complete_group,18,7,11,0,0.3125629127025604,0.34404194355010986,0.3433951139450073,0.2152777761220932,0.6198073625564575,0.1732724905014038
9116,4,00_Rock1-90-C#_comp.jams,1006298,4,3,5,5,False,neutral,local_rates_favor_regression_for_all_groups,4,0,4,0,0.1461685597896576,0.3080602288246155,0.5457711815834045,0.03515625,0.4626728594303131,0.006500959396362305
9133,4,00_Rock1-90-C#_comp.jams,1042615,6,4,5,5,False,neutral,mixed_by_complete_group,39,34,3,2,0.38320183753967285,0.25800034403800964,0.35879790782928467,0.08693910390138626,0.5266262292861938,0.4459223747253418
9140,4,00_Rock1-90-C#_comp.jams,1056298,5,2,4,4,False,neutral,mixed_by_complete_group,22,8,14,0,0.2813900411128998,0.31819334626197815,0.4004165530204773,0.12357954680919647,0.5839641094207764,0.39201730489730835
9165,4,00_Rock1-90-C#_comp.jams,1108285,6,3,4,4,False,neutral,local_rates_favor_regression_for_all_groups,2,0,2,0,0.29020270705223083,0.30284181237220764,0.4069554805755615,0.09375,0.4594963490962982,0.026826173067092896
9184,4,00_Rock1-90-C#_comp.jams,1145732,6,3,4,4,False,neutral,mixed_by_complete_group,50,41,9,0,0.3748417794704437,0.32407355308532715,0.30108457803726196,0.0690625011920929,0.5630702972412109,0.6472844481468201
9191,4,00_Rock1-90-C#_comp.jams,1160385,5,3,2,2,False,neutral,mixed_by_complete_group,98,91,7,0,0.2915612757205963,0.24752694368362427,0.4609118103981018,0.5438456535339355,1.0204308032989502,0.28142353892326355
9196,4,00_Rock1-90-C#_comp.jams,1175051,6,3,4,4,False,neutral,local_rates_favor_correction_for_all_groups,11,11,0,0,0.4017609655857086,0.2573992609977722,0.3408397436141968,0.2514204680919647,0.4687596559524536,0.08699071407318115
9211,4,00_Rock1-90-C#_comp.jams,1204658,6,3,2,2,False,neutral,local_rates_favor_correction_for_all_groups,43,43,0,0,0.37996938824653625,0.1913062185049057,0.42872437834739685,0.46911337971687317,0.5928895473480225,0.2450668066740036
9230,4,00_Rock1-90-C#_comp.jams,1241566,4,3,2,2,False,neutral,mixed_by_complete_group,63,10,53,0,0.24489323794841766,0.2719375789165497,0.48316922783851624,0.692460298538208,0.611869215965271,0.04975876212120056
9250,4,00_Rock1-90-C#_comp.jams,1286816,1,3,2,2,False,neutral,local_rates_favor_regression_for_all_groups,63,0,63,0,0.2557928264141083,0.3976947069168091,0.34651243686676025,0.5319940447807312,0.5171589851379395,0.09259933233261108
9285,4,00_Rock1-90-C#_comp.jams,1360056,5,2,3,3,False,neutral,mixed_by_complete_group,4,1,3,0,0.3803955316543579,0.39578676223754883,0.22381770610809326,0.36328125,0.5330795049667358,0.07555380463600159
9292,4,00_Rock1-90-C#_comp.jams,1374237,6,2,3,3,False,neutral,mixed_by_complete_group,22,16,6,0,0.3830014169216156,0.36264312267303467,0.25435546040534973,0.3714488744735718,0.5540428161621094,0.1093893051147461
9296,4,00_Rock1-90-C#_comp.jams,1382162,5,3,2,2,False,neutral,local_rates_favor_regression_for_all_groups,62,0,62,0,0.27810755372047424,0.34588754177093506,0.3760049343109131,0.6282762289047241,0.5649263858795166,0.28586751222610474
9331,4,00_Rock1-90-C#_solo.jams,71163,2,3,2,2,False,correction,local_rates_favor_correction_for_all_groups,105,105,0,0,0.3339628279209137,0.18206146359443665,0.4839756488800049,0.6430059671401978,0.603563666343689,0.05071909725666046
9469,4,00_Rock1-90-C#_solo.jams,468042,2,4,2,2,False,correction,mixed_by_complete_group,75,71,4,0,0.31935667991638184,0.19593234360218048,0.4847109615802765,0.1785416603088379,0.7478712797164917,0.11059851199388504
9498,4,00_Rock1-90-C#_solo.jams,572589,2,2,3,3,True,regression,mixed_by_complete_group,63,1,62,0,0.3500863313674927,0.4140041470527649,0.23590955138206482,0.7227182388305664,0.51862633228302,0.4596787095069885
9505,4,00_Rock1-90-C#_solo.jams,587219,2,4,2,2,False,correction,mixed_by_complete_group,108,104,4,0,0.2925589978694916,0.14129260182380676,0.5661484003067017,0.35662615299224854,0.5720613598823547,0.11424363404512405
9527,4,00_Rock1-90-C#_solo.jams,645296,2,4,2,2,False,correction,mixed_by_complete_group,80,19,61,0,0.20949378609657288,0.24412527680397034,0.5463809967041016,0.275390625,0.48303550481796265,0.10222145915031433
14191,4,00_SS2-107-Ab_comp.jams,290204,1,3,2,2,False,neutral,mixed_by_complete_group,115,13,102,0,0.1773192137479782,0.32218071818351746,0.5005000829696655,0.576222836971283,0.7981991767883301,0.6238932013511658
14331,4,00_SS2-107-Ab_comp.jams,704730,3,3,2,2,True,regression,local_rates_favor_regression_for_all_groups,62,0,62,0,0.22298869490623474,0.45786044001579285,0.3191509544849396,0.3618951737880707,0.5594708919525146,0.06923931837081909
14373,4,00_SS2-107-Ab_comp.jams,834213,1,3,2,2,False,neutral,local_rates_favor_regression_for_all_groups,56,0,56,0,0.17312458157539368,0.34981265664100647,0.47706276178359985,0.6286272406578064,0.6527379155158997,0.05272296071052551
14439,4,00_SS2-107-Ab_comp.jams,1001541,1,3,2,2,False,neutral,local_rates_favor_correction_for_all_groups,63,63,0,0,0.35296955704689026,0.20920458436012268,0.43782585859298706,0.4846230149269104,0.6734687089920044,0.06727680563926697
14473,4,00_SS2-107-Ab_comp.jams,1101480,3,3,3,2,False,regression,local_rates_favor_regression_for_all_groups,30,0,30,0,0.203279048204422,0.41748589277267456,0.37923505902290344,0.12343750149011612,0.48213130235671997,0.011757194995880127
14485,4,00_SS2-107-Ab_comp.jams,1132586,1,2,3,3,False,neutral,local_rates_favor_regression_for_all_groups,63,0,63,0,0.2518567442893982,0.44248494505882263,0.3056582808494568,0.6351686716079712,0.5046494603157043,0.1513241082429886
14567,4,00_SS2-107-Ab_comp.jams,1416432,2,3,2,2,False,correction,local_rates_favor_correction_for_all_groups,2,2,0,0,0.4137730002403259,0.2379426658153534,0.3482843041419983,0.34375,0.5212475061416626,0.1879822015762329
14598,4,00_SS2-107-Ab_comp.jams,1497124,1,3,2,2,False,neutral,mixed_by_complete_group,110,37,72,1,0.25073903799057007,0.2626686692237854,0.48659223318099976,0.5235795378684998,0.6399536728858948,0.2475491464138031
14627,4,00_SS2-107-Ab_comp.jams,1571601,0,3,2,2,False,neutral,mixed_by_complete_group,113,5,108,0,0.19601032137870789,0.29932308197021484,0.5046665668487549,0.5625,0.7215773463249207,0.10642296820878983
14631,4,00_SS2-107-Ab_solo.jams,5,1,2,3,3,False,neutral,local_rates_favor_correction_for_all_groups,33,33,0,0,0.4326736032962799,0.3080828785896301,0.2592434883117676,0.6164772510528564,0.9554047584533691,0.3469480872154236
14849,4,00_SS2-107-Ab_solo.jams,1038666,2,2,3,3,True,regression,mixed_by_complete_group,41,2,39,0,0.31374862790107727,0.3662969172000885,0.31995445489883423,0.39748474955558777,0.512637197971344,0.0705561637878418
18935,4,01_Funk2-108-Eb_comp.jams,392634,1,3,2,2,False,neutral,mixed_by_complete_group,38,35,3,0,0.31531399488449097,0.2502783536911011,0.4344075918197632,0.46546053886413574,0.6629083752632141,0.03513157367706299
18957,4,01_Funk2-108-Eb_comp.jams,478918,1,3,2,2,False,neutral,mixed_by_complete_group,76,63,13,0,0.29040253162384033,0.261242151260376,0.44835537672042847,0.5953947305679321,0.8265447616577148,0.03206014633178711
18963,4,01_Funk2-108-Eb_comp.jams,502813,3,3,2,2,True,regression,mixed_by_complete_group,71,7,62,2,0.23074665665626526,0.2569429874420166,0.5123103260993958,0.44762325286865234,1.4076663255691528,0.2380962371826172
19007,4,01_Funk2-108-Eb_comp.jams,766135,2,2,3,3,True,regression,local_rates_favor_correction_for_all_groups,63,63,0,0,0.42861407995224,0.318469762802124,0.2529161274433136,0.6515377163887024,0.8069928884506226,0.177445650100708
19018,4,01_Funk2-108-Eb_comp.jams,815639,2,3,2,2,False,correction,mixed_by_complete_group,63,14,49,0,0.2931884527206421,0.31802305579185486,0.38878852128982544,0.4853670597076416,0.6602290868759155,0.41460540890693665
19053,4,01_Funk2-108-Eb_comp.jams,993346,2,4,4,3,False,neutral,local_rates_favor_regression_for_all_groups,15,0,15,0,0.32340964674949646,0.39308610558509827,0.2835042178630829,0.7208333611488342,1.1843947172164917,0.030306220054626465
19097,4,01_Funk2-108-Eb_comp.jams,1200765,1,2,3,3,False,neutral,local_rates_favor_regression_for_all_groups,28,0,28,0,0.24142171442508698,0.36472389101982117,0.39385440945625305,0.4006696343421936,1.054552674293518,0.13735336065292358
19107,4,01_Funk2-108-Eb_comp.jams,1243752,4,4,3,3,True,regression,mixed_by_complete_group,63,10,53,0,0.32800909876823425,0.35742706060409546,0.31456390023231506,0.7822420597076416,0.6544928550720215,0.19947651028633118
19134,4,01_Funk2-108-Eb_comp.jams,1353562,3,2,3,3,False,correction,mixed_by_complete_group,84,83,1,0,0.47505325078964233,0.26520657539367676,0.25974011421203613,0.5124627947807312,0.6642056703567505,0.13497108221054077
19170,4,01_Funk2-108-Eb_comp.jams,1519179,3,3,2,2,True,regression,mixed_by_complete_group,7,2,4,1,0.281584233045578,0.2850486934185028,0.4333670437335968,0.4575892984867096,0.9933093786239624,0.1324998438358307
19448,4,01_Funk2-108-Eb_solo.jams,1481992,1,2,3,3,False,neutral,local_rates_favor_correction_for_all_groups,1,1,0,0,0.4386061429977417,0.33744940161705017,0.22394447028636932,0.625,0.7634426355361938,0.18794560432434082
21407,4,01_Jazz1-130-D_comp.jams,102484,2,2,2,3,False,regression,mixed_by_complete_group,48,1,47,0,0.2798846364021301,0.3667795658111572,0.35333576798439026,0.4684244692325592,0.5001664757728577,0.038522034883499146
21429,4,01_Jazz1-130-D_comp.jams,298466,2,2,3,3,True,regression,mixed_by_complete_group,5,1,4,0,0.299083411693573,0.32349786162376404,0.3774186968803406,0.3187499940395355,0.8297857046127319,0.03177124261856079
21457,4,01_Jazz1-130-D_comp.jams,406639,1,2,3,3,False,neutral,local_rates_favor_correction_for_all_groups,45,45,0,0,0.4587487578392029,0.2528859078884125,0.28836533427238464,0.3993055522441864,0.5231872200965881,0.3785771131515503
21465,4,01_Jazz1-130-D_comp.jams,426477,2,2,2,3,False,regression,mixed_by_complete_group,24,1,23,0,0.2859344184398651,0.3800842761993408,0.3339812755584717,0.517578125,0.572170078754425,0.011403590440750122
21529,4,01_Jazz1-130-D_comp.jams,704915,2,2,3,3,True,regression,local_rates_favor_correction_for_all_groups,17,17,0,0,0.3658442497253418,0.288932204246521,0.3452235758304596,0.21875,0.8926365375518799,0.4233754873275757
21538,4,01_Jazz1-130-D_comp.jams,724421,2,2,3,3,True,regression,local_rates_favor_correction_for_all_groups,3,3,0,0,0.3747576177120209,0.32335126399993896,0.30189117789268494,0.3333333432674408,0.7773194313049316,0.26158761978149414
23065,4,01_Jazz3-137-Eb_comp.jams,19862,2,3,2,2,False,correction,local_rates_favor_regression_for_all_groups,2,0,2,0,0.23412157595157623,0.40016424655914307,0.3657141923904419,0.28125,0.8564976453781128,0.2597945034503937
23067,4,01_Jazz3-137-Eb_comp.jams,31020,1,3,2,2,False,neutral,mixed_by_complete_group,71,60,11,0,0.3133998513221741,0.21308989822864532,0.473510205745697,0.18661971390247345,0.8667921423912048,0.49699538946151733
23070,4,01_Jazz3-137-Eb_comp.jams,58255,2,3,2,2,False,correction,mixed_by_complete_group,51,7,44,0,0.26491010189056396,0.31166353821754456,0.42342638969421387,0.2659313678741455,0.9099488258361816,0.2558656930923462
23134,4,01_Jazz3-137-Eb_comp.jams,281985,1,2,3,3,False,neutral,mixed_by_complete_group,5,3,2,0,0.3521677851676941,0.34142255783081055,0.30640968680381775,0.20624999701976776,0.6214020848274231,0.23904862999916077
23136,4,01_Jazz3-137-Eb_comp.jams,288579,1,3,2,2,False,neutral,mixed_by_complete_group,60,1,59,0,0.22761337459087372,0.3180750608444214,0.45431163907051086,0.5414062738418579,0.8938832879066467,0.3739175796508789
23138,4,01_Jazz3-137-Eb_comp.jams,300307,3,2,3,3,False,correction,local_rates_favor_correction_for_all_groups,58,58,0,0,0.49708110094070435,0.34336623549461365,0.15955260396003723,0.5431034564971924,0.6317128539085388,0.23582497239112854
23160,4,01_Jazz3-137-Eb_comp.jams,386851,2,2,3,3,True,regression,mixed_by_complete_group,60,25,35,0,0.37326565384864807,0.3880281448364258,0.23870615661144257,0.518750011920929,0.4835186302661896,0.017328590154647827
23169,4,01_Jazz3-137-Eb_comp.jams,443703,3,3,2,2,True,regression,mixed_by_complete_group,51,31,20,0,0.3177630603313446,0.30047905445098877,0.3817578852176666,0.2751225531101227,0.7634688019752502,0.3910350799560547
23181,4,01_Jazz3-137-Eb_comp.jams,494752,2,2,3,3,True,regression,local_rates_favor_correction_for_all_groups,66,66,0,0,0.48622673749923706,0.312326580286026,0.20144666731357574,0.7118844985961914,0.64275723695755,0.33663374185562134
23213,4,01_Jazz3-137-Eb_comp.jams,648882,2,3,2,2,False,correction,mixed_by_complete_group,58,52,6,0,0.3621010482311249,0.2037132978439331,0.434185653924942,0.16352370381355286,0.7059406042098999,0.4495486915111542
23227,4,01_Jazz3-137-Eb_comp.jams,725754,2,3,2,2,False,correction,mixed_by_complete_group,74,72,2,0,0.3597260117530823,0.21633338928222656,0.42394065856933594,0.20333614945411682,0.6773830056190491,0.48008400201797485
23245,4,01_Jazz3-137-Eb_comp.jams,790850,1,2,4,4,False,neutral,local_rates_favor_regression_for_all_groups,1,0,1,0,0.13913042843341827,0.32964426279067993,0.531225323677063,0.171875,1.8126081228256226,0.09123257547616959
23247,4,01_Jazz3-137-Eb_comp.jams,803871,2,2,3,3,True,regression,local_rates_favor_correction_for_all_groups,65,65,0,0,0.48966121673583984,0.2908177673816681,0.21952100098133087,0.6163461804389954,0.5349371433258057,0.02188241481781006
23258,4,01_Jazz3-137-Eb_comp.jams,831356,3,3,2,2,True,regression,mixed_by_complete_group,61,2,59,0,0.2498249113559723,0.33465081453323364,0.4155242443084717,0.44441598653793335,0.8894156217575073,0.43944472074508667
23351,4,01_Jazz3-137-Eb_comp.jams,1189657,2,3,2,2,False,correction,local_rates_favor_correction_for_all_groups,56,56,0,0,0.3960975706577301,0.1908998191356659,0.4130026400089264,0.2547433078289032,0.6801415085792542,0.5304138660430908
24534,4,01_Rock1-90-C#_comp.jams,74111,3,3,4,4,True,regression,mixed_by_complete_group,47,20,27,0,0.346768319606781,0.35861316323280334,0.2946185767650604,0.11236701905727386,0.5120996236801147,0.09614869952201843
24570,4,01_Rock1-90-C#_comp.jams,144876,3,4,3,3,False,correction,local_rates_favor_correction_for_all_groups,1,1,0,0,0.32648220658302307,0.21739129722118378,0.45612648129463196,0.84375,0.48296019434928894,0.17578092217445374
24608,4,01_Rock1-90-C#_comp.jams,219910,1,2,3,3,False,neutral,local_rates_favor_regression_for_all_groups,63,0,63,0,0.33790427446365356,0.4463041126728058,0.21579165756702423,0.6991567611694336,0.44071659445762634,0.177326500415802
24615,4,01_Rock1-90-C#_comp.jams,234248,2,3,4,4,False,neutral,mixed_by_complete_group,57,21,36,0,0.31826159358024597,0.36415809392929077,0.31758031249046326,0.10224780440330505,0.565918505191803,0.578728199005127
24629,4,01_Rock1-90-C#_comp.jams,262573,2,2,4,4,True,regression,local_rates_favor_regression_for_all_groups,25,0,25,0,0.17405135929584503,0.350309282541275,0.47563931345939636,0.17937499284744263,0.5436795353889465,0.09904779493808746
24710,4,01_Rock1-90-C#_comp.jams,425129,4,3,3,2,False,neutral,local_rates_favor_correction_for_all_groups,3,3,0,0,0.3841690719127655,0.20863215625286102,0.40719878673553467,0.265625,0.5153665542602539,0.05294802784919739
24726,4,01_Rock1-90-C#_comp.jams,468969,5,3,4,4,False,neutral,mixed_by_complete_group,13,11,2,0,0.3300037682056427,0.27217596769332886,0.3978203237056732,0.15264423191547394,0.5331454277038574,0.24386051297187805
24780,4,01_Rock1-90-C#_comp.jams,573901,3,2,3,3,False,correction,local_rates_favor_correction_for_all_groups,62,62,0,0,0.3076074719429016,0.19364580512046814,0.49874669313430786,0.3339213728904724,0.576669454574585,0.1757364124059677
24801,4,01_Rock1-90-C#_comp.jams,616679,3,2,3,3,False,correction,mixed_by_complete_group,62,60,2,0,0.35544297099113464,0.22982726991176605,0.4147298336029053,0.2890625,0.582603931427002,0.24894019961357117
24831,4,01_Rock1-90-C#_comp.jams,676200,4,4,5,5,True,regression,mixed_by_complete_group,7,6,1,0,0.3540061116218567,0.28623276948928833,0.3597610890865326,0.1607142835855484,0.4628334641456604,0.07673957943916321
24854,4,01_Rock1-90-C#_comp.jams,734331,4,3,4,4,False,correction,mixed_by_complete_group,43,12,30,1,0.3164246678352356,0.4189867079257965,0.26458871364593506,0.1758720874786377,0.5097944736480713,0.1468534767627716
24870,4,01_Rock1-90-C#_comp.jams,779709,2,3,2,2,False,correction,mixed_by_complete_group,68,40,27,1,0.27690258622169495,0.2692960500717163,0.45380139350891113,0.6089154481887817,0.5295382738113403,0.01521715521812439
24884,4,01_Rock1-90-C#_comp.jams,808190,4,3,4,4,False,correction,local_rates_favor_correction_for_all_groups,1,1,0,0,0.3831866979598999,0.3382209241390228,0.27859237790107727,0.296875,0.5331312417984009,0.05924472212791443
24929,4,01_Rock1-90-C#_comp.jams,896546,4,3,4,4,False,correction,mixed_by_complete_group,37,23,14,0,0.3858325481414795,0.3115466237068176,0.3026207983493805,0.09755067527294159,0.48131921887397766,0.2542732357978821
24944,4,01_Rock1-90-C#_comp.jams,925131,4,3,4,4,False,correction,mixed_by_complete_group,25,14,11,0,0.3760187029838562,0.35088884830474854,0.27309244871139526,0.1599999964237213,0.6302739977836609,0.1315496265888214
24958,4,01_Rock1-90-C#_comp.jams,970851,2,2,3,3,True,regression,local_rates_favor_regression_for_all_groups,62,0,62,0,0.28971201181411743,0.3629729449748993,0.3473150432109833,0.4712701737880707,0.41883254051208496,0.09233811497688293
24976,4,01_Rock1-90-C#_comp.jams,1015010,5,3,4,4,False,neutral,mixed_by_complete_group,48,46,2,0,0.3329189419746399,0.27166104316711426,0.39541998505592346,0.1497395783662796,0.4114551246166229,0.12703394889831543
24989,4,01_Rock1-90-C#_comp.jams,1042690,2,3,2,2,False,correction,local_rates_favor_correction_for_all_groups,65,65,0,0,0.36179956793785095,0.19818684458732605,0.440013587474823,0.5509615540504456,0.5953102707862854,0.12689784169197083
25024,4,01_Rock1-90-C#_comp.jams,1111711,4,2,3,3,False,neutral,local_rates_favor_regression_for_all_groups,7,0,7,0,0.2933099865913391,0.40376847982406616,0.3029215335845947,0.2433035671710968,0.7090998888015747,0.022158026695251465
25034,4,01_Rock1-90-C#_comp.jams,1131344,4,3,4,4,False,correction,mixed_by_complete_group,62,10,50,2,0.23987723886966705,0.29865097999572754,0.4614717960357666,0.17993952333927155,0.5574840903282166,0.3847472071647644
25048,4,01_Rock1-90-C#_comp.jams,1160229,3,3,2,2,True,regression,local_rates_favor_regression_for_all_groups,62,0,62,0,0.2394794523715973,0.3397285044193268,0.42079201340675354,0.850806474685669,0.6576866507530212,0.04417234659194946
25086,4,01_Rock1-90-C#_comp.jams,1249864,4,3,4,4,False,correction,mixed_by_complete_group,19,18,1,0,0.43681392073631287,0.32289978861808777,0.24028627574443817,0.15707236528396606,0.5281161665916443,0.12937095761299133
29668,4,01_SS2-107-Ab_comp.jams,37495,3,4,4,3,False,correction,local_rates_favor_correction_for_all_groups,63,63,0,0,0.3815215826034546,0.30072394013404846,0.31775444746017456,0.6989087462425232,0.6999618411064148,0.020675212144851685
29703,4,01_SS2-107-Ab_comp.jams,160910,3,3,2,2,True,regression,local_rates_favor_regression_for_all_groups,12,0,12,0,0.22123558819293976,0.37676534056663513,0.4019990861415863,0.23828125,0.8446051478385925,0.2942274212837219
29720,4,01_SS2-107-Ab_comp.jams,210093,4,4,3,3,True,regression,mixed_by_complete_group,68,63,5,0,0.3646600842475891,0.33437272906303406,0.30096718668937683,0.7095588445663452,0.8234231472015381,0.2089158296585083
29764,4,01_SS2-107-Ab_comp.jams,383873,1,3,2,2,False,neutral,mixed_by_complete_group,18,5,13,0,0.2800465524196625,0.3181282877922058,0.4018251895904541,0.1840277761220932,0.9490557909011841,0.42451590299606323
29784,4,01_SS2-107-Ab_comp.jams,475925,1,3,3,2,False,neutral,local_rates_favor_regression_for_all_groups,11,0,11,0,0.24166297912597656,0.34901341795921326,0.4093236029148102,0.15482954680919647,0.6922245621681213,0.08338922262191772
29797,4,01_SS2-107-Ab_comp.jams,531624,1,3,2,2,False,neutral,mixed_by_complete_group,56,51,5,0,0.31356170773506165,0.2256639003753662,0.46077439188957214,0.3152901828289032,0.6824316382408142,0.23149219155311584
29818,4,01_SS2-107-Ab_comp.jams,611936,1,3,2,2,False,neutral,mixed_by_complete_group,105,37,68,0,0.2834307551383972,0.2843380570411682,0.43223118782043457,0.636904776096344,0.9674767851829529,0.24876484274864197
29837,4,01_SS2-107-Ab_comp.jams,688382,2,3,2,2,False,correction,mixed_by_complete_group,103,59,44,0,0.28971415758132935,0.2849215865135193,0.42536425590515137,0.4872572720050812,0.7082433700561523,0.345716267824173
29903,4,01_SS2-107-Ab_comp.jams,957987,1,2,3,3,False,neutral,local_rates_favor_regression_for_all_groups,1,0,1,0,0.2239130437374115,0.2543478310108185,0.52173912525177,0.25,0.7602486610412598,0.2390941083431244
29939,4,01_SS2-107-Ab_comp.jams,1100381,4,3,2,2,False,neutral,local_rates_favor_regression_for_all_groups,1,0,1,0,0.14561499655246735,0.30979958176612854,0.5445854067802429,0.140625,1.029502272605896,0.49912092089653015
29961,4,01_SS2-107-Ab_comp.jams,1199961,3,4,3,3,False,correction,mixed_by_complete_group,98,94,4,0,0.4027805030345917,0.3212944269180298,0.2759250998497009,0.5663265585899353,0.8375834822654724,0.3109205961227417
29991,4,01_SS2-107-Ab_comp.jams,1334312,0,2,3,3,False,neutral,local_rates_favor_regression_for_all_groups,10,0,10,0,0.18763062357902527,0.42213577032089233,0.39023357629776,0.42656248807907104,0.9238556623458862,0.2597827613353729
30207,4,01_SS2-107-Ab_solo.jams,518689,1,3,2,2,False,neutral,mixed_by_complete_group,56,32,23,1,0.2837626039981842,0.27004474401474,0.4461926817893982,0.3482142984867096,0.7650390267372131,0.44925355911254883
30295,4,01_SS2-107-Ab_solo.jams,864116,2,3,2,2,False,correction,mixed_by_complete_group,55,26,29,0,0.30695512890815735,0.31469491124153137,0.37834998965263367,0.25284090638160706,0.9951217770576477,0.47381889820098877
34505,4,02_Funk2-108-Eb_comp.jams,410463,2,2,3,3,True,regression,local_rates_favor_regression_for_all_groups,63,0,63,0,0.2873382270336151,0.4234122335910797,0.2892495095729828,0.5086805820465088,0.613160252571106,0.31955501437187195
34567,4,02_Funk2-108-Eb_comp.jams,636197,3,3,2,2,True,regression,mixed_by_complete_group,68,27,39,2,0.27857622504234314,0.2831414043903351,0.4382823407649994,0.5629595518112183,0.6098618507385254,0.011699289083480835
34573,4,02_Funk2-108-Eb_comp.jams,679093,2,3,2,2,False,correction,mixed_by_complete_group,63,6,57,0,0.2429337054491043,0.33082762360572815,0.42623862624168396,0.528769850730896,0.6990013122558594,0.10312953591346741
34610,4,02_Funk2-108-Eb_comp.jams,821898,3,3,2,2,True,regression,mixed_by_complete_group,86,52,31,3,0.32349589467048645,0.30937647819519043,0.3671276271343231,0.41624271869659424,0.6012762784957886,0.08377894759178162
34792,4,02_Funk2-108-Eb_comp.jams,1397148,3,4,2,2,False,neutral,mixed_by_complete_group,94,34,60,0,0.24133452773094177,0.2632848918437958,0.4953804910182953,0.3577127754688263,0.7045612931251526,0.19169077277183533
36820,4,02_Jazz1-130-D_comp.jams,379725,3,2,3,3,False,correction,mixed_by_complete_group,19,5,14,0,0.29382362961769104,0.3235890865325928,0.3825872838497162,0.23108552396297455,0.6574348211288452,0.18353456258773804
36831,4,02_Jazz1-130-D_comp.jams,400365,2,3,2,2,False,correction,local_rates_favor_correction_for_all_groups,107,107,0,0,0.364408403635025,0.14552363753318787,0.4900679886341095,0.6122955679893494,0.625493049621582,0.22911310195922852
36898,4,02_Jazz1-130-D_comp.jams,685486,3,3,2,2,True,regression,mixed_by_complete_group,50,25,24,1,0.32049208879470825,0.3149923086166382,0.3645155727863312,0.4556249976158142,0.4595923125743866,0.06982201337814331
36910,4,02_Jazz1-130-D_comp.jams,747145,3,3,2,2,True,regression,local_rates_favor_regression_for_all_groups,47,0,47,0,0.20654575526714325,0.3686876893043518,0.4247664511203766,0.34009307622909546,0.5075974464416504,0.06281113624572754
36919,4,02_Jazz1-130-D_comp.jams,766595,2,3,2,2,False,correction,mixed_by_complete_group,60,4,56,0,0.22415997087955475,0.39738643169403076,0.37845364212989807,0.14244791865348816,0.48337897658348083,0.1799706518650055
36923,4,02_Jazz1-130-D_comp.jams,794800,4,2,3,3,False,neutral,local_rates_favor_regression_for_all_groups,10,0,10,0,0.2188156545162201,0.4559762477874756,0.3252080976963043,0.2718749940395355,0.5408631563186646,0.07473409175872803
37043,4,02_Jazz1-130-D_solo.jams,264914,1,2,3,3,False,neutral,mixed_by_complete_group,37,32,5,0,0.38499870896339417,0.32748934626579285,0.2875119745731354,0.5346283912658691,0.6420747637748718,0.17131999135017395
38608,4,02_Jazz3-137-Eb_comp.jams,32023,2,2,3,3,True,regression,local_rates_favor_correction_for_all_groups,9,9,0,0,0.44369128346443176,0.2681090533733368,0.28819966316223145,0.2934027910232544,0.5467430949211121,0.09216982126235962
38681,4,02_Jazz3-137-Eb_comp.jams,289872,3,3,4,4,True,regression,mixed_by_complete_group,24,16,8,0,0.3808119595050812,0.34637415409088135,0.2728138566017151,0.0696614608168602,0.5132710337638855,0.19974404573440552
38698,4,02_Jazz3-137-Eb_comp.jams,360258,2,2,3,3,True,regression,mixed_by_complete_group,37,3,34,0,0.31973716616630554,0.4130586087703705,0.2672041952610016,0.2820945978164673,0.5070837736129761,0.0819355845451355
38729,4,02_Jazz3-137-Eb_comp.jams,482942,3,2,3,3,False,correction,mixed_by_complete_group,61,54,7,0,0.38028672337532043,0.3243694007396698,0.29534387588500977,0.3378586173057556,0.5234768390655518,0.16959980130195618
38754,4,02_Jazz3-137-Eb_comp.jams,574410,1,2,3,3,False,neutral,local_rates_favor_regression_for_all_groups,2,0,2,0,0.22860349714756012,0.4627746343612671,0.308621883392334,0.3515625,0.5637704730033875,0.13094940781593323
38780,4,02_Jazz3-137-Eb_comp.jams,714347,1,3,2,2,False,neutral,local_rates_favor_regression_for_all_groups,9,0,9,0,0.21283645927906036,0.4092363715171814,0.37792718410491943,0.2013888955116272,0.5295668244361877,0.17404744029045105
38808,4,02_Jazz3-137-Eb_comp.jams,823179,2,2,3,3,True,regression,mixed_by_complete_group,45,44,1,0,0.40829846262931824,0.3055613338947296,0.2861402928829193,0.1649305522441864,0.6090927124023438,0.5445684194564819
38812,4,02_Jazz3-137-Eb_comp.jams,831087,2,3,3,4,False,neutral,mixed_by_complete_group,14,8,6,0,0.32673028111457825,0.30339130759239197,0.3698783814907074,0.0725446417927742,0.5000767111778259,0.003962278366088867
38850,4,02_Jazz3-137-Eb_comp.jams,926804,1,2,3,3,False,neutral,local_rates_favor_regression_for_all_groups,1,0,1,0,0.28944969177246094,0.3471166491508484,0.3634336590766907,0.328125,0.7267538905143738,0.3038070797920227
38876,4,02_Jazz3-137-Eb_comp.jams,1023985,3,3,3,2,False,regression,mixed_by_complete_group,4,1,3,0,0.3019050657749176,0.31539055705070496,0.3827044367790222,0.1484375,0.5659373998641968,0.13607782125473022
38899,4,02_Jazz3-137-Eb_comp.jams,1099862,3,3,2,2,True,regression,local_rates_favor_correction_for_all_groups,56,56,0,0,0.3630618453025818,0.2218232899904251,0.4151148796081543,0.4676339328289032,0.6376051306724548,0.1313212811946869
38913,4,02_Jazz3-137-Eb_comp.jams,1131600,2,3,2,2,False,correction,local_rates_favor_correction_for_all_groups,66,66,0,0,0.347775399684906,0.2000402808189392,0.45218425989151,0.6995738744735718,0.606546938419342,0.1828557252883911
38914,4,02_Jazz3-137-Eb_comp.jams,1133526,1,2,3,3,False,neutral,local_rates_favor_regression_for_all_groups,3,0,3,0,0.36468052864074707,0.41068384051322937,0.22463566064834595,0.5052083134651184,0.4959268569946289,0.07383665442466736
38925,4,02_Jazz3-137-Eb_comp.jams,1171067,3,3,2,2,True,regression,mixed_by_complete_group,59,57,2,0,0.3138335347175598,0.18594768643379211,0.5002187490463257,0.2923728823661804,0.514697790145874,0.17698624730110168
40385,4,02_Rock1-90-C#_comp.jams,235736,2,3,2,2,False,correction,mixed_by_complete_group,46,2,44,0,0.2659212052822113,0.3947010934352875,0.339377760887146,0.37364131212234497,0.5605680346488953,0.12556976079940796
40457,4,02_Rock1-90-C#_comp.jams,500279,3,3,3,2,False,regression,mixed_by_complete_group,17,3,14,0,0.2910135090351105,0.3650391399860382,0.3439473509788513,0.21599264442920685,0.6013339161872864,0.08677554130554199
40486,4,02_Rock1-90-C#_comp.jams,573379,3,3,3,2,False,regression,mixed_by_complete_group,25,1,24,0,0.24178792536258698,0.44692477583885193,0.3112873435020447,0.21062499284744263,0.5126069784164429,0.06301707029342651
40534,4,02_Rock1-90-C#_comp.jams,773003,1,3,2,2,False,neutral,mixed_by_complete_group,120,24,96,0,0.2470615953207016,0.323813259601593,0.42912518978118896,0.662109375,1.0724848508834839,0.0950859785079956
44940,4,02_SS2-107-Ab_comp.jams,706577,3,3,2,2,True,regression,local_rates_favor_regression_for_all_groups,1,0,1,0,0.24637575447559357,0.31143003702163696,0.44219422340393066,0.640625,0.5374208092689514,0.20797812938690186
44967,4,02_SS2-107-Ab_comp.jams,766455,4,3,2,2,False,neutral,local_rates_favor_correction_for_all_groups,61,61,0,0,0.35609304904937744,0.23409977555274963,0.4098071753978729,0.4405737817287445,0.59078449010849,0.44320687651634216
44992,4,02_SS2-107-Ab_comp.jams,828407,3,3,3,4,False,regression,mixed_by_complete_group,10,9,1,0,0.41494232416152954,0.29875868558883667,0.2862989902496338,0.09062500298023224,0.4427711069583893,0.026605606079101562
45058,4,02_SS2-107-Ab_comp.jams,965892,3,2,3,3,False,correction,local_rates_favor_regression_for_all_groups,62,0,62,0,0.23108674585819244,0.45932504534721375,0.3095881938934326,0.4879032373428345,0.4564613997936249,0.10836842656135559
45069,4,02_SS2-107-Ab_comp.jams,989694,2,3,2,2,False,correction,mixed_by_complete_group,93,69,24,0,0.2922024130821228,0.23276649415493011,0.47503116726875305,0.39986559748649597,0.7997217774391174,0.19891215860843658
45164,4,02_SS2-107-Ab_comp.jams,1279754,0,3,2,2,False,neutral,mixed_by_complete_group,107,101,5,1,0.22741428017616272,0.16516849398612976,0.6074172258377075,0.5327102541923523,0.9320554733276367,0.3083893656730652
49212,4,03_Funk2-108-Eb_comp.jams,134367,2,2,3,3,True,regression,mixed_by_complete_group,9,3,6,0,0.3501397967338562,0.384920597076416,0.2649396061897278,0.4513888955116272,0.7878959774971008,0.28338930010795593
49217,4,03_Funk2-108-Eb_comp.jams,146603,3,3,4,4,True,regression,local_rates_favor_correction_for_all_groups,1,1,0,0,0.4470588266849518,0.23529411852359772,0.3176470696926117,0.078125,0.5055949091911316,0.15790489315986633
49287,4,03_Funk2-108-Eb_comp.jams,439988,2,3,4,4,False,neutral,local_rates_favor_correction_for_all_groups,1,1,0,0,0.4024621248245239,0.2651515007019043,0.3323863744735718,0.3125,0.4882042706012726,0.15510070323944092
49328,4,03_Funk2-108-Eb_comp.jams,624953,3,3,3,2,False,regression,local_rates_favor_regression_for_all_groups,1,0,1,0,0.24535809457302094,0.4350132644176483,0.31962865591049194,0.375,0.6028916239738464,0.0625087320804596
49356,4,03_Funk2-108-Eb_comp.jams,729540,3,2,3,3,False,correction,local_rates_favor_correction_for_all_groups,59,59,0,0,0.39978063106536865,0.3419592082500458,0.25826022028923035,0.6935911178588867,0.7279610633850098,0.27586477994918823
49364,4,03_Funk2-108-Eb_comp.jams,759691,4,4,3,3,True,regression,mixed_by_complete_group,71,38,33,0,0.3566671311855316,0.35124263167381287,0.2920902669429779,0.7667253613471985,0.6113476753234863,0.07640776038169861
49386,4,03_Funk2-108-Eb_comp.jams,833364,3,3,2,2,True,regression,local_rates_favor_correction_for_all_groups,61,61,0,0,0.3512701988220215,0.23310135304927826,0.4156284034252167,0.48719263076782227,0.6198056936264038,0.2027352750301361
49441,4,03_Funk2-108-Eb_comp.jams,1049361,3,3,2,2,True,regression,mixed_by_complete_group,25,12,13,0,0.35170048475265503,0.37300896644592285,0.2752905786037445,0.1550000011920929,0.5179157257080078,0.3830055594444275
49481,4,03_Funk2-108-Eb_comp.jams,1212521,3,3,3,2,False,regression,local_rates_favor_correction_for_all_groups,1,1,0,0,0.3795555531978607,0.25288888812065125,0.36755555868148804,0.125,0.5086182951927185,0.049517929553985596
49522,4,03_Funk2-108-Eb_comp.jams,1371214,5,3,3,4,False,neutral,local_rates_favor_regression_for_all_groups,2,0,2,0,0.2679745554924011,0.33641916513442993,0.39560627937316895,0.25,0.6741737723350525,0.15729466080665588
49542,4,03_Funk2-108-Eb_comp.jams,1423915,3,3,2,2,True,regression,mixed_by_complete_group,101,25,76,0,0.24465298652648926,0.2945775091648102,0.4607694745063782,0.5242883563041687,0.6655286550521851,0.20196112990379333
49548,4,03_Funk2-108-Eb_comp.jams,1457805,3,2,2,3,False,correction,local_rates_favor_correction_for_all_groups,2,2,0,0,0.3669712543487549,0.3069976568222046,0.3260310888290405,0.2890625,0.7014496326446533,0.0268000066280365
49558,4,03_Funk2-108-Eb_comp.jams,1494789,5,3,3,4,False,neutral,mixed_by_complete_group,2,1,1,0,0.3486907482147217,0.3124712407588959,0.33883804082870483,0.125,0.44936731457710266,0.03278225660324097
51445,4,03_Jazz1-130-D_comp.jams,155018,4,2,3,3,False,neutral,mixed_by_complete_group,44,43,1,0,0.432741641998291,0.3631724715232849,0.20408591628074646,0.4431818127632141,0.5464210510253906,0.027207493782043457
51484,4,03_Jazz1-130-D_comp.jams,328528,0,3,2,2,False,neutral,mixed_by_complete_group,117,38,79,0,0.2724367380142212,0.277630090713501,0.4499332010746002,0.6802884340286255,0.8548840880393982,0.1461646556854248
51501,4,03_Jazz1-130-D_comp.jams,406263,2,2,2,3,False,regression,local_rates_favor_regression_for_all_groups,1,0,1,0,0.3472285866737366,0.3544522225856781,0.2983191907405853,0.390625,0.6074116826057434,0.07898780703544617
51544,4,03_Jazz1-130-D_comp.jams,589303,3,3,2,2,True,regression,mixed_by_complete_group,38,33,5,0,0.41601645946502686,0.31094467639923096,0.2730388939380646,0.14144736528396606,0.49896833300590515,0.2560458481311798
53017,4,03_Jazz3-137-Eb_comp.jams,308706,2,3,2,2,False,correction,mixed_by_complete_group,67,25,42,0,0.2835582196712494,0.30784448981285095,0.40859729051589966,0.26795709133148193,0.6544690728187561,0.06670373678207397
53179,4,03_Jazz3-137-Eb_comp.jams,1099599,2,4,2,2,False,correction,mixed_by_complete_group,107,53,54,0,0.2526662051677704,0.24571500718593597,0.5016187429428101,0.20867405831813812,0.5727563500404358,0.17024679481983185
54262,4,03_Rock1-90-C#_comp.jams,57236,3,4,3,3,False,correction,mixed_by_complete_group,76,8,68,0,0.31340157985687256,0.48245906829833984,0.2041393518447876,0.6426809430122375,0.4387108087539673,0.029856353998184204
54326,4,03_Rock1-90-C#_comp.jams,219155,2,3,2,2,False,correction,mixed_by_complete_group,56,23,32,1,0.28444209694862366,0.2933575510978699,0.42220035195350647,0.1648995578289032,0.5189986228942871,0.2476680874824524
54356,4,03_Rock1-90-C#_comp.jams,291393,1,2,3,3,False,neutral,mixed_by_complete_group,57,23,34,0,0.353390097618103,0.36514630913734436,0.2814635932445526,0.5142543911933899,0.4522783160209656,0.020092934370040894
54364,4,03_Rock1-90-C#_comp.jams,308289,1,3,2,2,False,neutral,mixed_by_complete_group,69,4,65,0,0.28232067823410034,0.3646889925003052,0.3529903292655945,0.5491394996643066,0.48184823989868164,0.08332577347755432
54392,4,03_Rock1-90-C#_comp.jams,382274,2,3,4,4,False,neutral,local_rates_favor_correction_for_all_groups,1,1,0,0,0.4729907810688019,0.2819499373435974,0.2450592815876007,0.171875,0.4717988073825836,0.13524681329727173
54412,4,03_Rock1-90-C#_comp.jams,426267,2,4,2,2,False,correction,mixed_by_complete_group,96,93,3,0,0.33948779106140137,0.1878647357225418,0.47264742851257324,0.2869466245174408,0.5251625180244446,0.18952995538711548
54419,4,03_Rock1-90-C#_comp.jams,455538,2,2,2,3,False,regression,mixed_by_complete_group,24,5,19,0,0.324423611164093,0.3687986135482788,0.30677780508995056,0.41015625,0.6211280226707458,0.02875569462776184
54441,4,03_Rock1-90-C#_comp.jams,500238,3,3,4,4,True,regression,mixed_by_complete_group,62,54,8,0,0.35056883096694946,0.2692791819572449,0.38015201687812805,0.17540322244167328,0.5020777583122253,0.46037232875823975
54472,4,03_Rock1-90-C#_comp.jams,573525,3,3,2,2,True,regression,local_rates_favor_correction_for_all_groups,21,21,0,0,0.41240400075912476,0.31439757347106934,0.2731984555721283,0.2418154776096344,0.5215004682540894,0.43105316162109375
54508,4,03_Rock1-90-C#_comp.jams,646413,2,3,2,2,False,correction,local_rates_favor_regression_for_all_groups,1,0,1,0,0.23561693727970123,0.3331198990345001,0.43126314878463745,0.265625,0.4928703308105469,0.13484767079353333
54588,4,03_Rock1-90-C#_comp.jams,852013,2,3,2,2,False,correction,local_rates_favor_correction_for_all_groups,17,17,0,0,0.3282967209815979,0.23915265500545502,0.4325506389141083,0.39430147409439087,0.7193319797515869,0.21766379475593567
54623,4,03_Rock1-90-C#_comp.jams,940945,2,2,3,3,True,regression,local_rates_favor_correction_for_all_groups,63,63,0,0,0.45348861813545227,0.3396762013435364,0.20683522522449493,0.5560516119003296,0.5384087562561035,0.10824480652809143
54634,4,03_Rock1-90-C#_comp.jams,970414,2,2,3,3,True,regression,local_rates_favor_regression_for_all_groups,9,0,9,0,0.32547593116760254,0.3791298568248749,0.2953941822052002,0.484375,0.5816531777381897,0.18749216198921204
54648,4,03_Rock1-90-C#_comp.jams,1000075,2,2,3,3,True,regression,mixed_by_complete_group,62,2,60,0,0.27045542001724243,0.332762211561203,0.39678242802619934,0.4541330635547638,0.5012207627296448,0.15153750777244568
54654,4,03_Rock1-90-C#_comp.jams,1015338,3,3,4,4,True,regression,mixed_by_complete_group,59,56,3,0,0.3541858196258545,0.2680414319038391,0.3777727782726288,0.13532839715480804,0.46136897802352905,0.36713069677352905
54663,4,03_Rock1-90-C#_comp.jams,1045453,2,2,3,3,True,regression,local_rates_favor_correction_for_all_groups,63,63,0,0,0.48814550042152405,0.2949642837047577,0.21689027547836304,0.6646825671195984,0.5510761141777039,0.12774580717086792
54711,4,03_Rock1-90-C#_comp.jams,1144928,2,3,2,2,False,correction,local_rates_favor_correction_for_all_groups,62,62,0,0,0.31777632236480713,0.19199131429195404,0.4902324080467224,0.5292338728904724,0.5220564007759094,0.1843498796224594
54730,4,03_Rock1-90-C#_comp.jams,1204721,3,3,3,2,False,regression,mixed_by_complete_group,37,30,6,1,0.27835801243782043,0.2492763102054596,0.4723656177520752,0.08530405163764954,0.4992986023426056,0.0802086889743805
54738,4,03_Rock1-90-C#_comp.jams,1233962,1,2,3,3,False,neutral,mixed_by_complete_group,7,4,3,0,0.3501304090023041,0.32091906666755676,0.32895058393478394,0.4174107015132904,0.5280542969703674,0.036814987659454346
58367,4,03_SS2-107-Ab_comp.jams,33229,3,3,2,2,True,regression,local_rates_favor_correction_for_all_groups,3,3,0,0,0.3450382649898529,0.29470768570899963,0.36025404930114746,0.4427083432674408,0.7052372097969055,0.025508373975753784
58371,4,03_SS2-107-Ab_comp.jams,50030,3,4,4,3,False,correction,mixed_by_complete_group,63,2,61,0,0.3364805281162262,0.4048701524734497,0.2586493492126465,0.6401289701461792,0.5339496731758118,0.08386430144309998
58392,4,03_SS2-107-Ab_comp.jams,110290,3,3,2,2,True,regression,local_rates_favor_correction_for_all_groups,67,67,0,0,0.38408565521240234,0.24224068224430084,0.373673677444458,0.39668843150138855,0.6244784593582153,0.621181845664978
58393,4,03_SS2-107-Ab_comp.jams,112071,2,3,4,4,False,neutral,mixed_by_complete_group,5,3,2,0,0.2863106429576874,0.27808699011802673,0.4356023669242859,0.09375,0.5425758361816406,0.227418452501297
58436,4,03_SS2-107-Ab_comp.jams,210221,3,3,2,2,True,regression,local_rates_favor_correction_for_all_groups,59,59,0,0,0.3433665931224823,0.19741284847259521,0.45922061800956726,0.39645126461982727,0.5456933379173279,0.2077137976884842
58446,4,03_SS2-107-Ab_comp.jams,229942,2,3,2,2,False,correction,mixed_by_complete_group,94,53,40,1,0.2691743075847626,0.27431437373161316,0.4565112888813019,0.551196813583374,0.7762192487716675,0.2684485912322998
58450,4,03_SS2-107-Ab_comp.jams,247176,4,3,2,2,False,neutral,local_rates_favor_correction_for_all_groups,12,12,0,0,0.4363170862197876,0.2835584282875061,0.2801245152950287,0.1341145783662796,0.597994327545166,0.06532266736030579
58458,4,03_SS2-107-Ab_comp.jams,266500,2,3,2,2,False,correction,local_rates_favor_correction_for_all_groups,18,18,0,0,0.35896602272987366,0.23869378864765167,0.4023401737213135,0.5737847089767456,0.635563850402832,0.3203599452972412
58465,4,03_SS2-107-Ab_comp.jams,283839,3,3,2,2,True,regression,local_rates_favor_correction_for_all_groups,1,1,0,0,0.24607989192008972,0.2144039124250412,0.5395162105560303,0.578125,0.6517095565795898,0.2064152956008911
58474,4,03_SS2-107-Ab_comp.jams,309802,5,3,4,4,False,neutral,local_rates_favor_correction_for_all_groups,1,1,0,0,0.4369369447231293,0.19594594836235046,0.36711710691452026,0.1875,0.4666396975517273,0.3306322693824768
58497,4,03_SS2-107-Ab_comp.jams,364913,3,3,3,2,False,regression,mixed_by_complete_group,10,7,3,0,0.3750039041042328,0.3365913927555084,0.2884047031402588,0.20156249403953552,0.5955888032913208,0.015972986817359924
58514,4,03_SS2-107-Ab_comp.jams,407321,2,3,2,2,False,correction,local_rates_favor_correction_for_all_groups,65,65,0,0,0.4222869277000427,0.21988557279109955,0.35782745480537415,0.2230769246816635,0.6996668577194214,0.1812579333782196
58523,4,03_SS2-107-Ab_comp.jams,427833,2,3,2,2,False,correction,mixed_by_complete_group,4,3,1,0,0.3461812138557434,0.33737465739250183,0.3164440989494324,0.3203125,0.8178309202194214,0.46877366304397583
58541,4,03_SS2-107-Ab_comp.jams,493756,1,3,2,2,False,neutral,mixed_by_complete_group,65,64,1,0,0.35229575634002686,0.18317526578903198,0.46452897787094116,0.20096154510974884,0.6959753632545471,0.45130741596221924
58553,4,03_SS2-107-Ab_comp.jams,525523,2,3,2,2,False,correction,mixed_by_complete_group,46,19,27,0,0.3000529408454895,0.3139101266860962,0.38603687286376953,0.4256114065647125,0.6469900012016296,0.4763067662715912
58568,4,03_SS2-107-Ab_comp.jams,563032,2,3,2,2,False,correction,mixed_by_complete_group,19,18,1,0,0.4360272288322449,0.24776215851306915,0.31621062755584717,0.31167763471603394,0.5454846620559692,0.45528191328048706
58596,4,03_SS2-107-Ab_comp.jams,631594,3,2,2,3,False,correction,local_rates_favor_correction_for_all_groups,15,15,0,0,0.4174715578556061,0.30724793672561646,0.27528050541877747,0.3291666805744171,0.5383216142654419,0.0027689337730407715
58599,4,03_SS2-107-Ab_comp.jams,643944,4,3,4,4,False,correction,mixed_by_complete_group,2,1,1,0,0.3629421591758728,0.3190252184867859,0.3180326223373413,0.125,0.4391986131668091,0.3725525140762329
58630,4,03_SS2-107-Ab_comp.jams,724514,2,3,2,2,False,correction,mixed_by_complete_group,59,3,56,0,0.30114781856536865,0.3438878059387207,0.35496440529823303,0.6681673526763916,0.6650781631469727,0.1362602710723877
58638,4,03_SS2-107-Ab_comp.jams,754401,2,3,2,2,False,correction,mixed_by_complete_group,73,17,55,1,0.28450286388397217,0.3276951014995575,0.38780200481414795,0.36215752363204956,0.7306751012802124,0.16056767106056213
58639,4,03_SS2-107-Ab_comp.jams,761034,3,4,3,3,False,correction,local_rates_favor_regression_for_all_groups,63,0,63,0,0.2990874946117401,0.35881611704826355,0.3420964479446411,0.8685516119003296,0.4971546530723572,0.02300766110420227
58684,4,03_SS2-107-Ab_comp.jams,902852,3,3,2,2,True,regression,mixed_by_complete_group,59,57,2,0,0.33343425393104553,0.27311721444129944,0.39344853162765503,0.4388241469860077,0.5370672345161438,0.19960060715675354
58708,4,03_SS2-107-Ab_comp.jams,959377,2,3,2,2,False,correction,local_rates_favor_correction_for_all_groups,33,33,0,0,0.3649325966835022,0.2723488211631775,0.3627185821533203,0.313446968793869,0.4747076630592346,0.28083285689353943
58733,4,03_SS2-107-Ab_comp.jams,1020797,2,3,3,2,False,correction,mixed_by_complete_group,63,31,29,3,0.25822094082832336,0.26067736744880676,0.4811016917228699,0.635664701461792,0.6827864050865173,0.037709444761276245
58735,4,03_SS2-107-Ab_comp.jams,1026370,2,3,2,2,False,correction,local_rates_favor_correction_for_all_groups,56,56,0,0,0.30033406615257263,0.21376395225524902,0.48590201139450073,0.8314732313156128,0.8638595938682556,0.2841768264770508
58738,4,03_SS2-107-Ab_comp.jams,1038523,2,2,3,3,True,regression,mixed_by_complete_group,22,14,8,0,0.34942951798439026,0.31650957465171814,0.3340608775615692,0.3657670319080353,0.6841175556182861,0.19303128123283386
58761,4,03_SS2-107-Ab_comp.jams,1100107,1,3,2,2,False,neutral,mixed_by_complete_group,82,73,9,0,0.30594736337661743,0.24374742805957794,0.4503052830696106,0.36204269528388977,0.6234918236732483,0.10472439974546432
58777,4,03_SS2-107-Ab_comp.jams,1137108,2,3,2,2,False,correction,local_rates_favor_correction_for_all_groups,3,3,0,0,0.3148609399795532,0.27971887588500977,0.405420184135437,0.3697916567325592,0.5524188876152039,0.40912604331970215
58796,4,03_SS2-107-Ab_comp.jams,1186942,2,3,2,2,False,correction,mixed_by_complete_group,63,7,56,0,0.26139044761657715,0.3144248425960541,0.4241846799850464,0.3628472089767456,0.5771315693855286,0.1498129963874817
58801,4,03_SS2-107-Ab_comp.jams,1199839,3,4,3,3,False,correction,local_rates_favor_regression_for_all_groups,63,0,63,0,0.17611433565616608,0.4270155727863312,0.39687007665634155,0.8263888955116272,0.5126516819000244,0.18117523193359375
58810,4,03_SS2-107-Ab_comp.jams,1219257,2,3,2,2,False,correction,mixed_by_complete_group,4,2,2,0,0.32277727127075195,0.3120904564857483,0.36513227224349976,0.55078125,0.6897293329238892,0.3522709012031555
58814,4,03_SS2-107-Ab_comp.jams,1236913,2,2,3,3,True,regression,mixed_by_complete_group,43,41,2,0,0.4244544804096222,0.3245377540588379,0.2510077655315399,0.49672964215278625,0.7006557583808899,0.2916956841945648
58819,4,03_SS2-107-Ab_comp.jams,1249450,0,2,2,3,False,neutral,local_rates_favor_regression_for_all_groups,3,0,3,0,0.1600332111120224,0.3292996883392334,0.5106671452522278,0.3958333432674408,1.1684767007827759,0.0006770789623260498
58820,4,03_SS2-107-Ab_comp.jams,1256238,3,2,3,3,False,correction,local_rates_favor_correction_for_all_groups,64,64,0,0,0.49470192193984985,0.3229403495788574,0.18235768377780914,0.683837890625,0.6823444962501526,0.42056941986083984
58826,4,03_SS2-107-Ab_comp.jams,1286049,1,3,3,2,False,neutral,mixed_by_complete_group,67,45,22,0,0.22827744483947754,0.18651050329208374,0.5852120518684387,0.13805970549583435,0.7889127731323242,0.10209523141384125
58837,4,03_SS2-107-Ab_comp.jams,1317415,2,3,2,2,False,correction,local_rates_favor_regression_for_all_groups,42,0,41,1,0.28400716185569763,0.3625102937221527,0.35348257422447205,0.433407723903656,0.6728094220161438,0.10473653674125671
58881,4,03_SS2-107-Ab_comp.jams,1435066,3,3,2,2,True,regression,mixed_by_complete_group,70,69,1,0,0.2930808663368225,0.18700779974460602,0.5199113488197327,0.5238839387893677,0.5472193360328674,0.29645222425460815
58889,4,03_SS2-107-Ab_comp.jams,1454454,3,3,2,2,True,regression,mixed_by_complete_group,2,1,1,0,0.30687907338142395,0.2605133354663849,0.43260759115219116,0.3125,0.5661924481391907,0.17685267329216003
58909,4,03_SS2-107-Ab_comp.jams,1513621,1,3,2,2,False,neutral,mixed_by_complete_group,92,91,1,0,0.33372971415519714,0.1919165700674057,0.47435370087623596,0.4850543439388275,0.7261142730712891,0.547202467918396
58921,4,03_SS2-107-Ab_comp.jams,1552356,2,3,2,2,False,correction,local_rates_favor_correction_for_all_groups,56,56,0,0,0.3292819559574127,0.17365561425685883,0.49706241488456726,0.2433035671710968,0.6069859862327576,0.3434436023235321
62610,4,04_Funk2-108-Eb_comp.jams,159553,3,3,4,4,True,regression,local_rates_favor_regression_for_all_groups,1,0,1,0,0.28661617636680603,0.31186869740486145,0.4015151560306549,0.1875,0.43402689695358276,0.09261149168014526
62614,4,04_Funk2-108-Eb_comp.jams,178859,2,2,3,3,True,regression,local_rates_favor_regression_for_all_groups,59,0,59,0,0.25565168261528015,0.3699715733528137,0.37437668442726135,0.4388241469860077,1.1954182386398315,0.2325388491153717
62619,4,04_Funk2-108-Eb_comp.jams,196573,2,3,2,2,False,correction,local_rates_favor_regression_for_all_groups,3,0,3,0,0.24890132248401642,0.47687315940856934,0.27422550320625305,0.3541666567325592,0.47367063164711,0.15598177909851074
62632,4,04_Funk2-108-Eb_comp.jams,257855,3,3,4,4,True,regression,mixed_by_complete_group,26,21,5,0,0.3496561348438263,0.2789728343486786,0.3713710606098175,0.19591346383094788,0.48426076769828796,0.14307942986488342
62639,4,04_Funk2-108-Eb_comp.jams,276297,2,2,3,3,True,regression,mixed_by_complete_group,43,1,42,0,0.35666054487228394,0.41118910908699036,0.2321503907442093,0.5119912624359131,0.7515256404876709,0.2429792732000351
62646,4,04_Funk2-108-Eb_comp.jams,313704,2,2,3,3,True,regression,local_rates_favor_regression_for_all_groups,55,0,55,0,0.21249011158943176,0.4139825999736786,0.3735273480415344,0.3173295557498932,0.7896407842636108,0.1162852942943573
62656,4,04_Funk2-108-Eb_comp.jams,375594,3,2,3,3,False,correction,local_rates_favor_correction_for_all_groups,62,62,0,0,0.45744094252586365,0.2609230577945709,0.2816360592842102,0.5219253897666931,0.6949869990348816,0.2627409100532532
62683,4,04_Funk2-108-Eb_comp.jams,473450,2,3,2,2,False,correction,mixed_by_complete_group,61,43,17,1,0.31119421124458313,0.2956851124763489,0.3931206166744232,0.3396516442298889,0.7644872665405273,0.12746182084083557
62693,4,04_Funk2-108-Eb_comp.jams,508304,1,3,2,2,False,neutral,mixed_by_complete_group,61,49,12,0,0.26541727781295776,0.21847428381443024,0.5161084532737732,0.27740779519081116,0.8106892704963684,0.058750882744789124
62730,4,04_Funk2-108-Eb_comp.jams,636738,2,3,3,2,False,correction,mixed_by_complete_group,39,15,22,2,0.35358285903930664,0.3813306391239166,0.26508650183677673,0.31129807233810425,0.6208529472351074,0.01563858985900879
62761,4,04_Funk2-108-Eb_comp.jams,753794,3,3,2,2,True,regression,local_rates_favor_correction_for_all_groups,2,2,0,0,0.408565878868103,0.22736632823944092,0.36406779289245605,0.15625,0.7526390552520752,0.550107479095459
62776,4,04_Funk2-108-Eb_comp.jams,803613,2,3,2,2,False,correction,mixed_by_complete_group,17,12,5,0,0.3309642970561981,0.3018641471862793,0.3671715557575226,0.34191176295280457,0.7303432822227478,0.39823904633522034
62837,4,04_Funk2-108-Eb_comp.jams,997761,2,3,2,2,False,correction,local_rates_favor_correction_for_all_groups,86,86,0,0,0.31236907839775085,0.1968044489622116,0.49082639813423157,0.4934593141078949,0.8545603156089783,0.027985066175460815
62841,4,04_Funk2-108-Eb_comp.jams,1016341,2,3,2,2,False,correction,local_rates_favor_correction_for_all_groups,48,48,0,0,0.35095763206481934,0.22617465257644653,0.42286768555641174,0.5003255009651184,0.7186784744262695,0.11881065368652344
62842,4,04_Funk2-108-Eb_comp.jams,1018168,1,3,2,2,False,neutral,mixed_by_complete_group,43,41,2,0,0.32140520215034485,0.22288557887077332,0.4557092487812042,0.22819767892360687,0.5094470381736755,0.21795685589313507
62861,4,04_Funk2-108-Eb_comp.jams,1098938,3,4,2,2,False,neutral,mixed_by_complete_group,108,80,28,0,0.24764537811279297,0.197348490357399,0.5550060868263245,0.24508102238178253,0.7989060878753662,0.6196212768554688
62890,4,04_Funk2-108-Eb_comp.jams,1211776,4,3,2,2,False,neutral,mixed_by_complete_group,7,6,1,0,0.3127288222312927,0.24628214538097382,0.44098907709121704,0.125,0.9276496171951294,0.26159653067588806
62908,4,04_Funk2-108-Eb_comp.jams,1269438,3,3,2,2,True,regression,mixed_by_complete_group,56,23,33,0,0.29713526368141174,0.3056463301181793,0.3972184360027313,0.4720982015132904,0.7836823463439941,0.18226215243339539
62913,4,04_Funk2-108-Eb_comp.jams,1285924,2,3,2,2,False,correction,local_rates_favor_correction_for_all_groups,62,62,0,0,0.41961878538131714,0.15732987225055695,0.4230513870716095,0.22429434955120087,0.6658471822738647,0.39442551136016846
62914,4,04_Funk2-108-Eb_comp.jams,1287703,2,2,2,3,False,regression,mixed_by_complete_group,60,4,56,0,0.28240966796875,0.3337499499320984,0.3838403820991516,0.3557291626930237,0.582435667514801,0.05832195281982422
62916,4,04_Funk2-108-Eb_comp.jams,1299104,0,3,2,2,False,neutral,local_rates_favor_regression_for_all_groups,61,0,61,0,0.23397037386894226,0.28194308280944824,0.48408645391464233,0.4628586173057556,1.2670716047286987,0.23020389676094055
62944,4,04_Funk2-108-Eb_comp.jams,1403968,3,2,3,3,False,correction,local_rates_favor_correction_for_all_groups,62,62,0,0,0.4989863336086273,0.32779091596603394,0.17322275042533875,0.5924898982048035,0.833554744720459,0.28325706720352173
62948,4,04_Funk2-108-Eb_comp.jams,1420917,2,3,3,2,False,correction,local_rates_favor_regression_for_all_groups,16,0,16,0,0.24152369797229767,0.40115541219711304,0.3573208749294281,0.107421875,0.4892790615558624,0.027371913194656372
65119,4,04_Jazz1-130-D_comp.jams,122981,4,3,4,4,False,correction,local_rates_favor_regression_for_all_groups,1,0,1,0,0.3127932548522949,0.35783547163009644,0.32937127351760864,0.171875,0.4891618490219116,0.12451249361038208
65185,4,04_Jazz1-130-D_comp.jams,367068,4,3,2,2,False,neutral,mixed_by_complete_group,56,35,21,0,0.37015268206596375,0.35639604926109314,0.2734512686729431,0.38671875,0.5843539834022522,0.06954973936080933
65191,4,04_Jazz1-130-D_comp.jams,385850,4,3,4,4,False,correction,mixed_by_complete_group,63,14,45,4,0.27068060636520386,0.3149432837963104,0.4143761098384857,0.2817460298538208,0.7686870098114014,0.44298869371414185
65267,4,04_Jazz1-130-D_comp.jams,630105,4,4,3,3,True,regression,mixed_by_complete_group,63,16,47,0,0.3312223255634308,0.35773006081581116,0.31104764342308044,0.5215773582458496,0.6943472623825073,0.16995418071746826
65293,4,04_Jazz1-130-D_comp.jams,711373,4,3,2,2,False,neutral,local_rates_favor_regression_for_all_groups,3,0,3,0,0.22729496657848358,0.4247220754623413,0.3479829728603363,0.2239583283662796,0.47550010681152344,0.11779740452766418
65315,4,04_Jazz1-130-D_comp.jams,772677,4,3,3,2,False,neutral,mixed_by_complete_group,16,5,11,0,0.24438464641571045,0.29975879192352295,0.4558565616607666,0.0498046875,0.5037873983383179,0.16886930167675018
65332,4,04_Jazz1-130-D_comp.jams,813471,3,3,2,2,True,regression,mixed_by_complete_group,63,2,61,0,0.25649893283843994,0.39288923144340515,0.3506118357181549,0.3980654776096344,0.5857531428337097,0.09030434489250183
65353,4,04_Jazz1-130-D_comp.jams,875458,4,4,4,3,False,regression,local_rates_favor_regression_for_all_groups,21,0,21,0,0.31513914465904236,0.4014476537704468,0.2834131717681885,0.5141369104385376,0.720719575881958,0.07472965121269226
65365,4,04_Jazz1-130-D_comp.jams,908383,4,4,3,3,True,regression,mixed_by_complete_group,65,5,60,0,0.29233819246292114,0.3048537075519562,0.40280812978744507,0.8882211446762085,0.5574036240577698,0.20180711150169373
66693,4,04_Jazz3-137-Eb_comp.jams,29916,4,4,3,3,True,regression,mixed_by_complete_group,58,1,57,0,0.3355814218521118,0.39589589834213257,0.2685226798057556,0.7362607717514038,0.5901284217834473,0.14605525135993958
66697,4,04_Jazz3-137-Eb_comp.jams,39658,4,3,2,2,False,neutral,mixed_by_complete_group,84,34,50,0,0.3010581135749817,0.30340489745140076,0.39553695917129517,0.515997052192688,0.55201256275177,0.04573976993560791
66701,4,04_Jazz3-137-Eb_comp.jams,50281,4,4,2,2,True,regression,local_rates_favor_correction_for_all_groups,23,23,0,0,0.30575355887413025,0.20348961651325226,0.4907568693161011,0.15285326540470123,0.668652355670929,0.07060205936431885
66731,4,04_Jazz3-137-Eb_comp.jams,192654,3,3,2,2,True,regression,mixed_by_complete_group,85,17,67,1,0.2561965584754944,0.2975400388240814,0.4462634027004242,0.47095587849617004,0.5805703401565552,0.19300809502601624
66771,4,04_Jazz3-137-Eb_comp.jams,339408,4,4,3,3,True,regression,local_rates_favor_correction_for_all_groups,64,64,0,0,0.41766589879989624,0.3486904203891754,0.23364371061325073,0.711181640625,0.5159111618995667,0.12560030817985535
66780,4,04_Jazz3-137-Eb_comp.jams,360047,4,3,2,2,False,neutral,mixed_by_complete_group,59,48,11,0,0.3641926050186157,0.30901217460632324,0.32679522037506104,0.456832617521286,0.7674721479415894,0.2654447853565216
66784,4,04_Jazz3-137-Eb_comp.jams,376812,4,3,4,4,False,correction,local_rates_favor_regression_for_all_groups,1,0,1,0,0.3060157001018524,0.4420226812362671,0.2519616484642029,0.296875,1.0032986402511597,0.2399950623512268
66788,4,04_Jazz3-137-Eb_comp.jams,395660,4,4,3,3,True,regression,mixed_by_complete_group,59,6,53,0,0.3100863993167877,0.37554115056991577,0.3143724203109741,0.5323092937469482,0.6972603797912598,0.16576817631721497
66797,4,04_Jazz3-137-Eb_comp.jams,423714,3,3,3,2,False,regression,mixed_by_complete_group,36,1,35,0,0.28284844756126404,0.4184807538986206,0.29867076873779297,0.2586805522441864,0.5097233653068542,0.03177851438522339
66805,4,04_Jazz3-137-Eb_comp.jams,463010,4,3,3,2,False,neutral,local_rates_favor_regression_for_all_groups,60,0,60,0,0.21887674927711487,0.4632178544998169,0.317905455827713,0.15000000596046448,0.49978306889533997,0.012711405754089355
66825,4,04_Jazz3-137-Eb_comp.jams,532521,3,3,4,4,True,regression,local_rates_favor_regression_for_all_groups,28,0,28,0,0.2307882010936737,0.3635875880718231,0.4056241810321808,0.0647321417927742,0.4708035886287689,0.11377307772636414
66859,4,04_Jazz3-137-Eb_comp.jams,648521,4,3,4,4,False,correction,local_rates_favor_regression_for_all_groups,2,0,2,0,0.22509005665779114,0.34708088636398315,0.4278290271759033,0.2265625,0.8051183223724365,0.3283984065055847
66872,4,04_Jazz3-137-Eb_comp.jams,688163,3,4,2,2,False,neutral,mixed_by_complete_group,64,4,60,0,0.22814133763313293,0.2861577868461609,0.48570090532302856,0.23095703125,0.4979611039161682,0.32293564081192017
66910,4,04_Jazz3-137-Eb_comp.jams,841751,4,3,4,4,False,correction,mixed_by_complete_group,30,25,5,0,0.3257579505443573,0.28084829449653625,0.39339378476142883,0.18437500298023224,0.5043413043022156,0.00428810715675354
66920,4,04_Jazz3-137-Eb_comp.jams,867903,4,3,4,4,False,correction,mixed_by_complete_group,41,25,15,1,0.2781154215335846,0.2662878632545471,0.4555967450141907,0.17873474955558777,0.49923306703567505,0.20162582397460938
66926,4,04_Jazz3-137-Eb_comp.jams,881473,4,3,4,4,False,correction,local_rates_favor_correction_for_all_groups,1,1,0,0,0.4517374634742737,0.2715572714805603,0.276705265045166,0.140625,0.535791277885437,0.2769082486629486
66945,4,04_Jazz3-137-Eb_comp.jams,920690,4,4,2,2,True,regression,mixed_by_complete_group,103,102,1,0,0.38579481840133667,0.20600458979606628,0.40820053219795227,0.3933555781841278,0.6311175227165222,0.19838745892047882
66977,4,04_Jazz3-137-Eb_comp.jams,1023818,3,4,3,2,False,neutral,mixed_by_complete_group,72,22,50,0,0.24683529138565063,0.2697177529335022,0.48344695568084717,0.2545572817325592,0.5975310802459717,0.08643676340579987
66982,4,04_Jazz3-137-Eb_comp.jams,1036030,2,3,2,2,False,correction,mixed_by_complete_group,101,14,87,0,0.2185366153717041,0.3359929025173187,0.4454704225063324,0.4340965449810028,0.5633502006530762,0.07370324432849884
66988,4,04_Jazz3-137-Eb_comp.jams,1056199,3,3,2,2,True,regression,mixed_by_complete_group,63,10,51,2,0.3003116548061371,0.3533673882484436,0.3463209867477417,0.3122519850730896,0.8273430466651917,0.2586052715778351
66991,4,04_Jazz3-137-Eb_comp.jams,1075292,4,4,3,3,True,regression,local_rates_favor_regression_for_all_groups,56,0,56,0,0.301699161529541,0.43958812952041626,0.2587127089500427,0.78515625,0.9602800011634827,0.03065451979637146
66993,4,04_Jazz3-137-Eb_comp.jams,1092833,4,4,3,3,True,regression,mixed_by_complete_group,63,3,60,0,0.29301917552948,0.37063127756118774,0.3363495171070099,0.4776785671710968,0.766373872756958,0.13507777452468872
67012,4,04_Jazz3-137-Eb_comp.jams,1159060,4,4,3,3,True,regression,local_rates_favor_correction_for_all_groups,57,57,0,0,0.4486546814441681,0.2992347180843353,0.2521105706691742,0.8382675647735596,0.58231121301651,0.27771860361099243
67081,4,04_Jazz3-137-Eb_solo.jams,455449,2,2,3,3,True,regression,mixed_by_complete_group,61,3,58,0,0.3657940924167633,0.41893014311790466,0.21527576446533203,0.5655737519264221,1.087510347366333,0.2520420551300049
68175,4,04_Rock1-90-C#_comp.jams,102159,3,3,2,2,True,regression,mixed_by_complete_group,18,12,6,0,0.32211488485336304,0.24608373641967773,0.43180134892463684,0.0668402761220932,0.5525890588760376,0.1783054769039154
68196,4,04_Rock1-90-C#_comp.jams,175992,2,3,2,2,False,correction,local_rates_favor_correction_for_all_groups,89,89,0,0,0.36451271176338196,0.17473816871643066,0.4607491195201874,0.2659761309623718,0.6821154356002808,0.5264905095100403
68248,4,04_Rock1-90-C#_comp.jams,324746,2,3,2,2,False,correction,local_rates_favor_regression_for_all_groups,63,0,63,0,0.20094344019889832,0.5085644125938416,0.29049208760261536,0.1969245970249176,0.5081496834754944,0.1789540946483612
68254,4,04_Rock1-90-C#_comp.jams,338972,3,3,3,2,False,regression,mixed_by_complete_group,50,1,49,0,0.23766259849071503,0.35149767994880676,0.4108397662639618,0.17406250536441803,0.5148844718933105,0.06740540266036987
68289,4,04_Rock1-90-C#_comp.jams,439718,3,2,3,3,False,correction,mixed_by_complete_group,62,61,1,0,0.5066425800323486,0.29011961817741394,0.20323783159255981,0.45438507199287415,0.5364593863487244,0.22102543711662292
68295,4,04_Rock1-90-C#_comp.jams,469462,2,3,2,2,False,correction,mixed_by_complete_group,39,38,1,0,0.3602735698223114,0.24403369426727295,0.39569276571273804,0.30568909645080566,0.6506840586662292,0.21547655761241913
68309,4,04_Rock1-90-C#_comp.jams,499402,2,3,2,2,False,correction,mixed_by_complete_group,33,22,11,0,0.28870004415512085,0.2713610529899597,0.4399389326572418,0.3385416567325592,0.6714760065078735,0.07938176393508911
68323,4,04_Rock1-90-C#_comp.jams,529374,4,3,4,4,False,correction,local_rates_favor_correction_for_all_groups,7,7,0,0,0.39630937576293945,0.2936663329601288,0.3100242614746094,0.1696428507566452,0.5257075428962708,0.46653759479522705
68337,4,04_Rock1-90-C#_comp.jams,557210,3,3,4,4,True,regression,local_rates_favor_regression_for_all_groups,6,0,6,0,0.1480981707572937,0.38039276003837585,0.47150906920433044,0.21875,0.5838573575019836,0.07522538304328918
68365,4,04_Rock1-90-C#_comp.jams,615343,1,2,3,3,False,neutral,local_rates_favor_regression_for_all_groups,1,0,1,0,0.19805321097373962,0.28539907932281494,0.516547679901123,0.859375,0.6169245839118958,0.014664441347122192
68366,4,04_Rock1-90-C#_comp.jams,617120,4,2,3,3,False,neutral,local_rates_favor_regression_for_all_groups,15,0,15,0,0.28086453676223755,0.41666218638420105,0.3024732768535614,0.659375011920929,0.5163501501083374,0.20649102330207825
68387,4,04_Rock1-90-C#_comp.jams,659478,2,3,2,2,False,correction,mixed_by_complete_group,82,81,1,0,0.3370428681373596,0.2027198076248169,0.4602373242378235,0.45617377758026123,0.6241757273674011,0.1302177906036377
68494,4,04_Rock1-90-C#_comp.jams,970087,3,3,2,2,True,regression,local_rates_favor_correction_for_all_groups,61,61,0,0,0.3535699248313904,0.17393411695957184,0.4724959433078766,0.3865266442298889,0.5437178611755371,0.34532302618026733
68524,4,04_Rock1-90-C#_comp.jams,1056243,4,3,4,4,False,correction,mixed_by_complete_group,56,3,52,1,0.24642857909202576,0.3856792449951172,0.36789217591285706,0.1300223171710968,0.5519936680793762,0.04637271165847778
68540,4,04_Rock1-90-C#_comp.jams,1086873,4,3,4,4,False,correction,mixed_by_complete_group,47,42,5,0,0.36591145396232605,0.2857210338115692,0.34836748242378235,0.07679521292448044,0.4795781672000885,0.01891613006591797
68555,4,04_Rock1-90-C#_comp.jams,1115446,3,3,4,4,True,regression,local_rates_favor_regression_for_all_groups,16,0,15,1,0.23268750309944153,0.4375995099544525,0.32971298694610596,0.123046875,0.5271145105361938,0.16176116466522217
68603,4,04_Rock1-90-C#_comp.jams,1235005,4,4,3,3,True,regression,mixed_by_complete_group,2,1,1,0,0.3266209363937378,0.3388027548789978,0.3345763385295868,0.6171875,0.6327123641967773,0.24757906794548035
68611,4,04_Rock1-90-C#_comp.jams,1250331,2,3,2,2,False,correction,mixed_by_complete_group,79,16,63,0,0.2712591290473938,0.30519717931747437,0.42354366183280945,0.4814082384109497,0.5453940629959106,0.019474893808364868
68631,4,04_Rock1-90-C#_comp.jams,1291826,4,3,4,4,False,correction,local_rates_favor_regression_for_all_groups,2,0,2,0,0.16945813596248627,0.4148826003074646,0.4156592786312103,0.1796875,0.5386924147605896,0.01519763469696045
68649,4,04_Rock1-90-C#_comp.jams,1336158,3,3,4,4,True,regression,local_rates_favor_regression_for_all_groups,1,0,1,0,0.2874999940395355,0.36250001192092896,0.3499999940395355,0.125,0.5564221143722534,0.01912546157836914
72396,4,04_SS2-107-Ab_comp.jams,49687,2,3,2,2,False,correction,local_rates_favor_regression_for_all_groups,4,0,4,0,0.24908974766731262,0.3199837803840637,0.43092650175094604,0.27734375,0.5434138178825378,0.3197944462299347
72450,4,04_SS2-107-Ab_comp.jams,247930,1,3,3,2,False,neutral,mixed_by_complete_group,82,14,68,0,0.2887268662452698,0.3405380845069885,0.3707350492477417,0.5729801654815674,0.512143075466156,0.02425527572631836
72475,4,04_SS2-107-Ab_comp.jams,346513,2,2,3,3,True,regression,local_rates_favor_regression_for_all_groups,63,0,63,0,0.24523206055164337,0.36482658982276917,0.38994133472442627,0.5736607313156128,0.4347321689128876,0.09795516729354858
72584,4,04_SS2-107-Ab_comp.jams,724305,1,3,2,2,False,neutral,mixed_by_complete_group,107,29,78,0,0.22603297233581543,0.2487005591392517,0.5252664685249329,0.5346086621284485,0.8224331736564636,0.23211337625980377
72591,4,04_SS2-107-Ab_comp.jams,742284,1,2,3,3,False,neutral,mixed_by_complete_group,61,28,33,0,0.3314061164855957,0.3446985185146332,0.3238953649997711,0.5753073692321777,0.4321821331977844,0.08854120969772339
72594,4,04_SS2-107-Ab_comp.jams,756417,1,3,2,2,False,neutral,mixed_by_complete_group,107,106,1,0,0.2611134946346283,0.2088751345872879,0.5300113558769226,0.6769859790802002,0.904118537902832,0.4817239046096802
72603,4,04_SS2-107-Ab_comp.jams,792493,3,3,3,2,False,regression,local_rates_favor_regression_for_all_groups,16,0,16,0,0.2557624280452728,0.40369871258735657,0.3405388593673706,0.208984375,0.514055609703064,0.007201284170150757
72753,4,04_SS2-107-Ab_comp.jams,1256187,1,3,2,2,False,neutral,mixed_by_complete_group,104,17,87,0,0.27485576272010803,0.3148341476917267,0.41031011939048767,0.618239164352417,0.6428552269935608,0.16470615565776825
72769,4,04_SS2-107-Ab_comp.jams,1310097,1,3,2,2,False,neutral,mixed_by_complete_group,107,24,83,0,0.2254178375005722,0.3039171099662781,0.4706650972366333,0.4741530418395996,0.9180681705474854,0.035128235816955566
72783,4,04_SS2-107-Ab_comp.jams,1385249,2,2,3,3,True,regression,local_rates_favor_regression_for_all_groups,5,0,5,0,0.2836349606513977,0.4255102574825287,0.2908548414707184,0.546875,0.47449755668640137,0.08223026990890503
72789,4,04_SS2-107-Ab_comp.jams,1423775,1,3,2,2,False,neutral,mixed_by_complete_group,118,79,39,0,0.3289143145084381,0.2502008080482483,0.4208848476409912,0.5377383232116699,0.9280721545219421,0.36050549149513245
72794,4,04_SS2-107-Ab_comp.jams,1435867,2,2,3,3,True,regression,mixed_by_complete_group,63,3,60,0,0.3118574619293213,0.36473584175109863,0.32340672612190247,0.6180555820465088,0.45923927426338196,0.38171789050102234
