global_index,fold,recording_id,start_sample,true_K,baseline_K,global_K,local_K,existing_global_regression,effect_vs_freeze,local_audit_profile,same_destination_groups,groups_favoring_correction,groups_favoring_regression,groups_tied,mean_local_correction_rate,mean_local_regression_rate,mean_local_neutral_rate,mean_local_support_fraction,mean_neighbor_distance,announced_gain
624,0,00_BN2-166-Ab_comp.jams,199808,2,2,3,3,True,regression,local_rates_favor_regression_for_all_groups,2,0,2,0,0.19245551526546478,0.4627264142036438,0.3448180556297302,0.4375,0.4916605055332184,0.17360207438468933
760,0,00_BN2-166-Ab_comp.jams,709555,3,3,4,4,True,regression,local_rates_favor_correction_for_all_groups,18,18,0,0,0.4046150743961334,0.2884032726287842,0.3069816827774048,0.2135416716337204,0.5189223885536194,0.23336520791053772
767,0,00_BN2-166-Ab_comp.jams,749179,3,3,3,2,False,regression,mixed_by_complete_group,3,2,1,0,0.32323145866394043,0.3092903196811676,0.36747822165489197,0.7708333134651184,0.5943198800086975,0.0023801326751708984
7484,0,00_Jazz3-150-C_comp.jams,345289,4,4,3,3,True,regression,mixed_by_complete_group,93,15,78,0,0.2859811782836914,0.415921688079834,0.2980971336364746,0.5483871102333069,0.7156268954277039,0.25464385747909546
7629,0,00_Jazz3-150-C_comp.jams,811527,4,4,3,2,True,regression,local_rates_favor_regression_for_all_groups,14,0,14,0,0.1809248924255371,0.3370136320590973,0.4820615351200104,0.2600446343421936,0.5989555716514587,0.06293725967407227
7651,0,00_Jazz3-150-C_comp.jams,864275,3,3,2,2,True,regression,local_rates_favor_correction_for_all_groups,4,4,0,0,0.37941864132881165,0.19149938225746155,0.4290819764137268,0.25,0.5212092399597168,0.2896132171154022
9649,0,00_Rock2-142-D_comp.jams,35507,4,4,3,3,True,regression,local_rates_favor_regression_for_all_groups,34,0,34,0,0.23397403955459595,0.39173391461372375,0.3742920458316803,0.584099292755127,0.5027308464050293,0.19922193884849548
9868,0,00_Rock2-142-D_comp.jams,570756,4,4,3,3,True,regression,local_rates_favor_correction_for_all_groups,3,3,0,0,0.32703036069869995,0.22142906486988068,0.4515405595302582,0.7291666865348816,0.6438054442405701,0.3498464524745941
9975,0,00_Rock2-142-D_comp.jams,820710,2,2,3,3,True,regression,mixed_by_complete_group,54,12,42,0,0.3422895073890686,0.38435572385787964,0.27335482835769653,0.47627314925193787,0.4941808581352234,0.006190866231918335
9977,0,00_Rock2-142-D_comp.jams,829739,4,4,4,3,False,regression,mixed_by_complete_group,69,7,62,0,0.23152883350849152,0.33145445585250854,0.43701672554016113,0.76902174949646,0.4904199540615082,0.003148108720779419
9981,0,00_Rock2-142-D_comp.jams,839497,4,4,5,5,True,regression,mixed_by_complete_group,36,33,3,0,0.41853758692741394,0.2897326350212097,0.29172977805137634,0.1375868022441864,0.4290940463542938,0.06646695733070374
9987,0,00_Rock2-142-D_comp.jams,854175,3,3,2,2,True,regression,local_rates_favor_correction_for_all_groups,59,59,0,0,0.3616088032722473,0.2665177583694458,0.3718734383583069,0.7592690587043762,0.5401377081871033,0.052136003971099854
10035,0,00_Rock2-142-D_comp.jams,970329,2,2,3,3,True,regression,mixed_by_complete_group,63,2,61,0,0.32589414715766907,0.3942128121852875,0.27989301085472107,0.635664701461792,0.5017925500869751,0.19513627886772156
10088,0,00_Rock2-142-D_comp.jams,1090502,3,3,2,2,True,regression,mixed_by_complete_group,73,6,67,0,0.24105724692344666,0.2952578663825989,0.46368497610092163,0.6560359597206116,0.508270263671875,0.03221243619918823
12317,0,00_Rock3-148-C_comp.jams,95533,3,3,2,2,True,regression,local_rates_favor_regression_for_all_groups,3,0,3,0,0.23280556499958038,0.3355132043361664,0.43168118596076965,0.609375,0.5168144106864929,0.03671002388000488
12331,0,00_Rock3-148-C_comp.jams,135205,3,3,2,2,True,regression,mixed_by_complete_group,115,114,1,0,0.3564057946205139,0.20555824041366577,0.4380359351634979,0.609375,0.8197891116142273,0.695199728012085
12360,0,00_Rock3-148-C_comp.jams,198690,3,3,2,2,True,regression,mixed_by_complete_group,115,111,3,1,0.37641623616218567,0.21163034439086914,0.4119534492492676,0.6220108866691589,0.8209936618804932,0.6211103796958923
12362,0,00_Rock3-148-C_comp.jams,203498,4,4,3,3,True,regression,local_rates_favor_correction_for_all_groups,10,10,0,0,0.4058535099029541,0.2429092675447464,0.35123729705810547,0.5218750238418579,0.7174439430236816,0.24025234580039978
12457,0,00_Rock3-148-C_comp.jams,412056,3,3,5,5,True,regression,local_rates_favor_correction_for_all_groups,1,1,0,0,0.20555555820465088,0.18333333730697632,0.6111111044883728,0.1875,0.5887101292610168,0.3047635853290558
12463,0,00_Rock3-148-C_comp.jams,424431,4,4,3,3,True,regression,mixed_by_complete_group,55,32,23,0,0.31502285599708557,0.2879651188850403,0.3970121145248413,0.6690340638160706,0.5328777432441711,0.024800285696983337
12476,0,00_Rock3-148-C_comp.jams,451343,2,2,3,3,True,regression,local_rates_favor_regression_for_all_groups,1,0,1,0,0.26614391803741455,0.2987392246723175,0.43511685729026794,0.5625,0.6313846111297607,0.3749558627605438
12494,0,00_Rock3-148-C_comp.jams,487214,4,4,2,2,True,regression,local_rates_favor_correction_for_all_groups,98,98,0,0,0.27115824818611145,0.1305919587612152,0.5982497930526733,0.3341836631298065,0.8763912916183472,0.6921742558479309
12498,0,00_Rock3-148-C_comp.jams,495419,2,2,3,3,True,regression,local_rates_favor_regression_for_all_groups,3,0,3,0,0.24375957250595093,0.3524514138698578,0.40378904342651367,0.4010416567325592,0.750567615032196,0.073794424533844
12499,0,00_Rock3-148-C_comp.jams,497208,3,3,2,2,True,regression,local_rates_favor_correction_for_all_groups,61,61,0,0,0.38031306862831116,0.1891968548297882,0.4304901361465454,0.5724897384643555,0.6908633708953857,0.12698709964752197
12521,0,00_Rock3-148-C_comp.jams,540632,2,2,3,3,True,regression,local_rates_favor_regression_for_all_groups,1,0,1,0,0.2394423931837082,0.3630996346473694,0.3974579870700836,0.515625,0.7116923332214355,0.40083688497543335
12596,0,00_Rock3-148-C_comp.jams,725662,2,2,3,3,True,regression,local_rates_favor_regression_for_all_groups,2,0,2,0,0.30357563495635986,0.3788151741027832,0.31760919094085693,0.28125,0.48920533061027527,0.43307870626449585
12609,0,00_Rock3-148-C_comp.jams,752518,2,2,3,3,True,regression,local_rates_favor_regression_for_all_groups,1,0,1,0,0.2871928811073303,0.30096301436424255,0.4118441045284271,0.453125,0.5464963316917419,0.21282026171684265
12648,0,00_Rock3-148-C_comp.jams,840553,2,2,3,3,True,regression,mixed_by_complete_group,9,5,4,0,0.341875821352005,0.3335876166820526,0.32453653216362,0.3940972089767456,0.55857253074646,0.39518269896507263
12679,0,00_Rock3-148-C_comp.jams,901836,2,2,3,3,True,regression,local_rates_favor_regression_for_all_groups,2,0,2,0,0.2274145781993866,0.3447617292404175,0.4278237223625183,0.3984375,0.5997273921966553,0.30114811658859253
12687,0,00_Rock3-148-C_comp.jams,917684,3,3,2,2,True,regression,local_rates_favor_correction_for_all_groups,83,83,0,0,0.4314900040626526,0.2708949148654938,0.297615110874176,0.6891942620277405,0.6539921760559082,0.38536790013313293
12727,0,00_Rock3-148-C_comp.jams,1002494,3,3,2,2,True,regression,mixed_by_complete_group,97,39,58,0,0.24856418371200562,0.23511220514774323,0.5163236260414124,0.5256121158599854,0.6774758696556091,0.1572938859462738
12741,0,00_Rock3-148-C_comp.jams,1033393,4,4,2,3,True,regression,mixed_by_complete_group,53,3,50,0,0.227740079164505,0.298393577337265,0.4738663136959076,0.4811320900917053,0.6016595363616943,0.22260412573814392
12796,0,00_Rock3-148-C_solo.jams,18961,3,3,2,2,True,regression,local_rates_favor_regression_for_all_groups,3,0,3,0,0.2200126051902771,0.3722991645336151,0.4076882302761078,0.0885416641831398,0.4475947916507721,0.012151986360549927
12800,0,00_Rock3-148-C_solo.jams,37490,3,3,4,4,True,regression,mixed_by_complete_group,20,13,5,2,0.309953510761261,0.28966057300567627,0.40038585662841797,0.21875,0.40998396277427673,0.07133111357688904
12818,0,00_Rock3-148-C_solo.jams,144004,3,3,2,2,True,regression,local_rates_favor_correction_for_all_groups,1,1,0,0,0.35438498854637146,0.31412023305892944,0.3314947485923767,0.25,0.4581459164619446,0.01707082986831665
13572,0,00_SS1-68-E_solo.jams,5,2,2,3,3,True,regression,local_rates_favor_correction_for_all_groups,8,8,0,0,0.39909255504608154,0.32058185338974,0.2803255617618561,0.45703125,1.0399084091186523,0.10727932304143906
13642,0,00_SS1-68-E_solo.jams,235725,2,2,3,3,True,regression,local_rates_favor_correction_for_all_groups,1,1,0,0,0.3709302246570587,0.33139535784721375,0.29767441749572754,0.25,0.6964168548583984,0.4397633969783783
13698,0,00_SS1-68-E_solo.jams,470155,2,2,3,3,True,regression,mixed_by_complete_group,57,27,30,0,0.3659544885158539,0.3691917657852173,0.264853835105896,0.6291118264198303,0.5030060410499573,0.3835605978965759
13867,0,00_SS1-68-E_solo.jams,931627,2,2,3,3,True,regression,mixed_by_complete_group,42,21,21,0,0.35329949855804443,0.36557260155677795,0.2811278700828552,0.5226934552192688,0.5491130352020264,0.11173051595687866
13925,0,00_SS1-68-E_solo.jams,1383008,2,2,3,3,True,regression,local_rates_favor_correction_for_all_groups,28,28,0,0,0.3653185963630676,0.2755177319049835,0.35916370153427124,0.48046875,0.508804440498352,0.11817947030067444
13996,0,00_SS1-68-E_solo.jams,1595875,3,3,2,2,True,regression,local_rates_favor_correction_for_all_groups,109,109,0,0,0.33647269010543823,0.17585572600364685,0.48767155408859253,0.4909690320491791,0.80989009141922,0.2716975212097168
17339,0,01_BN2-166-Ab_comp.jams,174942,3,3,3,2,False,regression,mixed_by_complete_group,103,43,60,0,0.2553395628929138,0.22238944470882416,0.5222710371017456,0.3721177279949188,0.960498571395874,0.03563298285007477
17370,0,01_BN2-166-Ab_comp.jams,279447,4,4,3,3,True,regression,local_rates_favor_regression_for_all_groups,62,0,62,0,0.31190791726112366,0.3961551785469055,0.2919369339942932,0.6628023982048035,0.5592052936553955,0.03501591086387634
17413,0,01_BN2-166-Ab_comp.jams,438684,4,4,3,3,True,regression,mixed_by_complete_group,85,25,60,0,0.3631904423236847,0.3710583448410034,0.2657512128353119,0.6459558606147766,0.503074586391449,0.0731668472290039
17446,0,01_BN2-166-Ab_comp.jams,557912,3,3,4,4,True,regression,mixed_by_complete_group,14,10,4,0,0.33770257234573364,0.29206418991088867,0.3702332675457001,0.0792410746216774,0.416830450296402,0.1417120099067688
17461,0,01_BN2-166-Ab_comp.jams,598152,3,3,2,2,True,regression,local_rates_favor_correction_for_all_groups,1,1,0,0,0.4083113372325897,0.26154354214668274,0.33014512062072754,0.1875,0.5095788836479187,0.03930935263633728
17495,0,01_BN2-166-Ab_comp.jams,684721,4,4,3,3,True,regression,mixed_by_complete_group,63,12,51,0,0.361281156539917,0.3832171857357025,0.2555016577243805,0.739335298538208,0.660707950592041,0.0033600926399230957
23594,0,01_Jazz3-150-C_comp.jams,476496,3,3,2,2,True,regression,mixed_by_complete_group,72,44,28,0,0.2355324923992157,0.21686848998069763,0.5475990772247314,0.2855902910232544,1.2069722414016724,0.7457878589630127
23629,0,01_Jazz3-150-C_comp.jams,687803,2,2,3,3,True,regression,mixed_by_complete_group,71,5,66,0,0.3141215741634369,0.4063718914985657,0.2795065939426422,0.6324824094772339,0.723538339138031,0.15787816047668457
23695,0,01_Jazz3-150-C_comp.jams,1122959,2,2,3,3,True,regression,local_rates_favor_correction_for_all_groups,20,20,0,0,0.5047482848167419,0.33763787150382996,0.1576138585805893,0.6695312261581421,0.699111819267273,0.09701704978942871
25403,0,01_Rock2-142-D_comp.jams,104063,2,2,3,3,True,regression,mixed_by_complete_group,59,3,56,0,0.33821794390678406,0.41483908891677856,0.24694301187992096,0.44226694107055664,0.44160231947898865,0.12434211373329163
25421,0,01_Rock2-142-D_comp.jams,149836,4,4,3,3,True,regression,local_rates_favor_regression_for_all_groups,60,0,60,0,0.3121851682662964,0.40741926431655884,0.28039559721946716,0.7830728888511658,0.45011481642723083,0.007339417934417725
25493,0,01_Rock2-142-D_comp.jams,315851,2,2,3,3,True,regression,local_rates_favor_correction_for_all_groups,2,2,0,0,0.4025594890117645,0.26671934127807617,0.3307211399078369,0.421875,0.6731661558151245,0.359790176153183
25733,0,01_Rock2-142-D_comp.jams,865404,2,2,3,3,True,regression,mixed_by_complete_group,2,1,1,0,0.33649754524230957,0.3597736954689026,0.30372875928878784,0.296875,0.5851098299026489,0.3355202078819275
25808,0,01_Rock2-142-D_comp.jams,1045272,2,2,3,3,True,regression,local_rates_favor_regression_for_all_groups,62,0,62,0,0.24289657175540924,0.47971615195274353,0.2773873507976532,0.3472782373428345,0.4229717552661896,0.09751176834106445
28138,0,01_Rock3-148-C_comp.jams,259490,2,2,3,3,True,regression,mixed_by_complete_group,10,9,1,0,0.34760287404060364,0.33097925782203674,0.3214178681373596,0.3578124940395355,0.7440651655197144,0.36428582668304443
28220,0,01_Rock3-148-C_comp.jams,478284,2,2,2,3,False,regression,mixed_by_complete_group,19,3,16,0,0.27270567417144775,0.3156524896621704,0.41164183616638184,0.2212171107530594,0.7246915698051453,0.14513075351715088
28269,0,01_Rock3-148-C_comp.jams,625810,2,2,3,3,True,regression,mixed_by_complete_group,23,11,12,0,0.33758634328842163,0.33344733715057373,0.32896625995635986,0.17255434393882751,0.6361933350563049,0.2409673035144806
28365,0,01_Rock3-148-C_comp.jams,908763,2,2,2,3,False,regression,mixed_by_complete_group,63,57,6,0,0.36373454332351685,0.2798096239566803,0.35645586252212524,0.497519850730896,0.6671339273452759,0.014604806900024414
28405,0,01_Rock3-148-C_comp.jams,1002228,2,2,3,3,True,regression,local_rates_favor_correction_for_all_groups,63,63,0,0,0.401391863822937,0.3089290261268616,0.28967905044555664,0.5853174328804016,0.7226879000663757,0.2803187966346741
28454,0,01_Rock3-148-C_comp.jams,1135166,2,2,4,4,True,regression,local_rates_favor_regression_for_all_groups,25,0,25,0,0.06299981474876404,0.4652844965457916,0.47171562910079956,0.06062500178813934,0.6549633145332336,0.1398356407880783
28713,0,01_SS1-68-E_comp.jams,119889,3,3,2,2,True,regression,local_rates_favor_regression_for_all_groups,1,0,1,0,0.27438637614250183,0.290815532207489,0.43479809165000916,0.75,0.5252965688705444,0.0265980064868927
28842,0,01_SS1-68-E_comp.jams,428960,3,3,2,2,True,regression,local_rates_favor_correction_for_all_groups,1,1,0,0,0.30267512798309326,0.25326117873191833,0.4440636932849884,0.765625,0.6398076415061951,0.04976092278957367
28883,0,01_SS1-68-E_comp.jams,545536,2,2,3,3,True,regression,mixed_by_complete_group,56,49,7,0,0.41972216963768005,0.3580792546272278,0.2221985161304474,0.4282924234867096,0.4799981713294983,0.034199416637420654
29092,0,01_SS1-68-E_comp.jams,1052002,3,3,2,2,True,regression,local_rates_favor_regression_for_all_groups,1,0,1,0,0.24940617382526398,0.34595051407814026,0.40464332699775696,0.78125,0.54755699634552,0.30915969610214233
29286,0,01_SS1-68-E_comp.jams,1557084,3,3,4,4,True,regression,local_rates_favor_regression_for_all_groups,1,0,1,0,0.29446786642074585,0.3301910161972046,0.37534111738204956,0.265625,0.4801076054573059,0.004668861627578735
33024,0,02_BN2-166-Ab_comp.jams,64315,2,2,3,3,True,regression,mixed_by_complete_group,72,71,1,0,0.44948312640190125,0.31581342220306396,0.2347034066915512,0.630859375,0.49396970868110657,0.038782089948654175
33136,0,02_BN2-166-Ab_comp.jams,454941,2,2,3,3,True,regression,mixed_by_complete_group,17,12,5,0,0.39136600494384766,0.38100090622901917,0.2276330590248108,0.5009191036224365,0.5612651705741882,0.05697140097618103
33285,0,02_BN2-166-Ab_comp.jams,1013396,2,2,3,3,True,regression,local_rates_favor_regression_for_all_groups,15,0,15,0,0.28447821736335754,0.4342370927333832,0.2812846899032593,0.33541667461395264,0.48005667328834534,0.18885383009910583
39516,0,02_Jazz3-150-C_comp.jams,1025345,2,2,3,3,True,regression,mixed_by_complete_group,21,6,15,0,0.342521607875824,0.3631441593170166,0.2943342328071594,0.2611607015132904,0.6275799870491028,0.12544292211532593
40904,0,02_Rock2-142-D_comp.jams,29305,3,3,4,4,True,regression,local_rates_favor_correction_for_all_groups,1,1,0,0,0.53125,0.2708333432674408,0.1979166716337204,0.1875,0.524966835975647,0.08822137117385864
41009,0,02_Rock2-142-D_comp.jams,327142,2,2,3,3,True,regression,local_rates_favor_correction_for_all_groups,63,63,0,0,0.467071533203125,0.32802167534828186,0.20490677654743195,0.5942460298538208,0.5957120656967163,0.08231961727142334
41242,0,02_Rock2-142-D_comp.jams,997545,3,3,4,4,True,regression,mixed_by_complete_group,59,44,15,0,0.3370954990386963,0.2701662480831146,0.3927382826805115,0.21451270580291748,0.4177928566932678,0.07717961072921753
43050,0,02_Rock3-148-C_comp.jams,216338,4,4,3,3,True,regression,mixed_by_complete_group,17,2,15,0,0.3023872971534729,0.3534078299999237,0.3442048728466034,0.7977941036224365,0.5009326934814453,0.006970763206481934
43092,0,02_Rock3-148-C_comp.jams,313516,4,4,3,3,True,regression,mixed_by_complete_group,44,43,1,0,0.37234944105148315,0.3291228711605072,0.29852768778800964,0.6857244372367859,0.6239079236984253,0.011488169431686401
43111,0,02_Rock3-148-C_comp.jams,354487,3,3,2,2,True,regression,local_rates_favor_correction_for_all_groups,103,103,0,0,0.429103821516037,0.15326537191867828,0.41763079166412354,0.543385922908783,0.8525032997131348,0.7836326956748962
43147,0,02_Rock3-148-C_comp.jams,438584,2,2,3,3,True,regression,local_rates_favor_correction_for_all_groups,37,37,0,0,0.4165824055671692,0.2575956881046295,0.3258219361305237,0.4121621549129486,0.5889515280723572,0.18930277228355408
43253,0,02_Rock3-148-C_comp.jams,672570,2,2,3,3,True,regression,mixed_by_complete_group,39,2,37,0,0.3409143388271332,0.4237792193889618,0.23530647158622742,0.4370993673801422,0.49414682388305664,0.26479679346084595
43268,0,02_Rock3-148-C_comp.jams,703355,3,3,2,2,True,regression,local_rates_favor_correction_for_all_groups,116,116,0,0,0.46878373622894287,0.15481767058372498,0.37639862298965454,0.5339439511299133,0.8864209651947021,0.2522929906845093
47992,0,03_BN2-166-Ab_comp.jams,72224,4,4,2,2,True,regression,mixed_by_complete_group,117,68,49,0,0.27089017629623413,0.2371118813753128,0.49199795722961426,0.5430021286010742,0.8284636735916138,0.7864644527435303
48013,0,03_BN2-166-Ab_comp.jams,182893,4,4,2,2,True,regression,mixed_by_complete_group,92,24,68,0,0.2563534379005432,0.3071533441543579,0.4364932179450989,0.47435462474823,0.7645313143730164,0.19895154237747192
48014,0,03_BN2-166-Ab_comp.jams,200262,4,4,2,2,True,regression,mixed_by_complete_group,114,39,75,0,0.2706475555896759,0.2866657078266144,0.44268670678138733,0.47478070855140686,0.7038540244102478,0.5847169160842896
48077,0,03_BN2-166-Ab_comp.jams,454432,3,3,4,4,True,regression,mixed_by_complete_group,61,48,13,0,0.35896578431129456,0.27986249327659607,0.3611717224121094,0.24359631538391113,0.6459202766418457,0.11609047651290894
48143,0,03_BN2-166-Ab_comp.jams,694137,4,4,3,3,True,regression,mixed_by_complete_group,68,19,49,0,0.3466019630432129,0.361864298582077,0.2915337085723877,0.658318042755127,0.5228312015533447,0.12616422772407532
48151,0,03_BN2-166-Ab_comp.jams,733579,3,3,2,2,True,regression,mixed_by_complete_group,86,25,61,0,0.24591337144374847,0.31485646963119507,0.4392302334308624,0.47183865308761597,0.6033402681350708,0.26646387577056885
48172,0,03_BN2-166-Ab_comp.jams,836774,4,4,2,2,True,regression,mixed_by_complete_group,75,22,53,0,0.2683393955230713,0.3013107180595398,0.43034982681274414,0.42875000834465027,0.6665809750556946,0.0029493868350982666
48179,0,03_BN2-166-Ab_comp.jams,859861,3,3,2,2,True,regression,local_rates_favor_regression_for_all_groups,54,0,54,0,0.18646444380283356,0.358743280172348,0.45479223132133484,0.26186344027519226,0.5594143271446228,0.01083296537399292
53546,0,03_Jazz3-150-C_comp.jams,803990,3,3,2,2,True,regression,local_rates_favor_correction_for_all_groups,5,5,0,0,0.4793204367160797,0.2969791889190674,0.2237003743648529,0.4906249940395355,0.5221058130264282,0.13873764872550964
53586,0,03_Jazz3-150-C_comp.jams,1005082,3,3,2,2,True,regression,local_rates_favor_regression_for_all_groups,16,0,16,0,0.29659414291381836,0.3983684778213501,0.30503737926483154,0.181640625,0.4619539976119995,0.042736202478408813
53603,0,03_Jazz3-150-C_comp.jams,1085081,3,3,2,2,True,regression,mixed_by_complete_group,6,1,5,0,0.3046252429485321,0.4020942747592926,0.2932805120944977,0.359375,0.47424760460853577,0.08756646513938904
55069,0,03_Rock2-142-D_comp.jams,448282,4,4,4,3,False,regression,mixed_by_complete_group,63,18,45,0,0.32914286851882935,0.33890262246131897,0.3319545090198517,0.72495037317276,0.6312639713287354,0.022419750690460205
55123,0,03_Rock2-142-D_comp.jams,595934,3,3,2,2,True,regression,mixed_by_complete_group,3,2,1,0,0.3618413209915161,0.29647693037986755,0.34168171882629395,0.171875,0.44820547103881836,0.02968093752861023
55156,0,03_Rock2-142-D_comp.jams,681191,4,4,3,3,True,regression,local_rates_favor_regression_for_all_groups,62,0,62,0,0.27531710267066956,0.4722400903701782,0.25244277715682983,0.8261088728904724,0.4391562342643738,0.002957761287689209
55169,0,03_Rock2-142-D_comp.jams,708314,3,3,3,5,False,regression,local_rates_favor_correction_for_all_groups,1,1,0,0,0.3083333373069763,0.21250000596046448,0.4791666567325592,0.0625,0.4128083884716034,0.03136292099952698
55256,0,03_Rock2-142-D_comp.jams,979876,3,3,4,4,True,regression,mixed_by_complete_group,59,1,58,0,0.16808895766735077,0.45951876044273376,0.3723922669887543,0.1506885588169098,0.5680155158042908,0.1279280185699463
57010,0,03_Rock3-148-C_comp.jams,339228,2,2,3,3,True,regression,mixed_by_complete_group,13,1,12,0,0.29124224185943604,0.37948524951934814,0.3292725682258606,0.31850960850715637,0.5758675932884216,0.21650144457817078
57029,0,03_Rock3-148-C_comp.jams,386676,2,2,3,3,True,regression,local_rates_favor_regression_for_all_groups,3,0,3,0,0.2747759521007538,0.41464731097221375,0.31057673692703247,0.2395833283662796,0.48757562041282654,0.3065687417984009
57054,0,03_Rock3-148-C_comp.jams,447149,3,3,4,4,True,regression,local_rates_favor_regression_for_all_groups,1,0,1,0,0.28703704476356506,0.35185185074806213,0.3611111044883728,0.234375,0.4557517170906067,0.39978426694869995
57079,0,03_Rock3-148-C_comp.jams,500542,3,3,2,2,True,regression,local_rates_favor_correction_for_all_groups,13,13,0,0,0.405744343996048,0.25825172662734985,0.3360039293766022,0.22355769574642181,0.5857723951339722,0.19991672039031982
57107,0,03_Rock3-148-C_comp.jams,554979,4,4,3,3,True,regression,local_rates_favor_regression_for_all_groups,30,0,30,0,0.28450390696525574,0.385410338640213,0.33008572459220886,0.7562500238418579,0.6011177897453308,0.05250144004821777
57128,0,03_Rock3-148-C_comp.jams,608363,3,3,3,2,False,regression,local_rates_favor_regression_for_all_groups,5,0,5,0,0.1998128443956375,0.32484808564186096,0.4753390848636627,0.668749988079071,0.46836337447166443,0.02426278591156006
57267,0,03_Rock3-148-C_comp.jams,929638,3,3,2,2,True,regression,local_rates_favor_correction_for_all_groups,60,60,0,0,0.38539251685142517,0.28251734375953674,0.33209019899368286,0.3255208432674408,0.5312961935997009,0.33607953786849976
57324,0,03_Rock3-148-C_comp.jams,1072184,3,3,2,2,True,regression,mixed_by_complete_group,45,42,3,0,0.34379032254219055,0.29637882113456726,0.3598308563232422,0.3697916567325592,0.5837023258209229,0.030813515186309814
57338,0,03_Rock3-148-C_comp.jams,1099879,4,4,3,3,True,regression,local_rates_favor_correction_for_all_groups,66,66,0,0,0.3442765176296234,0.2827306091785431,0.3729928731918335,0.7315340638160706,0.4120669960975647,0.010807394981384277
57496,0,03_SS1-68-E_comp.jams,118301,3,3,2,2,True,regression,mixed_by_complete_group,62,58,4,0,0.37315455079078674,0.31514495611190796,0.3117004334926605,0.5677923560142517,0.5441643595695496,0.10768887400627136
57615,0,03_SS1-68-E_comp.jams,389564,2,2,3,3,True,regression,local_rates_favor_correction_for_all_groups,2,2,0,0,0.29828941822052,0.269950270652771,0.431760311126709,0.328125,0.539827287197113,0.0925091803073883
57755,0,03_SS1-68-E_comp.jams,741777,3,3,2,2,True,regression,local_rates_favor_regression_for_all_groups,53,0,53,0,0.2510437071323395,0.3928692638874054,0.35608693957328796,0.25943395495414734,0.504524827003479,0.14452853798866272
57843,0,03_SS1-68-E_comp.jams,959595,3,3,2,2,True,regression,mixed_by_complete_group,77,53,24,0,0.32883769273757935,0.3075014054775238,0.36366087198257446,0.5803571343421936,0.5856360793113708,0.2703259289264679
57863,0,03_SS1-68-E_comp.jams,1012818,3,3,2,2,True,regression,mixed_by_complete_group,63,14,49,0,0.32706865668296814,0.36734288930892944,0.3055884540081024,0.2542162835597992,0.5131937861442566,0.1011117696762085
61293,0,04_BN2-166-Ab_comp.jams,54864,4,4,3,3,True,regression,local_rates_favor_regression_for_all_groups,24,0,24,0,0.3204623758792877,0.3911377489566803,0.2883998453617096,0.7532551884651184,0.6168322563171387,0.09119558334350586
61301,0,04_BN2-166-Ab_comp.jams,72586,4,4,2,2,True,regression,mixed_by_complete_group,119,108,11,0,0.25201675295829773,0.19213271141052246,0.5558505058288574,0.3379727005958557,0.8460484743118286,0.15350258350372314
61343,0,04_BN2-166-Ab_comp.jams,213428,2,2,2,3,False,regression,local_rates_favor_correction_for_all_groups,1,1,0,0,0.2994545102119446,0.26824963092803955,0.43229585886001587,0.53125,0.8693292737007141,0.03309272229671478
61447,0,04_BN2-166-Ab_comp.jams,581277,4,4,3,3,True,regression,local_rates_favor_regression_for_all_groups,6,0,6,0,0.2960953712463379,0.34457576274871826,0.35932886600494385,0.7421875,0.5398998856544495,0.08954089879989624
67164,0,04_Jazz3-150-C_comp.jams,47018,4,4,4,3,False,regression,local_rates_favor_regression_for_all_groups,23,0,23,0,0.28583499789237976,0.41780051589012146,0.2963644862174988,0.90285325050354,0.9146177768707275,0.01931101083755493
67233,0,04_Jazz3-150-C_comp.jams,294741,3,3,2,2,True,regression,mixed_by_complete_group,59,20,39,0,0.33975914120674133,0.36006855964660645,0.3001722991466522,0.45021185278892517,0.47006773948669434,0.03629016876220703
67264,0,04_Jazz3-150-C_comp.jams,381259,4,4,2,2,True,regression,mixed_by_complete_group,108,5,103,0,0.20897553861141205,0.3407635986804962,0.45026087760925293,0.34866899251937866,0.5368444919586182,0.360120564699173
67326,0,04_Jazz3-150-C_comp.jams,577112,3,3,2,2,True,regression,mixed_by_complete_group,87,58,29,0,0.31484758853912354,0.2942236661911011,0.3909287750720978,0.49640804529190063,0.9252486228942871,0.49526649713516235
68850,0,04_Rock2-142-D_comp.jams,47905,4,4,5,5,True,regression,local_rates_favor_correction_for_all_groups,30,30,0,0,0.5238891243934631,0.19333070516586304,0.2827802002429962,0.21041665971279144,0.43095624446868896,0.3055025637149811
68853,0,04_Rock2-142-D_comp.jams,65052,2,2,3,3,True,regression,mixed_by_complete_group,63,19,44,0,0.34007498621940613,0.36087167263031006,0.29905328154563904,0.4427083432674408,0.5969153046607971,0.08617320656776428
68883,0,04_Rock2-142-D_comp.jams,140823,3,3,4,4,True,regression,local_rates_favor_regression_for_all_groups,10,0,9,1,0.2643025815486908,0.34971681237220764,0.3859805464744568,0.01406249962747097,0.7205583453178406,0.10318320989608765
68963,0,04_Rock2-142-D_comp.jams,344915,4,4,5,5,True,regression,mixed_by_complete_group,45,43,2,0,0.44955652952194214,0.2583392560482025,0.29210421442985535,0.08368055522441864,0.6161035299301147,0.49653542041778564
69106,0,04_Rock2-142-D_comp.jams,716766,2,2,4,4,True,regression,local_rates_favor_regression_for_all_groups,1,0,1,0,0.08474576473236084,0.3193577229976654,0.5958965420722961,0.109375,0.6545390486717224,0.1268971562385559
69116,0,04_Rock2-142-D_comp.jams,746065,3,3,2,2,True,regression,mixed_by_complete_group,116,73,42,1,0.2776491641998291,0.23884502053260803,0.48350584506988525,0.47898706793785095,0.6764326691627502,0.06779279559850693
69168,0,04_Rock2-142-D_comp.jams,867266,4,4,3,3,True,regression,local_rates_favor_regression_for_all_groups,63,0,63,0,0.24998703598976135,0.331034392118454,0.4189785420894623,0.7740575671195984,0.5235963463783264,0.0069814324378967285
69171,0,04_Rock2-142-D_comp.jams,874936,3,3,5,5,True,regression,mixed_by_complete_group,36,12,15,9,0.21209239959716797,0.205623596906662,0.5822840929031372,0.0490451380610466,0.5296540856361389,0.21964092552661896
69195,0,04_Rock2-142-D_comp.jams,941891,4,4,3,3,True,regression,mixed_by_complete_group,60,21,39,0,0.33391809463500977,0.34038829803466797,0.32569360733032227,0.7916666865348816,0.7233206033706665,0.282692015171051
69223,0,04_Rock2-142-D_comp.jams,1017354,2,2,3,3,True,regression,local_rates_favor_regression_for_all_groups,62,0,62,0,0.2915589511394501,0.45551377534866333,0.25292736291885376,0.4337197542190552,0.5147092342376709,0.43393373489379883
71097,0,04_Rock3-148-C_comp.jams,491510,4,4,3,3,True,regression,mixed_by_complete_group,76,5,71,0,0.3307252824306488,0.4716416299343109,0.19763310253620148,0.6566612124443054,0.5936028957366943,0.28750669956207275
71175,0,04_Rock3-148-C_comp.jams,674840,3,3,2,2,True,regression,local_rates_favor_correction_for_all_groups,29,29,0,0,0.46531131863594055,0.1761864274740219,0.35850226879119873,0.34536638855934143,0.6916601657867432,0.039709657430648804
71189,0,04_Rock3-148-C_comp.jams,712179,3,3,2,2,True,regression,local_rates_favor_correction_for_all_groups,88,88,0,0,0.4120979309082031,0.197135791182518,0.3907662332057953,0.4822443127632141,0.766889214515686,0.3520994186401367
71227,0,04_Rock3-148-C_comp.jams,841024,3,3,2,2,True,regression,local_rates_favor_regression_for_all_groups,3,0,3,0,0.26309850811958313,0.42267146706581116,0.3142299950122833,0.1458333283662796,0.46238765120506287,0.16867229342460632
71250,0,04_Rock3-148-C_comp.jams,903518,4,4,5,5,True,regression,local_rates_favor_correction_for_all_groups,6,6,0,0,0.48678699135780334,0.17608483135700226,0.3371281325817108,0.2369791716337204,0.5697805285453796,0.736065149307251
71312,0,04_Rock3-148-C_comp.jams,1063735,4,4,3,3,True,regression,mixed_by_complete_group,67,2,65,0,0.34377533197402954,0.43244072794914246,0.2237839251756668,0.7364738583564758,0.6533838510513306,0.19512376189231873
71581,0,04_SS1-68-E_comp.jams,349513,4,4,3,3,True,regression,local_rates_favor_regression_for_all_groups,43,0,43,0,0.21344202756881714,0.3789335787296295,0.4076244533061981,0.570857584476471,0.4853581190109253,0.07396218180656433
71692,0,04_SS1-68-E_comp.jams,609755,3,3,2,2,True,regression,local_rates_favor_correction_for_all_groups,87,87,0,0,0.36632809042930603,0.19522811472415924,0.43844375014305115,0.678340494632721,0.674229085445404,0.22184903919696808
71752,0,04_SS1-68-E_comp.jams,760844,4,4,4,3,False,regression,mixed_by_complete_group,62,1,61,0,0.22007542848587036,0.3195236623287201,0.46040087938308716,0.4936996102333069,0.5795833468437195,0.06844168901443481
71758,0,04_SS1-68-E_comp.jams,777499,2,2,3,3,True,regression,local_rates_favor_regression_for_all_groups,3,0,3,0,0.22517894208431244,0.3270065486431122,0.44781455397605896,0.421875,0.5427428483963013,0.16362814605236053
71886,0,04_SS1-68-E_comp.jams,1072022,3,3,2,2,True,regression,local_rates_favor_regression_for_all_groups,4,0,4,0,0.2690330445766449,0.30203482508659363,0.4289321303367615,0.7421875,0.4929746985435486,0.280718594789505
71977,0,04_SS1-68-E_comp.jams,1281869,4,4,3,3,True,regression,mixed_by_complete_group,61,1,60,0,0.26666656136512756,0.3890955448150635,0.34423789381980896,0.7420594096183777,0.5993168950080872,0.018145710229873657
1072,1,00_BN3-154-E_comp.jams,319562,3,3,2,2,True,regression,mixed_by_complete_group,92,29,63,0,0.3614603579044342,0.3498642146587372,0.2886754274368286,0.575067937374115,0.5494946241378784,0.19035103917121887
1279,1,00_BN3-154-E_comp.jams,988804,4,4,2,2,True,regression,mixed_by_complete_group,106,66,40,0,0.20424096286296844,0.16135147213935852,0.634407639503479,0.20592570304870605,0.6133643984794617,0.06398206949234009
1288,1,00_BN3-154-E_comp.jams,1023886,4,4,3,3,True,regression,local_rates_favor_regression_for_all_groups,2,0,2,0,0.3882768750190735,0.42764484882354736,0.18407827615737915,0.453125,0.6513736248016357,0.32567715644836426
3179,1,00_Funk2-119-G_comp.jams,789675,4,4,4,5,False,regression,mixed_by_complete_group,39,37,2,0,0.3073750138282776,0.2247539460659027,0.4678710103034973,0.06290064007043839,0.6527085900306702,0.043655216693878174
3212,1,00_Funk2-119-G_comp.jams,855653,3,3,2,2,True,regression,mixed_by_complete_group,98,70,28,0,0.3948274850845337,0.3126717805862427,0.2925007939338684,0.5626594424247742,0.5206084251403809,0.2736890912055969
3370,1,00_Funk2-119-G_comp.jams,1257124,4,4,3,3,True,regression,mixed_by_complete_group,44,23,21,0,0.34237340092658997,0.3376435935497284,0.31998300552368164,0.4730113744735718,0.45325538516044617,0.21048817038536072
3396,1,00_Funk2-119-G_comp.jams,1345550,4,4,3,3,True,regression,local_rates_favor_regression_for_all_groups,1,0,1,0,0.3273657262325287,0.4519927501678467,0.22064152359962463,0.5625,0.45029202103614807,0.5139237642288208
3646,1,00_Funk3-112-C#_comp.jams,190521,3,3,2,2,True,regression,local_rates_favor_correction_for_all_groups,3,3,0,0,0.35363197326660156,0.21203553676605225,0.4343324899673462,0.3958333432674408,0.5496458411216736,0.18783579766750336
3683,1,00_Funk3-112-C#_comp.jams,294279,3,3,3,2,False,regression,local_rates_favor_correction_for_all_groups,88,88,0,0,0.2915191650390625,0.16401933133602142,0.5444614887237549,0.6205610632896423,0.647739589214325,0.050741903483867645
3736,1,00_Funk3-112-C#_comp.jams,424425,4,4,3,3,True,regression,mixed_by_complete_group,2,1,1,0,0.3034050464630127,0.30898529291152954,0.38760966062545776,0.8125,0.733380138874054,0.1917514204978943
3790,1,00_Funk3-112-C#_comp.jams,560093,3,3,2,2,True,regression,mixed_by_complete_group,98,33,65,0,0.2942870259284973,0.2916600704193115,0.4140528440475464,0.3147321343421936,0.9377995133399963,0.1088523417711258
3818,1,00_Funk3-112-C#_comp.jams,620720,4,4,2,3,True,regression,mixed_by_complete_group,62,1,61,0,0.27488550543785095,0.38323909044265747,0.3418753445148468,0.8233367204666138,0.6634703278541565,0.02453295886516571
3825,1,00_Funk3-112-C#_comp.jams,638366,4,4,2,2,True,regression,local_rates_favor_correction_for_all_groups,1,1,0,0,0.2075919359922409,0.12877289950847626,0.6636351943016052,0.234375,0.8296130895614624,0.41616538166999817
3860,1,00_Funk3-112-C#_comp.jams,727514,2,2,3,3,True,regression,local_rates_favor_regression_for_all_groups,2,0,2,0,0.2716815173625946,0.3115924596786499,0.4167260229587555,0.3359375,0.4864443838596344,0.19175958633422852
3880,1,00_Funk3-112-C#_comp.jams,773921,4,4,3,3,True,regression,local_rates_favor_correction_for_all_groups,60,60,0,0,0.4240385591983795,0.31455153226852417,0.2614098787307739,0.5065104365348816,0.8037423491477966,0.33517909049987793
4127,1,00_Funk3-112-C#_comp.jams,1399611,4,4,3,3,True,regression,local_rates_favor_correction_for_all_groups,83,83,0,0,0.4677804708480835,0.31281399726867676,0.21940548717975616,0.5574171543121338,1.0116502046585083,0.6273782849311829
16074,1,00_SS3-98-C_comp.jams,879291,3,3,2,2,True,regression,local_rates_favor_regression_for_all_groups,62,0,62,0,0.17671999335289001,0.44255954027175903,0.38072046637535095,0.7190020084381104,0.6021389961242676,0.04074779152870178
16111,1,00_SS3-98-C_comp.jams,986042,3,3,4,4,True,regression,local_rates_favor_regression_for_all_groups,1,0,1,0,0.23989218473434448,0.34770888090133667,0.41239893436431885,0.140625,0.4386437237262726,0.14123263955116272
16482,1,00_SS3-98-C_solo.jams,621149,2,2,3,3,True,regression,local_rates_favor_regression_for_all_groups,37,0,37,0,0.3465723395347595,0.4338376224040985,0.21959003806114197,0.32854729890823364,0.519694447517395,0.1699700653553009
16554,1,00_SS3-98-C_solo.jams,864207,3,3,2,2,True,regression,local_rates_favor_regression_for_all_groups,3,0,3,0,0.36239710450172424,0.3983326852321625,0.23927022516727448,0.3020833432674408,0.5530703067779541,0.36113372445106506
17799,1,01_BN3-154-E_comp.jams,164005,3,3,4,4,True,regression,mixed_by_complete_group,63,21,42,0,0.4083191752433777,0.4354495704174042,0.15623129904270172,0.376240074634552,0.46710360050201416,0.2142908275127411
17837,1,01_BN3-154-E_comp.jams,301475,4,4,3,3,True,regression,local_rates_favor_regression_for_all_groups,63,0,63,0,0.32629090547561646,0.45087242126464844,0.2228366583585739,0.6619543433189392,0.4567434787750244,0.06705132126808167
17875,1,01_BN3-154-E_comp.jams,438378,2,2,3,3,True,regression,mixed_by_complete_group,37,30,7,0,0.4232553243637085,0.3948538899421692,0.1818908005952835,0.37331080436706543,0.6974958181381226,0.021978139877319336
17964,1,01_BN3-154-E_comp.jams,731434,2,2,3,3,True,regression,mixed_by_complete_group,35,2,33,0,0.33228951692581177,0.41178402304649353,0.2559264302253723,0.17767857015132904,0.7702369689941406,0.2791624963283539
18023,1,01_BN3-154-E_comp.jams,945363,2,2,3,3,True,regression,mixed_by_complete_group,33,16,17,0,0.3592880368232727,0.3668525516986847,0.2738594114780426,0.30445075035095215,0.44557511806488037,0.1944350004196167
19463,1,01_Funk2-119-G_comp.jams,4,2,2,4,4,True,regression,mixed_by_complete_group,19,4,14,1,0.20157991349697113,0.25833719968795776,0.5400829315185547,0.00657894741743803,1.4143301248550415,0.05137094855308533
19565,1,01_Funk2-119-G_comp.jams,400910,4,4,3,3,True,regression,local_rates_favor_correction_for_all_groups,95,95,0,0,0.4954971671104431,0.25538170337677,0.24912109971046448,0.5550987124443054,1.1142855882644653,0.18119722604751587
19791,1,01_Funk2-119-G_comp.jams,1329194,3,3,2,2,True,regression,mixed_by_complete_group,63,56,7,0,0.3362364172935486,0.29755350947380066,0.36621010303497314,0.57192462682724,0.7481849789619446,0.2275780588388443
20015,1,01_Funk3-112-C#_comp.jams,6,2,2,3,3,True,regression,local_rates_favor_regression_for_all_groups,66,0,66,0,0.22606369853019714,0.47420817613601685,0.2997280955314636,0.415009468793869,0.9519628286361694,0.2861427068710327
20044,1,01_Funk3-112-C#_comp.jams,141513,2,2,4,4,True,regression,mixed_by_complete_group,82,17,64,1,0.21210016310214996,0.31252792477607727,0.47537195682525635,0.1520579308271408,0.655762255191803,0.21714133024215698
20066,1,01_Funk3-112-C#_comp.jams,213121,3,3,3,4,False,regression,local_rates_favor_correction_for_all_groups,21,21,0,0,0.4810883700847626,0.3148861527442932,0.20402544736862183,0.1049107164144516,0.6009941697120667,0.03973612189292908
20104,1,01_Funk3-112-C#_comp.jams,378217,2,2,3,3,True,regression,mixed_by_complete_group,3,2,1,0,0.38667067885398865,0.3457402288913727,0.2675890624523163,0.3541666567325592,0.7931351065635681,0.5224628448486328
20155,1,01_Funk3-112-C#_comp.jams,637521,3,3,2,2,True,regression,local_rates_favor_regression_for_all_groups,3,0,3,0,0.254839688539505,0.35825803875923157,0.38690224289894104,0.1822916716337204,0.7284977436065674,0.14989414811134338
20358,1,01_Funk3-112-C#_comp.jams,1465207,3,3,2,2,True,regression,local_rates_favor_regression_for_all_groups,1,0,1,0,0.22781457006931305,0.3977924883365631,0.37439292669296265,0.28125,0.613501250743866,0.045545101165771484
31390,1,01_SS3-98-C_comp.jams,34509,2,2,3,3,True,regression,local_rates_favor_regression_for_all_groups,1,0,1,0,0.2381996065378189,0.33984094858169556,0.42195942997932434,0.34375,0.45025908946990967,0.07760915160179138
31454,1,01_SS3-98-C_comp.jams,170122,2,2,4,4,True,regression,mixed_by_complete_group,4,3,1,0,0.22352740168571472,0.1942283660173416,0.5822442173957825,0.11328125,0.569189190864563,0.4990864396095276
31473,1,01_SS3-98-C_comp.jams,218993,2,2,3,3,True,regression,local_rates_favor_regression_for_all_groups,62,0,62,0,0.20892779529094696,0.4767765700817108,0.3142956495285034,0.4994959533214569,0.4429953098297119,0.04738512635231018
31670,1,01_SS3-98-C_comp.jams,649341,3,3,2,2,True,regression,local_rates_favor_correction_for_all_groups,63,63,0,0,0.32845914363861084,0.2325078397989273,0.43903300166130066,0.498759925365448,0.649959146976471,0.3860538899898529
31676,1,01_SS3-98-C_comp.jams,661249,2,2,2,4,False,regression,local_rates_favor_regression_for_all_groups,5,0,5,0,0.16050276160240173,0.24087175726890564,0.5986254811286926,0.140625,0.50018709897995,0.0024613291025161743
31680,1,01_SS3-98-C_comp.jams,669295,2,2,4,4,True,regression,local_rates_favor_regression_for_all_groups,3,0,3,0,0.14879421889781952,0.22859889268875122,0.6226068735122681,0.1145833358168602,0.48461493849754333,0.0006958916783332825
31686,1,01_SS3-98-C_comp.jams,681353,2,2,3,3,True,regression,local_rates_favor_regression_for_all_groups,1,0,1,0,0.32201868295669556,0.3376448452472687,0.3403364419937134,0.203125,0.6683164238929749,0.3060481548309326
31700,1,01_SS3-98-C_comp.jams,709133,2,2,3,3,True,regression,local_rates_favor_regression_for_all_groups,8,0,8,0,0.1792718917131424,0.34678101539611816,0.47394707798957825,0.279296875,0.4776286780834198,0.12798699736595154
31707,1,01_SS3-98-C_comp.jams,723161,3,3,2,2,True,regression,mixed_by_complete_group,5,1,4,0,0.24704761803150177,0.2659699618816376,0.48698243498802185,0.6031249761581421,0.5523335337638855,0.3580741286277771
31719,1,01_SS3-98-C_comp.jams,750541,3,3,3,2,False,regression,local_rates_favor_regression_for_all_groups,6,0,6,0,0.1763322502374649,0.2720326781272888,0.5516350269317627,0.3541666567325592,0.5302519798278809,0.014361217617988586
31728,1,01_SS3-98-C_comp.jams,769985,2,2,2,4,False,regression,mixed_by_complete_group,58,17,40,1,0.19089186191558838,0.21819958090782166,0.5909085869789124,0.11988146603107452,0.5102939009666443,0.01577337086200714
31760,1,01_SS3-98-C_comp.jams,853002,3,3,2,2,True,regression,mixed_by_complete_group,40,38,2,0,0.30899766087532043,0.24633917212486267,0.4446631371974945,0.555468738079071,0.565663754940033,0.19470882415771484
31851,1,01_SS3-98-C_comp.jams,1061563,3,3,3,2,False,regression,mixed_by_complete_group,34,1,33,0,0.2401958853006363,0.26032161712646484,0.49948254227638245,0.37224265933036804,0.5359666347503662,0.0411260724067688
31858,1,01_SS3-98-C_comp.jams,1075319,2,2,4,4,True,regression,local_rates_favor_correction_for_all_groups,2,2,0,0,0.2565856873989105,0.19586418569087982,0.5475501418113708,0.1015625,0.46111491322517395,0.19784733653068542
31958,1,01_SS3-98-C_comp.jams,1297740,3,3,2,2,True,regression,mixed_by_complete_group,61,23,38,0,0.3519776165485382,0.3580021858215332,0.290020227432251,0.4554303288459778,0.5877935886383057,0.25691550970077515
31961,1,01_SS3-98-C_comp.jams,1304111,2,2,4,4,True,regression,local_rates_favor_regression_for_all_groups,1,0,1,0,0.16247139871120453,0.18764302134513855,0.6498855948448181,0.109375,0.4787273108959198,0.3672355115413666
31971,1,01_SS3-98-C_comp.jams,1324482,2,2,3,3,True,regression,mixed_by_complete_group,58,5,53,0,0.2492903470993042,0.31972411274909973,0.4309855103492737,0.33647629618644714,0.53067547082901,0.20554086565971375
31999,1,01_SS3-98-C_comp.jams,1384767,3,3,4,4,True,regression,mixed_by_complete_group,44,34,10,0,0.35460472106933594,0.293273001909256,0.3521222770214081,0.3139204680919647,0.49655112624168396,0.08763787150382996
32051,1,01_SS3-98-C_comp.jams,1500028,2,2,2,3,False,regression,mixed_by_complete_group,42,28,14,0,0.32318034768104553,0.31130021810531616,0.3655194044113159,0.2492559552192688,0.7434898614883423,0.03680013120174408
32061,1,01_SS3-98-C_comp.jams,1519825,2,2,3,3,True,regression,mixed_by_complete_group,56,4,52,0,0.22186942398548126,0.32280951738357544,0.4553210437297821,0.3189174234867096,0.533391535282135,0.34821420907974243
32064,1,01_SS3-98-C_comp.jams,1526036,2,2,4,4,True,regression,mixed_by_complete_group,29,6,23,0,0.18559576570987701,0.22115838527679443,0.593245804309845,0.11799568682909012,0.44374462962150574,0.18191754817962646
32068,1,01_SS3-98-C_comp.jams,1534148,2,2,3,3,True,regression,local_rates_favor_regression_for_all_groups,8,0,8,0,0.16298876702785492,0.3392002582550049,0.4978109896183014,0.306640625,0.4974649250507355,0.05853831768035889
32090,1,01_SS3-98-C_comp.jams,1579528,2,2,3,3,True,regression,mixed_by_complete_group,5,1,4,0,0.3127010464668274,0.33275067806243896,0.35454827547073364,0.296875,0.4378853440284729,0.044056594371795654
32121,1,01_SS3-98-C_comp.jams,1642933,2,2,3,3,True,regression,local_rates_favor_regression_for_all_groups,63,0,63,0,0.154690682888031,0.2962534427642822,0.5490559339523315,0.328125,0.4776643216609955,0.20179155468940735
32155,1,01_SS3-98-C_comp.jams,1709475,3,3,2,2,True,regression,mixed_by_complete_group,70,69,1,0,0.34416598081588745,0.1801149845123291,0.47571900486946106,0.6622768044471741,0.6237722635269165,0.3627632260322571
33476,1,02_BN3-154-E_comp.jams,344308,2,2,3,3,True,regression,local_rates_favor_correction_for_all_groups,4,4,0,0,0.38545525074005127,0.32341885566711426,0.2911258637905121,0.203125,0.6139376163482666,0.43195629119873047
33531,1,02_BN3-154-E_comp.jams,490416,3,3,2,2,True,regression,local_rates_favor_correction_for_all_groups,1,1,0,0,0.3474358916282654,0.34679487347602844,0.3057692348957062,0.1875,0.4724557101726532,0.13863417506217957
33551,1,02_BN3-154-E_comp.jams,533993,3,3,2,2,True,regression,mixed_by_complete_group,64,55,9,0,0.25079667568206787,0.22963719069957733,0.5195660591125488,0.769287109375,0.7913021445274353,0.14661523699760437
34935,1,02_Funk2-119-G_comp.jams,23,2,2,4,4,True,regression,mixed_by_complete_group,110,16,87,7,0.20663708448410034,0.2875876724720001,0.5057751536369324,0.13210226595401764,0.8308224678039551,0.2747011184692383
35039,1,02_Funk2-119-G_comp.jams,378218,2,2,3,3,True,regression,mixed_by_complete_group,25,13,12,0,0.39303669333457947,0.39681947231292725,0.21014384925365448,0.3018749952316284,0.5479938387870789,0.2012886106967926
35268,1,02_Funk2-119-G_comp.jams,1245657,2,2,3,3,True,regression,mixed_by_complete_group,61,60,1,0,0.3940649628639221,0.3276797831058502,0.27825528383255005,0.6275614500045776,0.6830012202262878,0.08154574036598206
35306,1,02_Funk2-119-G_comp.jams,1333361,2,2,2,3,False,regression,local_rates_favor_regression_for_all_groups,1,0,1,0,0.24958540499210358,0.3412935435771942,0.4091210663318634,0.28125,0.5525739789009094,0.16657522320747375
35513,1,02_Funk3-112-C#_comp.jams,7,3,3,4,4,True,regression,local_rates_favor_correction_for_all_groups,60,60,0,0,0.5227112770080566,0.30896201729774475,0.16832667589187622,0.3656249940395355,0.5707017779350281,0.39334264397621155
35545,1,02_Funk3-112-C#_comp.jams,118534,3,3,2,2,True,regression,local_rates_favor_regression_for_all_groups,1,0,1,0,0.19108383357524872,0.4130189120769501,0.3958972692489624,0.453125,0.6341719627380371,0.06480780243873596
35583,1,02_Funk3-112-C#_comp.jams,310342,2,2,3,3,True,regression,local_rates_favor_regression_for_all_groups,44,0,44,0,0.23975051939487457,0.39601972699165344,0.3642297685146332,0.40305396914482117,0.4845878779888153,0.03854385018348694
35596,1,02_Funk3-112-C#_comp.jams,378688,2,2,3,3,True,regression,local_rates_favor_correction_for_all_groups,35,35,0,0,0.3880014419555664,0.3214206397533417,0.2905779182910919,0.6361607313156128,0.47236868739128113,0.17918382585048676
35616,1,02_Funk3-112-C#_comp.jams,437999,2,2,3,3,True,regression,local_rates_favor_regression_for_all_groups,36,0,36,0,0.2931424081325531,0.3925590515136719,0.314298540353775,0.5138888955116272,0.5026265382766724,0.12380075454711914
35775,1,02_Funk3-112-C#_comp.jams,1086669,2,2,2,3,False,regression,local_rates_favor_regression_for_all_groups,1,0,1,0,0.24967269599437714,0.3483896255493164,0.40193769335746765,0.40625,0.5422676205635071,0.0230085551738739
35782,1,02_Funk3-112-C#_comp.jams,1133222,2,2,3,3,True,regression,mixed_by_complete_group,62,31,31,0,0.35292741656303406,0.35407382249832153,0.29299870133399963,0.5171371102333069,0.588553786277771,0.2072189450263977
35802,1,02_Funk3-112-C#_comp.jams,1193843,2,2,3,3,True,regression,mixed_by_complete_group,62,1,61,0,0.27803322672843933,0.3826594650745392,0.3393072485923767,0.48941531777381897,0.43160054087638855,0.03841155767440796
35857,1,02_Funk3-112-C#_comp.jams,1347223,2,2,3,3,True,regression,mixed_by_complete_group,52,1,51,0,0.24748124182224274,0.33421438932418823,0.41830432415008545,0.4320913553237915,0.5291987657546997,0.05383524298667908
36213,1,02_Funk3-112-C#_solo.jams,1487838,2,2,3,3,True,regression,mixed_by_complete_group,33,32,1,0,0.4235976040363312,0.2994791567325592,0.2769232392311096,0.32528409361839294,0.5997451543807983,0.029826223850250244
46591,1,02_SS3-98-C_comp.jams,81257,3,3,4,4,True,regression,mixed_by_complete_group,62,6,56,0,0.28612545132637024,0.4234943687915802,0.29038017988204956,0.16885080933570862,0.5660804510116577,0.11036951839923859
46628,1,02_SS3-98-C_comp.jams,177169,2,2,2,4,False,regression,mixed_by_complete_group,55,5,50,0,0.21915216743946075,0.2852000892162323,0.4956477880477905,0.05937499925494194,0.6005223393440247,0.00960734486579895
46751,1,02_SS3-98-C_comp.jams,499263,2,2,3,3,True,regression,mixed_by_complete_group,58,33,25,0,0.3213067352771759,0.3167617917060852,0.36193156242370605,0.38442888855934143,0.6798644065856934,0.2394236922264099
46757,1,02_SS3-98-C_comp.jams,513500,3,3,4,4,True,regression,local_rates_favor_correction_for_all_groups,1,1,0,0,0.31536388397216797,0.2943396270275116,0.39029648900032043,0.359375,0.4125652015209198,0.12099415063858032
46780,1,02_SS3-98-C_comp.jams,566629,2,2,3,3,True,regression,mixed_by_complete_group,22,14,8,0,0.27670344710350037,0.2511920630931854,0.4721045196056366,0.44460228085517883,0.5106732249259949,0.0006904006004333496
47008,1,02_SS3-98-C_comp.jams,1147894,2,2,2,4,False,regression,mixed_by_complete_group,74,21,50,3,0.21010613441467285,0.24954022467136383,0.5403535962104797,0.08614864945411682,0.586546003818512,0.09770399332046509
47123,1,02_SS3-98-C_comp.jams,1444022,3,3,4,4,True,regression,mixed_by_complete_group,62,1,61,0,0.2481747567653656,0.3675840198993683,0.3842412531375885,0.2041330635547638,0.552162230014801,0.18223965167999268
47216,1,02_SS3-98-C_comp.jams,1683431,2,2,3,3,True,regression,local_rates_favor_regression_for_all_groups,21,0,21,0,0.3150351941585541,0.411513090133667,0.2734517455101013,0.4263392984867096,0.6315051317214966,0.16841545701026917
48454,1,03_BN3-154-E_comp.jams,411158,4,4,2,3,True,regression,local_rates_favor_regression_for_all_groups,1,0,1,0,0.329384446144104,0.5386759638786316,0.1319396048784256,0.46875,0.6466567516326904,0.07431763410568237
48567,1,03_BN3-154-E_comp.jams,945682,4,4,2,2,True,regression,mixed_by_complete_group,116,46,70,0,0.2137567549943924,0.20843657851219177,0.5778067111968994,0.19113685190677643,0.9435358643531799,0.22641515731811523
49767,1,03_Funk2-119-G_comp.jams,222871,4,4,3,3,True,regression,mixed_by_complete_group,62,4,58,0,0.319279283285141,0.34824010729789734,0.3324805796146393,0.7731854915618896,0.6128020882606506,0.07097972929477692
49774,1,03_Funk2-119-G_comp.jams,266843,4,4,3,3,True,regression,mixed_by_complete_group,91,67,24,0,0.4560264050960541,0.3532559275627136,0.1907176375389099,0.5959821343421936,0.8209277391433716,0.2309764325618744
49874,1,03_Funk2-119-G_comp.jams,756764,3,3,2,2,True,regression,local_rates_favor_regression_for_all_groups,37,0,37,0,0.20603230595588684,0.3812078535556793,0.41275981068611145,0.4121621549129486,0.8490198254585266,0.11585548520088196
49916,1,03_Funk2-119-G_comp.jams,1001441,3,3,2,2,True,regression,mixed_by_complete_group,51,1,50,0,0.2459298074245453,0.3794728219509125,0.3745974004268646,0.21047794818878174,0.6819184422492981,0.16680866479873657
49925,1,03_Funk2-119-G_comp.jams,1066804,3,3,2,2,True,regression,local_rates_favor_regression_for_all_groups,2,0,2,0,0.27409642934799194,0.299818754196167,0.42608481645584106,0.2578125,0.8093090653419495,0.39985430240631104
50194,1,03_Funk3-112-C#_comp.jams,130476,2,2,3,3,True,regression,local_rates_favor_regression_for_all_groups,5,0,5,0,0.277221143245697,0.3869718611240387,0.33580702543258667,0.26249998807907104,0.9284282922744751,0.43648800253868103
50365,1,03_Funk3-112-C#_comp.jams,768605,2,2,3,3,True,regression,local_rates_favor_regression_for_all_groups,60,0,60,0,0.25486430525779724,0.3947155177593231,0.35042014718055725,0.33515626192092896,0.46524134278297424,0.05386091768741608
50430,1,03_Funk3-112-C#_comp.jams,1039491,4,4,3,3,True,regression,mixed_by_complete_group,75,74,1,0,0.4150749742984772,0.32050594687461853,0.2644191086292267,0.6347916722297668,0.5038094520568848,0.2765861451625824
50465,1,03_Funk3-112-C#_comp.jams,1204817,2,2,2,4,False,regression,mixed_by_complete_group,63,6,57,0,0.1681661158800125,0.3157464861869812,0.5160873532295227,0.1282242089509964,0.7018253803253174,0.06239742040634155
50492,1,03_Funk3-112-C#_comp.jams,1288846,2,2,3,4,True,regression,mixed_by_complete_group,56,15,40,1,0.2612803280353546,0.30233001708984375,0.4363897144794464,0.0705915167927742,0.5419607162475586,0.18604424595832825
60049,1,03_SS3-98-C_comp.jams,107677,2,2,3,3,True,regression,mixed_by_complete_group,50,13,37,0,0.3424082100391388,0.36449578404426575,0.29309600591659546,0.5487499833106995,0.49997761845588684,0.043514102697372437
60066,1,03_SS3-98-C_comp.jams,143628,3,3,2,2,True,regression,mixed_by_complete_group,62,19,43,0,0.31556254625320435,0.32156750559806824,0.3628699779510498,0.5544354915618896,0.6406368017196655,0.5761916637420654
60206,1,03_SS3-98-C_comp.jams,466680,3,3,2,2,True,regression,mixed_by_complete_group,8,7,1,0,0.3504979610443115,0.24819913506507874,0.40130293369293213,0.484375,0.6059073805809021,0.4711764454841614
60209,1,03_SS3-98-C_comp.jams,473062,2,2,3,3,True,regression,mixed_by_complete_group,9,2,7,0,0.29965928196907043,0.33983469009399414,0.3605060577392578,0.2552083432674408,0.5462519526481628,0.08178219199180603
60225,1,03_SS3-98-C_comp.jams,506639,3,3,2,2,True,regression,mixed_by_complete_group,45,27,18,0,0.2533755600452423,0.24948133528232574,0.49714311957359314,0.5649305582046509,0.4948360323905945,0.027604371309280396
60343,1,03_SS3-98-C_comp.jams,769446,3,3,2,2,True,regression,local_rates_favor_regression_for_all_groups,60,0,60,0,0.21781902015209198,0.37688925862312317,0.40529167652130127,0.26953125,0.42310211062431335,0.197646364569664
60352,1,03_SS3-98-C_comp.jams,789562,3,3,2,2,True,regression,mixed_by_complete_group,63,46,17,0,0.32156792283058167,0.26203063130378723,0.4164014458656311,0.2889384925365448,0.4645046889781952,0.30919599533081055
60421,1,03_SS3-98-C_comp.jams,939419,3,3,3,2,False,regression,local_rates_favor_regression_for_all_groups,43,0,43,0,0.243590846657753,0.34369879961013794,0.41271039843559265,0.35610464215278625,0.45842689275741577,0.0002524852752685547
60460,1,03_SS3-98-C_comp.jams,1026129,3,3,2,2,True,regression,mixed_by_complete_group,54,46,8,0,0.28458309173583984,0.22732959687709808,0.48808732628822327,0.35040509700775146,0.4968496561050415,0.1187363713979721
60579,1,03_SS3-98-C_comp.jams,1329587,3,3,2,2,True,regression,local_rates_favor_correction_for_all_groups,43,43,0,0,0.26823899149894714,0.1877136379480362,0.5440473556518555,0.5029069781303406,0.6070353388786316,0.008575573563575745
60620,1,03_SS3-98-C_comp.jams,1438180,2,2,3,3,True,regression,local_rates_favor_regression_for_all_groups,1,0,1,0,0.26082947850227356,0.3148278594017029,0.42434263229370117,0.296875,0.5456122159957886,0.02583092451095581
60623,1,03_SS3-98-C_comp.jams,1444153,3,3,2,2,True,regression,mixed_by_complete_group,4,2,2,0,0.22861915826797485,0.22743208706378937,0.543948769569397,0.4765625,0.48884016275405884,0.17932243645191193
61700,1,04_BN3-154-E_comp.jams,59914,4,4,3,3,True,regression,local_rates_favor_correction_for_all_groups,1,1,0,0,0.38288068771362305,0.3157152831554413,0.30140402913093567,0.421875,0.9719234108924866,0.03509467840194702
61709,1,04_BN3-154-E_comp.jams,78252,3,3,2,2,True,regression,mixed_by_complete_group,120,118,2,0,0.3754747211933136,0.2500298023223877,0.3744954764842987,0.5889322757720947,0.7854461073875427,0.17780154943466187
63187,1,04_Funk2-119-G_comp.jams,122131,4,4,3,3,True,regression,mixed_by_complete_group,63,62,1,0,0.44900834560394287,0.3383317291736603,0.21265994012355804,0.5647321343421936,0.440714031457901,0.13720759749412537
63213,1,04_Funk2-119-G_comp.jams,211604,4,4,3,3,True,regression,mixed_by_complete_group,63,22,41,0,0.3670077919960022,0.3882502317428589,0.24474197626113892,0.5858134627342224,0.41273534297943115,0.05586099624633789
63232,1,04_Funk2-119-G_comp.jams,300187,4,4,3,3,True,regression,local_rates_favor_regression_for_all_groups,63,0,63,0,0.29090526700019836,0.4588746130466461,0.25022006034851074,0.74057537317276,0.5148211717605591,0.04974710941314697
63236,1,04_Funk2-119-G_comp.jams,308234,2,2,3,3,True,regression,local_rates_favor_regression_for_all_groups,17,0,17,0,0.2639997601509094,0.37696436047554016,0.3590358793735504,0.14705882966518402,0.6307070255279541,0.02671000361442566
63266,1,04_Funk2-119-G_comp.jams,429335,2,2,3,3,True,regression,local_rates_favor_correction_for_all_groups,17,17,0,0,0.46540969610214233,0.2510048747062683,0.28358539938926697,0.2977941036224365,0.6390820145606995,0.32341450452804565
63278,1,04_Funk2-119-G_comp.jams,462249,2,2,3,3,True,regression,local_rates_favor_regression_for_all_groups,2,0,2,0,0.32793718576431274,0.37606608867645264,0.29599669575691223,0.5390625,0.7453006505966187,0.282865434885025
63282,1,04_Funk2-119-G_comp.jams,478261,3,3,4,4,True,regression,local_rates_favor_correction_for_all_groups,4,4,0,0,0.5491859912872314,0.3131144046783447,0.13769960403442383,0.30859375,0.46272969245910645,0.3328414559364319
63302,1,04_Funk2-119-G_comp.jams,545582,3,3,4,4,True,regression,mixed_by_complete_group,9,8,1,0,0.3722269833087921,0.3026029169559479,0.32517009973526,0.2795138955116272,0.4654987156391144,0.041641101241111755
63397,1,04_Funk2-119-G_comp.jams,934120,3,3,2,2,True,regression,local_rates_favor_regression_for_all_groups,1,0,1,0,0.3012406826019287,0.3330024778842926,0.3657568097114563,0.296875,0.6488248705863953,0.2618519067764282
63421,1,04_Funk2-119-G_comp.jams,1022538,4,4,2,2,True,regression,local_rates_favor_correction_for_all_groups,15,15,0,0,0.30962806940078735,0.1411726474761963,0.5491993427276611,0.08541666716337204,0.8932104110717773,0.234341099858284
63475,1,04_Funk2-119-G_comp.jams,1200649,3,3,4,4,True,regression,mixed_by_complete_group,49,27,22,0,0.34220635890960693,0.3144836127758026,0.34331005811691284,0.22353316843509674,0.42286521196365356,0.025582969188690186
63484,1,04_Funk2-119-G_comp.jams,1218323,2,2,3,3,True,regression,mixed_by_complete_group,54,50,4,0,0.3834592401981354,0.3272317945957184,0.28930896520614624,0.5532407164573669,0.6346823573112488,0.17332056164741516
63498,1,04_Funk2-119-G_comp.jams,1262265,3,3,2,2,True,regression,local_rates_favor_regression_for_all_groups,69,0,69,0,0.19309593737125397,0.2964668273925781,0.5104372501373291,0.3496376872062683,0.8502434492111206,0.21044906973838806
63516,1,04_Funk2-119-G_comp.jams,1322576,4,4,2,2,True,regression,local_rates_favor_correction_for_all_groups,12,12,0,0,0.37819454073905945,0.1575770229101181,0.46422842144966125,0.08984375,0.6633725762367249,0.03477795422077179
63527,1,04_Funk2-119-G_comp.jams,1353590,3,3,2,2,True,regression,local_rates_favor_regression_for_all_groups,64,0,64,0,0.2098437249660492,0.31551897525787354,0.47463729977607727,0.662841796875,0.8584305047988892,0.09604829549789429
63533,1,04_Funk2-119-G_comp.jams,1378432,2,2,3,3,True,regression,mixed_by_complete_group,48,23,25,0,0.33679795265197754,0.3340739905834198,0.32912805676460266,0.2522786557674408,0.5632032752037048,0.2924254536628723
63540,1,04_Funk2-119-G_comp.jams,1401059,4,4,4,3,False,regression,mixed_by_complete_group,14,1,13,0,0.31806227564811707,0.35859134793281555,0.32334640622138977,0.3616071343421936,0.6328701376914978,0.0542161762714386
63731,1,04_Funk2-119-G_solo.jams,1068763,2,2,3,3,True,regression,local_rates_favor_regression_for_all_groups,1,0,1,0,0.17327344417572021,0.5011229515075684,0.3256036043167114,0.21875,0.9090273380279541,0.05549299716949463
63788,1,04_Funk3-112-C#_comp.jams,95502,4,4,2,2,True,regression,local_rates_favor_correction_for_all_groups,1,1,0,0,0.18973590433597565,0.1829930692911148,0.6272709965705872,0.109375,0.7043666243553162,0.24064040184020996
63854,1,04_Funk3-112-C#_comp.jams,342293,4,4,3,3,True,regression,mixed_by_complete_group,68,7,61,0,0.37148791551589966,0.4019854664802551,0.22652654349803925,0.6410845518112183,0.5056238174438477,0.033300936222076416
63897,1,04_Funk3-112-C#_comp.jams,472729,4,4,3,3,True,regression,local_rates_favor_regression_for_all_groups,63,0,63,0,0.28647762537002563,0.42568495869636536,0.28783750534057617,0.5835813283920288,0.5766421556472778,0.02542775869369507
63930,1,04_Funk3-112-C#_comp.jams,566779,4,4,3,3,True,regression,mixed_by_complete_group,47,11,36,0,0.32112982869148254,0.3433069586753845,0.33556312322616577,0.46110373735427856,0.5372936725616455,0.11822125315666199
63957,1,04_Funk3-112-C#_comp.jams,637665,2,2,3,3,True,regression,mixed_by_complete_group,19,6,13,0,0.3125413656234741,0.3345812261104584,0.3528774678707123,0.13898026943206787,0.529556155204773,0.20621630549430847
63981,1,04_Funk3-112-C#_comp.jams,697211,3,3,4,4,True,regression,mixed_by_complete_group,61,18,43,0,0.3134608566761017,0.3387870490550995,0.34775206446647644,0.2156762331724167,0.4977584183216095,0.21479204297065735
64087,1,04_Funk3-112-C#_comp.jams,1016120,3,3,4,4,True,regression,local_rates_favor_correction_for_all_groups,12,12,0,0,0.35105371475219727,0.24838821589946747,0.40055808424949646,0.3372395932674408,0.4302856922149658,0.0887213945388794
64095,1,04_Funk3-112-C#_comp.jams,1039885,3,3,2,2,True,regression,local_rates_favor_regression_for_all_groups,1,0,1,0,0.26051315665245056,0.37006279826164246,0.369424045085907,0.296875,0.46277105808258057,0.0032529830932617188
64122,1,04_Funk3-112-C#_comp.jams,1134203,3,3,2,2,True,regression,local_rates_favor_regression_for_all_groups,7,0,7,0,0.24523724615573883,0.4693312644958496,0.28543147444725037,0.4174107015132904,0.5217142701148987,0.14515259861946106
64207,1,04_Funk3-112-C#_comp.jams,1358809,4,4,3,3,True,regression,mixed_by_complete_group,60,37,23,0,0.371722549200058,0.3642517030239105,0.26402580738067627,0.5257812738418579,0.4225241243839264,0.10933366417884827
74101,1,04_SS3-98-C_comp.jams,755725,2,2,3,3,True,regression,local_rates_favor_regression_for_all_groups,52,0,52,0,0.19529661536216736,0.4364977478981018,0.36820560693740845,0.26201921701431274,0.5484721660614014,0.3696550726890564
74174,1,04_SS3-98-C_comp.jams,972428,2,2,3,3,True,regression,local_rates_favor_regression_for_all_groups,5,0,5,0,0.2780584692955017,0.39021772146224976,0.33172377943992615,0.4281249940395355,0.5352800488471985,0.16973087191581726
5494,2,00_Jazz1-200-B_comp.jams,13471,2,2,3,3,True,regression,local_rates_favor_regression_for_all_groups,2,0,2,0,0.296957403421402,0.337700217962265,0.365342378616333,0.1875,0.6800298094749451,0.0011922717094421387
5610,2,00_Jazz1-200-B_comp.jams,475329,4,4,3,3,True,regression,local_rates_favor_regression_for_all_groups,8,0,8,0,0.17055661976337433,0.26477253437042236,0.5646708011627197,0.681640625,0.6447547078132629,0.04731389880180359
5631,2,00_Jazz1-200-B_comp.jams,524262,3,3,3,4,False,regression,mixed_by_complete_group,10,1,9,0,0.348951518535614,0.401542991399765,0.24950549006462097,0.18906250596046448,0.7377796769142151,0.024213477969169617
5939,2,00_Jazz2-110-Bb_comp.jams,576264,2,2,3,3,True,regression,mixed_by_complete_group,2,1,1,0,0.3159227967262268,0.35244107246398926,0.33163613080978394,0.1015625,0.8498852252960205,0.313392698764801
6148,2,00_Jazz2-110-Bb_comp.jams,1120676,4,4,3,3,True,regression,mixed_by_complete_group,61,42,19,0,0.3686114251613617,0.3452140986919403,0.286174476146698,0.5207479596138,0.5486596822738647,0.12720602750778198
6195,2,00_Jazz2-110-Bb_comp.jams,1288018,4,4,3,3,True,regression,mixed_by_complete_group,64,55,8,1,0.3970574736595154,0.364460825920105,0.23848164081573486,0.582763671875,0.5745064616203308,0.13521802425384521
6228,2,00_Jazz2-110-Bb_comp.jams,1394796,3,3,2,2,True,regression,mixed_by_complete_group,77,6,71,0,0.24823008477687836,0.2993369400501251,0.4524329900741577,0.8265016078948975,0.48020488023757935,0.15992486476898193
8124,2,00_Rock1-130-A_comp.jams,229223,3,3,2,2,True,regression,local_rates_favor_correction_for_all_groups,105,105,0,0,0.3490256667137146,0.21082554757595062,0.4401487708091736,0.6305059790611267,0.6268327832221985,0.3911454677581787
8134,2,00_Rock1-130-A_comp.jams,252740,3,3,2,2,True,regression,mixed_by_complete_group,88,87,1,0,0.3785094916820526,0.20664462447166443,0.41484591364860535,0.6617542505264282,0.48096054792404175,0.30252593755722046
8155,2,00_Rock1-130-A_comp.jams,309808,3,3,2,2,True,regression,local_rates_favor_correction_for_all_groups,65,65,0,0,0.4308571219444275,0.18186885118484497,0.3872740566730499,0.6706730723381042,0.5170025825500488,0.23956191539764404
8190,2,00_Rock1-130-A_comp.jams,410951,3,3,2,2,True,regression,mixed_by_complete_group,120,98,22,0,0.2540167272090912,0.18087731301784515,0.5651059746742249,0.4860677123069763,1.641574740409851,0.8321429491043091
8264,2,00_Rock1-130-A_comp.jams,585811,4,4,2,2,True,regression,mixed_by_complete_group,26,23,3,0,0.2870042324066162,0.1806434690952301,0.5323523283004761,0.4242788553237915,0.485178142786026,0.05613544583320618
8288,2,00_Rock1-130-A_comp.jams,645846,4,4,3,3,True,regression,local_rates_favor_correction_for_all_groups,14,14,0,0,0.37644466757774353,0.19258610904216766,0.4309692084789276,0.5825892686843872,0.7564509510993958,0.3758077621459961
8307,2,00_Rock1-130-A_comp.jams,687209,4,4,3,3,True,regression,mixed_by_complete_group,17,1,16,0,0.2553251385688782,0.31044697761535645,0.434227854013443,0.5459558963775635,0.6004340648651123,0.1745118796825409
8346,2,00_Rock1-130-A_comp.jams,788847,4,4,2,2,True,regression,mixed_by_complete_group,105,101,4,0,0.3153526186943054,0.16802363097667694,0.5166237354278564,0.5294643044471741,0.6197241544723511,0.3341566324234009
10519,2,00_Rock2-85-F_comp.jams,303319,4,4,2,3,True,regression,local_rates_favor_regression_for_all_groups,39,0,39,0,0.26205793023109436,0.4540022909641266,0.2839398682117462,0.48838141560554504,0.5143564939498901,0.16074328124523163
10546,2,00_Rock2-85-F_comp.jams,365070,4,4,3,3,True,regression,local_rates_favor_regression_for_all_groups,11,0,11,0,0.27486923336982727,0.3314712941646576,0.39365947246551514,0.7130681872367859,0.5108854174613953,0.19663956761360168
10604,2,00_Rock2-85-F_comp.jams,481815,2,2,3,3,True,regression,mixed_by_complete_group,33,6,27,0,0.3519425094127655,0.41253772377967834,0.23551979660987854,0.12263257801532745,0.8506355881690979,0.23641088604927063
10637,2,00_Rock2-85-F_comp.jams,553254,3,3,2,2,True,regression,mixed_by_complete_group,62,45,17,0,0.27436506748199463,0.25510919094085693,0.47052568197250366,0.6063507795333862,0.4319513440132141,0.12469756603240967
10690,2,00_Rock2-85-F_comp.jams,669109,3,3,2,2,True,regression,mixed_by_complete_group,66,62,4,0,0.2934716045856476,0.26525288820266724,0.4412755072116852,0.8676609992980957,0.5808815956115723,0.16776448488235474
10704,2,00_Rock2-85-F_comp.jams,701404,3,3,2,2,True,regression,local_rates_favor_correction_for_all_groups,112,112,0,0,0.3674371540546417,0.14645661413669586,0.48610618710517883,0.6446707844734192,0.6182411909103394,0.24290744960308075
10759,2,00_Rock2-85-F_comp.jams,825657,3,3,2,2,True,regression,local_rates_favor_correction_for_all_groups,63,63,0,0,0.31960439682006836,0.27751725912094116,0.4028783440589905,0.7961309552192688,0.5425811409950256,0.0023398995399475098
10971,2,00_Rock2-85-F_comp.jams,1330301,4,4,3,3,True,regression,local_rates_favor_regression_for_all_groups,20,0,20,0,0.2571316361427307,0.3535711169242859,0.389297217130661,0.729687511920929,0.5110090374946594,0.24526849389076233
10983,2,00_Rock2-85-F_comp.jams,1355082,3,3,2,2,True,regression,local_rates_favor_correction_for_all_groups,102,102,0,0,0.3315899074077606,0.16265742480754852,0.505752682685852,0.6767769455909729,0.760578453540802,0.37217727303504944
11146,2,00_Rock2-85-F_comp.jams,1735848,2,2,3,3,True,regression,mixed_by_complete_group,30,27,3,0,0.39229345321655273,0.32851895689964294,0.2791876196861267,0.29739582538604736,0.6457675695419312,0.08565676212310791
11149,2,00_Rock2-85-F_comp.jams,1742720,3,3,2,2,True,regression,mixed_by_complete_group,89,82,7,0,0.31376224756240845,0.23937711119651794,0.446860671043396,0.556355357170105,0.6039929389953613,0.3391326069831848
11234,2,00_Rock2-85-F_comp.jams,1921470,2,2,3,3,True,regression,local_rates_favor_correction_for_all_groups,1,1,0,0,0.25884732604026794,0.24101479351520538,0.5001378655433655,0.484375,0.5597378611564636,0.07565829157829285
11535,2,00_Rock2-85-F_solo.jams,1942964,3,3,2,2,True,regression,mixed_by_complete_group,80,20,60,0,0.32299312949180603,0.34539809823036194,0.3316088020801544,0.32109373807907104,0.5324975848197937,0.0893460214138031
18355,2,01_Funk1-114-Ab_comp.jams,87774,3,3,2,2,True,regression,local_rates_favor_correction_for_all_groups,64,64,0,0,0.4612651765346527,0.17029282450675964,0.36844202876091003,0.70654296875,0.7021136283874512,0.6835407614707947
18359,2,01_Funk1-114-Ab_comp.jams,104859,3,3,4,4,True,regression,local_rates_favor_regression_for_all_groups,1,0,1,0,0.30821046233177185,0.3234621286392212,0.36832740902900696,0.25,1.355488896369934,0.38918018341064453
18367,2,01_Funk1-114-Ab_comp.jams,139363,3,3,4,4,True,regression,local_rates_favor_correction_for_all_groups,6,6,0,0,0.36987707018852234,0.27856725454330444,0.3515557050704956,0.1901041716337204,0.8034310936927795,0.2811489403247833
18377,2,01_Funk1-114-Ab_comp.jams,180949,3,3,2,2,True,regression,local_rates_favor_correction_for_all_groups,86,86,0,0,0.43973323702812195,0.174103245139122,0.38616350293159485,0.6037427186965942,0.7230422496795654,0.6782620549201965
18381,2,01_Funk1-114-Ab_comp.jams,198153,3,3,2,2,True,regression,local_rates_favor_correction_for_all_groups,115,115,0,0,0.20164652168750763,0.1461804360151291,0.6521729826927185,0.3692934811115265,1.3476966619491577,0.748959481716156
18401,2,01_Funk1-114-Ab_comp.jams,289716,3,3,2,2,True,regression,local_rates_favor_correction_for_all_groups,100,100,0,0,0.20721246302127838,0.12841716408729553,0.6643703579902649,0.39453125,1.3457542657852173,0.5046790242195129
18405,2,01_Funk1-114-Ab_comp.jams,307490,3,3,2,2,True,regression,mixed_by_complete_group,97,95,2,0,0.2699677050113678,0.21156348288059235,0.5184687972068787,0.610019326210022,0.7852943539619446,0.033351361751556396
18432,2,01_Funk1-114-Ab_comp.jams,401464,3,3,2,2,True,regression,mixed_by_complete_group,111,91,20,0,0.24201741814613342,0.2075362205505371,0.5504463911056519,0.6328828930854797,0.9311239123344421,0.26746559143066406
18435,2,01_Funk1-114-Ab_comp.jams,417991,2,2,2,3,False,regression,mixed_by_complete_group,8,1,7,0,0.28421127796173096,0.31719735264778137,0.39859136939048767,0.248046875,1.3571696281433105,0.03854307532310486
18468,2,01_Funk1-114-Ab_comp.jams,528017,2,2,3,3,True,regression,local_rates_favor_regression_for_all_groups,50,0,50,0,0.2886250913143158,0.3662290871143341,0.3451457917690277,0.3253124952316284,1.2153176069259644,0.2927033305168152
18475,2,01_Funk1-114-Ab_comp.jams,569535,2,2,4,4,True,regression,local_rates_favor_regression_for_all_groups,3,0,3,0,0.1980811357498169,0.26040133833885193,0.5415174961090088,0.1927083283662796,1.6879243850708008,0.4051215648651123
18482,2,01_Funk1-114-Ab_comp.jams,603762,3,3,4,4,True,regression,mixed_by_complete_group,39,3,36,0,0.33576700091362,0.4399808347225189,0.22425219416618347,0.31169870495796204,0.6411246657371521,0.24915078282356262
18485,2,01_Funk1-114-Ab_comp.jams,610144,3,3,2,2,True,regression,local_rates_favor_correction_for_all_groups,73,73,0,0,0.4062395691871643,0.19270791113376617,0.4010525047779083,0.640625,0.6305655837059021,0.18758606910705566
18493,2,01_Funk1-114-Ab_comp.jams,638207,3,3,4,4,True,regression,local_rates_favor_regression_for_all_groups,1,0,1,0,0.30821046233177185,0.3234621286392212,0.36832740902900696,0.25,1.162829875946045,0.4618583023548126
18497,2,01_Funk1-114-Ab_comp.jams,655190,2,2,3,3,True,regression,local_rates_favor_correction_for_all_groups,8,8,0,0,0.4398919343948364,0.33096545934677124,0.22914263606071472,0.44921875,0.74039226770401,0.0299588143825531
18501,2,01_Funk1-114-Ab_comp.jams,667276,3,3,2,2,True,regression,local_rates_favor_correction_for_all_groups,29,29,0,0,0.41003748774528503,0.31464678049087524,0.27531570196151733,0.5619612336158752,0.6125601530075073,0.2112819254398346
18590,2,01_Funk1-114-Ab_comp.jams,1044881,2,2,3,3,True,regression,mixed_by_complete_group,70,12,58,0,0.3330663740634918,0.39751577377319336,0.2694178819656372,0.5638392567634583,0.8051651120185852,0.43606263399124146
18595,2,01_Funk1-114-Ab_comp.jams,1068007,2,2,3,3,True,regression,local_rates_favor_regression_for_all_groups,69,0,69,0,0.2775849401950836,0.37087497115135193,0.35154008865356445,0.32676631212234497,1.018630862236023,0.3776915669441223
22268,2,01_Jazz2-110-Bb_comp.jams,745683,3,3,2,2,True,regression,mixed_by_complete_group,84,6,78,0,0.22410887479782104,0.3039858043193817,0.47190529108047485,0.3857886791229248,0.8755011558532715,0.25964924693107605
23932,2,01_Rock1-130-A_comp.jams,215728,3,3,2,2,True,regression,mixed_by_complete_group,58,56,2,0,0.3473513722419739,0.31949374079704285,0.33315491676330566,0.6802262663841248,0.5037331581115723,0.02669680118560791
24090,2,01_Rock1-130-A_comp.jams,621386,3,3,4,4,True,regression,local_rates_favor_regression_for_all_groups,2,0,2,0,0.3306337893009186,0.3799249827861786,0.28944122791290283,0.09375,0.461457222700119,0.5111960172653198
24226,2,01_Rock1-130-A_comp.jams,937112,2,2,3,3,True,regression,local_rates_favor_regression_for_all_groups,59,0,59,0,0.3322432041168213,0.45534828305244446,0.21240849792957306,0.2981991469860077,0.4363909959793091,0.0048111677169799805
26280,2,01_Rock2-85-F_comp.jams,296276,3,3,2,2,True,regression,local_rates_favor_correction_for_all_groups,63,63,0,0,0.4045347571372986,0.24808219075202942,0.347383052110672,0.5607638955116272,0.46602708101272583,0.21897190809249878
26633,2,01_Rock2-85-F_comp.jams,1088204,3,3,3,2,False,regression,mixed_by_complete_group,17,15,2,0,0.3835677206516266,0.2879849076271057,0.3284473419189453,0.31066176295280457,0.41415128111839294,0.006175398826599121
26903,2,01_Rock2-85-F_comp.jams,1788302,3,3,2,2,True,regression,mixed_by_complete_group,60,54,6,0,0.35447776317596436,0.2924140989780426,0.35310810804367065,0.3778645694255829,0.5576555132865906,0.44413071870803833
26950,2,01_Rock2-85-F_comp.jams,1900234,2,2,3,3,True,regression,local_rates_favor_regression_for_all_groups,4,0,4,0,0.25348395109176636,0.4262828528881073,0.32023319602012634,0.375,0.551575779914856,0.04475685954093933
26957,2,01_Rock2-85-F_comp.jams,1913822,3,3,2,2,True,regression,mixed_by_complete_group,9,3,6,0,0.28150928020477295,0.30828678607940674,0.4102039337158203,0.5086805820465088,0.4500083327293396,0.11634509265422821
33961,2,02_Funk1-114-Ab_comp.jams,181247,2,2,3,3,True,regression,local_rates_favor_regression_for_all_groups,3,0,3,0,0.32629191875457764,0.42908039689064026,0.2446276992559433,0.3489583432674408,0.8585874438285828,0.25656768679618835
34021,2,02_Funk1-114-Ab_comp.jams,372086,3,3,2,2,True,regression,local_rates_favor_regression_for_all_groups,23,0,23,0,0.30081942677497864,0.47801512479782104,0.2211654633283615,0.46875,0.46172916889190674,0.065155029296875
34095,2,02_Funk1-114-Ab_comp.jams,598361,2,2,3,3,True,regression,mixed_by_complete_group,57,6,51,0,0.2926420271396637,0.3316842317581177,0.37567368149757385,0.421600878238678,0.7875120043754578,0.023838311433792114
37212,2,02_Jazz1-200-B_comp.jams,101428,3,3,2,2,True,regression,local_rates_favor_correction_for_all_groups,79,79,0,0,0.39099353551864624,0.25380516052246094,0.3552013039588928,0.48200157284736633,0.6676037311553955,0.2565666437149048
37329,2,02_Jazz1-200-B_comp.jams,410446,2,2,3,3,True,regression,mixed_by_complete_group,33,11,22,0,0.3692287504673004,0.3961802124977112,0.2345910519361496,0.11884469538927078,0.6783408522605896,0.14384663105010986
37382,2,02_Jazz1-200-B_comp.jams,530167,3,3,3,2,False,regression,mixed_by_complete_group,90,2,88,0,0.20045311748981476,0.41303715109825134,0.3865097463130951,0.5642361044883728,0.7536550164222717,0.02923572063446045
37426,2,02_Jazz1-200-B_comp.jams,629667,2,2,3,3,True,regression,local_rates_favor_regression_for_all_groups,63,0,63,0,0.22499722242355347,0.4765743613243103,0.298428475856781,0.367807537317276,0.7241913676261902,0.3567042052745819
37600,2,02_Jazz2-110-Bb_comp.jams,263725,4,4,4,2,False,regression,local_rates_favor_correction_for_all_groups,4,4,0,0,0.2904018759727478,0.1755547672510147,0.5340433120727539,0.08203125,0.6226745247840881,0.011898428201675415
37639,2,02_Jazz2-110-Bb_comp.jams,384976,4,4,4,3,False,regression,mixed_by_complete_group,77,14,63,0,0.2940281629562378,0.34277212619781494,0.36319977045059204,0.6775568127632141,0.5656458139419556,0.04537215828895569
37793,2,02_Jazz2-110-Bb_comp.jams,820715,4,4,3,3,True,regression,mixed_by_complete_group,33,26,7,0,0.42799168825149536,0.36212673783302307,0.20988154411315918,0.4730113744735718,0.5062047243118286,0.5156463384628296
37981,2,02_Jazz2-110-Bb_comp.jams,1325160,4,4,3,3,True,regression,local_rates_favor_regression_for_all_groups,47,0,47,0,0.28818705677986145,0.46454688906669617,0.24726602435112,0.4883643686771393,0.5070931911468506,0.36671918630599976
38014,2,02_Jazz2-110-Bb_comp.jams,1432719,3,3,2,2,True,regression,mixed_by_complete_group,7,2,5,0,0.32034850120544434,0.35991352796554565,0.31973797082901,0.390625,0.45000192523002625,0.19770535826683044
38027,2,02_Jazz2-110-Bb_comp.jams,1465510,3,3,2,2,True,regression,local_rates_favor_correction_for_all_groups,64,64,0,0,0.4436241388320923,0.19829459488391876,0.35808128118515015,0.774169921875,0.46442896127700806,0.3532170355319977
39915,2,02_Rock1-130-A_comp.jams,305561,2,2,4,4,True,regression,local_rates_favor_regression_for_all_groups,26,0,26,0,0.1489088237285614,0.24291031062602997,0.608180820941925,0.09975961595773697,0.4724685251712799,0.01472887396812439
39946,2,02_Rock1-130-A_comp.jams,379728,3,3,2,2,True,regression,mixed_by_complete_group,103,99,4,0,0.32228419184684753,0.19131311774253845,0.4864027202129364,0.6846176981925964,0.6303697824478149,0.4066924750804901
40001,2,02_Rock1-130-A_comp.jams,540800,3,3,4,4,True,regression,local_rates_favor_correction_for_all_groups,2,2,0,0,0.4520793855190277,0.2938801646232605,0.2540404796600342,0.171875,0.4412899613380432,0.1247262954711914
40068,2,02_Rock1-130-A_comp.jams,743902,4,4,3,3,True,regression,local_rates_favor_regression_for_all_groups,2,0,2,0,0.22053396701812744,0.37650227546691895,0.4029637575149536,0.46875,0.604917585849762,0.04973684251308441
40136,2,02_Rock1-130-A_comp.jams,928336,4,4,3,3,True,regression,mixed_by_complete_group,62,1,61,0,0.3325592577457428,0.43722769618034363,0.23021304607391357,0.7280746102333069,0.42705073952674866,0.038320958614349365
40151,2,02_Rock1-130-A_comp.jams,966809,3,3,2,2,True,regression,mixed_by_complete_group,63,53,10,0,0.3329960107803345,0.30234894156455994,0.36465513706207275,0.5825892686843872,0.4674496650695801,0.32287514209747314
48940,2,03_Funk1-114-Ab_comp.jams,706849,3,3,3,4,False,regression,local_rates_favor_regression_for_all_groups,1,0,1,0,0.30167844891548157,0.36911073327064514,0.3292108476161957,0.1875,0.6598553657531738,0.07269266247749329
51793,2,03_Jazz1-200-B_comp.jams,225052,4,4,3,3,True,regression,mixed_by_complete_group,79,21,58,0,0.3804056942462921,0.40303629636764526,0.216558039188385,0.38587817549705505,0.5235735774040222,0.4201100468635559
51874,2,03_Jazz1-200-B_comp.jams,609201,4,4,2,3,True,regression,mixed_by_complete_group,36,9,27,0,0.34181663393974304,0.4035845398902893,0.25459882616996765,0.2747395932674408,0.5966388583183289,0.15343014895915985
51978,2,03_Jazz2-110-Bb_comp.jams,64126,3,3,3,2,False,regression,local_rates_favor_regression_for_all_groups,52,0,52,0,0.22953079640865326,0.415537029504776,0.35493212938308716,0.5769230723381042,0.693500816822052,0.05555155873298645
52075,2,03_Jazz2-110-Bb_comp.jams,432984,3,3,2,2,True,regression,mixed_by_complete_group,63,39,24,0,0.3672519624233246,0.350620299577713,0.2821277379989624,0.6783233880996704,0.5313214659690857,0.211843341588974
52128,2,03_Jazz2-110-Bb_comp.jams,618093,3,3,2,2,True,regression,mixed_by_complete_group,63,33,30,0,0.345126748085022,0.34264495968818665,0.31222835183143616,0.6103670597076416,0.5452218651771545,0.193155437707901
52169,2,03_Jazz2-110-Bb_comp.jams,769862,4,4,3,3,True,regression,mixed_by_complete_group,63,13,50,0,0.30900025367736816,0.46381160616874695,0.22718815505504608,0.3191964328289032,0.5244441032409668,0.48457542061805725
52215,2,03_Jazz2-110-Bb_comp.jams,962707,4,4,3,3,True,regression,local_rates_favor_regression_for_all_groups,1,0,1,0,0.2794875204563141,0.5453901886940002,0.17512232065200806,0.5,0.45187848806381226,0.31116899847984314
52287,2,03_Jazz2-110-Bb_comp.jams,1203651,3,3,2,2,True,regression,mixed_by_complete_group,64,61,3,0,0.3795873522758484,0.3334418833255768,0.28697076439857483,0.8408203125,0.510901153087616,0.34287363290786743
52355,2,03_Jazz2-110-Bb_comp.jams,1443845,4,4,3,3,True,regression,local_rates_favor_regression_for_all_groups,1,0,1,0,0.2755475640296936,0.487735778093338,0.2367166429758072,0.453125,0.41941097378730774,0.39146503806114197
53777,2,03_Rock1-130-A_comp.jams,81983,3,3,3,2,False,regression,local_rates_favor_regression_for_all_groups,13,0,13,0,0.26561325788497925,0.36757808923721313,0.3668087124824524,0.359375,0.5022979974746704,0.03073197603225708
53850,2,03_Rock1-130-A_comp.jams,275636,2,2,3,3,True,regression,mixed_by_complete_group,60,1,59,0,0.29871705174446106,0.4575224816799164,0.24376051127910614,0.2880208194255829,0.4937995970249176,0.061102867126464844
54000,2,03_Rock1-130-A_comp.jams,650321,3,3,2,2,True,regression,mixed_by_complete_group,13,12,1,0,0.3642854392528534,0.2893816828727722,0.3463328778743744,0.3822115361690521,0.5959129929542542,0.10844045877456665
54086,2,03_Rock1-130-A_comp.jams,864601,2,2,3,3,True,regression,mixed_by_complete_group,46,42,4,0,0.3218953311443329,0.2649357318878174,0.41316893696784973,0.42323368787765503,0.5283925533294678,0.11395549774169922
55675,2,03_Rock2-85-F_comp.jams,647096,3,3,2,2,True,regression,local_rates_favor_correction_for_all_groups,23,23,0,0,0.3372529149055481,0.2102065235376358,0.4525405168533325,0.6902173757553101,0.5789614915847778,0.42297810316085815
55806,2,03_Rock2-85-F_comp.jams,963340,3,3,4,4,True,regression,local_rates_favor_correction_for_all_groups,1,1,0,0,0.47837552428245544,0.2848101258277893,0.23681434988975525,0.1875,0.4921749234199524,0.2223277986049652
55855,2,03_Rock2-85-F_comp.jams,1088794,4,4,3,3,True,regression,mixed_by_complete_group,69,66,3,0,0.3803298771381378,0.331985741853714,0.2876843512058258,0.6650815010070801,0.5851778984069824,0.3811432123184204
55863,2,03_Rock2-85-F_comp.jams,1119278,3,3,2,2,True,regression,local_rates_favor_regression_for_all_groups,44,0,44,0,0.3510182797908783,0.45065468549728394,0.198326975107193,0.39133521914482117,0.5414127707481384,0.22772672772407532
56012,2,03_Rock2-85-F_comp.jams,1538322,2,2,3,3,True,regression,mixed_by_complete_group,8,6,2,0,0.39565685391426086,0.37855684757232666,0.22578629851341248,0.544921875,0.7716681361198425,0.2489241361618042
56042,2,03_Rock2-85-F_comp.jams,1641632,3,3,2,2,True,regression,local_rates_favor_correction_for_all_groups,11,11,0,0,0.3522115647792816,0.2606237530708313,0.3871647119522095,0.5681818127632141,0.5286450386047363,0.00436517596244812
56085,2,03_Rock2-85-F_comp.jams,1792149,2,2,3,3,True,regression,mixed_by_complete_group,16,7,9,0,0.35254648327827454,0.3720800280570984,0.27537351846694946,0.412109375,0.6764494180679321,0.15024974942207336
62322,2,04_Funk1-114-Ab_comp.jams,835569,2,2,3,3,True,regression,mixed_by_complete_group,90,34,55,1,0.3511345088481903,0.41090333461761475,0.23796217143535614,0.4105902910232544,0.8588709235191345,0.1151759922504425
65581,2,04_Jazz1-200-B_comp.jams,344752,4,4,2,3,True,regression,local_rates_favor_regression_for_all_groups,1,0,1,0,0.1776299625635147,0.6033505797386169,0.21901945769786835,0.328125,0.5720529556274414,0.06605523824691772
65584,2,04_Jazz1-200-B_comp.jams,357637,4,4,2,2,True,regression,mixed_by_complete_group,76,56,20,0,0.3002382218837738,0.23524460196495056,0.464517205953598,0.30139803886413574,0.48371800780296326,0.5826415419578552
66015,2,04_Jazz2-110-Bb_comp.jams,759713,4,4,4,3,False,regression,local_rates_favor_regression_for_all_groups,39,0,39,0,0.3463154435157776,0.4561496078968048,0.19753491878509521,0.32131409645080566,0.549331545829773,0.0225028395652771
66058,2,04_Jazz2-110-Bb_comp.jams,964229,3,3,3,2,False,regression,mixed_by_complete_group,64,2,62,0,0.24032734334468842,0.42495274543762207,0.3347198963165283,0.5703125,0.5690255165100098,0.018306702375411987
66074,2,04_Jazz2-110-Bb_comp.jams,1009846,4,4,2,2,True,regression,mixed_by_complete_group,120,108,12,0,0.3879839777946472,0.23106428980827332,0.3809517025947571,0.5436198115348816,0.715624213218689,0.8618832230567932
66111,2,04_Jazz2-110-Bb_comp.jams,1122145,4,4,3,3,True,regression,local_rates_favor_regression_for_all_groups,3,0,3,0,0.21979159116744995,0.5858254432678223,0.19438296556472778,0.5364583134651184,0.6156792044639587,0.13966965675354004
70141,2,04_Rock2-85-F_solo.jams,402679,2,2,3,3,True,regression,mixed_by_complete_group,43,36,7,0,0.42441803216934204,0.35930895805358887,0.2162729948759079,0.35356104373931885,0.7338494658470154,0.3956018090248108
70226,2,04_Rock2-85-F_solo.jams,1308585,2,2,3,3,True,regression,mixed_by_complete_group,76,68,8,0,0.462272047996521,0.3385266363620758,0.199201300740242,0.35752466320991516,0.7238417863845825,0.06390932202339172
2266,4,00_Funk2-108-Eb_comp.jams,312004,3,3,2,2,True,regression,mixed_by_complete_group,96,59,37,0,0.3143807351589203,0.29662179946899414,0.38899746537208557,0.3307291567325592,0.8288523554801941,0.09718836843967438
2289,4,00_Funk2-108-Eb_comp.jams,399617,3,3,2,2,True,regression,mixed_by_complete_group,73,14,59,0,0.2753431797027588,0.30063244700431824,0.424024373292923,0.512628436088562,0.8645090460777283,0.5409246683120728
2474,4,00_Funk2-108-Eb_comp.jams,928752,3,3,4,4,True,regression,mixed_by_complete_group,48,4,44,0,0.276885062456131,0.36123570799827576,0.36187922954559326,0.1748046875,0.5935959219932556,0.14671026170253754
5183,4,00_Jazz1-130-D_comp.jams,358751,3,3,4,4,True,regression,local_rates_favor_correction_for_all_groups,8,8,0,0,0.4266185164451599,0.22164160013198853,0.35173988342285156,0.173828125,0.4594229459762573,0.09410470724105835
5196,4,00_Jazz1-130-D_comp.jams,385973,3,3,4,4,True,regression,mixed_by_complete_group,59,30,29,0,0.32596272230148315,0.3290954828262329,0.34494179487228394,0.20895126461982727,0.5321211814880371,0.4405088722705841
5307,4,00_Jazz1-130-D_comp.jams,734380,4,4,3,3,True,regression,mixed_by_complete_group,8,3,5,0,0.36061447858810425,0.3569813370704651,0.28240418434143066,0.62109375,0.6762645244598389,0.44887542724609375
6890,4,00_Jazz3-137-Eb_comp.jams,69767,3,3,2,2,True,regression,local_rates_favor_regression_for_all_groups,57,0,57,0,0.2087746113538742,0.39077380299568176,0.40045157074928284,0.5093201994895935,0.7262774705886841,0.010791957378387451
6939,4,00_Jazz3-137-Eb_comp.jams,224202,3,3,2,2,True,regression,mixed_by_complete_group,95,41,53,1,0.28943032026290894,0.2939319908618927,0.41663768887519836,0.4440789520740509,0.6976680755615234,0.42022305727005005
6944,4,00_Jazz3-137-Eb_comp.jams,270128,3,3,2,2,True,regression,mixed_by_complete_group,85,19,66,0,0.24256329238414764,0.319562166929245,0.43787452578544617,0.5027573704719543,0.5773202180862427,0.2039785087108612
6974,4,00_Jazz3-137-Eb_comp.jams,378887,2,2,3,3,True,regression,mixed_by_complete_group,44,14,30,0,0.3444313704967499,0.3818398416042328,0.27372875809669495,0.2904829680919647,0.8345969915390015,0.29324883222579956
7053,4,00_Jazz3-137-Eb_comp.jams,670232,3,3,2,2,True,regression,mixed_by_complete_group,92,69,22,1,0.32766029238700867,0.262486070394516,0.40985363721847534,0.5305706262588501,0.637605607509613,0.1513117551803589
7088,4,00_Jazz3-137-Eb_comp.jams,841521,3,3,2,2,True,regression,local_rates_favor_correction_for_all_groups,1,1,0,0,0.34555983543395996,0.23455598950386047,0.41988417506217957,0.3125,0.7013673186302185,0.3929709196090698
7158,4,00_Jazz3-137-Eb_comp.jams,1131996,3,3,3,2,False,regression,local_rates_favor_regression_for_all_groups,1,0,1,0,0.2599327564239502,0.3066384494304657,0.4334288239479065,0.296875,0.5697837471961975,0.007783234119415283
8888,4,00_Rock1-90-C#_comp.jams,468731,4,4,4,3,False,regression,local_rates_favor_regression_for_all_groups,19,0,19,0,0.2324700802564621,0.3537541925907135,0.413775771856308,0.6891447305679321,0.4544439911842346,0.04818098247051239
9032,4,00_Rock1-90-C#_comp.jams,801130,2,2,3,3,True,regression,local_rates_favor_regression_for_all_groups,4,0,4,0,0.23850922286510468,0.31346747279167175,0.4480232894420624,0.55859375,0.611724853515625,0.051785558462142944
9498,4,00_Rock1-90-C#_solo.jams,572589,2,2,3,3,True,regression,mixed_by_complete_group,63,1,62,0,0.3500863313674927,0.4140041470527649,0.23590955138206482,0.7227182388305664,0.51862633228302,0.4596787095069885
14331,4,00_SS2-107-Ab_comp.jams,704730,3,3,2,2,True,regression,local_rates_favor_regression_for_all_groups,62,0,62,0,0.22298869490623474,0.45786044001579285,0.3191509544849396,0.3618951737880707,0.5594708919525146,0.06923931837081909
14473,4,00_SS2-107-Ab_comp.jams,1101480,3,3,3,2,False,regression,local_rates_favor_regression_for_all_groups,30,0,30,0,0.203279048204422,0.41748589277267456,0.37923505902290344,0.12343750149011612,0.48213130235671997,0.011757194995880127
14849,4,00_SS2-107-Ab_solo.jams,1038666,2,2,3,3,True,regression,mixed_by_complete_group,41,2,39,0,0.31374862790107727,0.3662969172000885,0.31995445489883423,0.39748474955558777,0.512637197971344,0.0705561637878418
18963,4,01_Funk2-108-Eb_comp.jams,502813,3,3,2,2,True,regression,mixed_by_complete_group,71,7,62,2,0.23074665665626526,0.2569429874420166,0.5123103260993958,0.44762325286865234,1.4076663255691528,0.2380962371826172
19007,4,01_Funk2-108-Eb_comp.jams,766135,2,2,3,3,True,regression,local_rates_favor_correction_for_all_groups,63,63,0,0,0.42861407995224,0.318469762802124,0.2529161274433136,0.6515377163887024,0.8069928884506226,0.177445650100708
19107,4,01_Funk2-108-Eb_comp.jams,1243752,4,4,3,3,True,regression,mixed_by_complete_group,63,10,53,0,0.32800909876823425,0.35742706060409546,0.31456390023231506,0.7822420597076416,0.6544928550720215,0.19947651028633118
19170,4,01_Funk2-108-Eb_comp.jams,1519179,3,3,2,2,True,regression,mixed_by_complete_group,7,2,4,1,0.281584233045578,0.2850486934185028,0.4333670437335968,0.4575892984867096,0.9933093786239624,0.1324998438358307
21407,4,01_Jazz1-130-D_comp.jams,102484,2,2,2,3,False,regression,mixed_by_complete_group,48,1,47,0,0.2798846364021301,0.3667795658111572,0.35333576798439026,0.4684244692325592,0.5001664757728577,0.038522034883499146
21429,4,01_Jazz1-130-D_comp.jams,298466,2,2,3,3,True,regression,mixed_by_complete_group,5,1,4,0,0.299083411693573,0.32349786162376404,0.3774186968803406,0.3187499940395355,0.8297857046127319,0.03177124261856079
21465,4,01_Jazz1-130-D_comp.jams,426477,2,2,2,3,False,regression,mixed_by_complete_group,24,1,23,0,0.2859344184398651,0.3800842761993408,0.3339812755584717,0.517578125,0.572170078754425,0.011403590440750122
21529,4,01_Jazz1-130-D_comp.jams,704915,2,2,3,3,True,regression,local_rates_favor_correction_for_all_groups,17,17,0,0,0.3658442497253418,0.288932204246521,0.3452235758304596,0.21875,0.8926365375518799,0.4233754873275757
21538,4,01_Jazz1-130-D_comp.jams,724421,2,2,3,3,True,regression,local_rates_favor_correction_for_all_groups,3,3,0,0,0.3747576177120209,0.32335126399993896,0.30189117789268494,0.3333333432674408,0.7773194313049316,0.26158761978149414
23160,4,01_Jazz3-137-Eb_comp.jams,386851,2,2,3,3,True,regression,mixed_by_complete_group,60,25,35,0,0.37326565384864807,0.3880281448364258,0.23870615661144257,0.518750011920929,0.4835186302661896,0.017328590154647827
23169,4,01_Jazz3-137-Eb_comp.jams,443703,3,3,2,2,True,regression,mixed_by_complete_group,51,31,20,0,0.3177630603313446,0.30047905445098877,0.3817578852176666,0.2751225531101227,0.7634688019752502,0.3910350799560547
23181,4,01_Jazz3-137-Eb_comp.jams,494752,2,2,3,3,True,regression,local_rates_favor_correction_for_all_groups,66,66,0,0,0.48622673749923706,0.312326580286026,0.20144666731357574,0.7118844985961914,0.64275723695755,0.33663374185562134
23247,4,01_Jazz3-137-Eb_comp.jams,803871,2,2,3,3,True,regression,local_rates_favor_correction_for_all_groups,65,65,0,0,0.48966121673583984,0.2908177673816681,0.21952100098133087,0.6163461804389954,0.5349371433258057,0.02188241481781006
23258,4,01_Jazz3-137-Eb_comp.jams,831356,3,3,2,2,True,regression,mixed_by_complete_group,61,2,59,0,0.2498249113559723,0.33465081453323364,0.4155242443084717,0.44441598653793335,0.8894156217575073,0.43944472074508667
24534,4,01_Rock1-90-C#_comp.jams,74111,3,3,4,4,True,regression,mixed_by_complete_group,47,20,27,0,0.346768319606781,0.35861316323280334,0.2946185767650604,0.11236701905727386,0.5120996236801147,0.09614869952201843
24629,4,01_Rock1-90-C#_comp.jams,262573,2,2,4,4,True,regression,local_rates_favor_regression_for_all_groups,25,0,25,0,0.17405135929584503,0.350309282541275,0.47563931345939636,0.17937499284744263,0.5436795353889465,0.09904779493808746
24831,4,01_Rock1-90-C#_comp.jams,676200,4,4,5,5,True,regression,mixed_by_complete_group,7,6,1,0,0.3540061116218567,0.28623276948928833,0.3597610890865326,0.1607142835855484,0.4628334641456604,0.07673957943916321
24958,4,01_Rock1-90-C#_comp.jams,970851,2,2,3,3,True,regression,local_rates_favor_regression_for_all_groups,62,0,62,0,0.28971201181411743,0.3629729449748993,0.3473150432109833,0.4712701737880707,0.41883254051208496,0.09233811497688293
25048,4,01_Rock1-90-C#_comp.jams,1160229,3,3,2,2,True,regression,local_rates_favor_regression_for_all_groups,62,0,62,0,0.2394794523715973,0.3397285044193268,0.42079201340675354,0.850806474685669,0.6576866507530212,0.04417234659194946
29703,4,01_SS2-107-Ab_comp.jams,160910,3,3,2,2,True,regression,local_rates_favor_regression_for_all_groups,12,0,12,0,0.22123558819293976,0.37676534056663513,0.4019990861415863,0.23828125,0.8446051478385925,0.2942274212837219
29720,4,01_SS2-107-Ab_comp.jams,210093,4,4,3,3,True,regression,mixed_by_complete_group,68,63,5,0,0.3646600842475891,0.33437272906303406,0.30096718668937683,0.7095588445663452,0.8234231472015381,0.2089158296585083
34505,4,02_Funk2-108-Eb_comp.jams,410463,2,2,3,3,True,regression,local_rates_favor_regression_for_all_groups,63,0,63,0,0.2873382270336151,0.4234122335910797,0.2892495095729828,0.5086805820465088,0.613160252571106,0.31955501437187195
34567,4,02_Funk2-108-Eb_comp.jams,636197,3,3,2,2,True,regression,mixed_by_complete_group,68,27,39,2,0.27857622504234314,0.2831414043903351,0.4382823407649994,0.5629595518112183,0.6098618507385254,0.011699289083480835
34610,4,02_Funk2-108-Eb_comp.jams,821898,3,3,2,2,True,regression,mixed_by_complete_group,86,52,31,3,0.32349589467048645,0.30937647819519043,0.3671276271343231,0.41624271869659424,0.6012762784957886,0.08377894759178162
36898,4,02_Jazz1-130-D_comp.jams,685486,3,3,2,2,True,regression,mixed_by_complete_group,50,25,24,1,0.32049208879470825,0.3149923086166382,0.3645155727863312,0.4556249976158142,0.4595923125743866,0.06982201337814331
36910,4,02_Jazz1-130-D_comp.jams,747145,3,3,2,2,True,regression,local_rates_favor_regression_for_all_groups,47,0,47,0,0.20654575526714325,0.3686876893043518,0.4247664511203766,0.34009307622909546,0.5075974464416504,0.06281113624572754
38608,4,02_Jazz3-137-Eb_comp.jams,32023,2,2,3,3,True,regression,local_rates_favor_correction_for_all_groups,9,9,0,0,0.44369128346443176,0.2681090533733368,0.28819966316223145,0.2934027910232544,0.5467430949211121,0.09216982126235962
38681,4,02_Jazz3-137-Eb_comp.jams,289872,3,3,4,4,True,regression,mixed_by_complete_group,24,16,8,0,0.3808119595050812,0.34637415409088135,0.2728138566017151,0.0696614608168602,0.5132710337638855,0.19974404573440552
38698,4,02_Jazz3-137-Eb_comp.jams,360258,2,2,3,3,True,regression,mixed_by_complete_group,37,3,34,0,0.31973716616630554,0.4130586087703705,0.2672041952610016,0.2820945978164673,0.5070837736129761,0.0819355845451355
38808,4,02_Jazz3-137-Eb_comp.jams,823179,2,2,3,3,True,regression,mixed_by_complete_group,45,44,1,0,0.40829846262931824,0.3055613338947296,0.2861402928829193,0.1649305522441864,0.6090927124023438,0.5445684194564819
38876,4,02_Jazz3-137-Eb_comp.jams,1023985,3,3,3,2,False,regression,mixed_by_complete_group,4,1,3,0,0.3019050657749176,0.31539055705070496,0.3827044367790222,0.1484375,0.5659373998641968,0.13607782125473022
38899,4,02_Jazz3-137-Eb_comp.jams,1099862,3,3,2,2,True,regression,local_rates_favor_correction_for_all_groups,56,56,0,0,0.3630618453025818,0.2218232899904251,0.4151148796081543,0.4676339328289032,0.6376051306724548,0.1313212811946869
38925,4,02_Jazz3-137-Eb_comp.jams,1171067,3,3,2,2,True,regression,mixed_by_complete_group,59,57,2,0,0.3138335347175598,0.18594768643379211,0.5002187490463257,0.2923728823661804,0.514697790145874,0.17698624730110168
40457,4,02_Rock1-90-C#_comp.jams,500279,3,3,3,2,False,regression,mixed_by_complete_group,17,3,14,0,0.2910135090351105,0.3650391399860382,0.3439473509788513,0.21599264442920685,0.6013339161872864,0.08677554130554199
40486,4,02_Rock1-90-C#_comp.jams,573379,3,3,3,2,False,regression,mixed_by_complete_group,25,1,24,0,0.24178792536258698,0.44692477583885193,0.3112873435020447,0.21062499284744263,0.5126069784164429,0.06301707029342651
44940,4,02_SS2-107-Ab_comp.jams,706577,3,3,2,2,True,regression,local_rates_favor_regression_for_all_groups,1,0,1,0,0.24637575447559357,0.31143003702163696,0.44219422340393066,0.640625,0.5374208092689514,0.20797812938690186
44992,4,02_SS2-107-Ab_comp.jams,828407,3,3,3,4,False,regression,mixed_by_complete_group,10,9,1,0,0.41494232416152954,0.29875868558883667,0.2862989902496338,0.09062500298023224,0.4427711069583893,0.026605606079101562
49212,4,03_Funk2-108-Eb_comp.jams,134367,2,2,3,3,True,regression,mixed_by_complete_group,9,3,6,0,0.3501397967338562,0.384920597076416,0.2649396061897278,0.4513888955116272,0.7878959774971008,0.28338930010795593
49217,4,03_Funk2-108-Eb_comp.jams,146603,3,3,4,4,True,regression,local_rates_favor_correction_for_all_groups,1,1,0,0,0.4470588266849518,0.23529411852359772,0.3176470696926117,0.078125,0.5055949091911316,0.15790489315986633
49328,4,03_Funk2-108-Eb_comp.jams,624953,3,3,3,2,False,regression,local_rates_favor_regression_for_all_groups,1,0,1,0,0.24535809457302094,0.4350132644176483,0.31962865591049194,0.375,0.6028916239738464,0.0625087320804596
49364,4,03_Funk2-108-Eb_comp.jams,759691,4,4,3,3,True,regression,mixed_by_complete_group,71,38,33,0,0.3566671311855316,0.35124263167381287,0.2920902669429779,0.7667253613471985,0.6113476753234863,0.07640776038169861
49386,4,03_Funk2-108-Eb_comp.jams,833364,3,3,2,2,True,regression,local_rates_favor_correction_for_all_groups,61,61,0,0,0.3512701988220215,0.23310135304927826,0.4156284034252167,0.48719263076782227,0.6198056936264038,0.2027352750301361
49441,4,03_Funk2-108-Eb_comp.jams,1049361,3,3,2,2,True,regression,mixed_by_complete_group,25,12,13,0,0.35170048475265503,0.37300896644592285,0.2752905786037445,0.1550000011920929,0.5179157257080078,0.3830055594444275
49481,4,03_Funk2-108-Eb_comp.jams,1212521,3,3,3,2,False,regression,local_rates_favor_correction_for_all_groups,1,1,0,0,0.3795555531978607,0.25288888812065125,0.36755555868148804,0.125,0.5086182951927185,0.049517929553985596
49542,4,03_Funk2-108-Eb_comp.jams,1423915,3,3,2,2,True,regression,mixed_by_complete_group,101,25,76,0,0.24465298652648926,0.2945775091648102,0.4607694745063782,0.5242883563041687,0.6655286550521851,0.20196112990379333
51501,4,03_Jazz1-130-D_comp.jams,406263,2,2,2,3,False,regression,local_rates_favor_regression_for_all_groups,1,0,1,0,0.3472285866737366,0.3544522225856781,0.2983191907405853,0.390625,0.6074116826057434,0.07898780703544617
51544,4,03_Jazz1-130-D_comp.jams,589303,3,3,2,2,True,regression,mixed_by_complete_group,38,33,5,0,0.41601645946502686,0.31094467639923096,0.2730388939380646,0.14144736528396606,0.49896833300590515,0.2560458481311798
54419,4,03_Rock1-90-C#_comp.jams,455538,2,2,2,3,False,regression,mixed_by_complete_group,24,5,19,0,0.324423611164093,0.3687986135482788,0.30677780508995056,0.41015625,0.6211280226707458,0.02875569462776184
54441,4,03_Rock1-90-C#_comp.jams,500238,3,3,4,4,True,regression,mixed_by_complete_group,62,54,8,0,0.35056883096694946,0.2692791819572449,0.38015201687812805,0.17540322244167328,0.5020777583122253,0.46037232875823975
54472,4,03_Rock1-90-C#_comp.jams,573525,3,3,2,2,True,regression,local_rates_favor_correction_for_all_groups,21,21,0,0,0.41240400075912476,0.31439757347106934,0.2731984555721283,0.2418154776096344,0.5215004682540894,0.43105316162109375
54623,4,03_Rock1-90-C#_comp.jams,940945,2,2,3,3,True,regression,local_rates_favor_correction_for_all_groups,63,63,0,0,0.45348861813545227,0.3396762013435364,0.20683522522449493,0.5560516119003296,0.5384087562561035,0.10824480652809143
54634,4,03_Rock1-90-C#_comp.jams,970414,2,2,3,3,True,regression,local_rates_favor_regression_for_all_groups,9,0,9,0,0.32547593116760254,0.3791298568248749,0.2953941822052002,0.484375,0.5816531777381897,0.18749216198921204
54648,4,03_Rock1-90-C#_comp.jams,1000075,2,2,3,3,True,regression,mixed_by_complete_group,62,2,60,0,0.27045542001724243,0.332762211561203,0.39678242802619934,0.4541330635547638,0.5012207627296448,0.15153750777244568
54654,4,03_Rock1-90-C#_comp.jams,1015338,3,3,4,4,True,regression,mixed_by_complete_group,59,56,3,0,0.3541858196258545,0.2680414319038391,0.3777727782726288,0.13532839715480804,0.46136897802352905,0.36713069677352905
54663,4,03_Rock1-90-C#_comp.jams,1045453,2,2,3,3,True,regression,local_rates_favor_correction_for_all_groups,63,63,0,0,0.48814550042152405,0.2949642837047577,0.21689027547836304,0.6646825671195984,0.5510761141777039,0.12774580717086792
54730,4,03_Rock1-90-C#_comp.jams,1204721,3,3,3,2,False,regression,mixed_by_complete_group,37,30,6,1,0.27835801243782043,0.2492763102054596,0.4723656177520752,0.08530405163764954,0.4992986023426056,0.0802086889743805
58367,4,03_SS2-107-Ab_comp.jams,33229,3,3,2,2,True,regression,local_rates_favor_correction_for_all_groups,3,3,0,0,0.3450382649898529,0.29470768570899963,0.36025404930114746,0.4427083432674408,0.7052372097969055,0.025508373975753784
58392,4,03_SS2-107-Ab_comp.jams,110290,3,3,2,2,True,regression,local_rates_favor_correction_for_all_groups,67,67,0,0,0.38408565521240234,0.24224068224430084,0.373673677444458,0.39668843150138855,0.6244784593582153,0.621181845664978
58436,4,03_SS2-107-Ab_comp.jams,210221,3,3,2,2,True,regression,local_rates_favor_correction_for_all_groups,59,59,0,0,0.3433665931224823,0.19741284847259521,0.45922061800956726,0.39645126461982727,0.5456933379173279,0.2077137976884842
58465,4,03_SS2-107-Ab_comp.jams,283839,3,3,2,2,True,regression,local_rates_favor_correction_for_all_groups,1,1,0,0,0.24607989192008972,0.2144039124250412,0.5395162105560303,0.578125,0.6517095565795898,0.2064152956008911
58497,4,03_SS2-107-Ab_comp.jams,364913,3,3,3,2,False,regression,mixed_by_complete_group,10,7,3,0,0.3750039041042328,0.3365913927555084,0.2884047031402588,0.20156249403953552,0.5955888032913208,0.015972986817359924
58684,4,03_SS2-107-Ab_comp.jams,902852,3,3,2,2,True,regression,mixed_by_complete_group,59,57,2,0,0.33343425393104553,0.27311721444129944,0.39344853162765503,0.4388241469860077,0.5370672345161438,0.19960060715675354
58738,4,03_SS2-107-Ab_comp.jams,1038523,2,2,3,3,True,regression,mixed_by_complete_group,22,14,8,0,0.34942951798439026,0.31650957465171814,0.3340608775615692,0.3657670319080353,0.6841175556182861,0.19303128123283386
58814,4,03_SS2-107-Ab_comp.jams,1236913,2,2,3,3,True,regression,mixed_by_complete_group,43,41,2,0,0.4244544804096222,0.3245377540588379,0.2510077655315399,0.49672964215278625,0.7006557583808899,0.2916956841945648
58881,4,03_SS2-107-Ab_comp.jams,1435066,3,3,2,2,True,regression,mixed_by_complete_group,70,69,1,0,0.2930808663368225,0.18700779974460602,0.5199113488197327,0.5238839387893677,0.5472193360328674,0.29645222425460815
58889,4,03_SS2-107-Ab_comp.jams,1454454,3,3,2,2,True,regression,mixed_by_complete_group,2,1,1,0,0.30687907338142395,0.2605133354663849,0.43260759115219116,0.3125,0.5661924481391907,0.17685267329216003
62610,4,04_Funk2-108-Eb_comp.jams,159553,3,3,4,4,True,regression,local_rates_favor_regression_for_all_groups,1,0,1,0,0.28661617636680603,0.31186869740486145,0.4015151560306549,0.1875,0.43402689695358276,0.09261149168014526
62614,4,04_Funk2-108-Eb_comp.jams,178859,2,2,3,3,True,regression,local_rates_favor_regression_for_all_groups,59,0,59,0,0.25565168261528015,0.3699715733528137,0.37437668442726135,0.4388241469860077,1.1954182386398315,0.2325388491153717
62632,4,04_Funk2-108-Eb_comp.jams,257855,3,3,4,4,True,regression,mixed_by_complete_group,26,21,5,0,0.3496561348438263,0.2789728343486786,0.3713710606098175,0.19591346383094788,0.48426076769828796,0.14307942986488342
62639,4,04_Funk2-108-Eb_comp.jams,276297,2,2,3,3,True,regression,mixed_by_complete_group,43,1,42,0,0.35666054487228394,0.41118910908699036,0.2321503907442093,0.5119912624359131,0.7515256404876709,0.2429792732000351
62646,4,04_Funk2-108-Eb_comp.jams,313704,2,2,3,3,True,regression,local_rates_favor_regression_for_all_groups,55,0,55,0,0.21249011158943176,0.4139825999736786,0.3735273480415344,0.3173295557498932,0.7896407842636108,0.1162852942943573
62761,4,04_Funk2-108-Eb_comp.jams,753794,3,3,2,2,True,regression,local_rates_favor_correction_for_all_groups,2,2,0,0,0.408565878868103,0.22736632823944092,0.36406779289245605,0.15625,0.7526390552520752,0.550107479095459
62908,4,04_Funk2-108-Eb_comp.jams,1269438,3,3,2,2,True,regression,mixed_by_complete_group,56,23,33,0,0.29713526368141174,0.3056463301181793,0.3972184360027313,0.4720982015132904,0.7836823463439941,0.18226215243339539
62914,4,04_Funk2-108-Eb_comp.jams,1287703,2,2,2,3,False,regression,mixed_by_complete_group,60,4,56,0,0.28240966796875,0.3337499499320984,0.3838403820991516,0.3557291626930237,0.582435667514801,0.05832195281982422
65267,4,04_Jazz1-130-D_comp.jams,630105,4,4,3,3,True,regression,mixed_by_complete_group,63,16,47,0,0.3312223255634308,0.35773006081581116,0.31104764342308044,0.5215773582458496,0.6943472623825073,0.16995418071746826
65332,4,04_Jazz1-130-D_comp.jams,813471,3,3,2,2,True,regression,mixed_by_complete_group,63,2,61,0,0.25649893283843994,0.39288923144340515,0.3506118357181549,0.3980654776096344,0.5857531428337097,0.09030434489250183
65353,4,04_Jazz1-130-D_comp.jams,875458,4,4,4,3,False,regression,local_rates_favor_regression_for_all_groups,21,0,21,0,0.31513914465904236,0.4014476537704468,0.2834131717681885,0.5141369104385376,0.720719575881958,0.07472965121269226
65365,4,04_Jazz1-130-D_comp.jams,908383,4,4,3,3,True,regression,mixed_by_complete_group,65,5,60,0,0.29233819246292114,0.3048537075519562,0.40280812978744507,0.8882211446762085,0.5574036240577698,0.20180711150169373
66693,4,04_Jazz3-137-Eb_comp.jams,29916,4,4,3,3,True,regression,mixed_by_complete_group,58,1,57,0,0.3355814218521118,0.39589589834213257,0.2685226798057556,0.7362607717514038,0.5901284217834473,0.14605525135993958
66701,4,04_Jazz3-137-Eb_comp.jams,50281,4,4,2,2,True,regression,local_rates_favor_correction_for_all_groups,23,23,0,0,0.30575355887413025,0.20348961651325226,0.4907568693161011,0.15285326540470123,0.668652355670929,0.07060205936431885
66731,4,04_Jazz3-137-Eb_comp.jams,192654,3,3,2,2,True,regression,mixed_by_complete_group,85,17,67,1,0.2561965584754944,0.2975400388240814,0.4462634027004242,0.47095587849617004,0.5805703401565552,0.19300809502601624
66771,4,04_Jazz3-137-Eb_comp.jams,339408,4,4,3,3,True,regression,local_rates_favor_correction_for_all_groups,64,64,0,0,0.41766589879989624,0.3486904203891754,0.23364371061325073,0.711181640625,0.5159111618995667,0.12560030817985535
66788,4,04_Jazz3-137-Eb_comp.jams,395660,4,4,3,3,True,regression,mixed_by_complete_group,59,6,53,0,0.3100863993167877,0.37554115056991577,0.3143724203109741,0.5323092937469482,0.6972603797912598,0.16576817631721497
66797,4,04_Jazz3-137-Eb_comp.jams,423714,3,3,3,2,False,regression,mixed_by_complete_group,36,1,35,0,0.28284844756126404,0.4184807538986206,0.29867076873779297,0.2586805522441864,0.5097233653068542,0.03177851438522339
66825,4,04_Jazz3-137-Eb_comp.jams,532521,3,3,4,4,True,regression,local_rates_favor_regression_for_all_groups,28,0,28,0,0.2307882010936737,0.3635875880718231,0.4056241810321808,0.0647321417927742,0.4708035886287689,0.11377307772636414
66945,4,04_Jazz3-137-Eb_comp.jams,920690,4,4,2,2,True,regression,mixed_by_complete_group,103,102,1,0,0.38579481840133667,0.20600458979606628,0.40820053219795227,0.3933555781841278,0.6311175227165222,0.19838745892047882
66988,4,04_Jazz3-137-Eb_comp.jams,1056199,3,3,2,2,True,regression,mixed_by_complete_group,63,10,51,2,0.3003116548061371,0.3533673882484436,0.3463209867477417,0.3122519850730896,0.8273430466651917,0.2586052715778351
66991,4,04_Jazz3-137-Eb_comp.jams,1075292,4,4,3,3,True,regression,local_rates_favor_regression_for_all_groups,56,0,56,0,0.301699161529541,0.43958812952041626,0.2587127089500427,0.78515625,0.9602800011634827,0.03065451979637146
66993,4,04_Jazz3-137-Eb_comp.jams,1092833,4,4,3,3,True,regression,mixed_by_complete_group,63,3,60,0,0.29301917552948,0.37063127756118774,0.3363495171070099,0.4776785671710968,0.766373872756958,0.13507777452468872
67012,4,04_Jazz3-137-Eb_comp.jams,1159060,4,4,3,3,True,regression,local_rates_favor_correction_for_all_groups,57,57,0,0,0.4486546814441681,0.2992347180843353,0.2521105706691742,0.8382675647735596,0.58231121301651,0.27771860361099243
67081,4,04_Jazz3-137-Eb_solo.jams,455449,2,2,3,3,True,regression,mixed_by_complete_group,61,3,58,0,0.3657940924167633,0.41893014311790466,0.21527576446533203,0.5655737519264221,1.087510347366333,0.2520420551300049
68175,4,04_Rock1-90-C#_comp.jams,102159,3,3,2,2,True,regression,mixed_by_complete_group,18,12,6,0,0.32211488485336304,0.24608373641967773,0.43180134892463684,0.0668402761220932,0.5525890588760376,0.1783054769039154
68254,4,04_Rock1-90-C#_comp.jams,338972,3,3,3,2,False,regression,mixed_by_complete_group,50,1,49,0,0.23766259849071503,0.35149767994880676,0.4108397662639618,0.17406250536441803,0.5148844718933105,0.06740540266036987
68337,4,04_Rock1-90-C#_comp.jams,557210,3,3,4,4,True,regression,local_rates_favor_regression_for_all_groups,6,0,6,0,0.1480981707572937,0.38039276003837585,0.47150906920433044,0.21875,0.5838573575019836,0.07522538304328918
68494,4,04_Rock1-90-C#_comp.jams,970087,3,3,2,2,True,regression,local_rates_favor_correction_for_all_groups,61,61,0,0,0.3535699248313904,0.17393411695957184,0.4724959433078766,0.3865266442298889,0.5437178611755371,0.34532302618026733
68555,4,04_Rock1-90-C#_comp.jams,1115446,3,3,4,4,True,regression,local_rates_favor_regression_for_all_groups,16,0,15,1,0.23268750309944153,0.4375995099544525,0.32971298694610596,0.123046875,0.5271145105361938,0.16176116466522217
68603,4,04_Rock1-90-C#_comp.jams,1235005,4,4,3,3,True,regression,mixed_by_complete_group,2,1,1,0,0.3266209363937378,0.3388027548789978,0.3345763385295868,0.6171875,0.6327123641967773,0.24757906794548035
68649,4,04_Rock1-90-C#_comp.jams,1336158,3,3,4,4,True,regression,local_rates_favor_regression_for_all_groups,1,0,1,0,0.2874999940395355,0.36250001192092896,0.3499999940395355,0.125,0.5564221143722534,0.01912546157836914
72475,4,04_SS2-107-Ab_comp.jams,346513,2,2,3,3,True,regression,local_rates_favor_regression_for_all_groups,63,0,63,0,0.24523206055164337,0.36482658982276917,0.38994133472442627,0.5736607313156128,0.4347321689128876,0.09795516729354858
72603,4,04_SS2-107-Ab_comp.jams,792493,3,3,3,2,False,regression,local_rates_favor_regression_for_all_groups,16,0,16,0,0.2557624280452728,0.40369871258735657,0.3405388593673706,0.208984375,0.514055609703064,0.007201284170150757
72783,4,04_SS2-107-Ab_comp.jams,1385249,2,2,3,3,True,regression,local_rates_favor_regression_for_all_groups,5,0,5,0,0.2836349606513977,0.4255102574825287,0.2908548414707184,0.546875,0.47449755668640137,0.08223026990890503
72794,4,04_SS2-107-Ab_comp.jams,1435867,2,2,3,3,True,regression,mixed_by_complete_group,63,3,60,0,0.3118574619293213,0.36473584175109863,0.32340672612190247,0.6180555820465088,0.45923927426338196,0.38171789050102234
