global_index,fold,recording_id,start_sample,true_K,baseline_K,global_K,local_K,existing_global_regression,effect_vs_freeze,local_audit_profile,same_destination_groups,groups_favoring_correction,groups_favoring_regression,groups_tied,mean_local_correction_rate,mean_local_regression_rate,mean_local_neutral_rate,mean_local_support_fraction,mean_neighbor_distance,announced_gain
605,0,00_BN2-166-Ab_comp.jams,113167,3,2,3,3,False,correction,mixed_by_complete_group,126,111,15,0,0.40070244669914246,0.28994104266166687,0.30935654044151306,0.3033234179019928,0.5069409608840942,0.38171815872192383
712,0,00_BN2-166-Ab_comp.jams,533113,3,2,3,3,False,correction,mixed_by_complete_group,28,12,16,0,0.33424660563468933,0.3448227345943451,0.3209305703639984,0.5379464030265808,0.6444382667541504,0.056126534938812256
715,0,00_BN2-166-Ab_comp.jams,549345,3,4,2,2,False,neutral,local_rates_favor_regression_for_all_groups,1,0,1,0,0.09431438148021698,0.48461538553237915,0.42107024788856506,0.21875,0.732060968875885,0.15260905027389526
737,0,00_BN2-166-Ab_comp.jams,622208,3,4,2,2,False,neutral,mixed_by_complete_group,226,210,16,0,0.232090026140213,0.13453525304794312,0.6333746910095215,0.31208518147468567,0.7064758539199829,0.056616246700286865
757,0,00_BN2-166-Ab_comp.jams,693224,4,2,3,3,False,neutral,local_rates_favor_correction_for_all_groups,123,123,0,0,0.5069846510887146,0.2960328757762909,0.1969824880361557,0.6134400367736816,0.5245283842086792,0.11681181192398071
760,0,00_BN2-166-Ab_comp.jams,709555,3,3,4,4,True,regression,local_rates_favor_correction_for_all_groups,49,49,0,0,0.4089530110359192,0.28803396224975586,0.30301302671432495,0.234375,0.5189223289489746,0.19748106598854065
830,0,00_BN2-166-Ab_comp.jams,990750,2,2,3,3,True,regression,local_rates_favor_correction_for_all_groups,107,107,0,0,0.41863855719566345,0.3053314983844757,0.2760299742221832,0.35192757844924927,0.6220535635948181,0.2258882224559784
7438,0,00_Jazz3-150-C_comp.jams,188327,3,2,3,3,False,correction,mixed_by_complete_group,131,14,117,0,0.3052116632461548,0.36272910237312317,0.3320592939853668,0.4377385377883911,0.5468223094940186,0.13196754455566406
7458,0,00_Jazz3-150-C_comp.jams,280888,5,4,3,3,False,neutral,mixed_by_complete_group,127,3,124,0,0.33740195631980896,0.43375900387763977,0.22883903980255127,0.6994340419769287,0.4822404384613037,0.03453797101974487
7484,0,00_Jazz3-150-C_comp.jams,345289,4,4,3,3,True,regression,mixed_by_complete_group,178,15,163,0,0.28138428926467896,0.43964463472366333,0.2789710760116577,0.49701544642448425,0.7156267762184143,0.10716119408607483
7516,0,00_Jazz3-150-C_comp.jams,423370,4,3,2,2,False,neutral,mixed_by_complete_group,5,3,2,0,0.3676902651786804,0.34332287311553955,0.28898686170578003,0.328125,0.631014347076416,0.0088711678981781
7527,0,00_Jazz3-150-C_comp.jams,475578,4,3,2,2,False,neutral,mixed_by_complete_group,2,1,1,0,0.2725107669830322,0.2584756314754486,0.4690135717391968,0.0390625,0.48153743147850037,0.06091791391372681
7532,0,00_Jazz3-150-C_comp.jams,486239,2,3,2,2,False,correction,mixed_by_complete_group,106,100,6,0,0.2966051697731018,0.2483004331588745,0.4550943970680237,0.38369694352149963,0.601166844367981,0.13644669950008392
7559,0,00_Jazz3-150-C_comp.jams,545730,3,2,3,3,False,correction,mixed_by_complete_group,82,58,24,0,0.35447752475738525,0.3466132879257202,0.2989092171192169,0.20350609719753265,0.622322142124176,0.06482821702957153
7573,0,00_Jazz3-150-C_comp.jams,599658,4,3,3,4,False,correction,local_rates_favor_regression_for_all_groups,5,0,5,0,0.25263527035713196,0.4221293032169342,0.32523542642593384,0.078125,0.5567135810852051,0.050968945026397705
7614,0,00_Jazz3-150-C_comp.jams,750329,2,3,2,2,False,correction,mixed_by_complete_group,50,44,6,0,0.3547745645046234,0.3196311891078949,0.3255942463874817,0.3396874964237213,0.5638058185577393,0.15113449096679688
7629,0,00_Jazz3-150-C_comp.jams,811527,4,4,3,2,True,regression,local_rates_favor_regression_for_all_groups,21,0,21,0,0.19327394664287567,0.3216862976551056,0.48503977060317993,0.2492559552192688,0.5989554524421692,0.03826054930686951
7651,0,00_Jazz3-150-C_comp.jams,864275,3,3,2,2,True,regression,local_rates_favor_correction_for_all_groups,4,4,0,0,0.37941864132881165,0.19149938225746155,0.4290819764137268,0.25,0.5212092399597168,0.2563636004924774
7668,0,00_Jazz3-150-C_comp.jams,911307,3,3,4,4,True,regression,local_rates_favor_regression_for_all_groups,5,0,5,0,0.25931692123413086,0.43914252519607544,0.3015405535697937,0.078125,0.568730354309082,0.31012746691703796
7675,0,00_Jazz3-150-C_comp.jams,936468,3,2,2,3,False,correction,local_rates_favor_regression_for_all_groups,5,0,5,0,0.32722100615501404,0.4063502252101898,0.26642876863479614,0.25312501192092896,0.5859354734420776,0.016602233052253723
7710,0,00_Jazz3-150-C_comp.jams,1021322,2,2,2,3,False,regression,local_rates_favor_regression_for_all_groups,1,0,1,0,0.24268293380737305,0.4042682945728302,0.35304877161979675,0.1875,0.7841827869415283,0.08039528131484985
7716,0,00_Jazz3-150-C_comp.jams,1032874,3,2,3,3,False,correction,mixed_by_complete_group,121,4,117,0,0.26969680190086365,0.410304993391037,0.31999823451042175,0.20893594622612,0.5357413291931152,0.259345144033432
7725,0,00_Jazz3-150-C_comp.jams,1058407,5,4,3,3,False,neutral,mixed_by_complete_group,177,166,11,0,0.39055371284484863,0.2972926199436188,0.3121536672115326,0.6221751570701599,0.612078070640564,0.23050716519355774
7920,0,00_Jazz3-150-C_solo.jams,617497,1,3,3,2,False,neutral,mixed_by_complete_group,88,58,30,0,0.2857164442539215,0.2589561641216278,0.4553273916244507,0.3911576569080353,0.5265911221504211,0.010026872158050537
7976,0,00_Jazz3-150-C_solo.jams,774878,1,2,3,3,False,neutral,mixed_by_complete_group,115,75,39,1,0.37170884013175964,0.35008010268211365,0.2782110571861267,0.39850544929504395,0.6011083722114563,0.2102271318435669
7986,0,00_Jazz3-150-C_solo.jams,863608,1,2,3,3,False,neutral,local_rates_favor_regression_for_all_groups,26,0,26,0,0.3183673620223999,0.42244523763656616,0.25918740034103394,0.46454328298568726,0.4708682894706726,0.19326549768447876
9643,0,00_Rock2-142-D_comp.jams,19528,5,2,4,4,False,neutral,mixed_by_complete_group,114,4,108,2,0.20408287644386292,0.38352203369140625,0.4123951494693756,0.037828948348760605,0.5802812576293945,0.3529081642627716
9649,0,00_Rock2-142-D_comp.jams,35507,4,4,3,3,True,regression,local_rates_favor_regression_for_all_groups,38,0,38,0,0.2376089096069336,0.3925754427909851,0.3698156774044037,0.5649670958518982,0.5027308464050293,0.1447656750679016
9682,0,00_Rock2-142-D_comp.jams,108595,5,2,3,3,False,neutral,mixed_by_complete_group,8,5,3,0,0.34932684898376465,0.34573981165885925,0.3049333691596985,0.267578125,0.48023146390914917,0.46519705653190613
9688,0,00_Rock2-142-D_comp.jams,122210,4,2,3,3,False,neutral,mixed_by_complete_group,10,2,8,0,0.27421316504478455,0.3139970600605011,0.41178980469703674,0.34687501192092896,0.4501270651817322,0.24486073851585388
9694,0,00_Rock2-142-D_comp.jams,136526,3,4,3,3,False,correction,local_rates_favor_correction_for_all_groups,23,23,0,0,0.4238990843296051,0.21564075350761414,0.36046019196510315,0.573369562625885,0.6732616424560547,0.7475495338439941
9699,0,00_Rock2-142-D_comp.jams,150043,2,3,2,2,False,correction,mixed_by_complete_group,231,104,127,0,0.2838796079158783,0.26104894280433655,0.45507144927978516,0.4536661207675934,0.9011155366897583,0.2229076474905014
9769,0,00_Rock2-142-D_comp.jams,317201,5,3,5,5,False,correction,local_rates_favor_correction_for_all_groups,1,1,0,0,0.2448979616165161,0.21836735308170319,0.5367347002029419,0.03125,0.45097067952156067,0.0055394768714904785
9779,0,00_Rock2-142-D_comp.jams,345679,5,4,5,5,False,correction,local_rates_favor_correction_for_all_groups,109,107,0,2,0.4591731131076813,0.18568487465381622,0.3551420271396637,0.14306192100048065,0.5886507630348206,0.3472693860530853
9808,0,00_Rock2-142-D_comp.jams,434602,5,4,2,2,False,neutral,local_rates_favor_correction_for_all_groups,204,204,0,0,0.29939958453178406,0.13376517593860626,0.5668352842330933,0.140625,0.6541923880577087,0.6330821514129639
9812,0,00_Rock2-142-D_comp.jams,448698,5,4,5,5,False,correction,local_rates_favor_correction_for_all_groups,23,23,0,0,0.5151134729385376,0.22885961830615997,0.2560269832611084,0.05638587102293968,0.44134488701820374,0.08288678526878357
9818,0,00_Rock2-142-D_comp.jams,461896,3,4,5,5,False,neutral,local_rates_favor_correction_for_all_groups,11,11,0,0,0.5166718363761902,0.21739143133163452,0.2659367024898529,0.2826704680919647,0.5731946229934692,0.28630781173706055
9855,0,00_Rock2-142-D_comp.jams,544399,4,4,5,5,True,regression,local_rates_favor_regression_for_all_groups,1,0,1,0,0.28093644976615906,0.3645485043525696,0.35451504588127136,0.171875,0.49020788073539734,0.04296410083770752
9866,0,00_Rock2-142-D_comp.jams,566788,4,3,2,2,False,neutral,local_rates_favor_correction_for_all_groups,211,211,0,0,0.47926193475723267,0.1838105171918869,0.3369275629520416,0.5001481175422668,0.7398665547370911,0.6330830454826355
9868,0,00_Rock2-142-D_comp.jams,570756,4,4,3,3,True,regression,local_rates_favor_correction_for_all_groups,3,3,0,0,0.32703036069869995,0.22142906486988068,0.4515405595302582,0.7291666865348816,0.6438054442405701,0.7238380908966064
9893,0,00_Rock2-142-D_comp.jams,629212,4,3,2,2,False,neutral,mixed_by_complete_group,92,88,4,0,0.3046281933784485,0.22231750190258026,0.47305431962013245,0.4021739065647125,0.594668447971344,0.11828082799911499
9899,0,00_Rock2-142-D_comp.jams,642915,5,4,3,3,False,neutral,mixed_by_complete_group,78,10,68,0,0.295914888381958,0.3749479651451111,0.3291371762752533,0.6710737347602844,0.6173902750015259,0.04215458035469055
9910,0,00_Rock2-142-D_comp.jams,670960,3,2,3,3,False,correction,mixed_by_complete_group,55,41,14,0,0.35635340213775635,0.32952338457107544,0.31412312388420105,0.41818180680274963,0.4687555432319641,0.16039115190505981
9917,0,00_Rock2-142-D_comp.jams,688774,5,4,5,5,False,correction,local_rates_favor_correction_for_all_groups,6,6,0,0,0.5823301672935486,0.1313590407371521,0.2863107919692993,0.2395833283662796,0.5325633883476257,0.36314237117767334
9923,0,00_Rock2-142-D_comp.jams,704291,3,2,3,3,False,correction,mixed_by_complete_group,30,27,3,0,0.3839011788368225,0.2840915024280548,0.3320072889328003,0.1875,0.5811213254928589,0.18318188190460205
9936,0,00_Rock2-142-D_comp.jams,740214,3,4,3,2,False,neutral,mixed_by_complete_group,190,109,80,1,0.19628895819187164,0.16995887458324432,0.633752167224884,0.09300986677408218,0.8199673891067505,0.4435044229030609
9947,0,00_Rock2-142-D_comp.jams,763511,6,4,3,3,False,neutral,mixed_by_complete_group,20,14,6,0,0.3884715139865875,0.37046995759010315,0.24105851352214813,0.6890624761581421,0.5988700985908508,0.11999538540840149
9954,0,00_Rock2-142-D_comp.jams,778192,4,2,3,3,False,neutral,local_rates_favor_regression_for_all_groups,2,0,2,0,0.3335724472999573,0.3795750141143799,0.28685247898101807,0.484375,0.5978646874427795,0.4508596360683441
9966,0,00_Rock2-142-D_comp.jams,801749,2,3,2,2,False,correction,mixed_by_complete_group,229,217,11,1,0.394619882106781,0.2061368077993393,0.3992432951927185,0.5803083777427673,0.8372878432273865,0.39397019147872925
9977,0,00_Rock2-142-D_comp.jams,829739,4,4,3,3,True,regression,mixed_by_complete_group,128,8,120,0,0.23970502614974976,0.3406590223312378,0.41963595151901245,0.7236328125,0.4904198944568634,0.1264345943927765
9981,0,00_Rock2-142-D_comp.jams,839497,4,4,5,5,True,regression,mixed_by_complete_group,99,92,6,1,0.41279420256614685,0.29425132274627686,0.2929544448852539,0.1909722238779068,0.42909395694732666,0.1950039118528366
9987,0,00_Rock2-142-D_comp.jams,854175,3,3,2,2,True,regression,local_rates_favor_correction_for_all_groups,90,90,0,0,0.3757641315460205,0.2598971426486969,0.3643387258052826,0.6904513835906982,0.5401377081871033,0.21640214323997498
9992,0,00_Rock2-142-D_comp.jams,867177,4,3,5,5,False,neutral,local_rates_favor_correction_for_all_groups,6,6,0,0,0.3796716034412384,0.14869381487369537,0.4716346263885498,0.2083333283662796,0.4212314784526825,0.13426801562309265
9999,0,00_Rock2-142-D_comp.jams,884688,3,4,2,2,False,neutral,mixed_by_complete_group,205,203,2,0,0.2926674485206604,0.15416210889816284,0.5531705021858215,0.21310976147651672,0.8361564874649048,0.6260289549827576
10013,0,00_Rock2-142-D_comp.jams,914601,3,2,3,3,False,correction,local_rates_favor_regression_for_all_groups,35,0,35,0,0.3231373131275177,0.4537879526615143,0.22307471930980682,0.5607143044471741,0.5310100317001343,0.09673577547073364
10031,0,00_Rock2-142-D_comp.jams,957018,4,3,2,2,False,neutral,mixed_by_complete_group,167,14,153,0,0.229083850979805,0.3477039337158203,0.4232122004032135,0.607597291469574,0.7234030365943909,0.08736641705036163
10035,0,00_Rock2-142-D_comp.jams,970329,2,2,3,3,True,regression,mixed_by_complete_group,123,39,83,1,0.3400922119617462,0.3720545768737793,0.28785327076911926,0.5099085569381714,0.5017924904823303,0.29012298583984375
10049,0,00_Rock2-142-D_comp.jams,1003144,3,4,2,2,False,neutral,local_rates_favor_regression_for_all_groups,1,0,1,0,0.1397993266582489,0.2461538463830948,0.6140468120574951,0.421875,0.5337885618209839,0.048565059900283813
10054,0,00_Rock2-142-D_comp.jams,1017205,6,4,3,3,False,neutral,mixed_by_complete_group,121,57,63,1,0.31288400292396545,0.3137056827545166,0.3734102249145508,0.5965909361839294,0.5526070594787598,0.23756954073905945
10072,0,00_Rock2-142-D_comp.jams,1058377,4,2,3,3,False,neutral,local_rates_favor_regression_for_all_groups,64,0,64,0,0.2849879860877991,0.510669469833374,0.20434246957302094,0.276123046875,0.6754330992698669,0.18739446997642517
10079,0,00_Rock2-142-D_comp.jams,1072067,3,2,2,3,False,correction,local_rates_favor_regression_for_all_groups,12,0,12,0,0.2953830659389496,0.35231268405914307,0.35230425000190735,0.51953125,0.5171247124671936,0.0013227015733718872
10097,0,00_Rock2-142-D_comp.jams,1112603,2,3,2,2,False,correction,mixed_by_complete_group,7,6,1,0,0.3027912974357605,0.2685844302177429,0.4286242425441742,0.2566964328289032,0.6196179986000061,0.2730763852596283
10111,0,00_Rock2-142-D_comp.jams,1140666,2,3,2,2,False,correction,local_rates_favor_correction_for_all_groups,10,10,0,0,0.33795830607414246,0.2544226050376892,0.4076191484928131,0.27812498807907104,0.6861048340797424,0.5878689289093018
10120,0,00_Rock2-142-D_comp.jams,1159792,1,3,2,2,False,neutral,mixed_by_complete_group,231,103,128,0,0.27803441882133484,0.27020877599716187,0.45175686478614807,0.6063311696052551,0.7491846084594727,0.43067803978919983
10127,0,00_Rock2-142-D_comp.jams,1174451,5,2,3,3,False,neutral,mixed_by_complete_group,93,89,4,0,0.4344157576560974,0.32911360263824463,0.23647062480449677,0.2306787669658661,0.48631319403648376,0.20570245385169983
10183,0,00_Rock2-142-D_solo.jams,177734,2,4,2,2,False,correction,mixed_by_complete_group,238,216,21,1,0.3025190234184265,0.2301217019557953,0.4673592150211334,0.4619879126548767,1.0359480381011963,0.1913575530052185
12275,0,00_Rock3-148-C_comp.jams,5,5,4,3,3,False,neutral,local_rates_favor_regression_for_all_groups,1,0,1,0,0.35878056287765503,0.40136054158210754,0.23985891044139862,0.578125,0.8200953602790833,0.11858728528022766
12322,0,00_Rock3-148-C_comp.jams,108070,5,3,5,5,False,correction,mixed_by_complete_group,44,42,1,1,0.2554091811180115,0.1304742395877838,0.6141165494918823,0.14311079680919647,0.4946276843547821,0.16579611599445343
12328,0,00_Rock3-148-C_comp.jams,124605,4,3,5,5,False,neutral,mixed_by_complete_group,71,70,1,0,0.330600768327713,0.12266125530004501,0.5467379689216614,0.16747358441352844,0.5466797947883606,0.3287994861602783
12331,0,00_Rock3-148-C_comp.jams,135205,3,3,2,2,True,regression,mixed_by_complete_group,211,210,1,0,0.37976333498954773,0.2128341794013977,0.4074024260044098,0.6446238160133362,0.8197892308235168,0.568270742893219
12333,0,00_Rock3-148-C_comp.jams,139459,5,3,2,2,False,neutral,local_rates_favor_correction_for_all_groups,217,217,0,0,0.4890334904193878,0.15727020800113678,0.353696346282959,0.40408986806869507,0.8296784162521362,0.7347865104675293
12343,0,00_Rock3-148-C_comp.jams,162241,5,4,5,5,False,correction,local_rates_favor_correction_for_all_groups,84,84,0,0,0.5537199378013611,0.2221233993768692,0.22415676712989807,0.1648065447807312,0.5690553188323975,0.47515249252319336
12356,0,00_Rock3-148-C_comp.jams,189632,3,4,3,3,False,correction,local_rates_favor_regression_for_all_groups,4,0,4,0,0.26566311717033386,0.2897106409072876,0.44462621212005615,0.62109375,0.5647374987602234,0.39548879861831665
12360,0,00_Rock3-148-C_comp.jams,198690,3,3,2,2,True,regression,mixed_by_complete_group,239,222,16,1,0.3980168104171753,0.23153968155384064,0.37044355273246765,0.5753791928291321,0.8209936022758484,0.6162883043289185
12362,0,00_Rock3-148-C_comp.jams,203498,4,4,3,3,True,regression,local_rates_favor_correction_for_all_groups,77,77,0,0,0.45014047622680664,0.20475274324417114,0.34510689973831177,0.4979707896709442,0.7174440622329712,0.4139384627342224
12390,0,00_Rock3-148-C_comp.jams,269354,3,2,3,3,False,correction,mixed_by_complete_group,120,58,62,0,0.3396645188331604,0.33362534642219543,0.32671013474464417,0.3446614444255829,0.5334762930870056,0.4140703082084656
12401,0,00_Rock3-148-C_comp.jams,296119,4,2,3,3,False,neutral,mixed_by_complete_group,68,27,41,0,0.35254669189453125,0.3564531207084656,0.2910001575946808,0.29480698704719543,0.5341038703918457,0.3480322062969208
12408,0,00_Rock3-148-C_comp.jams,309660,1,4,2,2,False,neutral,mixed_by_complete_group,218,149,69,0,0.18075580894947052,0.13972383737564087,0.6795203685760498,0.33328554034233093,0.6724411249160767,0.30159005522727966
12429,0,00_Rock3-148-C_comp.jams,352625,3,4,5,5,False,neutral,local_rates_favor_correction_for_all_groups,17,17,0,0,0.4846886396408081,0.19553202390670776,0.31977930665016174,0.25735294818878174,0.6366104483604431,0.5663347244262695
12436,0,00_Rock3-148-C_comp.jams,367543,5,4,3,3,False,neutral,mixed_by_complete_group,118,6,112,0,0.2613566219806671,0.38458696007728577,0.35405638813972473,0.609375,0.4747586250305176,0.1620173454284668
12456,0,00_Rock3-148-C_comp.jams,410279,2,2,3,3,True,regression,mixed_by_complete_group,7,1,6,0,0.267093300819397,0.3159034550189972,0.41700318455696106,0.4866071343421936,0.6716706156730652,0.15502573549747467
12457,0,00_Rock3-148-C_comp.jams,412056,3,3,4,4,True,regression,mixed_by_complete_group,27,11,15,1,0.23780275881290436,0.25648871064186096,0.5057085752487183,0.1302083283662796,0.5887101292610168,0.21548017859458923
12463,0,00_Rock3-148-C_comp.jams,424431,4,4,5,5,True,regression,local_rates_favor_correction_for_all_groups,6,6,0,0,0.44239386916160583,0.2262742668390274,0.33133193850517273,0.3125,0.5328778624534607,0.060626327991485596
12476,0,00_Rock3-148-C_comp.jams,451343,2,2,3,3,True,regression,local_rates_favor_regression_for_all_groups,1,0,1,0,0.26614391803741455,0.2987392246723175,0.43511685729026794,0.5625,0.6313846111297607,0.24507977068424225
12483,0,00_Rock3-148-C_comp.jams,465369,5,3,2,2,False,neutral,local_rates_favor_correction_for_all_groups,2,2,0,0,0.3068048357963562,0.16766002774238586,0.5255351662635803,0.53125,0.6858037710189819,0.6887439489364624
12490,0,00_Rock3-148-C_comp.jams,479017,6,4,5,5,False,neutral,mixed_by_complete_group,100,97,3,0,0.5202658176422119,0.2538796365261078,0.22585459053516388,0.15421874821186066,0.6727705597877502,0.23727302253246307
12494,0,00_Rock3-148-C_comp.jams,487214,4,4,3,3,True,regression,local_rates_favor_correction_for_all_groups,2,2,0,0,0.40597814321517944,0.2823803424835205,0.31164151430130005,0.3515625,0.8763913512229919,0.5158602595329285
12499,0,00_Rock3-148-C_comp.jams,497208,3,3,2,2,True,regression,local_rates_favor_correction_for_all_groups,85,85,0,0,0.3953370451927185,0.18305683135986328,0.421606183052063,0.5358455777168274,0.690863311290741,0.3438093662261963
12510,0,00_Rock3-148-C_comp.jams,519216,6,4,2,2,False,neutral,local_rates_favor_correction_for_all_groups,224,224,0,0,0.2870883643627167,0.1284342259168625,0.584477424621582,0.1976144015789032,0.7937936186790466,0.3707391023635864
12512,0,00_Rock3-148-C_comp.jams,523387,6,3,2,2,False,neutral,mixed_by_complete_group,76,75,1,0,0.3197985887527466,0.17608076333999634,0.5041206479072571,0.5740131735801697,0.601536750793457,0.2506055235862732
12521,0,00_Rock3-148-C_comp.jams,540632,2,2,3,3,True,regression,local_rates_favor_regression_for_all_groups,1,0,1,0,0.2394423931837082,0.3630996346473694,0.3974579870700836,0.515625,0.7116923332214355,0.2841734290122986
12527,0,00_Rock3-148-C_comp.jams,554587,4,3,2,2,False,neutral,local_rates_favor_correction_for_all_groups,180,180,0,0,0.40715229511260986,0.1443336457014084,0.44851404428482056,0.5837673544883728,0.8246271014213562,0.07783912867307663
12528,0,00_Rock3-148-C_comp.jams,559123,5,3,2,2,False,neutral,mixed_by_complete_group,142,136,6,0,0.3133958578109741,0.24742621183395386,0.43917790055274963,0.570972740650177,0.656643271446228,0.2583969235420227
12531,0,00_Rock3-148-C_comp.jams,567817,5,3,2,2,False,neutral,local_rates_favor_correction_for_all_groups,189,189,0,0,0.42755264043807983,0.15853112936019897,0.4139162003993988,0.45527446269989014,0.8109670877456665,0.7376472353935242
12540,0,00_Rock3-148-C_comp.jams,589860,5,4,5,5,False,correction,mixed_by_complete_group,107,105,2,0,0.4782004654407501,0.21894627809524536,0.3028532862663269,0.1685163527727127,0.5863633751869202,0.4291613698005676
12547,0,00_Rock3-148-C_comp.jams,604866,5,2,3,3,False,neutral,local_rates_favor_regression_for_all_groups,31,0,31,0,0.32687339186668396,0.45412567257881165,0.219000905752182,0.3573588728904724,0.5169508457183838,0.0555015504360199
12552,0,00_Rock3-148-C_comp.jams,617081,5,3,5,5,False,correction,mixed_by_complete_group,63,46,14,3,0.3039974868297577,0.18017181754112244,0.5158306956291199,0.1125992089509964,0.6218367218971252,0.564260721206665
12585,0,00_Rock3-148-C_comp.jams,698320,5,3,2,2,False,neutral,mixed_by_complete_group,124,97,27,0,0.33433398604393005,0.3040103018283844,0.36165568232536316,0.5885836482048035,0.5533379912376404,0.06037333607673645
12590,0,00_Rock3-148-C_comp.jams,711432,4,3,2,2,False,neutral,local_rates_favor_correction_for_all_groups,108,108,0,0,0.4757223129272461,0.1656518578529358,0.3586259186267853,0.44212964177131653,0.7723803520202637,0.2693728506565094
12595,0,00_Rock3-148-C_comp.jams,723778,3,2,3,3,False,correction,local_rates_favor_regression_for_all_groups,10,0,10,0,0.2743290662765503,0.40154320001602173,0.324127733707428,0.34843748807907104,0.6880969405174255,0.5496892929077148
12596,0,00_Rock3-148-C_comp.jams,725662,2,2,3,3,True,regression,local_rates_favor_regression_for_all_groups,2,0,2,0,0.30357563495635986,0.3788151741027832,0.31760919094085693,0.28125,0.48920533061027527,0.30443692207336426
12602,0,00_Rock3-148-C_comp.jams,738382,5,3,2,2,False,neutral,local_rates_favor_correction_for_all_groups,5,5,0,0,0.28773313760757446,0.2678658962249756,0.44440096616744995,0.731249988079071,0.5492420196533203,0.18642906844615936
12609,0,00_Rock3-148-C_comp.jams,752518,2,2,3,3,True,regression,local_rates_favor_regression_for_all_groups,1,0,1,0,0.2871928811073303,0.30096301436424255,0.4118441045284271,0.453125,0.5464963316917419,0.05703786015510559
12615,0,00_Rock3-148-C_comp.jams,765167,5,4,3,3,False,neutral,mixed_by_complete_group,53,13,40,0,0.29079362750053406,0.33344632387161255,0.375760018825531,0.5085495114326477,0.5530211329460144,0.22497022151947021
12619,0,00_Rock3-148-C_comp.jams,774264,4,3,2,2,False,neutral,mixed_by_complete_group,189,181,8,0,0.3997744917869568,0.24863643944263458,0.35158905386924744,0.5542327761650085,0.7072216272354126,0.2500794231891632
12621,0,00_Rock3-148-C_comp.jams,779000,5,2,3,3,False,neutral,local_rates_favor_correction_for_all_groups,1,1,0,0,0.32708075642585754,0.28720787167549133,0.3857113718986511,0.375,0.46530401706695557,0.027689144015312195
12645,0,00_Rock3-148-C_comp.jams,834981,4,3,2,2,False,neutral,mixed_by_complete_group,217,211,5,1,0.40467116236686707,0.250088632106781,0.34524020552635193,0.5345622301101685,0.8873161673545837,0.6872538328170776
12647,0,00_Rock3-148-C_comp.jams,838781,4,3,2,2,False,neutral,local_rates_favor_correction_for_all_groups,125,125,0,0,0.2731335461139679,0.14548885822296143,0.5813775062561035,0.429625004529953,0.6703242659568787,0.3089563250541687
12648,0,00_Rock3-148-C_comp.jams,840553,2,2,3,3,True,regression,mixed_by_complete_group,9,5,4,0,0.341875821352005,0.3335876166820526,0.32453653216362,0.3940972089767456,0.55857253074646,0.24228954315185547
12654,0,00_Rock3-148-C_comp.jams,853048,5,3,2,2,False,neutral,local_rates_favor_correction_for_all_groups,144,144,0,0,0.4632246792316437,0.21788714826107025,0.3188881278038025,0.5657551884651184,0.7490920424461365,0.6549980044364929
12666,0,00_Rock3-148-C_comp.jams,877189,6,4,5,5,False,neutral,mixed_by_complete_group,63,60,2,1,0.4516957402229309,0.2987199127674103,0.2495844066143036,0.0992063507437706,0.5514124035835266,0.33547443151474
12673,0,00_Rock3-148-C_comp.jams,890277,3,4,3,2,False,neutral,local_rates_favor_regression_for_all_groups,2,0,2,0,0.20614007115364075,0.2597697973251343,0.5340901613235474,0.4453125,0.5969557762145996,0.1665247529745102
12687,0,00_Rock3-148-C_comp.jams,917684,3,3,2,2,True,regression,local_rates_favor_correction_for_all_groups,190,190,0,0,0.4508014917373657,0.2675206661224365,0.28167784214019775,0.5926809310913086,0.653992235660553,0.6803542971611023
12702,0,00_Rock3-148-C_comp.jams,947626,5,3,5,5,False,correction,mixed_by_complete_group,57,43,5,9,0.29766201972961426,0.18819351494312286,0.5141444802284241,0.07839912176132202,0.5374283194541931,0.32322901487350464
12708,0,00_Rock3-148-C_comp.jams,961220,4,2,3,3,False,neutral,mixed_by_complete_group,26,4,22,0,0.31801605224609375,0.3619246780872345,0.32005923986434937,0.32451921701431274,0.5304747223854065,0.04302212595939636
12715,0,00_Rock3-148-C_comp.jams,976146,5,3,2,2,False,neutral,mixed_by_complete_group,229,226,2,1,0.43012547492980957,0.17049717903137207,0.39937734603881836,0.5050491094589233,0.7562589645385742,0.6433293223381042
12725,0,00_Rock3-148-C_comp.jams,997948,5,4,3,3,False,neutral,mixed_by_complete_group,112,109,3,0,0.41066864132881165,0.28947100043296814,0.2998603284358978,0.6309989094734192,0.7129920721054077,0.11411339044570923
12727,0,00_Rock3-148-C_comp.jams,1002494,3,3,2,2,True,regression,mixed_by_complete_group,181,81,100,0,0.2502744793891907,0.24841958284378052,0.5013059377670288,0.4646926820278168,0.6774758696556091,0.3741779327392578
12741,0,00_Rock3-148-C_comp.jams,1033393,4,4,2,2,True,regression,mixed_by_complete_group,10,9,1,0,0.215165376663208,0.18482433259487152,0.6000102758407593,0.503125011920929,0.6016594171524048,0.3312166631221771
12745,0,00_Rock3-148-C_comp.jams,1042389,5,3,2,2,False,neutral,mixed_by_complete_group,232,227,5,0,0.4100704491138458,0.23824293911457062,0.35168659687042236,0.6058728694915771,0.724108099937439,0.5382080078125
12747,0,00_Rock3-148-C_comp.jams,1046667,6,4,3,3,False,neutral,local_rates_favor_regression_for_all_groups,58,0,58,0,0.242789164185524,0.3711310029029846,0.3860798478126526,0.5231680870056152,0.580782413482666,0.09008985757827759
12751,0,00_Rock3-148-C_comp.jams,1054843,5,3,2,2,False,neutral,local_rates_favor_correction_for_all_groups,199,199,0,0,0.40820541977882385,0.15959326922893524,0.4322012960910797,0.5146827697753906,0.7950551509857178,0.32745254039764404
12757,0,00_Rock3-148-C_comp.jams,1068889,6,3,2,2,False,neutral,local_rates_favor_correction_for_all_groups,116,116,0,0,0.40462008118629456,0.20192354917526245,0.393456369638443,0.3496767282485962,0.6246715188026428,0.47059252858161926
12771,0,00_Rock3-148-C_comp.jams,1098916,5,2,4,3,False,neutral,mixed_by_complete_group,36,30,6,0,0.35548168420791626,0.32873356342315674,0.315784752368927,0.2690972089767456,0.5839316248893738,0.011900246143341064
12826,0,00_Rock3-148-C_solo.jams,180820,3,3,4,4,True,regression,mixed_by_complete_group,6,2,4,0,0.3663317859172821,0.37888339161872864,0.25478479266166687,0.2161458283662796,0.4626729488372803,0.14624837040901184
12844,0,00_Rock3-148-C_solo.jams,261018,3,3,3,2,False,regression,mixed_by_complete_group,33,13,20,0,0.291048526763916,0.31568777561187744,0.39326363801956177,0.1557765156030655,0.6157147884368896,0.034451305866241455
12855,0,00_Rock3-148-C_solo.jams,340001,2,3,2,2,False,correction,mixed_by_complete_group,241,240,1,0,0.468204528093338,0.18988876044750214,0.34190669655799866,0.4249870479106903,0.7896744608879089,0.48122116923332214
12876,0,00_Rock3-148-C_solo.jams,554452,2,3,2,2,False,correction,mixed_by_complete_group,230,180,50,0,0.35264766216278076,0.2509208917617798,0.3964313864707947,0.43824729323387146,0.6636242866516113,0.08660389482975006
12880,0,00_Rock3-148-C_solo.jams,590461,2,3,2,2,False,correction,mixed_by_complete_group,211,209,2,0,0.4403669834136963,0.23928381502628326,0.32034915685653687,0.46334418654441833,0.5922866463661194,0.23108693957328796
13065,0,00_SS1-68-E_comp.jams,274747,0,3,2,2,False,neutral,mixed_by_complete_group,109,108,1,0,0.3485245406627655,0.21309621632099152,0.4383792579174042,0.32970184087753296,0.7031128406524658,0.14645203948020935
13153,0,00_SS1-68-E_comp.jams,607711,2,2,3,3,True,regression,local_rates_favor_regression_for_all_groups,99,0,99,0,0.22715899348258972,0.4038263261318207,0.3690146505832672,0.39946338534355164,0.5498025417327881,0.14410662651062012
13179,0,00_SS1-68-E_comp.jams,686319,2,4,3,3,False,neutral,local_rates_favor_regression_for_all_groups,22,0,22,0,0.28190648555755615,0.40415656566619873,0.3139369785785675,0.32741478085517883,0.47053414583206177,0.034106239676475525
13249,0,00_SS1-68-E_comp.jams,908307,1,3,2,2,False,neutral,mixed_by_complete_group,153,95,57,1,0.25756004452705383,0.24202945828437805,0.5004104971885681,0.5346201062202454,0.6264028549194336,0.052029311656951904
13278,0,00_SS1-68-E_comp.jams,996017,2,3,2,2,False,correction,local_rates_favor_regression_for_all_groups,2,0,2,0,0.3162207007408142,0.35677284002304077,0.327006459236145,0.3515625,0.5475372076034546,0.21600580215454102
13292,0,00_SS1-68-E_comp.jams,1054246,3,4,3,3,False,correction,mixed_by_complete_group,7,3,4,0,0.29041236639022827,0.3195381164550781,0.390049546957016,0.4754464328289032,0.5139856934547424,0.19347220659255981
13417,0,00_SS1-68-E_comp.jams,1402788,4,3,4,4,False,correction,mixed_by_complete_group,45,41,4,0,0.40419355034828186,0.305027037858963,0.2907794117927551,0.19513888657093048,0.477317214012146,0.17648005485534668
13429,0,00_SS1-68-E_comp.jams,1463256,3,2,3,3,False,correction,mixed_by_complete_group,80,67,12,1,0.4062272608280182,0.3780009150505066,0.21577182412147522,0.5503906011581421,0.5578192472457886,0.026500999927520752
13524,0,00_SS1-68-E_comp.jams,1751504,3,4,2,2,False,neutral,mixed_by_complete_group,177,49,128,0,0.23375624418258667,0.26267144083976746,0.5035723447799683,0.3156779706478119,0.594754695892334,0.1896335482597351
13642,0,00_SS1-68-E_solo.jams,235725,2,2,3,3,True,regression,local_rates_favor_correction_for_all_groups,1,1,0,0,0.3709302246570587,0.33139535784721375,0.29767441749572754,0.25,0.6964168548583984,0.5005594491958618
13660,0,00_SS1-68-E_solo.jams,310214,2,2,3,3,True,regression,mixed_by_complete_group,28,16,12,0,0.386593759059906,0.3745153546333313,0.2388909012079239,0.4748883843421936,0.45385536551475525,0.05691242218017578
13698,0,00_SS1-68-E_solo.jams,470155,2,2,3,3,True,regression,mixed_by_complete_group,121,89,32,0,0.37601611018180847,0.34051546454429626,0.28346845507621765,0.5325413346290588,0.5030060410499573,0.37376201152801514
13774,0,00_SS1-68-E_solo.jams,684359,2,4,4,3,False,neutral,mixed_by_complete_group,4,1,3,0,0.23934406042099,0.29963016510009766,0.46102580428123474,0.48046875,0.7083765268325806,0.005102530121803284
13815,0,00_SS1-68-E_solo.jams,797947,2,3,2,2,False,correction,mixed_by_complete_group,149,2,147,0,0.18886630237102509,0.3151531219482422,0.49598053097724915,0.5411073565483093,0.6317976117134094,0.08467377722263336
13859,0,00_SS1-68-E_solo.jams,911478,2,4,3,3,False,neutral,mixed_by_complete_group,60,9,51,0,0.2851945757865906,0.35459500551223755,0.3602103292942047,0.7674478888511658,0.572761595249176,0.2705555856227875
13867,0,00_SS1-68-E_solo.jams,931627,2,2,3,3,True,regression,mixed_by_complete_group,106,59,46,1,0.3551783263683319,0.35728105902671814,0.28754064440727234,0.3988797068595886,0.5491131544113159,0.016955137252807617
13925,0,00_SS1-68-E_solo.jams,1383008,2,2,3,3,True,regression,local_rates_favor_correction_for_all_groups,36,36,0,0,0.36780816316604614,0.2778353989124298,0.35435646772384644,0.4366319477558136,0.5088045001029968,0.3169580399990082
13977,0,00_SS1-68-E_solo.jams,1555876,2,4,2,2,False,correction,local_rates_favor_correction_for_all_groups,159,159,0,0,0.3535046875476837,0.1484447866678238,0.4980505108833313,0.11654873937368393,0.6127534508705139,0.5981746315956116
13996,0,00_SS1-68-E_solo.jams,1595875,3,3,2,2,True,regression,local_rates_favor_correction_for_all_groups,218,218,0,0,0.3415864109992981,0.1810922920703888,0.4773213565349579,0.4305475950241089,0.8098900318145752,0.6469010710716248
14056,0,00_SS1-68-E_solo.jams,1772868,0,2,3,3,False,neutral,local_rates_favor_regression_for_all_groups,112,0,112,0,0.281942218542099,0.4177769124507904,0.3002808690071106,0.337890625,0.8325032591819763,0.1399371325969696
14061,0,00_SS1-68-E_solo.jams,1790220,1,3,2,2,False,neutral,mixed_by_complete_group,191,184,7,0,0.38813385367393494,0.22401529550552368,0.3878508508205414,0.22398559749126434,0.5344811081886292,0.15674865245819092
17276,0,01_BN2-166-Ab_comp.jams,5,5,3,4,4,False,neutral,mixed_by_complete_group,142,34,107,1,0.3184463679790497,0.3485543727874756,0.33299922943115234,0.21170774102210999,0.7256512641906738,0.35628002882003784
17296,0,01_BN2-166-Ab_comp.jams,46693,2,3,2,2,False,correction,mixed_by_complete_group,128,114,14,0,0.28494226932525635,0.25281333923339844,0.4622443914413452,0.59033203125,0.9061184525489807,0.23995131254196167
17297,0,01_BN2-166-Ab_comp.jams,55052,2,3,2,2,False,correction,mixed_by_complete_group,123,83,39,1,0.2676060199737549,0.2516516149044037,0.48074236512184143,0.2745172679424286,0.8150914311408997,0.012135043740272522
17309,0,01_BN2-166-Ab_comp.jams,87454,5,4,3,3,False,neutral,mixed_by_complete_group,70,6,64,0,0.33296430110931396,0.3648337721824646,0.30220189690589905,0.6575892567634583,0.41084274649620056,0.024858087301254272
17339,0,01_BN2-166-Ab_comp.jams,174942,3,3,3,2,False,regression,mixed_by_complete_group,180,105,75,0,0.2672579884529114,0.22635021805763245,0.5063917636871338,0.3587673604488373,0.9604987502098083,0.0022641271352767944
17341,0,01_BN2-166-Ab_comp.jams,183373,1,3,3,2,False,neutral,mixed_by_complete_group,197,107,90,0,0.25358790159225464,0.22108180820941925,0.5253303050994873,0.2804568409919739,0.782224714756012,0.014970541000366211
17358,0,01_BN2-166-Ab_comp.jams,231294,3,3,2,2,True,regression,local_rates_favor_regression_for_all_groups,53,0,53,0,0.1679157018661499,0.453756183385849,0.3783281147480011,0.6046580076217651,0.664754331111908,0.01812213659286499
17384,0,01_BN2-166-Ab_comp.jams,343590,4,3,4,4,False,correction,mixed_by_complete_group,37,32,5,0,0.3607425093650818,0.3141571879386902,0.32510024309158325,0.23648647964000702,0.4500499963760376,0.04895144701004028
17391,0,01_BN2-166-Ab_comp.jams,359184,3,4,3,3,False,correction,mixed_by_complete_group,19,18,1,0,0.30776530504226685,0.240798220038414,0.4514364004135132,0.36677631735801697,0.6304532289505005,0.6178396344184875
17425,0,01_BN2-166-Ab_comp.jams,492029,1,4,3,3,False,neutral,local_rates_favor_regression_for_all_groups,2,0,2,0,0.27597326040267944,0.3835626244544983,0.34046414494514465,0.796875,1.1336684226989746,0.03269219398498535
17446,0,01_BN2-166-Ab_comp.jams,557912,3,3,4,4,True,regression,mixed_by_complete_group,76,66,10,0,0.35294485092163086,0.2720373570919037,0.37501785159111023,0.1626233607530594,0.4168303310871124,0.05156147480010986
17472,0,01_BN2-166-Ab_comp.jams,621349,3,4,3,3,False,correction,mixed_by_complete_group,102,5,97,0,0.2749488055706024,0.38641318678855896,0.3386378884315491,0.7696078419685364,0.6520951986312866,0.46804291009902954
17495,0,01_BN2-166-Ab_comp.jams,684721,4,4,3,3,True,regression,mixed_by_complete_group,178,90,86,2,0.3673957586288452,0.35479870438575745,0.27780553698539734,0.5577598214149475,0.6607076525688171,0.31795042753219604
17500,0,01_BN2-166-Ab_comp.jams,701138,2,4,2,2,False,correction,mixed_by_complete_group,231,77,154,0,0.263601154088974,0.2790775001049042,0.4573213756084442,0.3574134111404419,0.6379740834236145,0.01199793815612793
17513,0,01_BN2-166-Ab_comp.jams,748397,2,4,2,2,False,correction,mixed_by_complete_group,241,239,2,0,0.29959020018577576,0.16075660288333893,0.5396531820297241,0.1936592310667038,1.1695115566253662,0.7864246964454651
17516,0,01_BN2-166-Ab_comp.jams,765532,1,3,2,2,False,neutral,local_rates_favor_correction_for_all_groups,1,1,0,0,0.46604588627815247,0.22325687110424042,0.3106972575187683,0.078125,0.6056869626045227,0.04639303684234619
17526,0,01_BN2-166-Ab_comp.jams,812795,3,4,3,3,False,correction,mixed_by_complete_group,191,45,145,1,0.35256290435791016,0.3799442946910858,0.26749277114868164,0.5382035374641418,0.7138136625289917,0.527766227722168
17589,0,01_BN2-166-Ab_comp.jams,1010993,5,3,3,2,False,neutral,local_rates_favor_regression_for_all_groups,2,0,2,0,0.20444118976593018,0.36322158575057983,0.4323372542858124,0.453125,0.4869403839111328,0.045074403285980225
23508,0,01_Jazz3-150-C_comp.jams,18220,3,4,2,2,False,neutral,local_rates_favor_correction_for_all_groups,1,1,0,0,0.30899670720100403,0.2776730954647064,0.41333019733428955,0.15625,0.8580203652381897,0.3515465259552002
23541,0,01_Jazz3-150-C_comp.jams,205761,0,3,2,2,False,neutral,mixed_by_complete_group,129,127,2,0,0.32294976711273193,0.18926875293254852,0.48778149485588074,0.3148013651371002,0.8476930260658264,0.1083570048213005
23574,0,01_Jazz3-150-C_comp.jams,370335,3,4,3,3,False,correction,mixed_by_complete_group,228,94,130,4,0.3452252149581909,0.33929216861724854,0.31548258662223816,0.5285087823867798,0.9036417603492737,0.4720010757446289
23594,0,01_Jazz3-150-C_comp.jams,476496,3,3,2,2,True,regression,mixed_by_complete_group,101,66,34,1,0.24031129479408264,0.21827922761440277,0.541409432888031,0.28620049357414246,1.2069721221923828,0.5804011821746826
23629,0,01_Jazz3-150-C_comp.jams,687803,2,2,3,3,True,regression,mixed_by_complete_group,136,21,115,0,0.33159732818603516,0.3885628283023834,0.2798398435115814,0.568359375,0.7235384583473206,0.4080798029899597
23635,0,01_Jazz3-150-C_comp.jams,723046,2,2,3,3,True,regression,mixed_by_complete_group,195,184,10,1,0.4344518482685089,0.27789440751075745,0.28765371441841125,0.3822115361690521,0.7537887096405029,0.0518307089805603
23665,0,01_Jazz3-150-C_comp.jams,933830,3,2,3,3,False,correction,mixed_by_complete_group,193,111,82,0,0.4035543203353882,0.3588201403617859,0.23762549459934235,0.378157377243042,0.7350563406944275,0.24900931119918823
23695,0,01_Jazz3-150-C_comp.jams,1122959,2,2,3,3,True,regression,local_rates_favor_correction_for_all_groups,50,50,0,0,0.5543832182884216,0.30331698060035706,0.1422998309135437,0.5899999737739563,0.6991117596626282,0.05559486150741577
25388,0,01_Rock2-142-D_comp.jams,57100,5,2,3,3,False,neutral,mixed_by_complete_group,122,111,11,0,0.43153804540634155,0.33652976155281067,0.23193225264549255,0.42225921154022217,0.4834846556186676,0.13838738203048706
25403,0,01_Rock2-142-D_comp.jams,104063,2,2,3,3,True,regression,mixed_by_complete_group,59,3,56,0,0.33821794390678406,0.41483908891677856,0.24694301187992096,0.44226694107055664,0.44160231947898865,0.06397411227226257
25416,0,01_Rock2-142-D_comp.jams,131112,2,4,3,3,False,neutral,mixed_by_complete_group,163,23,140,0,0.304489403963089,0.3903636336326599,0.3051469922065735,0.6561541557312012,0.7668871879577637,0.12186968326568604
25485,0,01_Rock2-142-D_comp.jams,298121,2,3,2,2,False,correction,local_rates_favor_regression_for_all_groups,1,0,1,0,0.29562923312187195,0.31639325618743896,0.3879775106906891,0.171875,0.533746063709259,0.15717199444770813
25493,0,01_Rock2-142-D_comp.jams,315851,2,2,3,3,True,regression,local_rates_favor_correction_for_all_groups,2,2,0,0,0.4025594890117645,0.26671934127807617,0.3307211399078369,0.421875,0.6731661558151245,0.27910754084587097
25544,0,01_Rock2-142-D_comp.jams,429103,4,3,4,4,False,correction,mixed_by_complete_group,49,13,35,1,0.3044205605983734,0.35407519340515137,0.3415042757987976,0.14253826439380646,0.4954335391521454,0.07247975468635559
25562,0,01_Rock2-142-D_comp.jams,474195,2,4,2,2,False,correction,local_rates_favor_correction_for_all_groups,9,9,0,0,0.3794857859611511,0.15911415219306946,0.46140003204345703,0.1215277761220932,0.5056138634681702,0.1994471251964569
25571,0,01_Rock2-142-D_comp.jams,493400,2,2,3,3,True,regression,local_rates_favor_regression_for_all_groups,9,0,9,0,0.30924156308174133,0.3951175808906555,0.29564085602760315,0.1631944477558136,0.7367966771125793,0.12054070830345154
25575,0,01_Rock2-142-D_comp.jams,502269,2,4,2,2,False,correction,local_rates_favor_correction_for_all_groups,1,1,0,0,0.22649319469928741,0.10644589364528656,0.667060911655426,0.109375,0.5576870441436768,0.15100577473640442
25608,0,01_Rock2-142-D_comp.jams,577557,3,4,3,2,False,neutral,mixed_by_complete_group,146,108,38,0,0.2451966106891632,0.20603902637958527,0.5487643480300903,0.2304152399301529,0.5537240505218506,0.32859817147254944
25617,0,01_Rock2-142-D_comp.jams,596309,5,4,3,3,False,neutral,mixed_by_complete_group,126,113,13,0,0.3903038799762726,0.3115881681442261,0.29810798168182373,0.5538194179534912,0.5360188484191895,0.31491729617118835
25631,0,01_Rock2-142-D_comp.jams,623557,4,3,2,2,False,neutral,mixed_by_complete_group,113,71,42,0,0.326104074716568,0.3091844320297241,0.3647114932537079,0.4135785400867462,0.5294027328491211,0.3203839957714081
25645,0,01_Rock2-142-D_comp.jams,652479,4,3,4,2,False,neutral,local_rates_favor_regression_for_all_groups,1,0,1,0,0.28821977972984314,0.30226603150367737,0.4095141887664795,0.34375,0.5346965789794922,0.111800417304039
25646,0,01_Rock2-142-D_comp.jams,654246,2,3,2,2,False,correction,mixed_by_complete_group,106,30,76,0,0.2566245198249817,0.3177250921726227,0.42565035820007324,0.2693101465702057,0.5572028160095215,0.3238878846168518
25662,0,01_Rock2-142-D_comp.jams,699643,3,4,3,3,False,correction,mixed_by_complete_group,108,45,63,0,0.3123253285884857,0.32153359055519104,0.36614105105400085,0.8271122574806213,0.4284681975841522,0.13892048597335815
25671,0,01_Rock2-142-D_comp.jams,728041,3,4,3,3,False,correction,mixed_by_complete_group,153,88,65,0,0.36562883853912354,0.35485076904296875,0.2795204222202301,0.6665645241737366,0.5516858696937561,0.35521605610847473
25725,0,01_Rock2-142-D_comp.jams,848055,4,3,2,2,False,neutral,local_rates_favor_correction_for_all_groups,6,6,0,0,0.3598698377609253,0.2681250274181366,0.3720051348209381,0.4375,0.4693509638309479,0.34314262866973877
25733,0,01_Rock2-142-D_comp.jams,865404,2,2,3,3,True,regression,mixed_by_complete_group,2,1,1,0,0.33649754524230957,0.3597736954689026,0.30372875928878784,0.296875,0.5851098299026489,0.3365817070007324
25737,0,01_Rock2-142-D_comp.jams,875794,4,3,4,4,False,correction,mixed_by_complete_group,95,61,32,2,0.3340969979763031,0.31207558512687683,0.35382741689682007,0.19555920362472534,0.47386711835861206,0.08360272645950317
25788,0,01_Rock2-142-D_comp.jams,998234,2,2,3,3,True,regression,local_rates_favor_regression_for_all_groups,44,0,44,0,0.24573907256126404,0.4499090313911438,0.30435189604759216,0.4339488744735718,0.40516579151153564,0.029064148664474487
25807,0,01_Rock2-142-D_comp.jams,1043507,2,3,2,2,False,correction,local_rates_favor_correction_for_all_groups,88,88,0,0,0.38717320561408997,0.2878924608230591,0.32493433356285095,0.35830965638160706,0.5242527723312378,0.1740368902683258
25808,0,01_Rock2-142-D_comp.jams,1045272,2,2,3,3,True,regression,local_rates_favor_regression_for_all_groups,62,0,62,0,0.24289657175540924,0.47971615195274353,0.2773873507976532,0.3472782373428345,0.4229717552661896,0.27212995290756226
26017,0,01_Rock2-142-D_solo.jams,484083,1,3,2,2,False,neutral,mixed_by_complete_group,72,4,68,0,0.2218601107597351,0.27826109528541565,0.49987876415252686,0.4138454794883728,0.978058934211731,0.0023117512464523315
26021,0,01_Rock2-142-D_solo.jams,502219,1,2,2,3,False,neutral,mixed_by_complete_group,56,36,20,0,0.3674244284629822,0.36288923025131226,0.26968637108802795,0.4338727593421936,0.7950940728187561,0.10035674273967743
28083,0,01_Rock3-148-C_comp.jams,49744,2,3,2,2,False,correction,mixed_by_complete_group,127,99,28,0,0.35036537051200867,0.30643483996391296,0.343199759721756,0.32947835326194763,0.6118906140327454,0.33276546001434326
28127,0,01_Rock3-148-C_comp.jams,215174,2,3,2,2,False,correction,mixed_by_complete_group,115,94,21,0,0.30094435811042786,0.19257181882858276,0.5064838528633118,0.27771738171577454,0.7834813594818115,0.136040598154068
28133,0,01_Rock3-148-C_comp.jams,250184,2,4,3,3,False,neutral,mixed_by_complete_group,131,16,115,0,0.32849180698394775,0.3701624870300293,0.30134567618370056,0.7494036555290222,0.6453561782836914,0.1426534652709961
28138,0,01_Rock3-148-C_comp.jams,259490,2,2,3,3,True,regression,mixed_by_complete_group,10,9,1,0,0.34760287404060364,0.33097925782203674,0.3214178681373596,0.3578124940395355,0.7440651655197144,0.05092954635620117
28146,0,01_Rock3-148-C_comp.jams,277031,0,3,2,2,False,neutral,mixed_by_complete_group,130,61,69,0,0.27616214752197266,0.27198973298072815,0.4518481492996216,0.578125,0.916713297367096,0.340632826089859
28169,0,01_Rock3-148-C_comp.jams,340172,2,2,3,3,True,regression,local_rates_favor_correction_for_all_groups,4,4,0,0,0.33983755111694336,0.31441938877105713,0.3457430601119995,0.140625,0.5539372563362122,0.1446816325187683
28220,0,01_Rock3-148-C_comp.jams,478284,2,2,3,3,True,regression,mixed_by_complete_group,72,54,18,0,0.33689823746681213,0.29397904872894287,0.369122713804245,0.1603732705116272,0.7246915102005005,0.30221813917160034
28222,0,01_Rock3-148-C_comp.jams,482415,1,3,2,2,False,neutral,local_rates_favor_correction_for_all_groups,134,134,0,0,0.3283914029598236,0.15121766924858093,0.5203909873962402,0.5883861780166626,0.7927645444869995,0.3505459427833557
28227,0,01_Rock3-148-C_comp.jams,492328,1,3,3,2,False,neutral,mixed_by_complete_group,106,6,100,0,0.21470209956169128,0.2801300883293152,0.5051678419113159,0.4077240526676178,0.6119099855422974,0.09220388531684875
28251,0,01_Rock3-148-C_comp.jams,572059,2,4,3,3,False,neutral,mixed_by_complete_group,163,96,67,0,0.3720966577529907,0.3611868619918823,0.26671648025512695,0.5914493799209595,0.5532680153846741,0.15994828939437866
28269,0,01_Rock3-148-C_comp.jams,625810,2,2,3,3,True,regression,mixed_by_complete_group,23,11,12,0,0.33758634328842163,0.33344733715057373,0.32896625995635986,0.17255434393882751,0.6361933350563049,0.31011396646499634
28304,0,01_Rock3-148-C_comp.jams,725802,2,2,2,3,False,regression,local_rates_favor_correction_for_all_groups,1,1,0,0,0.41181954741477966,0.3202833831310272,0.2678970992565155,0.375,0.5807137489318848,0.02607440948486328
28311,0,01_Rock3-148-C_comp.jams,764065,2,3,2,2,False,correction,mixed_by_complete_group,126,125,1,0,0.3216613829135895,0.15593524277210236,0.5224034786224365,0.2912946343421936,0.6781888008117676,0.24131041765213013
28318,0,01_Rock3-148-C_comp.jams,787278,1,4,2,2,False,neutral,mixed_by_complete_group,155,152,3,0,0.3086160719394684,0.1701841950416565,0.5211997628211975,0.1924395114183426,0.6614598035812378,0.14568927884101868
28338,0,01_Rock3-148-C_comp.jams,836738,1,2,3,3,False,neutral,mixed_by_complete_group,50,1,49,0,0.27899786829948425,0.3817613124847412,0.33924078941345215,0.40031251311302185,0.682919979095459,0.05663532018661499
28344,0,01_Rock3-148-C_comp.jams,849074,1,3,2,2,False,neutral,mixed_by_complete_group,119,118,1,0,0.4245412349700928,0.27440735697746277,0.30105137825012207,0.47715336084365845,0.7124148607254028,0.24592027068138123
28347,0,01_Rock3-148-C_comp.jams,858568,2,3,4,4,False,neutral,mixed_by_complete_group,74,4,68,2,0.27327603101730347,0.3527362644672394,0.37398770451545715,0.2675253450870514,0.460654079914093,0.10608899593353271
28376,0,01_Rock3-148-C_comp.jams,930742,2,4,3,3,False,neutral,local_rates_favor_regression_for_all_groups,2,0,2,0,0.33817875385284424,0.3906681537628174,0.2711530923843384,0.734375,0.6442486643791199,0.12650364637374878
28381,0,01_Rock3-148-C_comp.jams,940758,0,2,3,3,False,neutral,local_rates_favor_regression_for_all_groups,6,0,6,0,0.3237299919128418,0.38852450251579285,0.28774556517601013,0.4166666567325592,0.5903266072273254,0.08914193511009216
28405,0,01_Rock3-148-C_comp.jams,1002228,2,2,3,3,True,regression,local_rates_favor_correction_for_all_groups,114,114,0,0,0.44625940918922424,0.2857988476753235,0.2679416835308075,0.5248081088066101,0.7226880192756653,0.3090343177318573
28415,0,01_Rock3-148-C_comp.jams,1036710,2,4,3,3,False,neutral,mixed_by_complete_group,108,62,46,0,0.3696953356266022,0.34701430797576904,0.2832903265953064,0.6098090410232544,0.42050349712371826,0.05885002017021179
28422,0,01_Rock3-148-C_comp.jams,1051152,2,3,2,2,False,correction,local_rates_favor_correction_for_all_groups,13,13,0,0,0.35766035318374634,0.23515702784061432,0.4071826636791229,0.47475960850715637,0.6509538888931274,0.05191156268119812
28737,0,01_SS1-68-E_comp.jams,183667,0,3,2,2,False,neutral,mixed_by_complete_group,189,146,42,1,0.2934444844722748,0.26067641377449036,0.44587910175323486,0.5576223731040955,0.5414955019950867,0.10094888508319855
28818,0,01_SS1-68-E_comp.jams,374360,1,3,2,2,False,neutral,mixed_by_complete_group,71,37,34,0,0.2831954061985016,0.2942450940608978,0.4225594401359558,0.549075722694397,0.5380604863166809,0.025607407093048096
28842,0,01_SS1-68-E_comp.jams,428960,3,3,3,4,False,regression,local_rates_favor_regression_for_all_groups,31,0,30,1,0.21019290387630463,0.2836170494556427,0.5061900019645691,0.09022177755832672,0.6398074626922607,0.057074904441833496
28852,0,01_SS1-68-E_comp.jams,453360,1,3,2,2,False,neutral,mixed_by_complete_group,87,72,15,0,0.28675976395606995,0.23147425055503845,0.4817659556865692,0.4895833432674408,0.6459171772003174,0.16673660278320312
28872,0,01_SS1-68-E_comp.jams,507618,2,3,3,2,False,correction,mixed_by_complete_group,37,14,23,0,0.25317516922950745,0.27954065799713135,0.467284232378006,0.38429054617881775,0.5528842806816101,0.01903069019317627
28959,0,01_SS1-68-E_comp.jams,729011,1,2,3,3,False,neutral,local_rates_favor_regression_for_all_groups,38,0,38,0,0.2039865404367447,0.4811099171638489,0.31490352749824524,0.39884868264198303,0.4089433252811432,0.01434481143951416
28983,0,01_SS1-68-E_comp.jams,779500,1,4,2,2,False,neutral,mixed_by_complete_group,63,41,22,0,0.1917688399553299,0.17148526012897491,0.636745810508728,0.0768849179148674,0.4727156162261963,0.13432520627975464
29000,0,01_SS1-68-E_comp.jams,819773,3,4,3,3,False,correction,mixed_by_complete_group,114,102,12,0,0.28660914301872253,0.23928718268871307,0.4741036891937256,0.6628289222717285,0.5000940561294556,0.25786399841308594
29057,0,01_SS1-68-E_comp.jams,959527,2,3,2,2,False,correction,mixed_by_complete_group,155,144,11,0,0.3565669357776642,0.22651943564414978,0.41691362857818604,0.5151209831237793,0.5086528062820435,0.2683878242969513
29231,0,01_SS1-68-E_comp.jams,1401419,4,3,4,4,False,correction,mixed_by_complete_group,71,6,65,0,0.23210960626602173,0.3419729471206665,0.42591747641563416,0.2123679518699646,0.4322742819786072,0.08064866065979004
29241,0,01_SS1-68-E_comp.jams,1428632,3,2,3,3,False,correction,mixed_by_complete_group,85,81,4,0,0.4031703770160675,0.3431251645088196,0.25370439887046814,0.5016543865203857,0.4547584652900696,0.08330205082893372
29261,0,01_SS1-68-E_comp.jams,1479735,2,3,2,2,False,correction,mixed_by_complete_group,114,21,93,0,0.2685355544090271,0.3376191556453705,0.39384526014328003,0.23739035427570343,0.4546557664871216,0.08123555779457092
29337,0,01_SS1-68-E_comp.jams,1671114,1,3,2,2,False,neutral,local_rates_favor_correction_for_all_groups,163,163,0,0,0.389762282371521,0.1507243812084198,0.4595133662223816,0.690855085849762,0.9475225806236267,0.1914081871509552
29370,0,01_SS1-68-E_comp.jams,1751778,1,2,3,3,False,neutral,mixed_by_complete_group,52,17,35,0,0.39907437562942505,0.43732357025146484,0.1636020839214325,0.4029447138309479,0.4756312966346741,0.046746134757995605
29388,0,01_SS1-68-E_comp.jams,1790105,2,4,5,5,False,neutral,local_rates_favor_correction_for_all_groups,28,28,0,0,0.4479261338710785,0.3064541220664978,0.2456197440624237,0.1356026828289032,0.5059575438499451,0.08544757962226868
33024,0,02_BN2-166-Ab_comp.jams,64315,2,2,3,3,True,regression,mixed_by_complete_group,168,167,1,0,0.4951707720756531,0.28022581338882446,0.22460339963436127,0.527157723903656,0.49396973848342896,0.046482086181640625
33080,0,02_BN2-166-Ab_comp.jams,255635,2,3,4,4,False,neutral,local_rates_favor_regression_for_all_groups,1,0,1,0,0.313631534576416,0.44329074025154114,0.24307774007320404,0.1875,0.510643482208252,0.018063873052597046
33165,0,02_BN2-166-Ab_comp.jams,534869,4,2,3,3,False,neutral,mixed_by_complete_group,5,3,2,0,0.3324057459831238,0.3395591676235199,0.3280351161956787,0.390625,0.4665473401546478,0.10710439085960388
33218,0,02_BN2-166-Ab_comp.jams,797467,3,2,3,3,False,correction,mixed_by_complete_group,67,45,22,0,0.3574970066547394,0.3366928994655609,0.30581000447273254,0.24743470549583435,0.5155075788497925,0.19411402940750122
33235,0,02_BN2-166-Ab_comp.jams,861135,3,2,3,3,False,correction,mixed_by_complete_group,122,2,120,0,0.27049437165260315,0.45634737610816956,0.2731582820415497,0.2555071711540222,0.6448336839675903,0.2956081032752991
33285,0,02_BN2-166-Ab_comp.jams,1013396,2,2,3,3,True,regression,local_rates_favor_regression_for_all_groups,18,0,18,0,0.2797449231147766,0.43536996841430664,0.28488513827323914,0.3159722089767456,0.48005661368370056,0.10327038168907166
39288,0,02_Jazz3-150-C_comp.jams,476499,3,3,3,2,False,regression,local_rates_favor_regression_for_all_groups,10,0,10,0,0.23687133193016052,0.3436889946460724,0.4194397032260895,0.2671875059604645,0.6676672697067261,0.017973512411117554
39405,0,02_Jazz3-150-C_comp.jams,757882,4,3,2,2,False,neutral,mixed_by_complete_group,130,115,15,0,0.3255122900009155,0.2511621117591858,0.4233255684375763,0.2616586685180664,0.7042036652565002,0.3466418385505676
39465,0,02_Jazz3-150-C_comp.jams,900355,4,3,2,2,False,neutral,mixed_by_complete_group,21,18,3,0,0.23365327715873718,0.2091687023639679,0.5571780204772949,0.337797611951828,0.5458718538284302,0.09078812599182129
39516,0,02_Jazz3-150-C_comp.jams,1025345,2,2,3,3,True,regression,mixed_by_complete_group,49,24,25,0,0.3592692017555237,0.3581467568874359,0.2825840413570404,0.1814413219690323,0.6275801658630371,0.2645528018474579
39766,0,02_Jazz3-150-C_solo.jams,859879,1,3,2,2,False,neutral,local_rates_favor_correction_for_all_groups,212,212,0,0,0.36564508080482483,0.14693878591060638,0.48741617798805237,0.4928508400917053,1.2961827516555786,0.014675168320536613
40904,0,02_Rock2-142-D_comp.jams,29305,3,3,4,4,True,regression,local_rates_favor_correction_for_all_groups,3,3,0,0,0.4967902898788452,0.2862709164619446,0.216938778758049,0.3020833432674408,0.524966835975647,0.2790895998477936
41009,0,02_Rock2-142-D_comp.jams,327142,2,2,3,3,True,regression,local_rates_favor_correction_for_all_groups,127,127,0,0,0.48532533645629883,0.31840598583221436,0.19626861810684204,0.5001230239868164,0.5957121849060059,0.14243093132972717
41074,0,02_Rock2-142-D_comp.jams,543141,3,2,3,3,False,correction,mixed_by_complete_group,114,64,50,0,0.32901519536972046,0.32792794704437256,0.34305697679519653,0.296875,0.5677081942558289,0.09153592586517334
41085,0,02_Rock2-142-D_comp.jams,568799,2,2,3,3,True,regression,local_rates_favor_correction_for_all_groups,16,16,0,0,0.4358636140823364,0.33741846680641174,0.22671793401241302,0.1796875,0.579839825630188,0.12395533919334412
41136,0,02_Rock2-142-D_comp.jams,700069,3,2,3,3,False,correction,mixed_by_complete_group,125,95,30,0,0.43909043073654175,0.38710957765579224,0.17379997670650482,0.5799999833106995,0.6654689908027649,0.17428526282310486
41213,0,02_Rock2-142-D_comp.jams,923641,4,2,3,3,False,neutral,local_rates_favor_correction_for_all_groups,58,58,0,0,0.4308459758758545,0.2691989839076996,0.2999550700187683,0.4170258641242981,0.7022815346717834,0.02756798267364502
41242,0,02_Rock2-142-D_comp.jams,997545,3,3,4,4,True,regression,mixed_by_complete_group,130,101,29,0,0.3394036591053009,0.2615625560283661,0.3990338146686554,0.2501201927661896,0.41779282689094543,0.040929317474365234
41307,0,02_Rock2-142-D_comp.jams,1165771,2,3,5,5,False,neutral,mixed_by_complete_group,29,28,1,0,0.36809632182121277,0.16786769032478333,0.4640359878540039,0.18318966031074524,0.4677666425704956,0.17005343735218048
41311,0,02_Rock2-142-D_comp.jams,1174899,5,2,3,3,False,neutral,mixed_by_complete_group,75,11,64,0,0.34015509486198425,0.40494993329048157,0.25489503145217896,0.4860416650772095,0.41583317518234253,0.047346800565719604
43001,0,02_Rock3-148-C_comp.jams,99814,5,3,4,4,False,neutral,mixed_by_complete_group,16,1,14,1,0.2939727306365967,0.34408217668533325,0.36194509267807007,0.1943359375,0.5234416723251343,0.21222782135009766
43075,0,02_Rock3-148-C_comp.jams,270166,5,4,3,3,False,neutral,mixed_by_complete_group,163,115,48,0,0.37593966722488403,0.3255251348018646,0.29853516817092896,0.47066718339920044,0.7239114046096802,0.5589329600334167
43079,0,02_Rock3-148-C_comp.jams,279033,1,3,2,2,False,neutral,mixed_by_complete_group,183,181,2,0,0.38294076919555664,0.21488310396671295,0.4021761119365692,0.6157786846160889,0.8324398994445801,0.23802891373634338
43086,0,02_Rock3-148-C_comp.jams,295441,3,2,3,3,False,correction,local_rates_favor_correction_for_all_groups,25,25,0,0,0.33783063292503357,0.24887773394584656,0.4132916331291199,0.3031249940395355,0.5379940271377563,0.04364442825317383
43092,0,02_Rock3-148-C_comp.jams,313516,4,4,3,3,True,regression,mixed_by_complete_group,107,106,1,0,0.370635449886322,0.3227468729019165,0.3066176176071167,0.6460280418395996,0.6239079833030701,0.09922504425048828
43111,0,02_Rock3-148-C_comp.jams,354487,3,3,2,2,True,regression,local_rates_favor_correction_for_all_groups,216,216,0,0,0.4550062417984009,0.16075840592384338,0.38423535227775574,0.5168547630310059,0.8525034785270691,0.7236616015434265
43113,0,02_Rock3-148-C_comp.jams,358756,4,3,2,2,False,neutral,mixed_by_complete_group,67,16,51,0,0.22624970972537994,0.2482501119375229,0.5255001783370972,0.4237406849861145,0.536229133605957,0.07878312468528748
43117,0,02_Rock3-148-C_comp.jams,367487,2,3,2,2,False,correction,mixed_by_complete_group,203,195,6,2,0.32029837369918823,0.1974896341562271,0.48221200704574585,0.5848984122276306,0.6442214250564575,0.12165094912052155
43121,0,02_Rock3-148-C_comp.jams,384833,4,4,3,3,True,regression,mixed_by_complete_group,5,4,1,0,0.37916451692581177,0.3595436215400696,0.26129186153411865,0.48750001192092896,0.4489811956882477,0.12794938683509827
43134,0,02_Rock3-148-C_comp.jams,412290,4,3,2,2,False,neutral,local_rates_favor_regression_for_all_groups,5,0,5,0,0.19582094252109528,0.25397077202796936,0.550208330154419,0.559374988079071,0.5210678577423096,0.24775944650173187
43161,0,02_Rock3-148-C_comp.jams,473026,1,3,2,2,False,neutral,mixed_by_complete_group,219,217,2,0,0.30418670177459717,0.2074039876461029,0.4884093105792999,0.4580479562282562,0.5714415311813354,0.017862975597381592
43166,0,02_Rock3-148-C_comp.jams,483504,4,3,4,4,False,correction,local_rates_favor_regression_for_all_groups,68,0,68,0,0.20968566834926605,0.3384476602077484,0.45186665654182434,0.18221507966518402,0.5253203511238098,0.5897232890129089
43175,0,02_Rock3-148-C_comp.jams,502376,4,3,2,2,False,neutral,local_rates_favor_regression_for_all_groups,2,0,2,0,0.1369001269340515,0.3382238745689392,0.5248759984970093,0.59375,0.565314769744873,0.281378835439682
43211,0,02_Rock3-148-C_comp.jams,571984,3,4,3,3,False,correction,mixed_by_complete_group,126,16,110,0,0.3252852261066437,0.3868695795536041,0.2878451645374298,0.6013144850730896,0.5011655688285828,0.37438952922821045
43221,0,02_Rock3-148-C_comp.jams,599208,4,3,4,4,False,correction,mixed_by_complete_group,77,33,41,3,0.3080593943595886,0.33021485805511475,0.36172571778297424,0.26846590638160706,0.5822588205337524,0.3249080777168274
43235,0,02_Rock3-148-C_comp.jams,627842,4,3,2,2,False,neutral,local_rates_favor_regression_for_all_groups,1,0,1,0,0.19136366248130798,0.2679212987422943,0.5407150387763977,0.421875,0.49999570846557617,0.4122345745563507
43242,0,02_Rock3-148-C_comp.jams,644462,5,4,2,2,False,neutral,mixed_by_complete_group,80,57,23,0,0.17466774582862854,0.1577538698911667,0.6675783395767212,0.15859374403953552,0.5314816236495972,0.32699644565582275
43253,0,02_Rock3-148-C_comp.jams,672570,2,2,3,3,True,regression,mixed_by_complete_group,39,2,37,0,0.3409143388271332,0.4237792193889618,0.23530647158622742,0.4370993673801422,0.49414682388305664,0.3184345066547394
43268,0,02_Rock3-148-C_comp.jams,703355,3,3,2,2,True,regression,local_rates_favor_correction_for_all_groups,234,234,0,0,0.4832714796066284,0.1730601042509079,0.3436684310436249,0.4608707129955292,0.8864209651947021,0.7585635781288147
43303,0,02_Rock3-148-C_comp.jams,787187,4,2,3,3,False,neutral,mixed_by_complete_group,80,79,1,0,0.42116087675094604,0.3112925589084625,0.2675465941429138,0.519726574420929,0.5083218216896057,0.2174806296825409
43309,0,02_Rock3-148-C_comp.jams,799964,3,2,3,3,False,correction,local_rates_favor_regression_for_all_groups,11,0,11,0,0.3033455014228821,0.45645835995674133,0.2401961386203766,0.09943182021379471,0.6725820899009705,0.33086109161376953
43320,0,02_Rock3-148-C_comp.jams,823062,3,3,2,2,True,regression,local_rates_favor_regression_for_all_groups,7,0,7,0,0.22375206649303436,0.3763785660266876,0.3998693823814392,0.4375,0.47670724987983704,0.083240807056427
43330,0,02_Rock3-148-C_comp.jams,845163,2,3,2,2,False,correction,local_rates_favor_correction_for_all_groups,125,125,0,0,0.3483211398124695,0.18068814277648926,0.47099074721336365,0.5716249942779541,0.6343472003936768,0.22236678004264832
43372,0,02_Rock3-148-C_comp.jams,941032,2,2,2,3,False,regression,mixed_by_complete_group,10,6,4,0,0.34021297097206116,0.3135412335395813,0.34624582529067993,0.4515624940395355,0.4811573922634125,0.006593465805053711
43396,0,02_Rock3-148-C_comp.jams,997480,1,3,2,2,False,neutral,local_rates_favor_correction_for_all_groups,188,188,0,0,0.45141926407814026,0.1116490364074707,0.43693169951438904,0.4348404109477997,0.7272137403488159,0.3402809202671051
43409,0,02_Rock3-148-C_comp.jams,1028435,4,4,5,5,True,regression,local_rates_favor_correction_for_all_groups,1,1,0,0,0.470085471868515,0.29914531111717224,0.23076923191547394,0.09375,0.45775526762008667,0.003077864646911621
43422,0,02_Rock3-148-C_comp.jams,1055695,4,3,2,2,False,neutral,mixed_by_complete_group,28,1,27,0,0.22540833055973053,0.28912320733070374,0.48546844720840454,0.4347098171710968,0.5203294157981873,0.03321540355682373
43429,0,02_Rock3-148-C_comp.jams,1072724,2,3,2,2,False,correction,mixed_by_complete_group,47,46,1,0,0.42055070400238037,0.24648751318454742,0.3329617381095886,0.16389627754688263,0.6534225940704346,0.2912302315235138
43457,0,02_Rock3-148-C_comp.jams,1128342,5,2,3,3,False,neutral,mixed_by_complete_group,61,48,13,0,0.4278706908226013,0.36243292689323425,0.20969633758068085,0.32710039615631104,0.44703590869903564,0.02141129970550537
43632,0,02_SS1-68-E_comp.jams,56390,1,4,3,3,False,neutral,local_rates_favor_regression_for_all_groups,3,0,3,0,0.2412174493074417,0.44243183732032776,0.31635066866874695,0.6197916865348816,0.5308141708374023,0.12364494800567627
43865,0,02_SS1-68-E_comp.jams,624205,1,4,2,2,False,neutral,mixed_by_complete_group,216,10,206,0,0.2108486443758011,0.3755870461463928,0.4135643243789673,0.3665364682674408,0.5984421968460083,0.38854730129241943
43889,0,02_SS1-68-E_comp.jams,690933,0,4,2,2,False,neutral,mixed_by_complete_group,190,79,110,1,0.22599497437477112,0.23782609403133392,0.5361788868904114,0.216611847281456,0.5632729530334473,0.04097415506839752
43895,0,02_SS1-68-E_comp.jams,704663,1,2,3,3,False,neutral,local_rates_favor_regression_for_all_groups,30,0,30,0,0.2519945502281189,0.43714866042137146,0.31085675954818726,0.453125,0.45904725790023804,0.255330890417099
43967,0,02_SS1-68-E_comp.jams,955134,0,2,3,3,False,neutral,mixed_by_complete_group,62,10,52,0,0.34606626629829407,0.37854906916618347,0.27538466453552246,0.4322076737880707,0.8589884638786316,0.12038198113441467
43988,0,02_SS1-68-E_comp.jams,999347,1,2,3,3,False,neutral,mixed_by_complete_group,47,1,46,0,0.3214140236377716,0.3892810642719269,0.2893049418926239,0.48138296604156494,0.6991000175476074,0.21760159730911255
43999,0,02_SS1-68-E_comp.jams,1033113,0,2,2,3,False,neutral,local_rates_favor_regression_for_all_groups,2,0,2,0,0.3364432156085968,0.39729243516921997,0.26626431941986084,0.2734375,0.7694817781448364,0.011433452367782593
44068,0,02_SS1-68-E_comp.jams,1206850,0,2,3,3,False,neutral,mixed_by_complete_group,76,59,16,1,0.3622804582118988,0.3338293433189392,0.3038901388645172,0.5970394611358643,0.5291756391525269,0.25466135144233704
44104,0,02_SS1-68-E_comp.jams,1300132,1,4,2,3,False,neutral,mixed_by_complete_group,108,24,84,0,0.31487172842025757,0.33444008231163025,0.35068821907043457,0.46064814925193787,0.6199355125427246,0.09434711933135986
44127,0,02_SS1-68-E_comp.jams,1378631,1,4,2,2,False,neutral,mixed_by_complete_group,203,43,160,0,0.2191837877035141,0.25426948070526123,0.5265467166900635,0.311730295419693,0.7754709124565125,0.02119375765323639
44188,0,02_SS1-68-E_comp.jams,1544776,1,4,3,3,False,neutral,mixed_by_complete_group,126,121,5,0,0.38452380895614624,0.2951062321662903,0.3203699290752411,0.5079365372657776,0.6090071201324463,0.14806728065013885
44211,0,02_SS1-68-E_comp.jams,1624773,1,3,2,2,False,neutral,mixed_by_complete_group,211,209,2,0,0.45375755429267883,0.2659400403499603,0.28030240535736084,0.41861671209335327,0.6255524754524231,0.04047250747680664
44286,0,02_SS1-68-E_comp.jams,1830120,0,2,3,3,False,neutral,mixed_by_complete_group,101,91,10,0,0.3898833692073822,0.3423536419868469,0.26776301860809326,0.5625,0.5206265449523926,0.11515101790428162
44639,0,02_SS1-68-E_solo.jams,1704547,1,3,2,2,False,neutral,local_rates_favor_correction_for_all_groups,97,97,0,0,0.31808963418006897,0.17065364122390747,0.5112566351890564,0.4769652187824249,0.7692770957946777,0.12393312156200409
47968,0,03_BN2-166-Ab_comp.jams,12,4,2,4,4,False,correction,local_rates_favor_regression_for_all_groups,136,0,136,0,0.11270171403884888,0.45454609394073486,0.43275219202041626,0.05353860184550285,0.589811384677887,0.03690233826637268
47992,0,03_BN2-166-Ab_comp.jams,72224,4,4,2,2,True,regression,mixed_by_complete_group,243,123,120,0,0.2745513617992401,0.2479456514120102,0.4775029420852661,0.49710649251937866,0.8284637928009033,0.5433813333511353
47998,0,03_BN2-166-Ab_comp.jams,95146,3,2,3,3,False,correction,mixed_by_complete_group,35,18,17,0,0.3679526746273041,0.37056630849838257,0.26148101687431335,0.4357142746448517,0.704441487789154,0.249505877494812
48011,0,03_BN2-166-Ab_comp.jams,159267,1,4,2,2,False,neutral,mixed_by_complete_group,228,90,138,0,0.27561837434768677,0.26963117718696594,0.4547504484653473,0.41228070855140686,0.765620231628418,0.19777366518974304
48013,0,03_BN2-166-Ab_comp.jams,182893,4,4,2,3,True,regression,local_rates_favor_regression_for_all_groups,3,0,3,0,0.23105895519256592,0.5367605686187744,0.23218047618865967,0.4479166567325592,0.7645313143730164,0.09977161884307861
48014,0,03_BN2-166-Ab_comp.jams,200262,4,4,2,2,True,regression,mixed_by_complete_group,230,66,164,0,0.267269104719162,0.2927134037017822,0.4400174915790558,0.44313859939575195,0.7038540244102478,0.4455295205116272
48042,0,03_BN2-166-Ab_comp.jams,326707,4,4,2,2,True,regression,mixed_by_complete_group,129,39,90,0,0.2613975405693054,0.3102441430091858,0.428358256816864,0.3649466931819916,0.6055446267127991,0.016489118337631226
48047,0,03_BN2-166-Ab_comp.jams,351333,3,2,3,3,False,correction,mixed_by_complete_group,120,12,108,0,0.3103063702583313,0.40979257225990295,0.27990105748176575,0.2809895873069763,0.5330367684364319,0.040975213050842285
48056,0,03_BN2-166-Ab_comp.jams,381994,4,4,3,3,True,regression,local_rates_favor_correction_for_all_groups,5,5,0,0,0.38524383306503296,0.3277297616004944,0.28702643513679504,0.746874988079071,0.5711735486984253,0.056671977043151855
48081,0,03_BN2-166-Ab_comp.jams,470748,1,4,2,2,False,neutral,mixed_by_complete_group,234,157,77,0,0.32657474279403687,0.27416884899139404,0.3992563784122467,0.3313969075679779,0.7160686254501343,0.25431156158447266
48090,0,03_BN2-166-Ab_comp.jams,509257,4,2,4,4,False,correction,local_rates_favor_regression_for_all_groups,21,0,21,0,0.06730238348245621,0.37299880385398865,0.559698760509491,0.112351194024086,0.7629746198654175,0.10152573883533478
48096,0,03_BN2-166-Ab_comp.jams,525512,3,4,3,2,False,neutral,mixed_by_complete_group,115,99,16,0,0.29908400774002075,0.19602403044700623,0.5048919916152954,0.11657609045505524,0.5881566405296326,0.21047797799110413
48128,0,03_BN2-166-Ab_comp.jams,622726,2,4,2,2,False,correction,mixed_by_complete_group,220,198,22,0,0.2595827281475067,0.1582111418247223,0.5822061896324158,0.202201709151268,0.8594979047775269,0.8347520232200623
48141,0,03_BN2-166-Ab_comp.jams,670270,1,4,2,2,False,neutral,mixed_by_complete_group,229,134,95,0,0.28746742010116577,0.2570091187953949,0.45552343130111694,0.521356463432312,1.0899648666381836,0.7979017496109009
48167,0,03_BN2-166-Ab_comp.jams,797444,1,4,2,2,False,neutral,mixed_by_complete_group,161,126,34,1,0.28383687138557434,0.21591174602508545,0.5002514123916626,0.32637810707092285,0.7368521094322205,0.060258105397224426
48203,0,03_BN2-166-Ab_comp.jams,948693,4,2,4,4,False,correction,local_rates_favor_regression_for_all_groups,116,0,116,0,0.10795198380947113,0.4648384153842926,0.4272095263004303,0.055899783968925476,0.6601482033729553,0.014725953340530396
48210,0,03_BN2-166-Ab_comp.jams,980979,1,4,2,2,False,neutral,mixed_by_complete_group,161,35,126,0,0.18793219327926636,0.25031280517578125,0.5617550015449524,0.1393633484840393,0.7202757596969604,0.3156440258026123
48217,0,03_BN2-166-Ab_comp.jams,1004130,3,4,3,3,False,correction,local_rates_favor_regression_for_all_groups,10,0,10,0,0.2640526592731476,0.4695185720920563,0.26642879843711853,0.675000011920929,0.5849258303642273,0.09865474700927734
53409,0,03_Jazz3-150-C_comp.jams,169839,3,4,3,2,False,neutral,mixed_by_complete_group,161,87,74,0,0.31672370433807373,0.2827674448490143,0.400508850812912,0.21389751136302948,0.8114426732063293,0.16483047604560852
53535,0,03_Jazz3-150-C_comp.jams,735146,3,4,2,2,False,neutral,local_rates_favor_regression_for_all_groups,1,0,1,0,0.22488225996494293,0.23940345644950867,0.5357142686843872,0.25,0.6993700861930847,0.30261796712875366
53546,0,03_Jazz3-150-C_comp.jams,803990,3,3,2,2,True,regression,local_rates_favor_correction_for_all_groups,11,11,0,0,0.4932730495929718,0.2748621702194214,0.2318647801876068,0.4318181872367859,0.5221057534217834,0.12912222743034363
53554,0,03_Jazz3-150-C_comp.jams,861252,1,4,2,2,False,neutral,mixed_by_complete_group,240,238,2,0,0.3320328891277313,0.15097130835056305,0.5169957876205444,0.23424479365348816,0.8685932755470276,0.43518128991127014
53586,0,03_Jazz3-150-C_comp.jams,1005082,3,3,2,2,True,regression,local_rates_favor_regression_for_all_groups,16,0,16,0,0.29659414291381836,0.3983684778213501,0.30503737926483154,0.181640625,0.4619539976119995,0.23701387643814087
53594,0,03_Jazz3-150-C_comp.jams,1033601,3,4,3,3,False,correction,mixed_by_complete_group,218,115,102,1,0.36954471468925476,0.338041752576828,0.292413592338562,0.5356221199035645,0.631320595741272,0.4749499261379242
53603,0,03_Jazz3-150-C_comp.jams,1085081,3,3,2,2,True,regression,mixed_by_complete_group,6,1,5,0,0.3046252429485321,0.4020942747592926,0.2932805120944977,0.359375,0.47424760460853577,0.0681949257850647
54954,0,03_Rock2-142-D_comp.jams,92232,2,4,2,2,False,correction,mixed_by_complete_group,107,98,9,0,0.28761598467826843,0.2218291014432907,0.49055492877960205,0.05811915919184685,0.6410852074623108,0.2757970094680786
54974,0,03_Rock2-142-D_comp.jams,149148,2,4,2,2,False,correction,local_rates_favor_correction_for_all_groups,37,37,0,0,0.3902529776096344,0.16718173027038574,0.44256529211997986,0.08488176017999649,0.6175994873046875,0.30680811405181885
54992,0,03_Rock2-142-D_comp.jams,186724,1,2,3,3,False,neutral,local_rates_favor_correction_for_all_groups,127,127,0,0,0.4599660336971283,0.272163987159729,0.2678699791431427,0.6007627844810486,0.4839790463447571,0.04487290978431702
55054,0,03_Rock2-142-D_comp.jams,400226,2,4,2,2,False,correction,local_rates_favor_correction_for_all_groups,131,131,0,0,0.3636644184589386,0.12337949872016907,0.5129560828208923,0.1205868348479271,0.632567822933197,0.7209599018096924
55063,0,03_Rock2-142-D_comp.jams,419320,2,2,3,3,True,regression,mixed_by_complete_group,66,23,43,0,0.3019547462463379,0.36472344398498535,0.33332180976867676,0.11410985141992569,0.6516851782798767,0.060414016246795654
55069,0,03_Rock2-142-D_comp.jams,448282,4,4,3,3,True,regression,mixed_by_complete_group,129,71,58,0,0.3346025347709656,0.32105886936187744,0.344338595867157,0.6460756063461304,0.6312640309333801,0.033119142055511475
55077,0,03_Rock2-142-D_comp.jams,464772,1,2,3,3,False,neutral,local_rates_favor_regression_for_all_groups,1,0,1,0,0.17176851630210876,0.3320713937282562,0.496160089969635,0.484375,0.5372825264930725,0.14046695828437805
55078,0,03_Rock2-142-D_comp.jams,466714,4,2,3,3,False,neutral,mixed_by_complete_group,24,12,12,0,0.33175191283226013,0.3338463008403778,0.33440184593200684,0.4153645932674408,0.47575077414512634,0.1329984962940216
55120,0,03_Rock2-142-D_comp.jams,587046,1,2,3,3,False,neutral,local_rates_favor_regression_for_all_groups,34,0,34,0,0.28929659724235535,0.3715798258781433,0.33912360668182373,0.3805147111415863,1.204220175743103,0.4385950565338135
55169,0,03_Rock2-142-D_comp.jams,708314,3,3,5,5,True,regression,local_rates_favor_correction_for_all_groups,11,11,0,0,0.3515211343765259,0.1145610585808754,0.5339178442955017,0.11363636702299118,0.4128083884716034,0.1893458515405655
55182,0,03_Rock2-142-D_comp.jams,754848,1,3,2,2,False,neutral,mixed_by_complete_group,151,13,138,0,0.2790670394897461,0.345097154378891,0.3758358061313629,0.33319535851478577,0.5780273079872131,0.045580148696899414
55199,0,03_Rock2-142-D_comp.jams,792496,3,3,2,2,True,regression,local_rates_favor_regression_for_all_groups,18,0,18,0,0.24177680909633636,0.36549314856529236,0.39273008704185486,0.4383680522441864,0.4140322804450989,0.05975073575973511
55256,0,03_Rock2-142-D_comp.jams,979876,3,3,2,2,True,regression,local_rates_favor_correction_for_all_groups,14,14,0,0,0.5524546504020691,0.2152034342288971,0.23234190046787262,0.2555803656578064,0.5680155158042908,0.14838480949401855
55268,0,03_Rock2-142-D_comp.jams,1005817,2,4,3,3,False,neutral,mixed_by_complete_group,124,3,121,0,0.2626601755619049,0.3426797091960907,0.3946601152420044,0.809349775314331,0.5761719942092896,0.3968980014324188
55292,0,03_Rock2-142-D_comp.jams,1061391,4,3,2,2,False,neutral,mixed_by_complete_group,19,3,16,0,0.2789647877216339,0.3059658706188202,0.4150693416595459,0.40625,0.5586265921592712,0.23100802302360535
55337,0,03_Rock2-142-D_comp.jams,1156540,4,2,3,3,False,neutral,mixed_by_complete_group,123,77,46,0,0.4074278771877289,0.3721483647823334,0.22042378783226013,0.5033028721809387,0.5068716406822205,0.07305392622947693
56871,0,03_Rock3-148-C_comp.jams,18388,4,4,3,3,True,regression,mixed_by_complete_group,124,116,8,0,0.3815966844558716,0.31982171535491943,0.29858165979385376,0.6514617204666138,0.5600758194923401,0.11523386836051941
56895,0,03_Rock3-148-C_comp.jams,71131,2,3,2,2,False,correction,mixed_by_complete_group,113,112,1,0,0.3665634095668793,0.29609254002571106,0.33734408020973206,0.48755529522895813,0.5771388411521912,0.23218435049057007
56896,0,03_Rock3-148-C_comp.jams,72918,3,2,3,3,False,correction,mixed_by_complete_group,84,30,54,0,0.441956102848053,0.4112034738063812,0.1468403935432434,0.4226190447807312,0.4477832317352295,0.06955564022064209
56919,0,03_Rock3-148-C_comp.jams,125202,4,3,2,2,False,neutral,mixed_by_complete_group,12,6,6,0,0.2948344349861145,0.30633118748664856,0.39883437752723694,0.2682291567325592,0.5783867239952087,0.16490179300308228
56978,0,03_Rock3-148-C_comp.jams,266733,2,3,4,4,False,neutral,local_rates_favor_regression_for_all_groups,7,0,7,0,0.2567574679851532,0.4022822678089142,0.34096023440361023,0.1517857164144516,0.5805501341819763,0.48277515172958374
56993,0,03_Rock3-148-C_comp.jams,302608,2,4,3,3,False,neutral,mixed_by_complete_group,127,108,19,0,0.3460822105407715,0.31372496485710144,0.3401928246021271,0.7327755689620972,0.419001966714859,0.01016533374786377
57010,0,03_Rock3-148-C_comp.jams,339228,2,2,3,5,True,regression,local_rates_favor_regression_for_all_groups,29,0,27,2,0.13797368109226227,0.3749502897262573,0.4870760440826416,0.01778017170727253,0.5758675336837769,0.14161020517349243
57018,0,03_Rock3-148-C_comp.jams,357120,3,4,3,2,False,neutral,mixed_by_complete_group,24,17,7,0,0.21688300371170044,0.19923412799835205,0.5838828682899475,0.091796875,0.5420016050338745,0.19923827052116394
57028,0,03_Rock3-148-C_comp.jams,384805,3,4,3,3,False,correction,mixed_by_complete_group,108,105,3,0,0.35291385650634766,0.30015847086906433,0.3469277024269104,0.6342592835426331,0.6402153372764587,0.013885736465454102
57029,0,03_Rock3-148-C_comp.jams,386676,2,2,3,3,True,regression,local_rates_favor_regression_for_all_groups,3,0,3,0,0.2747759521007538,0.41464731097221375,0.31057673692703247,0.2395833283662796,0.48757562041282654,0.4099193215370178
57054,0,03_Rock3-148-C_comp.jams,447149,3,3,5,5,True,regression,mixed_by_complete_group,62,49,5,8,0.29005324840545654,0.1454426497220993,0.5645042061805725,0.1176915317773819,0.4557516574859619,0.07961781322956085
57071,0,03_Rock3-148-C_comp.jams,482855,2,3,2,2,False,correction,local_rates_favor_correction_for_all_groups,94,94,0,0,0.36749547719955444,0.20031554996967316,0.4321889579296112,0.6117021441459656,0.8411834239959717,0.06198864430189133
57079,0,03_Rock3-148-C_comp.jams,500542,3,3,2,2,True,regression,local_rates_favor_correction_for_all_groups,72,72,0,0,0.44229432940483093,0.2605912685394287,0.29711443185806274,0.2374131977558136,0.5857722759246826,0.11292943358421326
57107,0,03_Rock3-148-C_comp.jams,554979,4,4,3,3,True,regression,mixed_by_complete_group,75,6,69,0,0.30053049325942993,0.36221417784690857,0.3372553586959839,0.6177083253860474,0.6011176109313965,0.08290159702301025
57120,0,03_Rock3-148-C_comp.jams,590634,2,3,4,4,False,neutral,local_rates_favor_regression_for_all_groups,1,0,1,0,0.15625,0.3125,0.53125,0.1875,0.567982017993927,0.393844872713089
57128,0,03_Rock3-148-C_comp.jams,608363,3,3,5,5,True,regression,mixed_by_complete_group,31,25,6,0,0.2959701120853424,0.1817229688167572,0.5223069787025452,0.13054434955120087,0.468363493680954,0.08308006823062897
57142,0,03_Rock3-148-C_comp.jams,643797,4,3,4,4,False,correction,mixed_by_complete_group,125,22,101,2,0.2839461863040924,0.33139777183532715,0.38465601205825806,0.15962499380111694,0.6018576622009277,0.45212942361831665
57179,0,03_Rock3-148-C_comp.jams,731377,3,4,3,3,False,correction,mixed_by_complete_group,88,10,78,0,0.3496619462966919,0.3904764950275421,0.259861558675766,0.60546875,0.5180329084396362,0.15127646923065186
57188,0,03_Rock3-148-C_comp.jams,750281,3,3,2,2,True,regression,mixed_by_complete_group,63,12,51,0,0.24122507870197296,0.25328293442726135,0.5054919719696045,0.3360615074634552,0.5390102863311768,0.00782841444015503
57203,0,03_Rock3-148-C_comp.jams,786690,4,3,3,2,False,neutral,local_rates_favor_regression_for_all_groups,1,0,1,0,0.26157957315444946,0.31122326850891113,0.4271971583366394,0.4375,0.5187704563140869,0.002343416213989258
57214,0,03_Rock3-148-C_comp.jams,813929,4,3,4,4,False,correction,mixed_by_complete_group,9,8,1,0,0.33350640535354614,0.28600311279296875,0.3804904520511627,0.1805555522441864,0.5362216234207153,0.3932969272136688
57227,0,03_Rock3-148-C_comp.jams,841098,3,2,3,3,False,correction,mixed_by_complete_group,86,30,55,1,0.33825981616973877,0.35744044184684753,0.3042997121810913,0.41188228130340576,0.5893575549125671,0.3680950403213501
57241,0,03_Rock3-148-C_comp.jams,874615,1,4,2,2,False,neutral,local_rates_favor_correction_for_all_groups,184,184,0,0,0.33403921127319336,0.1386909782886505,0.5272697806358337,0.12389606237411499,0.6443557143211365,0.5065628886222839
57250,0,03_Rock3-148-C_comp.jams,892769,1,3,2,2,False,neutral,mixed_by_complete_group,120,111,9,0,0.3019131124019623,0.24183835089206696,0.45624855160713196,0.4944010376930237,0.5860318541526794,0.3997211158275604
57255,0,03_Rock3-148-C_comp.jams,904141,2,3,2,2,False,correction,mixed_by_complete_group,152,87,65,0,0.2972598969936371,0.27469900250434875,0.42804110050201416,0.6404194235801697,0.6430002450942993,0.35407018661499023
57259,0,03_Rock3-148-C_comp.jams,912212,3,4,5,5,False,neutral,local_rates_favor_correction_for_all_groups,4,4,0,0,0.32051482796669006,0.17570212483406067,0.5037830471992493,0.26953125,0.5125589966773987,0.151748925447464
57267,0,03_Rock3-148-C_comp.jams,929638,3,3,2,2,True,regression,local_rates_favor_correction_for_all_groups,123,123,0,0,0.40182146430015564,0.29486608505249023,0.3033124506473541,0.3414634168148041,0.5312962532043457,0.455100417137146
57295,0,03_Rock3-148-C_comp.jams,1001085,3,2,3,3,False,correction,mixed_by_complete_group,115,42,73,0,0.37974169850349426,0.4220934808254242,0.19816480576992035,0.47785326838493347,0.6097292900085449,0.014883667230606079
57301,0,03_Rock3-148-C_comp.jams,1018757,3,4,3,3,False,correction,mixed_by_complete_group,124,117,7,0,0.3504863679409027,0.2551005184650421,0.39441314339637756,0.5459929704666138,0.4860018789768219,0.06095287203788757
57310,0,03_Rock3-148-C_comp.jams,1037408,4,4,5,5,True,regression,local_rates_favor_correction_for_all_groups,52,52,0,0,0.5087330937385559,0.28567779064178467,0.20558913052082062,0.16526442766189575,0.4159225821495056,0.08953395485877991
57324,0,03_Rock3-148-C_comp.jams,1072184,3,3,2,2,True,regression,mixed_by_complete_group,107,99,8,0,0.36104661226272583,0.3080645799636841,0.3308888375759125,0.3789427578449249,0.5837024450302124,0.3193276822566986
57325,0,03_Rock3-148-C_comp.jams,1073978,3,2,3,3,False,correction,local_rates_favor_regression_for_all_groups,5,0,5,0,0.2725152373313904,0.4471908211708069,0.2802940011024475,0.4156250059604645,0.5355479717254639,0.11762005090713501
57451,0,03_SS1-68-E_comp.jams,3360,2,3,2,2,False,correction,mixed_by_complete_group,126,125,1,0,0.366515189409256,0.27579131722450256,0.35769349336624146,0.4011656641960144,0.6218812465667725,0.37271660566329956
57465,0,03_SS1-68-E_comp.jams,41342,2,4,2,2,False,correction,mixed_by_complete_group,237,94,143,0,0.2936711013317108,0.2900785207748413,0.4162503778934479,0.45681697130203247,0.6630971431732178,0.28832894563674927
57479,0,03_SS1-68-E_comp.jams,79071,4,3,2,2,False,neutral,mixed_by_complete_group,35,5,30,0,0.25565654039382935,0.2893594205379486,0.45498406887054443,0.2906250059604645,0.582643985748291,0.31132978200912476
57496,0,03_SS1-68-E_comp.jams,118301,3,3,2,2,True,regression,mixed_by_complete_group,126,101,25,0,0.3606300354003906,0.31810832023620605,0.3212616443634033,0.4804067313671112,0.5441645979881287,0.08552344143390656
57505,0,03_SS1-68-E_comp.jams,138199,0,3,2,2,False,neutral,mixed_by_complete_group,213,210,2,1,0.41282033920288086,0.161608025431633,0.42557165026664734,0.6304284334182739,0.8012579083442688,0.055903661996126175
57512,0,03_SS1-68-E_comp.jams,155881,3,3,2,2,True,regression,local_rates_favor_correction_for_all_groups,123,123,0,0,0.3875548839569092,0.21845097839832306,0.3939940929412842,0.4002794623374939,0.532711923122406,0.034957945346832275
57529,0,03_SS1-68-E_comp.jams,193810,2,3,2,2,False,correction,mixed_by_complete_group,177,153,24,0,0.31692811846733093,0.25605279207229614,0.4270191192626953,0.5171257257461548,0.5546998381614685,0.2705236077308655
57632,0,03_SS1-68-E_comp.jams,429740,2,4,2,2,False,correction,mixed_by_complete_group,229,68,161,0,0.2860655188560486,0.3060515820980072,0.4078828990459442,0.4129366874694824,0.5728064179420471,0.11814050376415253
57718,0,03_SS1-68-E_comp.jams,651461,2,3,2,2,False,correction,mixed_by_complete_group,151,18,133,0,0.25439149141311646,0.3581952154636383,0.3874133229255676,0.36237582564353943,0.5127763748168945,0.2264198511838913
57738,0,03_SS1-68-E_comp.jams,701629,3,4,3,3,False,correction,mixed_by_complete_group,124,90,34,0,0.36289381980895996,0.3347906172275543,0.3023155927658081,0.5885836482048035,0.4988165497779846,0.35192883014678955
57755,0,03_SS1-68-E_comp.jams,741777,3,3,2,2,True,regression,mixed_by_complete_group,110,2,108,0,0.2698269486427307,0.3755054771900177,0.3546674847602844,0.2208806872367859,0.5045247673988342,0.02648863196372986
57779,0,03_SS1-68-E_comp.jams,805918,3,3,4,4,True,regression,local_rates_favor_regression_for_all_groups,2,0,2,0,0.2329544723033905,0.3190310001373291,0.4480145275592804,0.265625,0.5192911624908447,0.001462206244468689
57784,0,03_SS1-68-E_comp.jams,819109,3,2,3,3,False,correction,mixed_by_complete_group,59,18,40,1,0.3367815911769867,0.3850597143173218,0.27815869450569153,0.3988347351551056,0.5025303363800049,0.00689581036567688
57843,0,03_SS1-68-E_comp.jams,959595,3,3,2,2,True,regression,mixed_by_complete_group,151,123,28,0,0.34125953912734985,0.2913626432418823,0.3673778474330902,0.4909975230693817,0.5856360793113708,0.3501645624637604
57863,0,03_SS1-68-E_comp.jams,1012818,3,3,2,2,True,regression,mixed_by_complete_group,127,48,78,1,0.33122846484184265,0.35755982995033264,0.3112116754055023,0.2461860179901123,0.513193666934967,0.26864728331565857
57873,0,03_SS1-68-E_comp.jams,1039968,1,3,2,2,False,neutral,mixed_by_complete_group,109,79,30,0,0.3176145553588867,0.2781391739845276,0.4042463004589081,0.47018349170684814,0.6340135335922241,0.2427861988544464
57908,0,03_SS1-68-E_comp.jams,1129289,2,4,2,2,False,correction,mixed_by_complete_group,231,168,63,0,0.3197905421257019,0.2681507468223572,0.4120587408542633,0.45549243688583374,0.6535571813583374,0.3461968004703522
57921,0,03_SS1-68-E_comp.jams,1168689,2,4,3,3,False,neutral,local_rates_favor_regression_for_all_groups,13,0,13,0,0.2538766860961914,0.38915589451789856,0.3569674491882324,0.33173078298568726,0.44334185123443604,0.15280714631080627
57976,0,03_SS1-68-E_comp.jams,1349715,1,3,2,2,False,neutral,mixed_by_complete_group,138,120,18,0,0.3170008361339569,0.2541692852973938,0.4288298189640045,0.5918251872062683,0.4781787097454071,0.08379608392715454
58006,0,03_SS1-68-E_comp.jams,1415297,1,2,3,3,False,neutral,local_rates_favor_correction_for_all_groups,55,55,0,0,0.4661581516265869,0.2638590335845947,0.26998278498649597,0.23664772510528564,0.5230001211166382,0.24140974879264832
58095,0,03_SS1-68-E_comp.jams,1674712,2,4,2,2,False,correction,mixed_by_complete_group,222,80,141,1,0.2763613760471344,0.27683690190315247,0.44680166244506836,0.40582770109176636,0.5246695876121521,0.24071168899536133
58163,0,03_SS1-68-E_comp.jams,1831709,2,2,3,3,True,regression,mixed_by_complete_group,21,20,1,0,0.3767450749874115,0.27141499519348145,0.35183995962142944,0.1294642835855484,0.5136959552764893,0.03771317005157471
58333,0,03_SS1-68-E_solo.jams,1772360,2,3,2,2,False,correction,mixed_by_complete_group,124,117,7,0,0.45654651522636414,0.3260822892189026,0.2173711508512497,0.41771674156188965,0.5152220726013184,0.17882558703422546
61301,0,04_BN2-166-Ab_comp.jams,72586,4,4,2,2,True,regression,mixed_by_complete_group,246,225,20,1,0.25589507818222046,0.17009872198104858,0.5740062594413757,0.29096800088882446,0.8460485339164734,0.40689387917518616
61348,0,04_BN2-166-Ab_comp.jams,237882,2,4,3,2,False,correction,mixed_by_complete_group,215,88,127,0,0.22868609428405762,0.21975663304328918,0.5515572428703308,0.16831395030021667,0.8046503067016602,0.2335098683834076
61379,0,04_BN2-166-Ab_comp.jams,352178,3,4,2,2,False,neutral,mixed_by_complete_group,153,14,139,0,0.19208551943302155,0.28295594453811646,0.524958610534668,0.17310048639774323,0.7054942846298218,0.28258204460144043
61387,0,04_BN2-166-Ab_comp.jams,381580,4,2,3,3,False,neutral,local_rates_favor_regression_for_all_groups,3,0,3,0,0.31655821204185486,0.3655589818954468,0.317882776260376,0.578125,0.7590711712837219,0.19352057576179504
61400,0,04_BN2-166-Ab_comp.jams,422218,4,4,3,3,True,regression,mixed_by_complete_group,172,157,14,1,0.4008826017379761,0.3299751579761505,0.2691422402858734,0.5713117718696594,0.785125732421875,0.11300989985466003
61422,0,04_BN2-166-Ab_comp.jams,492073,4,2,3,3,False,neutral,mixed_by_complete_group,162,158,4,0,0.5760889053344727,0.2770999073982239,0.14681117236614227,0.6220100522041321,0.6716752052307129,0.29361456632614136
61451,0,04_BN2-166-Ab_comp.jams,597904,4,3,3,4,False,correction,mixed_by_complete_group,150,143,7,0,0.3445050120353699,0.2106447070837021,0.44485026597976685,0.18833333253860474,0.632929801940918,0.016957640647888184
61463,0,04_BN2-166-Ab_comp.jams,652925,4,3,2,2,False,neutral,local_rates_favor_regression_for_all_groups,1,0,1,0,0.28886935114860535,0.3435942530632019,0.36753639578819275,0.234375,0.5763063430786133,0.04050561785697937
61469,0,04_BN2-166-Ab_comp.jams,669754,2,4,2,2,False,correction,mixed_by_complete_group,203,45,158,0,0.22236359119415283,0.28948038816452026,0.4881559908390045,0.26169949769973755,0.7226389646530151,0.27151715755462646
61472,0,04_BN2-166-Ab_comp.jams,677989,4,3,2,2,False,neutral,local_rates_favor_correction_for_all_groups,182,182,0,0,0.43022239208221436,0.2888459861278534,0.28093159198760986,0.4601648449897766,0.7062482833862305,0.08971744775772095
61476,0,04_BN2-166-Ab_comp.jams,692493,3,4,3,3,False,correction,mixed_by_complete_group,73,3,70,0,0.34034475684165955,0.3948217034339905,0.26483353972435,0.6710188388824463,0.5423746705055237,0.0884329080581665
61488,0,04_BN2-166-Ab_comp.jams,733027,3,4,3,3,False,correction,mixed_by_complete_group,193,186,7,0,0.40384185314178467,0.29238736629486084,0.3037707805633545,0.5535945892333984,0.723084032535553,0.19525569677352905
61494,0,04_BN2-166-Ab_comp.jams,764738,1,4,4,2,False,neutral,mixed_by_complete_group,211,139,72,0,0.2547568678855896,0.2159278839826584,0.5293152928352356,0.19564573466777802,0.8308361172676086,0.002044346183538437
61499,0,04_BN2-166-Ab_comp.jams,788199,4,3,2,2,False,neutral,mixed_by_complete_group,187,51,136,0,0.2992200255393982,0.3157602846622467,0.3850196897983551,0.41460561752319336,0.5508520007133484,0.21135389804840088
61514,0,04_BN2-166-Ab_comp.jams,836775,3,2,3,3,False,correction,local_rates_favor_correction_for_all_groups,162,162,0,0,0.45501473546028137,0.3201393485069275,0.22484591603279114,0.5702160596847534,0.6157453656196594,0.03750839829444885
61519,0,04_BN2-166-Ab_comp.jams,854195,1,2,3,3,False,neutral,mixed_by_complete_group,19,16,3,0,0.41633862257003784,0.3710862100124359,0.21257518231868744,0.26726973056793213,0.7461779713630676,0.0274960994720459
61522,0,04_BN2-166-Ab_comp.jams,861510,2,3,2,2,False,correction,mixed_by_complete_group,205,199,5,1,0.3834715187549591,0.28109896183013916,0.33542948961257935,0.4727134108543396,0.7769169211387634,0.6966272592544556
61525,0,04_BN2-166-Ab_comp.jams,875207,3,4,2,2,False,neutral,mixed_by_complete_group,5,3,2,0,0.22482280433177948,0.2138480246067047,0.561329185962677,0.125,0.9425913095474243,0.3260544538497925
61542,0,04_BN2-166-Ab_comp.jams,946310,4,4,2,2,True,regression,mixed_by_complete_group,5,1,4,0,0.24869069457054138,0.2569948136806488,0.4943144917488098,0.14687499403953552,0.9437183141708374,0.2490982711315155
67151,0,04_Jazz3-150-C_comp.jams,8,2,2,4,4,True,regression,local_rates_favor_regression_for_all_groups,62,0,62,0,0.069577157497406,0.37829211354255676,0.5521307587623596,0.1421370953321457,0.8313201069831848,0.15881888568401337
67178,0,04_Jazz3-150-C_comp.jams,87507,2,4,2,2,False,correction,mixed_by_complete_group,195,14,181,0,0.2414173185825348,0.363334059715271,0.39524856209754944,0.3853365480899811,0.583531379699707,0.2695741355419159
67182,0,04_Jazz3-150-C_comp.jams,100942,3,4,3,3,False,correction,mixed_by_complete_group,52,1,51,0,0.2655487358570099,0.3900487720966339,0.3444024920463562,0.5012019276618958,0.43845832347869873,0.00847521424293518
67195,0,04_Jazz3-150-C_comp.jams,134640,2,4,2,2,False,correction,mixed_by_complete_group,232,167,65,0,0.3181070387363434,0.25675147771835327,0.42514151334762573,0.3702182173728943,0.6515291929244995,0.48523175716400146
67220,0,04_Jazz3-150-C_comp.jams,223027,2,4,2,2,False,correction,mixed_by_complete_group,222,189,33,0,0.2930571734905243,0.21290497481822968,0.49403780698776245,0.26520270109176636,1.0789997577667236,0.35636529326438904
67250,0,04_Jazz3-150-C_comp.jams,330445,4,4,4,3,False,regression,mixed_by_complete_group,3,1,2,0,0.3306993544101715,0.35881009697914124,0.3104904890060425,0.4427083432674408,0.7278972268104553,0.05439352989196777
67260,0,04_Jazz3-150-C_comp.jams,369729,4,4,3,3,True,regression,mixed_by_complete_group,10,4,6,0,0.3396863341331482,0.3752158284187317,0.28509780764579773,0.5078125,0.5144888162612915,0.19110608100891113
67264,0,04_Jazz3-150-C_comp.jams,381259,4,4,2,2,True,regression,mixed_by_complete_group,196,5,191,0,0.19688072800636292,0.3484989404678345,0.4546203315258026,0.3266103267669678,0.5368444323539734,0.1602437049150467
67316,0,04_Jazz3-150-C_comp.jams,529318,3,4,2,2,False,neutral,local_rates_favor_regression_for_all_groups,132,0,132,0,0.20628775656223297,0.3730565905570984,0.42065563797950745,0.3420928120613098,0.503609836101532,0.05060496926307678
67326,0,04_Jazz3-150-C_comp.jams,577112,3,3,2,2,True,regression,mixed_by_complete_group,129,97,32,0,0.3268907070159912,0.2931932210922241,0.37991610169410706,0.49273255467414856,0.9252486824989319,0.4475080966949463
67334,0,04_Jazz3-150-C_comp.jams,611620,3,4,4,2,False,neutral,mixed_by_complete_group,166,15,151,0,0.22184836864471436,0.34521839022636414,0.4329333007335663,0.21714985370635986,0.712895929813385,0.049759626388549805
67370,0,04_Jazz3-150-C_comp.jams,734693,1,3,2,2,False,neutral,mixed_by_complete_group,202,155,47,0,0.3048054277896881,0.22996774315834045,0.46522679924964905,0.2571163475513458,0.9854230284690857,0.20398782193660736
67382,0,04_Jazz3-150-C_comp.jams,787501,2,2,3,3,True,regression,mixed_by_complete_group,58,17,41,0,0.3740284740924835,0.38816872239112854,0.23780278861522675,0.6085668206214905,0.6529309749603271,0.025889307260513306
67383,0,04_Jazz3-150-C_comp.jams,809934,3,4,3,3,False,correction,local_rates_favor_regression_for_all_groups,8,0,8,0,0.3535807132720947,0.41085419058799744,0.23556509613990784,0.6171875,0.6776569485664368,0.10865682363510132
67401,0,04_Jazz3-150-C_comp.jams,881994,3,4,3,3,False,correction,mixed_by_complete_group,161,121,40,0,0.3659098148345947,0.3217867314815521,0.31230348348617554,0.5009704828262329,0.6748914122581482,0.22797444462776184
67474,0,04_Jazz3-150-C_comp.jams,1110294,3,2,4,4,False,neutral,mixed_by_complete_group,122,1,121,0,0.09687720984220505,0.4869057536125183,0.41621705889701843,0.10540471225976944,0.730482816696167,0.21306881308555603
68833,0,04_Rock2-142-D_comp.jams,5,1,2,3,3,False,neutral,local_rates_favor_regression_for_all_groups,57,0,57,0,0.28022268414497375,0.3842451572418213,0.33553212881088257,0.41858553886413574,0.782343864440918,0.18488356471061707
68850,0,04_Rock2-142-D_comp.jams,47905,4,4,5,5,True,regression,local_rates_favor_correction_for_all_groups,94,94,0,0,0.5225167870521545,0.209818497300148,0.26766473054885864,0.26529255509376526,0.4309564232826233,0.3001587390899658
68853,0,04_Rock2-142-D_comp.jams,65052,2,2,3,3,True,regression,mixed_by_complete_group,116,40,76,0,0.36063459515571594,0.37551015615463257,0.2638552486896515,0.40490302443504333,0.5969151854515076,0.06820222735404968
68877,0,04_Rock2-142-D_comp.jams,122275,6,3,5,5,False,neutral,local_rates_favor_correction_for_all_groups,18,18,0,0,0.3538743555545807,0.1252119392156601,0.5209137201309204,0.1328125,0.45519891381263733,0.2853466272354126
68881,0,04_Rock2-142-D_comp.jams,132124,6,2,3,3,False,neutral,local_rates_favor_regression_for_all_groups,7,0,7,0,0.31080132722854614,0.41637012362480164,0.27282851934432983,0.28125,0.6686506867408752,0.16406172513961792
68883,0,04_Rock2-142-D_comp.jams,140823,3,3,2,2,True,regression,mixed_by_complete_group,12,11,1,0,0.37442663311958313,0.26522842049598694,0.36034491658210754,0.1458333283662796,0.7205583453178406,0.17622533440589905
68915,0,04_Rock2-142-D_comp.jams,213680,2,4,2,2,False,correction,local_rates_favor_correction_for_all_groups,60,60,0,0,0.3783642053604126,0.13676197826862335,0.48487380146980286,0.09401042014360428,0.5239018201828003,0.4463915228843689
68952,0,04_Rock2-142-D_comp.jams,314926,3,4,5,5,False,neutral,mixed_by_complete_group,61,58,1,2,0.43023955821990967,0.2338709980249405,0.33588945865631104,0.06173155829310417,0.6272969245910645,0.1238701343536377
68963,0,04_Rock2-142-D_comp.jams,344915,4,4,5,3,True,regression,local_rates_favor_regression_for_all_groups,19,0,19,0,0.19489841163158417,0.3357917070388794,0.46930989623069763,0.8544408082962036,0.6161034107208252,0.17026080191135406
68987,0,04_Rock2-142-D_comp.jams,420536,4,3,4,4,False,correction,mixed_by_complete_group,50,33,17,0,0.38087910413742065,0.35216063261032104,0.2669603228569031,0.18656249344348907,0.45594704151153564,0.024767369031906128
68991,0,04_Rock2-142-D_comp.jams,429075,3,2,3,3,False,correction,mixed_by_complete_group,85,66,19,0,0.41828784346580505,0.3760174512863159,0.20569463074207306,0.1038602963089943,0.6400806903839111,0.12453684210777283
69017,0,04_Rock2-142-D_comp.jams,495351,5,2,3,3,False,neutral,local_rates_favor_regression_for_all_groups,11,0,11,0,0.2351008802652359,0.3692166209220886,0.39568251371383667,0.33096590638160706,0.46434155106544495,0.10870769619941711
69024,0,04_Rock2-142-D_comp.jams,513169,5,3,5,5,False,correction,local_rates_favor_correction_for_all_groups,14,14,0,0,0.3706357777118683,0.11832316964864731,0.5110410451889038,0.0703125,0.44168737530708313,0.21138277649879456
69048,0,04_Rock2-142-D_comp.jams,568193,6,4,5,5,False,neutral,mixed_by_complete_group,104,102,2,0,0.5024595856666565,0.2531522214412689,0.2443881779909134,0.10336538404226303,0.47891727089881897,0.26717492938041687
69056,0,04_Rock2-142-D_comp.jams,586862,3,4,4,2,False,neutral,local_rates_favor_correction_for_all_groups,71,70,0,1,0.29847240447998047,0.18542596697807312,0.516101598739624,0.11421655118465424,1.0929136276245117,0.012369200587272644
69080,0,04_Rock2-142-D_comp.jams,642508,5,4,3,3,False,neutral,mixed_by_complete_group,84,66,18,0,0.29144659638404846,0.2694090008735657,0.4391443729400635,0.7181919813156128,0.4844861328601837,0.013228535652160645
69084,0,04_Rock2-142-D_comp.jams,660226,3,3,2,2,True,regression,local_rates_favor_correction_for_all_groups,2,2,0,0,0.49607664346694946,0.20918476581573486,0.2947385907173157,0.1796875,0.5651215314865112,0.359352171421051
69107,0,04_Rock2-142-D_comp.jams,718603,3,2,3,3,False,correction,local_rates_favor_regression_for_all_groups,3,0,3,0,0.32035019993782043,0.41433092951774597,0.2653188705444336,0.25,0.5837496519088745,0.3959338665008545
69113,0,04_Rock2-142-D_comp.jams,736788,4,2,3,3,False,neutral,mixed_by_complete_group,127,115,12,0,0.3709171712398529,0.29132843017578125,0.33775436878204346,0.4258120059967041,0.6714069843292236,0.06566226482391357
69138,0,04_Rock2-142-D_comp.jams,791325,6,4,5,5,False,neutral,mixed_by_complete_group,124,118,2,4,0.5559132695198059,0.2015426605939865,0.242544025182724,0.19128024578094482,0.5029421448707581,0.5054671764373779
69155,0,04_Rock2-142-D_comp.jams,838416,4,3,4,4,False,correction,mixed_by_complete_group,54,44,10,0,0.3445471227169037,0.2792273163795471,0.3762255907058716,0.23900462687015533,0.47843506932258606,0.0038061439990997314
69163,0,04_Rock2-142-D_comp.jams,856434,1,2,3,3,False,neutral,mixed_by_complete_group,14,6,8,0,0.36911365389823914,0.38483068346977234,0.24605564773082733,0.2020089328289032,0.6105079650878906,0.37647902965545654
69168,0,04_Rock2-142-D_comp.jams,867266,4,4,5,5,True,regression,local_rates_favor_correction_for_all_groups,31,31,0,0,0.510323703289032,0.2637318968772888,0.22594444453716278,0.1854838728904724,0.5235964059829712,0.4207321107387543
69171,0,04_Rock2-142-D_comp.jams,874936,3,3,2,2,True,regression,local_rates_favor_correction_for_all_groups,1,1,0,0,0.26828673481941223,0.21663926541805267,0.5150740146636963,0.421875,0.5296541452407837,0.40048813819885254
69195,0,04_Rock2-142-D_comp.jams,941891,4,4,3,3,True,regression,mixed_by_complete_group,132,92,40,0,0.3733038902282715,0.32303711771965027,0.30365896224975586,0.6460700631141663,0.7233206033706665,0.5482693314552307
69223,0,04_Rock2-142-D_comp.jams,1017354,2,2,3,3,True,regression,local_rates_favor_regression_for_all_groups,62,0,62,0,0.2915589511394501,0.45551377534866333,0.25292736291885376,0.4337197542190552,0.5147092342376709,0.05694451928138733
69256,0,04_Rock2-142-D_comp.jams,1108729,4,3,4,4,False,correction,mixed_by_complete_group,183,89,82,12,0.3207889497280121,0.2909391224384308,0.38827192783355713,0.23266735672950745,0.6507729887962341,0.06459613144397736
69268,0,04_Rock2-142-D_comp.jams,1137065,5,2,3,3,False,neutral,mixed_by_complete_group,57,17,40,0,0.27811378240585327,0.33043092489242554,0.3914552927017212,0.44051533937454224,0.5641682147979736,0.25989219546318054
71028,0,04_Rock3-148-C_comp.jams,331337,4,2,3,3,False,neutral,mixed_by_complete_group,142,139,3,0,0.4334774911403656,0.3037601113319397,0.26276248693466187,0.5055017471313477,0.5445295572280884,0.30111122131347656
71052,0,04_Rock3-148-C_comp.jams,388593,2,4,3,3,False,neutral,mixed_by_complete_group,88,57,31,0,0.34210821986198425,0.3017064929008484,0.35618531703948975,0.4493963122367859,0.5946393609046936,0.3787343502044678
71097,0,04_Rock3-148-C_comp.jams,491510,4,4,3,3,True,regression,mixed_by_complete_group,147,5,142,0,0.3207833468914032,0.49937325716018677,0.1798434555530548,0.5530399680137634,0.5936028957366943,0.10304781794548035
71175,0,04_Rock3-148-C_comp.jams,674840,3,3,2,2,True,regression,local_rates_favor_correction_for_all_groups,93,93,0,0,0.47510820627212524,0.19247856736183167,0.3324132263660431,0.29922714829444885,0.6916604042053223,0.03885623812675476
71177,0,04_Rock3-148-C_comp.jams,684499,3,2,3,3,False,correction,local_rates_favor_regression_for_all_groups,120,0,120,0,0.29659393429756165,0.4428047835826874,0.2606012523174286,0.3763020932674408,0.7524567246437073,0.09419184923171997
71181,0,04_Rock3-148-C_comp.jams,696972,3,2,3,3,False,correction,local_rates_favor_regression_for_all_groups,48,0,48,0,0.2935291528701782,0.41418787837028503,0.29228296875953674,0.2431640625,0.657815158367157,0.1568957269191742
71189,0,04_Rock3-148-C_comp.jams,712179,3,3,2,2,True,regression,local_rates_favor_correction_for_all_groups,178,178,0,0,0.4273551404476166,0.18593408167362213,0.3867107629776001,0.43390098214149475,0.7668892741203308,0.2567155361175537
71223,0,04_Rock3-148-C_comp.jams,828461,2,3,2,2,False,correction,local_rates_favor_correction_for_all_groups,56,56,0,0,0.39969179034233093,0.18247275054454803,0.41783544421195984,0.3805803656578064,0.6657654643058777,0.13052605092525482
71239,0,04_Rock3-148-C_comp.jams,876078,4,3,4,4,False,correction,mixed_by_complete_group,52,3,46,3,0.2951894998550415,0.38367268443107605,0.32113778591156006,0.11778846383094788,0.5484998226165771,0.20936912298202515
71250,0,04_Rock3-148-C_comp.jams,903518,4,4,5,5,True,regression,local_rates_favor_correction_for_all_groups,53,53,0,0,0.5093663930892944,0.18103402853012085,0.30959954857826233,0.286556601524353,0.5697805285453796,0.6655349731445312
71256,0,04_Rock3-148-C_comp.jams,920929,4,4,3,3,True,regression,local_rates_favor_regression_for_all_groups,125,0,125,0,0.28492870926856995,0.4469243884086609,0.2681468725204468,0.6903749704360962,0.6724112033843994,0.053149282932281494
71286,0,04_Rock3-148-C_comp.jams,1002496,2,3,2,2,False,correction,local_rates_favor_regression_for_all_groups,41,0,41,0,0.2429647147655487,0.41113895177841187,0.34589630365371704,0.21227134764194489,0.5375273823738098,0.05445405840873718
71295,0,04_Rock3-148-C_comp.jams,1020682,1,2,3,3,False,neutral,mixed_by_complete_group,128,83,45,0,0.39875122904777527,0.3052395284175873,0.29600924253463745,0.470703125,0.49609076976776123,0.0892285704612732
71312,0,04_Rock3-148-C_comp.jams,1063735,4,4,3,3,True,regression,mixed_by_complete_group,140,3,137,0,0.3391251266002655,0.43593505024909973,0.22493983805179596,0.5918526649475098,0.6533838510513306,0.00868883728981018
71332,0,04_Rock3-148-C_comp.jams,1113859,2,2,3,3,True,regression,local_rates_favor_regression_for_all_groups,6,0,6,0,0.3670090138912201,0.4242122173309326,0.20877879858016968,0.2630208432674408,0.924254834651947,0.06528228521347046
71338,0,04_Rock3-148-C_comp.jams,1126302,4,2,3,3,False,neutral,mixed_by_complete_group,11,5,6,0,0.3374037444591522,0.3391292691230774,0.3234670162200928,0.4900568127632141,0.6782584190368652,0.007827013731002808
71376,0,04_Rock3-148-C_solo.jams,527593,2,3,2,2,False,correction,mixed_by_complete_group,121,118,3,0,0.35572874546051025,0.2323959916830063,0.41187524795532227,0.24393078684806824,0.8783133029937744,0.46378853917121887
71484,0,04_SS1-68-E_comp.jams,118576,5,3,2,2,False,neutral,local_rates_favor_regression_for_all_groups,1,0,1,0,0.12832282483577728,0.38708701729774475,0.48459017276763916,0.203125,0.4651709794998169,0.0730191171169281
71493,0,04_SS1-68-E_comp.jams,139493,3,2,3,3,False,correction,mixed_by_complete_group,61,56,5,0,0.44188451766967773,0.30513694882392883,0.25297850370407104,0.20952868461608887,0.5985016226768494,0.17449012398719788
71518,0,04_SS1-68-E_comp.jams,194866,3,2,3,3,False,correction,local_rates_favor_regression_for_all_groups,9,0,9,0,0.24659991264343262,0.4213026463985443,0.33209747076034546,0.3125,0.5722486972808838,0.1827649474143982
71560,0,04_SS1-68-E_comp.jams,292190,5,4,3,3,False,neutral,mixed_by_complete_group,123,8,115,0,0.25715118646621704,0.38546955585479736,0.357379287481308,0.4377540647983551,0.6606588363647461,0.1149798035621643
71633,0,04_SS1-68-E_comp.jams,468621,3,4,3,2,False,neutral,mixed_by_complete_group,70,25,45,0,0.213929682970047,0.2281462550163269,0.5579240322113037,0.22522321343421936,0.5320216417312622,0.021557360887527466
71642,0,04_SS1-68-E_comp.jams,487557,4,3,2,2,False,neutral,mixed_by_complete_group,26,18,8,0,0.2852320075035095,0.2570311725139618,0.4577367901802063,0.5174278616905212,0.4758860468864441,0.026944011449813843
71649,0,04_SS1-68-E_comp.jams,506938,4,3,5,5,False,neutral,mixed_by_complete_group,91,47,41,3,0.2161608636379242,0.2148924469947815,0.5689467191696167,0.09083104133605957,0.519935131072998,0.24930638074874878
71657,0,04_SS1-68-E_comp.jams,527056,4,3,2,2,False,neutral,local_rates_favor_regression_for_all_groups,47,0,47,0,0.20139063894748688,0.3032503128051758,0.49535906314849854,0.48138296604156494,0.49876439571380615,0.13078507781028748
71680,0,04_SS1-68-E_comp.jams,582247,4,2,3,3,False,neutral,mixed_by_complete_group,60,57,3,0,0.38301458954811096,0.2843572199344635,0.3326282501220703,0.3531250059604645,0.6232935786247253,0.20077525079250336
71692,0,04_SS1-68-E_comp.jams,609755,3,3,2,2,True,regression,local_rates_favor_correction_for_all_groups,166,166,0,0,0.36959126591682434,0.20413948595523834,0.4262692630290985,0.5977033376693726,0.6742291450500488,0.5129215717315674
71706,0,04_SS1-68-E_comp.jams,643108,4,2,3,3,False,neutral,local_rates_favor_correction_for_all_groups,41,41,0,0,0.44433704018592834,0.29012739658355713,0.26553553342819214,0.23399390280246735,0.53975909948349,0.3305887281894684
71758,0,04_SS1-68-E_comp.jams,777499,2,2,3,3,True,regression,local_rates_favor_regression_for_all_groups,3,0,3,0,0.22517894208431244,0.3270065486431122,0.44781455397605896,0.421875,0.5427428483963013,0.22159774601459503
71803,0,04_SS1-68-E_comp.jams,888263,2,3,2,2,False,correction,mixed_by_complete_group,239,203,35,1,0.37058383226394653,0.2587786614894867,0.3706375062465668,0.5515167117118835,0.8786774277687073,0.45340055227279663
71815,0,04_SS1-68-E_comp.jams,919105,5,3,2,2,False,neutral,mixed_by_complete_group,173,147,26,0,0.3075430989265442,0.26534610986709595,0.42711079120635986,0.48572975397109985,0.5736968517303467,0.3430403172969818
71819,0,04_SS1-68-E_comp.jams,928187,6,3,2,2,False,neutral,local_rates_favor_correction_for_all_groups,141,141,0,0,0.32699596881866455,0.15448787808418274,0.5185162425041199,0.36092641949653625,0.6662077307701111,0.2456314116716385
71839,0,04_SS1-68-E_comp.jams,972489,6,4,5,5,False,neutral,local_rates_favor_correction_for_all_groups,54,54,0,0,0.47034701704978943,0.22305619716644287,0.3065967857837677,0.12557870149612427,0.533205509185791,0.12906119227409363
71886,0,04_SS1-68-E_comp.jams,1072022,3,3,2,2,True,regression,local_rates_favor_regression_for_all_groups,4,0,4,0,0.2690330445766449,0.30203482508659363,0.4289321303367615,0.7421875,0.4929746985435486,0.3127448558807373
71891,0,04_SS1-68-E_comp.jams,1083217,0,3,2,2,False,neutral,local_rates_favor_correction_for_all_groups,165,165,0,0,0.3380219042301178,0.15544167160987854,0.5065364837646484,0.5514204502105713,0.7492967844009399,0.020993400365114212
71892,0,04_SS1-68-E_comp.jams,1085011,6,3,2,2,False,neutral,local_rates_favor_correction_for_all_groups,16,16,0,0,0.3128657937049866,0.17346465587615967,0.5136696100234985,0.5859375,0.5542572140693665,0.2489887923002243
71912,0,04_SS1-68-E_comp.jams,1127624,5,2,3,3,False,neutral,local_rates_favor_correction_for_all_groups,48,48,0,0,0.4315287172794342,0.30146682262420654,0.26700446009635925,0.345703125,0.6507787108421326,0.26676470041275024
71938,0,04_SS1-68-E_comp.jams,1184981,3,3,2,2,True,regression,mixed_by_complete_group,78,77,1,0,0.2908685505390167,0.2263389229774475,0.48279258608818054,0.2922676205635071,0.6056594252586365,0.36457526683807373
71946,0,04_SS1-68-E_comp.jams,1204260,4,3,2,2,False,neutral,mixed_by_complete_group,49,44,5,0,0.2277311384677887,0.17327940464019775,0.5989894270896912,0.19451530277729034,0.5899016857147217,0.3494141697883606
71952,0,04_SS1-68-E_comp.jams,1216774,1,3,2,2,False,neutral,mixed_by_complete_group,196,190,5,1,0.34733572602272034,0.23497797548770905,0.4176863133907318,0.5549266338348389,0.5753451585769653,0.17464286088943481
71956,0,04_SS1-68-E_comp.jams,1225329,3,2,3,3,False,correction,mixed_by_complete_group,51,41,10,0,0.39756447076797485,0.3264513611793518,0.27598413825035095,0.2815563678741455,0.5382775664329529,0.23129156231880188
71986,0,04_SS1-68-E_comp.jams,1303005,4,4,5,5,True,regression,mixed_by_complete_group,91,88,3,0,0.4642488658428192,0.29051998257637024,0.24523116648197174,0.13736264407634735,0.47695431113243103,0.04732581973075867
72050,0,04_SS1-68-E_comp.jams,1440389,4,3,4,4,False,correction,local_rates_favor_regression_for_all_groups,64,0,64,0,0.25881582498550415,0.41115424036979675,0.3300299346446991,0.18994140625,0.5985711216926575,0.48277872800827026
72079,0,04_SS1-68-E_comp.jams,1518530,2,3,2,2,False,correction,mixed_by_complete_group,127,88,39,0,0.3176589906215668,0.29579249024391174,0.38654854893684387,0.4657972455024719,0.4892553687095642,0.20029953122138977
72087,0,04_SS1-68-E_comp.jams,1538764,4,3,2,2,False,neutral,local_rates_favor_correction_for_all_groups,7,7,0,0,0.4293888509273529,0.21402029693126678,0.3565908372402191,0.5669642686843872,0.6367431282997131,0.051434338092803955
72090,0,04_SS1-68-E_comp.jams,1551331,1,3,2,2,False,neutral,local_rates_favor_correction_for_all_groups,126,126,0,0,0.37692970037460327,0.17998036742210388,0.44308993220329285,0.3513144850730896,0.5733158588409424,0.19189156591892242
72111,0,04_SS1-68-E_comp.jams,1595938,4,3,5,5,False,neutral,mixed_by_complete_group,45,33,11,1,0.26651790738105774,0.22310888767242432,0.5103732347488403,0.08645833283662796,0.5254653692245483,0.3998098373413086
72137,0,04_SS1-68-E_comp.jams,1655534,4,3,2,2,False,neutral,mixed_by_complete_group,106,100,6,0,0.30656176805496216,0.2334689348936081,0.45996928215026855,0.4899764060974121,0.5433493852615356,0.0519120991230011
72146,0,04_SS1-68-E_comp.jams,1674203,4,3,5,4,False,correction,mixed_by_complete_group,20,11,9,0,0.26855799555778503,0.29791349172592163,0.43352848291397095,0.09062500298023224,0.6843776702880859,0.3303273022174835
72156,0,04_SS1-68-E_comp.jams,1694889,3,2,3,3,False,correction,local_rates_favor_regression_for_all_groups,44,0,44,0,0.28573137521743774,0.41106557846069336,0.3032029867172241,0.3842329680919647,0.5276899933815002,0.023324191570281982
72181,0,04_SS1-68-E_comp.jams,1752240,4,3,2,2,False,neutral,local_rates_favor_regression_for_all_groups,1,0,1,0,0.18807072937488556,0.34330958127975464,0.4686196744441986,0.515625,0.46238604187965393,0.19974969327449799
72201,0,04_SS1-68-E_comp.jams,1797002,2,4,2,2,False,correction,mixed_by_complete_group,192,183,9,0,0.22874613106250763,0.12958671152591705,0.6416671276092529,0.2320149689912796,0.6281241178512573,0.5808330774307251
72215,0,04_SS1-68-E_comp.jams,1829741,3,2,3,3,False,correction,mixed_by_complete_group,75,13,62,0,0.31248098611831665,0.42603498697280884,0.2614840567111969,0.3018749952316284,0.5267791152000427,0.017122656106948853
72218,0,04_SS1-68-E_comp.jams,1836480,6,3,2,2,False,neutral,mixed_by_complete_group,124,120,4,0,0.31704989075660706,0.22151194512844086,0.4614381790161133,0.5423387289047241,0.5806809067726135,0.11340165138244629
72224,0,04_SS1-68-E_comp.jams,1848978,6,4,5,5,False,neutral,mixed_by_complete_group,105,103,2,0,0.48857712745666504,0.23662547767162323,0.2747974097728729,0.14851190149784088,0.46518421173095703,0.1503235101699829
1017,1,00_BN3-154-E_comp.jams,120846,1,3,2,2,False,neutral,mixed_by_complete_group,161,157,4,0,0.39287269115448,0.3038521707057953,0.30327513813972473,0.3619953393936157,0.7446832060813904,0.6339685916900635
1046,1,00_BN3-154-E_comp.jams,242575,3,2,2,3,False,correction,local_rates_favor_regression_for_all_groups,59,0,59,0,0.23980408906936646,0.4066116511821747,0.35358425974845886,0.32891950011253357,0.5376681685447693,0.1934037208557129
1066,1,00_BN3-154-E_comp.jams,302163,3,2,3,3,False,correction,mixed_by_complete_group,22,12,10,0,0.42020854353904724,0.43098071217536926,0.14881080389022827,0.2634943127632141,0.7069380283355713,0.21669724583625793
1072,1,00_BN3-154-E_comp.jams,319562,3,3,2,2,True,regression,mixed_by_complete_group,198,109,89,0,0.38197046518325806,0.3239400088787079,0.29408949613571167,0.4907670319080353,0.5494946241378784,0.3278670907020569
1089,1,00_BN3-154-E_comp.jams,378628,2,3,2,2,False,correction,mixed_by_complete_group,5,3,2,0,0.29891499876976013,0.31964170932769775,0.3814433217048645,0.20624999701976776,0.4724906086921692,0.500657320022583
1157,1,00_BN3-154-E_comp.jams,592579,5,4,3,3,False,neutral,mixed_by_complete_group,145,125,20,0,0.4024495482444763,0.30544763803482056,0.2921028733253479,0.5931034684181213,0.760041356086731,0.523950457572937
1208,1,00_BN3-154-E_comp.jams,731022,4,2,3,3,False,neutral,mixed_by_complete_group,37,23,14,0,0.40415212512016296,0.3827499747276306,0.21309790015220642,0.2947635054588318,0.6409890055656433,0.1879853904247284
1263,1,00_BN3-154-E_comp.jams,928675,2,3,2,2,False,correction,mixed_by_complete_group,165,84,81,0,0.35180699825286865,0.325113981962204,0.323078989982605,0.49725377559661865,0.47870177030563354,0.1370500922203064
1279,1,00_BN3-154-E_comp.jams,988804,4,4,2,2,True,regression,mixed_by_complete_group,213,173,40,0,0.24618500471115112,0.14173224568367004,0.6120827794075012,0.16358567774295807,0.6133643388748169,0.20450331270694733
1288,1,00_BN3-154-E_comp.jams,1023886,4,4,3,3,True,regression,mixed_by_complete_group,22,20,2,0,0.47405824065208435,0.3210921287536621,0.2048497051000595,0.30539771914482117,0.6513736844062805,0.5270611047744751
1294,1,00_BN3-154-E_comp.jams,1040949,5,4,2,2,False,neutral,local_rates_favor_correction_for_all_groups,103,103,0,0,0.3403586149215698,0.20022109150886536,0.4594202935695648,0.19235436618328094,0.6523083448410034,0.5266036987304688
1375,1,00_BN3-154-E_solo.jams,137002,1,4,2,2,False,neutral,mixed_by_complete_group,167,164,3,0,0.41872739791870117,0.17527051270008087,0.40600210428237915,0.2935067415237427,0.5565189719200134,0.25867781043052673
1658,1,00_BN3-154-E_solo.jams,962256,1,4,2,2,False,neutral,mixed_by_complete_group,211,195,15,1,0.2855583429336548,0.1689637005329132,0.5454779863357544,0.3319016695022583,0.8853706121444702,0.0036025994922965765
1678,1,00_BN3-154-E_solo.jams,1006615,1,2,2,3,False,neutral,local_rates_favor_regression_for_all_groups,1,0,1,0,0.24250178039073944,0.34968018531799316,0.4078180491924286,0.359375,0.5654723048210144,0.06813615560531616
2869,1,00_Funk2-119-G_comp.jams,29,6,3,4,4,False,neutral,mixed_by_complete_group,228,220,2,6,0.47709742188453674,0.2900978922843933,0.23280465602874756,0.3425164520740509,0.5873751640319824,0.2950642704963684
2877,1,00_Funk2-119-G_comp.jams,17337,3,3,2,2,True,regression,local_rates_favor_regression_for_all_groups,60,0,60,0,0.2556760013103485,0.3555202782154083,0.38880375027656555,0.6307291388511658,0.505378782749176,0.004633516073226929
2882,1,00_Funk2-119-G_comp.jams,33264,3,2,3,3,False,correction,mixed_by_complete_group,36,5,31,0,0.3038789629936218,0.3492928743362427,0.3468282222747803,0.3680555522441864,0.4759152829647064,0.047893404960632324
2951,1,00_Funk2-119-G_comp.jams,188809,6,3,2,2,False,neutral,mixed_by_complete_group,18,16,2,0,0.3325296640396118,0.2858094871044159,0.3816608488559723,0.5364583134651184,0.5066009759902954,0.2821405529975891
2967,1,00_Funk2-119-G_comp.jams,240323,4,2,2,3,False,neutral,mixed_by_complete_group,2,1,1,0,0.33430004119873047,0.3133147954940796,0.35238516330718994,0.21875,0.4980977177619934,0.0635915994644165
3033,1,00_Funk2-119-G_comp.jams,425021,1,2,3,3,False,neutral,mixed_by_complete_group,119,97,22,0,0.4094458818435669,0.3442971408367157,0.24625690281391144,0.25393906235694885,0.45536118745803833,0.1391914337873459
3055,1,00_Funk2-119-G_comp.jams,471061,0,2,3,3,False,neutral,mixed_by_complete_group,10,4,6,0,0.31223660707473755,0.33579105138778687,0.351972371339798,0.20000000298023224,0.5781509280204773,0.4458184540271759
3103,1,00_Funk2-119-G_comp.jams,596211,5,4,5,5,False,correction,mixed_by_complete_group,27,9,14,4,0.3011380434036255,0.30227410793304443,0.39658790826797485,0.3020833432674408,0.7118683457374573,0.06700249761343002
3136,1,00_Funk2-119-G_comp.jams,666516,5,3,4,4,False,neutral,local_rates_favor_correction_for_all_groups,9,9,0,0,0.43912917375564575,0.2706493139266968,0.29022151231765747,0.34375,0.4616137742996216,0.029638051986694336
3149,1,00_Funk2-119-G_comp.jams,705316,2,3,2,2,False,correction,mixed_by_complete_group,78,15,63,0,0.25229978561401367,0.27983036637306213,0.4678697884082794,0.3719951808452606,0.6164754033088684,0.0768589973449707
3179,1,00_Funk2-119-G_comp.jams,789675,4,4,4,5,False,regression,mixed_by_complete_group,67,59,8,0,0.31866616010665894,0.2505178451538086,0.43081599473953247,0.06739738583564758,0.6527087688446045,0.027841687202453613
3195,1,00_Funk2-119-G_comp.jams,822198,4,3,2,2,False,neutral,mixed_by_complete_group,107,92,15,0,0.3422502279281616,0.29327908158302307,0.3644706904888153,0.49926987290382385,0.5461974740028381,0.1607869267463684
3212,1,00_Funk2-119-G_comp.jams,855653,3,3,2,2,True,regression,mixed_by_complete_group,214,185,29,0,0.4067089259624481,0.29060766100883484,0.30268344283103943,0.4775116741657257,0.5206084251403809,0.348924845457077
3223,1,00_Funk2-119-G_comp.jams,883168,2,3,2,2,False,correction,mixed_by_complete_group,98,79,19,0,0.3234096169471741,0.2708674967288971,0.40572285652160645,0.29655611515045166,0.6594948768615723,0.30837133526802063
3247,1,00_Funk2-119-G_comp.jams,950692,5,4,5,5,False,correction,mixed_by_complete_group,45,16,24,5,0.24493908882141113,0.2387094497680664,0.5163514614105225,0.11909722536802292,0.4947878122329712,0.1744011789560318
3286,1,00_Funk2-119-G_comp.jams,1050827,5,3,2,2,False,neutral,local_rates_favor_regression_for_all_groups,1,0,1,0,0.34064120054244995,0.3655704855918884,0.2937883138656616,0.6875,0.5745210647583008,0.0543193519115448
3294,1,00_Funk2-119-G_comp.jams,1078548,2,3,4,4,False,neutral,mixed_by_complete_group,58,3,55,0,0.2876211404800415,0.4131704866886139,0.2992083728313446,0.24568966031074524,0.5117690563201904,0.3539961576461792
3301,1,00_Funk2-119-G_comp.jams,1094015,1,2,4,4,False,neutral,local_rates_favor_correction_for_all_groups,1,1,0,0,0.2958333194255829,0.16249999403953552,0.5416666865348816,0.0625,0.6543788313865662,0.3663819432258606
3302,1,00_Funk2-119-G_comp.jams,1095880,4,3,5,5,False,neutral,local_rates_favor_correction_for_all_groups,131,131,0,0,0.3070487678050995,0.08553306013345718,0.6074181795120239,0.12977099418640137,0.5263039469718933,0.172323077917099
3309,1,00_Funk2-119-G_comp.jams,1111583,5,2,4,4,False,neutral,mixed_by_complete_group,129,103,26,0,0.2760412395000458,0.18708428740501404,0.5368744730949402,0.10501453280448914,0.5516166687011719,0.5765193700790405
3318,1,00_Funk2-119-G_comp.jams,1129743,4,3,4,4,False,correction,mixed_by_complete_group,35,22,13,0,0.3058740198612213,0.30286017060279846,0.39126577973365784,0.3218750059604645,0.5170571804046631,0.023305580019950867
3340,1,00_Funk2-119-G_comp.jams,1185391,2,2,3,3,True,regression,mixed_by_complete_group,118,79,39,0,0.36760973930358887,0.3511878550052643,0.2812023460865021,0.2554290294647217,0.5434728860855103,0.07939136028289795
3346,1,00_Funk2-119-G_comp.jams,1199319,4,3,4,4,False,correction,mixed_by_complete_group,125,72,53,0,0.3332623839378357,0.2755134701728821,0.3912241458892822,0.2370000034570694,0.5251311659812927,0.22657912969589233
3352,1,00_Funk2-119-G_comp.jams,1211026,4,2,2,3,False,neutral,mixed_by_complete_group,78,61,17,0,0.378603458404541,0.32116979360580444,0.30022671818733215,0.24639423191547394,0.7603395581245422,0.08385017514228821
3363,1,00_Funk2-119-G_comp.jams,1233378,4,3,4,4,False,correction,mixed_by_complete_group,15,7,8,0,0.29314708709716797,0.2755184769630432,0.4313344359397888,0.19583334028720856,0.556861937046051,0.1805322766304016
3370,1,00_Funk2-119-G_comp.jams,1257124,4,4,3,3,True,regression,mixed_by_complete_group,108,48,60,0,0.3308081030845642,0.3348943293094635,0.3342975974082947,0.37109375,0.45325547456741333,0.2947430908679962
3376,1,00_Funk2-119-G_comp.jams,1275053,1,2,3,3,False,neutral,mixed_by_complete_group,86,83,3,0,0.3884033262729645,0.2873091995716095,0.3242875337600708,0.4714753031730652,0.48174911737442017,0.3757403790950775
3396,1,00_Funk2-119-G_comp.jams,1345550,4,4,3,3,True,regression,mixed_by_complete_group,14,8,6,0,0.385768860578537,0.3830060362815857,0.2312251180410385,0.4107142984867096,0.45029205083847046,0.42262744903564453
3641,1,00_Funk3-112-C#_comp.jams,172078,0,3,2,2,False,neutral,mixed_by_complete_group,58,9,49,0,0.22827614843845367,0.23945559561252594,0.532268226146698,0.8674569129943848,0.9618827700614929,0.4512360692024231
3646,1,00_Funk3-112-C#_comp.jams,190521,3,3,2,2,True,regression,local_rates_favor_correction_for_all_groups,14,14,0,0,0.4055536687374115,0.187004953622818,0.4074413776397705,0.3102678656578064,0.5496458411216736,0.14168491959571838
3736,1,00_Funk3-112-C#_comp.jams,424425,4,4,3,2,True,regression,mixed_by_complete_group,150,148,2,0,0.3381712734699249,0.13349658250808716,0.5283321142196655,0.13052083551883698,0.7333801984786987,0.16305436193943024
3762,1,00_Funk3-112-C#_comp.jams,502226,4,2,3,3,False,neutral,local_rates_favor_correction_for_all_groups,40,40,0,0,0.4188652038574219,0.32049962878227234,0.2606351971626282,0.15937499701976776,0.47809404134750366,0.47790154814720154
3771,1,00_Funk3-112-C#_comp.jams,519714,4,3,2,2,False,neutral,local_rates_favor_regression_for_all_groups,126,0,126,0,0.23583129048347473,0.40206703543663025,0.3621017634868622,0.5161210298538208,0.5641660690307617,0.3124517500400543
3790,1,00_Funk3-112-C#_comp.jams,560093,3,3,2,2,True,regression,mixed_by_complete_group,202,57,144,1,0.29511401057243347,0.30508318543434143,0.3998027741909027,0.29060953855514526,0.9377995133399963,0.07611165940761566
3818,1,00_Funk3-112-C#_comp.jams,620720,4,4,3,3,True,regression,mixed_by_complete_group,92,1,91,0,0.2769484221935272,0.37991753220558167,0.3431341350078583,0.8019701242446899,0.6634702682495117,0.08443465828895569
3833,1,00_Funk3-112-C#_comp.jams,657070,2,2,2,3,False,regression,local_rates_favor_regression_for_all_groups,1,0,1,0,0.22020438313484192,0.4011678695678711,0.378627747297287,0.203125,0.5346654653549194,0.06180855631828308
3856,1,00_Funk3-112-C#_comp.jams,719695,3,2,3,3,False,correction,mixed_by_complete_group,102,49,53,0,0.30352845788002014,0.30588769912719727,0.39058393239974976,0.20128676295280457,0.5355122685432434,0.10557922720909119
3860,1,00_Funk3-112-C#_comp.jams,727514,2,2,3,3,True,regression,local_rates_favor_regression_for_all_groups,2,0,2,0,0.2716815173625946,0.3115924596786499,0.4167260229587555,0.3359375,0.4864443838596344,0.13640636205673218
3880,1,00_Funk3-112-C#_comp.jams,773921,4,4,3,3,True,regression,local_rates_favor_correction_for_all_groups,144,144,0,0,0.4401344954967499,0.31996428966522217,0.23990117013454437,0.4963107705116272,0.8037424087524414,0.15210363268852234
3939,1,00_Funk3-112-C#_comp.jams,922195,4,4,3,3,True,regression,mixed_by_complete_group,145,138,7,0,0.3797767758369446,0.3032820522785187,0.31694120168685913,0.548275887966156,0.7559228539466858,0.19913935661315918
3955,1,00_Funk3-112-C#_comp.jams,964121,1,2,3,3,False,neutral,local_rates_favor_regression_for_all_groups,17,0,17,0,0.27557921409606934,0.3899683654308319,0.33445239067077637,0.0836397036910057,1.2852424383163452,0.3646954596042633
3968,1,00_Funk3-112-C#_comp.jams,991607,4,3,2,2,False,neutral,mixed_by_complete_group,112,1,111,0,0.2740319073200226,0.4395124018192291,0.2864556610584259,0.2559988796710968,0.49745336174964905,0.0298459529876709
3989,1,00_Funk3-112-C#_comp.jams,1050122,5,4,3,2,False,neutral,mixed_by_complete_group,133,117,16,0,0.315395325422287,0.2181171327829361,0.46648749709129333,0.09739191830158234,0.45863839983940125,0.262577623128891
4018,1,00_Funk3-112-C#_comp.jams,1110538,5,3,2,2,False,neutral,local_rates_favor_correction_for_all_groups,2,1,0,1,0.30424830317497253,0.2702864408493042,0.4254652261734009,0.1796875,0.5051859617233276,0.04500138759613037
4042,1,00_Funk3-112-C#_comp.jams,1181263,1,2,3,3,False,neutral,local_rates_favor_regression_for_all_groups,1,0,1,0,0.25352808833122253,0.4126640260219574,0.33380788564682007,0.25,0.5858598351478577,0.17471987009048462
4054,1,00_Funk3-112-C#_comp.jams,1211727,3,2,2,3,False,correction,local_rates_favor_regression_for_all_groups,10,0,10,0,0.3084653615951538,0.4245022237300873,0.2670324444770813,0.11249999701976776,0.7347801923751831,0.16621890664100647
4071,1,00_Funk3-112-C#_comp.jams,1263768,5,4,3,3,False,neutral,mixed_by_complete_group,128,127,1,0,0.4278668761253357,0.2971442639827728,0.2749888300895691,0.4404296875,0.6043905019760132,0.054898977279663086
4096,1,00_Funk3-112-C#_comp.jams,1322887,6,3,2,2,False,neutral,mixed_by_complete_group,120,25,95,0,0.31337711215019226,0.3504960238933563,0.33612683415412903,0.48046875,0.47976067662239075,0.0888994038105011
4106,1,00_Funk3-112-C#_comp.jams,1344799,5,3,4,4,False,neutral,mixed_by_complete_group,62,50,12,0,0.39133524894714355,0.3477129340171814,0.26095178723335266,0.22051411867141724,0.5988532304763794,0.04401436448097229
4127,1,00_Funk3-112-C#_comp.jams,1399611,4,4,3,3,True,regression,local_rates_favor_correction_for_all_groups,197,197,0,0,0.4744237959384918,0.31180834770202637,0.213767871260643,0.5375158786773682,1.0116500854492188,0.6437783241271973
4141,1,00_Funk3-112-C#_comp.jams,1453860,5,2,3,3,False,neutral,mixed_by_complete_group,126,119,7,0,0.3866547644138336,0.29556334018707275,0.317781925201416,0.2622767984867096,0.5483497381210327,0.2839345932006836
4155,1,00_Funk3-112-C#_comp.jams,1489106,5,2,3,3,False,neutral,mixed_by_complete_group,68,46,22,0,0.3680228590965271,0.32802337408065796,0.3039538264274597,0.21530330181121826,0.5652168989181519,0.3484615981578827
4159,1,00_Funk3-112-C#_comp.jams,1500589,4,3,2,2,False,neutral,mixed_by_complete_group,67,2,65,0,0.21979597210884094,0.2540779411792755,0.5261261463165283,0.7961753606796265,0.8972616195678711,0.10431112349033356
4351,1,00_Funk3-112-C#_solo.jams,1477551,2,3,2,2,False,correction,local_rates_favor_correction_for_all_groups,223,223,0,0,0.38586148619651794,0.21284621953964233,0.40129226446151733,0.5344731211662292,0.7982519865036011,0.07027873396873474
15751,1,00_SS3-98-C_comp.jams,49349,1,3,2,2,False,neutral,mixed_by_complete_group,180,169,11,0,0.3031521439552307,0.22579070925712585,0.47105711698532104,0.46302083134651184,0.7712783217430115,0.7468452453613281
15758,1,00_SS3-98-C_comp.jams,68724,3,2,2,3,False,correction,local_rates_favor_regression_for_all_groups,7,0,7,0,0.19875529408454895,0.29804542660713196,0.5031992197036743,0.2209821492433548,0.624535858631134,0.16926351189613342
15931,1,00_SS3-98-C_comp.jams,498861,1,3,2,2,False,neutral,local_rates_favor_regression_for_all_groups,124,0,124,0,0.18675076961517334,0.3686254918575287,0.444623738527298,0.5191532373428345,0.5592679381370544,0.1739530861377716
15972,1,00_SS3-98-C_comp.jams,607196,1,3,2,2,False,neutral,mixed_by_complete_group,179,13,166,0,0.2099466323852539,0.3556613028049469,0.4343920648097992,0.42632681131362915,0.6006035208702087,0.06864969432353973
16111,1,00_SS3-98-C_comp.jams,986042,3,3,4,4,True,regression,local_rates_favor_regression_for_all_groups,1,0,1,0,0.23989218473434448,0.34770888090133667,0.41239893436431885,0.140625,0.4386437237262726,0.11490339040756226
16254,1,00_SS3-98-C_comp.jams,1362820,2,3,2,2,False,correction,mixed_by_complete_group,104,21,82,1,0.2854517102241516,0.2991297245025635,0.4154185652732849,0.5172776579856873,0.5396250486373901,0.041210487484931946
16338,1,00_SS3-98-C_comp.jams,1579519,2,3,2,2,False,correction,mixed_by_complete_group,77,71,6,0,0.2896353602409363,0.22318525612354279,0.48717939853668213,0.38676947355270386,0.48665446043014526,0.31248506903648376
16482,1,00_SS3-98-C_solo.jams,621149,2,2,3,3,True,regression,local_rates_favor_regression_for_all_groups,61,0,61,0,0.33895960450172424,0.44216811656951904,0.21887220442295074,0.2745901644229889,0.5196943879127502,0.28989702463150024
16546,1,00_SS3-98-C_solo.jams,795286,3,2,2,3,False,correction,local_rates_favor_regression_for_all_groups,2,0,2,0,0.1491967737674713,0.43271464109420776,0.4180885851383209,0.3984375,0.38963747024536133,0.08048886060714722
16554,1,00_SS3-98-C_solo.jams,864207,3,3,2,2,True,regression,mixed_by_complete_group,8,5,3,0,0.3593350946903229,0.3487362265586853,0.2919287085533142,0.24609375,0.5530703067779541,0.28215184807777405
16577,1,00_SS3-98-C_solo.jams,918350,3,2,4,4,False,neutral,local_rates_favor_correction_for_all_groups,15,15,0,0,0.309603750705719,0.20628780126571655,0.48410844802856445,0.16458334028720856,0.5290938019752502,0.2337932288646698
16620,1,00_SS3-98-C_solo.jams,1013824,2,3,2,2,False,correction,mixed_by_complete_group,138,26,111,1,0.2894969582557678,0.3288450539112091,0.38165798783302307,0.307744562625885,0.5304085612297058,0.5064045190811157
16653,1,00_SS3-98-C_solo.jams,1094044,2,3,2,2,False,correction,mixed_by_complete_group,179,17,162,0,0.23774826526641846,0.325669527053833,0.43658217787742615,0.428334504365921,0.5899028182029724,0.08958904445171356
16711,1,00_SS3-98-C_solo.jams,1297222,1,2,3,3,False,neutral,local_rates_favor_regression_for_all_groups,1,0,1,0,0.17876440286636353,0.30981752276420593,0.5114181041717529,0.34375,0.453704833984375,0.303399920463562
16725,1,00_SS3-98-C_solo.jams,1330110,1,3,2,2,False,neutral,mixed_by_complete_group,153,54,98,1,0.2919435203075409,0.293890118598938,0.4141663610935211,0.5027573704719543,0.5788992047309875,0.2558032274246216
16789,1,00_SS3-98-C_solo.jams,1546579,1,4,3,3,False,neutral,mixed_by_complete_group,97,91,6,0,0.43264785408973694,0.32294318079948425,0.2444089651107788,0.4022229313850403,0.5892859101295471,0.04549531638622284
17764,1,01_BN3-154-E_comp.jams,1787,1,2,3,3,False,neutral,mixed_by_complete_group,9,1,8,0,0.29608872532844543,0.40429091453552246,0.2996203899383545,0.2083333283662796,0.6431079506874084,0.07264584302902222
17785,1,01_BN3-154-E_comp.jams,96391,3,4,3,3,False,correction,mixed_by_complete_group,77,75,2,0,0.4434565305709839,0.3628360331058502,0.1937074363231659,0.6089691519737244,0.4742322266101837,0.004024684429168701
17811,1,01_BN3-154-E_comp.jams,189137,2,2,3,3,True,regression,local_rates_favor_regression_for_all_groups,1,0,1,0,0.14958541095256805,0.3079602122306824,0.5424544215202332,0.28125,0.9741448163986206,0.21679681539535522
17837,1,01_BN3-154-E_comp.jams,301475,4,4,3,3,True,regression,local_rates_favor_regression_for_all_groups,127,0,127,0,0.2963746190071106,0.46813544631004333,0.23548993468284607,0.5974409580230713,0.45674368739128113,0.02277514338493347
17875,1,01_BN3-154-E_comp.jams,438378,2,2,3,3,True,regression,mixed_by_complete_group,98,84,14,0,0.45304200053215027,0.3837769627571106,0.16318108141422272,0.31154337525367737,0.6974955797195435,0.054430246353149414
17968,1,01_BN3-154-E_comp.jams,739428,3,2,3,3,False,correction,mixed_by_complete_group,3,2,1,0,0.36992695927619934,0.34635481238365173,0.28371819853782654,0.28125,0.550427258014679,0.10051381587982178
18019,1,01_BN3-154-E_comp.jams,937160,3,3,3,2,False,regression,mixed_by_complete_group,179,160,19,0,0.3976406455039978,0.2982328236103058,0.3041265904903412,0.5025314092636108,0.5685033798217773,0.07396727800369263
18045,1,01_BN3-154-E_comp.jams,1012884,4,2,3,3,False,neutral,mixed_by_complete_group,54,6,48,0,0.32748091220855713,0.39468732476234436,0.27783170342445374,0.3298611044883728,0.5178025364875793,0.10992637276649475
18053,1,01_BN3-154-E_comp.jams,1048402,3,4,3,3,False,correction,local_rates_favor_correction_for_all_groups,145,145,0,0,0.4512105882167816,0.31542617082595825,0.2333632856607437,0.5153017044067383,0.5414381623268127,0.1939997375011444
19465,1,01_Funk2-119-G_comp.jams,11327,2,4,3,3,False,neutral,mixed_by_complete_group,213,169,44,0,0.4280970096588135,0.3054196834564209,0.266483336687088,0.5341842770576477,0.7957106232643127,0.11649498343467712
19470,1,01_Funk2-119-G_comp.jams,30034,0,2,3,3,False,neutral,local_rates_favor_correction_for_all_groups,1,1,0,0,0.24963417649269104,0.21290606260299683,0.5374597311019897,0.34375,0.7808703184127808,0.014095045626163483
19486,1,01_Funk2-119-G_comp.jams,100135,2,4,2,2,False,correction,local_rates_favor_correction_for_all_groups,1,1,0,0,0.2540377676486969,0.17218723893165588,0.5737749934196472,0.21875,1.0916059017181396,0.4402979016304016
19505,1,01_Funk2-119-G_comp.jams,167490,1,2,3,3,False,neutral,mixed_by_complete_group,176,74,97,5,0.4009432792663574,0.400431364774704,0.198625385761261,0.3302556872367859,0.5902423858642578,0.2565901577472687
19528,1,01_Funk2-119-G_comp.jams,255972,3,4,3,3,False,correction,mixed_by_complete_group,71,39,32,0,0.3834197521209717,0.362962543964386,0.25361764430999756,0.4537852108478546,0.9215429425239563,0.38945096731185913
19700,1,01_Funk2-119-G_comp.jams,951678,2,4,2,2,False,correction,mixed_by_complete_group,141,140,1,0,0.297525018453598,0.09369909763336182,0.6087759137153625,0.166223406791687,1.1130657196044922,0.08430259674787521
19710,1,01_Funk2-119-G_comp.jams,979359,3,4,2,2,False,neutral,mixed_by_complete_group,243,237,6,0,0.39376917481422424,0.26633450388908386,0.3398963212966919,0.43692129850387573,0.7978843450546265,0.8849959373474121
19721,1,01_Funk2-119-G_comp.jams,1040061,3,4,3,3,False,correction,mixed_by_complete_group,186,185,1,0,0.43616896867752075,0.29765135049819946,0.2661796510219574,0.5165490508079529,0.9598438143730164,0.20039579272270203
19729,1,01_Funk2-119-G_comp.jams,1067806,3,4,3,3,False,correction,local_rates_favor_correction_for_all_groups,205,205,0,0,0.4643043577671051,0.28668835759162903,0.24900728464126587,0.5169207453727722,1.4967538118362427,0.08932146430015564
19776,1,01_Funk2-119-G_comp.jams,1245279,2,4,2,2,False,correction,mixed_by_complete_group,225,212,13,0,0.2858734726905823,0.15084204077720642,0.5632845163345337,0.17402777075767517,0.9814682602882385,0.4065556526184082
19791,1,01_Funk2-119-G_comp.jams,1329194,3,3,2,2,True,regression,mixed_by_complete_group,127,118,9,0,0.34679722785949707,0.289941668510437,0.36326107382774353,0.5051673054695129,0.7481850385665894,0.4013214707374573
19811,1,01_Funk2-119-G_comp.jams,1417215,3,4,3,3,False,correction,mixed_by_complete_group,124,64,60,0,0.37596839666366577,0.377275288105011,0.24675630033016205,0.6547378897666931,0.6992336511611938,0.20921935141086578
20041,1,01_Funk3-112-C#_comp.jams,117628,3,2,4,4,False,neutral,mixed_by_complete_group,47,28,17,2,0.26473096013069153,0.23648841679096222,0.49878060817718506,0.042220745235681534,0.6107013821601868,0.299913227558136
20044,1,01_Funk3-112-C#_comp.jams,141513,2,2,4,4,True,regression,mixed_by_complete_group,128,53,74,1,0.25882261991500854,0.2765199840068817,0.46465742588043213,0.13330078125,0.6557623147964478,0.07561475038528442
20058,1,01_Funk3-112-C#_comp.jams,177424,3,2,3,3,False,correction,mixed_by_complete_group,149,29,120,0,0.3742847740650177,0.42002421617507935,0.20569102466106415,0.49517616629600525,0.6387179493904114,0.0657394528388977
20095,1,01_Funk3-112-C#_comp.jams,347919,2,3,2,2,False,correction,mixed_by_complete_group,18,13,5,0,0.3419097065925598,0.29221323132514954,0.36587703227996826,0.3784722089767456,0.6996104121208191,0.13974009454250336
20104,1,01_Funk3-112-C#_comp.jams,378217,2,2,2,3,False,regression,mixed_by_complete_group,3,2,1,0,0.38667067885398865,0.3457402288913727,0.2675890624523163,0.3541666567325592,0.7931351065635681,0.07238908112049103
20109,1,01_Funk3-112-C#_comp.jams,402524,3,2,3,3,False,correction,local_rates_favor_regression_for_all_groups,127,0,127,0,0.259152352809906,0.49637383222579956,0.24447384476661682,0.40366634726524353,0.7036097645759583,0.004074454307556152
20123,1,01_Funk3-112-C#_comp.jams,496140,3,2,4,4,False,neutral,mixed_by_complete_group,140,93,42,5,0.3092770576477051,0.23148269951343536,0.45924028754234314,0.04542410746216774,0.6531641483306885,0.38371986150741577
20133,1,01_Funk3-112-C#_comp.jams,531578,2,3,2,2,False,correction,mixed_by_complete_group,169,26,143,0,0.24622958898544312,0.3040468990802765,0.4497234523296356,0.5058246850967407,0.8172627091407776,0.5500640869140625
20139,1,01_Funk3-112-C#_comp.jams,544742,0,3,2,2,False,neutral,mixed_by_complete_group,210,47,163,0,0.23169225454330444,0.2513478100299835,0.5169599056243896,0.4244791567325592,0.7772868275642395,0.5128694176673889
20159,1,01_Funk3-112-C#_comp.jams,661604,2,4,3,3,False,neutral,local_rates_favor_correction_for_all_groups,195,195,0,0,0.46931520104408264,0.2627483010292053,0.26793646812438965,0.48124998807907104,0.6388243436813354,0.6290995478630066
20192,1,01_Funk3-112-C#_comp.jams,821602,3,4,3,3,False,correction,mixed_by_complete_group,183,113,69,1,0.47203660011291504,0.3722088038921356,0.15575456619262695,0.41222676634788513,0.7099424004554749,0.3763439655303955
20211,1,01_Funk3-112-C#_comp.jams,898272,3,2,4,4,False,neutral,mixed_by_complete_group,50,13,37,0,0.2498825490474701,0.3013905882835388,0.4487268328666687,0.06531249731779099,0.6274013519287109,0.13801789283752441
20214,1,01_Funk3-112-C#_comp.jams,903826,2,2,2,3,False,regression,local_rates_favor_regression_for_all_groups,1,0,1,0,0.25411611795425415,0.35644134879112244,0.3894425332546234,0.1875,0.7363356351852417,0.17713023722171783
20255,1,01_Funk3-112-C#_comp.jams,1051487,3,2,3,3,False,correction,mixed_by_complete_group,127,92,35,0,0.40280863642692566,0.3809114396572113,0.21627995371818542,0.39259350299835205,0.769180417060852,0.2321682572364807
20264,1,01_Funk3-112-C#_comp.jams,1086913,3,2,4,4,False,neutral,mixed_by_complete_group,53,6,47,0,0.16609519720077515,0.33788469433784485,0.4960200786590576,0.0866745263338089,0.743996262550354,0.1247706413269043
20273,1,01_Funk3-112-C#_comp.jams,1105739,3,4,3,3,False,correction,mixed_by_complete_group,182,140,42,0,0.4542539119720459,0.35532572865486145,0.19042029976844788,0.4107142984867096,0.8029733300209045,0.554746150970459
20279,1,01_Funk3-112-C#_comp.jams,1122659,3,2,3,3,False,correction,mixed_by_complete_group,44,30,14,0,0.3754933178424835,0.3461862802505493,0.27832043170928955,0.21946023404598236,0.6761810183525085,0.4375995397567749
20296,1,01_Funk3-112-C#_comp.jams,1198205,2,3,2,2,False,correction,local_rates_favor_correction_for_all_groups,29,29,0,0,0.4653416574001312,0.14058926701545715,0.3940690755844116,0.20635776221752167,0.6934196352958679,0.6293861269950867
20300,1,01_Funk3-112-C#_comp.jams,1222984,2,3,2,2,False,correction,mixed_by_complete_group,174,129,45,0,0.3166343569755554,0.29011788964271545,0.3932478129863739,0.3713182508945465,0.8933764696121216,0.506151556968689
20306,1,01_Funk3-112-C#_comp.jams,1252258,3,2,3,3,False,correction,mixed_by_complete_group,88,1,86,1,0.27604418992996216,0.47067248821258545,0.2532833516597748,0.3238636255264282,0.7875064611434937,0.1118299663066864
20321,1,01_Funk3-112-C#_comp.jams,1299884,3,3,2,2,True,regression,mixed_by_complete_group,26,3,23,0,0.18450142443180084,0.22384993731975555,0.5916486382484436,0.6081730723381042,0.4919891059398651,0.04749864339828491
20324,1,01_Funk3-112-C#_comp.jams,1305704,1,3,2,2,False,neutral,mixed_by_complete_group,128,127,1,0,0.3903355002403259,0.2160455584526062,0.3936189115047455,0.5201416015625,0.6242624521255493,0.515838086605072
20345,1,01_Funk3-112-C#_comp.jams,1388564,3,4,3,3,False,correction,mixed_by_complete_group,218,154,63,1,0.4761418104171753,0.32354092597961426,0.20031727850437164,0.36324542760849,0.8646586537361145,0.4798325002193451
20349,1,01_Funk3-112-C#_comp.jams,1406296,2,3,2,2,False,correction,mixed_by_complete_group,228,118,108,2,0.25859835743904114,0.24210548400878906,0.4992961585521698,0.3412143588066101,0.9624643921852112,0.8550255298614502
20358,1,01_Funk3-112-C#_comp.jams,1465207,3,3,2,2,True,regression,local_rates_favor_regression_for_all_groups,1,0,1,0,0.22781457006931305,0.3977924883365631,0.37439292669296265,0.28125,0.613501250743866,0.069029301404953
20367,1,01_Funk3-112-C#_comp.jams,1506158,2,4,3,3,False,neutral,mixed_by_complete_group,108,70,38,0,0.35199618339538574,0.33552005887031555,0.3124837577342987,0.7016782164573669,0.7885336875915527,0.1814236044883728
31390,1,01_SS3-98-C_comp.jams,34509,2,2,3,3,True,regression,local_rates_favor_regression_for_all_groups,1,0,1,0,0.2381996065378189,0.33984094858169556,0.42195942997932434,0.34375,0.45025908946990967,0.38551753759384155
31393,1,01_SS3-98-C_comp.jams,40983,2,3,2,2,False,correction,local_rates_favor_regression_for_all_groups,117,0,117,0,0.20498281717300415,0.35783153772354126,0.437185674905777,0.6104433536529541,0.5188183784484863,0.21169427037239075
31406,1,01_SS3-98-C_comp.jams,69224,2,3,4,2,False,correction,local_rates_favor_regression_for_all_groups,4,0,4,0,0.24797898530960083,0.2834485173225403,0.4685724675655365,0.49609375,0.4782749116420746,0.2972727119922638
31454,1,01_SS3-98-C_comp.jams,170122,2,2,4,4,True,regression,mixed_by_complete_group,4,3,1,0,0.22352740168571472,0.1942283660173416,0.5822442173957825,0.11328125,0.569189190864563,0.6409707069396973
31458,1,01_SS3-98-C_comp.jams,183578,2,3,2,2,False,correction,mixed_by_complete_group,88,77,11,0,0.30772775411605835,0.2366762012243271,0.45559605956077576,0.46555396914482117,0.5637426972389221,0.4956214725971222
31470,1,01_SS3-98-C_comp.jams,210014,1,3,2,2,False,neutral,mixed_by_complete_group,14,10,4,0,0.2774597406387329,0.24340195953845978,0.4791383147239685,0.4654017984867096,0.6302715539932251,0.20407730340957642
31479,1,01_SS3-98-C_comp.jams,232147,1,3,2,2,False,neutral,mixed_by_complete_group,114,54,60,0,0.2861142158508301,0.2889806032180786,0.4249052107334137,0.3765076696872711,0.6219754219055176,0.2076362520456314
31482,1,01_SS3-98-C_comp.jams,238566,2,3,2,2,False,correction,mixed_by_complete_group,122,54,68,0,0.2879544794559479,0.2974158823490143,0.41462966799736023,0.3863985538482666,0.5220049023628235,0.31570422649383545
31487,1,01_SS3-98-C_comp.jams,249663,1,3,2,2,False,neutral,mixed_by_complete_group,130,128,2,0,0.34287187457084656,0.25378477573394775,0.4033433794975281,0.5861778855323792,0.690983772277832,0.46777069568634033
31488,1,01_SS3-98-C_comp.jams,251545,1,2,3,3,False,neutral,local_rates_favor_regression_for_all_groups,2,0,2,0,0.30833837389945984,0.35433077812194824,0.3373308479785919,0.296875,0.6327809691429138,0.27487820386886597
31490,1,01_SS3-98-C_comp.jams,256098,2,3,2,2,False,correction,local_rates_favor_correction_for_all_groups,71,71,0,0,0.33664020895957947,0.21921990811824799,0.44413989782333374,0.5024207830429077,0.5948761701583862,0.3591897487640381
31494,1,01_SS3-98-C_comp.jams,264404,2,2,2,3,False,regression,local_rates_favor_regression_for_all_groups,1,0,1,0,0.2218370884656906,0.2985810339450836,0.47958189249038696,0.3125,0.44898489117622375,0.008564800024032593
31497,1,01_SS3-98-C_comp.jams,271694,1,3,2,2,False,neutral,mixed_by_complete_group,117,114,3,0,0.34128203988075256,0.2246875911951065,0.4340303838253021,0.513488233089447,0.5841604471206665,0.10608223080635071
31503,1,01_SS3-98-C_comp.jams,284113,1,4,4,3,False,neutral,local_rates_favor_regression_for_all_groups,14,0,14,0,0.2931181490421295,0.3438114523887634,0.36307039856910706,0.2600446343421936,0.5018976926803589,0.11871877312660217
31507,1,01_SS3-98-C_comp.jams,291732,2,3,4,4,False,neutral,local_rates_favor_regression_for_all_groups,1,0,1,0,0.25974026322364807,0.29725828766822815,0.4430014491081238,0.328125,0.5504977107048035,0.2749025225639343
31510,1,01_SS3-98-C_comp.jams,297624,2,3,2,2,False,correction,mixed_by_complete_group,100,85,15,0,0.3256656527519226,0.26915398240089417,0.4051803648471832,0.5440624952316284,0.5436049103736877,0.4357296824455261
31518,1,01_SS3-98-C_comp.jams,317882,4,4,5,5,True,regression,local_rates_favor_correction_for_all_groups,1,1,0,0,0.273333340883255,0.20999999344348907,0.5166666507720947,0.125,0.46831727027893066,0.3662354052066803
31557,1,01_SS3-98-C_comp.jams,400436,2,3,2,2,False,correction,mixed_by_complete_group,176,165,11,0,0.29643747210502625,0.21953803300857544,0.4840245544910431,0.4556107819080353,0.5672935247421265,0.32928258180618286
31568,1,01_SS3-98-C_comp.jams,425644,1,3,2,2,False,neutral,local_rates_favor_correction_for_all_groups,84,84,0,0,0.32065868377685547,0.2060519903898239,0.47328922152519226,0.4215029776096344,0.5275841355323792,0.12210091948509216
31603,1,01_SS3-98-C_comp.jams,499632,1,2,4,4,False,neutral,mixed_by_complete_group,50,27,22,1,0.22525180876255035,0.1835078001022339,0.591240406036377,0.09406249970197678,0.43422892689704895,0.07173432409763336
31613,1,01_SS3-98-C_comp.jams,519785,3,2,3,3,False,correction,mixed_by_complete_group,10,4,6,0,0.28552985191345215,0.29731425642967224,0.4171558916568756,0.18281249701976776,0.5279348492622375,0.4990577697753906
31627,1,01_SS3-98-C_comp.jams,548744,2,2,2,3,False,regression,mixed_by_complete_group,4,1,3,0,0.2809702455997467,0.32784318923950195,0.39118653535842896,0.08984375,0.5973259806632996,0.10378095507621765
31645,1,01_SS3-98-C_comp.jams,588693,2,3,2,2,False,correction,mixed_by_complete_group,71,44,27,0,0.3122754395008087,0.2923787832260132,0.3953457772731781,0.5429137349128723,0.5231263637542725,0.25481629371643066
31656,1,01_SS3-98-C_comp.jams,616022,2,3,2,2,False,correction,local_rates_favor_correction_for_all_groups,84,84,0,0,0.3570449650287628,0.2176886349916458,0.4252663552761078,0.3936011791229248,0.5244015455245972,0.11812043190002441
31659,1,01_SS3-98-C_comp.jams,622690,1,3,2,2,False,neutral,mixed_by_complete_group,40,39,1,0,0.3203994035720825,0.2056473046541214,0.4739533066749573,0.616015613079071,0.6305583715438843,0.3679576814174652
31662,1,01_SS3-98-C_comp.jams,629986,3,2,3,3,False,correction,mixed_by_complete_group,112,80,32,0,0.3270706534385681,0.29714345932006836,0.3757858872413635,0.22265625,0.48539748787879944,0.11607712507247925
31670,1,01_SS3-98-C_comp.jams,649341,3,3,2,2,True,regression,mixed_by_complete_group,131,130,1,0,0.33552151918411255,0.2351464033126831,0.42933210730552673,0.418296754360199,0.6499590873718262,0.2520059049129486
31676,1,01_SS3-98-C_comp.jams,661249,2,2,3,3,True,regression,mixed_by_complete_group,10,2,8,0,0.2620913088321686,0.28772908449172974,0.4501795768737793,0.23281249403953552,0.5001870393753052,0.03943342715501785
31680,1,01_SS3-98-C_comp.jams,669295,2,2,4,4,True,regression,local_rates_favor_regression_for_all_groups,3,0,3,0,0.14879421889781952,0.22859889268875122,0.6226068735122681,0.1145833358168602,0.48461493849754333,0.029585979878902435
31686,1,01_SS3-98-C_comp.jams,681353,2,2,3,3,True,regression,local_rates_favor_regression_for_all_groups,1,0,1,0,0.32201868295669556,0.3376448452472687,0.3403364419937134,0.203125,0.6683164238929749,0.3258172571659088
31693,1,01_SS3-98-C_comp.jams,695405,2,2,2,3,False,regression,mixed_by_complete_group,67,6,61,0,0.28003594279289246,0.342354416847229,0.37760964035987854,0.1284981369972229,0.4301452934741974,0.05695448815822601
31697,1,01_SS3-98-C_comp.jams,703122,3,2,2,4,False,neutral,mixed_by_complete_group,35,27,8,0,0.24764452874660492,0.16804620623588562,0.5843092203140259,0.08169642835855484,0.42552047967910767,0.09643334150314331
31700,1,01_SS3-98-C_comp.jams,709133,2,2,3,3,True,regression,local_rates_favor_regression_for_all_groups,8,0,8,0,0.1792718917131424,0.34678101539611816,0.47394707798957825,0.279296875,0.4776286780834198,0.16910846531391144
31707,1,01_SS3-98-C_comp.jams,723161,3,3,2,2,True,regression,mixed_by_complete_group,5,1,4,0,0.24704761803150177,0.2659699618816376,0.48698243498802185,0.6031249761581421,0.5523335337638855,0.09934616833925247
31719,1,01_SS3-98-C_comp.jams,750541,3,3,2,2,True,regression,local_rates_favor_regression_for_all_groups,6,0,6,0,0.1763322502374649,0.2720326781272888,0.5516350269317627,0.3541666567325592,0.5302519798278809,0.2936517596244812
31728,1,01_SS3-98-C_comp.jams,769985,2,2,2,3,False,regression,local_rates_favor_regression_for_all_groups,4,0,4,0,0.19341732561588287,0.3203999102115631,0.4861827492713928,0.2890625,0.5102939009666443,0.08023104816675186
31734,1,01_SS3-98-C_comp.jams,790717,1,3,2,2,False,neutral,mixed_by_complete_group,41,20,21,0,0.2581162750720978,0.2696918845176697,0.47219178080558777,0.3010670840740204,0.49870193004608154,0.24417531490325928
31740,1,01_SS3-98-C_comp.jams,803907,2,3,4,2,False,correction,mixed_by_complete_group,5,2,3,0,0.190667062997818,0.19373638927936554,0.6155965328216553,0.45625001192092896,0.6295799016952515,0.09806013107299805
31748,1,01_SS3-98-C_comp.jams,824824,3,2,2,3,False,correction,mixed_by_complete_group,11,1,10,0,0.32811400294303894,0.3759431540966034,0.29594287276268005,0.3792613744735718,0.4556369483470917,0.06492000818252563
31759,1,01_SS3-98-C_comp.jams,846092,3,2,4,4,False,neutral,mixed_by_complete_group,7,4,3,0,0.25913649797439575,0.2188938558101654,0.5219696164131165,0.0915178582072258,0.5435977578163147,0.3572399616241455
31760,1,01_SS3-98-C_comp.jams,853002,3,3,2,2,True,regression,mixed_by_complete_group,40,38,2,0,0.30899766087532043,0.24633917212486267,0.4446631371974945,0.555468738079071,0.565663754940033,0.23907718062400818
31763,1,01_SS3-98-C_comp.jams,859345,2,4,3,3,False,neutral,mixed_by_complete_group,108,9,99,0,0.26833757758140564,0.33843541145324707,0.3932269811630249,0.35648149251937866,0.8034610152244568,0.08565929532051086
31766,1,01_SS3-98-C_comp.jams,866022,3,4,3,3,False,correction,mixed_by_complete_group,17,15,2,0,0.3582855463027954,0.3223763406276703,0.3193381130695343,0.4172794222831726,0.5442062616348267,0.36983388662338257
31781,1,01_SS3-98-C_comp.jams,898219,2,3,2,2,False,correction,mixed_by_complete_group,98,1,97,0,0.2466140240430832,0.3403899669647217,0.4129960238933563,0.4102359712123871,0.4788554906845093,0.04953920841217041
31792,1,01_SS3-98-C_comp.jams,920029,3,3,3,2,False,regression,mixed_by_complete_group,121,5,116,0,0.2185007482767105,0.2938206195831299,0.487678587436676,0.55849689245224,0.5214839577674866,0.02912774682044983
31828,1,01_SS3-98-C_comp.jams,994124,1,3,2,2,False,neutral,mixed_by_complete_group,184,16,168,0,0.2358054518699646,0.28894296288490295,0.47525161504745483,0.4739300310611725,0.5591143369674683,0.2316485196352005
31830,1,01_SS3-98-C_comp.jams,1005900,2,3,3,2,False,correction,local_rates_favor_regression_for_all_groups,3,0,3,0,0.20079636573791504,0.2989925444126129,0.5002110600471497,0.3489583432674408,0.4995327889919281,0.04984845221042633
31832,1,01_SS3-98-C_comp.jams,1013750,1,3,2,2,False,neutral,mixed_by_complete_group,92,88,4,0,0.2872762680053711,0.22987619042396545,0.48284754157066345,0.51392662525177,0.5622715950012207,0.026490584015846252
31840,1,01_SS3-98-C_comp.jams,1034286,1,3,4,4,False,neutral,mixed_by_complete_group,5,3,2,0,0.2879108190536499,0.28032931685447693,0.43175989389419556,0.28437501192092896,0.5928366780281067,0.15063026547431946
31843,1,01_SS3-98-C_comp.jams,1041413,1,3,2,2,False,neutral,mixed_by_complete_group,64,53,11,0,0.31490641832351685,0.27140146493911743,0.4136921167373657,0.47021484375,0.5273032784461975,0.2962180972099304
31851,1,01_SS3-98-C_comp.jams,1061563,3,3,4,4,True,regression,local_rates_favor_regression_for_all_groups,4,0,4,0,0.24187541007995605,0.3081943988800049,0.4499301612377167,0.33203125,0.5359666347503662,0.17278754711151123
31858,1,01_SS3-98-C_comp.jams,1075319,2,2,4,4,True,regression,mixed_by_complete_group,26,20,6,0,0.23416811227798462,0.1799679547548294,0.5858639478683472,0.06850961595773697,0.46111491322517395,0.16468529403209686
31868,1,01_SS3-98-C_comp.jams,1096332,0,2,3,3,False,neutral,mixed_by_complete_group,60,16,44,0,0.3267591595649719,0.3743218779563904,0.2989189028739929,0.20468750596046448,0.7168171405792236,0.5871516466140747
31888,1,01_SS3-98-C_comp.jams,1140925,1,2,3,3,False,neutral,mixed_by_complete_group,31,3,28,0,0.2412000149488449,0.3586507737636566,0.4001491963863373,0.21622984111309052,0.4322042465209961,0.14405232667922974
31891,1,01_SS3-98-C_comp.jams,1147266,1,2,3,3,False,neutral,mixed_by_complete_group,16,13,3,0,0.2901785671710968,0.2746610641479492,0.4351603388786316,0.259765625,0.4306580722332001,0.26239997148513794
31895,1,01_SS3-98-C_comp.jams,1156023,2,3,2,2,False,correction,mixed_by_complete_group,56,52,4,0,0.32018932700157166,0.26421794295310974,0.41559267044067383,0.3459821343421936,0.47422078251838684,0.2676805853843689
31900,1,01_SS3-98-C_comp.jams,1168846,1,2,4,3,False,neutral,mixed_by_complete_group,91,53,38,0,0.3233438730239868,0.31440573930740356,0.36225035786628723,0.1116071417927742,0.4639449119567871,0.03513960540294647
31906,1,01_SS3-98-C_comp.jams,1181950,3,3,3,2,False,regression,mixed_by_complete_group,12,11,1,0,0.27439042925834656,0.1794450432062149,0.5461645126342773,0.3072916567325592,0.5465531349182129,0.1861104667186737
31908,1,01_SS3-98-C_comp.jams,1187295,0,3,2,2,False,neutral,mixed_by_complete_group,210,199,11,0,0.26515236496925354,0.17945730686187744,0.5553903579711914,0.3880208432674408,0.7520779371261597,0.47877389192581177
31918,1,01_SS3-98-C_comp.jams,1209181,2,3,4,4,False,neutral,mixed_by_complete_group,41,19,22,0,0.28930020332336426,0.2975323498249054,0.41316747665405273,0.30868902802467346,0.6183344721794128,0.034501880407333374
31924,1,01_SS3-98-C_comp.jams,1222069,2,2,3,3,True,regression,local_rates_favor_regression_for_all_groups,2,0,2,0,0.22544199228286743,0.30772507190704346,0.4668329358100891,0.2421875,0.5582690834999084,0.2302255928516388
31936,1,01_SS3-98-C_comp.jams,1248949,1,2,4,4,False,neutral,mixed_by_complete_group,38,22,16,0,0.22711455821990967,0.19125743210315704,0.5816280245780945,0.08305921405553818,0.511868953704834,0.47592899203300476
31949,1,01_SS3-98-C_comp.jams,1277358,2,3,2,4,False,neutral,mixed_by_complete_group,52,21,31,0,0.2875688374042511,0.2981955111026764,0.4142356514930725,0.28004807233810425,0.5471128225326538,0.02164626121520996
31955,1,01_SS3-98-C_comp.jams,1289994,2,3,4,4,False,neutral,mixed_by_complete_group,6,5,1,0,0.3572165071964264,0.3114534318447113,0.3313300609588623,0.2265625,0.6135587096214294,0.030566781759262085
31958,1,01_SS3-98-C_comp.jams,1297740,3,3,2,2,True,regression,mixed_by_complete_group,128,45,81,2,0.3413047790527344,0.3506301939487457,0.3080649971961975,0.406005859375,0.5877934098243713,0.05340921878814697
31961,1,01_SS3-98-C_comp.jams,1304111,2,2,4,4,True,regression,local_rates_favor_regression_for_all_groups,1,0,1,0,0.16247139871120453,0.18764302134513855,0.6498855948448181,0.109375,0.4787273108959198,0.3158155381679535
31971,1,01_SS3-98-C_comp.jams,1324482,2,2,3,3,True,regression,mixed_by_complete_group,92,7,85,0,0.26284322142601013,0.3333902955055237,0.4037664532661438,0.24881114065647125,0.5306754112243652,0.11990371346473694
31982,1,01_SS3-98-C_comp.jams,1349895,3,2,3,3,False,correction,mixed_by_complete_group,70,4,66,0,0.2794833183288574,0.40013691782951355,0.32037976384162903,0.32008928060531616,0.42644739151000977,0.24025507271289825
31999,1,01_SS3-98-C_comp.jams,1384767,3,3,5,5,True,regression,local_rates_favor_correction_for_all_groups,12,12,0,0,0.19058358669281006,0.1024625301361084,0.7069538235664368,0.1744791716337204,0.4965510666370392,0.42998626828193665
32016,1,01_SS3-98-C_comp.jams,1426044,3,3,2,2,True,regression,mixed_by_complete_group,127,125,2,0,0.3474216163158417,0.22716467082500458,0.42541369795799255,0.41646161675453186,0.5850698947906494,0.0714266300201416
32019,1,01_SS3-98-C_comp.jams,1432403,1,3,2,2,False,neutral,local_rates_favor_correction_for_all_groups,72,72,0,0,0.3374634385108948,0.24441851675510406,0.41811805963516235,0.6427951455116272,0.6521175503730774,0.6078251600265503
32022,1,01_SS3-98-C_comp.jams,1438433,2,2,2,3,False,regression,mixed_by_complete_group,91,47,44,0,0.2548306882381439,0.2568551301956177,0.4883142113685608,0.21274039149284363,0.4509577453136444,0.01504199206829071
32028,1,01_SS3-98-C_comp.jams,1452212,2,2,3,3,True,regression,mixed_by_complete_group,109,6,103,0,0.2367604672908783,0.3177286684513092,0.4455108344554901,0.2012614607810974,0.4371933341026306,0.11288623511791229
32037,1,01_SS3-98-C_comp.jams,1472285,1,2,3,3,False,neutral,mixed_by_complete_group,4,3,1,0,0.34941670298576355,0.32290852069854736,0.3276747763156891,0.3515625,0.44498884677886963,0.1735604703426361
32041,1,01_SS3-98-C_comp.jams,1479679,3,2,2,5,False,neutral,mixed_by_complete_group,12,2,7,3,0.12590312957763672,0.1796274334192276,0.6944694519042969,0.0846354141831398,0.5445074439048767,0.004292890429496765
32044,1,01_SS3-98-C_comp.jams,1485521,2,3,3,2,False,correction,mixed_by_complete_group,205,192,13,0,0.263725608587265,0.20619606971740723,0.5300783514976501,0.49253049492836,0.7493406534194946,0.01130751520395279
32048,1,01_SS3-98-C_comp.jams,1493560,3,4,4,3,False,correction,local_rates_favor_regression_for_all_groups,13,0,13,0,0.2639853358268738,0.332567423582077,0.4034471809864044,0.2836538553237915,0.6397231817245483,0.0392785370349884
32054,1,01_SS3-98-C_comp.jams,1506582,2,4,5,5,False,neutral,tied_local_rates,1,0,0,1,0.28190743923187256,0.28190743923187256,0.4361851215362549,0.171875,0.5617771148681641,0.13794130086898804
32058,1,01_SS3-98-C_comp.jams,1514108,2,2,3,3,True,regression,local_rates_favor_regression_for_all_groups,9,0,9,0,0.23963983356952667,0.4288170337677002,0.33154311776161194,0.3559027910232544,0.49142175912857056,0.03850209712982178
32061,1,01_SS3-98-C_comp.jams,1519825,2,2,3,3,True,regression,mixed_by_complete_group,56,4,52,0,0.22186942398548126,0.32280951738357544,0.4553210437297821,0.3189174234867096,0.533391535282135,0.1157916858792305
32064,1,01_SS3-98-C_comp.jams,1526036,2,2,4,4,True,regression,mixed_by_complete_group,53,30,23,0,0.22123871743679047,0.18216627836227417,0.596595048904419,0.10524763911962509,0.44374462962150574,0.10666926205158234
32068,1,01_SS3-98-C_comp.jams,1534148,2,2,3,3,True,regression,local_rates_favor_regression_for_all_groups,8,0,8,0,0.16298876702785492,0.3392002582550049,0.4978109896183014,0.306640625,0.4974649250507355,0.057012081146240234
32074,1,01_SS3-98-C_comp.jams,1547201,2,4,4,5,False,neutral,local_rates_favor_regression_for_all_groups,1,0,1,0,0.17953546345233917,0.32831135392189026,0.4921531677246094,0.234375,0.5057222247123718,0.049936652183532715
32077,1,01_SS3-98-C_comp.jams,1553062,1,3,2,2,False,neutral,mixed_by_complete_group,53,51,2,0,0.2909368574619293,0.19546253979206085,0.5136006474494934,0.4899764060974121,0.5380452871322632,0.23078125715255737
32087,1,01_SS3-98-C_comp.jams,1573335,3,2,2,3,False,correction,mixed_by_complete_group,114,5,109,0,0.27896642684936523,0.36694979667663574,0.354083776473999,0.18393640220165253,0.5624538064002991,0.054115086793899536
32090,1,01_SS3-98-C_comp.jams,1579528,2,2,3,3,True,regression,mixed_by_complete_group,5,1,4,0,0.3127010464668274,0.33275067806243896,0.35454827547073364,0.296875,0.4378853440284729,0.09945335984230042
32127,1,01_SS3-98-C_comp.jams,1654156,2,2,3,3,True,regression,mixed_by_complete_group,18,9,9,0,0.2944444417953491,0.2943114638328552,0.41124409437179565,0.2465277761220932,0.5474151968955994,0.43056821823120117
32137,1,01_SS3-98-C_comp.jams,1674405,3,2,3,3,False,correction,local_rates_favor_regression_for_all_groups,1,0,1,0,0.2501344680786133,0.3165578246116638,0.4333077073097229,0.40625,0.46761903166770935,0.3075260519981384
32145,1,01_SS3-98-C_comp.jams,1689724,2,2,4,4,True,regression,local_rates_favor_regression_for_all_groups,1,0,1,0,0.15434782207012177,0.22826087474822998,0.6173912882804871,0.125,0.4935115575790405,0.12054574489593506
32155,1,01_SS3-98-C_comp.jams,1709475,3,3,2,2,True,regression,mixed_by_complete_group,136,133,3,0,0.3257867395877838,0.19593578577041626,0.4782774746417999,0.5557215213775635,0.6237723231315613,0.43741509318351746
32237,1,01_SS3-98-C_solo.jams,309287,1,3,2,2,False,neutral,local_rates_favor_correction_for_all_groups,208,208,0,0,0.38892239332199097,0.15499213337898254,0.4560855031013489,0.556565523147583,1.2058401107788086,0.0008564491290599108
33373,1,02_BN3-154-E_comp.jams,1834,2,3,4,4,False,neutral,mixed_by_complete_group,170,164,6,0,0.46071067452430725,0.3144136667251587,0.22487561404705048,0.21718749403953552,0.5096497535705566,0.1262330412864685
33419,1,02_BN3-154-E_comp.jams,164082,2,3,2,2,False,correction,local_rates_favor_regression_for_all_groups,121,0,121,0,0.2634788751602173,0.4480912983417511,0.28842979669570923,0.2649793326854706,0.5008344054222107,0.26153993606567383
33466,1,02_BN3-154-E_comp.jams,317099,3,2,3,3,False,correction,mixed_by_complete_group,37,15,22,0,0.347238689661026,0.3661764860153198,0.2865848243236542,0.14146959781646729,0.6372672319412231,0.36074620485305786
33556,1,02_BN3-154-E_comp.jams,551628,3,3,2,2,True,regression,local_rates_favor_regression_for_all_groups,76,0,76,0,0.2918208837509155,0.3971790075302124,0.31100010871887207,0.3061266541481018,0.5290108323097229,0.03285673260688782
34935,1,02_Funk2-119-G_comp.jams,23,2,2,4,4,True,regression,mixed_by_complete_group,234,131,94,9,0.28344959020614624,0.24547547101974487,0.4710749387741089,0.1154513880610466,0.8308222889900208,0.2591765522956848
35002,1,02_Funk2-119-G_comp.jams,212302,4,3,4,4,False,correction,local_rates_favor_correction_for_all_groups,2,2,0,0,0.4505300223827362,0.29333239793777466,0.25613757967948914,0.3359375,0.48879608511924744,0.6652029752731323
35027,1,02_Funk2-119-G_comp.jams,311111,2,4,3,3,False,neutral,local_rates_favor_correction_for_all_groups,91,91,0,0,0.4203970730304718,0.2890113890171051,0.2905915677547455,0.6248282790184021,0.5614244341850281,0.11790269613265991
35039,1,02_Funk2-119-G_comp.jams,378218,2,2,3,3,True,regression,mixed_by_complete_group,34,20,14,0,0.3978733420372009,0.39269202947616577,0.2094346135854721,0.2821691036224365,0.5479938983917236,0.12161397933959961
35069,1,02_Funk2-119-G_comp.jams,490048,3,4,3,3,False,correction,mixed_by_complete_group,144,101,42,1,0.4156712293624878,0.3807353079319,0.203593447804451,0.6827256679534912,0.5398988127708435,0.23493266105651855
35115,1,02_Funk2-119-G_comp.jams,623155,2,3,2,2,False,correction,mixed_by_complete_group,18,7,11,0,0.33052921295166016,0.3409968614578247,0.32847392559051514,0.3168402910232544,0.7735540866851807,0.4473399221897125
35138,1,02_Funk2-119-G_comp.jams,710665,2,3,3,2,False,correction,mixed_by_complete_group,123,74,48,1,0.33188822865486145,0.3079991042613983,0.3601126968860626,0.20642784237861633,0.5554315447807312,0.04284754395484924
35268,1,02_Funk2-119-G_comp.jams,1245657,2,2,3,3,True,regression,mixed_by_complete_group,151,127,23,1,0.40667036175727844,0.3469255268573761,0.24640408158302307,0.47206124663352966,0.6830011606216431,0.15707963705062866
35289,1,02_Funk2-119-G_comp.jams,1295201,1,2,2,3,False,neutral,local_rates_favor_regression_for_all_groups,2,0,2,0,0.3027679920196533,0.3659401834011078,0.3312917947769165,0.359375,0.7105960249900818,0.012611836194992065
35513,1,02_Funk3-112-C#_comp.jams,7,3,3,4,4,True,regression,local_rates_favor_correction_for_all_groups,92,92,0,0,0.530647873878479,0.30571621656417847,0.16363584995269775,0.35326087474823,0.5707017183303833,0.2196885645389557
35533,1,02_Funk3-112-C#_comp.jams,72954,3,2,3,3,False,correction,mixed_by_complete_group,126,110,16,0,0.4051327407360077,0.30523189902305603,0.2896353602409363,0.4117063581943512,0.4588709771633148,0.04441940784454346
35545,1,02_Funk3-112-C#_comp.jams,118534,3,3,2,2,True,regression,local_rates_favor_regression_for_all_groups,1,0,1,0,0.19108383357524872,0.4130189120769501,0.3958972692489624,0.453125,0.6341719627380371,0.18694224953651428
35576,1,02_Funk3-112-C#_comp.jams,280658,0,2,2,3,False,neutral,mixed_by_complete_group,45,6,39,0,0.3062041401863098,0.4323185682296753,0.2614772617816925,0.3218750059604645,0.7151723504066467,0.049278587102890015
35583,1,02_Funk3-112-C#_comp.jams,310342,2,2,3,3,True,regression,local_rates_favor_regression_for_all_groups,58,0,58,0,0.2362724393606186,0.40527698397636414,0.3584505319595337,0.3485991358757019,0.4845878779888153,0.05623596906661987
35616,1,02_Funk3-112-C#_comp.jams,437999,2,2,3,4,True,regression,mixed_by_complete_group,27,7,19,1,0.23786737024784088,0.2838381230831146,0.4782945215702057,0.10011573880910873,0.5026265382766724,0.13741880655288696
35644,1,02_Funk3-112-C#_comp.jams,514596,1,2,3,3,False,neutral,mixed_by_complete_group,104,3,101,0,0.2573281526565552,0.3765324354171753,0.36613941192626953,0.24128605425357819,0.4603285491466522,0.18669551610946655
35741,1,02_Funk3-112-C#_comp.jams,885822,2,2,3,3,True,regression,local_rates_favor_regression_for_all_groups,1,0,1,0,0.36742424964904785,0.405303031206131,0.22727273404598236,0.0625,0.605934739112854,0.13422667980194092
35782,1,02_Funk3-112-C#_comp.jams,1133222,2,2,3,3,True,regression,mixed_by_complete_group,123,74,49,0,0.3693886697292328,0.3665894567966461,0.2640218734741211,0.4551575183868408,0.5885535478591919,0.14682507514953613
35802,1,02_Funk3-112-C#_comp.jams,1193843,2,2,3,3,True,regression,mixed_by_complete_group,126,12,114,0,0.3070358633995056,0.4027833640575409,0.2901808023452759,0.3327133059501648,0.4316004514694214,0.057739049196243286
35857,1,02_Funk3-112-C#_comp.jams,1347223,2,2,3,3,True,regression,mixed_by_complete_group,71,1,70,0,0.25054383277893066,0.35715028643608093,0.3923058807849884,0.3650968372821808,0.5291985869407654,0.2693853974342346
35977,1,02_Funk3-112-C#_solo.jams,414204,2,4,2,2,False,correction,mixed_by_complete_group,230,125,104,1,0.2871938943862915,0.2740008234977722,0.43880531191825867,0.4493885934352875,0.7881658673286438,0.3232041001319885
35996,1,02_Funk3-112-C#_solo.jams,509533,2,4,2,2,False,correction,mixed_by_complete_group,121,43,78,0,0.29009178280830383,0.32320791482925415,0.386700302362442,0.26291322708129883,0.6410583853721619,0.3004380166530609
36026,1,02_Funk3-112-C#_solo.jams,627755,2,4,2,2,False,correction,mixed_by_complete_group,233,116,117,0,0.3000555634498596,0.28810495138168335,0.41183942556381226,0.2618696391582489,1.0803451538085938,0.7542121410369873
36125,1,02_Funk3-112-C#_solo.jams,1134019,2,4,2,2,False,correction,mixed_by_complete_group,165,140,25,0,0.27956774830818176,0.15368816256523132,0.5667440891265869,0.19053030014038086,0.6347365379333496,0.4600900709629059
36145,1,02_Funk3-112-C#_solo.jams,1193453,2,4,3,3,False,neutral,mixed_by_complete_group,8,7,1,0,0.35624560713768005,0.3041916489601135,0.3395627439022064,0.392578125,0.7054799199104309,0.731606125831604
36166,1,02_Funk3-112-C#_solo.jams,1311287,1,3,2,2,False,neutral,mixed_by_complete_group,95,21,74,0,0.3353232145309448,0.3730222284793854,0.2916545867919922,0.43651315569877625,0.7619934678077698,0.17552798986434937
36183,1,02_Funk3-112-C#_solo.jams,1383475,1,3,2,2,False,neutral,mixed_by_complete_group,122,90,31,1,0.36998650431632996,0.3364110291004181,0.29360246658325195,0.28393954038619995,0.6160150170326233,0.2067939043045044
36189,1,02_Funk3-112-C#_solo.jams,1406856,2,3,2,2,False,correction,local_rates_favor_regression_for_all_groups,11,0,11,0,0.30902695655822754,0.4589729309082031,0.23200012743473053,0.30965909361839294,0.5778522491455078,0.0961998999118805
36191,1,02_Funk3-112-C#_solo.jams,1430274,2,3,2,2,False,correction,mixed_by_complete_group,127,94,33,0,0.39982643723487854,0.36088791489601135,0.23928557336330414,0.5828002095222473,0.6115676164627075,0.17583738267421722
36213,1,02_Funk3-112-C#_solo.jams,1487838,2,2,3,3,True,regression,mixed_by_complete_group,33,32,1,0,0.4235976040363312,0.2994791567325592,0.2769232392311096,0.32528409361839294,0.5997451543807983,0.27474522590637207
46591,1,02_SS3-98-C_comp.jams,81257,3,3,4,4,True,regression,mixed_by_complete_group,126,61,65,0,0.34165897965431213,0.38667044043540955,0.2716705799102783,0.1877480149269104,0.5660801529884338,0.4265495538711548
46613,1,02_SS3-98-C_comp.jams,134425,3,3,2,2,True,regression,mixed_by_complete_group,98,37,61,0,0.25981438159942627,0.2653755843639374,0.47481000423431396,0.32286351919174194,0.5137222409248352,0.17135170102119446
46620,1,02_SS3-98-C_comp.jams,148696,3,2,3,3,False,correction,mixed_by_complete_group,11,9,2,0,0.3718835711479187,0.2813968360424042,0.3467196822166443,0.30539771914482117,0.5297712683677673,0.018159568309783936
46703,1,02_SS3-98-C_comp.jams,378379,4,3,3,4,False,correction,local_rates_favor_correction_for_all_groups,1,1,0,0,0.35849055647850037,0.2964959442615509,0.34501346945762634,0.25,0.4149667024612427,0.03650704026222229
46737,1,02_SS3-98-C_comp.jams,459904,3,2,3,3,False,correction,local_rates_favor_regression_for_all_groups,4,0,4,0,0.19632142782211304,0.3784239888191223,0.42525458335876465,0.3828125,0.4240318834781647,0.05103848874568939
46743,1,02_SS3-98-C_comp.jams,472022,3,2,3,3,False,correction,mixed_by_complete_group,109,15,94,0,0.3067740201950073,0.3758353888988495,0.3173905909061432,0.4142775237560272,0.5043796896934509,0.02621285617351532
46751,1,02_SS3-98-C_comp.jams,499263,2,2,3,3,True,regression,mixed_by_complete_group,123,38,85,0,0.3482999801635742,0.3846835196018219,0.2670164108276367,0.2888719439506531,0.6798645257949829,0.33425143361091614
46830,1,02_SS3-98-C_comp.jams,688029,3,2,3,3,False,correction,local_rates_favor_regression_for_all_groups,28,0,28,0,0.2525630295276642,0.38970616459846497,0.35773077607154846,0.2790178656578064,0.48857781291007996,0.20145195722579956
46901,1,02_SS3-98-C_comp.jams,865360,3,3,2,2,True,regression,mixed_by_complete_group,147,12,135,0,0.24273639917373657,0.3931494951248169,0.36411410570144653,0.5679209232330322,0.6049132347106934,0.03186601400375366
46955,1,02_SS3-98-C_comp.jams,1013859,3,2,3,3,False,correction,mixed_by_complete_group,14,6,8,0,0.3242722153663635,0.3396415710449219,0.3360861837863922,0.0825892835855484,0.46509918570518494,0.30167287588119507
46988,1,02_SS3-98-C_comp.jams,1093265,3,2,3,3,False,correction,mixed_by_complete_group,35,6,29,0,0.34455135464668274,0.41200175881385803,0.24344690144062042,0.13035714626312256,0.507926881313324,0.2945137619972229
47008,1,02_SS3-98-C_comp.jams,1147894,2,2,4,4,True,regression,mixed_by_complete_group,145,90,51,4,0.2615422308444977,0.21131862699985504,0.5271391272544861,0.07004310190677643,0.5865459442138672,0.3491881787776947
47014,1,02_SS3-98-C_comp.jams,1161688,3,3,4,4,True,regression,mixed_by_complete_group,64,48,16,0,0.36462700366973877,0.31799888610839844,0.3173741400241852,0.145751953125,0.5074086785316467,0.021953076124191284
47039,1,02_SS3-98-C_comp.jams,1227569,2,3,2,2,False,correction,mixed_by_complete_group,240,189,51,0,0.36600252985954285,0.27417176961898804,0.3598257005214691,0.5125650763511658,0.6738824248313904,0.022946946322917938
47123,1,02_SS3-98-C_comp.jams,1444022,3,3,4,4,True,regression,mixed_by_complete_group,126,57,69,0,0.3067002594470978,0.3340437412261963,0.35925596952438354,0.2248263955116272,0.552162230014801,0.39898478984832764
47130,1,02_SS3-98-C_comp.jams,1472352,1,2,3,3,False,neutral,mixed_by_complete_group,20,4,16,0,0.332904577255249,0.40352362394332886,0.2635717988014221,0.23281249403953552,0.5610717535018921,0.1503526270389557
47154,1,02_SS3-98-C_comp.jams,1538576,3,4,2,2,False,neutral,mixed_by_complete_group,121,109,12,0,0.32211214303970337,0.18595175445079803,0.4919361174106598,0.17006714642047882,0.747322142124176,0.35900235176086426
47160,1,02_SS3-98-C_comp.jams,1552264,3,2,4,4,False,neutral,mixed_by_complete_group,95,54,40,1,0.26043304800987244,0.2707061469554901,0.46886077523231506,0.07335526496171951,0.47868612408638,0.07340481877326965
47216,1,02_SS3-98-C_comp.jams,1683431,2,2,3,3,True,regression,local_rates_favor_regression_for_all_groups,21,0,21,0,0.3150351941585541,0.411513090133667,0.2734517455101013,0.4263392984867096,0.6315051317214966,0.038641929626464844
47227,1,02_SS3-98-C_comp.jams,1710839,2,3,2,2,False,correction,mixed_by_complete_group,111,5,106,0,0.2809111773967743,0.31057342886924744,0.40851542353630066,0.552505612373352,0.7721625566482544,0.4595688581466675
48369,1,03_BN3-154-E_comp.jams,11,4,3,4,4,False,correction,local_rates_favor_correction_for_all_groups,157,157,0,0,0.5272464752197266,0.25612834095954895,0.2166251838207245,0.3185708522796631,0.7255617380142212,0.0489201545715332
48432,1,03_BN3-154-E_comp.jams,275481,4,4,3,3,True,regression,mixed_by_complete_group,116,75,41,0,0.3717292547225952,0.34358417987823486,0.28468653559684753,0.4725215435028076,0.616165041923523,0.1793137788772583
48471,1,03_BN3-154-E_comp.jams,508976,1,3,2,2,False,neutral,mixed_by_complete_group,85,2,83,0,0.3385359048843384,0.43448808789253235,0.22697600722312927,0.41360294818878174,0.6262207627296448,0.31627827882766724
48484,1,03_BN3-154-E_comp.jams,567353,4,4,3,3,True,regression,local_rates_favor_regression_for_all_groups,3,0,3,0,0.3583187162876129,0.509891152381897,0.13179010152816772,0.609375,0.7948334217071533,0.010410308837890625
48534,1,03_BN3-154-E_comp.jams,792959,3,4,3,3,False,correction,mixed_by_complete_group,25,24,1,0,0.419466108083725,0.365553617477417,0.21498024463653564,0.5099999904632568,0.5194078683853149,0.4882490038871765
48556,1,03_BN3-154-E_comp.jams,901491,4,4,3,3,True,regression,mixed_by_complete_group,11,6,5,0,0.3761402368545532,0.39015448093414307,0.23370526731014252,0.30397728085517883,0.5843011736869812,0.11651545763015747
48567,1,03_BN3-154-E_comp.jams,945682,4,4,2,2,True,regression,mixed_by_complete_group,207,121,86,0,0.2420457899570465,0.1907862424850464,0.5671679973602295,0.17134661972522736,0.9435358643531799,0.007357180118560791
48591,1,03_BN3-154-E_comp.jams,1047703,3,2,3,3,False,correction,mixed_by_complete_group,20,5,15,0,0.32409289479255676,0.37005650997161865,0.3058505952358246,0.11796875298023224,0.5452492833137512,0.11060929298400879
49736,1,03_Funk2-119-G_comp.jams,56685,3,4,2,2,False,neutral,local_rates_favor_correction_for_all_groups,4,4,0,0,0.3629004657268524,0.17026691138744354,0.46683263778686523,0.07421875,0.7308435440063477,0.15126663446426392
49740,1,03_Funk2-119-G_comp.jams,100394,3,4,3,3,False,correction,mixed_by_complete_group,182,58,123,1,0.35745829343795776,0.3599744439125061,0.28256726264953613,0.5491929650306702,0.5833625197410583,0.3808511197566986
49754,1,03_Funk2-119-G_comp.jams,178089,3,2,3,3,False,correction,mixed_by_complete_group,130,56,73,1,0.40598955750465393,0.4244672656059265,0.16954319179058075,0.33425480127334595,0.7513008713722229,0.30864590406417847
49767,1,03_Funk2-119-G_comp.jams,222871,4,4,3,3,True,regression,mixed_by_complete_group,97,4,93,0,0.3081713914871216,0.3496893644332886,0.34213924407958984,0.7179445624351501,0.6128023266792297,0.03201034665107727
49774,1,03_Funk2-119-G_comp.jams,266843,4,4,3,3,True,regression,mixed_by_complete_group,212,187,25,0,0.4807673692703247,0.3422708213329315,0.17696179449558258,0.5296285152435303,0.8209276795387268,0.00748831033706665
49787,1,03_Funk2-119-G_comp.jams,305874,1,2,3,3,False,neutral,local_rates_favor_regression_for_all_groups,8,0,8,0,0.22683745622634888,0.3646720349788666,0.40849050879478455,0.17578125,0.7283135056495667,0.185307115316391
49816,1,03_Funk2-119-G_comp.jams,445021,4,4,3,3,True,regression,mixed_by_complete_group,187,93,93,1,0.4003945291042328,0.35767748951911926,0.24192798137664795,0.4679144322872162,0.5754576325416565,0.03300011157989502
49849,1,03_Funk2-119-G_comp.jams,580350,2,3,2,2,False,correction,mixed_by_complete_group,122,3,119,0,0.22213567793369293,0.353506475687027,0.4243578016757965,0.5454661846160889,0.5148056745529175,0.2008461356163025
49862,1,03_Funk2-119-G_comp.jams,655902,3,2,3,3,False,correction,mixed_by_complete_group,86,43,43,0,0.3149237632751465,0.31266170740127563,0.3724145293235779,0.28052327036857605,0.5231198668479919,0.1311100721359253
49909,1,03_Funk2-119-G_comp.jams,953081,3,2,2,3,False,correction,local_rates_favor_regression_for_all_groups,130,0,130,0,0.2863738536834717,0.45076581835746765,0.26286032795906067,0.3070913553237915,0.5234712958335876,0.01945626735687256
49925,1,03_Funk2-119-G_comp.jams,1066804,3,3,2,2,True,regression,local_rates_favor_regression_for_all_groups,2,0,2,0,0.27409642934799194,0.299818754196167,0.42608481645584106,0.2578125,0.8093090653419495,0.020990431308746338
49930,1,03_Funk2-119-G_comp.jams,1111001,2,3,2,2,False,correction,mixed_by_complete_group,112,25,87,0,0.3020825982093811,0.3328501284122467,0.3650672435760498,0.416015625,0.543945848941803,0.13518568873405457
49951,1,03_Funk2-119-G_comp.jams,1175166,2,2,3,3,True,regression,local_rates_favor_regression_for_all_groups,1,0,1,0,0.2415342628955841,0.2980259954929352,0.4604397416114807,0.296875,0.7854125499725342,0.04588666558265686
49979,1,03_Funk2-119-G_comp.jams,1262977,2,3,2,2,False,correction,mixed_by_complete_group,127,112,15,0,0.33367887139320374,0.2899552285671234,0.37636587023735046,0.4568159580230713,0.7625374794006348,0.6814358830451965
50229,1,03_Funk3-112-C#_comp.jams,271912,1,3,2,2,False,neutral,mixed_by_complete_group,137,80,56,1,0.34339451789855957,0.33587396144866943,0.3207314908504486,0.4593978226184845,0.6754130125045776,0.11935636401176453
50235,1,03_Funk3-112-C#_comp.jams,283869,3,4,3,2,False,neutral,local_rates_favor_correction_for_all_groups,7,7,0,0,0.3613445460796356,0.19386956095695496,0.4447858929634094,0.09375,0.8281775712966919,0.26483353972435
50249,1,03_Funk3-112-C#_comp.jams,318459,2,4,2,3,False,neutral,mixed_by_complete_group,167,50,116,1,0.33721208572387695,0.36636510491371155,0.2964228093624115,0.5306886434555054,0.7241238355636597,0.270327091217041
50294,1,03_Funk3-112-C#_comp.jams,455800,2,3,2,2,False,correction,local_rates_favor_regression_for_all_groups,5,0,5,0,0.2698524594306946,0.35981208086013794,0.3703354597091675,0.24062499403953552,0.6043434143066406,0.21755120158195496
50307,1,03_Funk3-112-C#_comp.jams,508216,0,3,2,2,False,neutral,mixed_by_complete_group,191,154,37,0,0.256130576133728,0.22551122307777405,0.5183581709861755,0.5212696194648743,1.3363783359527588,0.19078266620635986
50349,1,03_Funk3-112-C#_comp.jams,710144,2,4,2,2,False,correction,mixed_by_complete_group,239,234,5,0,0.40072861313819885,0.20294712483882904,0.3963242471218109,0.39121338725090027,0.7124419212341309,0.82491534948349
50365,1,03_Funk3-112-C#_comp.jams,768605,2,2,2,3,False,regression,local_rates_favor_regression_for_all_groups,60,0,60,0,0.25486430525779724,0.3947155177593231,0.35042014718055725,0.33515626192092896,0.46524134278297424,0.027088895440101624
50382,1,03_Funk3-112-C#_comp.jams,851256,2,4,3,3,False,neutral,mixed_by_complete_group,183,63,120,0,0.38519054651260376,0.40492573380470276,0.20988371968269348,0.4101775884628296,0.6691660284996033,0.12453123927116394
50395,1,03_Funk3-112-C#_comp.jams,898712,2,4,2,2,False,correction,mixed_by_complete_group,176,171,5,0,0.4077341854572296,0.25028446316719055,0.3419814109802246,0.32137784361839294,0.5527591705322266,0.39446139335632324
50430,1,03_Funk3-112-C#_comp.jams,1039491,4,4,3,3,True,regression,mixed_by_complete_group,184,183,1,0,0.43532416224479675,0.31023842096328735,0.2544373571872711,0.5224184989929199,0.50380939245224,0.27926233410835266
50444,1,03_Funk3-112-C#_comp.jams,1083275,2,3,2,2,False,correction,mixed_by_complete_group,97,95,2,0,0.443354070186615,0.3428788185119629,0.2137671411037445,0.3888531029224396,0.563295841217041,0.2835058867931366
50465,1,03_Funk3-112-C#_comp.jams,1204817,2,2,4,4,True,regression,mixed_by_complete_group,89,22,67,0,0.18515172600746155,0.27878978848457336,0.5360584259033203,0.10902387648820877,0.7018255591392517,0.17573466897010803
50492,1,03_Funk3-112-C#_comp.jams,1288846,2,2,3,4,True,regression,mixed_by_complete_group,70,29,40,1,0.27474722266197205,0.2846815884113312,0.44057121872901917,0.06964285671710968,0.5419607758522034,0.24318428337574005
50511,1,03_Funk3-112-C#_comp.jams,1381913,2,3,4,4,False,neutral,mixed_by_complete_group,118,105,13,0,0.44157686829566956,0.3797180652618408,0.17870503664016724,0.18418961763381958,0.44724196195602417,0.3219223618507385
50516,1,03_Funk3-112-C#_comp.jams,1405982,2,3,4,4,False,neutral,local_rates_favor_correction_for_all_groups,80,80,0,0,0.4829404950141907,0.36481308937072754,0.15224646031856537,0.22265625,0.48206955194473267,0.28727516531944275
50689,1,03_Funk3-112-C#_solo.jams,1417257,1,2,3,3,False,neutral,local_rates_favor_regression_for_all_groups,1,0,1,0,0.16191498935222626,0.4714469611644745,0.36663803458213806,0.34375,0.8078141212463379,0.5214259624481201
60009,1,03_SS3-98-C_comp.jams,13574,2,4,3,3,False,neutral,mixed_by_complete_group,119,28,91,0,0.3056935966014862,0.34613296389579773,0.34817343950271606,0.3883928656578064,0.5711745023727417,0.27558672428131104
60035,1,03_SS3-98-C_comp.jams,77497,0,3,2,2,False,neutral,local_rates_favor_correction_for_all_groups,189,189,0,0,0.25485411286354065,0.1184195876121521,0.6267263293266296,0.5619212985038757,0.9470150470733643,0.02856200933456421
60066,1,03_SS3-98-C_comp.jams,143628,3,3,2,2,True,regression,mixed_by_complete_group,97,40,57,0,0.31574776768684387,0.3178367614746094,0.36641544103622437,0.5212628841400146,0.6406368613243103,0.7073156833648682
60086,1,03_SS3-98-C_comp.jams,183783,3,4,2,2,False,neutral,mixed_by_complete_group,210,197,13,0,0.2941087782382965,0.17748624086380005,0.5284050107002258,0.3831101059913635,0.5851868987083435,0.04706926643848419
60128,1,03_SS3-98-C_comp.jams,291541,3,4,3,3,False,correction,local_rates_favor_regression_for_all_groups,6,0,6,0,0.27545347809791565,0.31772202253341675,0.4068244993686676,0.3385416567325592,0.5723759531974792,0.047810859978199005
60136,1,03_SS3-98-C_comp.jams,308688,1,2,3,3,False,neutral,mixed_by_complete_group,5,4,1,0,0.40704575181007385,0.3429051339626312,0.2500491142272949,0.12187500298023224,0.56343013048172,0.025870829820632935
60159,1,03_SS3-98-C_comp.jams,358690,1,2,3,3,False,neutral,local_rates_favor_correction_for_all_groups,1,1,0,0,0.2577306032180786,0.1523999124765396,0.589869499206543,0.328125,0.6113331913948059,0.2399929016828537
60185,1,03_SS3-98-C_comp.jams,413708,2,2,4,3,True,regression,mixed_by_complete_group,14,11,3,0,0.3945539593696594,0.34535646438598633,0.26008957624435425,0.1484375,0.739017128944397,0.36661529541015625
60187,1,03_SS3-98-C_comp.jams,419131,3,4,4,3,False,correction,mixed_by_complete_group,148,27,121,0,0.29770463705062866,0.3704005479812622,0.33189478516578674,0.33815455436706543,0.47421687841415405,0.016514122486114502
60206,1,03_SS3-98-C_comp.jams,466680,3,3,2,2,True,regression,mixed_by_complete_group,8,7,1,0,0.3504979610443115,0.24819913506507874,0.40130293369293213,0.484375,0.6059073805809021,0.4487553834915161
60222,1,03_SS3-98-C_comp.jams,499442,3,3,3,2,False,regression,local_rates_favor_correction_for_all_groups,51,51,0,0,0.30466076731681824,0.19236862659454346,0.5029706358909607,0.391237735748291,0.4689025580883026,0.010177195072174072
60225,1,03_SS3-98-C_comp.jams,506639,3,3,4,4,True,regression,local_rates_favor_correction_for_all_groups,1,1,0,0,0.28853046894073486,0.19205495715141296,0.5194146037101746,0.375,0.4948359429836273,0.09219832718372345
60243,1,03_SS3-98-C_comp.jams,554402,3,2,3,3,False,correction,local_rates_favor_regression_for_all_groups,43,0,43,0,0.2876567840576172,0.4884271025657654,0.2239161878824234,0.3452034890651703,0.42344656586647034,0.08497262001037598
60253,1,03_SS3-98-C_comp.jams,573823,3,2,3,3,False,correction,mixed_by_complete_group,46,35,11,0,0.34475111961364746,0.3012407422065735,0.35400813817977905,0.1328125,0.48337140679359436,0.24689587950706482
60254,1,03_SS3-98-C_comp.jams,575802,0,2,3,3,False,neutral,mixed_by_complete_group,2,1,1,0,0.31381672620773315,0.33014893531799316,0.3560343384742737,0.140625,0.694493293762207,0.31632429361343384
60262,1,03_SS3-98-C_comp.jams,593053,1,2,3,3,False,neutral,local_rates_favor_regression_for_all_groups,3,0,3,0,0.24108938872814178,0.2927572429180145,0.4661533832550049,0.296875,0.4879343807697296,0.04755684733390808
60283,1,03_SS3-98-C_comp.jams,635282,2,4,4,3,False,neutral,mixed_by_complete_group,124,22,101,1,0.29080793261528015,0.32053858041763306,0.3886535167694092,0.3247227966785431,0.7511093616485596,0.0031963884830474854
60302,1,03_SS3-98-C_comp.jams,682504,2,4,3,3,False,neutral,mixed_by_complete_group,105,102,3,0,0.38210329413414,0.2655344009399414,0.3523623049259186,0.3306547701358795,0.834256112575531,0.07107719779014587
60324,1,03_SS3-98-C_comp.jams,727753,2,3,2,2,False,correction,mixed_by_complete_group,177,163,14,0,0.30703863501548767,0.2199215590953827,0.47303977608680725,0.42937853932380676,0.5469297766685486,0.07664111256599426
60331,1,03_SS3-98-C_comp.jams,741111,2,3,2,2,False,correction,mixed_by_complete_group,128,18,110,0,0.26237666606903076,0.2856220602989197,0.45200127363204956,0.705322265625,0.7479286789894104,0.05509668588638306
60343,1,03_SS3-98-C_comp.jams,769446,3,3,2,2,True,regression,local_rates_favor_regression_for_all_groups,92,0,92,0,0.21691852807998657,0.386015921831131,0.39706557989120483,0.24048912525177002,0.4231022596359253,0.3500484228134155
60352,1,03_SS3-98-C_comp.jams,789562,3,3,2,2,True,regression,mixed_by_complete_group,127,108,19,0,0.3221222162246704,0.24247430264949799,0.43540340662002563,0.2530757784843445,0.4645047187805176,0.232313871383667
60360,1,03_SS3-98-C_comp.jams,809081,4,3,4,2,False,neutral,local_rates_favor_regression_for_all_groups,1,0,1,0,0.35350877046585083,0.3552631437778473,0.2912280559539795,0.09375,0.42482098937034607,0.0958108901977539
60370,1,03_SS3-98-C_comp.jams,829641,3,4,2,2,False,neutral,mixed_by_complete_group,213,204,9,0,0.36942288279533386,0.16643255949020386,0.46414464712142944,0.19578932225704193,0.5559449791908264,0.40804779529571533
60377,1,03_SS3-98-C_comp.jams,843408,1,2,3,3,False,neutral,mixed_by_complete_group,66,50,16,0,0.3816975951194763,0.32071852684020996,0.2975839078426361,0.1692708283662796,0.6285963654518127,0.19334155321121216
60402,1,03_SS3-98-C_comp.jams,897095,2,3,2,2,False,correction,mixed_by_complete_group,126,109,17,0,0.305460661649704,0.25849589705467224,0.4360433518886566,0.574404776096344,0.5235864520072937,0.11461710929870605
60406,1,03_SS3-98-C_comp.jams,905217,2,3,4,4,False,neutral,mixed_by_complete_group,112,84,28,0,0.31108346581459045,0.2784675061702728,0.41044896841049194,0.3371930718421936,0.4890250265598297,0.08828960359096527
60412,1,03_SS3-98-C_comp.jams,919025,2,4,3,3,False,neutral,mixed_by_complete_group,6,5,1,0,0.3368622958660126,0.21749389171600342,0.445643812417984,0.1067708358168602,0.6818832755088806,0.10785335302352905
60417,1,03_SS3-98-C_comp.jams,930791,1,3,4,4,False,neutral,local_rates_favor_correction_for_all_groups,1,1,0,0,0.2932389974594116,0.2625786066055298,0.4441823959350586,0.1875,0.5817457437515259,0.1657567322254181
60427,1,03_SS3-98-C_comp.jams,951592,1,3,4,5,False,neutral,local_rates_favor_correction_for_all_groups,1,1,0,0,0.3119122385978699,0.17711599171161652,0.5109717845916748,0.15625,0.6465064287185669,0.14182934165000916
60428,1,03_SS3-98-C_comp.jams,953499,2,3,4,4,False,neutral,mixed_by_complete_group,25,24,1,0,0.3854046165943146,0.2584247291088104,0.3561706244945526,0.16124999523162842,0.7300304174423218,0.2033289521932602
60435,1,03_SS3-98-C_comp.jams,967217,0,3,2,2,False,neutral,mixed_by_complete_group,119,15,104,0,0.2436445951461792,0.27908089756965637,0.47727447748184204,0.5479254126548767,0.6319360733032227,0.06467485427856445
60443,1,03_SS3-98-C_comp.jams,986573,3,4,3,3,False,correction,mixed_by_complete_group,8,2,6,0,0.29950058460235596,0.3570067882537842,0.34349262714385986,0.296875,0.6001837849617004,0.3522682189941406
60471,1,03_SS3-98-C_comp.jams,1047657,3,2,3,3,False,correction,local_rates_favor_regression_for_all_groups,51,0,51,0,0.2070275992155075,0.39557087421417236,0.3974015414714813,0.23039215803146362,0.5143678784370422,0.13573552668094635
60473,1,03_SS3-98-C_comp.jams,1060828,2,3,2,2,False,correction,mixed_by_complete_group,169,165,1,3,0.32552745938301086,0.18918558955192566,0.4852869212627411,0.2775517702102661,0.5792298913002014,0.287150502204895
60514,1,03_SS3-98-C_comp.jams,1168999,2,3,4,4,False,neutral,mixed_by_complete_group,8,5,3,0,0.29285311698913574,0.30398204922676086,0.4031648635864258,0.18359375,0.6658526659011841,0.4418271780014038
60535,1,03_SS3-98-C_comp.jams,1222707,2,2,4,4,True,regression,local_rates_favor_regression_for_all_groups,1,0,1,0,0.20392157137393951,0.23137255012989044,0.5647059082984924,0.078125,0.6511363387107849,0.19419419765472412
60544,1,03_SS3-98-C_comp.jams,1243332,3,4,3,3,False,correction,mixed_by_complete_group,9,6,3,0,0.33644258975982666,0.28733882308006287,0.3762185871601105,0.1458333283662796,0.5001070499420166,0.24305804073810577
60551,1,03_SS3-98-C_comp.jams,1257706,3,2,3,3,False,correction,mixed_by_complete_group,38,29,9,0,0.352567583322525,0.27785420417785645,0.36957821249961853,0.1430921107530594,0.545497715473175,0.3759700059890747
60564,1,03_SS3-98-C_comp.jams,1297268,2,4,3,3,False,neutral,mixed_by_complete_group,3,2,1,0,0.3627048432826996,0.3925025463104248,0.24479258060455322,0.3958333432674408,0.4932462275028229,0.33181896805763245
60579,1,03_SS3-98-C_comp.jams,1329587,3,3,4,4,True,regression,local_rates_favor_correction_for_all_groups,28,28,0,0,0.30509305000305176,0.20070980489253998,0.49419716000556946,0.2734375,0.6070353388786316,0.026229456067085266
60584,1,03_SS3-98-C_comp.jams,1349453,2,4,2,2,False,correction,local_rates_favor_correction_for_all_groups,225,225,0,0,0.4270240068435669,0.1034657433629036,0.4695102572441101,0.20819444954395294,0.6839078664779663,0.5486040115356445
60610,1,03_SS3-98-C_comp.jams,1418892,2,3,2,2,False,correction,mixed_by_complete_group,75,48,27,0,0.3104223608970642,0.29570043087005615,0.39387717843055725,0.30000001192092896,0.4418882131576538,0.1878909468650818
60615,1,03_SS3-98-C_comp.jams,1428469,0,3,2,2,False,neutral,mixed_by_complete_group,193,179,14,0,0.23387092351913452,0.17835742235183716,0.5877716541290283,0.6274287700653076,1.0090588331222534,0.04509278014302254
60620,1,03_SS3-98-C_comp.jams,1438180,2,2,2,3,False,regression,local_rates_favor_regression_for_all_groups,1,0,1,0,0.26082947850227356,0.3148278594017029,0.42434263229370117,0.296875,0.5456122159957886,0.24309837818145752
60623,1,03_SS3-98-C_comp.jams,1444153,3,3,2,2,True,regression,mixed_by_complete_group,4,2,2,0,0.22861915826797485,0.22743208706378937,0.543948769569397,0.4765625,0.48884016275405884,0.26745733618736267
60629,1,03_SS3-98-C_comp.jams,1456990,1,2,3,3,False,neutral,local_rates_favor_regression_for_all_groups,1,0,1,0,0.3089738190174103,0.3537999093532562,0.3372262716293335,0.34375,0.5694892406463623,0.22453069686889648
60648,1,03_SS3-98-C_comp.jams,1493205,2,3,2,2,False,correction,local_rates_favor_correction_for_all_groups,36,36,0,0,0.27110710740089417,0.17528533935546875,0.5536076426506042,0.4318576455116272,0.589810848236084,0.08288516104221344
60701,1,03_SS3-98-C_comp.jams,1632922,3,2,3,3,False,correction,mixed_by_complete_group,65,42,23,0,0.2929149568080902,0.2809157967567444,0.4261692762374878,0.16370192170143127,0.5333228707313538,0.21939720213413239
60712,1,03_SS3-98-C_comp.jams,1654448,3,4,2,3,False,correction,local_rates_favor_regression_for_all_groups,1,0,1,0,0.2061617523431778,0.3848523795604706,0.4089858829975128,0.40625,0.6112309694290161,0.08898849785327911
60722,1,03_SS3-98-C_comp.jams,1673780,1,3,3,2,False,neutral,mixed_by_complete_group,221,217,3,1,0.24091055989265442,0.15684936940670013,0.6022400856018066,0.4297935664653778,0.8241088390350342,0.13781477510929108
60729,1,03_SS3-98-C_comp.jams,1688044,1,3,2,2,False,neutral,mixed_by_complete_group,147,130,16,1,0.3224610686302185,0.2592889666557312,0.4182499349117279,0.4094387888908386,0.590786874294281,0.09172642230987549
60734,1,03_SS3-98-C_comp.jams,1697675,2,3,2,2,False,correction,mixed_by_complete_group,121,19,102,0,0.2634415328502655,0.29831236600875854,0.43824613094329834,0.5123966932296753,0.6421641111373901,0.3296428322792053
60741,1,03_SS3-98-C_comp.jams,1712973,2,3,4,4,False,neutral,local_rates_favor_correction_for_all_groups,11,11,0,0,0.3914460241794586,0.24750785529613495,0.3610461354255676,0.22301135957241058,0.6284652948379517,0.13013817369937897
61680,1,04_BN3-154-E_comp.jams,8,0,3,3,4,False,neutral,local_rates_favor_correction_for_all_groups,169,168,0,1,0.5274169445037842,0.2021324634552002,0.270450621843338,0.25554734468460083,1.3406273126602173,0.18768563866615295
61700,1,04_BN3-154-E_comp.jams,59914,4,4,3,3,True,regression,mixed_by_complete_group,17,15,2,0,0.3838733434677124,0.35229381918907166,0.26383283734321594,0.3189338147640228,0.9719233512878418,0.8418341279029846
61709,1,04_BN3-154-E_comp.jams,78252,3,3,3,2,False,regression,mixed_by_complete_group,246,244,2,0,0.3877026438713074,0.25127720832824707,0.36102014780044556,0.5447789430618286,0.7854461073875427,0.022046402096748352
61717,1,04_BN3-154-E_comp.jams,121031,2,4,3,3,False,neutral,mixed_by_complete_group,27,10,17,0,0.39382535219192505,0.4145429730415344,0.19163161516189575,0.25057870149612427,0.6923174262046814,0.09101313352584839
61725,1,04_BN3-154-E_comp.jams,155603,3,4,3,3,False,correction,mixed_by_complete_group,40,34,6,0,0.42651358246803284,0.39526477456092834,0.17822162806987762,0.4917968809604645,0.4565008282661438,0.20286884903907776
61765,1,04_BN3-154-E_comp.jams,292950,1,4,2,2,False,neutral,mixed_by_complete_group,209,197,12,0,0.2634207010269165,0.1543504148721695,0.5822288990020752,0.2517942488193512,0.6651621460914612,0.439594566822052
61792,1,04_BN3-154-E_comp.jams,377830,0,3,2,2,False,neutral,mixed_by_complete_group,37,15,22,0,0.33274221420288086,0.3427079916000366,0.32454970479011536,0.1473817527294159,0.48150619864463806,0.0597708523273468
61803,1,04_BN3-154-E_comp.jams,429212,1,3,2,2,False,neutral,local_rates_favor_regression_for_all_groups,5,0,5,0,0.27576595544815063,0.4001884460449219,0.3240455985069275,0.28437501192092896,0.545257568359375,0.15264815092086792
61820,1,04_BN3-154-E_comp.jams,496355,0,3,3,2,False,neutral,mixed_by_complete_group,175,173,2,0,0.3873727023601532,0.1697346568107605,0.44289273023605347,0.24116072058677673,0.7195669412612915,0.04014529287815094
61846,1,04_BN3-154-E_comp.jams,593951,0,2,3,3,False,neutral,mixed_by_complete_group,10,6,4,0,0.38925012946128845,0.37897732853889465,0.2317725121974945,0.12187500298023224,0.6272650361061096,0.13274046778678894
61951,1,04_BN3-154-E_comp.jams,1038596,1,4,3,3,False,neutral,mixed_by_complete_group,28,23,5,0,0.4142554700374603,0.3729328513145447,0.21281173825263977,0.52734375,0.6641058921813965,0.5937440395355225
63158,1,04_Funk2-119-G_comp.jams,330,4,3,4,4,False,correction,local_rates_favor_regression_for_all_groups,2,0,2,0,0.29283076524734497,0.3542671799659729,0.3529020845890045,0.125,0.6759251952171326,0.17886677384376526
63173,1,04_Funk2-119-G_comp.jams,56929,1,2,3,3,False,neutral,local_rates_favor_regression_for_all_groups,4,0,4,0,0.2786688208580017,0.42942333221435547,0.2919078469276428,0.01953125,0.5977683067321777,0.31869861483573914
63184,1,04_Funk2-119-G_comp.jams,106644,2,3,2,2,False,correction,mixed_by_complete_group,120,5,115,0,0.25384464859962463,0.3651297390460968,0.38102561235427856,0.5572916865348816,0.8281641602516174,0.07563331723213196
63187,1,04_Funk2-119-G_comp.jams,122131,4,4,3,3,True,regression,mixed_by_complete_group,127,126,1,0,0.4529809355735779,0.32942599058151245,0.2175930142402649,0.5204232335090637,0.44071412086486816,0.06697815656661987
63197,1,04_Funk2-119-G_comp.jams,156042,3,4,3,3,False,correction,mixed_by_complete_group,207,190,17,0,0.41994649171829224,0.3132080137729645,0.2668454945087433,0.49494263529777527,0.505029559135437,0.10351382195949554
63211,1,04_Funk2-119-G_comp.jams,195953,3,4,2,2,False,neutral,local_rates_favor_regression_for_all_groups,1,0,1,0,0.13351786136627197,0.2028469741344452,0.6636351943016052,0.234375,0.6922503113746643,0.3234995901584625
63221,1,04_Funk2-119-G_comp.jams,234109,2,4,3,3,False,neutral,mixed_by_complete_group,99,61,38,0,0.4156759977340698,0.3979875445365906,0.1863364279270172,0.6175820827484131,0.7181617021560669,0.05599963665008545
63236,1,04_Funk2-119-G_comp.jams,308234,2,2,3,3,True,regression,local_rates_favor_regression_for_all_groups,17,0,17,0,0.2639997601509094,0.37696436047554016,0.3590358793735504,0.14705882966518402,0.6307070255279541,0.08674675226211548
63266,1,04_Funk2-119-G_comp.jams,429335,2,2,3,3,True,regression,mixed_by_complete_group,81,80,1,0,0.4586138427257538,0.29273751378059387,0.24864862859249115,0.1614583283662796,0.6390820145606995,0.3433164954185486
63270,1,04_Funk2-119-G_comp.jams,445683,2,3,2,2,False,correction,local_rates_favor_regression_for_all_groups,2,0,2,0,0.2746819853782654,0.33078357577323914,0.3945344388484955,0.265625,0.45701834559440613,0.1215229481458664
63278,1,04_Funk2-119-G_comp.jams,462249,2,2,3,3,True,regression,mixed_by_complete_group,35,18,17,0,0.3856845796108246,0.391391783952713,0.22292359173297882,0.3544642925262451,0.7453005909919739,0.33501067757606506
63310,1,04_Funk2-119-G_comp.jams,564084,3,4,3,3,False,correction,mixed_by_complete_group,10,2,8,0,0.3540036976337433,0.38033661246299744,0.2656596899032593,0.40937501192092896,0.8378664255142212,0.7078827023506165
63314,1,04_Funk2-119-G_comp.jams,579031,4,3,4,4,False,correction,mixed_by_complete_group,122,114,8,0,0.3578808903694153,0.28574925661087036,0.35636982321739197,0.4339139461517334,0.4506225287914276,0.2893824577331543
63324,1,04_Funk2-119-G_comp.jams,611326,3,2,4,4,False,neutral,local_rates_favor_regression_for_all_groups,1,0,1,0,0.22520548105239868,0.24493150413036346,0.5298629999160767,0.203125,0.5581294298171997,0.08490848541259766
63393,1,04_Funk2-119-G_comp.jams,900808,2,3,2,2,False,correction,local_rates_favor_regression_for_all_groups,15,0,15,0,0.27530574798583984,0.39625245332717896,0.3284417986869812,0.28854167461395264,0.6207665205001831,0.15154024958610535
63414,1,04_Funk2-119-G_comp.jams,985949,3,2,3,3,False,correction,mixed_by_complete_group,64,28,36,0,0.3778131604194641,0.38985803723335266,0.23232880234718323,0.19970703125,0.692151665687561,0.3162353038787842
63421,1,04_Funk2-119-G_comp.jams,1022538,4,4,3,3,True,regression,mixed_by_complete_group,78,7,71,0,0.3375082314014435,0.3736535906791687,0.2888381779193878,0.7389823794364929,0.8932104706764221,0.1547705978155136
63435,1,04_Funk2-119-G_comp.jams,1088463,2,3,2,2,False,correction,mixed_by_complete_group,121,88,33,0,0.34869733452796936,0.3199107348918915,0.3313919007778168,0.5630165338516235,0.5982977151870728,0.3219307065010071
63436,1,04_Funk2-119-G_comp.jams,1090267,2,3,4,2,False,correction,local_rates_favor_regression_for_all_groups,1,0,1,0,0.24072110652923584,0.286426305770874,0.47285258769989014,0.453125,0.5429105758666992,0.06596557796001434
63438,1,04_Funk2-119-G_comp.jams,1094685,0,3,2,2,False,neutral,mixed_by_complete_group,187,174,13,0,0.289825975894928,0.224970281124115,0.48520371317863464,0.5793783664703369,0.7379395365715027,0.19269424676895142
63469,1,04_Funk2-119-G_comp.jams,1178032,3,4,2,2,False,neutral,local_rates_favor_correction_for_all_groups,92,92,0,0,0.29741179943084717,0.12495597451925278,0.5776323080062866,0.06351902335882187,0.6344024538993835,0.08369359374046326
63475,1,04_Funk2-119-G_comp.jams,1200649,3,3,3,4,False,regression,mixed_by_complete_group,111,81,30,0,0.33919012546539307,0.2924087941646576,0.36840111017227173,0.24155405163764954,0.4228653311729431,0.00022152066230773926
63484,1,04_Funk2-119-G_comp.jams,1218323,2,2,3,3,True,regression,mixed_by_complete_group,54,50,4,0,0.3834592401981354,0.3272317945957184,0.28930896520614624,0.5532407164573669,0.6346823573112488,0.0604839026927948
63488,1,04_Funk2-119-G_comp.jams,1228908,3,2,2,3,False,correction,mixed_by_complete_group,128,64,64,0,0.3682154417037964,0.3593442142009735,0.2724403738975525,0.391845703125,0.827487051486969,0.015049636363983154
63493,1,04_Funk2-119-G_comp.jams,1244719,2,3,2,2,False,correction,mixed_by_complete_group,120,1,119,0,0.2785644233226776,0.36845389008522034,0.35298168659210205,0.32864582538604736,0.6190882325172424,0.3303612470626831
63498,1,04_Funk2-119-G_comp.jams,1262265,3,3,2,2,True,regression,local_rates_favor_regression_for_all_groups,89,0,89,0,0.1937248557806015,0.2952832877635956,0.5109918713569641,0.3363763988018036,0.8502434492111206,0.3235103189945221
63509,1,04_Funk2-119-G_comp.jams,1296246,3,2,2,3,False,correction,local_rates_favor_correction_for_all_groups,1,1,0,0,0.3622451424598694,0.20790334045886993,0.4298515021800995,0.265625,0.6983271837234497,0.04027837514877319
63521,1,04_Funk2-119-G_comp.jams,1334516,4,3,2,2,False,neutral,mixed_by_complete_group,115,61,53,1,0.30331331491470337,0.2971447706222534,0.3995419144630432,0.40896740555763245,0.6473835706710815,0.07417893409729004
63530,1,04_Funk2-119-G_comp.jams,1368178,4,3,4,4,False,correction,local_rates_favor_regression_for_all_groups,1,0,1,0,0.3154761791229248,0.408730149269104,0.2757936418056488,0.1875,0.46715211868286133,0.11744806170463562
63532,1,04_Funk2-119-G_comp.jams,1376004,1,3,3,2,False,neutral,local_rates_favor_correction_for_all_groups,188,188,0,0,0.2816498279571533,0.11487513035535812,0.603475034236908,0.5628324747085571,0.8393356800079346,0.004256550222635269
63533,1,04_Funk2-119-G_comp.jams,1378432,2,2,3,3,True,regression,mixed_by_complete_group,77,23,54,0,0.3122544586658478,0.35492604970932007,0.33281949162483215,0.21063311398029327,0.5632032155990601,0.1907045543193817
63537,1,04_Funk2-119-G_comp.jams,1390532,3,3,3,4,False,regression,local_rates_favor_regression_for_all_groups,6,0,6,0,0.28199803829193115,0.37984728813171387,0.338154673576355,0.2395833283662796,0.6277046799659729,0.02096378803253174
63555,1,04_Funk2-119-G_solo.jams,33889,2,2,3,3,True,regression,local_rates_favor_regression_for_all_groups,1,0,1,0,0.17327344417572021,0.385738343000412,0.4409882128238678,0.21875,1.048504114151001,0.3626430034637451
63731,1,04_Funk2-119-G_solo.jams,1068763,2,2,3,3,True,regression,local_rates_favor_regression_for_all_groups,1,0,1,0,0.17327344417572021,0.5011229515075684,0.3256036043167114,0.21875,0.9090273380279541,0.4179513454437256
63735,1,04_Funk2-119-G_solo.jams,1116485,2,2,3,3,True,regression,local_rates_favor_regression_for_all_groups,1,0,1,0,0.180204376578331,0.4011678695678711,0.4186277389526367,0.203125,0.9516631960868835,0.6040783524513245
63778,1,04_Funk3-112-C#_comp.jams,53864,3,4,3,3,False,correction,local_rates_favor_correction_for_all_groups,94,94,0,0,0.47588592767715454,0.3212428092956543,0.20287126302719116,0.5713098645210266,0.882226824760437,0.6090450286865234
63806,1,04_Funk3-112-C#_comp.jams,167460,3,3,5,5,True,regression,local_rates_favor_correction_for_all_groups,1,1,0,0,0.40229883790016174,0.2183908075094223,0.37931033968925476,0.234375,0.4485410749912262,0.24994418025016785
63809,1,04_Funk3-112-C#_comp.jams,173879,2,3,2,2,False,correction,local_rates_favor_regression_for_all_groups,77,0,77,0,0.21288998425006866,0.26159003376960754,0.5255200266838074,0.6755275726318359,0.7661586403846741,0.10728859901428223
63833,1,04_Funk3-112-C#_comp.jams,244436,3,2,3,3,False,correction,local_rates_favor_regression_for_all_groups,8,0,8,0,0.3067854642868042,0.3967282176017761,0.2964863181114197,0.162109375,0.6740296483039856,0.07768547534942627
63853,1,04_Funk3-112-C#_comp.jams,327974,2,3,2,2,False,correction,mixed_by_complete_group,208,43,165,0,0.25118982791900635,0.27723389863967896,0.4715762734413147,0.620042085647583,0.9546301960945129,0.005717206746339798
63854,1,04_Funk3-112-C#_comp.jams,342293,4,4,3,3,True,regression,mixed_by_complete_group,173,46,127,0,0.3770337402820587,0.38047394156455994,0.24249227344989777,0.4759754240512848,0.5056238174438477,0.1504785418510437
63877,1,04_Funk3-112-C#_comp.jams,413810,4,3,4,4,False,correction,mixed_by_complete_group,127,123,4,0,0.3656446933746338,0.22016596794128418,0.41418933868408203,0.3949311077594757,0.5460740327835083,0.1962408423423767
63890,1,04_Funk3-112-C#_comp.jams,449820,4,3,4,4,False,correction,mixed_by_complete_group,129,87,41,1,0.301057368516922,0.2660374641418457,0.4329051971435547,0.44743216037750244,0.4749889373779297,0.008477523922920227
63897,1,04_Funk3-112-C#_comp.jams,472729,4,4,3,3,True,regression,mixed_by_complete_group,109,16,93,0,0.3171195983886719,0.40614232420921326,0.27673807740211487,0.5551891922950745,0.5766421556472778,0.08500909805297852
63910,1,04_Funk3-112-C#_comp.jams,508259,4,2,4,3,False,neutral,local_rates_favor_regression_for_all_groups,2,0,2,0,0.2439190149307251,0.3606468439102173,0.39543417096138,0.109375,0.5439573526382446,0.011675983667373657
63924,1,04_Funk3-112-C#_comp.jams,544146,2,2,3,3,True,regression,mixed_by_complete_group,128,124,4,0,0.34501057863235474,0.2668859362602234,0.3881034851074219,0.3497314453125,0.5597705245018005,0.26293933391571045
63927,1,04_Funk3-112-C#_comp.jams,550210,2,4,3,3,False,neutral,local_rates_favor_correction_for_all_groups,18,18,0,0,0.4641248285770416,0.34089395403862,0.19498121738433838,0.4088541567325592,0.7666083574295044,0.6455893516540527
63930,1,04_Funk3-112-C#_comp.jams,566779,4,4,3,3,True,regression,mixed_by_complete_group,79,43,36,0,0.3553491532802582,0.3280180096626282,0.31663283705711365,0.4400711953639984,0.5372933745384216,0.057190537452697754
63940,1,04_Funk3-112-C#_comp.jams,586396,3,3,2,2,True,regression,mixed_by_complete_group,25,2,23,0,0.22875314950942993,0.24986180663108826,0.5213850736618042,0.5418750047683716,0.778709888458252,0.053736984729766846
63957,1,04_Funk3-112-C#_comp.jams,637665,2,2,3,3,True,regression,mixed_by_complete_group,19,6,13,0,0.3125413656234741,0.3345812261104584,0.3528774678707123,0.13898026943206787,0.529556155204773,0.28816914558410645
63958,1,04_Funk3-112-C#_comp.jams,639499,3,2,4,4,False,neutral,local_rates_favor_regression_for_all_groups,1,0,1,0,0.0907372385263443,0.1550094485282898,0.7542533278465271,0.171875,0.521874189376831,0.1520211100578308
63961,1,04_Funk3-112-C#_comp.jams,645612,2,3,2,2,False,correction,mixed_by_complete_group,100,11,89,0,0.24766084551811218,0.2737075984477997,0.47863152623176575,0.6653125286102295,0.932636022567749,0.24510397017002106
63963,1,04_Funk3-112-C#_comp.jams,651079,2,3,4,2,False,correction,mixed_by_complete_group,55,15,40,0,0.2919149696826935,0.297652930021286,0.4104321599006653,0.5758522748947144,0.7118538618087769,0.30241629481315613
64007,1,04_Funk3-112-C#_comp.jams,775021,3,2,2,3,False,correction,local_rates_favor_regression_for_all_groups,1,0,1,0,0.16628976166248322,0.3405698835849762,0.4931403696537018,0.328125,0.704947829246521,0.012163817882537842
64022,1,04_Funk3-112-C#_comp.jams,827207,4,4,5,5,True,regression,tied_local_rates,1,0,0,1,0.294721394777298,0.294721394777298,0.41055718064308167,0.15625,0.4318770170211792,0.13225162029266357
64048,1,04_Funk3-112-C#_comp.jams,904695,2,4,3,2,False,correction,mixed_by_complete_group,8,7,1,0,0.2077701985836029,0.18563464283943176,0.6065951585769653,0.15625,0.7432681918144226,0.02597944438457489
64059,1,04_Funk3-112-C#_comp.jams,934344,2,3,2,2,False,correction,local_rates_favor_regression_for_all_groups,34,0,34,0,0.27732226252555847,0.3557124137878418,0.36696532368659973,0.595588207244873,0.794221043586731,0.3338721692562103
64095,1,04_Funk3-112-C#_comp.jams,1039885,3,3,3,4,False,regression,local_rates_favor_correction_for_all_groups,3,3,0,0,0.52266925573349,0.27903294563293457,0.19829781353473663,0.1614583283662796,0.46277105808258057,0.00620722770690918
64104,1,04_Funk3-112-C#_comp.jams,1075632,3,3,4,4,True,regression,mixed_by_complete_group,52,51,1,0,0.38951364159584045,0.26306140422821045,0.3474249541759491,0.09405048191547394,0.4532843828201294,0.153663769364357
64122,1,04_Funk3-112-C#_comp.jams,1134203,3,3,2,2,True,regression,local_rates_favor_regression_for_all_groups,7,0,7,0,0.24523724615573883,0.4693312644958496,0.28543147444725037,0.4174107015132904,0.5217142701148987,0.0033603012561798096
64165,1,04_Funk3-112-C#_comp.jams,1246616,1,3,2,2,False,neutral,mixed_by_complete_group,207,204,1,2,0.3104684352874756,0.17648480832576752,0.5130468010902405,0.24932065606117249,0.7831972241401672,0.555338442325592
64180,1,04_Funk3-112-C#_comp.jams,1282499,2,4,3,3,False,neutral,local_rates_favor_correction_for_all_groups,15,15,0,0,0.4641520380973816,0.3365888297557831,0.19925911724567413,0.6260416507720947,0.9174805283546448,0.4741526246070862
64185,1,04_Funk3-112-C#_comp.jams,1298220,2,4,2,2,False,correction,mixed_by_complete_group,208,171,37,0,0.3483608663082123,0.2604660987854004,0.3911730647087097,0.25803786516189575,0.638827383518219,0.4966524839401245
64189,1,04_Funk3-112-C#_comp.jams,1306503,3,4,3,3,False,correction,mixed_by_complete_group,114,111,3,0,0.4982045888900757,0.33711791038513184,0.1646774858236313,0.40967652201652527,0.7205330729484558,0.4345225691795349
64193,1,04_Funk3-112-C#_comp.jams,1323192,5,3,4,4,False,neutral,local_rates_favor_correction_for_all_groups,2,2,0,0,0.4672977328300476,0.2947693467140198,0.237932950258255,0.3046875,0.419513076543808,0.07238960266113281
64207,1,04_Funk3-112-C#_comp.jams,1358809,4,4,3,3,True,regression,mixed_by_complete_group,124,53,71,0,0.36363592743873596,0.37287601828575134,0.26348811388015747,0.45085686445236206,0.422524094581604,0.043994009494781494
73856,1,04_SS3-98-C_comp.jams,26125,1,3,2,2,False,neutral,mixed_by_complete_group,180,32,148,0,0.20120158791542053,0.3183027505874634,0.48049572110176086,0.5691840052604675,0.5926856398582458,0.12077251076698303
73904,1,04_SS3-98-C_comp.jams,162399,2,4,3,3,False,neutral,mixed_by_complete_group,70,40,30,0,0.3867017328739166,0.3663941025733948,0.2469041794538498,0.32723215222358704,0.4750502407550812,0.2023632675409317
73920,1,04_SS3-98-C_comp.jams,216538,4,2,3,3,False,neutral,mixed_by_complete_group,180,13,165,2,0.33173128962516785,0.4229188561439514,0.24534986913204193,0.2974826395511627,0.5241097807884216,0.5374332070350647
73927,1,04_SS3-98-C_comp.jams,232802,1,3,2,2,False,neutral,mixed_by_complete_group,163,155,8,0,0.3105711042881012,0.22446183860301971,0.4649670720100403,0.4808282256126404,0.7071060538291931,0.5105553865432739
73935,1,04_SS3-98-C_comp.jams,252604,1,3,2,2,False,neutral,mixed_by_complete_group,127,75,52,0,0.3076048493385315,0.28615817427635193,0.40623700618743896,0.32615649700164795,0.6301735043525696,0.6302126049995422
73965,1,04_SS3-98-C_comp.jams,345571,1,3,2,2,False,neutral,mixed_by_complete_group,227,135,91,1,0.2595766484737396,0.21727265417575836,0.5231507420539856,0.5657351613044739,0.7660912275314331,0.11471372842788696
74101,1,04_SS3-98-C_comp.jams,755725,2,2,3,3,True,regression,local_rates_favor_regression_for_all_groups,57,0,57,0,0.2018810212612152,0.4438270628452301,0.3542919158935547,0.24698464572429657,0.5484721660614014,0.26581713557243347
74118,1,04_SS3-98-C_comp.jams,810607,2,2,3,3,True,regression,local_rates_favor_regression_for_all_groups,87,0,87,0,0.2596050202846527,0.3860322833061218,0.3543627858161926,0.3541666567325592,0.4761664867401123,0.2674371600151062
74139,1,04_SS3-98-C_comp.jams,878168,1,2,3,3,False,neutral,local_rates_favor_regression_for_all_groups,100,0,100,0,0.16349594295024872,0.45631951093673706,0.3801845908164978,0.34687501192092896,0.5428792238235474,0.03917981684207916
74187,1,04_SS3-98-C_comp.jams,998606,1,3,2,2,False,neutral,mixed_by_complete_group,219,60,159,0,0.2347775250673294,0.2914454936981201,0.4737769663333893,0.5652111768722534,0.8382176756858826,0.010235048830509186
74200,1,04_SS3-98-C_comp.jams,1027114,2,4,3,3,False,neutral,mixed_by_complete_group,127,70,57,0,0.3928058445453644,0.39699673652648926,0.21019738912582397,0.41301673650741577,0.4498588442802429,0.05252227187156677
74232,1,04_SS3-98-C_comp.jams,1134289,3,2,3,3,False,correction,local_rates_favor_regression_for_all_groups,76,0,76,0,0.2659781277179718,0.4245533049106598,0.309468537569046,0.5180920958518982,0.4965827465057373,0.0783640444278717
74238,1,04_SS3-98-C_comp.jams,1147033,1,3,2,2,False,neutral,local_rates_favor_regression_for_all_groups,112,0,112,0,0.24274961650371552,0.38728922605514526,0.3699611723423004,0.5714285969734192,0.6055092215538025,0.2975139617919922
74250,1,04_SS3-98-C_comp.jams,1188234,3,2,3,3,False,correction,local_rates_favor_regression_for_all_groups,95,0,95,0,0.26377150416374207,0.452806293964386,0.2834222614765167,0.3411184251308441,0.5016551613807678,0.1310914158821106
74254,1,04_SS3-98-C_comp.jams,1209450,1,3,2,2,False,neutral,local_rates_favor_regression_for_all_groups,123,0,122,1,0.20082153379917145,0.3805922865867615,0.4185861647129059,0.5600863695144653,0.5170464515686035,0.10817116498947144
74337,1,04_SS3-98-C_comp.jams,1458577,3,4,2,2,False,neutral,mixed_by_complete_group,234,232,2,0,0.4262659549713135,0.18381337821483612,0.389920711517334,0.3810763955116272,0.598196804523468,0.2753943204879761
74390,1,04_SS3-98-C_comp.jams,1621536,2,3,2,2,False,correction,local_rates_favor_regression_for_all_groups,10,0,10,0,0.3172191381454468,0.40308666229248047,0.279694139957428,0.20624999701976776,0.49927884340286255,0.1205548346042633
1724,2,00_Funk1-114-Ab_comp.jams,13221,3,2,3,3,False,correction,mixed_by_complete_group,104,86,18,0,0.4189399182796478,0.32726719975471497,0.2537928819656372,0.3428485691547394,0.5707769393920898,0.020195603370666504
1729,2,00_Funk1-114-Ab_comp.jams,48906,3,2,3,3,False,correction,mixed_by_complete_group,116,4,112,0,0.30831021070480347,0.4126986861228943,0.27899113297462463,0.3469827473163605,0.5116667151451111,0.011470109224319458
1847,2,00_Funk1-114-Ab_comp.jams,383865,1,3,2,2,False,neutral,mixed_by_complete_group,90,85,5,0,0.36981913447380066,0.286668986082077,0.3435119390487671,0.21649305522441864,0.4723735451698303,0.05392608046531677
1866,2,00_Funk1-114-Ab_comp.jams,451648,4,2,3,3,False,neutral,mixed_by_complete_group,127,126,1,0,0.4614271819591522,0.28334274888038635,0.25523000955581665,0.43245571851730347,0.5959186553955078,0.3207589089870453
1894,2,00_Funk1-114-Ab_comp.jams,581045,2,3,2,2,False,correction,mixed_by_complete_group,26,3,23,0,0.2922627329826355,0.3434971570968628,0.3642401099205017,0.6105769276618958,0.5507179498672485,0.036374032497406006
1901,2,00_Funk1-114-Ab_comp.jams,637811,2,3,2,2,False,correction,mixed_by_complete_group,50,1,49,0,0.27416089177131653,0.4081025719642639,0.31773659586906433,0.21062499284744263,0.7440265417098999,0.2540985643863678
1924,2,00_Funk1-114-Ab_comp.jams,719574,2,3,2,2,False,correction,local_rates_favor_correction_for_all_groups,2,2,0,0,0.39760899543762207,0.3174813985824585,0.28490960597991943,0.4375,0.5969511270523071,0.05175614356994629
1941,2,00_Funk1-114-Ab_comp.jams,784616,4,3,2,2,False,neutral,mixed_by_complete_group,233,231,2,0,0.3077833354473114,0.22513404488563538,0.46708258986473083,0.3298014998435974,1.2524985074996948,0.8428762555122375
1944,2,00_Funk1-114-Ab_comp.jams,794778,1,4,2,2,False,neutral,mixed_by_complete_group,225,224,1,0,0.31113606691360474,0.1630697399377823,0.5257942080497742,0.3278472125530243,0.9933614134788513,0.03847901523113251
1976,2,00_Funk1-114-Ab_comp.jams,867229,5,3,4,4,False,neutral,mixed_by_complete_group,110,83,26,1,0.3274783492088318,0.2888789474964142,0.3836428225040436,0.28835228085517883,0.4573501944541931,0.027681514620780945
1979,2,00_Funk1-114-Ab_comp.jams,877686,5,3,3,2,False,neutral,mixed_by_complete_group,96,94,2,0,0.30417656898498535,0.24093477427959442,0.45488861203193665,0.3948567807674408,0.9892186522483826,0.10857264697551727
1999,2,00_Funk1-114-Ab_comp.jams,958659,5,3,4,4,False,neutral,mixed_by_complete_group,23,12,11,0,0.3018859028816223,0.31251659989356995,0.38559746742248535,0.1929347813129425,0.9247862100601196,0.23226411640644073
2022,2,00_Funk1-114-Ab_comp.jams,1053128,3,3,2,2,True,regression,local_rates_favor_regression_for_all_groups,101,0,101,0,0.20806056261062622,0.4844377636909485,0.3075016736984253,0.4127475321292877,0.4856427013874054,0.017387300729751587
5494,2,00_Jazz1-200-B_comp.jams,13471,2,2,3,3,True,regression,local_rates_favor_regression_for_all_groups,2,0,2,0,0.296957403421402,0.337700217962265,0.365342378616333,0.1875,0.6800298094749451,0.05737024545669556
5504,2,00_Jazz1-200-B_comp.jams,61859,3,2,3,3,False,correction,mixed_by_complete_group,176,7,166,3,0.28869539499282837,0.4520892798900604,0.259215384721756,0.21786221861839294,0.6880014538764954,0.12248829007148743
5629,2,00_Jazz1-200-B_comp.jams,516788,2,4,2,2,False,correction,mixed_by_complete_group,219,217,2,0,0.36914414167404175,0.1661122590303421,0.46474355459213257,0.20861871540546417,1.1422555446624756,0.7969985604286194
5639,2,00_Jazz1-200-B_comp.jams,540257,3,2,2,3,False,correction,local_rates_favor_regression_for_all_groups,7,0,7,0,0.2587866187095642,0.3565549850463867,0.3846583664417267,0.46875,0.7097197771072388,0.027023956179618835
5814,2,00_Jazz2-110-Bb_comp.jams,143115,3,2,3,3,False,correction,local_rates_favor_regression_for_all_groups,122,0,122,0,0.2396211475133896,0.4398515522480011,0.3205273449420929,0.25025615096092224,0.5488237738609314,0.08416813611984253
5912,2,00_Jazz2-110-Bb_comp.jams,470229,3,3,3,2,False,regression,local_rates_favor_regression_for_all_groups,1,0,1,0,0.3221977949142456,0.3956044018268585,0.2821978032588959,0.421875,0.5068878531455994,0.05377855896949768
5939,2,00_Jazz2-110-Bb_comp.jams,576264,2,2,3,3,True,regression,mixed_by_complete_group,2,1,1,0,0.3159227967262268,0.35244107246398926,0.33163613080978394,0.1015625,0.8498852252960205,0.3046359419822693
6059,2,00_Jazz2-110-Bb_comp.jams,889168,0,3,2,2,False,neutral,mixed_by_complete_group,140,139,1,0,0.30602407455444336,0.23392750322818756,0.4600484073162079,0.5064732432365417,0.6993962526321411,0.16030633449554443
6069,2,00_Jazz2-110-Bb_comp.jams,936146,2,2,2,3,False,regression,mixed_by_complete_group,70,67,2,1,0.4024215638637543,0.2847028076648712,0.3128756284713745,0.1272321492433548,0.5761223435401917,0.023541808128356934
6081,2,00_Jazz2-110-Bb_comp.jams,961039,4,2,3,3,False,neutral,mixed_by_complete_group,9,7,2,0,0.37644147872924805,0.33795231580734253,0.28560617566108704,0.2204861044883728,0.5728952884674072,0.024838894605636597
6190,2,00_Jazz2-110-Bb_comp.jams,1265244,2,4,3,3,False,neutral,mixed_by_complete_group,135,73,62,0,0.3808271586894989,0.3769046366214752,0.24226811528205872,0.5259259343147278,0.45746910572052,0.12525802850723267
6235,2,00_Jazz2-110-Bb_comp.jams,1409923,2,4,2,2,False,correction,local_rates_favor_correction_for_all_groups,126,126,0,0,0.32901713252067566,0.18739739060401917,0.4835854768753052,0.0376984141767025,0.5515586137771606,0.2588169574737549
6287,2,00_Jazz2-110-Bb_comp.jams,1513828,4,3,4,4,False,correction,local_rates_favor_correction_for_all_groups,11,11,0,0,0.44116804003715515,0.28362834453582764,0.2752036452293396,0.4161931872367859,0.48324820399284363,0.057425618171691895
8062,2,00_Rock1-130-A_comp.jams,68497,5,4,2,2,False,neutral,local_rates_favor_correction_for_all_groups,8,8,0,0,0.2686818838119507,0.14817917346954346,0.5831389427185059,0.12109375,0.435066819190979,0.04422265291213989
8068,2,00_Rock1-130-A_comp.jams,82546,0,3,2,2,False,neutral,local_rates_favor_correction_for_all_groups,231,231,0,0,0.4665704071521759,0.13167089223861694,0.40175870060920715,0.5317911505699158,0.6179903149604797,0.25547486543655396
8069,2,00_Rock1-130-A_comp.jams,84749,2,3,2,2,False,correction,local_rates_favor_correction_for_all_groups,148,148,0,0,0.43973293900489807,0.15762344002723694,0.402643620967865,0.7328969836235046,0.4994971752166748,0.1967909038066864
8102,2,00_Rock1-130-A_comp.jams,172160,2,3,2,2,False,correction,mixed_by_complete_group,194,193,1,0,0.3016848862171173,0.22407793998718262,0.4742371737957001,0.7233408689498901,0.6815658211708069,0.06702679395675659
8124,2,00_Rock1-130-A_comp.jams,229223,3,3,2,2,True,regression,local_rates_favor_correction_for_all_groups,213,213,0,0,0.35462117195129395,0.20658090710639954,0.4387979209423065,0.5824530720710754,0.6268327832221985,0.1284765899181366
8128,2,00_Rock1-130-A_comp.jams,238913,2,3,2,2,False,correction,local_rates_favor_correction_for_all_groups,209,209,0,0,0.3573566675186157,0.1670638471841812,0.47557950019836426,0.5831339955329895,0.6822367906570435,0.08714630454778671
8190,2,00_Rock1-130-A_comp.jams,410951,3,3,2,2,True,regression,mixed_by_complete_group,230,207,23,0,0.2841561436653137,0.18982042372226715,0.5260234475135803,0.47860053181648254,1.6415746212005615,0.012742841616272926
8192,2,00_Rock1-130-A_comp.jams,416352,3,4,2,2,False,neutral,mixed_by_complete_group,46,41,5,0,0.30696728825569153,0.15583834052085876,0.5371943116188049,0.17323370277881622,0.49020257592201233,0.07197822630405426
8208,2,00_Rock1-130-A_comp.jams,446560,2,4,2,2,False,correction,mixed_by_complete_group,150,149,1,0,0.384940505027771,0.09102841466665268,0.5240311026573181,0.32635417580604553,0.6101496815681458,0.12964820861816406
8221,2,00_Rock1-130-A_comp.jams,477514,2,3,2,2,False,correction,local_rates_favor_correction_for_all_groups,189,189,0,0,0.29636356234550476,0.17652848362922668,0.5271079540252686,0.5221560597419739,0.7590116262435913,0.2974516451358795
8227,2,00_Rock1-130-A_comp.jams,497075,2,3,2,2,False,correction,mixed_by_complete_group,12,8,4,0,0.3172798156738281,0.29655951261520386,0.38616064190864563,0.38671875,0.4417591392993927,0.08349147439002991
8232,2,00_Rock1-130-A_comp.jams,508494,4,3,4,2,False,neutral,mixed_by_complete_group,7,1,6,0,0.31356576085090637,0.36138877272605896,0.32504549622535706,0.4620535671710968,0.4887966811656952,0.1081843227148056
8251,2,00_Rock1-130-A_comp.jams,554770,4,4,3,3,True,regression,mixed_by_complete_group,42,38,4,0,0.35607847571372986,0.2814432382583618,0.3624783158302307,0.488467276096344,0.6494990587234497,0.10823532938957214
8268,2,00_Rock1-130-A_comp.jams,594999,2,3,2,2,False,correction,local_rates_favor_correction_for_all_groups,175,175,0,0,0.46711644530296326,0.18003438413143158,0.3528490960597992,0.4915178716182709,0.5405272841453552,0.2339707314968109
8288,2,00_Rock1-130-A_comp.jams,645846,4,4,3,3,True,regression,local_rates_favor_correction_for_all_groups,22,22,0,0,0.39475110173225403,0.18850737810134888,0.4167414903640747,0.5610795617103577,0.756450891494751,0.18499323725700378
8319,2,00_Rock1-130-A_comp.jams,718481,4,4,3,3,True,regression,local_rates_favor_regression_for_all_groups,9,0,9,0,0.20810440182685852,0.27352315187454224,0.5183724761009216,0.5086805820465088,0.6261631846427917,0.012367978692054749
8326,2,00_Rock1-130-A_comp.jams,733863,3,4,2,2,False,neutral,local_rates_favor_correction_for_all_groups,235,235,0,0,0.29859593510627747,0.11826011538505554,0.583143949508667,0.30152925848960876,0.6682368516921997,0.34056150913238525
8340,2,00_Rock1-130-A_comp.jams,769439,2,3,2,2,False,correction,local_rates_favor_correction_for_all_groups,218,218,0,0,0.33935868740081787,0.17505773901939392,0.485583633184433,0.5058773159980774,0.8875351548194885,0.0053880661725997925
8346,2,00_Rock1-130-A_comp.jams,788847,4,4,2,2,True,regression,mixed_by_complete_group,210,206,4,0,0.31181854009628296,0.16410481929779053,0.5240766406059265,0.5182291865348816,0.6197241544723511,0.4090033769607544
8380,2,00_Rock1-130-A_comp.jams,864539,5,4,3,3,False,neutral,mixed_by_complete_group,43,3,40,0,0.27242109179496765,0.3470005989074707,0.38057827949523926,0.5199854373931885,0.5894571542739868,0.23871326446533203
8386,2,00_Rock1-130-A_comp.jams,880522,3,4,2,2,False,neutral,mixed_by_complete_group,204,202,2,0,0.2923341393470764,0.12675586342811584,0.5809100866317749,0.49142158031463623,0.7205649018287659,0.29157841205596924
8576,2,00_Rock1-130-A_solo.jams,509698,1,4,3,3,False,neutral,mixed_by_complete_group,88,63,25,0,0.3903644382953644,0.27559995651245117,0.33403560519218445,0.3654119372367859,0.8847452402114868,0.6380387544631958
8659,2,00_Rock1-130-A_solo.jams,863730,1,3,2,2,False,neutral,mixed_by_complete_group,200,178,22,0,0.2699829041957855,0.20840972661972046,0.5216073393821716,0.5495312213897705,0.7745829820632935,0.22306561470031738
10427,2,00_Rock2-85-F_comp.jams,91603,5,3,4,4,False,neutral,local_rates_favor_correction_for_all_groups,112,112,0,0,0.47401899099349976,0.26385265588760376,0.2621283531188965,0.3409598171710968,0.5182477235794067,0.1765163242816925
10438,2,00_Rock2-85-F_comp.jams,114191,5,4,4,2,False,neutral,mixed_by_complete_group,121,118,3,0,0.2871986925601959,0.1344715803861618,0.5783297419548035,0.13946281373500824,0.5024820566177368,0.02879941463470459
10482,2,00_Rock2-85-F_comp.jams,208921,5,4,2,2,False,neutral,local_rates_favor_correction_for_all_groups,211,211,0,0,0.34557974338531494,0.1331149935722351,0.52130526304245,0.5767180323600769,0.5709041953086853,0.16776765882968903
10491,2,00_Rock2-85-F_comp.jams,232782,2,3,2,2,False,correction,mixed_by_complete_group,156,155,1,0,0.3092612624168396,0.19651736319065094,0.49422135949134827,0.5027043223381042,0.9212709069252014,0.6800796985626221
10493,2,00_Rock2-85-F_comp.jams,240308,5,4,2,2,False,neutral,mixed_by_complete_group,53,48,5,0,0.2696170210838318,0.1845332235097885,0.5458498001098633,0.044221699237823486,0.6705828905105591,0.0867801308631897
10519,2,00_Rock2-85-F_comp.jams,303319,4,4,3,2,True,regression,mixed_by_complete_group,61,54,7,0,0.3138011693954468,0.2250143140554428,0.46118447184562683,0.3852458894252777,0.5143564343452454,0.14311206340789795
10534,2,00_Rock2-85-F_comp.jams,334200,6,3,2,2,False,neutral,local_rates_favor_correction_for_all_groups,1,1,0,0,0.2713142931461334,0.24857142567634583,0.48011428117752075,0.59375,0.40746837854385376,0.4051324725151062
10544,2,00_Rock2-85-F_comp.jams,357552,3,4,2,2,False,neutral,mixed_by_complete_group,225,223,2,0,0.3059608042240143,0.13001428544521332,0.5640249252319336,0.3258333206176758,0.902704119682312,0.4685603976249695
10546,2,00_Rock2-85-F_comp.jams,365070,4,4,3,3,True,regression,mixed_by_complete_group,22,9,13,0,0.30855390429496765,0.3046039044857025,0.3868422508239746,0.5830965638160706,0.5108854174613953,0.3086376488208771
10565,2,00_Rock2-85-F_comp.jams,402491,4,3,2,2,False,neutral,mixed_by_complete_group,198,193,5,0,0.3995554745197296,0.25952327251434326,0.34092122316360474,0.3117108643054962,0.6289544701576233,0.421573281288147
10604,2,00_Rock2-85-F_comp.jams,481815,2,2,2,3,False,regression,mixed_by_complete_group,49,6,43,0,0.35350850224494934,0.4217943847179413,0.22469711303710938,0.1116071417927742,0.8506355881690979,0.1060139536857605
10607,2,00_Rock2-85-F_comp.jams,489457,2,3,2,2,False,correction,mixed_by_complete_group,127,4,123,0,0.29492703080177307,0.3696242868900299,0.33544865250587463,0.42421260476112366,0.5671812891960144,0.035607755184173584
10619,2,00_Rock2-85-F_comp.jams,513151,1,2,3,3,False,neutral,mixed_by_complete_group,8,1,7,0,0.32295334339141846,0.3952910900115967,0.28175556659698486,0.15625,0.5175747275352478,0.08802089095115662
10637,2,00_Rock2-85-F_comp.jams,553254,3,3,2,2,True,regression,mixed_by_complete_group,108,87,21,0,0.27673277258872986,0.243159681558609,0.48010754585266113,0.5409432649612427,0.4319513142108917,0.1327947974205017
10651,2,00_Rock2-85-F_comp.jams,581815,2,4,2,2,False,correction,mixed_by_complete_group,188,186,2,0,0.32508012652397156,0.11422339826822281,0.5606964826583862,0.18500664830207825,0.7371062636375427,0.1920926868915558
10690,2,00_Rock2-85-F_comp.jams,669109,3,3,2,2,True,regression,mixed_by_complete_group,115,110,5,0,0.2920900285243988,0.2552659511566162,0.452644020318985,0.80910325050354,0.5808814764022827,0.05080917477607727
10699,2,00_Rock2-85-F_comp.jams,690821,1,3,2,2,False,neutral,local_rates_favor_correction_for_all_groups,212,212,0,0,0.40705519914627075,0.19945843517780304,0.3934863805770874,0.4677181541919708,0.6502737998962402,0.36348956823349
10704,2,00_Rock2-85-F_comp.jams,701404,3,3,2,2,True,regression,local_rates_favor_correction_for_all_groups,237,237,0,0,0.3977351486682892,0.15364347398281097,0.44862136244773865,0.5956619381904602,0.6182411909103394,0.3478432297706604
10716,2,00_Rock2-85-F_comp.jams,737521,1,4,2,2,False,neutral,mixed_by_complete_group,112,109,3,0,0.27766939997673035,0.1375952810049057,0.5847353339195251,0.1012834832072258,1.0059969425201416,0.034847602248191833
10743,2,00_Rock2-85-F_comp.jams,793766,4,3,2,2,False,neutral,mixed_by_complete_group,161,37,124,0,0.22715787589550018,0.2656634449958801,0.5071786642074585,0.7386451959609985,1.068379521369934,0.6330194473266602
10771,2,00_Rock2-85-F_comp.jams,849254,4,3,3,2,False,neutral,local_rates_favor_regression_for_all_groups,94,0,94,0,0.23797468841075897,0.39307478070259094,0.36895057559013367,0.7686170339584351,0.5377715229988098,0.13779538869857788
10803,2,00_Rock2-85-F_comp.jams,925592,5,4,2,2,False,neutral,mixed_by_complete_group,99,96,3,0,0.29913845658302307,0.13217484951019287,0.5686867237091064,0.40041035413742065,0.693670392036438,0.019609689712524414
10824,2,00_Rock2-85-F_comp.jams,966829,3,4,2,2,False,neutral,mixed_by_complete_group,177,176,1,0,0.3843616247177124,0.1329115480184555,0.4827268719673157,0.3396892547607422,0.5139888525009155,0.03609535098075867
10828,2,00_Rock2-85-F_comp.jams,974341,3,4,3,3,False,correction,mixed_by_complete_group,51,12,39,0,0.2451012134552002,0.27738794684410095,0.47751083970069885,0.5674019455909729,0.6903412938117981,0.3759056627750397
10833,2,00_Rock2-85-F_comp.jams,988873,2,4,2,2,False,correction,local_rates_favor_correction_for_all_groups,32,32,0,0,0.2832072377204895,0.16665157675743103,0.5501412153244019,0.1943359375,0.5373176336288452,0.010240226984024048
10919,2,00_Rock2-85-F_comp.jams,1191390,5,4,3,3,False,neutral,local_rates_favor_regression_for_all_groups,27,0,27,0,0.23179323971271515,0.4039779305458069,0.36422884464263916,0.40567129850387573,0.5439208149909973,0.07410430908203125
10922,2,00_Rock2-85-F_comp.jams,1198666,5,2,3,3,False,neutral,mixed_by_complete_group,17,12,5,0,0.3744402527809143,0.34080207347869873,0.28475767374038696,0.09834558516740799,0.6804004311561584,0.3246290385723114
10932,2,00_Rock2-85-F_comp.jams,1222578,4,3,2,2,False,neutral,mixed_by_complete_group,119,21,98,0,0.2666747272014618,0.2874595522880554,0.445865660905838,0.6280199289321899,0.6404198408126831,0.1029236912727356
10971,2,00_Rock2-85-F_comp.jams,1330301,4,4,2,3,True,regression,local_rates_favor_regression_for_all_groups,20,0,20,0,0.2571316361427307,0.3535711169242859,0.389297217130661,0.729687511920929,0.5110090374946594,0.06142021715641022
10983,2,00_Rock2-85-F_comp.jams,1355082,3,3,2,2,True,regression,local_rates_favor_correction_for_all_groups,201,201,0,0,0.3271421790122986,0.16233481466770172,0.5105230212211609,0.6277207732200623,0.7605782151222229,0.2882879972457886
10987,2,00_Rock2-85-F_comp.jams,1370556,3,2,3,3,False,correction,local_rates_favor_regression_for_all_groups,4,0,4,0,0.25207069516181946,0.384146511554718,0.3637827932834625,0.171875,0.48346632719039917,0.17930495738983154
11029,2,00_Rock2-85-F_comp.jams,1471741,5,4,3,3,False,neutral,local_rates_favor_regression_for_all_groups,73,0,73,0,0.17642638087272644,0.38392192125320435,0.4396516978740692,0.548373281955719,0.5796151757240295,0.29036545753479004
11095,2,00_Rock2-85-F_comp.jams,1618470,4,4,3,3,True,regression,local_rates_favor_regression_for_all_groups,126,0,126,0,0.23538605868816376,0.386003315448761,0.3786105811595917,0.6060267686843872,0.6046636700630188,0.19662317633628845
11102,2,00_Rock2-85-F_comp.jams,1633532,4,2,2,3,False,neutral,local_rates_favor_regression_for_all_groups,123,0,123,0,0.20454932749271393,0.4038739502429962,0.39157670736312866,0.2184959352016449,0.5493417382240295,0.053985804319381714
11122,2,00_Rock2-85-F_comp.jams,1674312,4,2,3,3,False,neutral,mixed_by_complete_group,91,20,70,1,0.3135535418987274,0.34560462832450867,0.3408418297767639,0.3798076808452606,0.5487507581710815,0.011318087577819824
11130,2,00_Rock2-85-F_comp.jams,1697208,2,3,2,2,False,correction,mixed_by_complete_group,201,189,12,0,0.25576522946357727,0.20039789378643036,0.5438368916511536,0.7004042267799377,0.8417816758155823,0.02383268252015114
11149,2,00_Rock2-85-F_comp.jams,1742720,3,3,2,2,True,regression,mixed_by_complete_group,204,190,14,0,0.32959890365600586,0.22106963396072388,0.44933152198791504,0.46568626165390015,0.6039929986000061,0.5119127631187439
11204,2,00_Rock2-85-F_comp.jams,1858892,5,4,3,2,False,neutral,mixed_by_complete_group,63,59,4,0,0.3005189597606659,0.16372862458229065,0.5357522964477539,0.2581845223903656,0.5376287698745728,0.04958257079124451
11535,2,00_Rock2-85-F_solo.jams,1942964,3,3,2,2,True,regression,mixed_by_complete_group,146,56,90,0,0.345234751701355,0.33631739020347595,0.31844785809516907,0.2677654027938843,0.5324976444244385,0.22982680797576904
18355,2,01_Funk1-114-Ab_comp.jams,87774,3,3,2,2,True,regression,local_rates_favor_correction_for_all_groups,184,184,0,0,0.4548700451850891,0.1802866905927658,0.3648432791233063,0.5382982492446899,0.7021136283874512,0.6207318305969238
18359,2,01_Funk1-114-Ab_comp.jams,104859,3,3,2,2,True,regression,mixed_by_complete_group,210,154,56,0,0.21227823197841644,0.18783539533615112,0.5998863577842712,0.3675595223903656,1.355488896369934,0.6155245304107666
18367,2,01_Funk1-114-Ab_comp.jams,139363,3,3,4,4,True,regression,local_rates_favor_correction_for_all_groups,6,6,0,0,0.36987707018852234,0.27856725454330444,0.3515557050704956,0.1901041716337204,0.8034310936927795,0.3292871415615082
18371,2,01_Funk1-114-Ab_comp.jams,155985,3,2,3,3,False,correction,mixed_by_complete_group,132,1,131,0,0.24677209556102753,0.40714573860168457,0.3460821807384491,0.25710228085517883,1.4784724712371826,0.06321126222610474
18377,2,01_Funk1-114-Ab_comp.jams,180949,3,3,2,2,True,regression,local_rates_favor_correction_for_all_groups,212,212,0,0,0.45367929339408875,0.18201351165771484,0.3643072247505188,0.5172464847564697,0.723042368888855,0.6062593460083008
18381,2,01_Funk1-114-Ab_comp.jams,198153,3,3,2,2,True,regression,mixed_by_complete_group,219,184,35,0,0.20421718060970306,0.1694445013999939,0.6263383030891418,0.3544520437717438,1.3476966619491577,0.7107070684432983
18383,2,01_Funk1-114-Ab_comp.jams,210354,3,2,3,3,False,correction,local_rates_favor_correction_for_all_groups,125,125,0,0,0.48739731311798096,0.33691972494125366,0.1756829470396042,0.6076250076293945,0.7984613180160522,0.20744392275810242
18401,2,01_Funk1-114-Ab_comp.jams,289716,3,3,2,2,True,regression,mixed_by_complete_group,178,166,12,0,0.20274202525615692,0.14382460713386536,0.6534333825111389,0.3903616666793823,1.3457545042037964,0.42760246992111206
18404,2,01_Funk1-114-Ab_comp.jams,301889,2,3,2,2,False,correction,mixed_by_complete_group,15,13,2,0,0.3468838930130005,0.2755782902240753,0.3775378167629242,0.09791667014360428,0.6675641536712646,0.04909282922744751
18405,2,01_Funk1-114-Ab_comp.jams,307490,3,3,2,2,True,regression,mixed_by_complete_group,185,165,20,0,0.26069924235343933,0.20371702313423157,0.5355837345123291,0.5288851261138916,0.7852942943572998,0.5536791086196899
18409,2,01_Funk1-114-Ab_comp.jams,324109,3,2,3,3,False,correction,mixed_by_complete_group,121,12,108,1,0.3000907003879547,0.3641151785850525,0.3357941508293152,0.24483470618724823,1.158942461013794,0.4159681797027588
18413,2,01_Funk1-114-Ab_comp.jams,346498,1,2,3,3,False,neutral,local_rates_favor_regression_for_all_groups,108,0,108,0,0.26497846841812134,0.40457209944725037,0.3304494619369507,0.28067129850387573,0.9640358686447144,0.29051995277404785
18415,2,01_Funk1-114-Ab_comp.jams,352701,0,3,2,2,False,neutral,mixed_by_complete_group,149,75,74,0,0.24953314661979675,0.2363252341747284,0.5141416192054749,0.13538171350955963,0.9281772971153259,0.4937097430229187
18417,2,01_Funk1-114-Ab_comp.jams,358750,2,3,2,2,False,correction,mixed_by_complete_group,149,38,111,0,0.25766927003860474,0.29870209097862244,0.44362860918045044,0.3490981459617615,0.7734478712081909,0.5317522883415222
18418,2,01_Funk1-114-Ab_comp.jams,365264,3,2,2,3,False,correction,local_rates_favor_regression_for_all_groups,1,0,1,0,0.35990533232688904,0.4842461049556732,0.15584854781627655,0.28125,0.9135165810585022,0.12486916780471802
18421,2,01_Funk1-114-Ab_comp.jams,371791,2,3,2,2,False,correction,mixed_by_complete_group,214,208,6,0,0.3383607268333435,0.23427937924861908,0.4273598790168762,0.3890186846256256,0.8023377060890198,0.31396475434303284
18439,2,01_Funk1-114-Ab_comp.jams,429487,1,3,2,2,False,neutral,mixed_by_complete_group,135,83,52,0,0.31783050298690796,0.30179256200790405,0.3803768455982208,0.08090277761220932,1.0054322481155396,0.058147966861724854
18468,2,01_Funk1-114-Ab_comp.jams,528017,2,2,3,3,True,regression,local_rates_favor_regression_for_all_groups,50,0,50,0,0.2886250913143158,0.3662290871143341,0.3451457917690277,0.3253124952316284,1.2153176069259644,0.17991414666175842
18475,2,01_Funk1-114-Ab_comp.jams,569535,2,2,3,3,True,regression,mixed_by_complete_group,9,3,6,0,0.2938540279865265,0.2957817018032074,0.4103642702102661,0.2482638955116272,1.6879243850708008,0.17598018050193787
18482,2,01_Funk1-114-Ab_comp.jams,603762,3,3,4,4,True,regression,mixed_by_complete_group,102,7,95,0,0.31636571884155273,0.40763047337532043,0.2760038673877716,0.2613357901573181,0.6411245465278625,0.3292110860347748
18485,2,01_Funk1-114-Ab_comp.jams,610144,3,3,2,2,True,regression,local_rates_favor_correction_for_all_groups,191,191,0,0,0.42428556084632874,0.18640382587909698,0.3893105983734131,0.4996727705001831,0.6305655241012573,0.12573108077049255
18493,2,01_Funk1-114-Ab_comp.jams,638207,3,3,4,4,True,regression,local_rates_favor_regression_for_all_groups,1,0,1,0,0.30821046233177185,0.3234621286392212,0.36832740902900696,0.25,1.162829875946045,0.2046433687210083
18501,2,01_Funk1-114-Ab_comp.jams,667276,3,3,2,2,True,regression,local_rates_favor_correction_for_all_groups,93,93,0,0,0.4652884602546692,0.27560174465179443,0.25910985469818115,0.3894489109516144,0.6125602126121521,0.043087929487228394
18530,2,01_Funk1-114-Ab_comp.jams,789582,2,4,4,3,False,neutral,mixed_by_complete_group,92,1,91,0,0.3069257140159607,0.43490704894065857,0.2581673264503479,0.6630434989929199,1.204736351966858,0.009815424680709839
18572,2,01_Funk1-114-Ab_comp.jams,958370,3,2,3,3,False,correction,mixed_by_complete_group,53,35,18,0,0.3847343623638153,0.35312774777412415,0.2621379494667053,0.4442806541919708,1.0208295583724976,0.16143004596233368
18585,2,01_Funk1-114-Ab_comp.jams,1016171,2,3,2,2,False,correction,local_rates_favor_correction_for_all_groups,169,169,0,0,0.4005059599876404,0.21813474595546722,0.3813593089580536,0.49167898297309875,0.8132840394973755,0.02618783712387085
18588,2,01_Funk1-114-Ab_comp.jams,1033095,2,3,2,2,False,correction,mixed_by_complete_group,150,103,47,0,0.21790242195129395,0.1985340565443039,0.5835635662078857,0.4153124988079071,0.9761375188827515,0.3571021258831024
18590,2,01_Funk1-114-Ab_comp.jams,1044881,2,2,3,3,True,regression,mixed_by_complete_group,122,36,85,1,0.3516607880592346,0.39019057154655457,0.258148729801178,0.5454661846160889,0.8051652908325195,0.5197197198867798
18591,2,01_Funk1-114-Ab_comp.jams,1051417,2,3,2,2,False,correction,local_rates_favor_correction_for_all_groups,134,134,0,0,0.4489009380340576,0.19093763828277588,0.3601614534854889,0.4132462739944458,0.6972435712814331,0.45984798669815063
18595,2,01_Funk1-114-Ab_comp.jams,1068007,2,2,3,3,True,regression,mixed_by_complete_group,136,22,113,1,0.3097791075706482,0.36436665058135986,0.32585424184799194,0.26217830181121826,1.018630862236023,0.15704038739204407
18603,2,01_Funk1-114-Ab_comp.jams,1101752,2,4,3,3,False,neutral,mixed_by_complete_group,222,117,103,2,0.4387860596179962,0.29625076055526733,0.26496317982673645,0.5026745200157166,0.8836088180541992,0.46351975202560425
18797,2,01_Funk1-114-Ab_solo.jams,904475,1,3,2,2,False,neutral,local_rates_favor_correction_for_all_groups,57,57,0,0,0.43639716506004333,0.2583572268486023,0.30524560809135437,0.10471491515636444,0.599707841873169,0.3943188190460205
18810,2,01_Funk1-114-Ab_solo.jams,952205,1,3,2,2,False,neutral,mixed_by_complete_group,75,4,71,0,0.24365760385990143,0.3363814651966095,0.41996094584465027,0.15062500536441803,0.7207692861557007,0.14558057487010956
18834,2,01_Funk1-114-Ab_solo.jams,1044365,1,3,2,2,False,neutral,mixed_by_complete_group,178,81,97,0,0.2759038209915161,0.270420640707016,0.4536755681037903,0.3863237500190735,0.8659657835960388,0.031824707984924316
18844,2,01_Funk1-114-Ab_solo.jams,1097221,2,2,2,3,False,regression,local_rates_favor_regression_for_all_groups,2,0,2,0,0.28571218252182007,0.36468538641929626,0.34960243105888367,0.078125,1.1128453016281128,0.03525352478027344
21878,2,01_Jazz1-200-B_comp.jams,510821,1,4,2,2,False,neutral,mixed_by_complete_group,221,101,120,0,0.3316914439201355,0.3368237614631653,0.33148476481437683,0.4514988660812378,0.7411425709724426,0.13634970784187317
22096,2,01_Jazz2-110-Bb_comp.jams,118704,0,2,4,3,False,neutral,local_rates_favor_regression_for_all_groups,4,0,4,0,0.27084270119667053,0.32407405972480774,0.40508323907852173,0.2578125,1.8802400827407837,0.24407251179218292
22132,2,01_Jazz2-110-Bb_comp.jams,232865,3,3,4,4,True,regression,mixed_by_complete_group,39,37,2,0,0.4067937135696411,0.34393560886383057,0.24927063286304474,0.20272435247898102,0.4956452250480652,0.07355710864067078
22147,2,01_Jazz2-110-Bb_comp.jams,264222,3,3,2,2,True,regression,mixed_by_complete_group,129,63,66,0,0.25351107120513916,0.2523200511932373,0.4941689372062683,0.4749273359775543,1.0451292991638184,0.026872307062149048
22149,2,01_Jazz2-110-Bb_comp.jams,287923,3,2,3,3,False,correction,local_rates_favor_regression_for_all_groups,2,0,2,0,0.3362598717212677,0.43548768758773804,0.22825244069099426,0.4765625,0.5296474695205688,0.07171022891998291
22252,2,01_Jazz2-110-Bb_comp.jams,665940,3,4,2,2,False,neutral,mixed_by_complete_group,207,201,6,0,0.3474348187446594,0.19927996397018433,0.45328524708747864,0.09012681245803833,0.63555508852005,0.4528542757034302
22300,2,01_Jazz2-110-Bb_comp.jams,906689,2,3,4,4,False,neutral,mixed_by_complete_group,142,87,55,0,0.34677043557167053,0.32685211300849915,0.32637739181518555,0.3128301203250885,0.5954422354698181,0.15126025676727295
22431,2,01_Jazz2-110-Bb_comp.jams,1371761,1,3,2,2,False,neutral,mixed_by_complete_group,187,62,125,0,0.2948779761791229,0.31737205386161804,0.38774994015693665,0.23328876495361328,0.7708681225776672,0.13335168361663818
23932,2,01_Rock1-130-A_comp.jams,215728,3,3,2,2,True,regression,mixed_by_complete_group,102,93,9,0,0.35036516189575195,0.3194712698459625,0.33016353845596313,0.6156556606292725,0.5037332773208618,0.18295666575431824
23940,2,01_Rock1-130-A_comp.jams,237698,0,3,2,2,False,neutral,mixed_by_complete_group,194,184,10,0,0.37196052074432373,0.22494573891162872,0.40309372544288635,0.40963274240493774,0.574954092502594,0.4409673511981964
23962,2,01_Rock1-130-A_comp.jams,295073,3,4,3,3,False,correction,mixed_by_complete_group,163,42,121,0,0.3369835317134857,0.3693959712982178,0.2936204969882965,0.5482169985771179,0.4805988669395447,0.04185080528259277
23975,2,01_Rock1-130-A_comp.jams,326596,1,4,3,3,False,neutral,mixed_by_complete_group,127,33,94,0,0.31051281094551086,0.38651353120803833,0.3029736280441284,0.5837844610214233,0.45380929112434387,0.20984096825122833
24065,2,01_Rock1-130-A_comp.jams,538623,2,3,2,2,False,correction,mixed_by_complete_group,36,24,12,0,0.3237074315547943,0.3005039691925049,0.3757885694503784,0.33203125,0.5208305716514587,0.15448179841041565
24066,2,01_Rock1-130-A_comp.jams,540389,1,2,3,3,False,neutral,local_rates_favor_regression_for_all_groups,2,0,2,0,0.32077401876449585,0.3928278684616089,0.28639811277389526,0.390625,0.4471343755722046,0.062424302101135254
24090,2,01_Rock1-130-A_comp.jams,621386,3,3,4,4,True,regression,local_rates_favor_regression_for_all_groups,2,0,2,0,0.3306337893009186,0.3799249827861786,0.28944122791290283,0.09375,0.461457222700119,0.46773117780685425
24101,2,01_Rock1-130-A_comp.jams,651197,6,3,4,4,False,neutral,mixed_by_complete_group,120,117,3,0,0.3864183723926544,0.2573606073856354,0.3562210202217102,0.3020833432674408,0.4451432228088379,0.11684662103652954
24225,2,01_Rock1-130-A_comp.jams,935166,2,3,3,2,False,correction,local_rates_favor_correction_for_all_groups,79,79,0,0,0.3792814016342163,0.25371551513671875,0.36700305342674255,0.2903481125831604,0.5529102087020874,0.007722482085227966
24226,2,01_Rock1-130-A_comp.jams,937112,2,2,3,3,True,regression,local_rates_favor_regression_for_all_groups,59,0,59,0,0.3322432041168213,0.45534828305244446,0.21240849792957306,0.2981991469860077,0.4363909959793091,0.009608954191207886
26279,2,01_Rock2-85-F_comp.jams,294292,3,4,2,2,False,neutral,local_rates_favor_correction_for_all_groups,200,200,0,0,0.3953842222690582,0.14179162681102753,0.46282416582107544,0.08375000208616257,0.6207375526428223,0.37762972712516785
26280,2,01_Rock2-85-F_comp.jams,296276,3,3,2,2,True,regression,mixed_by_complete_group,125,123,2,0,0.3969097435474396,0.25750496983528137,0.34558531641960144,0.5482500195503235,0.4660272002220154,0.19237759709358215
26395,2,01_Rock2-85-F_comp.jams,545220,3,3,2,2,True,regression,mixed_by_complete_group,92,2,90,0,0.2589503526687622,0.36822453141212463,0.37282511591911316,0.3795855939388275,0.48879528045654297,0.007730960845947266
26471,2,01_Rock2-85-F_comp.jams,715616,3,4,3,3,False,correction,mixed_by_complete_group,125,14,111,0,0.3025446832180023,0.3427176773548126,0.3547375798225403,0.6967499852180481,0.5262246131896973,0.13315197825431824
26501,2,01_Rock2-85-F_comp.jams,793931,4,2,3,3,False,neutral,mixed_by_complete_group,125,120,5,0,0.3247767388820648,0.24452444911003113,0.43069881200790405,0.29624998569488525,0.5622096657752991,0.4539473056793213
26540,2,01_Rock2-85-F_comp.jams,872870,3,2,3,3,False,correction,mixed_by_complete_group,66,64,2,0,0.3294020891189575,0.2574063837528229,0.4131915271282196,0.3631628751754761,0.5040383338928223,0.1128837838768959
26612,2,01_Rock2-85-F_comp.jams,1042041,2,4,2,2,False,correction,local_rates_favor_correction_for_all_groups,194,194,0,0,0.4058535397052765,0.15687195956707,0.4372744858264923,0.06282216310501099,0.6570963859558105,0.3731452226638794
26613,2,01_Rock2-85-F_comp.jams,1043864,3,4,3,3,False,correction,mixed_by_complete_group,7,1,6,0,0.35633569955825806,0.3921917974948883,0.25147250294685364,0.578125,0.5502864718437195,0.33214738965034485
26903,2,01_Rock2-85-F_comp.jams,1788302,3,3,2,2,True,regression,mixed_by_complete_group,124,118,6,0,0.39579933881759644,0.2723213732242584,0.33187931776046753,0.3510584533214569,0.5576554536819458,0.1667863428592682
26921,2,01_Rock2-85-F_comp.jams,1835878,4,3,4,4,False,correction,mixed_by_complete_group,79,77,2,0,0.3660723865032196,0.2683967351913452,0.3655308187007904,0.1793908178806305,0.537834644317627,0.003879442811012268
26934,2,01_Rock2-85-F_comp.jams,1868073,4,3,4,4,False,correction,mixed_by_complete_group,94,87,7,0,0.3257082998752594,0.2698868215084076,0.4044048488140106,0.2036236673593521,0.4923524558544159,0.08451129496097565
26950,2,01_Rock2-85-F_comp.jams,1900234,2,2,3,3,True,regression,local_rates_favor_regression_for_all_groups,4,0,4,0,0.25348395109176636,0.4262828528881073,0.32023319602012634,0.375,0.551575779914856,0.031912416219711304
34051,2,02_Funk1-114-Ab_comp.jams,463911,3,3,2,2,True,regression,mixed_by_complete_group,12,2,10,0,0.3181605339050293,0.39979684352874756,0.2820427119731903,0.2890625,0.4936257302761078,0.06360146403312683
34203,2,02_Funk1-114-Ab_comp.jams,981918,2,4,3,3,False,neutral,mixed_by_complete_group,121,46,75,0,0.36443817615509033,0.38142725825309753,0.25413450598716736,0.4998708665370941,0.6669387221336365,0.12411636114120483
34231,2,02_Funk1-114-Ab_comp.jams,1057169,2,2,3,3,True,regression,mixed_by_complete_group,17,14,3,0,0.36860769987106323,0.2950378358364105,0.33635449409484863,0.18841911852359772,0.5172842741012573,0.011607766151428223
37212,2,02_Jazz1-200-B_comp.jams,101428,3,3,2,2,True,regression,local_rates_favor_correction_for_all_groups,167,167,0,0,0.41953957080841064,0.23211601376533508,0.3483443856239319,0.40082335472106934,0.6676037907600403,0.21358804404735565
37220,2,02_Jazz1-200-B_comp.jams,119010,4,3,2,2,False,neutral,local_rates_favor_regression_for_all_groups,19,0,19,0,0.25055375695228577,0.41319718956947327,0.33624905347824097,0.19901315867900848,0.7749767303466797,0.21780753135681152
37230,2,02_Jazz1-200-B_comp.jams,140655,3,3,3,2,False,regression,mixed_by_complete_group,210,208,2,0,0.3263387084007263,0.21964149177074432,0.4540197551250458,0.4445684552192688,1.1170798540115356,0.01996433734893799
37329,2,02_Jazz1-200-B_comp.jams,410446,2,2,3,3,True,regression,mixed_by_complete_group,44,14,30,0,0.376610666513443,0.3966728150844574,0.2267165333032608,0.11150567978620529,0.6783408522605896,0.20696976780891418
37332,2,02_Jazz1-200-B_comp.jams,418739,1,3,2,2,False,neutral,mixed_by_complete_group,184,181,3,0,0.334701806306839,0.1813458502292633,0.4839523434638977,0.3513926565647125,1.147273063659668,0.17902220785617828
37382,2,02_Jazz1-200-B_comp.jams,530167,3,3,3,2,False,regression,mixed_by_complete_group,151,5,146,0,0.19258223474025726,0.41668421030044556,0.390733540058136,0.523489236831665,0.753654956817627,0.017388969659805298
37401,2,02_Jazz1-200-B_comp.jams,569095,4,2,3,3,False,neutral,local_rates_favor_regression_for_all_groups,40,0,40,0,0.2705994248390198,0.4879358410835266,0.241464763879776,0.20000000298023224,0.5310479998588562,0.06653693318367004
37405,2,02_Jazz1-200-B_comp.jams,577618,1,3,2,2,False,neutral,mixed_by_complete_group,238,140,98,0,0.3625287115573883,0.31784680485725403,0.31962451338768005,0.5837053656578064,0.6479384303092957,0.21545609831809998
37426,2,02_Jazz1-200-B_comp.jams,629667,2,2,2,3,False,regression,local_rates_favor_regression_for_all_groups,116,0,116,0,0.225307896733284,0.47981035709381104,0.29488176107406616,0.34509697556495667,0.7241915464401245,0.07007414102554321
37605,2,02_Jazz2-110-Bb_comp.jams,279955,0,2,3,3,False,neutral,local_rates_favor_regression_for_all_groups,26,0,26,0,0.29230770468711853,0.38847285509109497,0.3192194104194641,0.3329326808452606,0.7994914650917053,0.2808145582675934
37664,2,02_Jazz2-110-Bb_comp.jams,457168,2,3,3,2,False,correction,mixed_by_complete_group,81,80,1,0,0.35059425234794617,0.2855466604232788,0.3638591170310974,0.1458333283662796,0.5047653317451477,0.011508077383041382
37739,2,02_Jazz2-110-Bb_comp.jams,661909,2,2,3,3,True,regression,local_rates_favor_regression_for_all_groups,1,0,1,0,0.30078360438346863,0.31344184279441833,0.38577455282211304,0.140625,0.48777371644973755,0.110269695520401
37793,2,02_Jazz2-110-Bb_comp.jams,820715,4,4,3,3,True,regression,mixed_by_complete_group,101,88,13,0,0.4162914454936981,0.3378499448299408,0.2458585798740387,0.3522586524486542,0.5062047243118286,0.2894645929336548
37839,2,02_Jazz2-110-Bb_comp.jams,962308,3,4,2,2,False,neutral,mixed_by_complete_group,107,106,1,0,0.34300920367240906,0.15453481674194336,0.50245600938797,0.09345794469118118,0.6704840064048767,0.449762225151062
37943,2,02_Jazz2-110-Bb_comp.jams,1226665,0,3,2,2,False,neutral,local_rates_favor_correction_for_all_groups,124,124,0,0,0.3430280089378357,0.17461344599723816,0.48235854506492615,0.5524193644523621,0.8021129369735718,0.3548954129219055
37965,2,02_Jazz2-110-Bb_comp.jams,1290267,2,4,3,3,False,neutral,mixed_by_complete_group,29,23,6,0,0.28875795006752014,0.22141587734222412,0.48982617259025574,0.4170258641242981,0.6128135919570923,0.13780254125595093
37981,2,02_Jazz2-110-Bb_comp.jams,1325160,4,4,3,3,True,regression,local_rates_favor_regression_for_all_groups,91,0,91,0,0.2767989933490753,0.4419502019882202,0.28125089406967163,0.39199861884117126,0.5070930123329163,0.24108009040355682
38004,2,02_Jazz2-110-Bb_comp.jams,1408721,2,3,2,2,False,correction,mixed_by_complete_group,18,10,8,0,0.33822792768478394,0.31896260380744934,0.34280943870544434,0.1736111044883728,0.5033324956893921,0.39619162678718567
38013,2,02_Jazz2-110-Bb_comp.jams,1430930,1,3,2,2,False,neutral,mixed_by_complete_group,111,81,30,0,0.3179006278514862,0.29290053248405457,0.38919883966445923,0.3899211585521698,0.5992130041122437,0.3390037417411804
38014,2,02_Jazz2-110-Bb_comp.jams,1432719,3,3,2,2,True,regression,mixed_by_complete_group,7,2,5,0,0.32034850120544434,0.35991352796554565,0.31973797082901,0.390625,0.45000192523002625,0.05429244041442871
38027,2,02_Jazz2-110-Bb_comp.jams,1465510,3,3,2,2,True,regression,local_rates_favor_correction_for_all_groups,123,123,0,0,0.45098841190338135,0.19539515674114227,0.35361647605895996,0.7202743887901306,0.4644289016723633,0.2961927056312561
38034,2,02_Jazz2-110-Bb_comp.jams,1480944,2,3,3,2,False,correction,mixed_by_complete_group,43,1,42,0,0.24505335092544556,0.3073042631149292,0.44764238595962524,0.15734010934829712,0.4742906391620636,0.006631612777709961
39833,2,02_Rock1-130-A_comp.jams,32738,2,2,3,3,True,regression,mixed_by_complete_group,85,11,73,1,0.3559366464614868,0.39982303977012634,0.24424029886722565,0.26801469922065735,0.48167145252227783,0.061235398054122925
39915,2,02_Rock1-130-A_comp.jams,305561,2,2,4,4,True,regression,mixed_by_complete_group,76,1,75,0,0.1394082009792328,0.22264990210533142,0.6379418969154358,0.0768914446234703,0.4724685847759247,0.07714693248271942
39946,2,02_Rock1-130-A_comp.jams,379728,3,3,3,2,False,regression,mixed_by_complete_group,200,194,6,0,0.3254305124282837,0.18820585310459137,0.48636364936828613,0.6352343559265137,0.6303696632385254,0.08859696984291077
40001,2,02_Rock1-130-A_comp.jams,540800,3,3,3,4,False,regression,mixed_by_complete_group,34,32,2,0,0.3796621561050415,0.295295774936676,0.3250420093536377,0.0882352963089943,0.4412899613380432,0.03194311261177063
40059,2,02_Rock1-130-A_comp.jams,722915,3,4,3,3,False,correction,local_rates_favor_regression_for_all_groups,125,0,125,0,0.23804892599582672,0.36123692989349365,0.4007141590118408,0.6163750290870667,0.6406230330467224,0.008922576904296875
40072,2,02_Rock1-130-A_comp.jams,754686,5,3,2,2,False,neutral,mixed_by_complete_group,132,83,49,0,0.32055675983428955,0.2835753858089447,0.39586788415908813,0.5375236868858337,0.4684327244758606,0.0654299259185791
40102,2,02_Rock1-130-A_comp.jams,844695,2,3,2,2,False,correction,local_rates_favor_correction_for_all_groups,164,164,0,0,0.4212076961994171,0.15405116975307465,0.42474108934402466,0.5843178629875183,0.4750332236289978,0.06304161250591278
40117,2,02_Rock1-130-A_comp.jams,877458,1,2,3,3,False,neutral,local_rates_favor_regression_for_all_groups,30,0,30,0,0.25441884994506836,0.4509207308292389,0.29466044902801514,0.27135416865348816,1.0088255405426025,0.061971038579940796
40119,2,02_Rock1-130-A_comp.jams,886924,3,4,4,3,False,correction,local_rates_favor_regression_for_all_groups,1,0,1,0,0.2698262333869934,0.36793050169944763,0.36224329471588135,0.28125,0.6490238308906555,0.01120784878730774
41556,2,02_Rock2-85-F_comp.jams,487938,1,3,2,2,False,neutral,local_rates_favor_correction_for_all_groups,226,226,0,0,0.4513065814971924,0.2270580232143402,0.3216353952884674,0.4684734642505646,0.6669500470161438,0.5438454151153564
41557,2,02_Rock2-85-F_comp.jams,490012,2,3,2,2,False,correction,mixed_by_complete_group,157,148,9,0,0.36110255122184753,0.30476948618888855,0.3341279625892639,0.643511176109314,0.47335952520370483,0.15678715705871582
41584,2,02_Rock2-85-F_comp.jams,560824,3,2,3,3,False,correction,mixed_by_complete_group,121,88,32,1,0.3343816101551056,0.30410510301589966,0.36151328682899475,0.4662964940071106,0.5299725532531738,0.12069553136825562
41772,2,02_Rock2-85-F_comp.jams,1183840,3,2,3,3,False,correction,local_rates_favor_regression_for_all_groups,16,0,16,0,0.2827002704143524,0.4471134543418884,0.27018627524375916,0.1806640625,0.414936363697052,0.1499931812286377
41880,2,02_Rock2-85-F_comp.jams,1525907,4,3,4,4,False,correction,mixed_by_complete_group,70,69,1,0,0.39773643016815186,0.2839216887950897,0.3183418810367584,0.28660714626312256,0.41936540603637695,0.17557400465011597
41895,2,02_Rock2-85-F_comp.jams,1556657,4,2,4,4,False,correction,mixed_by_complete_group,224,127,93,4,0.2376677691936493,0.28066015243530273,0.481672078371048,0.1130022332072258,0.624763548374176,0.21470236778259277
41978,2,02_Rock2-85-F_comp.jams,1774190,1,4,2,2,False,neutral,mixed_by_complete_group,229,228,1,0,0.38422223925590515,0.17908653616905212,0.4366912245750427,0.07355349510908127,0.6749674081802368,0.27171191573143005
41991,2,02_Rock2-85-F_comp.jams,1805568,3,3,2,2,True,regression,local_rates_favor_correction_for_all_groups,2,2,0,0,0.3541555106639862,0.2510135769844055,0.3948308825492859,0.2265625,0.5013617277145386,0.1644548773765564
42005,2,02_Rock2-85-F_comp.jams,1851574,2,4,3,3,False,neutral,mixed_by_complete_group,92,28,64,0,0.33074238896369934,0.3529075086116791,0.3163501024246216,0.55298912525177,0.5370911955833435,0.1388295739889145
42014,2,02_Rock2-85-F_comp.jams,1898698,3,4,3,3,False,correction,mixed_by_complete_group,166,89,77,0,0.36342960596084595,0.3651150166988373,0.27145540714263916,0.5604292154312134,0.43973201513290405,0.1642235815525055
42041,2,02_Rock2-85-F_comp.jams,1961050,1,4,2,2,False,neutral,local_rates_favor_correction_for_all_groups,208,208,0,0,0.2908194661140442,0.1684766411781311,0.5407038927078247,0.07902644574642181,0.6921037435531616,0.01891138404607773
48781,2,03_Funk1-114-Ab_comp.jams,93255,4,3,4,4,False,correction,mixed_by_complete_group,3,1,2,0,0.36890265345573425,0.4297609031200409,0.20133648812770844,0.171875,0.5024884939193726,0.07036757469177246
48802,2,03_Funk1-114-Ab_comp.jams,209742,3,4,4,2,False,neutral,local_rates_favor_correction_for_all_groups,3,3,0,0,0.32821181416511536,0.19479845464229584,0.47698974609375,0.0989583358168602,0.8838661313056946,0.03872224688529968
48816,2,03_Funk1-114-Ab_comp.jams,267051,1,3,2,2,False,neutral,mixed_by_complete_group,100,85,15,0,0.28488966822624207,0.2414814829826355,0.47362881898880005,0.3864062428474426,0.9409160614013672,0.5789456367492676
48853,2,03_Funk1-114-Ab_comp.jams,394882,3,2,3,3,False,correction,mixed_by_complete_group,63,1,62,0,0.26783064007759094,0.47840407490730286,0.25376537442207336,0.259672611951828,0.4332868158817291,0.1416376829147339
48865,2,03_Funk1-114-Ab_comp.jams,428718,3,3,4,4,True,regression,local_rates_favor_correction_for_all_groups,4,4,0,0,0.4279415011405945,0.2918068468570709,0.280251681804657,0.0859375,0.41774535179138184,0.048069924116134644
48984,2,03_Funk1-114-Ab_comp.jams,870674,3,4,3,3,False,correction,mixed_by_complete_group,101,22,79,0,0.280709445476532,0.32914242148399353,0.3901480734348297,0.5850866436958313,0.764398992061615,0.18513800203800201
49015,2,03_Funk1-114-Ab_comp.jams,1030137,2,4,3,3,False,neutral,mixed_by_complete_group,44,33,11,0,0.4424753487110138,0.2721816301345825,0.2853429615497589,0.45632103085517883,1.0957077741622925,0.5911264419555664
49019,2,03_Funk1-114-Ab_comp.jams,1046791,4,3,2,2,False,neutral,mixed_by_complete_group,119,51,68,0,0.345057874917984,0.3466595709323883,0.3082825243473053,0.3134191036224365,0.7948668003082275,0.22251063585281372
51763,2,03_Jazz1-200-B_comp.jams,13844,3,4,2,2,False,neutral,mixed_by_complete_group,174,163,11,0,0.34862199425697327,0.2083420604467392,0.44303596019744873,0.48230963945388794,0.6129611730575562,0.23532281816005707
51793,2,03_Jazz1-200-B_comp.jams,225052,4,4,3,3,True,regression,mixed_by_complete_group,184,62,122,0,0.3716215193271637,0.3608430325984955,0.2675354480743408,0.2849864065647125,0.5235733985900879,0.4158037602901459
51866,2,03_Jazz1-200-B_comp.jams,552462,3,4,4,2,False,neutral,mixed_by_complete_group,186,185,1,0,0.39167624711990356,0.1998528689146042,0.40847083926200867,0.2589045763015747,0.9366689920425415,0.013382315635681152
51874,2,03_Jazz1-200-B_comp.jams,609201,4,4,2,2,True,regression,local_rates_favor_correction_for_all_groups,172,172,0,0,0.43285679817199707,0.16907157003879547,0.39807164669036865,0.4636628031730652,0.5966386795043945,0.23712636530399323
51978,2,03_Jazz2-110-Bb_comp.jams,64126,3,3,2,2,True,regression,mixed_by_complete_group,110,1,109,0,0.2460121214389801,0.4097231328487396,0.34426477551460266,0.4883522689342499,0.6935010552406311,0.03312227129936218
51982,2,03_Jazz2-110-Bb_comp.jams,90572,0,4,2,2,False,neutral,mixed_by_complete_group,220,210,10,0,0.32377520203590393,0.16894550621509552,0.5072793364524841,0.14325283467769623,2.2222800254821777,0.37686872482299805
51983,2,03_Jazz2-110-Bb_comp.jams,96552,3,4,2,2,False,neutral,mixed_by_complete_group,209,112,97,0,0.3072398006916046,0.2826305329799652,0.4101296663284302,0.24618719518184662,0.6223960518836975,0.531826913356781
52009,2,03_Jazz2-110-Bb_comp.jams,190572,3,3,3,2,False,regression,local_rates_favor_regression_for_all_groups,9,0,9,0,0.30487751960754395,0.36243265867233276,0.3326898515224457,0.2517361044883728,0.5517667531967163,0.031380802392959595
52169,2,03_Jazz2-110-Bb_comp.jams,769862,4,4,3,3,True,regression,mixed_by_complete_group,79,18,61,0,0.31223729252815247,0.4495505690574646,0.23821215331554413,0.2917326092720032,0.5244441032409668,0.48745280504226685
52215,2,03_Jazz2-110-Bb_comp.jams,962707,4,4,3,3,True,regression,mixed_by_complete_group,10,1,9,0,0.29582852125167847,0.44210895895957947,0.26206254959106445,0.21406249701976776,0.45187848806381226,0.2766489088535309
52244,2,03_Jazz2-110-Bb_comp.jams,1057163,4,3,3,2,False,neutral,local_rates_favor_regression_for_all_groups,23,0,23,0,0.28037962317466736,0.3453332185745239,0.3742871880531311,0.198369562625885,0.4255181550979614,0.03338143229484558
52287,2,03_Jazz2-110-Bb_comp.jams,1203651,3,3,2,2,True,regression,mixed_by_complete_group,122,119,3,0,0.3793109655380249,0.326291561126709,0.2943974435329437,0.7815061211585999,0.5109010934829712,0.3045074939727783
52355,2,03_Jazz2-110-Bb_comp.jams,1443845,4,4,3,3,True,regression,local_rates_favor_regression_for_all_groups,1,0,1,0,0.2755475640296936,0.487735778093338,0.2367166429758072,0.453125,0.41941097378730774,0.29364708065986633
53777,2,03_Rock1-130-A_comp.jams,81983,3,3,2,2,True,regression,mixed_by_complete_group,17,3,14,0,0.27281850576400757,0.34583646059036255,0.3813450336456299,0.31525734066963196,0.5022980570793152,0.11771553754806519
53782,2,03_Rock1-130-A_comp.jams,102637,3,4,3,3,False,correction,mixed_by_complete_group,29,17,12,0,0.36968135833740234,0.3361143469810486,0.2942042946815491,0.5662715435028076,0.4558085501194,0.03072911500930786
53803,2,03_Rock1-130-A_comp.jams,154708,1,3,2,2,False,neutral,mixed_by_complete_group,170,32,138,0,0.2908334732055664,0.3275028467178345,0.3816636800765991,0.5895220637321472,0.4851457476615906,0.23547059297561646
53833,2,03_Rock1-130-A_comp.jams,234386,1,3,2,2,False,neutral,mixed_by_complete_group,137,46,91,0,0.29764285683631897,0.32753288745880127,0.37482425570487976,0.339872270822525,0.5200204253196716,0.006692618131637573
53837,2,03_Rock1-130-A_comp.jams,243522,1,3,4,4,False,neutral,local_rates_favor_regression_for_all_groups,6,0,6,0,0.2616625726222992,0.3293345272541046,0.4090028703212738,0.2473958283662796,0.6653092503547668,0.27173155546188354
53849,2,03_Rock1-130-A_comp.jams,273669,1,4,2,2,False,neutral,local_rates_favor_correction_for_all_groups,172,172,0,0,0.4075824022293091,0.15449053049087524,0.4379270672798157,0.07258357852697372,0.734184205532074,0.5047414898872375
53850,2,03_Rock1-130-A_comp.jams,275636,2,2,3,3,True,regression,mixed_by_complete_group,60,1,59,0,0.29871705174446106,0.4575224816799164,0.24376051127910614,0.2880208194255829,0.4937995970249176,0.0010998249053955078
53882,2,03_Rock1-130-A_comp.jams,358103,2,4,2,2,False,correction,local_rates_favor_correction_for_all_groups,210,210,0,0,0.4359882175922394,0.1251431405544281,0.4388686418533325,0.39226189255714417,0.5590195655822754,0.6918995976448059
53948,2,03_Rock1-130-A_comp.jams,508576,2,4,2,2,False,correction,local_rates_favor_correction_for_all_groups,100,100,0,0,0.38216280937194824,0.15429845452308655,0.4635387361049652,0.06578125059604645,0.6683429479598999,0.3533291816711426
54037,2,03_Rock1-130-A_comp.jams,741590,2,3,2,2,False,correction,mixed_by_complete_group,38,32,6,0,0.3239523768424988,0.2942802608013153,0.3817673921585083,0.2487664520740509,0.49353262782096863,0.013695195317268372
54038,2,03_Rock1-130-A_comp.jams,743753,2,4,2,2,False,correction,local_rates_favor_correction_for_all_groups,235,235,0,0,0.35730379819869995,0.08880546689033508,0.5538907051086426,0.26928192377090454,0.6241057515144348,0.8550208210945129
54042,2,03_Rock1-130-A_comp.jams,753980,1,3,2,2,False,neutral,local_rates_favor_correction_for_all_groups,228,228,0,0,0.37422046065330505,0.1689300835132599,0.45684948563575745,0.5899808406829834,0.6025688052177429,0.2607775330543518
54050,2,03_Rock1-130-A_comp.jams,772235,3,4,3,3,False,correction,local_rates_favor_regression_for_all_groups,86,0,86,0,0.25499939918518066,0.3996599316596985,0.3453406095504761,0.6064680218696594,0.4619367718696594,0.07746633887290955
54059,2,03_Rock1-130-A_comp.jams,792949,3,4,2,2,False,neutral,mixed_by_complete_group,150,142,8,0,0.32504576444625854,0.1353488713502884,0.5396053791046143,0.22750000655651093,0.4912136197090149,0.4566308259963989
54074,2,03_Rock1-130-A_comp.jams,834770,3,2,4,4,False,neutral,mixed_by_complete_group,3,1,2,0,0.2310272604227066,0.29576990008354187,0.47320282459259033,0.03125,0.5001370310783386,0.20853933691978455
54086,2,03_Rock1-130-A_comp.jams,864601,2,2,3,3,True,regression,mixed_by_complete_group,110,106,4,0,0.3415108621120453,0.2441289722919464,0.41436007618904114,0.3921875059604645,0.5283924341201782,0.1257777214050293
54095,2,03_Rock1-130-A_comp.jams,886286,1,3,3,2,False,neutral,mixed_by_complete_group,97,12,85,0,0.29640263319015503,0.3848106861114502,0.3187866806983948,0.5520296096801758,0.533335268497467,0.051725149154663086
54106,2,03_Rock1-130-A_comp.jams,915452,2,3,2,2,False,correction,mixed_by_complete_group,126,35,91,0,0.28479504585266113,0.30663958191871643,0.40856537222862244,0.209077388048172,0.4810953736305237,0.3578392267227173
54111,2,03_Rock1-130-A_comp.jams,927148,1,4,3,3,False,neutral,local_rates_favor_correction_for_all_groups,1,1,0,0,0.33576375246047974,0.25738242268562317,0.4068537950515747,0.421875,0.7227650284767151,0.6185521483421326
54115,2,03_Rock1-130-A_comp.jams,936146,1,3,2,2,False,neutral,mixed_by_complete_group,208,102,106,0,0.2728514075279236,0.2414335459470749,0.4857150614261627,0.554612398147583,0.6291371583938599,0.05716100335121155
55486,2,03_Rock2-85-F_comp.jams,24148,3,3,2,2,True,regression,local_rates_favor_regression_for_all_groups,49,0,49,0,0.22049616277217865,0.3118918836116791,0.4676119089126587,0.7487244606018066,0.5605009198188782,0.041451096534729004
55532,2,03_Rock2-85-F_comp.jams,169321,2,3,2,2,False,correction,local_rates_favor_correction_for_all_groups,38,38,0,0,0.4324846863746643,0.20214492082595825,0.36537042260169983,0.14268092811107635,0.521381139755249,0.0016320347785949707
55608,2,03_Rock2-85-F_comp.jams,419511,1,3,3,4,False,neutral,local_rates_favor_regression_for_all_groups,1,0,1,0,0.32212212681770325,0.44764766097068787,0.23023022711277008,0.234375,0.5820056200027466,0.007654786109924316
55628,2,03_Rock2-85-F_comp.jams,496529,3,3,4,4,True,regression,local_rates_favor_regression_for_all_groups,51,0,51,0,0.34330296516418457,0.4835864305496216,0.17311058938503265,0.2800244987010956,0.5281619429588318,0.14085710048675537
55675,2,03_Rock2-85-F_comp.jams,647096,3,3,2,2,True,regression,mixed_by_complete_group,87,86,1,0,0.35479143261909485,0.21549619734287262,0.4297124147415161,0.5662715435028076,0.5789614319801331,0.021675243973731995
55806,2,03_Rock2-85-F_comp.jams,963340,3,3,4,2,True,regression,local_rates_favor_regression_for_all_groups,95,0,95,0,0.20898570120334625,0.3968184292316437,0.39419594407081604,0.3036184310913086,0.49217501282691956,0.07542133331298828
55831,2,03_Rock2-85-F_comp.jams,1018519,2,3,2,2,False,correction,local_rates_favor_correction_for_all_groups,183,183,0,0,0.4154454171657562,0.24623127281665802,0.3383233845233917,0.31600067019462585,0.5681338310241699,0.08081860840320587
55836,2,03_Rock2-85-F_comp.jams,1041888,3,4,2,2,False,neutral,local_rates_favor_correction_for_all_groups,6,6,0,0,0.41510358452796936,0.1687815934419632,0.41611480712890625,0.125,0.7522794604301453,0.15349040925502777
55850,2,03_Rock2-85-F_comp.jams,1072666,1,3,2,2,False,neutral,mixed_by_complete_group,221,208,13,0,0.34702035784721375,0.24705840647220612,0.4059212803840637,0.3552743196487427,0.5586313009262085,0.3077809810638428
55855,2,03_Rock2-85-F_comp.jams,1088794,4,4,2,2,True,regression,local_rates_favor_regression_for_all_groups,1,0,1,0,0.2017543911933899,0.26023390889167786,0.5380116701126099,0.40625,0.5851778388023376,0.3041645884513855
55863,2,03_Rock2-85-F_comp.jams,1119278,3,3,2,2,True,regression,local_rates_favor_regression_for_all_groups,96,0,96,0,0.32427987456321716,0.4331486225128174,0.24257153272628784,0.3133138120174408,0.5414127707481384,0.25405216217041016
55877,2,03_Rock2-85-F_comp.jams,1165271,2,3,2,2,False,correction,local_rates_favor_correction_for_all_groups,204,204,0,0,0.44376254081726074,0.22134654223918915,0.3348909318447113,0.23062193393707275,0.7159127593040466,0.3946203887462616
55895,2,03_Rock2-85-F_comp.jams,1211606,2,3,3,4,False,neutral,mixed_by_complete_group,19,10,9,0,0.3819941282272339,0.37594643235206604,0.24205945432186127,0.26233553886413574,0.5981256365776062,0.11575698852539062
55948,2,03_Rock2-85-F_comp.jams,1369592,2,4,2,2,False,correction,mixed_by_complete_group,137,136,1,0,0.37547796964645386,0.17231425642967224,0.4522077441215515,0.06341240555047989,0.6550268530845642,0.5431087017059326
55989,2,03_Rock2-85-F_comp.jams,1461538,3,4,2,2,False,neutral,local_rates_favor_correction_for_all_groups,65,65,0,0,0.3908964693546295,0.14191216230392456,0.4671913683414459,0.08918268978595734,0.776512086391449,0.052800312638282776
55996,2,03_Rock2-85-F_comp.jams,1494113,2,3,4,4,False,neutral,mixed_by_complete_group,60,10,50,0,0.36253681778907776,0.4041244089603424,0.23333877325057983,0.39375001192092896,0.5742368698120117,0.11636418104171753
56008,2,03_Rock2-85-F_comp.jams,1518301,3,4,3,3,False,correction,local_rates_favor_regression_for_all_groups,68,0,68,0,0.221916064620018,0.40606677532196045,0.37201714515686035,0.46070772409439087,0.6922726035118103,0.03579327464103699
56035,2,03_Rock2-85-F_comp.jams,1620182,2,4,2,2,False,correction,local_rates_favor_correction_for_all_groups,228,228,0,0,0.4529963731765747,0.14337190985679626,0.40363171696662903,0.4244106411933899,0.5889167189598083,0.7000937461853027
56043,2,03_Rock2-85-F_comp.jams,1663775,2,3,2,2,False,correction,local_rates_favor_correction_for_all_groups,2,2,0,0,0.5053502917289734,0.2023153007030487,0.2923344075679779,0.21875,0.5447781682014465,0.32082176208496094
56084,2,03_Rock2-85-F_comp.jams,1790380,2,4,2,2,False,correction,local_rates_favor_correction_for_all_groups,14,14,0,0,0.42434075474739075,0.13604965806007385,0.4396095871925354,0.0680803582072258,0.831985592842102,0.023983865976333618
56085,2,03_Rock2-85-F_comp.jams,1792149,2,2,3,3,True,regression,mixed_by_complete_group,20,7,13,0,0.3509894013404846,0.3708129823207855,0.27819767594337463,0.38749998807907104,0.6764494776725769,0.20049406588077545
56132,2,03_Rock2-85-F_comp.jams,1890795,1,3,2,2,False,neutral,local_rates_favor_correction_for_all_groups,217,217,0,0,0.43614399433135986,0.1705685406923294,0.39328742027282715,0.5133208632469177,0.572250485420227,0.27127450704574585
56204,2,03_Rock2-85-F_solo.jams,356094,1,3,2,2,False,neutral,mixed_by_complete_group,197,74,123,0,0.3321475386619568,0.33556896448135376,0.33228349685668945,0.29227474331855774,0.6590346693992615,0.6204725503921509
62103,2,04_Funk1-114-Ab_comp.jams,18973,3,4,3,3,False,correction,mixed_by_complete_group,78,20,58,0,0.33982107043266296,0.38785305619239807,0.2723258435726166,0.5859375,1.2295421361923218,0.3110443949699402
62152,2,04_Funk1-114-Ab_comp.jams,204383,3,2,3,3,False,correction,mixed_by_complete_group,87,75,12,0,0.42097175121307373,0.3739412724971771,0.20508700609207153,0.3247126340866089,0.6180511713027954,0.186242014169693
62253,2,04_Funk1-114-Ab_comp.jams,585925,1,3,2,2,False,neutral,local_rates_favor_correction_for_all_groups,18,18,0,0,0.3295325040817261,0.24464410543441772,0.4258233606815338,0.01909722201526165,0.5787521600723267,0.062166690826416016
62266,2,04_Funk1-114-Ab_comp.jams,621934,3,4,3,3,False,correction,mixed_by_complete_group,154,51,103,0,0.38688215613365173,0.387284517288208,0.22583329677581787,0.5237419009208679,0.6652204990386963,0.19836923480033875
62380,2,04_Funk1-114-Ab_comp.jams,1051163,3,4,3,2,False,neutral,mixed_by_complete_group,6,5,1,0,0.22130171954631805,0.17616017162799835,0.6025381684303284,0.328125,0.7353410720825195,0.15384803712368011
65495,2,04_Jazz1-200-B_comp.jams,79281,2,4,2,2,False,correction,local_rates_favor_correction_for_all_groups,40,40,0,0,0.378117173910141,0.20131321251392365,0.42056959867477417,0.09140624850988388,0.695960283279419,0.03353548049926758
65513,2,04_Jazz1-200-B_comp.jams,132026,1,3,2,2,False,neutral,mixed_by_complete_group,195,121,74,0,0.3546486496925354,0.33048808574676514,0.3148632347583771,0.7359775900840759,0.5530843734741211,0.4907393753528595
65524,2,04_Jazz1-200-B_comp.jams,165307,1,4,3,3,False,neutral,mixed_by_complete_group,26,1,25,0,0.2794209122657776,0.49960246682167053,0.22097665071487427,0.3617788553237915,0.6218388676643372,0.18711727857589722
65581,2,04_Jazz1-200-B_comp.jams,344752,4,4,3,3,True,regression,local_rates_favor_regression_for_all_groups,1,0,1,0,0.1776299625635147,0.6033505797386169,0.21901945769786835,0.328125,0.5720529556274414,0.021217554807662964
65584,2,04_Jazz1-200-B_comp.jams,357637,4,4,2,2,True,regression,mixed_by_complete_group,169,130,38,1,0.3161095082759857,0.22564473748207092,0.45824572443962097,0.287444531917572,0.48371797800064087,0.3698638081550598
65623,2,04_Jazz1-200-B_comp.jams,452123,0,3,2,2,False,neutral,mixed_by_complete_group,131,124,7,0,0.3862796723842621,0.29614436626434326,0.31757599115371704,0.602218508720398,0.6777883172035217,0.05182770639657974
65646,2,04_Jazz1-200-B_comp.jams,515853,3,4,3,3,False,correction,local_rates_favor_regression_for_all_groups,4,0,4,0,0.35645726323127747,0.42340797185897827,0.22013473510742188,0.41015625,0.8060888648033142,0.5086068511009216
65672,2,04_Jazz1-200-B_comp.jams,594354,3,2,4,4,False,neutral,local_rates_favor_regression_for_all_groups,145,0,145,0,0.18534010648727417,0.3662289083003998,0.44843098521232605,0.12478448450565338,0.967556357383728,0.052260518074035645
66011,2,04_Jazz2-110-Bb_comp.jams,735410,3,3,2,2,True,regression,mixed_by_complete_group,142,10,132,0,0.2943354845046997,0.44988301396369934,0.25578153133392334,0.5366417169570923,0.5401462912559509,0.08498001098632812
66015,2,04_Jazz2-110-Bb_comp.jams,759713,4,4,3,3,True,regression,local_rates_favor_regression_for_all_groups,43,0,43,0,0.3422158360481262,0.4513823390007019,0.20640181005001068,0.3114098906517029,0.5493316054344177,0.0072724223136901855
66074,2,04_Jazz2-110-Bb_comp.jams,1009846,4,4,2,2,True,regression,mixed_by_complete_group,243,228,15,0,0.3970951735973358,0.22211408615112305,0.38079071044921875,0.5177469253540039,0.715624213218689,0.8537664413452148
66111,2,04_Jazz2-110-Bb_comp.jams,1122145,4,4,3,3,True,regression,local_rates_favor_regression_for_all_groups,3,0,3,0,0.21979159116744995,0.5858254432678223,0.19438296556472778,0.5364583134651184,0.6156792044639587,0.016103655099868774
66205,2,04_Jazz2-110-Bb_comp.jams,1435057,3,4,3,2,False,neutral,mixed_by_complete_group,211,190,21,0,0.3119868338108063,0.18448194861412048,0.5035311579704285,0.4855598211288452,0.47453829646110535,0.057607293128967285
67794,2,04_Rock1-130-A_comp.jams,397836,2,4,2,2,False,correction,local_rates_favor_correction_for_all_groups,241,241,0,0,0.41468387842178345,0.16176791489124298,0.42354825139045715,0.5931664705276489,0.8038473725318909,0.8454652428627014
67831,2,04_Rock1-130-A_comp.jams,487955,2,4,3,2,False,correction,mixed_by_complete_group,114,113,1,0,0.336653470993042,0.16846443712711334,0.49488213658332825,0.0651041641831398,0.7966244220733643,0.06173503398895264
67909,2,04_Rock1-130-A_comp.jams,723557,3,3,2,2,True,regression,mixed_by_complete_group,17,5,12,0,0.31598079204559326,0.3402584493160248,0.34376072883605957,0.31525734066963196,0.6105737090110779,0.13766247034072876
68085,2,04_Rock1-130-A_solo.jams,671730,2,3,2,2,False,correction,local_rates_favor_correction_for_all_groups,241,241,0,0,0.46599408984184265,0.25766366720199585,0.2763422429561615,0.6643542647361755,0.6205204725265503,0.46352654695510864
68090,2,04_Rock1-130-A_solo.jams,681925,2,3,2,2,False,correction,mixed_by_complete_group,244,242,2,0,0.44973379373550415,0.31645357608795166,0.23381265997886658,0.6949282884597778,0.5915927290916443,0.3592405319213867
68095,2,04_Rock1-130-A_solo.jams,692144,2,3,2,2,False,correction,local_rates_favor_correction_for_all_groups,246,246,0,0,0.4508908987045288,0.263921856880188,0.28518733382225037,0.6680005192756653,0.548548698425293,0.44583651423454285
69401,2,04_Rock2-85-F_comp.jams,45819,1,4,2,2,False,neutral,local_rates_favor_correction_for_all_groups,171,171,0,0,0.3187134861946106,0.12398026883602142,0.5573062300682068,0.5212901830673218,0.617771565914154,0.07576040923595428
69527,2,04_Rock2-85-F_comp.jams,435596,1,4,3,3,False,neutral,local_rates_favor_regression_for_all_groups,3,0,3,0,0.23394298553466797,0.436358243227005,0.32969871163368225,0.2083333283662796,0.6159155368804932,0.27950337529182434
69556,2,04_Rock2-85-F_comp.jams,526421,1,4,2,2,False,neutral,mixed_by_complete_group,209,207,2,0,0.3005056381225586,0.10220424830913544,0.5972900986671448,0.2368421107530594,0.7141855955123901,0.16473472118377686
69571,2,04_Rock2-85-F_comp.jams,560160,1,4,2,2,False,neutral,local_rates_favor_correction_for_all_groups,14,14,0,0,0.3058766722679138,0.08357804268598557,0.61054527759552,0.3337053656578064,0.5578135848045349,0.14528100192546844
69578,2,04_Rock2-85-F_comp.jams,575308,1,4,2,2,False,neutral,local_rates_favor_correction_for_all_groups,196,196,0,0,0.3023245930671692,0.11262769252061844,0.585047721862793,0.3582589328289032,0.7673937678337097,0.45164215564727783
69585,2,04_Rock2-85-F_comp.jams,590481,1,3,2,2,False,neutral,mixed_by_complete_group,4,3,1,0,0.28710395097732544,0.2636865973472595,0.4492094814777374,0.6015625,0.5076547265052795,0.23836728930473328
69594,2,04_Rock2-85-F_comp.jams,622231,1,2,3,3,False,neutral,mixed_by_complete_group,83,38,44,1,0.3864108622074127,0.40660449862480164,0.20698466897010803,0.22307981550693512,0.525728702545166,0.25872892141342163
69612,2,04_Rock2-85-F_comp.jams,668877,1,4,2,2,False,neutral,local_rates_favor_correction_for_all_groups,143,143,0,0,0.35950490832328796,0.1352081298828125,0.5052869319915771,0.09746503829956055,0.6438499689102173,0.15589025616645813
69624,2,04_Rock2-85-F_comp.jams,699479,1,3,2,2,False,neutral,local_rates_favor_correction_for_all_groups,127,127,0,0,0.4502689838409424,0.2161472737789154,0.3335837125778198,0.5457677245140076,0.4997444152832031,0.1455559879541397
69631,2,04_Rock2-85-F_comp.jams,716871,1,4,3,3,False,neutral,mixed_by_complete_group,7,2,5,0,0.27137264609336853,0.2939107120037079,0.43471667170524597,0.4575892984867096,0.5285610556602478,0.17722204327583313
69637,2,04_Rock2-85-F_comp.jams,731322,1,3,2,2,False,neutral,mixed_by_complete_group,141,139,2,0,0.2887280583381653,0.1941581815481186,0.5171137452125549,0.4391622245311737,0.7239768505096436,0.507475733757019
69662,2,04_Rock2-85-F_comp.jams,808418,1,3,2,2,False,neutral,mixed_by_complete_group,90,2,88,0,0.2915920615196228,0.38131844997406006,0.32708945870399475,0.5005208253860474,0.49630117416381836,0.12017384171485901
69748,2,04_Rock2-85-F_comp.jams,1009957,1,4,2,2,False,neutral,local_rates_favor_correction_for_all_groups,210,210,0,0,0.33682045340538025,0.14775203168392181,0.5154275298118591,0.600967288017273,0.7041839361190796,0.4442993402481079
69755,2,04_Rock2-85-F_comp.jams,1024584,1,3,2,2,False,neutral,mixed_by_complete_group,126,106,20,0,0.3106656074523926,0.2720015048980713,0.41733288764953613,0.69692462682724,0.5569261908531189,0.1350606232881546
69757,2,04_Rock2-85-F_comp.jams,1040311,1,4,2,2,False,neutral,mixed_by_complete_group,210,202,8,0,0.3308146893978119,0.16936904191970825,0.49981629848480225,0.2882440388202667,0.5727806687355042,0.510871171951294
69779,2,04_Rock2-85-F_comp.jams,1089065,1,4,2,2,False,neutral,mixed_by_complete_group,205,202,3,0,0.33297908306121826,0.13386516273021698,0.5331556797027588,0.2512957453727722,0.5073586106300354,0.06867638230323792
69808,2,04_Rock2-85-F_comp.jams,1215021,1,3,2,2,False,neutral,local_rates_favor_correction_for_all_groups,125,125,0,0,0.4395241439342499,0.22629357874393463,0.3341823220252991,0.6869999766349792,0.5211764574050903,0.1534448266029358
69878,2,04_Rock2-85-F_comp.jams,1447712,1,2,3,3,False,neutral,local_rates_favor_regression_for_all_groups,1,0,1,0,0.19255892932415009,0.3969042897224426,0.4105367660522461,0.03125,0.49538877606391907,0.20277774333953857
69883,2,04_Rock2-85-F_comp.jams,1462568,1,4,3,2,False,neutral,mixed_by_complete_group,171,169,2,0,0.32158222794532776,0.14049479365348816,0.5379229784011841,0.3995796740055084,0.5855169296264648,0.34933406114578247
69895,2,04_Rock2-85-F_comp.jams,1509995,1,4,2,2,False,neutral,local_rates_favor_correction_for_all_groups,97,97,0,0,0.3410174548625946,0.12284226715564728,0.5361402630805969,0.35840851068496704,0.5404423475265503,0.2788742780685425
69902,2,04_Rock2-85-F_comp.jams,1524614,1,4,3,3,False,neutral,local_rates_favor_regression_for_all_groups,1,0,1,0,0.2465447187423706,0.3727642297744751,0.3806910514831543,0.4375,0.5921611785888672,0.6322759985923767
69926,2,04_Rock2-85-F_comp.jams,1586252,1,4,3,3,False,neutral,mixed_by_complete_group,7,2,5,0,0.25220873951911926,0.2938717007637024,0.45391955971717834,0.53125,0.5947185158729553,0.028345555067062378
69969,2,04_Rock2-85-F_comp.jams,1694477,1,3,2,2,False,neutral,local_rates_favor_correction_for_all_groups,163,163,0,0,0.4425429701805115,0.20971712470054626,0.34773993492126465,0.4405674934387207,0.5678998827934265,0.31255316734313965
69978,2,04_Rock2-85-F_comp.jams,1712227,0,3,2,2,False,neutral,local_rates_favor_correction_for_all_groups,121,121,0,0,0.4288320243358612,0.17881374061107635,0.39235422015190125,0.6818181872367859,0.5444502830505371,0.10578720271587372
69990,2,04_Rock2-85-F_comp.jams,1758702,1,2,2,3,False,neutral,local_rates_favor_regression_for_all_groups,62,0,62,0,0.2400568425655365,0.49763044714927673,0.26231271028518677,0.27116936445236206,0.4260255694389343,0.007689192891120911
70005,2,04_Rock2-85-F_comp.jams,1789684,1,4,3,3,False,neutral,mixed_by_complete_group,70,23,47,0,0.25928258895874023,0.28803882002830505,0.4526785910129547,0.4524553716182709,0.5200476050376892,0.1361342966556549
70012,2,04_Rock2-85-F_comp.jams,1805078,1,3,5,2,False,neutral,mixed_by_complete_group,4,2,2,0,0.22097919881343842,0.2381659597158432,0.540854811668396,0.62890625,0.4701915979385376,0.09160610288381577
70027,2,04_Rock2-85-F_comp.jams,1835048,1,3,2,2,False,neutral,mixed_by_complete_group,126,102,24,0,0.27807605266571045,0.24266812205314636,0.4792558550834656,0.3381696343421936,0.5093739628791809,0.016812004148960114
70035,2,04_Rock2-85-F_comp.jams,1851411,1,4,3,3,False,neutral,local_rates_favor_regression_for_all_groups,3,0,3,0,0.22327981889247894,0.30544936656951904,0.4712707996368408,0.5364583134651184,0.6192177534103394,0.3334740996360779
70066,2,04_Rock2-85-F_comp.jams,1914019,1,3,2,2,False,neutral,local_rates_favor_correction_for_all_groups,123,123,0,0,0.41690799593925476,0.17195528745651245,0.4111366868019104,0.4771341383457184,0.4888277053833008,0.11244959384202957
70130,2,04_Rock2-85-F_solo.jams,371799,2,3,4,4,False,neutral,mixed_by_complete_group,18,9,9,0,0.33243057131767273,0.34501251578330994,0.32255691289901733,0.0625,0.7193734049797058,0.2639111876487732
70226,2,04_Rock2-85-F_solo.jams,1308585,2,2,3,3,True,regression,mixed_by_complete_group,171,163,8,0,0.48090723156929016,0.31430619955062866,0.20478658378124237,0.29111841320991516,0.7238417267799377,0.15971273183822632
2160,4,00_Funk2-108-Eb_comp.jams,37692,4,3,3,4,False,correction,mixed_by_complete_group,5,3,2,0,0.3413204550743103,0.29953038692474365,0.35914915800094604,0.05937499925494194,0.6284950375556946,0.2726709246635437
2166,4,00_Funk2-108-Eb_comp.jams,57270,4,3,5,5,False,neutral,mixed_by_complete_group,70,5,64,1,0.21032294631004333,0.37981289625167847,0.4098641872406006,0.0513392873108387,0.5264402627944946,0.22706419229507446
2182,4,00_Funk2-108-Eb_comp.jams,97071,2,3,2,2,False,correction,local_rates_favor_correction_for_all_groups,16,16,0,0,0.38574615120887756,0.2057369351387024,0.40851694345474243,0.5185546875,0.569159746170044,0.12347438931465149
2224,4,00_Funk2-108-Eb_comp.jams,202606,5,3,4,4,False,neutral,local_rates_favor_correction_for_all_groups,25,25,0,0,0.4516408443450928,0.22823286056518555,0.3201262950897217,0.21312500536441803,0.49241241812705994,0.14985722303390503
2256,4,00_Funk2-108-Eb_comp.jams,269218,5,3,4,4,False,neutral,mixed_by_complete_group,131,81,46,4,0.37574565410614014,0.3018963634967804,0.3223579525947571,0.2346135526895523,0.6806257963180542,0.7367435097694397
2269,4,00_Funk2-108-Eb_comp.jams,331674,4,2,4,4,False,correction,local_rates_favor_regression_for_all_groups,50,0,48,2,0.16631659865379333,0.42632487416267395,0.40735846757888794,0.05843750014901161,0.6334534287452698,0.27052825689315796
2289,4,00_Funk2-108-Eb_comp.jams,399617,3,3,2,2,True,regression,mixed_by_complete_group,159,84,75,0,0.3052361011505127,0.2988271415233612,0.3959367573261261,0.3624213933944702,0.8645090460777283,0.5126285552978516
2295,4,00_Funk2-108-Eb_comp.jams,429164,4,4,3,3,True,regression,mixed_by_complete_group,50,47,3,0,0.4040478765964508,0.37724125385284424,0.21871083974838257,0.8837500214576721,0.4988696575164795,0.062339574098587036
2313,4,00_Funk2-108-Eb_comp.jams,465243,4,3,2,2,False,neutral,local_rates_favor_correction_for_all_groups,3,3,0,0,0.394669771194458,0.2294737696647644,0.3758564889431,0.1770833283662796,0.6737272143363953,0.024858981370925903
2361,4,00_Funk2-108-Eb_comp.jams,607044,4,2,3,3,False,neutral,local_rates_favor_regression_for_all_groups,8,0,8,0,0.26417750120162964,0.3737991452217102,0.36202332377433777,0.298828125,0.7972379326820374,0.04725196957588196
2372,4,00_Funk2-108-Eb_comp.jams,644989,4,3,2,2,False,neutral,mixed_by_complete_group,135,134,1,0,0.2808486521244049,0.20577801764011383,0.5133733153343201,0.5843750238418579,0.8088387250900269,0.32311588525772095
2385,4,00_Funk2-108-Eb_comp.jams,686109,3,2,3,3,False,correction,mixed_by_complete_group,122,11,111,0,0.28245824575424194,0.330638587474823,0.3869032859802246,0.42648565769195557,0.46153005957603455,0.18375447392463684
2418,4,00_Funk2-108-Eb_comp.jams,770056,4,3,2,2,False,neutral,mixed_by_complete_group,156,141,15,0,0.29105186462402344,0.23585231602191925,0.4730958342552185,0.6315104365348816,0.8357986807823181,0.14242962002754211
2420,4,00_Funk2-108-Eb_comp.jams,777960,1,2,3,3,False,neutral,local_rates_favor_regression_for_all_groups,2,0,2,0,0.21667902171611786,0.4052536189556122,0.37806737422943115,0.3203125,1.0027992725372314,0.5794395208358765
2428,4,00_Funk2-108-Eb_comp.jams,801694,4,2,3,3,False,neutral,mixed_by_complete_group,175,170,5,0,0.3964075446128845,0.3046979308128357,0.298894464969635,0.2849107086658478,0.6783968210220337,0.34885501861572266
2474,4,00_Funk2-108-Eb_comp.jams,928752,3,3,4,4,True,regression,mixed_by_complete_group,100,53,47,0,0.3437829911708832,0.32567843794822693,0.3305385112762451,0.1654687523841858,0.5935959815979004,0.31206777691841125
2490,4,00_Funk2-108-Eb_comp.jams,960643,2,2,3,3,True,regression,local_rates_favor_correction_for_all_groups,11,11,0,0,0.4552505314350128,0.36164572834968567,0.1831037402153015,0.1349431872367859,0.6518364548683167,0.10797238349914551
2494,4,00_Funk2-108-Eb_comp.jams,972907,4,3,2,2,False,neutral,mixed_by_complete_group,144,42,99,3,0.2579638361930847,0.30103763937950134,0.44099852442741394,0.3585069477558136,0.9079871773719788,0.2346258908510208
2504,4,00_Funk2-108-Eb_comp.jams,992700,6,4,3,3,False,neutral,local_rates_favor_regression_for_all_groups,11,0,11,0,0.3173578381538391,0.38231372833251953,0.3003283739089966,0.7485795617103577,0.4448429346084595,0.1366618275642395
2512,4,00_Funk2-108-Eb_comp.jams,1010690,5,3,5,5,False,correction,local_rates_favor_regression_for_all_groups,5,0,5,0,0.13315469026565552,0.31438714265823364,0.5524581670761108,0.08124999701976776,0.5270301103591919,0.20504461228847504
2539,4,00_Funk2-108-Eb_comp.jams,1064423,5,3,4,4,False,neutral,local_rates_favor_correction_for_all_groups,2,2,0,0,0.36280667781829834,0.22523897886276245,0.4119543731212616,0.1953125,0.6215681433677673,0.22804658114910126
2547,4,00_Funk2-108-Eb_comp.jams,1088494,5,4,3,3,False,neutral,local_rates_favor_regression_for_all_groups,101,0,101,0,0.2832632064819336,0.42357030510902405,0.29316648840904236,0.8012067079544067,0.545816957950592,0.0278816819190979
2554,4,00_Funk2-108-Eb_comp.jams,1124360,4,3,2,2,False,neutral,local_rates_favor_correction_for_all_groups,121,121,0,0,0.3319012522697449,0.18414905667304993,0.4839497208595276,0.49302685260772705,0.5458064079284668,0.1726832389831543
2566,4,00_Funk2-108-Eb_comp.jams,1170495,0,3,2,2,False,neutral,mixed_by_complete_group,173,164,8,1,0.3096299171447754,0.20076702535152435,0.48960304260253906,0.27808886766433716,0.9804362654685974,0.06422613561153412
2583,4,00_Funk2-108-Eb_comp.jams,1225435,0,3,2,2,False,neutral,mixed_by_complete_group,161,102,58,1,0.258591890335083,0.2379465103149414,0.5034616589546204,0.5789984464645386,0.7675338387489319,0.2933381497859955
2606,4,00_Funk2-108-Eb_comp.jams,1280556,4,4,3,3,True,regression,local_rates_favor_regression_for_all_groups,103,0,103,0,0.24670349061489105,0.38990339636802673,0.3633931279182434,0.8475424647331238,0.59049391746521,0.04213365912437439
2619,4,00_Funk2-108-Eb_comp.jams,1311304,1,2,3,3,False,neutral,local_rates_favor_correction_for_all_groups,1,1,0,0,0.3933873176574707,0.35402607917785645,0.25258660316467285,0.09375,0.6354796886444092,0.050824254751205444
2639,4,00_Funk2-108-Eb_comp.jams,1359512,5,3,2,2,False,neutral,mixed_by_complete_group,159,114,45,0,0.2793475389480591,0.26230448484420776,0.45834800601005554,0.44880110025405884,0.6996998190879822,0.08523190021514893
2653,4,00_Funk2-108-Eb_comp.jams,1409229,4,3,4,4,False,correction,mixed_by_complete_group,92,85,7,0,0.37480780482292175,0.2536284923553467,0.371563583612442,0.125849187374115,0.5049451589584351,0.026842474937438965
2660,4,00_Funk2-108-Eb_comp.jams,1428173,4,3,2,2,False,neutral,mixed_by_complete_group,103,67,35,1,0.35406091809272766,0.33224841952323914,0.31369075179100037,0.4550970792770386,0.6990294456481934,0.024661898612976074
2665,4,00_Funk2-108-Eb_comp.jams,1439537,4,3,2,5,False,neutral,local_rates_favor_regression_for_all_groups,18,0,13,5,0.2046629786491394,0.35696473717689514,0.43837225437164307,0.02864583395421505,0.6557499170303345,0.0826091468334198
2674,4,00_Funk2-108-Eb_comp.jams,1482611,5,3,4,5,False,correction,mixed_by_complete_group,19,5,14,0,0.24120275676250458,0.33065375685691833,0.4281435012817383,0.02384868450462818,0.6505852341651917,0.15089473128318787
2680,4,00_Funk2-108-Eb_comp.jams,1495178,4,3,2,2,False,neutral,mixed_by_complete_group,176,7,169,0,0.2328750640153885,0.2976204752922058,0.4695044755935669,0.45401278138160706,0.6951132416725159,0.41705018281936646
2689,4,00_Funk2-108-Eb_comp.jams,1536806,4,3,2,2,False,neutral,mixed_by_complete_group,155,56,97,2,0.291961669921875,0.3137865662574768,0.3942517340183258,0.4429435431957245,0.7933588027954102,0.309622585773468
5091,4,00_Jazz1-130-D_comp.jams,72908,3,3,5,5,True,regression,local_rates_favor_regression_for_all_groups,5,0,5,0,0.1592605859041214,0.2843090891838074,0.5564302802085876,0.06562499701976776,0.6387819051742554,0.22989314794540405
5108,4,00_Jazz1-130-D_comp.jams,141017,5,3,4,4,False,neutral,mixed_by_complete_group,76,70,6,0,0.43051567673683167,0.2638256251811981,0.30565863847732544,0.13692434132099152,0.4585024118423462,0.09673380851745605
5126,4,00_Jazz1-130-D_comp.jams,181524,3,3,2,2,True,regression,mixed_by_complete_group,124,22,102,0,0.26767101883888245,0.30779922008514404,0.4245297312736511,0.5810231566429138,0.5555729866027832,0.1959153115749359
5141,4,00_Jazz1-130-D_comp.jams,215602,1,3,2,2,False,neutral,mixed_by_complete_group,141,140,1,0,0.4010744094848633,0.21584920585155487,0.38307639956474304,0.31527039408683777,0.596792995929718,0.340398371219635
5183,4,00_Jazz1-130-D_comp.jams,358751,3,3,4,4,True,regression,local_rates_favor_correction_for_all_groups,45,45,0,0,0.4364495873451233,0.193239226937294,0.3703111410140991,0.22083333134651184,0.4594229757785797,0.16330766677856445
5196,4,00_Jazz1-130-D_comp.jams,385973,3,3,4,4,True,regression,mixed_by_complete_group,127,94,31,2,0.38752105832099915,0.2808181643486023,0.33166077733039856,0.22982282936573029,0.5321210622787476,0.43222731351852417
5210,4,00_Jazz1-130-D_comp.jams,416188,1,2,3,3,False,neutral,local_rates_favor_correction_for_all_groups,7,6,0,1,0.38842087984085083,0.34424012899398804,0.26733899116516113,0.1741071492433548,0.4997519850730896,0.16789673268795013
5220,4,00_Jazz1-130-D_comp.jams,438337,0,3,2,2,False,neutral,mixed_by_complete_group,195,173,19,3,0.34057343006134033,0.2403266280889511,0.41909992694854736,0.352403849363327,0.6179037094116211,0.1808623969554901
5236,4,00_Jazz1-130-D_comp.jams,479712,3,3,2,2,True,regression,mixed_by_complete_group,20,6,13,1,0.30161064863204956,0.3139263987541199,0.3844629228115082,0.546093761920929,0.7286092042922974,0.20360121130943298
5278,4,00_Jazz1-130-D_comp.jams,642024,2,3,2,2,False,correction,mixed_by_complete_group,167,4,163,0,0.1959468573331833,0.2870382070541382,0.5170149207115173,0.44011977314949036,0.8404979705810547,0.07447676360607147
5298,4,00_Jazz1-130-D_comp.jams,704898,5,3,5,5,False,correction,local_rates_favor_regression_for_all_groups,8,0,8,0,0.1184387132525444,0.35353875160217285,0.5280225276947021,0.0859375,0.4993460178375244,0.16506236791610718
5307,4,00_Jazz1-130-D_comp.jams,734380,4,4,3,2,True,regression,mixed_by_complete_group,64,24,40,0,0.19122359156608582,0.22238746285438538,0.5863889455795288,0.3232421875,0.6762645244598389,0.21595250070095062
5360,4,00_Jazz1-130-D_comp.jams,866681,1,3,2,2,False,neutral,local_rates_favor_correction_for_all_groups,138,138,0,0,0.4164502024650574,0.18618221580982208,0.3973676264286041,0.4696558117866516,0.7264186143875122,0.1333823800086975
5382,4,00_Jazz1-130-D_comp.jams,928205,3,3,3,2,False,regression,mixed_by_complete_group,147,46,101,0,0.2316993623971939,0.28181976079940796,0.48648080229759216,0.34428146481513977,0.6775672435760498,0.08239874243736267
6912,4,00_Jazz3-137-Eb_comp.jams,146553,4,3,2,2,False,neutral,mixed_by_complete_group,143,122,20,1,0.2826572358608246,0.2446075975894928,0.4727351665496826,0.33522728085517883,0.7018877863883972,0.002613469958305359
6935,4,00_Jazz3-137-Eb_comp.jams,204639,4,3,5,5,False,neutral,local_rates_favor_regression_for_all_groups,4,0,4,0,0.15473070740699768,0.2610880136489868,0.5841812491416931,0.06640625,0.4873047173023224,0.10393425822257996
6939,4,00_Jazz3-137-Eb_comp.jams,224202,3,3,2,2,True,regression,mixed_by_complete_group,192,126,65,1,0.29454323649406433,0.2677229940891266,0.4377337694168091,0.3507486879825592,0.6976680159568787,0.5509464740753174
6944,4,00_Jazz3-137-Eb_comp.jams,270128,3,3,3,2,False,regression,mixed_by_complete_group,198,95,103,0,0.27127525210380554,0.2853178083896637,0.4434069097042084,0.35961174964904785,0.5773202180862427,0.04421490430831909
6951,4,00_Jazz3-137-Eb_comp.jams,301583,2,3,2,2,False,correction,mixed_by_complete_group,100,89,11,0,0.37234362959861755,0.2950102686882019,0.33264610171318054,0.22937500476837158,0.6751044392585754,0.06076827645301819
6974,4,00_Jazz3-137-Eb_comp.jams,378887,2,2,3,3,True,regression,mixed_by_complete_group,53,22,31,0,0.3583015203475952,0.3751504719257355,0.2665480971336365,0.26916274428367615,0.8345969319343567,0.4057938754558563
7015,4,00_Jazz3-137-Eb_comp.jams,540682,2,3,4,4,False,neutral,local_rates_favor_regression_for_all_groups,1,0,1,0,0.26819127798080444,0.3617463707923889,0.37006238102912903,0.015625,0.8809258341789246,0.11146950721740723
7045,4,00_Jazz3-137-Eb_comp.jams,635382,4,3,2,2,False,neutral,local_rates_favor_regression_for_all_groups,1,0,1,0,0.16372743248939514,0.3109673261642456,0.5253052115440369,0.390625,0.5022438168525696,0.22188326716423035
7055,4,00_Jazz3-137-Eb_comp.jams,688038,4,3,2,2,False,neutral,local_rates_favor_correction_for_all_groups,60,60,0,0,0.45357921719551086,0.16412799060344696,0.38229280710220337,0.18046875298023224,0.5458157062530518,0.3043617606163025
7064,4,00_Jazz3-137-Eb_comp.jams,715483,1,2,3,3,False,neutral,local_rates_favor_correction_for_all_groups,23,23,0,0,0.45574507117271423,0.27729442715644836,0.266960471868515,0.08423913270235062,0.8972199559211731,0.2827985882759094
7088,4,00_Jazz3-137-Eb_comp.jams,841521,3,3,2,2,True,regression,local_rates_favor_correction_for_all_groups,2,2,0,0,0.35935795307159424,0.26470106840133667,0.3759409785270691,0.1953125,0.7013673186302185,0.11087968945503235
7107,4,00_Jazz3-137-Eb_comp.jams,926609,1,2,3,3,False,neutral,local_rates_favor_regression_for_all_groups,35,0,35,0,0.3172205090522766,0.41801780462265015,0.264761745929718,0.609375,0.4920073449611664,0.28404322266578674
7158,4,00_Jazz3-137-Eb_comp.jams,1131996,3,3,2,2,True,regression,local_rates_favor_regression_for_all_groups,1,0,1,0,0.2599327564239502,0.3066384494304657,0.4334288239479065,0.296875,0.5697837471961975,0.2750838100910187
7196,4,00_Jazz3-137-Eb_solo.jams,5,2,3,2,2,False,correction,local_rates_favor_correction_for_all_groups,82,82,0,0,0.423382043838501,0.2264779955148697,0.35013991594314575,0.23304115235805511,1.0290048122406006,0.6391942501068115
7317,4,00_Jazz3-137-Eb_solo.jams,588921,1,3,2,2,False,neutral,mixed_by_complete_group,131,47,84,0,0.26718756556510925,0.2907191216945648,0.4420933723449707,0.3957538306713104,0.5808590054512024,0.4224323034286499
8688,4,00_Rock1-90-C#_comp.jams,4,5,3,4,4,False,neutral,mixed_by_complete_group,125,95,29,1,0.34747469425201416,0.2692192792892456,0.38330599665641785,0.2162500023841858,0.8683173060417175,0.0763070285320282
8701,4,00_Rock1-90-C#_comp.jams,29373,4,3,4,2,False,neutral,mixed_by_complete_group,6,5,1,0,0.29185715317726135,0.23986917734146118,0.4682736396789551,0.3567708432674408,0.49167123436927795,0.13919147849082947
8730,4,00_Rock1-90-C#_comp.jams,93647,4,3,2,2,False,neutral,local_rates_favor_correction_for_all_groups,96,96,0,0,0.3363463878631592,0.25287723541259766,0.41077637672424316,0.6959635615348816,0.4923262894153595,0.015049189329147339
8733,4,00_Rock1-90-C#_comp.jams,101370,4,3,2,2,False,neutral,mixed_by_complete_group,63,4,58,1,0.276947945356369,0.3208576738834381,0.40219438076019287,0.5776289701461792,0.47328412532806396,0.006090611219406128
8739,4,00_Rock1-90-C#_comp.jams,115570,5,3,3,5,False,correction,mixed_by_complete_group,10,1,9,0,0.16490057110786438,0.25141364336013794,0.5836857557296753,0.10468749701976776,0.465151846408844,0.07918593287467957
8775,4,00_Rock1-90-C#_comp.jams,205699,5,3,5,5,False,correction,local_rates_favor_regression_for_all_groups,1,0,1,0,0.19739952683448792,0.3652482330799103,0.4373522400856018,0.09375,0.5392099022865295,0.1394585520029068
8780,4,00_Rock1-90-C#_comp.jams,216076,0,3,3,2,False,neutral,mixed_by_complete_group,199,198,1,0,0.2850416600704193,0.18875858187675476,0.5261998176574707,0.7013190984725952,0.9145810008049011,0.012216418981552124
8788,4,00_Rock1-90-C#_comp.jams,234854,5,3,4,5,False,correction,local_rates_favor_regression_for_all_groups,29,0,29,0,0.13215161859989166,0.4144138991832733,0.45343440771102905,0.05657327547669411,0.6077730059623718,0.3050510883331299
8797,4,00_Rock1-90-C#_comp.jams,256792,3,2,3,3,False,correction,mixed_by_complete_group,51,48,3,0,0.3719898760318756,0.2631499469280243,0.3648602366447449,0.20098039507865906,0.43522101640701294,0.13074123859405518
8801,4,00_Rock1-90-C#_comp.jams,265212,4,3,4,4,False,correction,local_rates_favor_regression_for_all_groups,4,0,4,0,0.2888484001159668,0.3418932557106018,0.369258314371109,0.109375,0.6304488182067871,0.0029136240482330322
8834,4,00_Rock1-90-C#_comp.jams,339077,3,4,3,3,False,correction,local_rates_favor_regression_for_all_groups,89,0,89,0,0.24999389052391052,0.3933779299259186,0.3566282093524933,0.6216643452644348,0.543424129486084,0.20274889469146729
8837,4,00_Rock1-90-C#_comp.jams,346319,4,3,3,5,False,neutral,local_rates_favor_regression_for_all_groups,59,0,57,2,0.12702611088752747,0.3861215114593506,0.48685240745544434,0.05799788236618042,0.421400785446167,0.05354614555835724
8863,4,00_Rock1-90-C#_comp.jams,410492,4,3,5,5,False,neutral,mixed_by_complete_group,73,1,67,5,0.18540692329406738,0.40788930654525757,0.40670379996299744,0.04302226006984711,0.549408495426178,0.19360864162445068
8875,4,00_Rock1-90-C#_comp.jams,440270,0,3,2,2,False,neutral,mixed_by_complete_group,126,114,12,0,0.3079300820827484,0.21952013671398163,0.47254976630210876,0.5306299328804016,0.6383675932884216,0.08645522594451904
8901,4,00_Rock1-90-C#_comp.jams,501347,6,4,5,5,False,neutral,mixed_by_complete_group,5,1,4,0,0.2896976172924042,0.3152891993522644,0.39501315355300903,0.19687500596046448,0.4932669699192047,0.5657241940498352
8909,4,00_Rock1-90-C#_comp.jams,522477,4,3,4,5,False,neutral,local_rates_favor_regression_for_all_groups,17,0,17,0,0.1411166787147522,0.4188535809516907,0.44002974033355713,0.04319852963089943,0.5662317276000977,0.19430159032344818
8918,4,00_Rock1-90-C#_comp.jams,541340,0,3,3,2,False,neutral,mixed_by_complete_group,205,187,18,0,0.27225467562675476,0.22270764410495758,0.5050376653671265,0.6503048539161682,0.9305621385574341,0.027739854529500008
8940,4,00_Rock1-90-C#_comp.jams,586398,6,3,4,4,False,neutral,local_rates_favor_correction_for_all_groups,1,1,0,0,0.394025593996048,0.3001422584056854,0.3058321475982666,0.109375,0.4633980095386505,0.1320212185382843
8954,4,00_Rock1-90-C#_comp.jams,615332,4,3,5,5,False,neutral,local_rates_favor_regression_for_all_groups,8,0,8,0,0.11687406152486801,0.3440536558628082,0.5390722751617432,0.052734375,0.5889575481414795,0.28004127740859985
8965,4,00_Rock1-90-C#_comp.jams,637185,3,3,2,2,True,regression,local_rates_favor_regression_for_all_groups,153,0,153,0,0.24925191700458527,0.35233867168426514,0.398409366607666,0.41513481736183167,0.6828866600990295,0.02865414321422577
8991,4,00_Rock1-90-C#_comp.jams,704239,4,3,4,4,False,correction,mixed_by_complete_group,162,120,18,24,0.3721716105937958,0.2613110840320587,0.3665173053741455,0.1944444477558136,0.7050890326499939,0.20994731783866882
9004,4,00_Rock1-90-C#_comp.jams,736184,5,3,4,4,False,neutral,local_rates_favor_correction_for_all_groups,45,45,0,0,0.36952298879623413,0.2701554596424103,0.3603215217590332,0.2604166567325592,0.46005040407180786,0.11611321568489075
9014,4,00_Rock1-90-C#_comp.jams,758776,3,2,2,3,False,correction,local_rates_favor_regression_for_all_groups,104,0,104,0,0.23114244639873505,0.3875393271446228,0.38131824135780334,0.3413461446762085,0.44605907797813416,0.11651845276355743
9024,4,00_Rock1-90-C#_comp.jams,781031,3,3,4,4,True,regression,mixed_by_complete_group,39,27,11,1,0.31115397810935974,0.2930262088775635,0.3958197832107544,0.19070513546466827,0.4543527364730835,0.15394434332847595
9032,4,00_Rock1-90-C#_comp.jams,801130,2,2,3,3,True,regression,local_rates_favor_regression_for_all_groups,4,0,4,0,0.23850922286510468,0.31346747279167175,0.4480232894420624,0.55859375,0.611724853515625,0.014917701482772827
9033,4,00_Rock1-90-C#_comp.jams,802906,3,2,3,3,False,correction,mixed_by_complete_group,113,70,43,0,0.3156331479549408,0.3210838735103607,0.3632829487323761,0.4448285400867462,0.5050095915794373,0.013969630002975464
9066,4,00_Rock1-90-C#_comp.jams,879807,4,3,2,2,False,neutral,mixed_by_complete_group,169,156,12,1,0.2545127272605896,0.16635394096374512,0.5791333317756653,0.4769785404205322,0.6536480784416199,0.19330839812755585
9075,4,00_Rock1-90-C#_comp.jams,901871,5,3,4,4,False,neutral,mixed_by_complete_group,111,100,9,2,0.34602564573287964,0.2668331563472748,0.38714128732681274,0.11655405163764954,0.4564742147922516,0.06721127033233643
9088,4,00_Rock1-90-C#_comp.jams,932199,0,3,2,2,False,neutral,mixed_by_complete_group,126,58,66,2,0.2995266914367676,0.3019356429576874,0.39853766560554504,0.4458085298538208,0.8312742114067078,0.03834480047225952
9108,4,00_Rock1-90-C#_comp.jams,990732,4,3,4,4,False,correction,mixed_by_complete_group,82,71,11,0,0.4086773693561554,0.3105906844139099,0.2807319462299347,0.17930640280246735,0.6198073029518127,0.1544049084186554
9126,4,00_Rock1-90-C#_comp.jams,1028310,6,4,3,3,False,neutral,local_rates_favor_regression_for_all_groups,106,0,106,0,0.19232399761676788,0.45061546564102173,0.35706058144569397,0.677181601524353,0.5068904161453247,0.054845213890075684
9140,4,00_Rock1-90-C#_comp.jams,1056298,5,2,4,4,False,neutral,mixed_by_complete_group,86,31,53,2,0.2838395833969116,0.3154184818267822,0.4007420241832733,0.08648255467414856,0.5839641094207764,0.32054832577705383
9165,4,00_Rock1-90-C#_comp.jams,1108285,6,3,3,4,False,neutral,mixed_by_complete_group,10,7,3,0,0.3022445738315582,0.2576192319393158,0.4401361346244812,0.14374999701976776,0.4594963490962982,0.057630300521850586
9176,4,00_Rock1-90-C#_comp.jams,1130282,5,3,2,2,False,neutral,mixed_by_complete_group,124,123,1,0,0.2878568172454834,0.2153552621603012,0.4967879354953766,0.47681450843811035,0.5238736867904663,0.022084131836891174
9184,4,00_Rock1-90-C#_comp.jams,1145732,6,3,4,4,False,neutral,mixed_by_complete_group,114,105,9,0,0.3980019986629486,0.28593724966049194,0.31606075167655945,0.13349780440330505,0.5630703568458557,0.05591322481632233
9191,4,00_Rock1-90-C#_comp.jams,1160385,5,3,2,2,False,neutral,mixed_by_complete_group,172,141,31,0,0.2834818959236145,0.2519899308681488,0.4645282030105591,0.4934593141078949,1.0204308032989502,0.2961883842945099
9196,4,00_Rock1-90-C#_comp.jams,1175051,6,3,4,4,False,neutral,local_rates_favor_correction_for_all_groups,75,75,0,0,0.470192551612854,0.20174531638622284,0.3280620872974396,0.257916659116745,0.46875977516174316,0.042922765016555786
9211,4,00_Rock1-90-C#_comp.jams,1204658,6,3,2,2,False,neutral,local_rates_favor_correction_for_all_groups,52,52,0,0,0.3881682753562927,0.19274328649044037,0.4190884828567505,0.4663461446762085,0.5928895473480225,0.26533547043800354
9230,4,00_Rock1-90-C#_comp.jams,1241566,4,3,3,2,False,neutral,mixed_by_complete_group,102,49,53,0,0.25846657156944275,0.25389763712882996,0.4876358211040497,0.6187193393707275,0.6118690371513367,0.022557377815246582
9237,4,00_Rock1-90-C#_comp.jams,1255525,3,3,2,2,True,regression,mixed_by_complete_group,181,107,72,2,0.26313185691833496,0.24281230568885803,0.4940558075904846,0.595735490322113,0.7144502401351929,0.32852840423583984
9285,4,00_Rock1-90-C#_comp.jams,1360056,5,2,2,3,False,neutral,mixed_by_complete_group,4,1,3,0,0.3803955316543579,0.39578676223754883,0.22381770610809326,0.36328125,0.5330795049667358,9.071826934814453e-05
9367,4,00_Rock1-90-C#_solo.jams,168710,1,3,2,2,False,neutral,mixed_by_complete_group,188,24,164,0,0.2623332738876343,0.3125765919685364,0.42509013414382935,0.49800533056259155,0.9041931629180908,0.04572787880897522
9398,4,00_Rock1-90-C#_solo.jams,300183,2,3,4,4,False,neutral,local_rates_favor_correction_for_all_groups,2,2,0,0,0.3931886553764343,0.2685268819332123,0.3382844626903534,0.34375,0.4331550598144531,0.005189359188079834
9429,4,00_Rock1-90-C#_solo.jams,367878,2,3,2,2,False,correction,mixed_by_complete_group,130,65,65,0,0.31156376004219055,0.3270128071308136,0.36142343282699585,0.5944711565971375,0.6612516045570374,0.07105517387390137
9469,4,00_Rock1-90-C#_solo.jams,468042,2,4,2,2,False,correction,mixed_by_complete_group,152,148,4,0,0.32798901200294495,0.18550501763820648,0.4865058958530426,0.16221217811107635,0.7478712797164917,0.19068002700805664
9480,4,00_Rock1-90-C#_solo.jams,506335,0,2,3,3,False,neutral,local_rates_favor_regression_for_all_groups,1,0,1,0,0.25842392444610596,0.31630435585975647,0.42527174949645996,0.3125,0.7473121881484985,0.04673214256763458
9498,4,00_Rock1-90-C#_solo.jams,572589,2,2,3,3,True,regression,mixed_by_complete_group,127,12,115,0,0.3494654595851898,0.40555518865585327,0.2449793964624405,0.6019930839538574,0.5186261534690857,0.41322600841522217
9505,4,00_Rock1-90-C#_solo.jams,587219,2,4,2,2,False,correction,mixed_by_complete_group,229,225,4,0,0.3008610010147095,0.13952575623989105,0.5596132278442383,0.31829968094825745,0.5720613598823547,0.4744972586631775
14191,4,00_SS2-107-Ab_comp.jams,290204,1,3,2,2,False,neutral,mixed_by_complete_group,215,13,202,0,0.17493851482868195,0.3361009359359741,0.48896050453186035,0.4789970815181732,0.7981992363929749,0.707988440990448
14215,4,00_SS2-107-Ab_comp.jams,384844,3,3,2,2,True,regression,local_rates_favor_regression_for_all_groups,6,0,6,0,0.2496076375246048,0.38529661297798157,0.36509573459625244,0.1875,0.5207109451293945,0.17124810814857483
14331,4,00_SS2-107-Ab_comp.jams,704730,3,3,2,2,True,regression,local_rates_favor_regression_for_all_groups,95,0,95,0,0.22280463576316833,0.4273283779621124,0.34986695647239685,0.285526305437088,0.5594708323478699,0.05925774574279785
14373,4,00_SS2-107-Ab_comp.jams,834213,1,3,2,2,False,neutral,local_rates_favor_regression_for_all_groups,88,0,88,0,0.19144940376281738,0.3344733417034149,0.4740772247314453,0.546875,0.6527379751205444,0.34202492237091064
14439,4,00_SS2-107-Ab_comp.jams,1001541,1,3,2,2,False,neutral,mixed_by_complete_group,127,124,3,0,0.33533793687820435,0.21622829139232635,0.4484337568283081,0.4227362275123596,0.6734686493873596,0.05985507369041443
14485,4,00_SS2-107-Ab_comp.jams,1132586,1,2,3,3,False,neutral,mixed_by_complete_group,127,5,122,0,0.2920548915863037,0.41393303871154785,0.29401201009750366,0.4964320957660675,0.50464928150177,0.3131215572357178
14598,4,00_SS2-107-Ab_comp.jams,1497124,1,3,2,2,False,neutral,mixed_by_complete_group,212,44,167,1,0.24470804631710052,0.28048834204673767,0.4748035967350006,0.4411114454269409,0.6399536728858948,0.09667704999446869
14627,4,00_SS2-107-Ab_comp.jams,1571601,0,3,2,2,False,neutral,mixed_by_complete_group,209,5,204,0,0.19407908618450165,0.30071118474006653,0.5052096843719482,0.4801136255264282,0.7215773463249207,0.3905642628669739
14631,4,00_SS2-107-Ab_solo.jams,5,1,2,3,4,False,neutral,local_rates_favor_regression_for_all_groups,54,0,52,2,0.15115223824977875,0.42721888422966003,0.4216289520263672,0.0494791679084301,0.9554049372673035,0.3139527142047882
18899,4,01_Funk2-108-Eb_comp.jams,244956,4,3,4,4,False,correction,mixed_by_complete_group,88,19,68,1,0.29556453227996826,0.3499809205532074,0.35445454716682434,0.07723721861839294,0.8124913573265076,0.1315620243549347
18963,4,01_Funk2-108-Eb_comp.jams,502813,3,3,2,2,True,regression,mixed_by_complete_group,142,23,117,2,0.23016652464866638,0.2582606375217438,0.5115728378295898,0.4215448796749115,1.4076663255691528,0.24373650550842285
19007,4,01_Funk2-108-Eb_comp.jams,766135,2,2,3,3,True,regression,local_rates_favor_correction_for_all_groups,79,79,0,0,0.43678081035614014,0.3170472979545593,0.24617190659046173,0.6354826092720032,0.8069929480552673,0.08946487307548523
19018,4,01_Funk2-108-Eb_comp.jams,815639,2,3,2,2,False,correction,mixed_by_complete_group,127,56,71,0,0.30349335074424744,0.3153415620326996,0.3811650276184082,0.39985236525535583,0.6602293252944946,0.2839360535144806
19075,4,01_Funk2-108-Eb_comp.jams,1072604,1,3,2,2,False,neutral,local_rates_favor_regression_for_all_groups,5,0,5,0,0.2811109721660614,0.37354591488838196,0.34534311294555664,0.699999988079071,0.7411743998527527,0.05033618211746216
19077,4,01_Funk2-108-Eb_comp.jams,1090502,2,4,4,3,False,neutral,mixed_by_complete_group,161,132,29,0,0.3704158365726471,0.31646615266799927,0.31311801075935364,0.5822981595993042,0.9378176927566528,0.05696168541908264
19092,4,01_Funk2-108-Eb_comp.jams,1169807,0,2,3,3,False,neutral,local_rates_favor_regression_for_all_groups,28,0,28,0,0.21117310225963593,0.4359014332294464,0.35292544960975647,0.5055803656578064,0.9508530497550964,0.007932201027870178
19099,4,01_Funk2-108-Eb_comp.jams,1208601,1,2,3,3,False,neutral,local_rates_favor_correction_for_all_groups,1,1,0,0,0.319640189409256,0.3145427405834198,0.3658170998096466,0.265625,0.6656858325004578,0.05345410108566284
19107,4,01_Funk2-108-Eb_comp.jams,1243752,4,4,3,3,True,regression,mixed_by_complete_group,126,70,56,0,0.34936466813087463,0.3448106050491333,0.30582475662231445,0.7285466194152832,0.6544932723045349,0.02038121223449707
19117,4,01_Funk2-108-Eb_comp.jams,1273797,1,3,2,2,False,neutral,mixed_by_complete_group,146,7,139,0,0.2285139262676239,0.28378424048423767,0.4877018332481384,0.5012842416763306,1.0701178312301636,0.07974165678024292
19128,4,01_Funk2-108-Eb_comp.jams,1323234,3,3,2,2,True,regression,mixed_by_complete_group,24,3,21,0,0.2853997051715851,0.320919007062912,0.39368128776550293,0.2799479067325592,0.9062606692314148,0.06585881114006042
19134,4,01_Funk2-108-Eb_comp.jams,1353562,3,2,3,3,False,correction,mixed_by_complete_group,202,201,1,0,0.4968513250350952,0.25526368618011475,0.24788495898246765,0.4206373691558838,0.6642056703567505,0.2917875647544861
19170,4,01_Funk2-108-Eb_comp.jams,1519179,3,3,2,2,True,regression,mixed_by_complete_group,71,9,61,1,0.2608491778373718,0.2956823706626892,0.44346851110458374,0.3635563254356384,0.9933093190193176,0.25891000032424927
21457,4,01_Jazz1-130-D_comp.jams,406639,1,2,3,3,False,neutral,local_rates_favor_correction_for_all_groups,109,109,0,0,0.4685235917568207,0.24656860530376434,0.284907728433609,0.3927752375602722,0.5231871008872986,0.2542392611503601
21493,4,01_Jazz1-130-D_comp.jams,523047,2,3,2,2,False,correction,local_rates_favor_regression_for_all_groups,7,0,7,0,0.2531086504459381,0.3664874732494354,0.38040390610694885,0.5290178656578064,0.9103363752365112,0.22515414655208588
21529,4,01_Jazz1-130-D_comp.jams,704915,2,2,3,3,True,regression,mixed_by_complete_group,36,32,4,0,0.3684987723827362,0.3129567801952362,0.3185444474220276,0.1627604216337204,0.8926365971565247,0.43666088581085205
21538,4,01_Jazz1-130-D_comp.jams,724421,2,2,3,3,True,regression,local_rates_favor_correction_for_all_groups,3,3,0,0,0.3747576177120209,0.32335126399993896,0.30189117789268494,0.3333333432674408,0.7773194313049316,0.04543796181678772
21576,4,01_Jazz1-130-D_comp.jams,866294,2,3,3,2,False,correction,mixed_by_complete_group,38,17,20,1,0.3121551275253296,0.31272435188293457,0.3751205503940582,0.5213815569877625,0.7686532139778137,0.03991568088531494
23065,4,01_Jazz3-137-Eb_comp.jams,19862,2,3,3,2,False,correction,local_rates_favor_regression_for_all_groups,2,0,2,0,0.23412157595157623,0.40016424655914307,0.3657141923904419,0.28125,0.8564976453781128,0.17933163046836853
23067,4,01_Jazz3-137-Eb_comp.jams,31020,1,3,2,2,False,neutral,mixed_by_complete_group,137,108,29,0,0.30540236830711365,0.2407134622335434,0.4538841247558594,0.18909671902656555,0.8667923212051392,0.269957959651947
23070,4,01_Jazz3-137-Eb_comp.jams,58255,2,3,2,2,False,correction,mixed_by_complete_group,79,22,57,0,0.2670067250728607,0.29566648602485657,0.4373267889022827,0.2484177201986313,0.9099488854408264,0.20870858430862427
23111,4,01_Jazz3-137-Eb_comp.jams,204176,1,2,3,3,False,neutral,local_rates_favor_regression_for_all_groups,2,0,2,0,0.19966691732406616,0.5449917912483215,0.2553412914276123,0.328125,0.7720868587493896,0.06759321689605713
23134,4,01_Jazz3-137-Eb_comp.jams,281985,1,2,3,3,False,neutral,mixed_by_complete_group,5,3,2,0,0.3521677851676941,0.34142255783081055,0.30640968680381775,0.20624999701976776,0.6214020848274231,0.20941853523254395
23136,4,01_Jazz3-137-Eb_comp.jams,288579,1,3,2,2,False,neutral,mixed_by_complete_group,124,6,118,0,0.23237191140651703,0.30628064274787903,0.46134743094444275,0.45526713132858276,0.8938834071159363,0.2338360697031021
23138,4,01_Jazz3-137-Eb_comp.jams,300307,3,2,3,3,False,correction,local_rates_favor_correction_for_all_groups,58,58,0,0,0.49708110094070435,0.34336623549461365,0.15955260396003723,0.5431034564971924,0.6317128539085388,0.16548806428909302
23160,4,01_Jazz3-137-Eb_comp.jams,386851,2,2,3,3,True,regression,mixed_by_complete_group,85,25,60,0,0.3561996519565582,0.4036366045475006,0.2401636838912964,0.48805147409439087,0.4835187494754791,0.11337390542030334
23169,4,01_Jazz3-137-Eb_comp.jams,443703,3,3,2,2,True,regression,mixed_by_complete_group,95,64,31,0,0.3098815381526947,0.2878625690937042,0.4022558033466339,0.21792763471603394,0.7634685039520264,0.2047107219696045
23181,4,01_Jazz3-137-Eb_comp.jams,494752,2,2,3,3,True,regression,local_rates_favor_correction_for_all_groups,124,124,0,0,0.4796869456768036,0.3159811794757843,0.20433180034160614,0.6512096524238586,0.6427571773529053,0.29712119698524475
23188,4,01_Jazz3-137-Eb_comp.jams,521697,1,2,3,3,False,neutral,local_rates_favor_regression_for_all_groups,42,0,42,0,0.27526333928108215,0.35519859194755554,0.3695380687713623,0.2938988208770752,0.7962782979011536,0.031153738498687744
23213,4,01_Jazz3-137-Eb_comp.jams,648882,2,3,2,2,False,correction,mixed_by_complete_group,129,103,26,0,0.32890936732292175,0.23643481731414795,0.4346558153629303,0.15782460570335388,0.7059406042098999,0.38787394762039185
23219,4,01_Jazz3-137-Eb_comp.jams,676732,2,3,2,2,False,correction,local_rates_favor_regression_for_all_groups,71,0,71,0,0.24630305171012878,0.36828792095184326,0.38540905714035034,0.30699825286865234,0.8567200899124146,0.18371456861495972
23227,4,01_Jazz3-137-Eb_comp.jams,725754,2,3,2,2,False,correction,mixed_by_complete_group,174,153,19,2,0.3396855890750885,0.23677369952201843,0.4235406517982483,0.18660201132297516,0.6773830056190491,0.2984195053577423
23258,4,01_Jazz3-137-Eb_comp.jams,831356,3,3,2,2,True,regression,mixed_by_complete_group,125,3,122,0,0.25357523560523987,0.32273009419441223,0.4236947000026703,0.38862499594688416,0.8894155025482178,0.01889100670814514
23351,4,01_Jazz3-137-Eb_comp.jams,1189657,2,3,2,2,False,correction,mixed_by_complete_group,123,121,2,0,0.3845142722129822,0.21105585992336273,0.4044298231601715,0.2668953239917755,0.6801416277885437,0.3022662103176117
23362,4,01_Jazz3-137-Eb_comp.jams,1227953,2,3,2,2,False,correction,mixed_by_complete_group,217,200,14,3,0.3268604874610901,0.20954525470733643,0.4635942280292511,0.2651209533214569,0.8351485729217529,0.08838509023189545
24570,4,01_Rock1-90-C#_comp.jams,144876,3,4,3,3,False,correction,local_rates_favor_correction_for_all_groups,1,1,0,0,0.32648220658302307,0.21739129722118378,0.45612648129463196,0.84375,0.48296019434928894,0.14453420042991638
24608,4,01_Rock1-90-C#_comp.jams,219910,1,2,3,3,False,neutral,mixed_by_complete_group,122,11,110,1,0.3624703884124756,0.43667274713516235,0.20085689425468445,0.5899077653884888,0.4407166838645935,0.214735209941864
24615,4,01_Rock1-90-C#_comp.jams,234248,2,3,4,4,False,neutral,mixed_by_complete_group,121,85,36,0,0.36737680435180664,0.30525848269462585,0.3273647427558899,0.17148759961128235,0.5659184455871582,0.3825962245464325
24629,4,01_Rock1-90-C#_comp.jams,262573,2,2,3,3,True,regression,mixed_by_complete_group,20,10,10,0,0.3367161452770233,0.33758389949798584,0.32569998502731323,0.17578125,0.5436794757843018,0.5264421105384827
24710,4,01_Rock1-90-C#_comp.jams,425129,4,3,2,2,False,neutral,local_rates_favor_correction_for_all_groups,3,3,0,0,0.3841690719127655,0.20863215625286102,0.40719878673553467,0.265625,0.5153665542602539,0.21904340386390686
24726,4,01_Rock1-90-C#_comp.jams,468969,5,3,4,4,False,neutral,mixed_by_complete_group,77,75,2,0,0.39354148507118225,0.25109055638313293,0.35536789894104004,0.1842532455921173,0.5331454873085022,0.09974628686904907
24743,4,01_Rock1-90-C#_comp.jams,501643,3,2,3,3,False,correction,mixed_by_complete_group,115,2,113,0,0.2530980408191681,0.38703885674476624,0.3598631024360657,0.35108694434165955,0.43372637033462524,0.15359878540039062
24780,4,01_Rock1-90-C#_comp.jams,573901,3,2,3,3,False,correction,local_rates_favor_correction_for_all_groups,133,133,0,0,0.33186042308807373,0.20820537209510803,0.45993420481681824,0.2699718177318573,0.5766695737838745,0.30194029211997986
24801,4,01_Rock1-90-C#_comp.jams,616679,3,2,3,3,False,correction,mixed_by_complete_group,76,74,2,0,0.37258192896842957,0.23300416767597198,0.39441385865211487,0.2736431062221527,0.582603931427002,0.2447243332862854
24854,4,01_Rock1-90-C#_comp.jams,734331,4,3,4,4,False,correction,mixed_by_complete_group,107,76,30,1,0.39156654477119446,0.34803083539009094,0.2604026794433594,0.21831192076206207,0.5097946524620056,0.07773721218109131
24870,4,01_Rock1-90-C#_comp.jams,779709,2,3,3,2,False,correction,mixed_by_complete_group,118,60,57,1,0.26436302065849304,0.2676036059856415,0.4680333435535431,0.5235699415206909,0.5295382142066956,0.004737347364425659
24884,4,01_Rock1-90-C#_comp.jams,808190,4,3,4,4,False,correction,mixed_by_complete_group,58,56,2,0,0.40656641125679016,0.27274468541145325,0.3206889033317566,0.2451508641242981,0.5331311821937561,0.14562144875526428
24906,4,01_Rock1-90-C#_comp.jams,851127,4,4,5,5,True,regression,local_rates_favor_correction_for_all_groups,11,11,0,0,0.4098559617996216,0.1875985711812973,0.4025454819202423,0.09801136702299118,0.4683051109313965,0.11896193027496338
24929,4,01_Rock1-90-C#_comp.jams,896546,4,3,4,4,False,correction,mixed_by_complete_group,101,87,14,0,0.44260627031326294,0.2845690846443176,0.2728246748447418,0.17976485192775726,0.48131927847862244,0.13250824809074402
24944,4,01_Rock1-90-C#_comp.jams,925131,4,3,4,4,False,correction,mixed_by_complete_group,54,43,11,0,0.4093504250049591,0.3188941180706024,0.27175551652908325,0.18692129850387573,0.6302741169929504,0.319640576839447
24976,4,01_Rock1-90-C#_comp.jams,1015010,5,3,4,4,False,neutral,mixed_by_complete_group,112,110,2,0,0.3692527413368225,0.25919976830482483,0.37154752016067505,0.2248883992433548,0.4114551246166229,0.09059295058250427
24989,4,01_Rock1-90-C#_comp.jams,1042690,2,3,3,2,False,correction,mixed_by_complete_group,142,140,2,0,0.3729347288608551,0.19939438998699188,0.4276709258556366,0.49097710847854614,0.5953102707862854,0.020589113235473633
24997,4,01_Rock1-90-C#_comp.jams,1058539,3,3,2,2,True,regression,mixed_by_complete_group,43,1,42,0,0.2592337727546692,0.3464655876159668,0.394300639629364,0.4469476640224457,0.5859390497207642,0.18713870644569397
25034,4,01_Rock1-90-C#_comp.jams,1131344,4,3,4,4,False,correction,mixed_by_complete_group,126,74,50,2,0.3215532600879669,0.25967252254486084,0.41877421736717224,0.190476194024086,0.5574842691421509,0.4247514307498932
25035,4,01_Rock1-90-C#_comp.jams,1133115,2,2,2,3,False,regression,local_rates_favor_regression_for_all_groups,2,0,2,0,0.26705607771873474,0.46559372544288635,0.2673501968383789,0.328125,0.46054720878601074,0.010055720806121826
25045,4,01_Rock1-90-C#_comp.jams,1154599,4,3,4,4,False,correction,local_rates_favor_correction_for_all_groups,40,40,0,0,0.4795401096343994,0.20466497540473938,0.3157949447631836,0.28203123807907104,0.5581251382827759,0.43909114599227905
25048,4,01_Rock1-90-C#_comp.jams,1160229,3,3,2,2,True,regression,local_rates_favor_regression_for_all_groups,80,0,80,0,0.23376016318798065,0.33370381593704224,0.4325360357761383,0.8023437261581421,0.6576865911483765,0.179166778922081
25086,4,01_Rock1-90-C#_comp.jams,1249864,4,3,4,4,False,correction,mixed_by_complete_group,83,82,1,0,0.4638400673866272,0.2783813774585724,0.2577785849571228,0.18881776928901672,0.5281161069869995,0.03189891576766968
25145,4,01_Rock1-90-C#_comp.jams,1366089,4,3,3,4,False,correction,local_rates_favor_correction_for_all_groups,64,64,0,0,0.4350043535232544,0.27737823128700256,0.28761738538742065,0.11328125,0.6407842636108398,0.034789860248565674
25160,4,01_Rock1-90-C#_comp.jams,1396487,4,3,4,4,False,correction,local_rates_favor_correction_for_all_groups,64,64,0,0,0.4048480689525604,0.2538837194442749,0.3412682116031647,0.284423828125,0.48906615376472473,0.2597932517528534
29665,4,01_SS2-107-Ab_comp.jams,24092,3,3,3,2,False,regression,mixed_by_complete_group,2,1,1,0,0.344483345746994,0.3580833077430725,0.29743334650993347,0.1953125,0.5444290041923523,0.03413340449333191
29680,4,01_SS2-107-Ab_comp.jams,87452,3,3,2,2,True,regression,local_rates_favor_correction_for_all_groups,1,1,0,0,0.3921568691730499,0.26330533623695374,0.3445378243923187,0.140625,0.9283161759376526,0.16764521598815918
29695,4,01_SS2-107-Ab_comp.jams,135490,2,3,4,4,False,neutral,local_rates_favor_regression_for_all_groups,1,0,1,0,0.273141473531723,0.4076738655567169,0.31918466091156006,0.28125,0.5785022377967834,0.06485241651535034
29764,4,01_SS2-107-Ab_comp.jams,383873,1,3,2,2,False,neutral,mixed_by_complete_group,18,5,13,0,0.2800465524196625,0.3181282877922058,0.4018251895904541,0.1840277761220932,0.9490557909011841,0.491644948720932
29784,4,01_SS2-107-Ab_comp.jams,475925,1,3,2,2,False,neutral,local_rates_favor_regression_for_all_groups,11,0,11,0,0.24166297912597656,0.34901341795921326,0.4093236029148102,0.15482954680919647,0.6922245621681213,0.04538536071777344
29786,4,01_SS2-107-Ab_comp.jams,482425,4,3,5,5,False,neutral,local_rates_favor_regression_for_all_groups,7,0,7,0,0.17460770905017853,0.3187587559223175,0.5066335201263428,0.09375,0.5604234337806702,0.10670784115791321
29797,4,01_SS2-107-Ab_comp.jams,531624,1,3,2,2,False,neutral,mixed_by_complete_group,108,81,27,0,0.2879016399383545,0.24483734369277954,0.46726104617118835,0.27314814925193787,0.682431697845459,0.12506502866744995
29815,4,01_SS2-107-Ab_comp.jams,606213,2,3,2,2,False,correction,local_rates_favor_regression_for_all_groups,6,0,6,0,0.2561403810977936,0.4045797884464264,0.3392798602581024,0.1953125,0.5636906027793884,0.11936196684837341
29818,4,01_SS2-107-Ab_comp.jams,611936,1,3,2,2,False,neutral,mixed_by_complete_group,226,108,114,4,0.2888782024383545,0.2796371877193451,0.431484580039978,0.5049087405204773,0.9674767851829529,0.21353593468666077
29837,4,01_SS2-107-Ab_comp.jams,688382,2,3,2,2,False,correction,mixed_by_complete_group,204,60,144,0,0.24751245975494385,0.32109230756759644,0.43139520287513733,0.45488664507865906,0.7082432508468628,0.23398283123970032
29903,4,01_SS2-107-Ab_comp.jams,957987,1,2,3,3,False,neutral,local_rates_favor_regression_for_all_groups,1,0,1,0,0.2239130437374115,0.2543478310108185,0.52173912525177,0.25,0.7602486610412598,0.1197642982006073
29906,4,01_SS2-107-Ab_comp.jams,976721,2,2,3,3,True,regression,local_rates_favor_regression_for_all_groups,24,0,24,0,0.2811625897884369,0.3895282745361328,0.3293091356754303,0.3841145932674408,1.034674048423767,0.3122444152832031
29939,4,01_SS2-107-Ab_comp.jams,1100381,4,3,2,2,False,neutral,mixed_by_complete_group,33,7,26,0,0.25871580839157104,0.31386494636535645,0.4274192750453949,0.2713068127632141,1.029502272605896,0.4922182559967041
29961,4,01_SS2-107-Ab_comp.jams,1199961,3,4,3,3,False,correction,mixed_by_complete_group,213,209,4,0,0.41700246930122375,0.3070172369480133,0.27598029375076294,0.5345510840415955,0.8375835418701172,0.2254607379436493
29973,4,01_SS2-107-Ab_comp.jams,1249872,0,3,3,2,False,neutral,mixed_by_complete_group,217,148,64,5,0.2749611735343933,0.24767355620861053,0.47736528515815735,0.5507632493972778,0.9683507680892944,0.036902204155921936
29991,4,01_SS2-107-Ab_comp.jams,1334312,0,2,3,3,False,neutral,local_rates_favor_regression_for_all_groups,10,0,10,0,0.18763062357902527,0.42213577032089233,0.39023357629776,0.42656248807907104,0.9238556623458862,0.5201244354248047
29998,4,01_SS2-107-Ab_comp.jams,1372084,1,3,2,2,False,neutral,mixed_by_complete_group,33,27,6,0,0.31326770782470703,0.2530120313167572,0.43372026085853577,0.2234848439693451,0.9473157525062561,0.049492448568344116
30111,4,01_SS2-107-Ab_solo.jams,184590,1,2,3,3,False,neutral,local_rates_favor_correction_for_all_groups,2,2,0,0,0.35176992416381836,0.32872533798217773,0.3195047378540039,0.109375,0.8691145181655884,0.40400880575180054
30207,4,01_SS2-107-Ab_solo.jams,518689,1,3,2,2,False,neutral,mixed_by_complete_group,64,40,23,1,0.2892444133758545,0.2571234703063965,0.453632116317749,0.32958984375,0.7650390267372131,0.43043315410614014
30295,4,01_SS2-107-Ab_solo.jams,864116,2,3,3,2,False,correction,mixed_by_complete_group,55,26,29,0,0.30695512890815735,0.31469491124153137,0.37834998965263367,0.25284090638160706,0.9951217770576477,0.06000779569149017
30465,4,01_SS2-107-Ab_solo.jams,1496251,2,2,2,3,False,regression,local_rates_favor_correction_for_all_groups,3,3,0,0,0.409652441740036,0.3184378147125244,0.2719097435474396,0.3125,1.216530442237854,0.01109820045530796
34391,4,02_Funk2-108-Eb_comp.jams,25405,3,3,2,2,True,regression,local_rates_favor_regression_for_all_groups,129,0,129,0,0.20214836299419403,0.3672652244567871,0.43058639764785767,0.5335513353347778,0.917966365814209,0.15744003653526306
34428,4,02_Funk2-108-Eb_comp.jams,123414,3,2,3,3,False,correction,local_rates_favor_regression_for_all_groups,1,0,1,0,0.24266071617603302,0.4242536723613739,0.3330855965614319,0.234375,0.968018651008606,0.010591074824333191
34433,4,02_Funk2-108-Eb_comp.jams,134500,1,2,3,3,False,neutral,local_rates_favor_correction_for_all_groups,1,1,0,0,0.3596113920211792,0.3549928367137909,0.2853957712650299,0.140625,0.7886945009231567,0.1708325445652008
34496,4,02_Funk2-108-Eb_comp.jams,342740,3,2,3,3,False,correction,mixed_by_complete_group,62,61,1,0,0.38927963376045227,0.3065013289451599,0.3042190372943878,0.3334173262119293,0.7219929099082947,0.08327755331993103
34505,4,02_Funk2-108-Eb_comp.jams,410463,2,2,3,3,True,regression,mixed_by_complete_group,127,8,119,0,0.30275171995162964,0.4041292667388916,0.293118953704834,0.4459891617298126,0.6131601929664612,0.4763867259025574
34560,4,02_Funk2-108-Eb_comp.jams,587378,1,3,2,2,False,neutral,mixed_by_complete_group,163,76,87,0,0.2799428105354309,0.29731473326683044,0.42274245619773865,0.42129984498023987,0.6852788329124451,0.1006460189819336
34567,4,02_Funk2-108-Eb_comp.jams,636197,3,3,2,2,True,regression,mixed_by_complete_group,129,88,39,2,0.2964577376842499,0.2545184791088104,0.4490237534046173,0.4639050364494324,0.6098617911338806,0.18626761436462402
34591,4,02_Funk2-108-Eb_comp.jams,729500,2,3,2,2,False,correction,mixed_by_complete_group,111,72,38,1,0.30116668343544006,0.2607947587966919,0.43803855776786804,0.3191159963607788,0.7259571552276611,0.16252559423446655
34610,4,02_Funk2-108-Eb_comp.jams,821898,3,3,2,2,True,regression,mixed_by_complete_group,142,104,35,3,0.33061009645462036,0.3061602711677551,0.3632296025753021,0.3554137349128723,0.6012762188911438,0.25237756967544556
34631,4,02_Funk2-108-Eb_comp.jams,882984,3,2,2,3,False,correction,mixed_by_complete_group,19,10,9,0,0.37166640162467957,0.3727406859397888,0.25559285283088684,0.2549342215061188,0.6746532917022705,0.00834280252456665
34691,4,02_Funk2-108-Eb_comp.jams,1055099,0,3,2,2,False,neutral,mixed_by_complete_group,162,38,123,1,0.2948717772960663,0.3523027300834656,0.35282549262046814,0.3736496865749359,0.5884671807289124,0.18638110160827637
34729,4,02_Funk2-108-Eb_comp.jams,1201433,0,3,3,2,False,neutral,mixed_by_complete_group,95,2,93,0,0.1686033010482788,0.3692557215690613,0.4621410071849823,0.2902960479259491,0.48364493250846863,0.06608074903488159
34790,4,02_Funk2-108-Eb_comp.jams,1372302,1,3,2,2,False,neutral,mixed_by_complete_group,233,144,86,3,0.25970301032066345,0.2309829592704773,0.5093140006065369,0.38016363978385925,1.2080470323562622,0.20273372530937195
34792,4,02_Funk2-108-Eb_comp.jams,1397148,3,4,3,3,False,correction,local_rates_favor_correction_for_all_groups,1,1,0,0,0.34568655490875244,0.28321999311447144,0.3710934519767761,0.53125,0.7045614123344421,0.19437310099601746
34796,4,02_Funk2-108-Eb_comp.jams,1432896,1,3,2,2,False,neutral,mixed_by_complete_group,204,114,90,0,0.23213012516498566,0.22964955866336823,0.5382203459739685,0.4234834611415863,0.764037013053894,0.13074536621570587
34799,4,02_Funk2-108-Eb_comp.jams,1470967,3,4,3,3,False,correction,mixed_by_complete_group,12,2,10,0,0.30186909437179565,0.34693643450737,0.35119450092315674,0.4140625,0.5845297574996948,0.21643516421318054
36755,4,02_Jazz1-130-D_comp.jams,113748,3,3,2,2,True,regression,mixed_by_complete_group,191,76,111,4,0.3204760253429413,0.3393400013446808,0.3401840031147003,0.3916884958744049,0.6342230439186096,0.07170417904853821
36792,4,02_Jazz1-130-D_comp.jams,276888,2,3,2,2,False,correction,mixed_by_complete_group,227,187,38,2,0.3487977683544159,0.2623139023780823,0.3888883888721466,0.4264867901802063,0.7940270304679871,0.43609803915023804
36807,4,02_Jazz1-130-D_comp.jams,345818,4,3,2,2,False,neutral,mixed_by_complete_group,90,55,34,1,0.31696251034736633,0.3063826560974121,0.37665480375289917,0.26614582538604736,0.6648635268211365,0.043282926082611084
36820,4,02_Jazz1-130-D_comp.jams,379725,3,2,4,4,False,neutral,local_rates_favor_regression_for_all_groups,1,0,1,0,0.08684210479259491,0.2605263292789459,0.6526315808296204,0.0625,0.65743488073349,0.10355737805366516
36831,4,02_Jazz1-130-D_comp.jams,400365,2,3,2,2,False,correction,local_rates_favor_correction_for_all_groups,182,182,0,0,0.37003570795059204,0.15686622262001038,0.4730980098247528,0.5876545310020447,0.6254929900169373,0.01843004673719406
36860,4,02_Jazz1-130-D_comp.jams,470631,2,3,2,2,False,correction,mixed_by_complete_group,153,5,148,0,0.25929954648017883,0.3943447470664978,0.346355676651001,0.43535539507865906,0.5231120586395264,0.09286299347877502
36910,4,02_Jazz1-130-D_comp.jams,747145,3,3,2,2,True,regression,local_rates_favor_regression_for_all_groups,47,0,47,0,0.20654575526714325,0.3686876893043518,0.4247664511203766,0.34009307622909546,0.5075974464416504,0.02693501114845276
36919,4,02_Jazz1-130-D_comp.jams,766595,2,3,2,2,False,correction,mixed_by_complete_group,121,4,117,0,0.2125408798456192,0.37326472997665405,0.41419440507888794,0.10653409361839294,0.48337891697883606,0.05182412266731262
36923,4,02_Jazz1-130-D_comp.jams,794800,4,2,3,3,False,neutral,local_rates_favor_regression_for_all_groups,10,0,10,0,0.2188156545162201,0.4559762477874756,0.3252080976963043,0.2718749940395355,0.5408631563186646,0.13822263479232788
37005,4,02_Jazz1-130-D_solo.jams,101526,1,2,2,3,False,neutral,mixed_by_complete_group,39,38,1,0,0.33793291449546814,0.27960628271102905,0.38246074318885803,0.5136218070983887,0.6400338411331177,0.1425829529762268
38608,4,02_Jazz3-137-Eb_comp.jams,32023,2,2,3,3,True,regression,local_rates_favor_correction_for_all_groups,42,42,0,0,0.42478543519973755,0.29043135046958923,0.28478315472602844,0.2369791716337204,0.5467430949211121,0.20236283540725708
38681,4,02_Jazz3-137-Eb_comp.jams,289872,3,3,4,4,True,regression,mixed_by_complete_group,49,41,8,0,0.4313386082649231,0.3157216012477875,0.25293976068496704,0.10363520681858063,0.5132710337638855,0.10780537128448486
38701,4,02_Jazz3-137-Eb_comp.jams,366712,2,3,5,5,False,neutral,local_rates_favor_regression_for_all_groups,1,0,1,0,0.15018773078918457,0.2690863609313965,0.580725908279419,0.078125,0.6188667416572571,0.11609157919883728
38707,4,02_Jazz3-137-Eb_comp.jams,387397,3,3,2,2,True,regression,local_rates_favor_regression_for_all_groups,20,0,20,0,0.21378116309642792,0.4229698181152344,0.3632490038871765,0.22812500596046448,0.5270137786865234,0.013876497745513916
38710,4,02_Jazz3-137-Eb_comp.jams,406762,3,3,2,2,True,regression,mixed_by_complete_group,60,19,41,0,0.2696754038333893,0.35423773527145386,0.37608686089515686,0.3747395873069763,0.5075801610946655,0.04529446363449097
38729,4,02_Jazz3-137-Eb_comp.jams,482942,3,2,3,3,False,correction,mixed_by_complete_group,61,54,7,0,0.38028672337532043,0.3243694007396698,0.29534387588500977,0.3378586173057556,0.5234768390655518,0.15524035692214966
38754,4,02_Jazz3-137-Eb_comp.jams,574410,1,2,3,3,False,neutral,local_rates_favor_regression_for_all_groups,2,0,2,0,0.22860349714756012,0.4627746343612671,0.308621883392334,0.3515625,0.5637704730033875,0.06690150499343872
38770,4,02_Jazz3-137-Eb_comp.jams,618275,2,3,2,2,False,correction,mixed_by_complete_group,147,64,83,0,0.27436205744743347,0.30990561842918396,0.41573232412338257,0.3393920063972473,0.6459540724754333,0.05276226997375488
38772,4,02_Jazz3-137-Eb_comp.jams,669640,1,2,3,3,False,neutral,local_rates_favor_correction_for_all_groups,3,3,0,0,0.3882625997066498,0.29447343945503235,0.31726399064064026,0.125,0.5484126210212708,0.1914622187614441
38780,4,02_Jazz3-137-Eb_comp.jams,714347,1,3,2,2,False,neutral,local_rates_favor_regression_for_all_groups,35,0,35,0,0.2210342437028885,0.381840318441391,0.39712539315223694,0.08348214626312256,0.5295668840408325,0.196809321641922
38800,4,02_Jazz3-137-Eb_comp.jams,773416,1,2,3,3,False,neutral,mixed_by_complete_group,62,4,58,0,0.3007631301879883,0.34336504340171814,0.35587185621261597,0.35131049156188965,0.7535749077796936,0.17596855759620667
38808,4,02_Jazz3-137-Eb_comp.jams,823179,2,2,3,3,True,regression,mixed_by_complete_group,109,108,1,0,0.39899441599845886,0.30727967619895935,0.29372599720954895,0.1727350950241089,0.6090927124023438,0.45438748598098755
38816,4,02_Jazz3-137-Eb_comp.jams,850822,2,3,3,2,False,correction,mixed_by_complete_group,160,9,151,0,0.2736458480358124,0.3529333770275116,0.373420774936676,0.47148436307907104,0.6535900831222534,0.033220142126083374
38850,4,02_Jazz3-137-Eb_comp.jams,926804,1,2,3,3,False,neutral,local_rates_favor_regression_for_all_groups,1,0,1,0,0.28944969177246094,0.3471166491508484,0.3634336590766907,0.328125,0.7267538905143738,0.40988999605178833
38876,4,02_Jazz3-137-Eb_comp.jams,1023985,3,3,2,2,True,regression,mixed_by_complete_group,4,1,3,0,0.3019050657749176,0.31539055705070496,0.3827044367790222,0.1484375,0.5659373998641968,0.22295436263084412
38913,4,02_Jazz3-137-Eb_comp.jams,1131600,2,3,2,2,False,correction,local_rates_favor_correction_for_all_groups,130,130,0,0,0.36056482791900635,0.19836583733558655,0.4410693347454071,0.6383413672447205,0.6065468788146973,0.3133545517921448
38914,4,02_Jazz3-137-Eb_comp.jams,1133526,1,2,3,3,False,neutral,mixed_by_complete_group,4,1,3,0,0.3814960718154907,0.3894991874694824,0.22900477051734924,0.43359375,0.4959268569946289,0.053982943296432495
40385,4,02_Rock1-90-C#_comp.jams,235736,2,3,2,2,False,correction,mixed_by_complete_group,105,16,89,0,0.2770392596721649,0.35780760645866394,0.36515313386917114,0.2584821283817291,0.5605680346488953,0.060796380043029785
40457,4,02_Rock1-90-C#_comp.jams,500279,3,3,3,2,False,regression,mixed_by_complete_group,76,3,73,0,0.2567738890647888,0.3648388385772705,0.3783872127532959,0.12129934132099152,0.6013339161872864,0.009431511163711548
40486,4,02_Rock1-90-C#_comp.jams,573379,3,3,2,2,True,regression,mixed_by_complete_group,89,2,87,0,0.24497628211975098,0.3704465329647064,0.3845771253108978,0.11429072916507721,0.5126070380210876,0.06412950158119202
40534,4,02_Rock1-90-C#_comp.jams,773003,1,3,2,2,False,neutral,mixed_by_complete_group,217,34,183,0,0.25252625346183777,0.33742666244506836,0.4100470542907715,0.6123992204666138,1.0724848508834839,0.05220917984843254
40594,4,02_Rock1-90-C#_comp.jams,971365,6,3,4,4,False,neutral,local_rates_favor_correction_for_all_groups,36,36,0,0,0.41342049837112427,0.29592642188072205,0.29065316915512085,0.1857638955116272,0.45039093494415283,0.1019047200679779
44813,4,02_SS2-107-Ab_comp.jams,309302,1,2,3,3,False,neutral,local_rates_favor_regression_for_all_groups,1,0,1,0,0.2796977460384369,0.35017961263656616,0.37012264132499695,0.234375,0.6641346216201782,0.053512588143348694
44837,4,02_SS2-107-Ab_comp.jams,372130,3,3,2,2,True,regression,mixed_by_complete_group,168,20,148,0,0.26788756251335144,0.33549314737319946,0.39661934971809387,0.4090401828289032,0.5182809233665466,0.10588061809539795
44872,4,02_SS2-107-Ab_comp.jams,471118,3,2,2,3,False,correction,mixed_by_complete_group,8,5,3,0,0.33862948417663574,0.3200206756591797,0.34134984016418457,0.322265625,0.5252676010131836,0.02324235439300537
44940,4,02_SS2-107-Ab_comp.jams,706577,3,3,4,4,True,regression,mixed_by_complete_group,25,9,16,0,0.3205404579639435,0.3502071499824524,0.3292523920536041,0.039374999701976776,0.5374208688735962,0.19483131170272827
44967,4,02_SS2-107-Ab_comp.jams,766455,4,3,2,2,False,neutral,local_rates_favor_correction_for_all_groups,122,122,0,0,0.36514461040496826,0.2274399697780609,0.4074154496192932,0.41790470480918884,0.5907841920852661,0.3633982539176941
44978,4,02_SS2-107-Ab_comp.jams,789501,2,3,2,2,False,correction,mixed_by_complete_group,193,145,45,3,0.3044559955596924,0.25503313541412354,0.4405108094215393,0.3003562092781067,0.6825123429298401,0.20098596811294556
45058,4,02_SS2-107-Ab_comp.jams,965892,3,2,3,3,False,correction,local_rates_favor_regression_for_all_groups,65,0,65,0,0.23176582157611847,0.4587966203689575,0.3094375729560852,0.48365384340286255,0.45646145939826965,0.20211666822433472
45069,4,02_SS2-107-Ab_comp.jams,989694,2,3,2,2,False,correction,mixed_by_complete_group,172,133,39,0,0.3039757311344147,0.2392204850912094,0.4568037986755371,0.3735465109348297,0.7997218370437622,0.14451438188552856
45158,4,02_SS2-107-Ab_comp.jams,1261839,3,2,3,3,False,correction,mixed_by_complete_group,46,40,6,0,0.40562331676483154,0.3571804165840149,0.23719625174999237,0.628057062625885,0.43589580059051514,0.013413786888122559
45164,4,02_SS2-107-Ab_comp.jams,1279754,0,3,2,2,False,neutral,mixed_by_complete_group,182,164,16,2,0.22219622135162354,0.17273347079753876,0.6050702333450317,0.5139937996864319,0.9320554733276367,0.09462803602218628
45172,4,02_SS2-107-Ab_comp.jams,1310050,2,3,2,2,False,correction,mixed_by_complete_group,125,78,45,2,0.3514031171798706,0.32937848567962646,0.3192184865474701,0.36800000071525574,0.683422327041626,0.023623406887054443
49182,4,03_Funk2-108-Eb_comp.jams,37573,1,3,2,2,False,neutral,mixed_by_complete_group,118,95,23,0,0.2832048833370209,0.23006251454353333,0.4867326319217682,0.16565148532390594,0.7259005904197693,0.25995972752571106
49212,4,03_Funk2-108-Eb_comp.jams,134367,2,2,3,3,True,regression,mixed_by_complete_group,9,3,6,0,0.3501397967338562,0.384920597076416,0.2649396061897278,0.4513888955116272,0.7878959774971008,0.22162678837776184
49217,4,03_Funk2-108-Eb_comp.jams,146603,3,3,4,5,True,regression,mixed_by_complete_group,34,1,26,7,0.1746690273284912,0.3236115276813507,0.5017194151878357,0.0234375,0.5055948495864868,0.033019185066223145
49237,4,03_Funk2-108-Eb_comp.jams,244268,3,3,5,5,True,regression,local_rates_favor_regression_for_all_groups,53,0,52,1,0.19486373662948608,0.40750566124916077,0.39763063192367554,0.040978774428367615,0.481624960899353,0.2796192169189453
49264,4,03_Funk2-108-Eb_comp.jams,367030,3,4,3,3,False,correction,mixed_by_complete_group,102,93,9,0,0.4133623540401459,0.37187930941581726,0.21475836634635925,0.8414521813392639,0.47745057940483093,0.05133017897605896
49270,4,03_Funk2-108-Eb_comp.jams,392738,4,4,3,3,True,regression,mixed_by_complete_group,8,2,6,0,0.35124534368515015,0.3909926414489746,0.25776198506355286,0.478515625,0.6635617613792419,0.24109196662902832
49287,4,03_Funk2-108-Eb_comp.jams,439988,2,3,4,4,False,neutral,local_rates_favor_correction_for_all_groups,8,8,0,0,0.4243732690811157,0.2159719467163086,0.3596547842025757,0.31640625,0.4882042706012726,0.11212381720542908
49328,4,03_Funk2-108-Eb_comp.jams,624953,3,3,2,2,True,regression,local_rates_favor_regression_for_all_groups,1,0,1,0,0.24535809457302094,0.4350132644176483,0.31962865591049194,0.375,0.6028916239738464,0.025290489196777344
49356,4,03_Funk2-108-Eb_comp.jams,729540,3,2,3,3,False,correction,local_rates_favor_correction_for_all_groups,131,131,0,0,0.41541850566864014,0.3312857747077942,0.2532957196235657,0.6266698241233826,0.7279610633850098,0.06832647323608398
49364,4,03_Funk2-108-Eb_comp.jams,759691,4,4,3,3,True,regression,mixed_by_complete_group,152,116,36,0,0.38324496150016785,0.33797353506088257,0.2787815034389496,0.6903783082962036,0.6113476753234863,0.11227768659591675
49386,4,03_Funk2-108-Eb_comp.jams,833364,3,3,2,2,True,regression,mixed_by_complete_group,121,120,1,0,0.35857704281806946,0.20832881331443787,0.4330941438674927,0.37551653385162354,0.6198058724403381,0.11590638756752014
49414,4,03_Funk2-108-Eb_comp.jams,930328,2,3,3,2,False,correction,local_rates_favor_regression_for_all_groups,2,0,2,0,0.185536190867424,0.4631904661655426,0.3512733578681946,0.234375,0.5440667271614075,0.010268926620483398
49428,4,03_Funk2-108-Eb_comp.jams,996624,2,3,2,2,False,correction,mixed_by_complete_group,25,18,7,0,0.3711145520210266,0.3392782509326935,0.2896072566509247,0.5331249833106995,0.5745116472244263,0.04291293025016785
49441,4,03_Funk2-108-Eb_comp.jams,1049361,3,3,2,2,True,regression,mixed_by_complete_group,57,33,24,0,0.36378204822540283,0.36709874868392944,0.26911914348602295,0.1458333283662796,0.5179157257080078,0.31678783893585205
49459,4,03_Funk2-108-Eb_comp.jams,1127284,1,2,3,3,False,neutral,mixed_by_complete_group,43,4,39,0,0.30270475149154663,0.34612810611724854,0.3511672019958496,0.3553779125213623,0.5750370621681213,0.1653849184513092
49481,4,03_Funk2-108-Eb_comp.jams,1212521,3,3,2,2,True,regression,local_rates_favor_correction_for_all_groups,1,1,0,0,0.3795555531978607,0.25288888812065125,0.36755555868148804,0.125,0.5086182951927185,0.021578729152679443
49509,4,03_Funk2-108-Eb_comp.jams,1310977,3,3,2,2,True,regression,mixed_by_complete_group,143,134,8,1,0.301193505525589,0.21663150191307068,0.4821750521659851,0.4138985872268677,0.7158250212669373,0.22523429989814758
49522,4,03_Funk2-108-Eb_comp.jams,1371214,5,3,3,4,False,neutral,mixed_by_complete_group,6,1,5,0,0.2785721719264984,0.3855753242969513,0.3358524739742279,0.1979166716337204,0.6741737723350525,0.04890108108520508
49542,4,03_Funk2-108-Eb_comp.jams,1423915,3,3,2,2,True,regression,mixed_by_complete_group,174,32,142,0,0.23825332522392273,0.28502655029296875,0.4767201840877533,0.434177428483963,0.6655285954475403,0.2913871705532074
49546,4,03_Funk2-108-Eb_comp.jams,1444916,3,3,2,2,True,regression,mixed_by_complete_group,53,2,51,0,0.25610026717185974,0.3531295359134674,0.39077019691467285,0.44221699237823486,0.7100585103034973,0.13904350996017456
51445,4,03_Jazz1-130-D_comp.jams,155018,4,2,3,3,False,neutral,mixed_by_complete_group,44,43,1,0,0.432741641998291,0.3631724715232849,0.20408591628074646,0.4431818127632141,0.5464210510253906,0.09966456890106201
51484,4,03_Jazz1-130-D_comp.jams,328528,0,3,2,2,False,neutral,mixed_by_complete_group,203,75,128,0,0.2758212685585022,0.28767457604408264,0.43650418519973755,0.6443195939064026,0.8548842072486877,0.34705159068107605
51544,4,03_Jazz1-130-D_comp.jams,589303,3,3,2,2,True,regression,mixed_by_complete_group,78,64,14,0,0.39902791380882263,0.3269488215446472,0.27402326464653015,0.1508413404226303,0.4989684522151947,0.18852686882019043
51612,4,03_Jazz1-130-D_comp.jams,893148,1,3,2,4,False,neutral,local_rates_favor_regression_for_all_groups,1,0,1,0,0.18361736834049225,0.2429906576871872,0.5733919739723206,0.34375,1.2587521076202393,0.38090071082115173
53017,4,03_Jazz3-137-Eb_comp.jams,308706,2,3,2,2,False,correction,mixed_by_complete_group,142,87,55,0,0.30346694588661194,0.28304430842399597,0.4134887754917145,0.22491197288036346,0.6544690132141113,0.1574346125125885
53063,4,03_Jazz3-137-Eb_comp.jams,514403,4,3,4,4,False,correction,mixed_by_complete_group,2,1,1,0,0.3384958505630493,0.3171398937702179,0.3443642258644104,0.1640625,0.56644606590271,0.015427500009536743
53095,4,03_Jazz3-137-Eb_comp.jams,706192,3,3,2,2,True,regression,local_rates_favor_correction_for_all_groups,1,1,0,0,0.25224071741104126,0.23226632177829742,0.5154929757118225,0.15625,1.0435436964035034,0.22070030868053436
53179,4,03_Jazz3-137-Eb_comp.jams,1099599,2,4,2,2,False,correction,mixed_by_complete_group,210,142,68,0,0.2636801600456238,0.2282237708568573,0.5080960392951965,0.18802084028720856,0.5727563500404358,0.06654013693332672
54254,4,03_Rock1-90-C#_comp.jams,26267,2,2,2,3,False,regression,mixed_by_complete_group,54,48,6,0,0.40843626856803894,0.3363545835018158,0.25520917773246765,0.40567129850387573,0.5470682978630066,0.04715263843536377
54326,4,03_Rock1-90-C#_comp.jams,219155,2,3,2,2,False,correction,mixed_by_complete_group,86,38,47,1,0.2927032709121704,0.30285561084747314,0.40444108843803406,0.16824127733707428,0.5189985036849976,0.13537055253982544
54392,4,03_Rock1-90-C#_comp.jams,382274,2,3,4,4,False,neutral,local_rates_favor_correction_for_all_groups,17,17,0,0,0.4517114758491516,0.2485255002975464,0.2997629642486572,0.22610294818878174,0.47179877758026123,0.017959177494049072
54412,4,03_Rock1-90-C#_comp.jams,426267,2,4,3,3,False,neutral,local_rates_favor_regression_for_all_groups,1,0,1,0,0.29180991649627686,0.3801819980144501,0.32800808548927307,0.484375,0.5251624584197998,0.007533952593803406
54441,4,03_Rock1-90-C#_comp.jams,500238,3,3,4,4,True,regression,mixed_by_complete_group,134,119,13,2,0.3935023248195648,0.25607356429100037,0.3504241406917572,0.21058768033981323,0.5020778775215149,0.2998924255371094
54455,4,03_Rock1-90-C#_comp.jams,528427,2,3,4,4,False,neutral,mixed_by_complete_group,76,66,10,0,0.3884214162826538,0.2299748957157135,0.3816036581993103,0.23869243264198303,0.525479793548584,0.34195876121520996
54472,4,03_Rock1-90-C#_comp.jams,573525,3,3,2,2,True,regression,local_rates_favor_correction_for_all_groups,23,23,0,0,0.4136618673801422,0.3110308051109314,0.27530738711357117,0.24388587474822998,0.5215004682540894,0.4511057734489441
54508,4,03_Rock1-90-C#_comp.jams,646413,2,3,3,2,False,correction,local_rates_favor_regression_for_all_groups,1,0,1,0,0.23561693727970123,0.3331198990345001,0.43126314878463745,0.265625,0.4928703308105469,0.01787659525871277
54572,4,03_Rock1-90-C#_comp.jams,808344,3,3,3,4,False,regression,mixed_by_complete_group,4,1,3,0,0.30822890996932983,0.3344675898551941,0.3573035001754761,0.09375,0.5164137482643127,0.012218356132507324
54588,4,03_Rock1-90-C#_comp.jams,852013,2,3,2,2,False,correction,local_rates_favor_correction_for_all_groups,18,18,0,0,0.3286535143852234,0.2409258484840393,0.4304206371307373,0.3940972089767456,0.7193319797515869,0.24794110655784607
54603,4,03_Rock1-90-C#_comp.jams,880528,1,2,3,3,False,neutral,mixed_by_complete_group,13,11,2,0,0.3593898117542267,0.30023354291915894,0.3403765857219696,0.2920673191547394,0.4902385175228119,0.05263283848762512
54619,4,03_Rock1-90-C#_comp.jams,925439,2,2,3,3,True,regression,local_rates_favor_regression_for_all_groups,2,0,2,0,0.24184340238571167,0.4153611958026886,0.34279540181159973,0.234375,0.9729926586151123,0.28572672605514526
54623,4,03_Rock1-90-C#_comp.jams,940945,2,2,3,3,True,regression,mixed_by_complete_group,127,123,4,0,0.44849222898483276,0.3523888885974884,0.19911886751651764,0.4958169162273407,0.5384085774421692,0.08849367499351501
54634,4,03_Rock1-90-C#_comp.jams,970414,2,2,3,3,True,regression,local_rates_favor_regression_for_all_groups,9,0,9,0,0.32547593116760254,0.3791298568248749,0.2953941822052002,0.484375,0.5816531777381897,0.3963147699832916
54648,4,03_Rock1-90-C#_comp.jams,1000075,2,2,2,3,False,regression,mixed_by_complete_group,62,2,60,0,0.27045542001724243,0.332762211561203,0.39678242802619934,0.4541330635547638,0.5012207627296448,0.061556071043014526
54654,4,03_Rock1-90-C#_comp.jams,1015338,3,3,4,4,True,regression,mixed_by_complete_group,123,120,3,0,0.3798254430294037,0.2539519667625427,0.366222620010376,0.21519309282302856,0.46136900782585144,0.49144217371940613
54663,4,03_Rock1-90-C#_comp.jams,1045453,2,2,3,3,True,regression,local_rates_favor_correction_for_all_groups,127,127,0,0,0.4883880019187927,0.2943038046360016,0.21730820834636688,0.5884596705436707,0.5510764718055725,0.11322826147079468
54711,4,03_Rock1-90-C#_comp.jams,1144928,2,3,2,2,False,correction,local_rates_favor_correction_for_all_groups,125,125,0,0,0.3324636220932007,0.19064173102378845,0.47689467668533325,0.4779999852180481,0.5220564603805542,0.15573233366012573
54730,4,03_Rock1-90-C#_comp.jams,1204721,3,3,3,2,False,regression,mixed_by_complete_group,37,30,6,1,0.27835801243782043,0.2492763102054596,0.4723656177520752,0.08530405163764954,0.4992986023426056,0.12597334384918213
54738,4,03_Rock1-90-C#_comp.jams,1233962,1,2,3,3,False,neutral,mixed_by_complete_group,7,4,3,0,0.3501304090023041,0.32091906666755676,0.32895058393478394,0.4174107015132904,0.5280542969703674,0.03062605857849121
58392,4,03_SS2-107-Ab_comp.jams,110290,3,3,2,2,True,regression,mixed_by_complete_group,136,135,1,0,0.38767707347869873,0.2575167715549469,0.35480618476867676,0.38488051295280457,0.6244785189628601,0.6136297583580017
58393,4,03_SS2-107-Ab_comp.jams,112071,2,3,4,4,False,neutral,mixed_by_complete_group,6,4,2,0,0.3112417757511139,0.2839369773864746,0.4048212766647339,0.1015625,0.5425758361816406,0.1106497198343277
58410,4,03_SS2-107-Ab_comp.jams,148966,3,3,4,4,True,regression,local_rates_favor_correction_for_all_groups,16,16,0,0,0.3926489055156708,0.25000742077827454,0.3573437035083771,0.2294921875,0.4776396155357361,0.11050198972225189
58436,4,03_SS2-107-Ab_comp.jams,210221,3,3,2,2,True,regression,local_rates_favor_correction_for_all_groups,91,91,0,0,0.35500848293304443,0.2089240700006485,0.43606746196746826,0.38925138115882874,0.5456933379173279,0.16971558332443237
58446,4,03_SS2-107-Ab_comp.jams,229942,2,3,2,2,False,correction,mixed_by_complete_group,179,53,125,1,0.23359012603759766,0.30963557958602905,0.4567742943763733,0.5109112858772278,0.7762190103530884,0.08251014351844788
58455,4,03_SS2-107-Ab_comp.jams,259525,2,3,2,2,False,correction,mixed_by_complete_group,53,25,28,0,0.31180500984191895,0.3071652948856354,0.3810296654701233,0.5253537893295288,0.6269396543502808,0.045194804668426514
58458,4,03_SS2-107-Ab_comp.jams,266500,2,3,2,2,False,correction,local_rates_favor_correction_for_all_groups,18,18,0,0,0.35896602272987366,0.23869378864765167,0.4023401737213135,0.5737847089767456,0.635563850402832,0.34401094913482666
58474,4,03_SS2-107-Ab_comp.jams,309802,5,3,4,4,False,neutral,local_rates_favor_correction_for_all_groups,29,29,0,0,0.43708840012550354,0.21353989839553833,0.34937167167663574,0.30334052443504333,0.4666396379470825,0.1585521697998047
58497,4,03_SS2-107-Ab_comp.jams,364913,3,3,2,2,True,regression,mixed_by_complete_group,10,7,3,0,0.3750039041042328,0.3365913927555084,0.2884047031402588,0.20156249403953552,0.5955888032913208,0.21571430563926697
58514,4,03_SS2-107-Ab_comp.jams,407321,2,3,2,2,False,correction,mixed_by_complete_group,162,156,4,2,0.40487945079803467,0.2420201450586319,0.353100448846817,0.21537423133850098,0.6996668577194214,0.12535148859024048
58523,4,03_SS2-107-Ab_comp.jams,427833,2,3,2,2,False,correction,mixed_by_complete_group,6,3,3,0,0.350631445646286,0.36090198159217834,0.28846660256385803,0.3046875,0.8178309798240662,0.4564783275127411
58541,4,03_SS2-107-Ab_comp.jams,493756,1,3,2,2,False,neutral,mixed_by_complete_group,129,125,4,0,0.3516465425491333,0.21319381892681122,0.4351596534252167,0.20021802186965942,0.6959753632545471,0.12372341752052307
58553,4,03_SS2-107-Ab_comp.jams,525523,2,3,2,2,False,correction,mixed_by_complete_group,66,36,30,0,0.31239137053489685,0.3090130090713501,0.37859562039375305,0.4105113744735718,0.6469901204109192,0.06377431750297546
58568,4,03_SS2-107-Ab_comp.jams,563032,2,3,2,2,False,correction,mixed_by_complete_group,83,82,1,0,0.4169933497905731,0.24821823835372925,0.33478841185569763,0.2900978922843933,0.5454846620559692,0.25266027450561523
58616,4,03_SS2-107-Ab_comp.jams,680400,3,3,2,2,True,regression,mixed_by_complete_group,14,6,8,0,0.2884669601917267,0.2904803454875946,0.4210526943206787,0.7354910969734192,0.9065302610397339,0.04929134249687195
58617,4,03_SS2-107-Ab_comp.jams,686373,1,2,3,3,False,neutral,local_rates_favor_regression_for_all_groups,9,0,9,0,0.28756916522979736,0.4146345853805542,0.2977962791919708,0.1701388955116272,0.7117908596992493,0.060596466064453125
58630,4,03_SS2-107-Ab_comp.jams,724514,2,3,2,2,False,correction,mixed_by_complete_group,66,3,63,0,0.29289865493774414,0.34740766882896423,0.35969364643096924,0.6541193127632141,0.6650781631469727,0.17655417323112488
58638,4,03_SS2-107-Ab_comp.jams,754401,2,3,2,2,False,correction,mixed_by_complete_group,161,18,142,1,0.25571227073669434,0.3249754309654236,0.4193122684955597,0.3116265535354614,0.7306751012802124,0.35978659987449646
58649,4,03_SS2-107-Ab_comp.jams,804204,3,3,4,4,True,regression,local_rates_favor_correction_for_all_groups,21,21,0,0,0.3927139937877655,0.2869037985801697,0.32038217782974243,0.1636904776096344,0.5048958659172058,0.19443893432617188
58684,4,03_SS2-107-Ab_comp.jams,902852,3,3,2,2,True,regression,mixed_by_complete_group,113,111,2,0,0.3519516885280609,0.27397337555885315,0.37407490611076355,0.40970686078071594,0.5370672941207886,0.25429534912109375
58708,4,03_SS2-107-Ab_comp.jams,959377,2,3,2,2,False,correction,mixed_by_complete_group,94,92,2,0,0.37344327569007874,0.28090065717697144,0.34565600752830505,0.2571476101875305,0.474707692861557,0.25183361768722534
58735,4,03_SS2-107-Ab_comp.jams,1026370,2,3,2,2,False,correction,local_rates_favor_correction_for_all_groups,59,59,0,0,0.30259549617767334,0.210323765873909,0.48708078265190125,0.8191207647323608,0.8638596534729004,0.17819353938102722
58738,4,03_SS2-107-Ab_comp.jams,1038523,2,2,3,3,True,regression,mixed_by_complete_group,22,14,8,0,0.34942951798439026,0.31650957465171814,0.3340608775615692,0.3657670319080353,0.6841175556182861,0.19492042064666748
58761,4,03_SS2-107-Ab_comp.jams,1100107,1,3,2,2,False,neutral,mixed_by_complete_group,142,128,14,0,0.318055659532547,0.2572936415672302,0.4246506690979004,0.3568441867828369,0.6234918236732483,0.4431881904602051
58777,4,03_SS2-107-Ab_comp.jams,1137108,2,3,2,2,False,correction,mixed_by_complete_group,11,9,2,0,0.3240877687931061,0.28901970386505127,0.38689249753952026,0.32528409361839294,0.5524188280105591,0.18389196693897247
58784,4,03_SS2-107-Ab_comp.jams,1156774,3,3,4,4,True,regression,local_rates_favor_correction_for_all_groups,23,23,0,0,0.425444096326828,0.21863782405853271,0.35591810941696167,0.3023097813129425,0.6327035427093506,0.20771163702011108
58801,4,03_SS2-107-Ab_comp.jams,1199839,3,4,3,3,False,correction,local_rates_favor_regression_for_all_groups,95,0,95,0,0.18445326387882233,0.42240238189697266,0.3931443393230438,0.792269766330719,0.5126516819000244,0.19200721383094788
58810,4,03_SS2-107-Ab_comp.jams,1219257,2,3,2,2,False,correction,mixed_by_complete_group,4,2,2,0,0.32277727127075195,0.3120904564857483,0.36513227224349976,0.55078125,0.6897293329238892,0.28796258568763733
58814,4,03_SS2-107-Ab_comp.jams,1236913,2,2,3,3,True,regression,mixed_by_complete_group,56,54,2,0,0.43458494544029236,0.32455334067344666,0.2408616840839386,0.4773995578289032,0.7006558775901794,0.33774253726005554
58820,4,03_SS2-107-Ab_comp.jams,1256238,3,2,3,3,False,correction,local_rates_favor_correction_for_all_groups,155,155,0,0,0.5141178369522095,0.31806498765945435,0.16781717538833618,0.5452620983123779,0.6823444962501526,0.4315650761127472
58826,4,03_SS2-107-Ab_comp.jams,1286049,1,3,2,2,False,neutral,mixed_by_complete_group,96,66,30,0,0.22623495757579803,0.1943170428276062,0.5794479846954346,0.13232421875,0.7889127135276794,0.3912011384963989
58829,4,03_SS2-107-Ab_comp.jams,1299342,4,4,3,3,True,regression,mixed_by_complete_group,162,103,58,1,0.3411025404930115,0.3182219862937927,0.3406754434108734,0.6774691343307495,0.49072137475013733,0.14376512169837952
58837,4,03_SS2-107-Ab_comp.jams,1317415,2,3,2,2,False,correction,local_rates_favor_regression_for_all_groups,57,0,56,1,0.2711075246334076,0.38353195786476135,0.34536051750183105,0.41611841320991516,0.6728094816207886,0.005917161703109741
58855,4,03_SS2-107-Ab_comp.jams,1368163,2,3,2,2,False,correction,mixed_by_complete_group,203,49,153,1,0.23242521286010742,0.26973849534988403,0.49783629179000854,0.4456588625907898,0.9892225861549377,0.20070219039916992
58864,4,03_SS2-107-Ab_comp.jams,1397293,5,3,4,4,False,neutral,local_rates_favor_correction_for_all_groups,12,12,0,0,0.4379962682723999,0.22578012943267822,0.33622363209724426,0.37109375,0.43745842576026917,0.09329608082771301
58881,4,03_SS2-107-Ab_comp.jams,1435066,3,3,2,2,True,regression,mixed_by_complete_group,146,136,9,1,0.30121910572052,0.18919681012630463,0.5095841288566589,0.46607449650764465,0.5472193956375122,0.2718660235404968
58889,4,03_SS2-107-Ab_comp.jams,1454454,3,3,2,2,True,regression,mixed_by_complete_group,2,1,1,0,0.30687907338142395,0.2605133354663849,0.43260759115219116,0.3125,0.5661924481391907,0.2290019541978836
58909,4,03_SS2-107-Ab_comp.jams,1513621,1,3,2,2,False,neutral,mixed_by_complete_group,159,158,1,0,0.3479933738708496,0.19410012662410736,0.4579065144062042,0.48938679695129395,0.7261144518852234,0.1462489664554596
58921,4,03_SS2-107-Ab_comp.jams,1552356,2,3,3,2,False,correction,mixed_by_complete_group,126,119,7,0,0.3207114636898041,0.20368778705596924,0.4756007492542267,0.2268105149269104,0.6069860458374023,0.0408419668674469
62614,4,04_Funk2-108-Eb_comp.jams,178859,2,2,3,3,True,regression,mixed_by_complete_group,164,57,104,3,0.33316490054130554,0.3710191547870636,0.29581594467163086,0.28763338923454285,1.1954182386398315,0.6410630345344543
62619,4,04_Funk2-108-Eb_comp.jams,196573,2,3,2,2,False,correction,local_rates_favor_regression_for_all_groups,3,0,3,0,0.24890132248401642,0.47687315940856934,0.27422550320625305,0.3541666567325592,0.47367063164711,0.15875142812728882
62639,4,04_Funk2-108-Eb_comp.jams,276297,2,2,3,3,True,regression,mixed_by_complete_group,47,1,46,0,0.35846611857414246,0.41159138083457947,0.22994250059127808,0.5039893388748169,0.7515256404876709,0.5212056636810303
62646,4,04_Funk2-108-Eb_comp.jams,313704,2,2,3,3,True,regression,local_rates_favor_regression_for_all_groups,118,0,118,0,0.23312470316886902,0.39343687891960144,0.37343841791152954,0.25582626461982727,0.7896406054496765,0.21867969632148743
62656,4,04_Funk2-108-Eb_comp.jams,375594,3,2,3,3,False,correction,local_rates_favor_correction_for_all_groups,133,133,0,0,0.4809623062610626,0.2706858813762665,0.24835187196731567,0.42070019245147705,0.694986879825592,0.43722444772720337
62683,4,04_Funk2-108-Eb_comp.jams,473450,2,3,2,2,False,correction,mixed_by_complete_group,126,87,38,1,0.32296517491340637,0.29898300766944885,0.37805187702178955,0.2734375,0.7644872665405273,0.12642785906791687
62687,4,04_Funk2-108-Eb_comp.jams,489998,3,3,4,4,True,regression,local_rates_favor_regression_for_all_groups,1,0,1,0,0.095238097012043,0.37830686569213867,0.5264550447463989,0.09375,0.5468525290489197,0.039647698402404785
62693,4,04_Funk2-108-Eb_comp.jams,508304,1,3,2,2,False,neutral,mixed_by_complete_group,79,49,30,0,0.2541673183441162,0.23477083444595337,0.5110619068145752,0.2689873278141022,0.8106893301010132,0.432553768157959
62776,4,04_Funk2-108-Eb_comp.jams,803613,2,3,2,2,False,correction,mixed_by_complete_group,17,12,5,0,0.3309642970561981,0.3018641471862793,0.3671715557575226,0.34191176295280457,0.7303432822227478,0.1133604347705841
62812,4,04_Funk2-108-Eb_comp.jams,925964,3,2,3,3,False,correction,mixed_by_complete_group,92,57,34,1,0.3961036503314972,0.3811650574207306,0.2227313369512558,0.22978940606117249,0.6502070426940918,0.15716618299484253
62837,4,04_Funk2-108-Eb_comp.jams,997761,2,3,2,2,False,correction,local_rates_favor_correction_for_all_groups,137,137,0,0,0.3177419602870941,0.20617391169071198,0.4760841429233551,0.47547900676727295,0.854560375213623,0.0011336654424667358
62841,4,04_Funk2-108-Eb_comp.jams,1016341,2,3,2,2,False,correction,local_rates_favor_correction_for_all_groups,77,77,0,0,0.3649485409259796,0.23427534103393555,0.4007761478424072,0.48620128631591797,0.7186784148216248,0.0910695493221283
62842,4,04_Funk2-108-Eb_comp.jams,1018168,1,3,2,2,False,neutral,mixed_by_complete_group,44,42,2,0,0.32245007157325745,0.22169414162635803,0.4558558166027069,0.22691760957241058,0.5094470381736755,0.3727332055568695
62845,4,04_Funk2-108-Eb_comp.jams,1025515,3,3,4,4,True,regression,local_rates_favor_correction_for_all_groups,1,1,0,0,0.40379810333251953,0.2598700523376465,0.336331844329834,0.265625,0.5996609330177307,0.20204085111618042
62861,4,04_Funk2-108-Eb_comp.jams,1098938,3,4,2,2,False,neutral,mixed_by_complete_group,194,153,41,0,0.25335097312927246,0.1813637614250183,0.5652852654457092,0.22519329190254211,0.798906147480011,0.5273758769035339
62913,4,04_Funk2-108-Eb_comp.jams,1285924,2,3,2,2,False,correction,mixed_by_complete_group,138,136,2,0,0.40490710735321045,0.18267294764518738,0.4124199151992798,0.2324501872062683,0.6658470630645752,0.18283532559871674
62916,4,04_Funk2-108-Eb_comp.jams,1299104,0,3,2,2,False,neutral,mixed_by_complete_group,168,13,152,3,0.235855832695961,0.29144951701164246,0.47269466519355774,0.3642113208770752,1.2670711278915405,0.6222940683364868
62944,4,04_Funk2-108-Eb_comp.jams,1403968,3,2,3,3,False,correction,local_rates_favor_correction_for_all_groups,141,141,0,0,0.5173232555389404,0.33459576964378357,0.14808091521263123,0.506205677986145,0.8335548043251038,0.49017393589019775
65191,4,04_Jazz1-130-D_comp.jams,385850,4,3,4,4,False,correction,mixed_by_complete_group,144,48,86,10,0.29367926716804504,0.3109722137451172,0.3953484892845154,0.2353515625,0.768686830997467,0.3205985426902771
65244,4,04_Jazz1-130-D_comp.jams,548776,4,3,3,4,False,correction,mixed_by_complete_group,117,17,98,2,0.26259660720825195,0.3297267258167267,0.40767669677734375,0.23624466359615326,0.7699555158615112,0.03956592082977295
65267,4,04_Jazz1-130-D_comp.jams,630105,4,4,3,3,True,regression,mixed_by_complete_group,126,25,100,1,0.32318899035453796,0.36657997965812683,0.31023091077804565,0.4694940447807312,0.6943471431732178,0.08974695205688477
65293,4,04_Jazz1-130-D_comp.jams,711373,4,3,2,2,False,neutral,local_rates_favor_regression_for_all_groups,3,0,3,0,0.22729496657848358,0.4247220754623413,0.3479829728603363,0.2239583283662796,0.47550010681152344,0.12067762017250061
65315,4,04_Jazz1-130-D_comp.jams,772677,4,3,2,2,False,neutral,mixed_by_complete_group,16,5,11,0,0.24438464641571045,0.29975879192352295,0.4558565616607666,0.0498046875,0.5037873983383179,0.29510971903800964
65330,4,04_Jazz1-130-D_comp.jams,807497,1,3,2,2,False,neutral,mixed_by_complete_group,161,128,33,0,0.28846728801727295,0.24243561923503876,0.4690970778465271,0.3373447060585022,0.9279258251190186,0.38721296191215515
65332,4,04_Jazz1-130-D_comp.jams,813471,3,3,2,2,True,regression,mixed_by_complete_group,125,44,81,0,0.27536284923553467,0.33246445655822754,0.3921726644039154,0.31025001406669617,0.5857530236244202,0.16658061742782593
66683,4,04_Jazz3-137-Eb_comp.jams,7,1,2,4,4,False,neutral,local_rates_favor_regression_for_all_groups,1,0,1,0,0.09935897588729858,0.3910256326198578,0.5096153616905212,0.1875,1.460095763206482,0.1553540825843811
66693,4,04_Jazz3-137-Eb_comp.jams,29916,4,4,3,3,True,regression,mixed_by_complete_group,104,8,96,0,0.34041085839271545,0.3889768719673157,0.27061226963996887,0.7071815133094788,0.5901283621788025,0.21380934119224548
66701,4,04_Jazz3-137-Eb_comp.jams,50281,4,4,2,2,True,regression,local_rates_favor_correction_for_all_groups,26,26,0,0,0.30379602313041687,0.20291396975517273,0.4932900071144104,0.1484375,0.6686522364616394,0.08554714918136597
66753,4,04_Jazz3-137-Eb_comp.jams,289492,4,3,4,4,False,correction,mixed_by_complete_group,124,33,90,1,0.257698655128479,0.303549587726593,0.43875178694725037,0.09135584533214569,0.5776222348213196,0.0210343599319458
66771,4,04_Jazz3-137-Eb_comp.jams,339408,4,4,3,3,True,regression,local_rates_favor_correction_for_all_groups,108,108,0,0,0.42922472953796387,0.3187463879585266,0.2520288825035095,0.6701388955116272,0.5159111618995667,0.0891265869140625
66780,4,04_Jazz3-137-Eb_comp.jams,360047,4,3,2,2,False,neutral,mixed_by_complete_group,59,48,11,0,0.3641926050186157,0.30901217460632324,0.32679522037506104,0.456832617521286,0.7674721479415894,0.26060810685157776
66784,4,04_Jazz3-137-Eb_comp.jams,376812,4,3,4,4,False,correction,local_rates_favor_regression_for_all_groups,1,0,1,0,0.3060157001018524,0.4420226812362671,0.2519616484642029,0.296875,1.0032986402511597,0.03051939606666565
66788,4,04_Jazz3-137-Eb_comp.jams,395660,4,4,3,3,True,regression,mixed_by_complete_group,64,6,58,0,0.3082985281944275,0.37542781233787537,0.31627365946769714,0.52587890625,0.697260320186615,0.3452458679676056
66797,4,04_Jazz3-137-Eb_comp.jams,423714,3,3,2,2,True,regression,mixed_by_complete_group,37,1,36,0,0.2839668095111847,0.4164794385433197,0.2995537221431732,0.25633445382118225,0.5097233653068542,0.11499461531639099
66801,4,04_Jazz3-137-Eb_comp.jams,442604,4,4,4,3,False,regression,local_rates_favor_regression_for_all_groups,79,0,79,0,0.28082311153411865,0.40986400842666626,0.30931276082992554,0.4564873278141022,0.7019013166427612,0.03806346654891968
66825,4,04_Jazz3-137-Eb_comp.jams,532521,3,3,3,4,False,regression,local_rates_favor_regression_for_all_groups,28,0,28,0,0.2307882010936737,0.3635875880718231,0.4056241810321808,0.0647321417927742,0.4708035886287689,0.042856574058532715
66859,4,04_Jazz3-137-Eb_comp.jams,648521,4,3,4,4,False,correction,local_rates_favor_regression_for_all_groups,2,0,2,0,0.22509005665779114,0.34708088636398315,0.4278290271759033,0.2265625,0.8051183223724365,0.19530080258846283
66872,4,04_Jazz3-137-Eb_comp.jams,688163,3,4,3,3,False,correction,local_rates_favor_correction_for_all_groups,5,5,0,0,0.40641865134239197,0.3249458372592926,0.26863551139831543,0.581250011920929,0.4979611337184906,0.13569855690002441
66880,4,04_Jazz3-137-Eb_comp.jams,714673,3,3,3,2,False,regression,local_rates_favor_regression_for_all_groups,5,0,5,0,0.15305866301059723,0.5938163995742798,0.2531249523162842,0.2874999940395355,0.5472639203071594,0.041592419147491455
66920,4,04_Jazz3-137-Eb_comp.jams,867903,4,3,4,4,False,correction,mixed_by_complete_group,50,32,17,1,0.27875033020973206,0.2663861811161041,0.4548635184764862,0.1850000023841858,0.49923306703567505,0.22371983528137207
66926,4,04_Jazz3-137-Eb_comp.jams,881473,4,3,4,4,False,correction,local_rates_favor_correction_for_all_groups,1,1,0,0,0.4517374634742737,0.2715572714805603,0.276705265045166,0.140625,0.535791277885437,0.40603411197662354
66945,4,04_Jazz3-137-Eb_comp.jams,920690,4,4,2,3,True,regression,local_rates_favor_regression_for_all_groups,1,0,1,0,0.27253955602645874,0.40070298314094543,0.3267574608325958,0.4375,0.6311175227165222,0.24269486963748932
66977,4,04_Jazz3-137-Eb_comp.jams,1023818,3,4,3,3,False,correction,local_rates_favor_regression_for_all_groups,2,0,2,0,0.3437011241912842,0.5262129902839661,0.13008587062358856,0.65625,0.5975310802459717,0.4773213863372803
66982,4,04_Jazz3-137-Eb_comp.jams,1036030,2,3,2,2,False,correction,mixed_by_complete_group,192,20,172,0,0.21909300982952118,0.3202895224094391,0.4606175124645233,0.3572591245174408,0.5633501410484314,0.2537210285663605
66988,4,04_Jazz3-137-Eb_comp.jams,1056199,3,3,2,2,True,regression,mixed_by_complete_group,125,71,52,2,0.3244687616825104,0.2995758354663849,0.37595537304878235,0.23912499845027924,0.827343225479126,0.24243679642677307
67012,4,04_Jazz3-137-Eb_comp.jams,1159060,4,4,3,3,True,regression,local_rates_favor_correction_for_all_groups,121,121,0,0,0.4579516649246216,0.28151068091392517,0.26053762435913086,0.7542613744735718,0.5823112726211548,0.05551597476005554
68142,4,04_Rock1-90-C#_comp.jams,1945,3,3,4,4,True,regression,local_rates_favor_regression_for_all_groups,5,0,5,0,0.27921080589294434,0.3985298275947571,0.3222593665122986,0.13437500596046448,0.5310473442077637,0.006973594427108765
68175,4,04_Rock1-90-C#_comp.jams,102159,3,3,2,2,True,regression,mixed_by_complete_group,24,17,7,0,0.32459762692451477,0.24431204795837402,0.4310903251171112,0.0611979179084301,0.5525889992713928,0.1546148657798767
68196,4,04_Rock1-90-C#_comp.jams,175992,2,3,2,2,False,correction,mixed_by_complete_group,157,155,2,0,0.36662614345550537,0.18795710802078247,0.44541674852371216,0.2779657542705536,0.682115375995636,0.4918093681335449
68239,4,04_Rock1-90-C#_comp.jams,294626,3,3,4,4,True,regression,mixed_by_complete_group,12,3,9,0,0.3502163589000702,0.36747345328330994,0.2823101878166199,0.1471354216337204,0.48258641362190247,0.016926884651184082
68248,4,04_Rock1-90-C#_comp.jams,324746,2,3,2,2,False,correction,local_rates_favor_regression_for_all_groups,99,0,99,0,0.2079654037952423,0.47322332859039307,0.31881123781204224,0.1601957082748413,0.5081496238708496,0.05640149116516113
68254,4,04_Rock1-90-C#_comp.jams,338972,3,3,2,2,True,regression,mixed_by_complete_group,90,4,86,0,0.24561890959739685,0.34930989146232605,0.4050712287425995,0.15381944179534912,0.5148844122886658,0.07192111015319824
68289,4,04_Rock1-90-C#_comp.jams,439718,3,2,3,3,False,correction,mixed_by_complete_group,72,71,1,0,0.5072845220565796,0.28944095969200134,0.20327451825141907,0.4381510317325592,0.5364593863487244,0.2567012310028076
68295,4,04_Rock1-90-C#_comp.jams,469462,2,3,2,2,False,correction,mixed_by_complete_group,88,80,8,0,0.3387438654899597,0.2694692313671112,0.39178693294525146,0.328125,0.6506839394569397,0.040177732706069946
68309,4,04_Rock1-90-C#_comp.jams,499402,2,3,2,2,False,correction,mixed_by_complete_group,57,34,23,0,0.2995329797267914,0.2947569191455841,0.4057101309299469,0.3166118562221527,0.6714759469032288,0.08391118049621582
68323,4,04_Rock1-90-C#_comp.jams,529374,4,3,4,4,False,correction,local_rates_favor_correction_for_all_groups,7,7,0,0,0.39630937576293945,0.2936663329601288,0.3100242614746094,0.1696428507566452,0.5257075428962708,0.14009112119674683
68337,4,04_Rock1-90-C#_comp.jams,557210,3,3,4,2,True,regression,local_rates_favor_regression_for_all_groups,5,0,5,0,0.2539052963256836,0.3058341145515442,0.44026055932044983,0.3968749940395355,0.5838573575019836,0.12052194774150848
68366,4,04_Rock1-90-C#_comp.jams,617120,4,2,3,4,False,correction,local_rates_favor_regression_for_all_groups,72,0,72,0,0.13267461955547333,0.4278605580329895,0.439464807510376,0.017578125,0.5163500905036926,0.14657187461853027
68387,4,04_Rock1-90-C#_comp.jams,659478,2,3,2,2,False,correction,mixed_by_complete_group,145,144,1,0,0.34591352939605713,0.2168584018945694,0.43722811341285706,0.4455818831920624,0.6241757273674011,0.307483971118927
68446,4,04_Rock1-90-C#_comp.jams,851769,3,3,4,4,True,regression,local_rates_favor_correction_for_all_groups,12,12,0,0,0.44432106614112854,0.29399558901786804,0.26168331503868103,0.2916666567325592,0.41639187932014465,0.023629814386367798
68494,4,04_Rock1-90-C#_comp.jams,970087,3,3,2,2,True,regression,mixed_by_complete_group,124,122,2,0,0.3625449538230896,0.1992167830467224,0.438238263130188,0.36391130089759827,0.5437178611755371,0.296003133058548
68524,4,04_Rock1-90-C#_comp.jams,1056243,4,3,4,4,False,correction,mixed_by_complete_group,81,18,61,2,0.27076807618141174,0.3601272404193878,0.36910465359687805,0.125,0.551993727684021,0.06969332695007324
68611,4,04_Rock1-90-C#_comp.jams,1250331,2,3,3,2,False,correction,mixed_by_complete_group,142,33,109,0,0.2621290981769562,0.29800674319267273,0.4398641586303711,0.41241195797920227,0.5453940629959106,0.0899270623922348
68631,4,04_Rock1-90-C#_comp.jams,1291826,4,3,4,4,False,correction,mixed_by_complete_group,31,16,15,0,0.3030012845993042,0.3078269362449646,0.3891717493534088,0.13407258689403534,0.5386924147605896,0.2428668737411499
68642,4,04_Rock1-90-C#_comp.jams,1322031,4,3,4,4,False,correction,local_rates_favor_correction_for_all_groups,47,47,0,0,0.49016332626342773,0.17945373058319092,0.33038294315338135,0.2509973347187042,0.5133020877838135,0.04244527220726013
68649,4,04_Rock1-90-C#_comp.jams,1336158,3,3,4,4,True,regression,mixed_by_complete_group,57,56,1,0,0.44105401635169983,0.2587556838989258,0.300190269947052,0.16474780440330505,0.5564221739768982,0.08798588812351227
72396,4,04_SS2-107-Ab_comp.jams,49687,2,3,3,2,False,correction,local_rates_favor_regression_for_all_groups,4,0,4,0,0.24908974766731262,0.3199837803840637,0.43092650175094604,0.27734375,0.5434138178825378,0.09890297055244446
72475,4,04_SS2-107-Ab_comp.jams,346513,2,2,2,3,False,regression,local_rates_favor_regression_for_all_groups,80,0,80,0,0.2517715096473694,0.37068530917167664,0.37754321098327637,0.5248047113418579,0.4347321391105652,0.03531754016876221
72584,4,04_SS2-107-Ab_comp.jams,724305,1,3,2,2,False,neutral,mixed_by_complete_group,221,30,191,0,0.22385437786579132,0.2946307063102722,0.48151490092277527,0.49632352590560913,0.8224331736564636,0.11069321632385254
72591,4,04_SS2-107-Ab_comp.jams,742284,1,2,3,3,False,neutral,mixed_by_complete_group,61,28,33,0,0.3314061164855957,0.3446985185146332,0.3238953649997711,0.5753073692321777,0.4321821331977844,0.1473028063774109
72594,4,04_SS2-107-Ab_comp.jams,756417,1,3,2,2,False,neutral,mixed_by_complete_group,195,182,12,1,0.26813414692878723,0.2244422286748886,0.5074235796928406,0.6374198794364929,0.9041184782981873,0.08749514818191528
72687,4,04_SS2-107-Ab_comp.jams,1040218,2,2,2,3,False,regression,local_rates_favor_regression_for_all_groups,7,0,7,0,0.21937741339206696,0.3616950213909149,0.4189275801181793,0.1875,0.5199408531188965,0.03630754351615906
72730,4,04_SS2-107-Ab_comp.jams,1187451,2,3,2,2,False,correction,local_rates_favor_regression_for_all_groups,78,0,78,0,0.2160099446773529,0.4587521255016327,0.3252379298210144,0.27744391560554504,0.5822253823280334,0.11771893501281738
72751,4,04_SS2-107-Ab_comp.jams,1249123,1,2,3,3,False,neutral,mixed_by_complete_group,41,10,31,0,0.3800680339336395,0.4148569405078888,0.2050749659538269,0.2195121943950653,0.4952487051486969,0.1901915818452835
72753,4,04_SS2-107-Ab_comp.jams,1256187,1,3,2,2,False,neutral,mixed_by_complete_group,202,42,160,0,0.27330976724624634,0.3141891062259674,0.41250112652778625,0.5365098714828491,0.6428552269935608,0.0006467849016189575
72759,4,04_SS2-107-Ab_comp.jams,1268971,0,2,3,3,False,neutral,local_rates_favor_correction_for_all_groups,34,34,0,0,0.48326900601387024,0.31122660636901855,0.2055043876171112,0.25597426295280457,0.6516852378845215,0.01476624608039856
72769,4,04_SS2-107-Ab_comp.jams,1310097,1,3,2,2,False,neutral,mixed_by_complete_group,168,33,135,0,0.22945013642311096,0.30739864706993103,0.463151216506958,0.439639151096344,0.9180682301521301,0.21243636310100555
72789,4,04_SS2-107-Ab_comp.jams,1423775,1,3,2,2,False,neutral,mixed_by_complete_group,212,171,41,0,0.33647847175598145,0.24887807667255402,0.4146435260772705,0.4924086034297943,0.9280722141265869,0.5320042371749878
72794,4,04_SS2-107-Ab_comp.jams,1435867,2,2,3,3,True,regression,mixed_by_complete_group,141,53,87,1,0.3514004349708557,0.36796820163726807,0.2806313633918762,0.48902925848960876,0.4592392146587372,0.27482160925865173
