global_index,fold,recording_id,start_sample,true_K,baseline_K,global_K,local_K,existing_global_regression,effect_vs_freeze,local_audit_profile,same_destination_groups,groups_favoring_correction,groups_favoring_regression,groups_tied,mean_local_correction_rate,mean_local_regression_rate,mean_local_neutral_rate,mean_local_support_fraction,mean_neighbor_distance,announced_gain
760,0,00_BN2-166-Ab_comp.jams,709555,3,3,4,4,True,regression,local_rates_favor_correction_for_all_groups,49,49,0,0,0.4089530110359192,0.28803396224975586,0.30301302671432495,0.234375,0.5189223289489746,0.19748106598854065
830,0,00_BN2-166-Ab_comp.jams,990750,2,2,3,3,True,regression,local_rates_favor_correction_for_all_groups,107,107,0,0,0.41863855719566345,0.3053314983844757,0.2760299742221832,0.35192757844924927,0.6220535635948181,0.2258882224559784
7484,0,00_Jazz3-150-C_comp.jams,345289,4,4,3,3,True,regression,mixed_by_complete_group,178,15,163,0,0.28138428926467896,0.43964463472366333,0.2789710760116577,0.49701544642448425,0.7156267762184143,0.10716119408607483
7629,0,00_Jazz3-150-C_comp.jams,811527,4,4,3,2,True,regression,local_rates_favor_regression_for_all_groups,21,0,21,0,0.19327394664287567,0.3216862976551056,0.48503977060317993,0.2492559552192688,0.5989554524421692,0.03826054930686951
7651,0,00_Jazz3-150-C_comp.jams,864275,3,3,2,2,True,regression,local_rates_favor_correction_for_all_groups,4,4,0,0,0.37941864132881165,0.19149938225746155,0.4290819764137268,0.25,0.5212092399597168,0.2563636004924774
7668,0,00_Jazz3-150-C_comp.jams,911307,3,3,4,4,True,regression,local_rates_favor_regression_for_all_groups,5,0,5,0,0.25931692123413086,0.43914252519607544,0.3015405535697937,0.078125,0.568730354309082,0.31012746691703796
7710,0,00_Jazz3-150-C_comp.jams,1021322,2,2,2,3,False,regression,local_rates_favor_regression_for_all_groups,1,0,1,0,0.24268293380737305,0.4042682945728302,0.35304877161979675,0.1875,0.7841827869415283,0.08039528131484985
9649,0,00_Rock2-142-D_comp.jams,35507,4,4,3,3,True,regression,local_rates_favor_regression_for_all_groups,38,0,38,0,0.2376089096069336,0.3925754427909851,0.3698156774044037,0.5649670958518982,0.5027308464050293,0.1447656750679016
9855,0,00_Rock2-142-D_comp.jams,544399,4,4,5,5,True,regression,local_rates_favor_regression_for_all_groups,1,0,1,0,0.28093644976615906,0.3645485043525696,0.35451504588127136,0.171875,0.49020788073539734,0.04296410083770752
9868,0,00_Rock2-142-D_comp.jams,570756,4,4,3,3,True,regression,local_rates_favor_correction_for_all_groups,3,3,0,0,0.32703036069869995,0.22142906486988068,0.4515405595302582,0.7291666865348816,0.6438054442405701,0.7238380908966064
9977,0,00_Rock2-142-D_comp.jams,829739,4,4,3,3,True,regression,mixed_by_complete_group,128,8,120,0,0.23970502614974976,0.3406590223312378,0.41963595151901245,0.7236328125,0.4904198944568634,0.1264345943927765
9981,0,00_Rock2-142-D_comp.jams,839497,4,4,5,5,True,regression,mixed_by_complete_group,99,92,6,1,0.41279420256614685,0.29425132274627686,0.2929544448852539,0.1909722238779068,0.42909395694732666,0.1950039118528366
9987,0,00_Rock2-142-D_comp.jams,854175,3,3,2,2,True,regression,local_rates_favor_correction_for_all_groups,90,90,0,0,0.3757641315460205,0.2598971426486969,0.3643387258052826,0.6904513835906982,0.5401377081871033,0.21640214323997498
10035,0,00_Rock2-142-D_comp.jams,970329,2,2,3,3,True,regression,mixed_by_complete_group,123,39,83,1,0.3400922119617462,0.3720545768737793,0.28785327076911926,0.5099085569381714,0.5017924904823303,0.29012298583984375
12331,0,00_Rock3-148-C_comp.jams,135205,3,3,2,2,True,regression,mixed_by_complete_group,211,210,1,0,0.37976333498954773,0.2128341794013977,0.4074024260044098,0.6446238160133362,0.8197892308235168,0.568270742893219
12360,0,00_Rock3-148-C_comp.jams,198690,3,3,2,2,True,regression,mixed_by_complete_group,239,222,16,1,0.3980168104171753,0.23153968155384064,0.37044355273246765,0.5753791928291321,0.8209936022758484,0.6162883043289185
12362,0,00_Rock3-148-C_comp.jams,203498,4,4,3,3,True,regression,local_rates_favor_correction_for_all_groups,77,77,0,0,0.45014047622680664,0.20475274324417114,0.34510689973831177,0.4979707896709442,0.7174440622329712,0.4139384627342224
12456,0,00_Rock3-148-C_comp.jams,410279,2,2,3,3,True,regression,mixed_by_complete_group,7,1,6,0,0.267093300819397,0.3159034550189972,0.41700318455696106,0.4866071343421936,0.6716706156730652,0.15502573549747467
12457,0,00_Rock3-148-C_comp.jams,412056,3,3,4,4,True,regression,mixed_by_complete_group,27,11,15,1,0.23780275881290436,0.25648871064186096,0.5057085752487183,0.1302083283662796,0.5887101292610168,0.21548017859458923
12463,0,00_Rock3-148-C_comp.jams,424431,4,4,5,5,True,regression,local_rates_favor_correction_for_all_groups,6,6,0,0,0.44239386916160583,0.2262742668390274,0.33133193850517273,0.3125,0.5328778624534607,0.060626327991485596
12476,0,00_Rock3-148-C_comp.jams,451343,2,2,3,3,True,regression,local_rates_favor_regression_for_all_groups,1,0,1,0,0.26614391803741455,0.2987392246723175,0.43511685729026794,0.5625,0.6313846111297607,0.24507977068424225
12494,0,00_Rock3-148-C_comp.jams,487214,4,4,3,3,True,regression,local_rates_favor_correction_for_all_groups,2,2,0,0,0.40597814321517944,0.2823803424835205,0.31164151430130005,0.3515625,0.8763913512229919,0.5158602595329285
12499,0,00_Rock3-148-C_comp.jams,497208,3,3,2,2,True,regression,local_rates_favor_correction_for_all_groups,85,85,0,0,0.3953370451927185,0.18305683135986328,0.421606183052063,0.5358455777168274,0.690863311290741,0.3438093662261963
12521,0,00_Rock3-148-C_comp.jams,540632,2,2,3,3,True,regression,local_rates_favor_regression_for_all_groups,1,0,1,0,0.2394423931837082,0.3630996346473694,0.3974579870700836,0.515625,0.7116923332214355,0.2841734290122986
12596,0,00_Rock3-148-C_comp.jams,725662,2,2,3,3,True,regression,local_rates_favor_regression_for_all_groups,2,0,2,0,0.30357563495635986,0.3788151741027832,0.31760919094085693,0.28125,0.48920533061027527,0.30443692207336426
12609,0,00_Rock3-148-C_comp.jams,752518,2,2,3,3,True,regression,local_rates_favor_regression_for_all_groups,1,0,1,0,0.2871928811073303,0.30096301436424255,0.4118441045284271,0.453125,0.5464963316917419,0.05703786015510559
12648,0,00_Rock3-148-C_comp.jams,840553,2,2,3,3,True,regression,mixed_by_complete_group,9,5,4,0,0.341875821352005,0.3335876166820526,0.32453653216362,0.3940972089767456,0.55857253074646,0.24228954315185547
12687,0,00_Rock3-148-C_comp.jams,917684,3,3,2,2,True,regression,local_rates_favor_correction_for_all_groups,190,190,0,0,0.4508014917373657,0.2675206661224365,0.28167784214019775,0.5926809310913086,0.653992235660553,0.6803542971611023
12727,0,00_Rock3-148-C_comp.jams,1002494,3,3,2,2,True,regression,mixed_by_complete_group,181,81,100,0,0.2502744793891907,0.24841958284378052,0.5013059377670288,0.4646926820278168,0.6774758696556091,0.3741779327392578
12741,0,00_Rock3-148-C_comp.jams,1033393,4,4,2,2,True,regression,mixed_by_complete_group,10,9,1,0,0.215165376663208,0.18482433259487152,0.6000102758407593,0.503125011920929,0.6016594171524048,0.3312166631221771
12826,0,00_Rock3-148-C_solo.jams,180820,3,3,4,4,True,regression,mixed_by_complete_group,6,2,4,0,0.3663317859172821,0.37888339161872864,0.25478479266166687,0.2161458283662796,0.4626729488372803,0.14624837040901184
12844,0,00_Rock3-148-C_solo.jams,261018,3,3,3,2,False,regression,mixed_by_complete_group,33,13,20,0,0.291048526763916,0.31568777561187744,0.39326363801956177,0.1557765156030655,0.6157147884368896,0.034451305866241455
13153,0,00_SS1-68-E_comp.jams,607711,2,2,3,3,True,regression,local_rates_favor_regression_for_all_groups,99,0,99,0,0.22715899348258972,0.4038263261318207,0.3690146505832672,0.39946338534355164,0.5498025417327881,0.14410662651062012
13642,0,00_SS1-68-E_solo.jams,235725,2,2,3,3,True,regression,local_rates_favor_correction_for_all_groups,1,1,0,0,0.3709302246570587,0.33139535784721375,0.29767441749572754,0.25,0.6964168548583984,0.5005594491958618
13660,0,00_SS1-68-E_solo.jams,310214,2,2,3,3,True,regression,mixed_by_complete_group,28,16,12,0,0.386593759059906,0.3745153546333313,0.2388909012079239,0.4748883843421936,0.45385536551475525,0.05691242218017578
13698,0,00_SS1-68-E_solo.jams,470155,2,2,3,3,True,regression,mixed_by_complete_group,121,89,32,0,0.37601611018180847,0.34051546454429626,0.28346845507621765,0.5325413346290588,0.5030060410499573,0.37376201152801514
13867,0,00_SS1-68-E_solo.jams,931627,2,2,3,3,True,regression,mixed_by_complete_group,106,59,46,1,0.3551783263683319,0.35728105902671814,0.28754064440727234,0.3988797068595886,0.5491131544113159,0.016955137252807617
13925,0,00_SS1-68-E_solo.jams,1383008,2,2,3,3,True,regression,local_rates_favor_correction_for_all_groups,36,36,0,0,0.36780816316604614,0.2778353989124298,0.35435646772384644,0.4366319477558136,0.5088045001029968,0.3169580399990082
13996,0,00_SS1-68-E_solo.jams,1595875,3,3,2,2,True,regression,local_rates_favor_correction_for_all_groups,218,218,0,0,0.3415864109992981,0.1810922920703888,0.4773213565349579,0.4305475950241089,0.8098900318145752,0.6469010710716248
17339,0,01_BN2-166-Ab_comp.jams,174942,3,3,3,2,False,regression,mixed_by_complete_group,180,105,75,0,0.2672579884529114,0.22635021805763245,0.5063917636871338,0.3587673604488373,0.9604987502098083,0.0022641271352767944
17358,0,01_BN2-166-Ab_comp.jams,231294,3,3,2,2,True,regression,local_rates_favor_regression_for_all_groups,53,0,53,0,0.1679157018661499,0.453756183385849,0.3783281147480011,0.6046580076217651,0.664754331111908,0.01812213659286499
17446,0,01_BN2-166-Ab_comp.jams,557912,3,3,4,4,True,regression,mixed_by_complete_group,76,66,10,0,0.35294485092163086,0.2720373570919037,0.37501785159111023,0.1626233607530594,0.4168303310871124,0.05156147480010986
17495,0,01_BN2-166-Ab_comp.jams,684721,4,4,3,3,True,regression,mixed_by_complete_group,178,90,86,2,0.3673957586288452,0.35479870438575745,0.27780553698539734,0.5577598214149475,0.6607076525688171,0.31795042753219604
23594,0,01_Jazz3-150-C_comp.jams,476496,3,3,2,2,True,regression,mixed_by_complete_group,101,66,34,1,0.24031129479408264,0.21827922761440277,0.541409432888031,0.28620049357414246,1.2069721221923828,0.5804011821746826
23629,0,01_Jazz3-150-C_comp.jams,687803,2,2,3,3,True,regression,mixed_by_complete_group,136,21,115,0,0.33159732818603516,0.3885628283023834,0.2798398435115814,0.568359375,0.7235384583473206,0.4080798029899597
23635,0,01_Jazz3-150-C_comp.jams,723046,2,2,3,3,True,regression,mixed_by_complete_group,195,184,10,1,0.4344518482685089,0.27789440751075745,0.28765371441841125,0.3822115361690521,0.7537887096405029,0.0518307089805603
23695,0,01_Jazz3-150-C_comp.jams,1122959,2,2,3,3,True,regression,local_rates_favor_correction_for_all_groups,50,50,0,0,0.5543832182884216,0.30331698060035706,0.1422998309135437,0.5899999737739563,0.6991117596626282,0.05559486150741577
25403,0,01_Rock2-142-D_comp.jams,104063,2,2,3,3,True,regression,mixed_by_complete_group,59,3,56,0,0.33821794390678406,0.41483908891677856,0.24694301187992096,0.44226694107055664,0.44160231947898865,0.06397411227226257
25493,0,01_Rock2-142-D_comp.jams,315851,2,2,3,3,True,regression,local_rates_favor_correction_for_all_groups,2,2,0,0,0.4025594890117645,0.26671934127807617,0.3307211399078369,0.421875,0.6731661558151245,0.27910754084587097
25571,0,01_Rock2-142-D_comp.jams,493400,2,2,3,3,True,regression,local_rates_favor_regression_for_all_groups,9,0,9,0,0.30924156308174133,0.3951175808906555,0.29564085602760315,0.1631944477558136,0.7367966771125793,0.12054070830345154
25733,0,01_Rock2-142-D_comp.jams,865404,2,2,3,3,True,regression,mixed_by_complete_group,2,1,1,0,0.33649754524230957,0.3597736954689026,0.30372875928878784,0.296875,0.5851098299026489,0.3365817070007324
25788,0,01_Rock2-142-D_comp.jams,998234,2,2,3,3,True,regression,local_rates_favor_regression_for_all_groups,44,0,44,0,0.24573907256126404,0.4499090313911438,0.30435189604759216,0.4339488744735718,0.40516579151153564,0.029064148664474487
25808,0,01_Rock2-142-D_comp.jams,1045272,2,2,3,3,True,regression,local_rates_favor_regression_for_all_groups,62,0,62,0,0.24289657175540924,0.47971615195274353,0.2773873507976532,0.3472782373428345,0.4229717552661896,0.27212995290756226
28138,0,01_Rock3-148-C_comp.jams,259490,2,2,3,3,True,regression,mixed_by_complete_group,10,9,1,0,0.34760287404060364,0.33097925782203674,0.3214178681373596,0.3578124940395355,0.7440651655197144,0.05092954635620117
28169,0,01_Rock3-148-C_comp.jams,340172,2,2,3,3,True,regression,local_rates_favor_correction_for_all_groups,4,4,0,0,0.33983755111694336,0.31441938877105713,0.3457430601119995,0.140625,0.5539372563362122,0.1446816325187683
28220,0,01_Rock3-148-C_comp.jams,478284,2,2,3,3,True,regression,mixed_by_complete_group,72,54,18,0,0.33689823746681213,0.29397904872894287,0.369122713804245,0.1603732705116272,0.7246915102005005,0.30221813917160034
28269,0,01_Rock3-148-C_comp.jams,625810,2,2,3,3,True,regression,mixed_by_complete_group,23,11,12,0,0.33758634328842163,0.33344733715057373,0.32896625995635986,0.17255434393882751,0.6361933350563049,0.31011396646499634
28304,0,01_Rock3-148-C_comp.jams,725802,2,2,2,3,False,regression,local_rates_favor_correction_for_all_groups,1,1,0,0,0.41181954741477966,0.3202833831310272,0.2678970992565155,0.375,0.5807137489318848,0.02607440948486328
28405,0,01_Rock3-148-C_comp.jams,1002228,2,2,3,3,True,regression,local_rates_favor_correction_for_all_groups,114,114,0,0,0.44625940918922424,0.2857988476753235,0.2679416835308075,0.5248081088066101,0.7226880192756653,0.3090343177318573
28842,0,01_SS1-68-E_comp.jams,428960,3,3,3,4,False,regression,local_rates_favor_regression_for_all_groups,31,0,30,1,0.21019290387630463,0.2836170494556427,0.5061900019645691,0.09022177755832672,0.6398074626922607,0.057074904441833496
33024,0,02_BN2-166-Ab_comp.jams,64315,2,2,3,3,True,regression,mixed_by_complete_group,168,167,1,0,0.4951707720756531,0.28022581338882446,0.22460339963436127,0.527157723903656,0.49396973848342896,0.046482086181640625
33285,0,02_BN2-166-Ab_comp.jams,1013396,2,2,3,3,True,regression,local_rates_favor_regression_for_all_groups,18,0,18,0,0.2797449231147766,0.43536996841430664,0.28488513827323914,0.3159722089767456,0.48005661368370056,0.10327038168907166
39288,0,02_Jazz3-150-C_comp.jams,476499,3,3,3,2,False,regression,local_rates_favor_regression_for_all_groups,10,0,10,0,0.23687133193016052,0.3436889946460724,0.4194397032260895,0.2671875059604645,0.6676672697067261,0.017973512411117554
39516,0,02_Jazz3-150-C_comp.jams,1025345,2,2,3,3,True,regression,mixed_by_complete_group,49,24,25,0,0.3592692017555237,0.3581467568874359,0.2825840413570404,0.1814413219690323,0.6275801658630371,0.2645528018474579
40904,0,02_Rock2-142-D_comp.jams,29305,3,3,4,4,True,regression,local_rates_favor_correction_for_all_groups,3,3,0,0,0.4967902898788452,0.2862709164619446,0.216938778758049,0.3020833432674408,0.524966835975647,0.2790895998477936
41009,0,02_Rock2-142-D_comp.jams,327142,2,2,3,3,True,regression,local_rates_favor_correction_for_all_groups,127,127,0,0,0.48532533645629883,0.31840598583221436,0.19626861810684204,0.5001230239868164,0.5957121849060059,0.14243093132972717
41085,0,02_Rock2-142-D_comp.jams,568799,2,2,3,3,True,regression,local_rates_favor_correction_for_all_groups,16,16,0,0,0.4358636140823364,0.33741846680641174,0.22671793401241302,0.1796875,0.579839825630188,0.12395533919334412
41242,0,02_Rock2-142-D_comp.jams,997545,3,3,4,4,True,regression,mixed_by_complete_group,130,101,29,0,0.3394036591053009,0.2615625560283661,0.3990338146686554,0.2501201927661896,0.41779282689094543,0.040929317474365234
43092,0,02_Rock3-148-C_comp.jams,313516,4,4,3,3,True,regression,mixed_by_complete_group,107,106,1,0,0.370635449886322,0.3227468729019165,0.3066176176071167,0.6460280418395996,0.6239079833030701,0.09922504425048828
43111,0,02_Rock3-148-C_comp.jams,354487,3,3,2,2,True,regression,local_rates_favor_correction_for_all_groups,216,216,0,0,0.4550062417984009,0.16075840592384338,0.38423535227775574,0.5168547630310059,0.8525034785270691,0.7236616015434265
43121,0,02_Rock3-148-C_comp.jams,384833,4,4,3,3,True,regression,mixed_by_complete_group,5,4,1,0,0.37916451692581177,0.3595436215400696,0.26129186153411865,0.48750001192092896,0.4489811956882477,0.12794938683509827
43253,0,02_Rock3-148-C_comp.jams,672570,2,2,3,3,True,regression,mixed_by_complete_group,39,2,37,0,0.3409143388271332,0.4237792193889618,0.23530647158622742,0.4370993673801422,0.49414682388305664,0.3184345066547394
43268,0,02_Rock3-148-C_comp.jams,703355,3,3,2,2,True,regression,local_rates_favor_correction_for_all_groups,234,234,0,0,0.4832714796066284,0.1730601042509079,0.3436684310436249,0.4608707129955292,0.8864209651947021,0.7585635781288147
43320,0,02_Rock3-148-C_comp.jams,823062,3,3,2,2,True,regression,local_rates_favor_regression_for_all_groups,7,0,7,0,0.22375206649303436,0.3763785660266876,0.3998693823814392,0.4375,0.47670724987983704,0.083240807056427
43372,0,02_Rock3-148-C_comp.jams,941032,2,2,2,3,False,regression,mixed_by_complete_group,10,6,4,0,0.34021297097206116,0.3135412335395813,0.34624582529067993,0.4515624940395355,0.4811573922634125,0.006593465805053711
43409,0,02_Rock3-148-C_comp.jams,1028435,4,4,5,5,True,regression,local_rates_favor_correction_for_all_groups,1,1,0,0,0.470085471868515,0.29914531111717224,0.23076923191547394,0.09375,0.45775526762008667,0.003077864646911621
47992,0,03_BN2-166-Ab_comp.jams,72224,4,4,2,2,True,regression,mixed_by_complete_group,243,123,120,0,0.2745513617992401,0.2479456514120102,0.4775029420852661,0.49710649251937866,0.8284637928009033,0.5433813333511353
48013,0,03_BN2-166-Ab_comp.jams,182893,4,4,2,3,True,regression,local_rates_favor_regression_for_all_groups,3,0,3,0,0.23105895519256592,0.5367605686187744,0.23218047618865967,0.4479166567325592,0.7645313143730164,0.09977161884307861
48014,0,03_BN2-166-Ab_comp.jams,200262,4,4,2,2,True,regression,mixed_by_complete_group,230,66,164,0,0.267269104719162,0.2927134037017822,0.4400174915790558,0.44313859939575195,0.7038540244102478,0.4455295205116272
48042,0,03_BN2-166-Ab_comp.jams,326707,4,4,2,2,True,regression,mixed_by_complete_group,129,39,90,0,0.2613975405693054,0.3102441430091858,0.428358256816864,0.3649466931819916,0.6055446267127991,0.016489118337631226
48056,0,03_BN2-166-Ab_comp.jams,381994,4,4,3,3,True,regression,local_rates_favor_correction_for_all_groups,5,5,0,0,0.38524383306503296,0.3277297616004944,0.28702643513679504,0.746874988079071,0.5711735486984253,0.056671977043151855
53546,0,03_Jazz3-150-C_comp.jams,803990,3,3,2,2,True,regression,local_rates_favor_correction_for_all_groups,11,11,0,0,0.4932730495929718,0.2748621702194214,0.2318647801876068,0.4318181872367859,0.5221057534217834,0.12912222743034363
53586,0,03_Jazz3-150-C_comp.jams,1005082,3,3,2,2,True,regression,local_rates_favor_regression_for_all_groups,16,0,16,0,0.29659414291381836,0.3983684778213501,0.30503737926483154,0.181640625,0.4619539976119995,0.23701387643814087
53603,0,03_Jazz3-150-C_comp.jams,1085081,3,3,2,2,True,regression,mixed_by_complete_group,6,1,5,0,0.3046252429485321,0.4020942747592926,0.2932805120944977,0.359375,0.47424760460853577,0.0681949257850647
55063,0,03_Rock2-142-D_comp.jams,419320,2,2,3,3,True,regression,mixed_by_complete_group,66,23,43,0,0.3019547462463379,0.36472344398498535,0.33332180976867676,0.11410985141992569,0.6516851782798767,0.060414016246795654
55069,0,03_Rock2-142-D_comp.jams,448282,4,4,3,3,True,regression,mixed_by_complete_group,129,71,58,0,0.3346025347709656,0.32105886936187744,0.344338595867157,0.6460756063461304,0.6312640309333801,0.033119142055511475
55169,0,03_Rock2-142-D_comp.jams,708314,3,3,5,5,True,regression,local_rates_favor_correction_for_all_groups,11,11,0,0,0.3515211343765259,0.1145610585808754,0.5339178442955017,0.11363636702299118,0.4128083884716034,0.1893458515405655
55199,0,03_Rock2-142-D_comp.jams,792496,3,3,2,2,True,regression,local_rates_favor_regression_for_all_groups,18,0,18,0,0.24177680909633636,0.36549314856529236,0.39273008704185486,0.4383680522441864,0.4140322804450989,0.05975073575973511
55256,0,03_Rock2-142-D_comp.jams,979876,3,3,2,2,True,regression,local_rates_favor_correction_for_all_groups,14,14,0,0,0.5524546504020691,0.2152034342288971,0.23234190046787262,0.2555803656578064,0.5680155158042908,0.14838480949401855
56871,0,03_Rock3-148-C_comp.jams,18388,4,4,3,3,True,regression,mixed_by_complete_group,124,116,8,0,0.3815966844558716,0.31982171535491943,0.29858165979385376,0.6514617204666138,0.5600758194923401,0.11523386836051941
57010,0,03_Rock3-148-C_comp.jams,339228,2,2,3,5,True,regression,local_rates_favor_regression_for_all_groups,29,0,27,2,0.13797368109226227,0.3749502897262573,0.4870760440826416,0.01778017170727253,0.5758675336837769,0.14161020517349243
57029,0,03_Rock3-148-C_comp.jams,386676,2,2,3,3,True,regression,local_rates_favor_regression_for_all_groups,3,0,3,0,0.2747759521007538,0.41464731097221375,0.31057673692703247,0.2395833283662796,0.48757562041282654,0.4099193215370178
57054,0,03_Rock3-148-C_comp.jams,447149,3,3,5,5,True,regression,mixed_by_complete_group,62,49,5,8,0.29005324840545654,0.1454426497220993,0.5645042061805725,0.1176915317773819,0.4557516574859619,0.07961781322956085
57079,0,03_Rock3-148-C_comp.jams,500542,3,3,2,2,True,regression,local_rates_favor_correction_for_all_groups,72,72,0,0,0.44229432940483093,0.2605912685394287,0.29711443185806274,0.2374131977558136,0.5857722759246826,0.11292943358421326
57107,0,03_Rock3-148-C_comp.jams,554979,4,4,3,3,True,regression,mixed_by_complete_group,75,6,69,0,0.30053049325942993,0.36221417784690857,0.3372553586959839,0.6177083253860474,0.6011176109313965,0.08290159702301025
57128,0,03_Rock3-148-C_comp.jams,608363,3,3,5,5,True,regression,mixed_by_complete_group,31,25,6,0,0.2959701120853424,0.1817229688167572,0.5223069787025452,0.13054434955120087,0.468363493680954,0.08308006823062897
57188,0,03_Rock3-148-C_comp.jams,750281,3,3,2,2,True,regression,mixed_by_complete_group,63,12,51,0,0.24122507870197296,0.25328293442726135,0.5054919719696045,0.3360615074634552,0.5390102863311768,0.00782841444015503
57267,0,03_Rock3-148-C_comp.jams,929638,3,3,2,2,True,regression,local_rates_favor_correction_for_all_groups,123,123,0,0,0.40182146430015564,0.29486608505249023,0.3033124506473541,0.3414634168148041,0.5312962532043457,0.455100417137146
57310,0,03_Rock3-148-C_comp.jams,1037408,4,4,5,5,True,regression,local_rates_favor_correction_for_all_groups,52,52,0,0,0.5087330937385559,0.28567779064178467,0.20558913052082062,0.16526442766189575,0.4159225821495056,0.08953395485877991
57324,0,03_Rock3-148-C_comp.jams,1072184,3,3,2,2,True,regression,mixed_by_complete_group,107,99,8,0,0.36104661226272583,0.3080645799636841,0.3308888375759125,0.3789427578449249,0.5837024450302124,0.3193276822566986
57496,0,03_SS1-68-E_comp.jams,118301,3,3,2,2,True,regression,mixed_by_complete_group,126,101,25,0,0.3606300354003906,0.31810832023620605,0.3212616443634033,0.4804067313671112,0.5441645979881287,0.08552344143390656
57512,0,03_SS1-68-E_comp.jams,155881,3,3,2,2,True,regression,local_rates_favor_correction_for_all_groups,123,123,0,0,0.3875548839569092,0.21845097839832306,0.3939940929412842,0.4002794623374939,0.532711923122406,0.034957945346832275
57755,0,03_SS1-68-E_comp.jams,741777,3,3,2,2,True,regression,mixed_by_complete_group,110,2,108,0,0.2698269486427307,0.3755054771900177,0.3546674847602844,0.2208806872367859,0.5045247673988342,0.02648863196372986
57779,0,03_SS1-68-E_comp.jams,805918,3,3,4,4,True,regression,local_rates_favor_regression_for_all_groups,2,0,2,0,0.2329544723033905,0.3190310001373291,0.4480145275592804,0.265625,0.5192911624908447,0.001462206244468689
57843,0,03_SS1-68-E_comp.jams,959595,3,3,2,2,True,regression,mixed_by_complete_group,151,123,28,0,0.34125953912734985,0.2913626432418823,0.3673778474330902,0.4909975230693817,0.5856360793113708,0.3501645624637604
57863,0,03_SS1-68-E_comp.jams,1012818,3,3,2,2,True,regression,mixed_by_complete_group,127,48,78,1,0.33122846484184265,0.35755982995033264,0.3112116754055023,0.2461860179901123,0.513193666934967,0.26864728331565857
58163,0,03_SS1-68-E_comp.jams,1831709,2,2,3,3,True,regression,mixed_by_complete_group,21,20,1,0,0.3767450749874115,0.27141499519348145,0.35183995962142944,0.1294642835855484,0.5136959552764893,0.03771317005157471
61301,0,04_BN2-166-Ab_comp.jams,72586,4,4,2,2,True,regression,mixed_by_complete_group,246,225,20,1,0.25589507818222046,0.17009872198104858,0.5740062594413757,0.29096800088882446,0.8460485339164734,0.40689387917518616
61400,0,04_BN2-166-Ab_comp.jams,422218,4,4,3,3,True,regression,mixed_by_complete_group,172,157,14,1,0.4008826017379761,0.3299751579761505,0.2691422402858734,0.5713117718696594,0.785125732421875,0.11300989985466003
61542,0,04_BN2-166-Ab_comp.jams,946310,4,4,2,2,True,regression,mixed_by_complete_group,5,1,4,0,0.24869069457054138,0.2569948136806488,0.4943144917488098,0.14687499403953552,0.9437183141708374,0.2490982711315155
67151,0,04_Jazz3-150-C_comp.jams,8,2,2,4,4,True,regression,local_rates_favor_regression_for_all_groups,62,0,62,0,0.069577157497406,0.37829211354255676,0.5521307587623596,0.1421370953321457,0.8313201069831848,0.15881888568401337
67250,0,04_Jazz3-150-C_comp.jams,330445,4,4,4,3,False,regression,mixed_by_complete_group,3,1,2,0,0.3306993544101715,0.35881009697914124,0.3104904890060425,0.4427083432674408,0.7278972268104553,0.05439352989196777
67260,0,04_Jazz3-150-C_comp.jams,369729,4,4,3,3,True,regression,mixed_by_complete_group,10,4,6,0,0.3396863341331482,0.3752158284187317,0.28509780764579773,0.5078125,0.5144888162612915,0.19110608100891113
67264,0,04_Jazz3-150-C_comp.jams,381259,4,4,2,2,True,regression,mixed_by_complete_group,196,5,191,0,0.19688072800636292,0.3484989404678345,0.4546203315258026,0.3266103267669678,0.5368444323539734,0.1602437049150467
67326,0,04_Jazz3-150-C_comp.jams,577112,3,3,2,2,True,regression,mixed_by_complete_group,129,97,32,0,0.3268907070159912,0.2931932210922241,0.37991610169410706,0.49273255467414856,0.9252486824989319,0.4475080966949463
67382,0,04_Jazz3-150-C_comp.jams,787501,2,2,3,3,True,regression,mixed_by_complete_group,58,17,41,0,0.3740284740924835,0.38816872239112854,0.23780278861522675,0.6085668206214905,0.6529309749603271,0.025889307260513306
68850,0,04_Rock2-142-D_comp.jams,47905,4,4,5,5,True,regression,local_rates_favor_correction_for_all_groups,94,94,0,0,0.5225167870521545,0.209818497300148,0.26766473054885864,0.26529255509376526,0.4309564232826233,0.3001587390899658
68853,0,04_Rock2-142-D_comp.jams,65052,2,2,3,3,True,regression,mixed_by_complete_group,116,40,76,0,0.36063459515571594,0.37551015615463257,0.2638552486896515,0.40490302443504333,0.5969151854515076,0.06820222735404968
68883,0,04_Rock2-142-D_comp.jams,140823,3,3,2,2,True,regression,mixed_by_complete_group,12,11,1,0,0.37442663311958313,0.26522842049598694,0.36034491658210754,0.1458333283662796,0.7205583453178406,0.17622533440589905
68963,0,04_Rock2-142-D_comp.jams,344915,4,4,5,3,True,regression,local_rates_favor_regression_for_all_groups,19,0,19,0,0.19489841163158417,0.3357917070388794,0.46930989623069763,0.8544408082962036,0.6161034107208252,0.17026080191135406
69084,0,04_Rock2-142-D_comp.jams,660226,3,3,2,2,True,regression,local_rates_favor_correction_for_all_groups,2,2,0,0,0.49607664346694946,0.20918476581573486,0.2947385907173157,0.1796875,0.5651215314865112,0.359352171421051
69168,0,04_Rock2-142-D_comp.jams,867266,4,4,5,5,True,regression,local_rates_favor_correction_for_all_groups,31,31,0,0,0.510323703289032,0.2637318968772888,0.22594444453716278,0.1854838728904724,0.5235964059829712,0.4207321107387543
69171,0,04_Rock2-142-D_comp.jams,874936,3,3,2,2,True,regression,local_rates_favor_correction_for_all_groups,1,1,0,0,0.26828673481941223,0.21663926541805267,0.5150740146636963,0.421875,0.5296541452407837,0.40048813819885254
69195,0,04_Rock2-142-D_comp.jams,941891,4,4,3,3,True,regression,mixed_by_complete_group,132,92,40,0,0.3733038902282715,0.32303711771965027,0.30365896224975586,0.6460700631141663,0.7233206033706665,0.5482693314552307
69223,0,04_Rock2-142-D_comp.jams,1017354,2,2,3,3,True,regression,local_rates_favor_regression_for_all_groups,62,0,62,0,0.2915589511394501,0.45551377534866333,0.25292736291885376,0.4337197542190552,0.5147092342376709,0.05694451928138733
71097,0,04_Rock3-148-C_comp.jams,491510,4,4,3,3,True,regression,mixed_by_complete_group,147,5,142,0,0.3207833468914032,0.49937325716018677,0.1798434555530548,0.5530399680137634,0.5936028957366943,0.10304781794548035
71175,0,04_Rock3-148-C_comp.jams,674840,3,3,2,2,True,regression,local_rates_favor_correction_for_all_groups,93,93,0,0,0.47510820627212524,0.19247856736183167,0.3324132263660431,0.29922714829444885,0.6916604042053223,0.03885623812675476
71189,0,04_Rock3-148-C_comp.jams,712179,3,3,2,2,True,regression,local_rates_favor_correction_for_all_groups,178,178,0,0,0.4273551404476166,0.18593408167362213,0.3867107629776001,0.43390098214149475,0.7668892741203308,0.2567155361175537
71250,0,04_Rock3-148-C_comp.jams,903518,4,4,5,5,True,regression,local_rates_favor_correction_for_all_groups,53,53,0,0,0.5093663930892944,0.18103402853012085,0.30959954857826233,0.286556601524353,0.5697805285453796,0.6655349731445312
71256,0,04_Rock3-148-C_comp.jams,920929,4,4,3,3,True,regression,local_rates_favor_regression_for_all_groups,125,0,125,0,0.28492870926856995,0.4469243884086609,0.2681468725204468,0.6903749704360962,0.6724112033843994,0.053149282932281494
71312,0,04_Rock3-148-C_comp.jams,1063735,4,4,3,3,True,regression,mixed_by_complete_group,140,3,137,0,0.3391251266002655,0.43593505024909973,0.22493983805179596,0.5918526649475098,0.6533838510513306,0.00868883728981018
71332,0,04_Rock3-148-C_comp.jams,1113859,2,2,3,3,True,regression,local_rates_favor_regression_for_all_groups,6,0,6,0,0.3670090138912201,0.4242122173309326,0.20877879858016968,0.2630208432674408,0.924254834651947,0.06528228521347046
71692,0,04_SS1-68-E_comp.jams,609755,3,3,2,2,True,regression,local_rates_favor_correction_for_all_groups,166,166,0,0,0.36959126591682434,0.20413948595523834,0.4262692630290985,0.5977033376693726,0.6742291450500488,0.5129215717315674
71758,0,04_SS1-68-E_comp.jams,777499,2,2,3,3,True,regression,local_rates_favor_regression_for_all_groups,3,0,3,0,0.22517894208431244,0.3270065486431122,0.44781455397605896,0.421875,0.5427428483963013,0.22159774601459503
71886,0,04_SS1-68-E_comp.jams,1072022,3,3,2,2,True,regression,local_rates_favor_regression_for_all_groups,4,0,4,0,0.2690330445766449,0.30203482508659363,0.4289321303367615,0.7421875,0.4929746985435486,0.3127448558807373
71938,0,04_SS1-68-E_comp.jams,1184981,3,3,2,2,True,regression,mixed_by_complete_group,78,77,1,0,0.2908685505390167,0.2263389229774475,0.48279258608818054,0.2922676205635071,0.6056594252586365,0.36457526683807373
71986,0,04_SS1-68-E_comp.jams,1303005,4,4,5,5,True,regression,mixed_by_complete_group,91,88,3,0,0.4642488658428192,0.29051998257637024,0.24523116648197174,0.13736264407634735,0.47695431113243103,0.04732581973075867
1072,1,00_BN3-154-E_comp.jams,319562,3,3,2,2,True,regression,mixed_by_complete_group,198,109,89,0,0.38197046518325806,0.3239400088787079,0.29408949613571167,0.4907670319080353,0.5494946241378784,0.3278670907020569
1279,1,00_BN3-154-E_comp.jams,988804,4,4,2,2,True,regression,mixed_by_complete_group,213,173,40,0,0.24618500471115112,0.14173224568367004,0.6120827794075012,0.16358567774295807,0.6133643388748169,0.20450331270694733
1288,1,00_BN3-154-E_comp.jams,1023886,4,4,3,3,True,regression,mixed_by_complete_group,22,20,2,0,0.47405824065208435,0.3210921287536621,0.2048497051000595,0.30539771914482117,0.6513736844062805,0.5270611047744751
2877,1,00_Funk2-119-G_comp.jams,17337,3,3,2,2,True,regression,local_rates_favor_regression_for_all_groups,60,0,60,0,0.2556760013103485,0.3555202782154083,0.38880375027656555,0.6307291388511658,0.505378782749176,0.004633516073226929
3179,1,00_Funk2-119-G_comp.jams,789675,4,4,4,5,False,regression,mixed_by_complete_group,67,59,8,0,0.31866616010665894,0.2505178451538086,0.43081599473953247,0.06739738583564758,0.6527087688446045,0.027841687202453613
3212,1,00_Funk2-119-G_comp.jams,855653,3,3,2,2,True,regression,mixed_by_complete_group,214,185,29,0,0.4067089259624481,0.29060766100883484,0.30268344283103943,0.4775116741657257,0.5206084251403809,0.348924845457077
3340,1,00_Funk2-119-G_comp.jams,1185391,2,2,3,3,True,regression,mixed_by_complete_group,118,79,39,0,0.36760973930358887,0.3511878550052643,0.2812023460865021,0.2554290294647217,0.5434728860855103,0.07939136028289795
3370,1,00_Funk2-119-G_comp.jams,1257124,4,4,3,3,True,regression,mixed_by_complete_group,108,48,60,0,0.3308081030845642,0.3348943293094635,0.3342975974082947,0.37109375,0.45325547456741333,0.2947430908679962
3396,1,00_Funk2-119-G_comp.jams,1345550,4,4,3,3,True,regression,mixed_by_complete_group,14,8,6,0,0.385768860578537,0.3830060362815857,0.2312251180410385,0.4107142984867096,0.45029205083847046,0.42262744903564453
3646,1,00_Funk3-112-C#_comp.jams,190521,3,3,2,2,True,regression,local_rates_favor_correction_for_all_groups,14,14,0,0,0.4055536687374115,0.187004953622818,0.4074413776397705,0.3102678656578064,0.5496458411216736,0.14168491959571838
3736,1,00_Funk3-112-C#_comp.jams,424425,4,4,3,2,True,regression,mixed_by_complete_group,150,148,2,0,0.3381712734699249,0.13349658250808716,0.5283321142196655,0.13052083551883698,0.7333801984786987,0.16305436193943024
3790,1,00_Funk3-112-C#_comp.jams,560093,3,3,2,2,True,regression,mixed_by_complete_group,202,57,144,1,0.29511401057243347,0.30508318543434143,0.3998027741909027,0.29060953855514526,0.9377995133399963,0.07611165940761566
3818,1,00_Funk3-112-C#_comp.jams,620720,4,4,3,3,True,regression,mixed_by_complete_group,92,1,91,0,0.2769484221935272,0.37991753220558167,0.3431341350078583,0.8019701242446899,0.6634702682495117,0.08443465828895569
3833,1,00_Funk3-112-C#_comp.jams,657070,2,2,2,3,False,regression,local_rates_favor_regression_for_all_groups,1,0,1,0,0.22020438313484192,0.4011678695678711,0.378627747297287,0.203125,0.5346654653549194,0.06180855631828308
3860,1,00_Funk3-112-C#_comp.jams,727514,2,2,3,3,True,regression,local_rates_favor_regression_for_all_groups,2,0,2,0,0.2716815173625946,0.3115924596786499,0.4167260229587555,0.3359375,0.4864443838596344,0.13640636205673218
3880,1,00_Funk3-112-C#_comp.jams,773921,4,4,3,3,True,regression,local_rates_favor_correction_for_all_groups,144,144,0,0,0.4401344954967499,0.31996428966522217,0.23990117013454437,0.4963107705116272,0.8037424087524414,0.15210363268852234
3939,1,00_Funk3-112-C#_comp.jams,922195,4,4,3,3,True,regression,mixed_by_complete_group,145,138,7,0,0.3797767758369446,0.3032820522785187,0.31694120168685913,0.548275887966156,0.7559228539466858,0.19913935661315918
4127,1,00_Funk3-112-C#_comp.jams,1399611,4,4,3,3,True,regression,local_rates_favor_correction_for_all_groups,197,197,0,0,0.4744237959384918,0.31180834770202637,0.213767871260643,0.5375158786773682,1.0116500854492188,0.6437783241271973
16111,1,00_SS3-98-C_comp.jams,986042,3,3,4,4,True,regression,local_rates_favor_regression_for_all_groups,1,0,1,0,0.23989218473434448,0.34770888090133667,0.41239893436431885,0.140625,0.4386437237262726,0.11490339040756226
16482,1,00_SS3-98-C_solo.jams,621149,2,2,3,3,True,regression,local_rates_favor_regression_for_all_groups,61,0,61,0,0.33895960450172424,0.44216811656951904,0.21887220442295074,0.2745901644229889,0.5196943879127502,0.28989702463150024
16554,1,00_SS3-98-C_solo.jams,864207,3,3,2,2,True,regression,mixed_by_complete_group,8,5,3,0,0.3593350946903229,0.3487362265586853,0.2919287085533142,0.24609375,0.5530703067779541,0.28215184807777405
17811,1,01_BN3-154-E_comp.jams,189137,2,2,3,3,True,regression,local_rates_favor_regression_for_all_groups,1,0,1,0,0.14958541095256805,0.3079602122306824,0.5424544215202332,0.28125,0.9741448163986206,0.21679681539535522
17837,1,01_BN3-154-E_comp.jams,301475,4,4,3,3,True,regression,local_rates_favor_regression_for_all_groups,127,0,127,0,0.2963746190071106,0.46813544631004333,0.23548993468284607,0.5974409580230713,0.45674368739128113,0.02277514338493347
17875,1,01_BN3-154-E_comp.jams,438378,2,2,3,3,True,regression,mixed_by_complete_group,98,84,14,0,0.45304200053215027,0.3837769627571106,0.16318108141422272,0.31154337525367737,0.6974955797195435,0.054430246353149414
18019,1,01_BN3-154-E_comp.jams,937160,3,3,3,2,False,regression,mixed_by_complete_group,179,160,19,0,0.3976406455039978,0.2982328236103058,0.3041265904903412,0.5025314092636108,0.5685033798217773,0.07396727800369263
19791,1,01_Funk2-119-G_comp.jams,1329194,3,3,2,2,True,regression,mixed_by_complete_group,127,118,9,0,0.34679722785949707,0.289941668510437,0.36326107382774353,0.5051673054695129,0.7481850385665894,0.4013214707374573
20044,1,01_Funk3-112-C#_comp.jams,141513,2,2,4,4,True,regression,mixed_by_complete_group,128,53,74,1,0.25882261991500854,0.2765199840068817,0.46465742588043213,0.13330078125,0.6557623147964478,0.07561475038528442
20104,1,01_Funk3-112-C#_comp.jams,378217,2,2,2,3,False,regression,mixed_by_complete_group,3,2,1,0,0.38667067885398865,0.3457402288913727,0.2675890624523163,0.3541666567325592,0.7931351065635681,0.07238908112049103
20214,1,01_Funk3-112-C#_comp.jams,903826,2,2,2,3,False,regression,local_rates_favor_regression_for_all_groups,1,0,1,0,0.25411611795425415,0.35644134879112244,0.3894425332546234,0.1875,0.7363356351852417,0.17713023722171783
20321,1,01_Funk3-112-C#_comp.jams,1299884,3,3,2,2,True,regression,mixed_by_complete_group,26,3,23,0,0.18450142443180084,0.22384993731975555,0.5916486382484436,0.6081730723381042,0.4919891059398651,0.04749864339828491
20358,1,01_Funk3-112-C#_comp.jams,1465207,3,3,2,2,True,regression,local_rates_favor_regression_for_all_groups,1,0,1,0,0.22781457006931305,0.3977924883365631,0.37439292669296265,0.28125,0.613501250743866,0.069029301404953
31390,1,01_SS3-98-C_comp.jams,34509,2,2,3,3,True,regression,local_rates_favor_regression_for_all_groups,1,0,1,0,0.2381996065378189,0.33984094858169556,0.42195942997932434,0.34375,0.45025908946990967,0.38551753759384155
31454,1,01_SS3-98-C_comp.jams,170122,2,2,4,4,True,regression,mixed_by_complete_group,4,3,1,0,0.22352740168571472,0.1942283660173416,0.5822442173957825,0.11328125,0.569189190864563,0.6409707069396973
31494,1,01_SS3-98-C_comp.jams,264404,2,2,2,3,False,regression,local_rates_favor_regression_for_all_groups,1,0,1,0,0.2218370884656906,0.2985810339450836,0.47958189249038696,0.3125,0.44898489117622375,0.008564800024032593
31518,1,01_SS3-98-C_comp.jams,317882,4,4,5,5,True,regression,local_rates_favor_correction_for_all_groups,1,1,0,0,0.273333340883255,0.20999999344348907,0.5166666507720947,0.125,0.46831727027893066,0.3662354052066803
31627,1,01_SS3-98-C_comp.jams,548744,2,2,2,3,False,regression,mixed_by_complete_group,4,1,3,0,0.2809702455997467,0.32784318923950195,0.39118653535842896,0.08984375,0.5973259806632996,0.10378095507621765
31670,1,01_SS3-98-C_comp.jams,649341,3,3,2,2,True,regression,mixed_by_complete_group,131,130,1,0,0.33552151918411255,0.2351464033126831,0.42933210730552673,0.418296754360199,0.6499590873718262,0.2520059049129486
31676,1,01_SS3-98-C_comp.jams,661249,2,2,3,3,True,regression,mixed_by_complete_group,10,2,8,0,0.2620913088321686,0.28772908449172974,0.4501795768737793,0.23281249403953552,0.5001870393753052,0.03943342715501785
31680,1,01_SS3-98-C_comp.jams,669295,2,2,4,4,True,regression,local_rates_favor_regression_for_all_groups,3,0,3,0,0.14879421889781952,0.22859889268875122,0.6226068735122681,0.1145833358168602,0.48461493849754333,0.029585979878902435
31686,1,01_SS3-98-C_comp.jams,681353,2,2,3,3,True,regression,local_rates_favor_regression_for_all_groups,1,0,1,0,0.32201868295669556,0.3376448452472687,0.3403364419937134,0.203125,0.6683164238929749,0.3258172571659088
31693,1,01_SS3-98-C_comp.jams,695405,2,2,2,3,False,regression,mixed_by_complete_group,67,6,61,0,0.28003594279289246,0.342354416847229,0.37760964035987854,0.1284981369972229,0.4301452934741974,0.05695448815822601
31700,1,01_SS3-98-C_comp.jams,709133,2,2,3,3,True,regression,local_rates_favor_regression_for_all_groups,8,0,8,0,0.1792718917131424,0.34678101539611816,0.47394707798957825,0.279296875,0.4776286780834198,0.16910846531391144
31707,1,01_SS3-98-C_comp.jams,723161,3,3,2,2,True,regression,mixed_by_complete_group,5,1,4,0,0.24704761803150177,0.2659699618816376,0.48698243498802185,0.6031249761581421,0.5523335337638855,0.09934616833925247
31719,1,01_SS3-98-C_comp.jams,750541,3,3,2,2,True,regression,local_rates_favor_regression_for_all_groups,6,0,6,0,0.1763322502374649,0.2720326781272888,0.5516350269317627,0.3541666567325592,0.5302519798278809,0.2936517596244812
31728,1,01_SS3-98-C_comp.jams,769985,2,2,2,3,False,regression,local_rates_favor_regression_for_all_groups,4,0,4,0,0.19341732561588287,0.3203999102115631,0.4861827492713928,0.2890625,0.5102939009666443,0.08023104816675186
31760,1,01_SS3-98-C_comp.jams,853002,3,3,2,2,True,regression,mixed_by_complete_group,40,38,2,0,0.30899766087532043,0.24633917212486267,0.4446631371974945,0.555468738079071,0.565663754940033,0.23907718062400818
31792,1,01_SS3-98-C_comp.jams,920029,3,3,3,2,False,regression,mixed_by_complete_group,121,5,116,0,0.2185007482767105,0.2938206195831299,0.487678587436676,0.55849689245224,0.5214839577674866,0.02912774682044983
31851,1,01_SS3-98-C_comp.jams,1061563,3,3,4,4,True,regression,local_rates_favor_regression_for_all_groups,4,0,4,0,0.24187541007995605,0.3081943988800049,0.4499301612377167,0.33203125,0.5359666347503662,0.17278754711151123
31858,1,01_SS3-98-C_comp.jams,1075319,2,2,4,4,True,regression,mixed_by_complete_group,26,20,6,0,0.23416811227798462,0.1799679547548294,0.5858639478683472,0.06850961595773697,0.46111491322517395,0.16468529403209686
31906,1,01_SS3-98-C_comp.jams,1181950,3,3,3,2,False,regression,mixed_by_complete_group,12,11,1,0,0.27439042925834656,0.1794450432062149,0.5461645126342773,0.3072916567325592,0.5465531349182129,0.1861104667186737
31924,1,01_SS3-98-C_comp.jams,1222069,2,2,3,3,True,regression,local_rates_favor_regression_for_all_groups,2,0,2,0,0.22544199228286743,0.30772507190704346,0.4668329358100891,0.2421875,0.5582690834999084,0.2302255928516388
31958,1,01_SS3-98-C_comp.jams,1297740,3,3,2,2,True,regression,mixed_by_complete_group,128,45,81,2,0.3413047790527344,0.3506301939487457,0.3080649971961975,0.406005859375,0.5877934098243713,0.05340921878814697
31961,1,01_SS3-98-C_comp.jams,1304111,2,2,4,4,True,regression,local_rates_favor_regression_for_all_groups,1,0,1,0,0.16247139871120453,0.18764302134513855,0.6498855948448181,0.109375,0.4787273108959198,0.3158155381679535
31971,1,01_SS3-98-C_comp.jams,1324482,2,2,3,3,True,regression,mixed_by_complete_group,92,7,85,0,0.26284322142601013,0.3333902955055237,0.4037664532661438,0.24881114065647125,0.5306754112243652,0.11990371346473694
31999,1,01_SS3-98-C_comp.jams,1384767,3,3,5,5,True,regression,local_rates_favor_correction_for_all_groups,12,12,0,0,0.19058358669281006,0.1024625301361084,0.7069538235664368,0.1744791716337204,0.4965510666370392,0.42998626828193665
32016,1,01_SS3-98-C_comp.jams,1426044,3,3,2,2,True,regression,mixed_by_complete_group,127,125,2,0,0.3474216163158417,0.22716467082500458,0.42541369795799255,0.41646161675453186,0.5850698947906494,0.0714266300201416
32022,1,01_SS3-98-C_comp.jams,1438433,2,2,2,3,False,regression,mixed_by_complete_group,91,47,44,0,0.2548306882381439,0.2568551301956177,0.4883142113685608,0.21274039149284363,0.4509577453136444,0.01504199206829071
32028,1,01_SS3-98-C_comp.jams,1452212,2,2,3,3,True,regression,mixed_by_complete_group,109,6,103,0,0.2367604672908783,0.3177286684513092,0.4455108344554901,0.2012614607810974,0.4371933341026306,0.11288623511791229
32058,1,01_SS3-98-C_comp.jams,1514108,2,2,3,3,True,regression,local_rates_favor_regression_for_all_groups,9,0,9,0,0.23963983356952667,0.4288170337677002,0.33154311776161194,0.3559027910232544,0.49142175912857056,0.03850209712982178
32061,1,01_SS3-98-C_comp.jams,1519825,2,2,3,3,True,regression,mixed_by_complete_group,56,4,52,0,0.22186942398548126,0.32280951738357544,0.4553210437297821,0.3189174234867096,0.533391535282135,0.1157916858792305
32064,1,01_SS3-98-C_comp.jams,1526036,2,2,4,4,True,regression,mixed_by_complete_group,53,30,23,0,0.22123871743679047,0.18216627836227417,0.596595048904419,0.10524763911962509,0.44374462962150574,0.10666926205158234
32068,1,01_SS3-98-C_comp.jams,1534148,2,2,3,3,True,regression,local_rates_favor_regression_for_all_groups,8,0,8,0,0.16298876702785492,0.3392002582550049,0.4978109896183014,0.306640625,0.4974649250507355,0.057012081146240234
32090,1,01_SS3-98-C_comp.jams,1579528,2,2,3,3,True,regression,mixed_by_complete_group,5,1,4,0,0.3127010464668274,0.33275067806243896,0.35454827547073364,0.296875,0.4378853440284729,0.09945335984230042
32127,1,01_SS3-98-C_comp.jams,1654156,2,2,3,3,True,regression,mixed_by_complete_group,18,9,9,0,0.2944444417953491,0.2943114638328552,0.41124409437179565,0.2465277761220932,0.5474151968955994,0.43056821823120117
32145,1,01_SS3-98-C_comp.jams,1689724,2,2,4,4,True,regression,local_rates_favor_regression_for_all_groups,1,0,1,0,0.15434782207012177,0.22826087474822998,0.6173912882804871,0.125,0.4935115575790405,0.12054574489593506
32155,1,01_SS3-98-C_comp.jams,1709475,3,3,2,2,True,regression,mixed_by_complete_group,136,133,3,0,0.3257867395877838,0.19593578577041626,0.4782774746417999,0.5557215213775635,0.6237723231315613,0.43741509318351746
33556,1,02_BN3-154-E_comp.jams,551628,3,3,2,2,True,regression,local_rates_favor_regression_for_all_groups,76,0,76,0,0.2918208837509155,0.3971790075302124,0.31100010871887207,0.3061266541481018,0.5290108323097229,0.03285673260688782
34935,1,02_Funk2-119-G_comp.jams,23,2,2,4,4,True,regression,mixed_by_complete_group,234,131,94,9,0.28344959020614624,0.24547547101974487,0.4710749387741089,0.1154513880610466,0.8308222889900208,0.2591765522956848
35039,1,02_Funk2-119-G_comp.jams,378218,2,2,3,3,True,regression,mixed_by_complete_group,34,20,14,0,0.3978733420372009,0.39269202947616577,0.2094346135854721,0.2821691036224365,0.5479938983917236,0.12161397933959961
35268,1,02_Funk2-119-G_comp.jams,1245657,2,2,3,3,True,regression,mixed_by_complete_group,151,127,23,1,0.40667036175727844,0.3469255268573761,0.24640408158302307,0.47206124663352966,0.6830011606216431,0.15707963705062866
35513,1,02_Funk3-112-C#_comp.jams,7,3,3,4,4,True,regression,local_rates_favor_correction_for_all_groups,92,92,0,0,0.530647873878479,0.30571621656417847,0.16363584995269775,0.35326087474823,0.5707017183303833,0.2196885645389557
35545,1,02_Funk3-112-C#_comp.jams,118534,3,3,2,2,True,regression,local_rates_favor_regression_for_all_groups,1,0,1,0,0.19108383357524872,0.4130189120769501,0.3958972692489624,0.453125,0.6341719627380371,0.18694224953651428
35583,1,02_Funk3-112-C#_comp.jams,310342,2,2,3,3,True,regression,local_rates_favor_regression_for_all_groups,58,0,58,0,0.2362724393606186,0.40527698397636414,0.3584505319595337,0.3485991358757019,0.4845878779888153,0.05623596906661987
35616,1,02_Funk3-112-C#_comp.jams,437999,2,2,3,4,True,regression,mixed_by_complete_group,27,7,19,1,0.23786737024784088,0.2838381230831146,0.4782945215702057,0.10011573880910873,0.5026265382766724,0.13741880655288696
35741,1,02_Funk3-112-C#_comp.jams,885822,2,2,3,3,True,regression,local_rates_favor_regression_for_all_groups,1,0,1,0,0.36742424964904785,0.405303031206131,0.22727273404598236,0.0625,0.605934739112854,0.13422667980194092
35782,1,02_Funk3-112-C#_comp.jams,1133222,2,2,3,3,True,regression,mixed_by_complete_group,123,74,49,0,0.3693886697292328,0.3665894567966461,0.2640218734741211,0.4551575183868408,0.5885535478591919,0.14682507514953613
35802,1,02_Funk3-112-C#_comp.jams,1193843,2,2,3,3,True,regression,mixed_by_complete_group,126,12,114,0,0.3070358633995056,0.4027833640575409,0.2901808023452759,0.3327133059501648,0.4316004514694214,0.057739049196243286
35857,1,02_Funk3-112-C#_comp.jams,1347223,2,2,3,3,True,regression,mixed_by_complete_group,71,1,70,0,0.25054383277893066,0.35715028643608093,0.3923058807849884,0.3650968372821808,0.5291985869407654,0.2693853974342346
36213,1,02_Funk3-112-C#_solo.jams,1487838,2,2,3,3,True,regression,mixed_by_complete_group,33,32,1,0,0.4235976040363312,0.2994791567325592,0.2769232392311096,0.32528409361839294,0.5997451543807983,0.27474522590637207
46591,1,02_SS3-98-C_comp.jams,81257,3,3,4,4,True,regression,mixed_by_complete_group,126,61,65,0,0.34165897965431213,0.38667044043540955,0.2716705799102783,0.1877480149269104,0.5660801529884338,0.4265495538711548
46613,1,02_SS3-98-C_comp.jams,134425,3,3,2,2,True,regression,mixed_by_complete_group,98,37,61,0,0.25981438159942627,0.2653755843639374,0.47481000423431396,0.32286351919174194,0.5137222409248352,0.17135170102119446
46751,1,02_SS3-98-C_comp.jams,499263,2,2,3,3,True,regression,mixed_by_complete_group,123,38,85,0,0.3482999801635742,0.3846835196018219,0.2670164108276367,0.2888719439506531,0.6798645257949829,0.33425143361091614
46901,1,02_SS3-98-C_comp.jams,865360,3,3,2,2,True,regression,mixed_by_complete_group,147,12,135,0,0.24273639917373657,0.3931494951248169,0.36411410570144653,0.5679209232330322,0.6049132347106934,0.03186601400375366
47008,1,02_SS3-98-C_comp.jams,1147894,2,2,4,4,True,regression,mixed_by_complete_group,145,90,51,4,0.2615422308444977,0.21131862699985504,0.5271391272544861,0.07004310190677643,0.5865459442138672,0.3491881787776947
47014,1,02_SS3-98-C_comp.jams,1161688,3,3,4,4,True,regression,mixed_by_complete_group,64,48,16,0,0.36462700366973877,0.31799888610839844,0.3173741400241852,0.145751953125,0.5074086785316467,0.021953076124191284
47123,1,02_SS3-98-C_comp.jams,1444022,3,3,4,4,True,regression,mixed_by_complete_group,126,57,69,0,0.3067002594470978,0.3340437412261963,0.35925596952438354,0.2248263955116272,0.552162230014801,0.39898478984832764
47216,1,02_SS3-98-C_comp.jams,1683431,2,2,3,3,True,regression,local_rates_favor_regression_for_all_groups,21,0,21,0,0.3150351941585541,0.411513090133667,0.2734517455101013,0.4263392984867096,0.6315051317214966,0.038641929626464844
48432,1,03_BN3-154-E_comp.jams,275481,4,4,3,3,True,regression,mixed_by_complete_group,116,75,41,0,0.3717292547225952,0.34358417987823486,0.28468653559684753,0.4725215435028076,0.616165041923523,0.1793137788772583
48484,1,03_BN3-154-E_comp.jams,567353,4,4,3,3,True,regression,local_rates_favor_regression_for_all_groups,3,0,3,0,0.3583187162876129,0.509891152381897,0.13179010152816772,0.609375,0.7948334217071533,0.010410308837890625
48556,1,03_BN3-154-E_comp.jams,901491,4,4,3,3,True,regression,mixed_by_complete_group,11,6,5,0,0.3761402368545532,0.39015448093414307,0.23370526731014252,0.30397728085517883,0.5843011736869812,0.11651545763015747
48567,1,03_BN3-154-E_comp.jams,945682,4,4,2,2,True,regression,mixed_by_complete_group,207,121,86,0,0.2420457899570465,0.1907862424850464,0.5671679973602295,0.17134661972522736,0.9435358643531799,0.007357180118560791
49767,1,03_Funk2-119-G_comp.jams,222871,4,4,3,3,True,regression,mixed_by_complete_group,97,4,93,0,0.3081713914871216,0.3496893644332886,0.34213924407958984,0.7179445624351501,0.6128023266792297,0.03201034665107727
49774,1,03_Funk2-119-G_comp.jams,266843,4,4,3,3,True,regression,mixed_by_complete_group,212,187,25,0,0.4807673692703247,0.3422708213329315,0.17696179449558258,0.5296285152435303,0.8209276795387268,0.00748831033706665
49816,1,03_Funk2-119-G_comp.jams,445021,4,4,3,3,True,regression,mixed_by_complete_group,187,93,93,1,0.4003945291042328,0.35767748951911926,0.24192798137664795,0.4679144322872162,0.5754576325416565,0.03300011157989502
49925,1,03_Funk2-119-G_comp.jams,1066804,3,3,2,2,True,regression,local_rates_favor_regression_for_all_groups,2,0,2,0,0.27409642934799194,0.299818754196167,0.42608481645584106,0.2578125,0.8093090653419495,0.020990431308746338
49951,1,03_Funk2-119-G_comp.jams,1175166,2,2,3,3,True,regression,local_rates_favor_regression_for_all_groups,1,0,1,0,0.2415342628955841,0.2980259954929352,0.4604397416114807,0.296875,0.7854125499725342,0.04588666558265686
50365,1,03_Funk3-112-C#_comp.jams,768605,2,2,2,3,False,regression,local_rates_favor_regression_for_all_groups,60,0,60,0,0.25486430525779724,0.3947155177593231,0.35042014718055725,0.33515626192092896,0.46524134278297424,0.027088895440101624
50430,1,03_Funk3-112-C#_comp.jams,1039491,4,4,3,3,True,regression,mixed_by_complete_group,184,183,1,0,0.43532416224479675,0.31023842096328735,0.2544373571872711,0.5224184989929199,0.50380939245224,0.27926233410835266
50465,1,03_Funk3-112-C#_comp.jams,1204817,2,2,4,4,True,regression,mixed_by_complete_group,89,22,67,0,0.18515172600746155,0.27878978848457336,0.5360584259033203,0.10902387648820877,0.7018255591392517,0.17573466897010803
50492,1,03_Funk3-112-C#_comp.jams,1288846,2,2,3,4,True,regression,mixed_by_complete_group,70,29,40,1,0.27474722266197205,0.2846815884113312,0.44057121872901917,0.06964285671710968,0.5419607758522034,0.24318428337574005
60066,1,03_SS3-98-C_comp.jams,143628,3,3,2,2,True,regression,mixed_by_complete_group,97,40,57,0,0.31574776768684387,0.3178367614746094,0.36641544103622437,0.5212628841400146,0.6406368613243103,0.7073156833648682
60185,1,03_SS3-98-C_comp.jams,413708,2,2,4,3,True,regression,mixed_by_complete_group,14,11,3,0,0.3945539593696594,0.34535646438598633,0.26008957624435425,0.1484375,0.739017128944397,0.36661529541015625
60206,1,03_SS3-98-C_comp.jams,466680,3,3,2,2,True,regression,mixed_by_complete_group,8,7,1,0,0.3504979610443115,0.24819913506507874,0.40130293369293213,0.484375,0.6059073805809021,0.4487553834915161
60222,1,03_SS3-98-C_comp.jams,499442,3,3,3,2,False,regression,local_rates_favor_correction_for_all_groups,51,51,0,0,0.30466076731681824,0.19236862659454346,0.5029706358909607,0.391237735748291,0.4689025580883026,0.010177195072174072
60225,1,03_SS3-98-C_comp.jams,506639,3,3,4,4,True,regression,local_rates_favor_correction_for_all_groups,1,1,0,0,0.28853046894073486,0.19205495715141296,0.5194146037101746,0.375,0.4948359429836273,0.09219832718372345
60343,1,03_SS3-98-C_comp.jams,769446,3,3,2,2,True,regression,local_rates_favor_regression_for_all_groups,92,0,92,0,0.21691852807998657,0.386015921831131,0.39706557989120483,0.24048912525177002,0.4231022596359253,0.3500484228134155
60352,1,03_SS3-98-C_comp.jams,789562,3,3,2,2,True,regression,mixed_by_complete_group,127,108,19,0,0.3221222162246704,0.24247430264949799,0.43540340662002563,0.2530757784843445,0.4645047187805176,0.232313871383667
60535,1,03_SS3-98-C_comp.jams,1222707,2,2,4,4,True,regression,local_rates_favor_regression_for_all_groups,1,0,1,0,0.20392157137393951,0.23137255012989044,0.5647059082984924,0.078125,0.6511363387107849,0.19419419765472412
60579,1,03_SS3-98-C_comp.jams,1329587,3,3,4,4,True,regression,local_rates_favor_correction_for_all_groups,28,28,0,0,0.30509305000305176,0.20070980489253998,0.49419716000556946,0.2734375,0.6070353388786316,0.026229456067085266
60620,1,03_SS3-98-C_comp.jams,1438180,2,2,2,3,False,regression,local_rates_favor_regression_for_all_groups,1,0,1,0,0.26082947850227356,0.3148278594017029,0.42434263229370117,0.296875,0.5456122159957886,0.24309837818145752
60623,1,03_SS3-98-C_comp.jams,1444153,3,3,2,2,True,regression,mixed_by_complete_group,4,2,2,0,0.22861915826797485,0.22743208706378937,0.543948769569397,0.4765625,0.48884016275405884,0.26745733618736267
61700,1,04_BN3-154-E_comp.jams,59914,4,4,3,3,True,regression,mixed_by_complete_group,17,15,2,0,0.3838733434677124,0.35229381918907166,0.26383283734321594,0.3189338147640228,0.9719233512878418,0.8418341279029846
61709,1,04_BN3-154-E_comp.jams,78252,3,3,3,2,False,regression,mixed_by_complete_group,246,244,2,0,0.3877026438713074,0.25127720832824707,0.36102014780044556,0.5447789430618286,0.7854461073875427,0.022046402096748352
63187,1,04_Funk2-119-G_comp.jams,122131,4,4,3,3,True,regression,mixed_by_complete_group,127,126,1,0,0.4529809355735779,0.32942599058151245,0.2175930142402649,0.5204232335090637,0.44071412086486816,0.06697815656661987
63236,1,04_Funk2-119-G_comp.jams,308234,2,2,3,3,True,regression,local_rates_favor_regression_for_all_groups,17,0,17,0,0.2639997601509094,0.37696436047554016,0.3590358793735504,0.14705882966518402,0.6307070255279541,0.08674675226211548
63266,1,04_Funk2-119-G_comp.jams,429335,2,2,3,3,True,regression,mixed_by_complete_group,81,80,1,0,0.4586138427257538,0.29273751378059387,0.24864862859249115,0.1614583283662796,0.6390820145606995,0.3433164954185486
63278,1,04_Funk2-119-G_comp.jams,462249,2,2,3,3,True,regression,mixed_by_complete_group,35,18,17,0,0.3856845796108246,0.391391783952713,0.22292359173297882,0.3544642925262451,0.7453005909919739,0.33501067757606506
63421,1,04_Funk2-119-G_comp.jams,1022538,4,4,3,3,True,regression,mixed_by_complete_group,78,7,71,0,0.3375082314014435,0.3736535906791687,0.2888381779193878,0.7389823794364929,0.8932104706764221,0.1547705978155136
63475,1,04_Funk2-119-G_comp.jams,1200649,3,3,3,4,False,regression,mixed_by_complete_group,111,81,30,0,0.33919012546539307,0.2924087941646576,0.36840111017227173,0.24155405163764954,0.4228653311729431,0.00022152066230773926
63484,1,04_Funk2-119-G_comp.jams,1218323,2,2,3,3,True,regression,mixed_by_complete_group,54,50,4,0,0.3834592401981354,0.3272317945957184,0.28930896520614624,0.5532407164573669,0.6346823573112488,0.0604839026927948
63498,1,04_Funk2-119-G_comp.jams,1262265,3,3,2,2,True,regression,local_rates_favor_regression_for_all_groups,89,0,89,0,0.1937248557806015,0.2952832877635956,0.5109918713569641,0.3363763988018036,0.8502434492111206,0.3235103189945221
63533,1,04_Funk2-119-G_comp.jams,1378432,2,2,3,3,True,regression,mixed_by_complete_group,77,23,54,0,0.3122544586658478,0.35492604970932007,0.33281949162483215,0.21063311398029327,0.5632032155990601,0.1907045543193817
63537,1,04_Funk2-119-G_comp.jams,1390532,3,3,3,4,False,regression,local_rates_favor_regression_for_all_groups,6,0,6,0,0.28199803829193115,0.37984728813171387,0.338154673576355,0.2395833283662796,0.6277046799659729,0.02096378803253174
63555,1,04_Funk2-119-G_solo.jams,33889,2,2,3,3,True,regression,local_rates_favor_regression_for_all_groups,1,0,1,0,0.17327344417572021,0.385738343000412,0.4409882128238678,0.21875,1.048504114151001,0.3626430034637451
63731,1,04_Funk2-119-G_solo.jams,1068763,2,2,3,3,True,regression,local_rates_favor_regression_for_all_groups,1,0,1,0,0.17327344417572021,0.5011229515075684,0.3256036043167114,0.21875,0.9090273380279541,0.4179513454437256
63735,1,04_Funk2-119-G_solo.jams,1116485,2,2,3,3,True,regression,local_rates_favor_regression_for_all_groups,1,0,1,0,0.180204376578331,0.4011678695678711,0.4186277389526367,0.203125,0.9516631960868835,0.6040783524513245
63806,1,04_Funk3-112-C#_comp.jams,167460,3,3,5,5,True,regression,local_rates_favor_correction_for_all_groups,1,1,0,0,0.40229883790016174,0.2183908075094223,0.37931033968925476,0.234375,0.4485410749912262,0.24994418025016785
63854,1,04_Funk3-112-C#_comp.jams,342293,4,4,3,3,True,regression,mixed_by_complete_group,173,46,127,0,0.3770337402820587,0.38047394156455994,0.24249227344989777,0.4759754240512848,0.5056238174438477,0.1504785418510437
63897,1,04_Funk3-112-C#_comp.jams,472729,4,4,3,3,True,regression,mixed_by_complete_group,109,16,93,0,0.3171195983886719,0.40614232420921326,0.27673807740211487,0.5551891922950745,0.5766421556472778,0.08500909805297852
63924,1,04_Funk3-112-C#_comp.jams,544146,2,2,3,3,True,regression,mixed_by_complete_group,128,124,4,0,0.34501057863235474,0.2668859362602234,0.3881034851074219,0.3497314453125,0.5597705245018005,0.26293933391571045
63930,1,04_Funk3-112-C#_comp.jams,566779,4,4,3,3,True,regression,mixed_by_complete_group,79,43,36,0,0.3553491532802582,0.3280180096626282,0.31663283705711365,0.4400711953639984,0.5372933745384216,0.057190537452697754
63940,1,04_Funk3-112-C#_comp.jams,586396,3,3,2,2,True,regression,mixed_by_complete_group,25,2,23,0,0.22875314950942993,0.24986180663108826,0.5213850736618042,0.5418750047683716,0.778709888458252,0.053736984729766846
63957,1,04_Funk3-112-C#_comp.jams,637665,2,2,3,3,True,regression,mixed_by_complete_group,19,6,13,0,0.3125413656234741,0.3345812261104584,0.3528774678707123,0.13898026943206787,0.529556155204773,0.28816914558410645
64022,1,04_Funk3-112-C#_comp.jams,827207,4,4,5,5,True,regression,tied_local_rates,1,0,0,1,0.294721394777298,0.294721394777298,0.41055718064308167,0.15625,0.4318770170211792,0.13225162029266357
64095,1,04_Funk3-112-C#_comp.jams,1039885,3,3,3,4,False,regression,local_rates_favor_correction_for_all_groups,3,3,0,0,0.52266925573349,0.27903294563293457,0.19829781353473663,0.1614583283662796,0.46277105808258057,0.00620722770690918
64104,1,04_Funk3-112-C#_comp.jams,1075632,3,3,4,4,True,regression,mixed_by_complete_group,52,51,1,0,0.38951364159584045,0.26306140422821045,0.3474249541759491,0.09405048191547394,0.4532843828201294,0.153663769364357
64122,1,04_Funk3-112-C#_comp.jams,1134203,3,3,2,2,True,regression,local_rates_favor_regression_for_all_groups,7,0,7,0,0.24523724615573883,0.4693312644958496,0.28543147444725037,0.4174107015132904,0.5217142701148987,0.0033603012561798096
64207,1,04_Funk3-112-C#_comp.jams,1358809,4,4,3,3,True,regression,mixed_by_complete_group,124,53,71,0,0.36363592743873596,0.37287601828575134,0.26348811388015747,0.45085686445236206,0.422524094581604,0.043994009494781494
74101,1,04_SS3-98-C_comp.jams,755725,2,2,3,3,True,regression,local_rates_favor_regression_for_all_groups,57,0,57,0,0.2018810212612152,0.4438270628452301,0.3542919158935547,0.24698464572429657,0.5484721660614014,0.26581713557243347
74118,1,04_SS3-98-C_comp.jams,810607,2,2,3,3,True,regression,local_rates_favor_regression_for_all_groups,87,0,87,0,0.2596050202846527,0.3860322833061218,0.3543627858161926,0.3541666567325592,0.4761664867401123,0.2674371600151062
2022,2,00_Funk1-114-Ab_comp.jams,1053128,3,3,2,2,True,regression,local_rates_favor_regression_for_all_groups,101,0,101,0,0.20806056261062622,0.4844377636909485,0.3075016736984253,0.4127475321292877,0.4856427013874054,0.017387300729751587
5494,2,00_Jazz1-200-B_comp.jams,13471,2,2,3,3,True,regression,local_rates_favor_regression_for_all_groups,2,0,2,0,0.296957403421402,0.337700217962265,0.365342378616333,0.1875,0.6800298094749451,0.05737024545669556
5912,2,00_Jazz2-110-Bb_comp.jams,470229,3,3,3,2,False,regression,local_rates_favor_regression_for_all_groups,1,0,1,0,0.3221977949142456,0.3956044018268585,0.2821978032588959,0.421875,0.5068878531455994,0.05377855896949768
5939,2,00_Jazz2-110-Bb_comp.jams,576264,2,2,3,3,True,regression,mixed_by_complete_group,2,1,1,0,0.3159227967262268,0.35244107246398926,0.33163613080978394,0.1015625,0.8498852252960205,0.3046359419822693
6069,2,00_Jazz2-110-Bb_comp.jams,936146,2,2,2,3,False,regression,mixed_by_complete_group,70,67,2,1,0.4024215638637543,0.2847028076648712,0.3128756284713745,0.1272321492433548,0.5761223435401917,0.023541808128356934
8124,2,00_Rock1-130-A_comp.jams,229223,3,3,2,2,True,regression,local_rates_favor_correction_for_all_groups,213,213,0,0,0.35462117195129395,0.20658090710639954,0.4387979209423065,0.5824530720710754,0.6268327832221985,0.1284765899181366
8190,2,00_Rock1-130-A_comp.jams,410951,3,3,2,2,True,regression,mixed_by_complete_group,230,207,23,0,0.2841561436653137,0.18982042372226715,0.5260234475135803,0.47860053181648254,1.6415746212005615,0.012742841616272926
8251,2,00_Rock1-130-A_comp.jams,554770,4,4,3,3,True,regression,mixed_by_complete_group,42,38,4,0,0.35607847571372986,0.2814432382583618,0.3624783158302307,0.488467276096344,0.6494990587234497,0.10823532938957214
8288,2,00_Rock1-130-A_comp.jams,645846,4,4,3,3,True,regression,local_rates_favor_correction_for_all_groups,22,22,0,0,0.39475110173225403,0.18850737810134888,0.4167414903640747,0.5610795617103577,0.756450891494751,0.18499323725700378
8319,2,00_Rock1-130-A_comp.jams,718481,4,4,3,3,True,regression,local_rates_favor_regression_for_all_groups,9,0,9,0,0.20810440182685852,0.27352315187454224,0.5183724761009216,0.5086805820465088,0.6261631846427917,0.012367978692054749
8346,2,00_Rock1-130-A_comp.jams,788847,4,4,2,2,True,regression,mixed_by_complete_group,210,206,4,0,0.31181854009628296,0.16410481929779053,0.5240766406059265,0.5182291865348816,0.6197241544723511,0.4090033769607544
10519,2,00_Rock2-85-F_comp.jams,303319,4,4,3,2,True,regression,mixed_by_complete_group,61,54,7,0,0.3138011693954468,0.2250143140554428,0.46118447184562683,0.3852458894252777,0.5143564343452454,0.14311206340789795
10546,2,00_Rock2-85-F_comp.jams,365070,4,4,3,3,True,regression,mixed_by_complete_group,22,9,13,0,0.30855390429496765,0.3046039044857025,0.3868422508239746,0.5830965638160706,0.5108854174613953,0.3086376488208771
10604,2,00_Rock2-85-F_comp.jams,481815,2,2,2,3,False,regression,mixed_by_complete_group,49,6,43,0,0.35350850224494934,0.4217943847179413,0.22469711303710938,0.1116071417927742,0.8506355881690979,0.1060139536857605
10637,2,00_Rock2-85-F_comp.jams,553254,3,3,2,2,True,regression,mixed_by_complete_group,108,87,21,0,0.27673277258872986,0.243159681558609,0.48010754585266113,0.5409432649612427,0.4319513142108917,0.1327947974205017
10690,2,00_Rock2-85-F_comp.jams,669109,3,3,2,2,True,regression,mixed_by_complete_group,115,110,5,0,0.2920900285243988,0.2552659511566162,0.452644020318985,0.80910325050354,0.5808814764022827,0.05080917477607727
10704,2,00_Rock2-85-F_comp.jams,701404,3,3,2,2,True,regression,local_rates_favor_correction_for_all_groups,237,237,0,0,0.3977351486682892,0.15364347398281097,0.44862136244773865,0.5956619381904602,0.6182411909103394,0.3478432297706604
10971,2,00_Rock2-85-F_comp.jams,1330301,4,4,2,3,True,regression,local_rates_favor_regression_for_all_groups,20,0,20,0,0.2571316361427307,0.3535711169242859,0.389297217130661,0.729687511920929,0.5110090374946594,0.06142021715641022
10983,2,00_Rock2-85-F_comp.jams,1355082,3,3,2,2,True,regression,local_rates_favor_correction_for_all_groups,201,201,0,0,0.3271421790122986,0.16233481466770172,0.5105230212211609,0.6277207732200623,0.7605782151222229,0.2882879972457886
11095,2,00_Rock2-85-F_comp.jams,1618470,4,4,3,3,True,regression,local_rates_favor_regression_for_all_groups,126,0,126,0,0.23538605868816376,0.386003315448761,0.3786105811595917,0.6060267686843872,0.6046636700630188,0.19662317633628845
11149,2,00_Rock2-85-F_comp.jams,1742720,3,3,2,2,True,regression,mixed_by_complete_group,204,190,14,0,0.32959890365600586,0.22106963396072388,0.44933152198791504,0.46568626165390015,0.6039929986000061,0.5119127631187439
11535,2,00_Rock2-85-F_solo.jams,1942964,3,3,2,2,True,regression,mixed_by_complete_group,146,56,90,0,0.345234751701355,0.33631739020347595,0.31844785809516907,0.2677654027938843,0.5324976444244385,0.22982680797576904
18355,2,01_Funk1-114-Ab_comp.jams,87774,3,3,2,2,True,regression,local_rates_favor_correction_for_all_groups,184,184,0,0,0.4548700451850891,0.1802866905927658,0.3648432791233063,0.5382982492446899,0.7021136283874512,0.6207318305969238
18359,2,01_Funk1-114-Ab_comp.jams,104859,3,3,2,2,True,regression,mixed_by_complete_group,210,154,56,0,0.21227823197841644,0.18783539533615112,0.5998863577842712,0.3675595223903656,1.355488896369934,0.6155245304107666
18367,2,01_Funk1-114-Ab_comp.jams,139363,3,3,4,4,True,regression,local_rates_favor_correction_for_all_groups,6,6,0,0,0.36987707018852234,0.27856725454330444,0.3515557050704956,0.1901041716337204,0.8034310936927795,0.3292871415615082
18377,2,01_Funk1-114-Ab_comp.jams,180949,3,3,2,2,True,regression,local_rates_favor_correction_for_all_groups,212,212,0,0,0.45367929339408875,0.18201351165771484,0.3643072247505188,0.5172464847564697,0.723042368888855,0.6062593460083008
18381,2,01_Funk1-114-Ab_comp.jams,198153,3,3,2,2,True,regression,mixed_by_complete_group,219,184,35,0,0.20421718060970306,0.1694445013999939,0.6263383030891418,0.3544520437717438,1.3476966619491577,0.7107070684432983
18401,2,01_Funk1-114-Ab_comp.jams,289716,3,3,2,2,True,regression,mixed_by_complete_group,178,166,12,0,0.20274202525615692,0.14382460713386536,0.6534333825111389,0.3903616666793823,1.3457545042037964,0.42760246992111206
18405,2,01_Funk1-114-Ab_comp.jams,307490,3,3,2,2,True,regression,mixed_by_complete_group,185,165,20,0,0.26069924235343933,0.20371702313423157,0.5355837345123291,0.5288851261138916,0.7852942943572998,0.5536791086196899
18468,2,01_Funk1-114-Ab_comp.jams,528017,2,2,3,3,True,regression,local_rates_favor_regression_for_all_groups,50,0,50,0,0.2886250913143158,0.3662290871143341,0.3451457917690277,0.3253124952316284,1.2153176069259644,0.17991414666175842
18475,2,01_Funk1-114-Ab_comp.jams,569535,2,2,3,3,True,regression,mixed_by_complete_group,9,3,6,0,0.2938540279865265,0.2957817018032074,0.4103642702102661,0.2482638955116272,1.6879243850708008,0.17598018050193787
18482,2,01_Funk1-114-Ab_comp.jams,603762,3,3,4,4,True,regression,mixed_by_complete_group,102,7,95,0,0.31636571884155273,0.40763047337532043,0.2760038673877716,0.2613357901573181,0.6411245465278625,0.3292110860347748
18485,2,01_Funk1-114-Ab_comp.jams,610144,3,3,2,2,True,regression,local_rates_favor_correction_for_all_groups,191,191,0,0,0.42428556084632874,0.18640382587909698,0.3893105983734131,0.4996727705001831,0.6305655241012573,0.12573108077049255
18493,2,01_Funk1-114-Ab_comp.jams,638207,3,3,4,4,True,regression,local_rates_favor_regression_for_all_groups,1,0,1,0,0.30821046233177185,0.3234621286392212,0.36832740902900696,0.25,1.162829875946045,0.2046433687210083
18501,2,01_Funk1-114-Ab_comp.jams,667276,3,3,2,2,True,regression,local_rates_favor_correction_for_all_groups,93,93,0,0,0.4652884602546692,0.27560174465179443,0.25910985469818115,0.3894489109516144,0.6125602126121521,0.043087929487228394
18590,2,01_Funk1-114-Ab_comp.jams,1044881,2,2,3,3,True,regression,mixed_by_complete_group,122,36,85,1,0.3516607880592346,0.39019057154655457,0.258148729801178,0.5454661846160889,0.8051652908325195,0.5197197198867798
18595,2,01_Funk1-114-Ab_comp.jams,1068007,2,2,3,3,True,regression,mixed_by_complete_group,136,22,113,1,0.3097791075706482,0.36436665058135986,0.32585424184799194,0.26217830181121826,1.018630862236023,0.15704038739204407
18844,2,01_Funk1-114-Ab_solo.jams,1097221,2,2,2,3,False,regression,local_rates_favor_regression_for_all_groups,2,0,2,0,0.28571218252182007,0.36468538641929626,0.34960243105888367,0.078125,1.1128453016281128,0.03525352478027344
22132,2,01_Jazz2-110-Bb_comp.jams,232865,3,3,4,4,True,regression,mixed_by_complete_group,39,37,2,0,0.4067937135696411,0.34393560886383057,0.24927063286304474,0.20272435247898102,0.4956452250480652,0.07355710864067078
22147,2,01_Jazz2-110-Bb_comp.jams,264222,3,3,2,2,True,regression,mixed_by_complete_group,129,63,66,0,0.25351107120513916,0.2523200511932373,0.4941689372062683,0.4749273359775543,1.0451292991638184,0.026872307062149048
23932,2,01_Rock1-130-A_comp.jams,215728,3,3,2,2,True,regression,mixed_by_complete_group,102,93,9,0,0.35036516189575195,0.3194712698459625,0.33016353845596313,0.6156556606292725,0.5037332773208618,0.18295666575431824
24090,2,01_Rock1-130-A_comp.jams,621386,3,3,4,4,True,regression,local_rates_favor_regression_for_all_groups,2,0,2,0,0.3306337893009186,0.3799249827861786,0.28944122791290283,0.09375,0.461457222700119,0.46773117780685425
24226,2,01_Rock1-130-A_comp.jams,937112,2,2,3,3,True,regression,local_rates_favor_regression_for_all_groups,59,0,59,0,0.3322432041168213,0.45534828305244446,0.21240849792957306,0.2981991469860077,0.4363909959793091,0.009608954191207886
26280,2,01_Rock2-85-F_comp.jams,296276,3,3,2,2,True,regression,mixed_by_complete_group,125,123,2,0,0.3969097435474396,0.25750496983528137,0.34558531641960144,0.5482500195503235,0.4660272002220154,0.19237759709358215
26395,2,01_Rock2-85-F_comp.jams,545220,3,3,2,2,True,regression,mixed_by_complete_group,92,2,90,0,0.2589503526687622,0.36822453141212463,0.37282511591911316,0.3795855939388275,0.48879528045654297,0.007730960845947266
26903,2,01_Rock2-85-F_comp.jams,1788302,3,3,2,2,True,regression,mixed_by_complete_group,124,118,6,0,0.39579933881759644,0.2723213732242584,0.33187931776046753,0.3510584533214569,0.5576554536819458,0.1667863428592682
26950,2,01_Rock2-85-F_comp.jams,1900234,2,2,3,3,True,regression,local_rates_favor_regression_for_all_groups,4,0,4,0,0.25348395109176636,0.4262828528881073,0.32023319602012634,0.375,0.551575779914856,0.031912416219711304
34051,2,02_Funk1-114-Ab_comp.jams,463911,3,3,2,2,True,regression,mixed_by_complete_group,12,2,10,0,0.3181605339050293,0.39979684352874756,0.2820427119731903,0.2890625,0.4936257302761078,0.06360146403312683
34231,2,02_Funk1-114-Ab_comp.jams,1057169,2,2,3,3,True,regression,mixed_by_complete_group,17,14,3,0,0.36860769987106323,0.2950378358364105,0.33635449409484863,0.18841911852359772,0.5172842741012573,0.011607766151428223
37212,2,02_Jazz1-200-B_comp.jams,101428,3,3,2,2,True,regression,local_rates_favor_correction_for_all_groups,167,167,0,0,0.41953957080841064,0.23211601376533508,0.3483443856239319,0.40082335472106934,0.6676037907600403,0.21358804404735565
37230,2,02_Jazz1-200-B_comp.jams,140655,3,3,3,2,False,regression,mixed_by_complete_group,210,208,2,0,0.3263387084007263,0.21964149177074432,0.4540197551250458,0.4445684552192688,1.1170798540115356,0.01996433734893799
37329,2,02_Jazz1-200-B_comp.jams,410446,2,2,3,3,True,regression,mixed_by_complete_group,44,14,30,0,0.376610666513443,0.3966728150844574,0.2267165333032608,0.11150567978620529,0.6783408522605896,0.20696976780891418
37382,2,02_Jazz1-200-B_comp.jams,530167,3,3,3,2,False,regression,mixed_by_complete_group,151,5,146,0,0.19258223474025726,0.41668421030044556,0.390733540058136,0.523489236831665,0.753654956817627,0.017388969659805298
37426,2,02_Jazz1-200-B_comp.jams,629667,2,2,2,3,False,regression,local_rates_favor_regression_for_all_groups,116,0,116,0,0.225307896733284,0.47981035709381104,0.29488176107406616,0.34509697556495667,0.7241915464401245,0.07007414102554321
37739,2,02_Jazz2-110-Bb_comp.jams,661909,2,2,3,3,True,regression,local_rates_favor_regression_for_all_groups,1,0,1,0,0.30078360438346863,0.31344184279441833,0.38577455282211304,0.140625,0.48777371644973755,0.110269695520401
37793,2,02_Jazz2-110-Bb_comp.jams,820715,4,4,3,3,True,regression,mixed_by_complete_group,101,88,13,0,0.4162914454936981,0.3378499448299408,0.2458585798740387,0.3522586524486542,0.5062047243118286,0.2894645929336548
37981,2,02_Jazz2-110-Bb_comp.jams,1325160,4,4,3,3,True,regression,local_rates_favor_regression_for_all_groups,91,0,91,0,0.2767989933490753,0.4419502019882202,0.28125089406967163,0.39199861884117126,0.5070930123329163,0.24108009040355682
38014,2,02_Jazz2-110-Bb_comp.jams,1432719,3,3,2,2,True,regression,mixed_by_complete_group,7,2,5,0,0.32034850120544434,0.35991352796554565,0.31973797082901,0.390625,0.45000192523002625,0.05429244041442871
38027,2,02_Jazz2-110-Bb_comp.jams,1465510,3,3,2,2,True,regression,local_rates_favor_correction_for_all_groups,123,123,0,0,0.45098841190338135,0.19539515674114227,0.35361647605895996,0.7202743887901306,0.4644289016723633,0.2961927056312561
39833,2,02_Rock1-130-A_comp.jams,32738,2,2,3,3,True,regression,mixed_by_complete_group,85,11,73,1,0.3559366464614868,0.39982303977012634,0.24424029886722565,0.26801469922065735,0.48167145252227783,0.061235398054122925
39915,2,02_Rock1-130-A_comp.jams,305561,2,2,4,4,True,regression,mixed_by_complete_group,76,1,75,0,0.1394082009792328,0.22264990210533142,0.6379418969154358,0.0768914446234703,0.4724685847759247,0.07714693248271942
39946,2,02_Rock1-130-A_comp.jams,379728,3,3,3,2,False,regression,mixed_by_complete_group,200,194,6,0,0.3254305124282837,0.18820585310459137,0.48636364936828613,0.6352343559265137,0.6303696632385254,0.08859696984291077
40001,2,02_Rock1-130-A_comp.jams,540800,3,3,3,4,False,regression,mixed_by_complete_group,34,32,2,0,0.3796621561050415,0.295295774936676,0.3250420093536377,0.0882352963089943,0.4412899613380432,0.03194311261177063
41991,2,02_Rock2-85-F_comp.jams,1805568,3,3,2,2,True,regression,local_rates_favor_correction_for_all_groups,2,2,0,0,0.3541555106639862,0.2510135769844055,0.3948308825492859,0.2265625,0.5013617277145386,0.1644548773765564
48865,2,03_Funk1-114-Ab_comp.jams,428718,3,3,4,4,True,regression,local_rates_favor_correction_for_all_groups,4,4,0,0,0.4279415011405945,0.2918068468570709,0.280251681804657,0.0859375,0.41774535179138184,0.048069924116134644
51793,2,03_Jazz1-200-B_comp.jams,225052,4,4,3,3,True,regression,mixed_by_complete_group,184,62,122,0,0.3716215193271637,0.3608430325984955,0.2675354480743408,0.2849864065647125,0.5235733985900879,0.4158037602901459
51874,2,03_Jazz1-200-B_comp.jams,609201,4,4,2,2,True,regression,local_rates_favor_correction_for_all_groups,172,172,0,0,0.43285679817199707,0.16907157003879547,0.39807164669036865,0.4636628031730652,0.5966386795043945,0.23712636530399323
51978,2,03_Jazz2-110-Bb_comp.jams,64126,3,3,2,2,True,regression,mixed_by_complete_group,110,1,109,0,0.2460121214389801,0.4097231328487396,0.34426477551460266,0.4883522689342499,0.6935010552406311,0.03312227129936218
52009,2,03_Jazz2-110-Bb_comp.jams,190572,3,3,3,2,False,regression,local_rates_favor_regression_for_all_groups,9,0,9,0,0.30487751960754395,0.36243265867233276,0.3326898515224457,0.2517361044883728,0.5517667531967163,0.031380802392959595
52169,2,03_Jazz2-110-Bb_comp.jams,769862,4,4,3,3,True,regression,mixed_by_complete_group,79,18,61,0,0.31223729252815247,0.4495505690574646,0.23821215331554413,0.2917326092720032,0.5244441032409668,0.48745280504226685
52215,2,03_Jazz2-110-Bb_comp.jams,962707,4,4,3,3,True,regression,mixed_by_complete_group,10,1,9,0,0.29582852125167847,0.44210895895957947,0.26206254959106445,0.21406249701976776,0.45187848806381226,0.2766489088535309
52287,2,03_Jazz2-110-Bb_comp.jams,1203651,3,3,2,2,True,regression,mixed_by_complete_group,122,119,3,0,0.3793109655380249,0.326291561126709,0.2943974435329437,0.7815061211585999,0.5109010934829712,0.3045074939727783
52355,2,03_Jazz2-110-Bb_comp.jams,1443845,4,4,3,3,True,regression,local_rates_favor_regression_for_all_groups,1,0,1,0,0.2755475640296936,0.487735778093338,0.2367166429758072,0.453125,0.41941097378730774,0.29364708065986633
53777,2,03_Rock1-130-A_comp.jams,81983,3,3,2,2,True,regression,mixed_by_complete_group,17,3,14,0,0.27281850576400757,0.34583646059036255,0.3813450336456299,0.31525734066963196,0.5022980570793152,0.11771553754806519
53850,2,03_Rock1-130-A_comp.jams,275636,2,2,3,3,True,regression,mixed_by_complete_group,60,1,59,0,0.29871705174446106,0.4575224816799164,0.24376051127910614,0.2880208194255829,0.4937995970249176,0.0010998249053955078
54086,2,03_Rock1-130-A_comp.jams,864601,2,2,3,3,True,regression,mixed_by_complete_group,110,106,4,0,0.3415108621120453,0.2441289722919464,0.41436007618904114,0.3921875059604645,0.5283924341201782,0.1257777214050293
55486,2,03_Rock2-85-F_comp.jams,24148,3,3,2,2,True,regression,local_rates_favor_regression_for_all_groups,49,0,49,0,0.22049616277217865,0.3118918836116791,0.4676119089126587,0.7487244606018066,0.5605009198188782,0.041451096534729004
55628,2,03_Rock2-85-F_comp.jams,496529,3,3,4,4,True,regression,local_rates_favor_regression_for_all_groups,51,0,51,0,0.34330296516418457,0.4835864305496216,0.17311058938503265,0.2800244987010956,0.5281619429588318,0.14085710048675537
55675,2,03_Rock2-85-F_comp.jams,647096,3,3,2,2,True,regression,mixed_by_complete_group,87,86,1,0,0.35479143261909485,0.21549619734287262,0.4297124147415161,0.5662715435028076,0.5789614319801331,0.021675243973731995
55806,2,03_Rock2-85-F_comp.jams,963340,3,3,4,2,True,regression,local_rates_favor_regression_for_all_groups,95,0,95,0,0.20898570120334625,0.3968184292316437,0.39419594407081604,0.3036184310913086,0.49217501282691956,0.07542133331298828
55855,2,03_Rock2-85-F_comp.jams,1088794,4,4,2,2,True,regression,local_rates_favor_regression_for_all_groups,1,0,1,0,0.2017543911933899,0.26023390889167786,0.5380116701126099,0.40625,0.5851778388023376,0.3041645884513855
55863,2,03_Rock2-85-F_comp.jams,1119278,3,3,2,2,True,regression,local_rates_favor_regression_for_all_groups,96,0,96,0,0.32427987456321716,0.4331486225128174,0.24257153272628784,0.3133138120174408,0.5414127707481384,0.25405216217041016
56085,2,03_Rock2-85-F_comp.jams,1792149,2,2,3,3,True,regression,mixed_by_complete_group,20,7,13,0,0.3509894013404846,0.3708129823207855,0.27819767594337463,0.38749998807907104,0.6764494776725769,0.20049406588077545
65581,2,04_Jazz1-200-B_comp.jams,344752,4,4,3,3,True,regression,local_rates_favor_regression_for_all_groups,1,0,1,0,0.1776299625635147,0.6033505797386169,0.21901945769786835,0.328125,0.5720529556274414,0.021217554807662964
65584,2,04_Jazz1-200-B_comp.jams,357637,4,4,2,2,True,regression,mixed_by_complete_group,169,130,38,1,0.3161095082759857,0.22564473748207092,0.45824572443962097,0.287444531917572,0.48371797800064087,0.3698638081550598
66011,2,04_Jazz2-110-Bb_comp.jams,735410,3,3,2,2,True,regression,mixed_by_complete_group,142,10,132,0,0.2943354845046997,0.44988301396369934,0.25578153133392334,0.5366417169570923,0.5401462912559509,0.08498001098632812
66015,2,04_Jazz2-110-Bb_comp.jams,759713,4,4,3,3,True,regression,local_rates_favor_regression_for_all_groups,43,0,43,0,0.3422158360481262,0.4513823390007019,0.20640181005001068,0.3114098906517029,0.5493316054344177,0.0072724223136901855
66074,2,04_Jazz2-110-Bb_comp.jams,1009846,4,4,2,2,True,regression,mixed_by_complete_group,243,228,15,0,0.3970951735973358,0.22211408615112305,0.38079071044921875,0.5177469253540039,0.715624213218689,0.8537664413452148
66111,2,04_Jazz2-110-Bb_comp.jams,1122145,4,4,3,3,True,regression,local_rates_favor_regression_for_all_groups,3,0,3,0,0.21979159116744995,0.5858254432678223,0.19438296556472778,0.5364583134651184,0.6156792044639587,0.016103655099868774
67909,2,04_Rock1-130-A_comp.jams,723557,3,3,2,2,True,regression,mixed_by_complete_group,17,5,12,0,0.31598079204559326,0.3402584493160248,0.34376072883605957,0.31525734066963196,0.6105737090110779,0.13766247034072876
70226,2,04_Rock2-85-F_solo.jams,1308585,2,2,3,3,True,regression,mixed_by_complete_group,171,163,8,0,0.48090723156929016,0.31430619955062866,0.20478658378124237,0.29111841320991516,0.7238417267799377,0.15971273183822632
2289,4,00_Funk2-108-Eb_comp.jams,399617,3,3,2,2,True,regression,mixed_by_complete_group,159,84,75,0,0.3052361011505127,0.2988271415233612,0.3959367573261261,0.3624213933944702,0.8645090460777283,0.5126285552978516
2295,4,00_Funk2-108-Eb_comp.jams,429164,4,4,3,3,True,regression,mixed_by_complete_group,50,47,3,0,0.4040478765964508,0.37724125385284424,0.21871083974838257,0.8837500214576721,0.4988696575164795,0.062339574098587036
2474,4,00_Funk2-108-Eb_comp.jams,928752,3,3,4,4,True,regression,mixed_by_complete_group,100,53,47,0,0.3437829911708832,0.32567843794822693,0.3305385112762451,0.1654687523841858,0.5935959815979004,0.31206777691841125
2490,4,00_Funk2-108-Eb_comp.jams,960643,2,2,3,3,True,regression,local_rates_favor_correction_for_all_groups,11,11,0,0,0.4552505314350128,0.36164572834968567,0.1831037402153015,0.1349431872367859,0.6518364548683167,0.10797238349914551
2606,4,00_Funk2-108-Eb_comp.jams,1280556,4,4,3,3,True,regression,local_rates_favor_regression_for_all_groups,103,0,103,0,0.24670349061489105,0.38990339636802673,0.3633931279182434,0.8475424647331238,0.59049391746521,0.04213365912437439
5091,4,00_Jazz1-130-D_comp.jams,72908,3,3,5,5,True,regression,local_rates_favor_regression_for_all_groups,5,0,5,0,0.1592605859041214,0.2843090891838074,0.5564302802085876,0.06562499701976776,0.6387819051742554,0.22989314794540405
5126,4,00_Jazz1-130-D_comp.jams,181524,3,3,2,2,True,regression,mixed_by_complete_group,124,22,102,0,0.26767101883888245,0.30779922008514404,0.4245297312736511,0.5810231566429138,0.5555729866027832,0.1959153115749359
5183,4,00_Jazz1-130-D_comp.jams,358751,3,3,4,4,True,regression,local_rates_favor_correction_for_all_groups,45,45,0,0,0.4364495873451233,0.193239226937294,0.3703111410140991,0.22083333134651184,0.4594229757785797,0.16330766677856445
5196,4,00_Jazz1-130-D_comp.jams,385973,3,3,4,4,True,regression,mixed_by_complete_group,127,94,31,2,0.38752105832099915,0.2808181643486023,0.33166077733039856,0.22982282936573029,0.5321210622787476,0.43222731351852417
5236,4,00_Jazz1-130-D_comp.jams,479712,3,3,2,2,True,regression,mixed_by_complete_group,20,6,13,1,0.30161064863204956,0.3139263987541199,0.3844629228115082,0.546093761920929,0.7286092042922974,0.20360121130943298
5307,4,00_Jazz1-130-D_comp.jams,734380,4,4,3,2,True,regression,mixed_by_complete_group,64,24,40,0,0.19122359156608582,0.22238746285438538,0.5863889455795288,0.3232421875,0.6762645244598389,0.21595250070095062
5382,4,00_Jazz1-130-D_comp.jams,928205,3,3,3,2,False,regression,mixed_by_complete_group,147,46,101,0,0.2316993623971939,0.28181976079940796,0.48648080229759216,0.34428146481513977,0.6775672435760498,0.08239874243736267
6939,4,00_Jazz3-137-Eb_comp.jams,224202,3,3,2,2,True,regression,mixed_by_complete_group,192,126,65,1,0.29454323649406433,0.2677229940891266,0.4377337694168091,0.3507486879825592,0.6976680159568787,0.5509464740753174
6944,4,00_Jazz3-137-Eb_comp.jams,270128,3,3,3,2,False,regression,mixed_by_complete_group,198,95,103,0,0.27127525210380554,0.2853178083896637,0.4434069097042084,0.35961174964904785,0.5773202180862427,0.04421490430831909
6974,4,00_Jazz3-137-Eb_comp.jams,378887,2,2,3,3,True,regression,mixed_by_complete_group,53,22,31,0,0.3583015203475952,0.3751504719257355,0.2665480971336365,0.26916274428367615,0.8345969319343567,0.4057938754558563
7088,4,00_Jazz3-137-Eb_comp.jams,841521,3,3,2,2,True,regression,local_rates_favor_correction_for_all_groups,2,2,0,0,0.35935795307159424,0.26470106840133667,0.3759409785270691,0.1953125,0.7013673186302185,0.11087968945503235
7158,4,00_Jazz3-137-Eb_comp.jams,1131996,3,3,2,2,True,regression,local_rates_favor_regression_for_all_groups,1,0,1,0,0.2599327564239502,0.3066384494304657,0.4334288239479065,0.296875,0.5697837471961975,0.2750838100910187
8965,4,00_Rock1-90-C#_comp.jams,637185,3,3,2,2,True,regression,local_rates_favor_regression_for_all_groups,153,0,153,0,0.24925191700458527,0.35233867168426514,0.398409366607666,0.41513481736183167,0.6828866600990295,0.02865414321422577
9024,4,00_Rock1-90-C#_comp.jams,781031,3,3,4,4,True,regression,mixed_by_complete_group,39,27,11,1,0.31115397810935974,0.2930262088775635,0.3958197832107544,0.19070513546466827,0.4543527364730835,0.15394434332847595
9032,4,00_Rock1-90-C#_comp.jams,801130,2,2,3,3,True,regression,local_rates_favor_regression_for_all_groups,4,0,4,0,0.23850922286510468,0.31346747279167175,0.4480232894420624,0.55859375,0.611724853515625,0.014917701482772827
9237,4,00_Rock1-90-C#_comp.jams,1255525,3,3,2,2,True,regression,mixed_by_complete_group,181,107,72,2,0.26313185691833496,0.24281230568885803,0.4940558075904846,0.595735490322113,0.7144502401351929,0.32852840423583984
9498,4,00_Rock1-90-C#_solo.jams,572589,2,2,3,3,True,regression,mixed_by_complete_group,127,12,115,0,0.3494654595851898,0.40555518865585327,0.2449793964624405,0.6019930839538574,0.5186261534690857,0.41322600841522217
14215,4,00_SS2-107-Ab_comp.jams,384844,3,3,2,2,True,regression,local_rates_favor_regression_for_all_groups,6,0,6,0,0.2496076375246048,0.38529661297798157,0.36509573459625244,0.1875,0.5207109451293945,0.17124810814857483
14331,4,00_SS2-107-Ab_comp.jams,704730,3,3,2,2,True,regression,local_rates_favor_regression_for_all_groups,95,0,95,0,0.22280463576316833,0.4273283779621124,0.34986695647239685,0.285526305437088,0.5594708323478699,0.05925774574279785
18963,4,01_Funk2-108-Eb_comp.jams,502813,3,3,2,2,True,regression,mixed_by_complete_group,142,23,117,2,0.23016652464866638,0.2582606375217438,0.5115728378295898,0.4215448796749115,1.4076663255691528,0.24373650550842285
19007,4,01_Funk2-108-Eb_comp.jams,766135,2,2,3,3,True,regression,local_rates_favor_correction_for_all_groups,79,79,0,0,0.43678081035614014,0.3170472979545593,0.24617190659046173,0.6354826092720032,0.8069929480552673,0.08946487307548523
19107,4,01_Funk2-108-Eb_comp.jams,1243752,4,4,3,3,True,regression,mixed_by_complete_group,126,70,56,0,0.34936466813087463,0.3448106050491333,0.30582475662231445,0.7285466194152832,0.6544932723045349,0.02038121223449707
19128,4,01_Funk2-108-Eb_comp.jams,1323234,3,3,2,2,True,regression,mixed_by_complete_group,24,3,21,0,0.2853997051715851,0.320919007062912,0.39368128776550293,0.2799479067325592,0.9062606692314148,0.06585881114006042
19170,4,01_Funk2-108-Eb_comp.jams,1519179,3,3,2,2,True,regression,mixed_by_complete_group,71,9,61,1,0.2608491778373718,0.2956823706626892,0.44346851110458374,0.3635563254356384,0.9933093190193176,0.25891000032424927
21529,4,01_Jazz1-130-D_comp.jams,704915,2,2,3,3,True,regression,mixed_by_complete_group,36,32,4,0,0.3684987723827362,0.3129567801952362,0.3185444474220276,0.1627604216337204,0.8926365971565247,0.43666088581085205
21538,4,01_Jazz1-130-D_comp.jams,724421,2,2,3,3,True,regression,local_rates_favor_correction_for_all_groups,3,3,0,0,0.3747576177120209,0.32335126399993896,0.30189117789268494,0.3333333432674408,0.7773194313049316,0.04543796181678772
23160,4,01_Jazz3-137-Eb_comp.jams,386851,2,2,3,3,True,regression,mixed_by_complete_group,85,25,60,0,0.3561996519565582,0.4036366045475006,0.2401636838912964,0.48805147409439087,0.4835187494754791,0.11337390542030334
23169,4,01_Jazz3-137-Eb_comp.jams,443703,3,3,2,2,True,regression,mixed_by_complete_group,95,64,31,0,0.3098815381526947,0.2878625690937042,0.4022558033466339,0.21792763471603394,0.7634685039520264,0.2047107219696045
23181,4,01_Jazz3-137-Eb_comp.jams,494752,2,2,3,3,True,regression,local_rates_favor_correction_for_all_groups,124,124,0,0,0.4796869456768036,0.3159811794757843,0.20433180034160614,0.6512096524238586,0.6427571773529053,0.29712119698524475
23258,4,01_Jazz3-137-Eb_comp.jams,831356,3,3,2,2,True,regression,mixed_by_complete_group,125,3,122,0,0.25357523560523987,0.32273009419441223,0.4236947000026703,0.38862499594688416,0.8894155025482178,0.01889100670814514
24629,4,01_Rock1-90-C#_comp.jams,262573,2,2,3,3,True,regression,mixed_by_complete_group,20,10,10,0,0.3367161452770233,0.33758389949798584,0.32569998502731323,0.17578125,0.5436794757843018,0.5264421105384827
24906,4,01_Rock1-90-C#_comp.jams,851127,4,4,5,5,True,regression,local_rates_favor_correction_for_all_groups,11,11,0,0,0.4098559617996216,0.1875985711812973,0.4025454819202423,0.09801136702299118,0.4683051109313965,0.11896193027496338
24997,4,01_Rock1-90-C#_comp.jams,1058539,3,3,2,2,True,regression,mixed_by_complete_group,43,1,42,0,0.2592337727546692,0.3464655876159668,0.394300639629364,0.4469476640224457,0.5859390497207642,0.18713870644569397
25035,4,01_Rock1-90-C#_comp.jams,1133115,2,2,2,3,False,regression,local_rates_favor_regression_for_all_groups,2,0,2,0,0.26705607771873474,0.46559372544288635,0.2673501968383789,0.328125,0.46054720878601074,0.010055720806121826
25048,4,01_Rock1-90-C#_comp.jams,1160229,3,3,2,2,True,regression,local_rates_favor_regression_for_all_groups,80,0,80,0,0.23376016318798065,0.33370381593704224,0.4325360357761383,0.8023437261581421,0.6576865911483765,0.179166778922081
29665,4,01_SS2-107-Ab_comp.jams,24092,3,3,3,2,False,regression,mixed_by_complete_group,2,1,1,0,0.344483345746994,0.3580833077430725,0.29743334650993347,0.1953125,0.5444290041923523,0.03413340449333191
29680,4,01_SS2-107-Ab_comp.jams,87452,3,3,2,2,True,regression,local_rates_favor_correction_for_all_groups,1,1,0,0,0.3921568691730499,0.26330533623695374,0.3445378243923187,0.140625,0.9283161759376526,0.16764521598815918
29906,4,01_SS2-107-Ab_comp.jams,976721,2,2,3,3,True,regression,local_rates_favor_regression_for_all_groups,24,0,24,0,0.2811625897884369,0.3895282745361328,0.3293091356754303,0.3841145932674408,1.034674048423767,0.3122444152832031
30465,4,01_SS2-107-Ab_solo.jams,1496251,2,2,2,3,False,regression,local_rates_favor_correction_for_all_groups,3,3,0,0,0.409652441740036,0.3184378147125244,0.2719097435474396,0.3125,1.216530442237854,0.01109820045530796
34391,4,02_Funk2-108-Eb_comp.jams,25405,3,3,2,2,True,regression,local_rates_favor_regression_for_all_groups,129,0,129,0,0.20214836299419403,0.3672652244567871,0.43058639764785767,0.5335513353347778,0.917966365814209,0.15744003653526306
34505,4,02_Funk2-108-Eb_comp.jams,410463,2,2,3,3,True,regression,mixed_by_complete_group,127,8,119,0,0.30275171995162964,0.4041292667388916,0.293118953704834,0.4459891617298126,0.6131601929664612,0.4763867259025574
34567,4,02_Funk2-108-Eb_comp.jams,636197,3,3,2,2,True,regression,mixed_by_complete_group,129,88,39,2,0.2964577376842499,0.2545184791088104,0.4490237534046173,0.4639050364494324,0.6098617911338806,0.18626761436462402
34610,4,02_Funk2-108-Eb_comp.jams,821898,3,3,2,2,True,regression,mixed_by_complete_group,142,104,35,3,0.33061009645462036,0.3061602711677551,0.3632296025753021,0.3554137349128723,0.6012762188911438,0.25237756967544556
36755,4,02_Jazz1-130-D_comp.jams,113748,3,3,2,2,True,regression,mixed_by_complete_group,191,76,111,4,0.3204760253429413,0.3393400013446808,0.3401840031147003,0.3916884958744049,0.6342230439186096,0.07170417904853821
36910,4,02_Jazz1-130-D_comp.jams,747145,3,3,2,2,True,regression,local_rates_favor_regression_for_all_groups,47,0,47,0,0.20654575526714325,0.3686876893043518,0.4247664511203766,0.34009307622909546,0.5075974464416504,0.02693501114845276
38608,4,02_Jazz3-137-Eb_comp.jams,32023,2,2,3,3,True,regression,local_rates_favor_correction_for_all_groups,42,42,0,0,0.42478543519973755,0.29043135046958923,0.28478315472602844,0.2369791716337204,0.5467430949211121,0.20236283540725708
38681,4,02_Jazz3-137-Eb_comp.jams,289872,3,3,4,4,True,regression,mixed_by_complete_group,49,41,8,0,0.4313386082649231,0.3157216012477875,0.25293976068496704,0.10363520681858063,0.5132710337638855,0.10780537128448486
38707,4,02_Jazz3-137-Eb_comp.jams,387397,3,3,2,2,True,regression,local_rates_favor_regression_for_all_groups,20,0,20,0,0.21378116309642792,0.4229698181152344,0.3632490038871765,0.22812500596046448,0.5270137786865234,0.013876497745513916
38710,4,02_Jazz3-137-Eb_comp.jams,406762,3,3,2,2,True,regression,mixed_by_complete_group,60,19,41,0,0.2696754038333893,0.35423773527145386,0.37608686089515686,0.3747395873069763,0.5075801610946655,0.04529446363449097
38808,4,02_Jazz3-137-Eb_comp.jams,823179,2,2,3,3,True,regression,mixed_by_complete_group,109,108,1,0,0.39899441599845886,0.30727967619895935,0.29372599720954895,0.1727350950241089,0.6090927124023438,0.45438748598098755
38876,4,02_Jazz3-137-Eb_comp.jams,1023985,3,3,2,2,True,regression,mixed_by_complete_group,4,1,3,0,0.3019050657749176,0.31539055705070496,0.3827044367790222,0.1484375,0.5659373998641968,0.22295436263084412
40457,4,02_Rock1-90-C#_comp.jams,500279,3,3,3,2,False,regression,mixed_by_complete_group,76,3,73,0,0.2567738890647888,0.3648388385772705,0.3783872127532959,0.12129934132099152,0.6013339161872864,0.009431511163711548
40486,4,02_Rock1-90-C#_comp.jams,573379,3,3,2,2,True,regression,mixed_by_complete_group,89,2,87,0,0.24497628211975098,0.3704465329647064,0.3845771253108978,0.11429072916507721,0.5126070380210876,0.06412950158119202
44837,4,02_SS2-107-Ab_comp.jams,372130,3,3,2,2,True,regression,mixed_by_complete_group,168,20,148,0,0.26788756251335144,0.33549314737319946,0.39661934971809387,0.4090401828289032,0.5182809233665466,0.10588061809539795
44940,4,02_SS2-107-Ab_comp.jams,706577,3,3,4,4,True,regression,mixed_by_complete_group,25,9,16,0,0.3205404579639435,0.3502071499824524,0.3292523920536041,0.039374999701976776,0.5374208688735962,0.19483131170272827
49212,4,03_Funk2-108-Eb_comp.jams,134367,2,2,3,3,True,regression,mixed_by_complete_group,9,3,6,0,0.3501397967338562,0.384920597076416,0.2649396061897278,0.4513888955116272,0.7878959774971008,0.22162678837776184
49217,4,03_Funk2-108-Eb_comp.jams,146603,3,3,4,5,True,regression,mixed_by_complete_group,34,1,26,7,0.1746690273284912,0.3236115276813507,0.5017194151878357,0.0234375,0.5055948495864868,0.033019185066223145
49237,4,03_Funk2-108-Eb_comp.jams,244268,3,3,5,5,True,regression,local_rates_favor_regression_for_all_groups,53,0,52,1,0.19486373662948608,0.40750566124916077,0.39763063192367554,0.040978774428367615,0.481624960899353,0.2796192169189453
49270,4,03_Funk2-108-Eb_comp.jams,392738,4,4,3,3,True,regression,mixed_by_complete_group,8,2,6,0,0.35124534368515015,0.3909926414489746,0.25776198506355286,0.478515625,0.6635617613792419,0.24109196662902832
49328,4,03_Funk2-108-Eb_comp.jams,624953,3,3,2,2,True,regression,local_rates_favor_regression_for_all_groups,1,0,1,0,0.24535809457302094,0.4350132644176483,0.31962865591049194,0.375,0.6028916239738464,0.025290489196777344
49364,4,03_Funk2-108-Eb_comp.jams,759691,4,4,3,3,True,regression,mixed_by_complete_group,152,116,36,0,0.38324496150016785,0.33797353506088257,0.2787815034389496,0.6903783082962036,0.6113476753234863,0.11227768659591675
49386,4,03_Funk2-108-Eb_comp.jams,833364,3,3,2,2,True,regression,mixed_by_complete_group,121,120,1,0,0.35857704281806946,0.20832881331443787,0.4330941438674927,0.37551653385162354,0.6198058724403381,0.11590638756752014
49441,4,03_Funk2-108-Eb_comp.jams,1049361,3,3,2,2,True,regression,mixed_by_complete_group,57,33,24,0,0.36378204822540283,0.36709874868392944,0.26911914348602295,0.1458333283662796,0.5179157257080078,0.31678783893585205
49481,4,03_Funk2-108-Eb_comp.jams,1212521,3,3,2,2,True,regression,local_rates_favor_correction_for_all_groups,1,1,0,0,0.3795555531978607,0.25288888812065125,0.36755555868148804,0.125,0.5086182951927185,0.021578729152679443
49509,4,03_Funk2-108-Eb_comp.jams,1310977,3,3,2,2,True,regression,mixed_by_complete_group,143,134,8,1,0.301193505525589,0.21663150191307068,0.4821750521659851,0.4138985872268677,0.7158250212669373,0.22523429989814758
49542,4,03_Funk2-108-Eb_comp.jams,1423915,3,3,2,2,True,regression,mixed_by_complete_group,174,32,142,0,0.23825332522392273,0.28502655029296875,0.4767201840877533,0.434177428483963,0.6655285954475403,0.2913871705532074
49546,4,03_Funk2-108-Eb_comp.jams,1444916,3,3,2,2,True,regression,mixed_by_complete_group,53,2,51,0,0.25610026717185974,0.3531295359134674,0.39077019691467285,0.44221699237823486,0.7100585103034973,0.13904350996017456
51544,4,03_Jazz1-130-D_comp.jams,589303,3,3,2,2,True,regression,mixed_by_complete_group,78,64,14,0,0.39902791380882263,0.3269488215446472,0.27402326464653015,0.1508413404226303,0.4989684522151947,0.18852686882019043
53095,4,03_Jazz3-137-Eb_comp.jams,706192,3,3,2,2,True,regression,local_rates_favor_correction_for_all_groups,1,1,0,0,0.25224071741104126,0.23226632177829742,0.5154929757118225,0.15625,1.0435436964035034,0.22070030868053436
54254,4,03_Rock1-90-C#_comp.jams,26267,2,2,2,3,False,regression,mixed_by_complete_group,54,48,6,0,0.40843626856803894,0.3363545835018158,0.25520917773246765,0.40567129850387573,0.5470682978630066,0.04715263843536377
54441,4,03_Rock1-90-C#_comp.jams,500238,3,3,4,4,True,regression,mixed_by_complete_group,134,119,13,2,0.3935023248195648,0.25607356429100037,0.3504241406917572,0.21058768033981323,0.5020778775215149,0.2998924255371094
54472,4,03_Rock1-90-C#_comp.jams,573525,3,3,2,2,True,regression,local_rates_favor_correction_for_all_groups,23,23,0,0,0.4136618673801422,0.3110308051109314,0.27530738711357117,0.24388587474822998,0.5215004682540894,0.4511057734489441
54572,4,03_Rock1-90-C#_comp.jams,808344,3,3,3,4,False,regression,mixed_by_complete_group,4,1,3,0,0.30822890996932983,0.3344675898551941,0.3573035001754761,0.09375,0.5164137482643127,0.012218356132507324
54619,4,03_Rock1-90-C#_comp.jams,925439,2,2,3,3,True,regression,local_rates_favor_regression_for_all_groups,2,0,2,0,0.24184340238571167,0.4153611958026886,0.34279540181159973,0.234375,0.9729926586151123,0.28572672605514526
54623,4,03_Rock1-90-C#_comp.jams,940945,2,2,3,3,True,regression,mixed_by_complete_group,127,123,4,0,0.44849222898483276,0.3523888885974884,0.19911886751651764,0.4958169162273407,0.5384085774421692,0.08849367499351501
54634,4,03_Rock1-90-C#_comp.jams,970414,2,2,3,3,True,regression,local_rates_favor_regression_for_all_groups,9,0,9,0,0.32547593116760254,0.3791298568248749,0.2953941822052002,0.484375,0.5816531777381897,0.3963147699832916
54648,4,03_Rock1-90-C#_comp.jams,1000075,2,2,2,3,False,regression,mixed_by_complete_group,62,2,60,0,0.27045542001724243,0.332762211561203,0.39678242802619934,0.4541330635547638,0.5012207627296448,0.061556071043014526
54654,4,03_Rock1-90-C#_comp.jams,1015338,3,3,4,4,True,regression,mixed_by_complete_group,123,120,3,0,0.3798254430294037,0.2539519667625427,0.366222620010376,0.21519309282302856,0.46136900782585144,0.49144217371940613
54663,4,03_Rock1-90-C#_comp.jams,1045453,2,2,3,3,True,regression,local_rates_favor_correction_for_all_groups,127,127,0,0,0.4883880019187927,0.2943038046360016,0.21730820834636688,0.5884596705436707,0.5510764718055725,0.11322826147079468
54730,4,03_Rock1-90-C#_comp.jams,1204721,3,3,3,2,False,regression,mixed_by_complete_group,37,30,6,1,0.27835801243782043,0.2492763102054596,0.4723656177520752,0.08530405163764954,0.4992986023426056,0.12597334384918213
58392,4,03_SS2-107-Ab_comp.jams,110290,3,3,2,2,True,regression,mixed_by_complete_group,136,135,1,0,0.38767707347869873,0.2575167715549469,0.35480618476867676,0.38488051295280457,0.6244785189628601,0.6136297583580017
58410,4,03_SS2-107-Ab_comp.jams,148966,3,3,4,4,True,regression,local_rates_favor_correction_for_all_groups,16,16,0,0,0.3926489055156708,0.25000742077827454,0.3573437035083771,0.2294921875,0.4776396155357361,0.11050198972225189
58436,4,03_SS2-107-Ab_comp.jams,210221,3,3,2,2,True,regression,local_rates_favor_correction_for_all_groups,91,91,0,0,0.35500848293304443,0.2089240700006485,0.43606746196746826,0.38925138115882874,0.5456933379173279,0.16971558332443237
58497,4,03_SS2-107-Ab_comp.jams,364913,3,3,2,2,True,regression,mixed_by_complete_group,10,7,3,0,0.3750039041042328,0.3365913927555084,0.2884047031402588,0.20156249403953552,0.5955888032913208,0.21571430563926697
58616,4,03_SS2-107-Ab_comp.jams,680400,3,3,2,2,True,regression,mixed_by_complete_group,14,6,8,0,0.2884669601917267,0.2904803454875946,0.4210526943206787,0.7354910969734192,0.9065302610397339,0.04929134249687195
58649,4,03_SS2-107-Ab_comp.jams,804204,3,3,4,4,True,regression,local_rates_favor_correction_for_all_groups,21,21,0,0,0.3927139937877655,0.2869037985801697,0.32038217782974243,0.1636904776096344,0.5048958659172058,0.19443893432617188
58684,4,03_SS2-107-Ab_comp.jams,902852,3,3,2,2,True,regression,mixed_by_complete_group,113,111,2,0,0.3519516885280609,0.27397337555885315,0.37407490611076355,0.40970686078071594,0.5370672941207886,0.25429534912109375
58738,4,03_SS2-107-Ab_comp.jams,1038523,2,2,3,3,True,regression,mixed_by_complete_group,22,14,8,0,0.34942951798439026,0.31650957465171814,0.3340608775615692,0.3657670319080353,0.6841175556182861,0.19492042064666748
58784,4,03_SS2-107-Ab_comp.jams,1156774,3,3,4,4,True,regression,local_rates_favor_correction_for_all_groups,23,23,0,0,0.425444096326828,0.21863782405853271,0.35591810941696167,0.3023097813129425,0.6327035427093506,0.20771163702011108
58814,4,03_SS2-107-Ab_comp.jams,1236913,2,2,3,3,True,regression,mixed_by_complete_group,56,54,2,0,0.43458494544029236,0.32455334067344666,0.2408616840839386,0.4773995578289032,0.7006558775901794,0.33774253726005554
58829,4,03_SS2-107-Ab_comp.jams,1299342,4,4,3,3,True,regression,mixed_by_complete_group,162,103,58,1,0.3411025404930115,0.3182219862937927,0.3406754434108734,0.6774691343307495,0.49072137475013733,0.14376512169837952
58881,4,03_SS2-107-Ab_comp.jams,1435066,3,3,2,2,True,regression,mixed_by_complete_group,146,136,9,1,0.30121910572052,0.18919681012630463,0.5095841288566589,0.46607449650764465,0.5472193956375122,0.2718660235404968
58889,4,03_SS2-107-Ab_comp.jams,1454454,3,3,2,2,True,regression,mixed_by_complete_group,2,1,1,0,0.30687907338142395,0.2605133354663849,0.43260759115219116,0.3125,0.5661924481391907,0.2290019541978836
62614,4,04_Funk2-108-Eb_comp.jams,178859,2,2,3,3,True,regression,mixed_by_complete_group,164,57,104,3,0.33316490054130554,0.3710191547870636,0.29581594467163086,0.28763338923454285,1.1954182386398315,0.6410630345344543
62639,4,04_Funk2-108-Eb_comp.jams,276297,2,2,3,3,True,regression,mixed_by_complete_group,47,1,46,0,0.35846611857414246,0.41159138083457947,0.22994250059127808,0.5039893388748169,0.7515256404876709,0.5212056636810303
62646,4,04_Funk2-108-Eb_comp.jams,313704,2,2,3,3,True,regression,local_rates_favor_regression_for_all_groups,118,0,118,0,0.23312470316886902,0.39343687891960144,0.37343841791152954,0.25582626461982727,0.7896406054496765,0.21867969632148743
62687,4,04_Funk2-108-Eb_comp.jams,489998,3,3,4,4,True,regression,local_rates_favor_regression_for_all_groups,1,0,1,0,0.095238097012043,0.37830686569213867,0.5264550447463989,0.09375,0.5468525290489197,0.039647698402404785
62845,4,04_Funk2-108-Eb_comp.jams,1025515,3,3,4,4,True,regression,local_rates_favor_correction_for_all_groups,1,1,0,0,0.40379810333251953,0.2598700523376465,0.336331844329834,0.265625,0.5996609330177307,0.20204085111618042
65267,4,04_Jazz1-130-D_comp.jams,630105,4,4,3,3,True,regression,mixed_by_complete_group,126,25,100,1,0.32318899035453796,0.36657997965812683,0.31023091077804565,0.4694940447807312,0.6943471431732178,0.08974695205688477
65332,4,04_Jazz1-130-D_comp.jams,813471,3,3,2,2,True,regression,mixed_by_complete_group,125,44,81,0,0.27536284923553467,0.33246445655822754,0.3921726644039154,0.31025001406669617,0.5857530236244202,0.16658061742782593
66693,4,04_Jazz3-137-Eb_comp.jams,29916,4,4,3,3,True,regression,mixed_by_complete_group,104,8,96,0,0.34041085839271545,0.3889768719673157,0.27061226963996887,0.7071815133094788,0.5901283621788025,0.21380934119224548
66701,4,04_Jazz3-137-Eb_comp.jams,50281,4,4,2,2,True,regression,local_rates_favor_correction_for_all_groups,26,26,0,0,0.30379602313041687,0.20291396975517273,0.4932900071144104,0.1484375,0.6686522364616394,0.08554714918136597
66771,4,04_Jazz3-137-Eb_comp.jams,339408,4,4,3,3,True,regression,local_rates_favor_correction_for_all_groups,108,108,0,0,0.42922472953796387,0.3187463879585266,0.2520288825035095,0.6701388955116272,0.5159111618995667,0.0891265869140625
66788,4,04_Jazz3-137-Eb_comp.jams,395660,4,4,3,3,True,regression,mixed_by_complete_group,64,6,58,0,0.3082985281944275,0.37542781233787537,0.31627365946769714,0.52587890625,0.697260320186615,0.3452458679676056
66797,4,04_Jazz3-137-Eb_comp.jams,423714,3,3,2,2,True,regression,mixed_by_complete_group,37,1,36,0,0.2839668095111847,0.4164794385433197,0.2995537221431732,0.25633445382118225,0.5097233653068542,0.11499461531639099
66801,4,04_Jazz3-137-Eb_comp.jams,442604,4,4,4,3,False,regression,local_rates_favor_regression_for_all_groups,79,0,79,0,0.28082311153411865,0.40986400842666626,0.30931276082992554,0.4564873278141022,0.7019013166427612,0.03806346654891968
66825,4,04_Jazz3-137-Eb_comp.jams,532521,3,3,3,4,False,regression,local_rates_favor_regression_for_all_groups,28,0,28,0,0.2307882010936737,0.3635875880718231,0.4056241810321808,0.0647321417927742,0.4708035886287689,0.042856574058532715
66880,4,04_Jazz3-137-Eb_comp.jams,714673,3,3,3,2,False,regression,local_rates_favor_regression_for_all_groups,5,0,5,0,0.15305866301059723,0.5938163995742798,0.2531249523162842,0.2874999940395355,0.5472639203071594,0.041592419147491455
66945,4,04_Jazz3-137-Eb_comp.jams,920690,4,4,2,3,True,regression,local_rates_favor_regression_for_all_groups,1,0,1,0,0.27253955602645874,0.40070298314094543,0.3267574608325958,0.4375,0.6311175227165222,0.24269486963748932
66988,4,04_Jazz3-137-Eb_comp.jams,1056199,3,3,2,2,True,regression,mixed_by_complete_group,125,71,52,2,0.3244687616825104,0.2995758354663849,0.37595537304878235,0.23912499845027924,0.827343225479126,0.24243679642677307
67012,4,04_Jazz3-137-Eb_comp.jams,1159060,4,4,3,3,True,regression,local_rates_favor_correction_for_all_groups,121,121,0,0,0.4579516649246216,0.28151068091392517,0.26053762435913086,0.7542613744735718,0.5823112726211548,0.05551597476005554
68142,4,04_Rock1-90-C#_comp.jams,1945,3,3,4,4,True,regression,local_rates_favor_regression_for_all_groups,5,0,5,0,0.27921080589294434,0.3985298275947571,0.3222593665122986,0.13437500596046448,0.5310473442077637,0.006973594427108765
68175,4,04_Rock1-90-C#_comp.jams,102159,3,3,2,2,True,regression,mixed_by_complete_group,24,17,7,0,0.32459762692451477,0.24431204795837402,0.4310903251171112,0.0611979179084301,0.5525889992713928,0.1546148657798767
68239,4,04_Rock1-90-C#_comp.jams,294626,3,3,4,4,True,regression,mixed_by_complete_group,12,3,9,0,0.3502163589000702,0.36747345328330994,0.2823101878166199,0.1471354216337204,0.48258641362190247,0.016926884651184082
68254,4,04_Rock1-90-C#_comp.jams,338972,3,3,2,2,True,regression,mixed_by_complete_group,90,4,86,0,0.24561890959739685,0.34930989146232605,0.4050712287425995,0.15381944179534912,0.5148844122886658,0.07192111015319824
68337,4,04_Rock1-90-C#_comp.jams,557210,3,3,4,2,True,regression,local_rates_favor_regression_for_all_groups,5,0,5,0,0.2539052963256836,0.3058341145515442,0.44026055932044983,0.3968749940395355,0.5838573575019836,0.12052194774150848
68446,4,04_Rock1-90-C#_comp.jams,851769,3,3,4,4,True,regression,local_rates_favor_correction_for_all_groups,12,12,0,0,0.44432106614112854,0.29399558901786804,0.26168331503868103,0.2916666567325592,0.41639187932014465,0.023629814386367798
68494,4,04_Rock1-90-C#_comp.jams,970087,3,3,2,2,True,regression,mixed_by_complete_group,124,122,2,0,0.3625449538230896,0.1992167830467224,0.438238263130188,0.36391130089759827,0.5437178611755371,0.296003133058548
68649,4,04_Rock1-90-C#_comp.jams,1336158,3,3,4,4,True,regression,mixed_by_complete_group,57,56,1,0,0.44105401635169983,0.2587556838989258,0.300190269947052,0.16474780440330505,0.5564221739768982,0.08798588812351227
72475,4,04_SS2-107-Ab_comp.jams,346513,2,2,2,3,False,regression,local_rates_favor_regression_for_all_groups,80,0,80,0,0.2517715096473694,0.37068530917167664,0.37754321098327637,0.5248047113418579,0.4347321391105652,0.03531754016876221
72687,4,04_SS2-107-Ab_comp.jams,1040218,2,2,2,3,False,regression,local_rates_favor_regression_for_all_groups,7,0,7,0,0.21937741339206696,0.3616950213909149,0.4189275801181793,0.1875,0.5199408531188965,0.03630754351615906
72794,4,04_SS2-107-Ab_comp.jams,1435867,2,2,3,3,True,regression,mixed_by_complete_group,141,53,87,1,0.3514004349708557,0.36796820163726807,0.2806313633918762,0.48902925848960876,0.4592392146587372,0.27482160925865173
