global_index,recording_id,start_sample,time_s,fold,true_K,baseline_K,control_K,extended_K,S8_alone_K,regression_status,selected_destination_available_in_old_catalogue,selected_gain,selected_correction_probability,reference_correct_probability,control_reference_correct_probability,control_score_for_same_destination,global_history_gain,local_history_gain_unused
66074,04_Jazz2-110-Bb_comp.jams,1009846,22.899002267573696,2,4,4,2,2,2,persistent,True,0.8954336866736412,0.945466935634613,0.05003324896097183,0.050285033881664276,0.8830484226346016,0.14183480847519614,0.1749810269830649
43268,02_Rock3-148-C_comp.jams,703355,15.949092970521543,0,3,3,2,2,2,persistent,True,0.8626146223396063,0.8883237838745117,0.025709161534905434,0.03188879415392876,0.5689213760197163,0.094351075653337,0.31021155658950156
61700,04_BN3-154-E_comp.jams,59914,1.35859410430839,1,4,4,3,3,3,persistent,True,0.7704642750322819,0.8297998905181885,0.0593356154859066,0.051358412951231,0.04313189163804054,0.053152981926413156,0.03157949447631836
9868,00_Rock2-142-D_comp.jams,570756,12.942312925170068,0,4,4,3,3,5,persistent,True,0.7425146475434303,0.7916340827941895,0.049119435250759125,0.056476883590221405,0.32024354487657547,-0.0947386622428894,0.10560129086176553
43111,02_Rock3-148-C_comp.jams,354487,8.038253968253969,0,3,3,2,2,2,persistent,True,0.7342739701271057,0.835936427116394,0.10166245698928833,0.07685545831918716,0.7441792711615562,0.0947856726469817,0.2942477155614782
71250,04_Rock3-148-C_comp.jams,903518,20.487936507936507,0,4,4,5,5,5,persistent,True,0.697241023182869,0.7926296591758728,0.09538863599300385,0.11168496310710907,0.7328973561525345,0.2296502995041181,0.3283323611853257
12360,00_Rock3-148-C_comp.jams,198690,4.505442176870749,0,3,3,2,2,2,persistent,True,0.6800943836569786,0.7486133575439453,0.0685189738869667,0.06217872351408005,0.6412036493420601,0.09187390315482805,0.16647702779729995
18405,01_Funk1-114-Ab_comp.jams,307490,6.972562358276644,2,3,3,2,2,3,persistent,True,0.6705093234777451,0.7651297450065613,0.09462042152881622,0.09997701644897461,0.023983046412467957,0.0681514018290752,0.056982380635029584
18377,01_Funk1-114-Ab_comp.jams,180949,4.103151927437642,2,3,3,2,2,2,persistent,True,0.6562588512897491,0.7991343140602112,0.14287546277046204,0.16333021223545074,0.6673202365636826,0.08645782830580223,0.2716657890463775
18355,01_Funk1-114-Ab_comp.jams,87774,1.9903401360544217,2,3,3,2,2,2,persistent,True,0.6519259661436081,0.8026152849197388,0.15068931877613068,0.17646625638008118,0.6439250409603119,0.08040160718171491,0.2745831945668096
58392,03_SS2-107-Ab_comp.jams,110290,2.500907029478458,4,3,3,2,2,2,persistent,True,0.6486763209104538,0.7660884857177734,0.11741216480731964,0.10969969630241394,0.6430587470531464,0.01296854019165039,0.13016033172607422
12687,00_Rock3-148-C_comp.jams,917684,20.809160997732427,0,3,3,2,2,2,persistent,True,0.6389433965086937,0.7331011295318604,0.09415773302316666,0.09411685913801193,0.4766942337155342,0.09228110062448602,0.1832806838186164
1288,00_BN3-154-E_comp.jams,1023886,23.21736961451247,1,4,4,3,3,3,persistent,True,0.6356497704982758,0.7766630053520203,0.1410132348537445,0.1634337306022644,0.45557844638824463,0.10043933174826886,0.15296613086353644
12331,00_Rock3-148-C_comp.jams,135205,3.065873015873016,0,3,3,2,2,3,persistent,True,0.614741675555706,0.7123567461967468,0.0976150706410408,0.1097438633441925,0.6741272509098053,0.09078285253443422,0.16692923595555023
13996,00_SS1-68-E_solo.jams,1595875,36.18764172335601,0,3,3,2,2,3,persistent,True,0.6108779013156891,0.7096707820892334,0.09879288077354431,0.0909680426120758,0.20105043053627014,0.09485148508614358,0.16049409568856615
60066,03_SS3-98-C_comp.jams,143628,3.2568707482993196,1,3,3,2,2,3,persistent,True,0.6102898716926575,0.7800793051719666,0.16978943347930908,0.17770668864250183,0.6269185245037079,-0.017016872917253956,-0.002089018674240939
31454,01_SS3-98-C_comp.jams,170122,3.857641723356009,1,2,2,4,4,2,persistent,True,0.5968104898929596,0.7282195091247559,0.13140901923179626,0.12606766819953918,0.49222317337989807,-0.10133910179138184,0.029299035668373108
69195,04_Rock2-142-D_comp.jams,941891,21.358072562358277,0,4,4,3,3,3,persistent,True,0.5912723541259766,0.7512516975402832,0.15997934341430664,0.12329010665416718,0.5183217078447342,-0.05434096943248401,0.050266757155909725
48014,03_BN2-166-Ab_comp.jams,200262,4.541088435374149,0,4,4,2,2,2,persistent,True,0.5850200057029724,0.715791642665863,0.13077163696289062,0.13819429278373718,0.573153167963028,0.08109577013098673,-0.025444279546323056
47992,03_BN2-166-Ab_comp.jams,72224,1.6377324263038548,0,4,4,2,2,2,persistent,True,0.5769280940294266,0.6589922904968262,0.0820641964673996,0.08564158529043198,0.8074588552117348,0.08878258913142201,0.026605818006727427
62639,04_Funk2-108-Eb_comp.jams,276297,6.265238095238095,4,2,2,3,3,2,persistent,True,0.5746561586856842,0.7708165049552917,0.19616034626960754,0.2106207013130188,0.08404472470283508,-0.04253561953280832,-0.053125259724069174
1072,00_BN3-154-E_comp.jams,319562,7.246303854875284,1,3,3,2,2,2,persistent,True,0.5702256560325623,0.7001028656959534,0.1298772096633911,0.15828686952590942,0.4282839894294739,0.016848824240944582,0.05803044637044269
12362,00_Rock3-148-C_comp.jams,203498,4.614467120181406,0,4,4,3,3,3,persistent,True,0.5550542995333672,0.6167812347412109,0.06172693520784378,0.0610010027885437,0.1807251274585724,-0.027538522497400075,0.24538774614210254
32155,01_SS3-98-C_comp.jams,1709475,38.76360544217687,1,3,3,2,2,3,persistent,True,0.550095945596695,0.7270224094390869,0.17692646384239197,0.1893090158700943,0.3623497933149338,-0.009228902704575492,0.1298509625827565
6939,00_Jazz3-137-Eb_comp.jams,224202,5.083945578231292,4,3,3,2,2,2,persistent,True,0.5433153063058853,0.7532210946083069,0.20990578830242157,0.20663927495479584,0.47501178085803986,0.013866484165191678,0.026820242404937744
67326,04_Jazz3-150-C_comp.jams,577112,13.086439909297052,0,3,3,2,2,3,persistent,True,0.543016105890274,0.7239039540290833,0.1808878481388092,0.2278582751750946,0.15342897176742554,0.0756911787875863,0.03369737965191982
23594,01_Jazz3-150-C_comp.jams,476496,10.804897959183673,0,3,3,2,2,3,persistent,True,0.5334945023059845,0.6278890371322632,0.09439453482627869,0.09442704916000366,0.5746280550956726,0.07389742785161083,0.022032048442576196
46591,02_SS3-98-C_comp.jams,81257,1.842562358276644,1,3,3,4,4,4,persistent,True,0.5321120917797089,0.7069900035858154,0.17487791180610657,0.17804698646068573,0.09505017101764679,0.07898515368264819,-0.0450113690088666
4127,00_Funk3-112-C#_comp.jams,1399611,31.737210884353743,1,4,4,3,3,3,persistent,True,0.5268645733594894,0.63702392578125,0.11015935242176056,0.08573006093502045,0.25848425924777985,0.10624687078640549,0.1626154323519789
54654,03_Rock1-90-C#_comp.jams,1015338,23.023537414965986,4,3,3,4,4,4,persistent,True,0.518393412232399,0.7197562456130981,0.20136283338069916,0.2145330160856247,0.43731577694416046,0.010508839677019821,0.12587351915312978
69168,04_Rock2-142-D_comp.jams,867266,19.66589569160998,0,4,4,3,5,5,persistent,False,0.5156711637973785,0.7174198031425476,0.20174863934516907,0.26553022861480713,-0.26553022861480713,0.21659854150587513,0.24659181410266512
2289,00_Funk2-108-Eb_comp.jams,399617,9.061609977324263,4,3,3,2,2,2,persistent,True,0.5127653181552887,0.7481423020362854,0.2353769838809967,0.21866139769554138,0.5463168919086456,0.008511141411163492,0.00640897930793044
11149,00_Rock2-85-F_comp.jams,1742720,39.51746031746032,2,3,3,2,2,2,persistent,True,0.5032481402158737,0.7078627347946167,0.20461459457874298,0.24549949169158936,0.35493165254592896,0.07559572481641583,0.10852916567933327
18359,01_Funk1-114-Ab_comp.jams,104859,2.3777551020408163,2,3,3,4,2,2,persistent,True,0.4999692887067795,0.7162584066390991,0.21628911793231964,0.23493562638759613,0.13860534131526947,0.08241262890043713,0.024442709059942336
63735,04_Funk2-119-G_solo.jams,1116485,25.317120181405894,1,2,2,2,3,2,new,True,0.4974546581506729,0.7154340147972107,0.21797935664653778,0.1889636516571045,-0.14862735196948051,-0.12700730562210083,-0.2209634929895401
62614,04_Funk2-108-Eb_comp.jams,178859,4.055759637188209,4,2,2,3,3,3,persistent,True,0.4875610023736954,0.6534251570701599,0.16586415469646454,0.1989772617816925,0.38383379578590393,0.0015788427213343503,-0.03785419464111328
52169,03_Jazz2-110-Bb_comp.jams,769862,17.45718820861678,2,4,4,3,3,2,persistent,True,0.4805406928062439,0.7040774822235107,0.22353678941726685,0.2351880818605423,0.4296696037054062,-0.04821178581141222,-0.1373132633257516
66945,04_Jazz3-137-Eb_comp.jams,920690,20.87732426303855,4,4,4,2,2,2,persistent,True,0.4760530889034271,0.634758710861206,0.15870562195777893,0.14145280420780182,0.2831936329603195,0.12399610176613801,0.23676503968128962
18590,01_Funk1-114-Ab_comp.jams,1044881,23.69344671201814,2,2,2,3,3,2,persistent,True,0.470415323972702,0.7339361310005188,0.2635208070278168,0.2522067129611969,0.48258861899375916,-0.043300503590067874,-0.03852963056720671
47123,02_SS3-98-C_comp.jams,1444022,32.74426303854875,1,3,3,4,4,4,persistent,True,0.46863599121570587,0.635702908039093,0.16706691682338715,0.1714010089635849,0.16918577253818512,0.07898515368264819,-0.02734347752162386
23629,01_Jazz3-150-C_comp.jams,687803,15.596439909297052,0,2,2,3,3,2,persistent,True,0.46592874825000763,0.6968618035316467,0.2309330552816391,0.2031145542860031,0.2269299477338791,-0.008026487687054829,-0.056965407203225515
13642,00_SS1-68-E_solo.jams,235725,5.345238095238095,0,2,2,3,3,2,persistent,True,0.4657898098230362,0.6942723989486694,0.22848258912563324,0.1989447921514511,0.4578954130411148,-0.07441860437393188,0.03953486680984497
24629,01_Rock1-90-C#_comp.jams,262573,5.954036281179138,4,2,2,4,3,2,persistent,True,0.46005024015903473,0.5972341299057007,0.13718388974666595,0.15006256103515625,-0.007728710770606995,-0.006287693977355957,-0.0008677482604980136
5196,00_Jazz1-130-D_comp.jams,385973,8.752222222222223,4,3,3,4,4,4,persistent,True,0.45793038606643677,0.668975830078125,0.21104544401168823,0.22945377230644226,0.5096315443515778,0.007824214424673959,0.10670278954693652
12494,00_Rock3-148-C_comp.jams,487214,11.047936507936507,0,4,4,2,3,3,persistent,False,0.4566536033526063,0.4696952700614929,0.013041666708886623,0.012380391359329224,-0.012380391359329224,0.002512514591217041,0.12359780073165894
54634,03_Rock1-90-C#_comp.jams,970414,22.00485260770975,4,2,2,3,3,2,persistent,True,0.45400066673755646,0.7014695405960083,0.24746887385845184,0.26704728603363037,0.2719956636428833,-0.05773713853624135,-0.05365392896864146
13698,00_SS1-68-E_solo.jams,470155,10.661111111111111,0,2,2,3,3,3,persistent,True,0.4496197998523712,0.6903373003005981,0.24071750044822693,0.23429542779922485,0.42345333099365234,-0.02038362991711329,0.03550067617873515
12499,00_Rock3-148-C_comp.jams,497208,11.274557823129252,0,3,3,2,2,3,persistent,True,0.4475117102265358,0.5266463756561279,0.07913466542959213,0.10603687912225723,0.11473067849874496,0.0703609017764821,0.21228022855870865
68850,04_Rock2-142-D_comp.jams,47905,1.086281179138322,0,4,4,5,5,5,persistent,True,0.44651301205158234,0.6519679427146912,0.20545493066310883,0.23108315467834473,0.3770551085472107,0.2412855270061087,0.31269822222121213
18381,01_Funk1-114-Ab_comp.jams,198153,4.493265306122449,2,3,3,2,2,3,persistent,True,0.44509121775627136,0.5387018322944641,0.09361061453819275,0.10813819617033005,0.7072342112660408,0.0771558752887325,0.03477269002836045
3212,00_Funk2-119-G_comp.jams,855653,19.402562358276644,1,3,3,2,2,2,persistent,True,0.4418625086545944,0.6863915920257568,0.24452908337116241,0.2491476982831955,0.40466053783893585,0.021732775964469542,0.11610114908664021
9498,00_Rock1-90-C#_solo.jams,572589,12.983877551020408,4,2,2,3,3,3,persistent,True,0.4346686452627182,0.6830223202705383,0.24835367500782013,0.223540261387825,0.5054626315832138,-0.02718803826279531,-0.0560896565595011
57267,03_Rock3-148-C_comp.jams,929638,21.080226757369616,0,3,3,2,2,2,persistent,True,0.42439913749694824,0.5896868705749512,0.16528773307800293,0.2072942852973938,0.26570215821266174,0.07746546055243267,0.10695545847822985
60185,03_SS3-98-C_comp.jams,413708,9.381133786848073,1,2,2,2,4,4,new,False,0.41900860518217087,0.519849419593811,0.10084081441164017,0.1570073515176773,-0.1570073515176773,0.13098367452621457,0.09972326755523683
65584,04_Jazz1-200-B_comp.jams,357637,8.10968253968254,2,4,4,2,2,2,persistent,True,0.4189055562019348,0.5815591812133789,0.1626536250114441,0.16108368337154388,0.6158300191164017,0.11209840040940505,0.0904649362056213
18482,01_Funk1-114-Ab_comp.jams,603762,13.690748299319727,2,3,3,4,4,4,persistent,True,0.4185408651828766,0.636233925819397,0.21769306063652039,0.25318917632102966,0.2259904146194458,0.049120229833266305,-0.09126472473144531
10704,00_Rock2-85-F_comp.jams,701404,15.904852607709751,2,3,3,2,2,2,persistent,True,0.4103035181760788,0.5588666796684265,0.14856316149234772,0.15182892978191376,0.2839171439409256,0.08705333918961794,0.24409166167053997
34505,02_Funk2-108-Eb_comp.jams,410463,9.307551020408162,4,2,2,3,3,3,persistent,True,0.4061887562274933,0.6608901023864746,0.2547013461589813,0.29423126578330994,0.23468419909477234,-0.02718803826279531,-0.10137750220111036
24090,01_Rock1-130-A_comp.jams,621386,14.090385487528344,2,3,3,4,4,3,persistent,True,0.40355947613716125,0.6927608847618103,0.28920140862464905,0.29718756675720215,0.3337743878364563,0.05361628532409668,-0.04929119348526001
71692,04_SS1-68-E_comp.jams,609755,13.826643990929705,0,3,3,2,2,3,persistent,True,0.4032793641090393,0.5335759520530701,0.13029658794403076,0.14095258712768555,0.2740855813026428,0.08262673343520568,0.16545190006853583
54472,03_Rock1-90-C#_comp.jams,573525,13.005102040816327,4,3,3,2,2,3,persistent,True,0.4004119634628296,0.6928463578224182,0.2924343943595886,0.30120164155960083,0.354451060295105,0.012370938840119694,0.10263107133948285
51793,03_Jazz1-200-B_comp.jams,225052,5.103219954648526,2,4,4,3,3,3,persistent,True,0.40024957060813904,0.6740834712982178,0.27383390069007874,0.28316301107406616,0.36459773778915405,-0.0035541575887929056,0.01077834419582202
43253,02_Rock3-148-C_comp.jams,672570,15.251020408163265,0,2,2,3,3,2,persistent,True,0.3973328471183777,0.658035933971405,0.26070308685302734,0.2834273874759674,0.25606557726860046,-0.07004268352801984,-0.08286483471210188
54441,03_Rock1-90-C#_comp.jams,500238,11.343265306122449,4,3,3,4,4,4,persistent,True,0.39587733149528503,0.563832700252533,0.16795536875724792,0.1632068008184433,0.5713168531656265,0.001766489512884828,0.137428796113427
54619,03_Rock1-90-C#_comp.jams,925439,20.98501133786848,4,2,2,2,3,2,new,True,0.3929407596588135,0.6871508955955505,0.29421013593673706,0.35037925839424133,-0.34287999104708433,-0.10010042786598206,-0.17351779341697693
16554,00_SS3-98-C_solo.jams,864207,19.596530612244898,1,3,3,2,2,2,persistent,True,0.39250388741493225,0.6393589377403259,0.24685505032539368,0.2560955882072449,0.2564709186553955,0.00594976544380188,0.010598897933959961
37793,02_Jazz2-110-Bb_comp.jams,820715,18.61031746031746,2,4,4,3,3,3,persistent,True,0.3919328898191452,0.6014744639396667,0.20954157412052155,0.19475720822811127,0.4784690886735916,-0.018846039724822072,0.07844154433448719
52287,03_Jazz2-110-Bb_comp.jams,1203651,27.293673469387755,2,3,3,2,2,3,persistent,True,0.38914574682712555,0.550637423992157,0.16149167716503143,0.1601192206144333,0.3482217937707901,0.05191093194680135,0.05301928911052767
8346,00_Rock1-130-A_comp.jams,788847,17.88768707482993,2,4,4,2,2,4,persistent,True,0.3879663050174713,0.5170546770095825,0.1290883719921112,0.13927635550498962,0.2616814374923706,0.12508119855608257,0.14771374293736048
57324,03_Rock3-148-C_comp.jams,1072184,24.312562358276644,0,3,3,2,2,2,persistent,True,0.3879142999649048,0.6598150134086609,0.2719007134437561,0.233949676156044,0.11951787769794464,0.08185006970557096,0.0529819738085025
46751,02_SS3-98-C_comp.jams,499263,11.321156462585034,1,2,2,3,3,3,persistent,True,0.386916846036911,0.6581196188926697,0.27120277285575867,0.2743636667728424,0.3514609634876251,-0.089442989690517,-0.03638359007796621
69084,04_Rock2-142-D_comp.jams,660226,14.971111111111112,0,3,3,3,2,2,new,False,0.3834493160247803,0.6612493395805359,0.2778000235557556,0.24045930802822113,-0.24045930802822113,0.1026415228843689,0.2868918776512146
12648,00_Rock3-148-C_comp.jams,840553,19.06015873015873,0,2,2,3,3,2,persistent,True,0.380069375038147,0.6351196765899658,0.25505030155181885,0.2208590805530548,0.5046420991420746,-0.08859295315212673,0.008288198047214035
19791,01_Funk2-119-G_comp.jams,1329194,30.140453514739228,1,3,3,2,2,2,persistent,True,0.3768445551395416,0.6045178174972534,0.2276732623577118,0.2244165986776352,0.036356642842292786,-0.013856722613957928,0.05685565978523316
3344,00_Funk2-119-G_comp.jams,1195149,27.100884353741495,1,2,2,2,3,3,new,False,0.37375397980213165,0.6143820285797119,0.24062804877758026,0.4043278992176056,-0.4043278992176056,-0.09633105993270874,-0.047688345114390074
34935,02_Funk2-119-G_comp.jams,23,0.0005215419501133786,1,2,2,4,4,4,persistent,True,0.37200745940208435,0.6610685586929321,0.2890610992908478,0.26857516169548035,0.3070378005504608,0.0627738430968717,0.037974137526292084
6974,00_Jazz3-137-Eb_comp.jams,378887,8.59154195011338,4,2,2,3,3,2,persistent,True,0.3698713481426239,0.6758086681365967,0.3059373199939728,0.25481489300727844,0.3915029466152191,-0.042462618845813704,-0.016848870043484676
40904,02_Rock2-142-D_comp.jams,29305,0.6645124716553288,0,3,3,4,4,4,persistent,True,0.3677818775177002,0.6339238286018372,0.26614195108413696,0.2876071631908417,0.15289267897605896,-0.06227533022562659,0.21051937341690063
12456,00_Rock3-148-C_comp.jams,410279,9.303378684807257,0,2,2,3,3,2,persistent,True,0.36640632152557373,0.5539665818214417,0.18756026029586792,0.1902824491262436,0.05304308235645294,-0.09710904530116493,-0.04881015845707487
63421,04_Funk2-119-G_comp.jams,1022538,23.186802721088437,1,4,4,2,3,4,persistent,True,0.36353762447834015,0.525265097618103,0.16172747313976288,0.12412954121828079,0.09250155836343765,0.0025394879854642727,-0.036145381438426494
52355,03_Jazz2-110-Bb_comp.jams,1443845,32.74024943310658,2,4,4,3,3,2,persistent,True,0.36348479986190796,0.6005024909973145,0.2370176911354065,0.21995563805103302,0.4494091719388962,-0.14164304733276367,-0.2121882140636444
3396,00_Funk2-119-G_comp.jams,1345550,30.511337868480727,1,4,4,3,3,3,persistent,True,0.3599816709756851,0.5439203381538391,0.183938667178154,0.21933478116989136,0.48578113317489624,0.05868397440229145,0.002762828554425889
31670,01_SS3-98-C_comp.jams,649341,14.724285714285715,1,3,3,2,2,2,persistent,True,0.35681799054145813,0.6254916191101074,0.2686736285686493,0.28388711810112,0.390531986951828,-0.011980479000178956,0.1003751099564647
63278,04_Funk2-119-G_comp.jams,462249,10.481836734693877,1,2,2,3,3,3,persistent,True,0.35553163290023804,0.6706057786941528,0.3150741457939148,0.3395407795906067,0.3046225309371948,-0.07027356284005298,-0.005707141331263932
37212,02_Jazz1-200-B_comp.jams,101428,2.299954648526077,2,3,3,2,2,2,persistent,True,0.35076904296875,0.5643761157989502,0.2136070728302002,0.24334053695201874,0.30515624582767487,0.0631957596647525,0.18742366036969033
74101,04_SS3-98-C_comp.jams,755725,17.136621315192745,1,2,2,3,3,2,persistent,True,0.350346103310585,0.5738165974617004,0.22347049415111542,0.22051844000816345,0.28158244490623474,-0.11645594814367466,-0.2419460363555373
63957,04_Funk3-112-C#_comp.jams,637665,14.459523809523809,1,2,2,3,3,2,persistent,True,0.34966182708740234,0.6171649098396301,0.2675030827522278,0.324648916721344,0.19977706670761108,-0.1166437550594932,-0.02203989028930664
57843,03_SS1-68-E_comp.jams,959595,21.75952380952381,0,3,3,2,2,3,persistent,True,0.34924980998039246,0.6248958110809326,0.27564600110054016,0.2580505311489105,0.3415151536464691,0.08026587884157699,0.04989684654387416
71758,04_SS1-68-E_comp.jams,777499,17.630362811791382,0,2,2,3,3,2,persistent,True,0.34717918932437897,0.5359002947807312,0.18872110545635223,0.1995745450258255,0.23408769071102142,-0.10122783978780109,-0.101827601591746
5091,00_Jazz1-130-D_comp.jams,72908,1.6532426303854875,4,3,3,3,5,5,new,False,0.3467296063899994,0.6160924434661865,0.26936283707618713,0.33490028977394104,-0.33490028977394104,-0.11611651182174684,-0.12504851818084717
38808,02_Jazz3-137-Eb_comp.jams,823179,18.666190476190476,4,2,2,3,3,3,persistent,True,0.3460865616798401,0.5931828618049622,0.24709630012512207,0.2474985271692276,0.4610240310430527,-0.023032372150946057,0.0917148065129551
52215,03_Jazz2-110-Bb_comp.jams,962707,21.830090702947846,2,4,4,3,3,3,persistent,True,0.3374946713447571,0.5623809099197388,0.2248862385749817,0.20178809762001038,0.3285885155200958,-0.0498431921005249,-0.1462804317474365
760,00_BN2-166-Ab_comp.jams,709555,16.08968253968254,0,3,3,4,4,4,persistent,True,0.33736246824264526,0.5970889925956726,0.25972652435302734,0.24477392435073853,0.28647536039352417,-0.042165795151068275,0.12091905243542733
71189,04_Rock3-148-C_comp.jams,712179,16.149183673469388,0,3,3,2,2,2,persistent,True,0.3364800810813904,0.5934143662452698,0.2569342851638794,0.23907878994941711,0.3593918979167938,0.08776476142111786,0.2414211958981632
49925,03_Funk2-119-G_comp.jams,1066804,24.190566893424037,1,3,3,2,2,3,persistent,True,0.33620768785476685,0.6134114265441895,0.2772037386894226,0.23386944830417633,0.46867965161800385,-0.019834309816360474,-0.02572232484817505
25733,01_Rock2-142-D_comp.jams,865404,19.623673469387754,0,2,2,3,3,2,persistent,True,0.33553145825862885,0.5715844035148621,0.23605294525623322,0.2564413249492645,0.2518419921398163,-0.06308108568191528,-0.023276150226593018
12521,00_Rock3-148-C_comp.jams,540632,12.259229024943311,0,2,2,3,3,2,persistent,True,0.3351604491472244,0.5657094120979309,0.23054896295070648,0.22044047713279724,0.3322582542896271,-0.13038130104541779,-0.1236572414636612
10983,00_Rock2-85-F_comp.jams,1355082,30.727482993197277,2,3,3,2,2,3,persistent,True,0.3351566642522812,0.5012039542198181,0.16604728996753693,0.14930175244808197,0.4562663584947586,0.07107581902499219,0.16480750468239858
60343,03_SS3-98-C_comp.jams,769446,17.447755102040816,1,3,3,2,2,3,persistent,True,0.33425872027873993,0.5763729214668274,0.24211420118808746,0.23521414399147034,0.1795964241027832,-0.01460941978122876,-0.1690973820893661
9237,00_Rock1-90-C#_comp.jams,1255525,28.469954648526077,4,3,3,2,2,3,persistent,True,0.3331002742052078,0.4814097285270691,0.14830945432186127,0.1427968591451645,0.02498677372932434,0.019048069063471146,0.020319417036699317
17811,01_BN3-154-E_comp.jams,189137,4.288820861678005,1,2,2,3,3,2,persistent,True,0.3329200893640518,0.4580109715461731,0.12509088218212128,0.11638513207435608,0.03794340789318085,-0.1459369957447052,-0.15837480127811432
31999,01_SS3-98-C_comp.jams,1384767,31.40061224489796,1,3,3,4,5,4,persistent,True,0.33198730647563934,0.46380770206451416,0.13182039558887482,0.13760291039943695,-0.05174536257982254,0.11794027686119077,0.08812103668848673
28405,01_Rock3-148-C_comp.jams,1002228,22.72625850340136,0,2,2,3,3,2,persistent,True,0.33160674571990967,0.5828249454498291,0.25121819972991943,0.2723250091075897,0.4053207337856293,-0.02872423540081892,0.160460723073859
55855,03_Rock2-85-F_comp.jams,1088794,24.689206349206348,2,4,4,3,2,3,persistent,True,0.3305876851081848,0.4927019774913788,0.16211429238319397,0.1759425699710846,0.0922447144985199,-0.018518522381782532,-0.058479517698287964
7668,00_Jazz3-150-C_comp.jams,911307,20.66455782312925,0,3,3,3,4,4,new,False,0.32573869824409485,0.6291981935501099,0.303459495306015,0.28680095076560974,-0.28680095076560974,-0.08944964408874512,-0.17982559204101561
69171,04_Rock2-142-D_comp.jams,874936,19.839818594104308,0,3,3,5,2,5,persistent,True,0.3253084346652031,0.42051589488983154,0.09520746022462845,0.13680027425289154,-0.05735544115304947,0.001187652349472046,0.05164746940135956
5307,00_Jazz1-130-D_comp.jams,734380,16.652607709750566,4,4,4,3,3,3,persistent,True,0.3240870386362076,0.5019198060035706,0.17783276736736298,0.19291026890277863,0.3963138312101364,0.05479173492967038,0.20092169443766272
56085,03_Rock2-85-F_comp.jams,1792149,40.63829931972789,2,2,2,3,3,2,persistent,True,0.31949611008167267,0.5451236963272095,0.2256275862455368,0.2631046175956726,0.1266781985759735,-0.04598243236541749,-0.019823551177978516
60206,03_SS3-98-C_comp.jams,466680,10.582312925170068,1,3,3,2,2,4,persistent,True,0.3149697110056877,0.408981055021286,0.0940113440155983,0.11527244746685028,0.3766525238752365,-0.04885256290435791,0.1022987961769104
47014,02_SS3-98-C_comp.jams,1161688,26.342131519274375,1,3,3,3,4,4,new,False,0.31402723491191864,0.4896683394908905,0.17564110457897186,0.24506846070289612,-0.24506846070289612,0.11852174997329712,0.04662814736366272
68494,04_Rock1-90-C#_comp.jams,970087,21.997437641723355,4,3,3,2,2,2,persistent,True,0.31306353211402893,0.5817831158638,0.2687195837497711,0.28797173500061035,0.23091942071914673,0.003408247424710187,0.16332821692189864
9981,00_Rock2-142-D_comp.jams,839497,19.036213151927438,0,4,4,5,5,5,persistent,True,0.3116443306207657,0.5470752120018005,0.23543088138103485,0.2760116755962372,0.12726524472236633,0.23158169756032,0.1185429312966087
13925,00_SS1-68-E_solo.jams,1383008,31.360725623582766,0,2,2,3,3,2,persistent,True,0.3108784556388855,0.615271806716919,0.30439335107803345,0.3088070750236511,0.11593559384346008,-0.05052924156188965,0.08997284041510689
3370,00_Funk2-119-G_comp.jams,1257124,28.506213151927437,1,4,4,3,3,3,persistent,True,0.30920693278312683,0.6039408445358276,0.2947339117527008,0.3172416090965271,0.2884220480918884,0.011125140719943583,-0.004086388481987835
71886,04_SS1-68-E_comp.jams,1072022,24.308888888888887,0,3,3,2,2,3,persistent,True,0.3085864633321762,0.5313628315925598,0.2227763682603836,0.22612668573856354,0.20763151347637177,0.01945820450782776,-0.03300178050994873
55806,03_Rock2-85-F_comp.jams,963340,21.844444444444445,2,3,3,4,4,4,persistent,True,0.3084160089492798,0.5787882208824158,0.270372211933136,0.2863506078720093,0.3048393130302429,0.03697859856390179,0.18031532533707156
3939,00_Funk3-112-C#_comp.jams,922195,20.911451247165534,1,4,4,3,3,3,persistent,True,0.3072638511657715,0.6121606826782227,0.30489683151245117,0.29594504833221436,0.31357699632644653,0.028026107261920785,0.0764946773134429
57310,03_Rock3-148-C_comp.jams,1037408,23.523990929705214,0,4,4,4,5,4,new,True,0.30677029490470886,0.5696166157722473,0.26284632086753845,0.2971557080745697,-0.027332305908203125,0.2326869964599609,0.22305527100196254
18401,01_Funk1-114-Ab_comp.jams,289716,6.569523809523809,2,3,3,2,2,3,persistent,True,0.306728757917881,0.4166300594806671,0.1099013015627861,0.12355820089578629,0.5153576955199242,0.06903676236613412,0.05891738848739797
35513,02_Funk3-112-C#_comp.jams,7,0.00015873015873015873,1,3,3,4,4,3,persistent,True,0.3048928380012512,0.6231580376625061,0.3182651996612549,0.2766048312187195,0.42129045724868774,0.05986572348553204,0.22493163399074395
50430,03_Funk3-112-C#_comp.jams,1039491,23.571224489795917,1,4,4,3,3,3,persistent,True,0.3016584515571594,0.5638704299926758,0.26221197843551636,0.2659158706665039,0.34974634647369385,0.0693211348160453,0.1250857684923255
18493,01_Funk1-114-Ab_comp.jams,638207,14.471814058956916,2,3,3,4,4,3,persistent,True,0.29960671067237854,0.5824384093284607,0.28283169865608215,0.2944522500038147,0.34923553466796875,-0.035587191581726074,-0.01525166630744934
12727,00_Rock3-148-C_comp.jams,1002494,22.732290249433106,0,3,3,2,2,3,persistent,True,0.29470617324113846,0.3588292896747589,0.06412311643362045,0.06415293365716934,0.21662744134664536,0.08589979561652927,0.0018551231089217746
63498,04_Funk2-119-G_comp.jams,1262265,28.62278911564626,1,3,3,2,2,3,persistent,True,0.294552743434906,0.5575380325317383,0.2629852890968323,0.2674001157283783,0.18614163994789124,-0.015537454840842235,-0.10155838527036518
9987,00_Rock2-142-D_comp.jams,854175,19.36904761904762,0,3,3,2,2,3,persistent,True,0.29401716589927673,0.555277407169342,0.2612602412700653,0.27709078788757324,0.21277832984924316,0.069448725382487,0.11586683061387804
25808,01_Rock2-142-D_comp.jams,1045272,23.70231292517007,0,2,2,3,3,2,persistent,True,0.28817036747932434,0.5712652206420898,0.2830948531627655,0.3048853278160095,0.07615393400192261,-0.06724899045882682,-0.23681948261876257
23181,01_Jazz3-137-Eb_comp.jams,494752,11.218866213151927,4,2,2,3,3,2,persistent,True,0.28766775131225586,0.6344959139823914,0.3468281626701355,0.258510947227478,0.4431614875793457,-0.025358999929120496,0.16370582580566406
38027,02_Jazz2-110-Bb_comp.jams,1465510,33.23151927437642,2,3,3,2,2,3,persistent,True,0.28695808351039886,0.500059187412262,0.2131011039018631,0.22282661497592926,0.47242049872875214,0.05009907047923018,0.2555931215363789
57029,03_Rock3-148-C_comp.jams,386676,8.768163265306123,0,2,2,3,3,2,persistent,True,0.285200297832489,0.5420666933059692,0.2568663954734802,0.2688498795032501,0.26771655678749084,-0.10122783978780109,-0.13987135887145996
830,00_BN2-166-Ab_comp.jams,990750,22.465986394557824,0,2,2,3,3,2,persistent,True,0.28517603874206543,0.5647258758544922,0.27954983711242676,0.35329189896583557,0.07188302278518677,-0.024021219984393216,0.11330713289920413
35268,02_Funk2-119-G_comp.jams,1245657,28.246190476190478,1,2,2,3,3,3,persistent,True,0.2832159399986267,0.6257632374763489,0.34254729747772217,0.3047501742839813,0.3127445876598358,-0.0838384059880743,0.059745005424448994
39516,02_Jazz3-150-C_comp.jams,1025345,23.250453514739228,0,2,2,3,3,3,persistent,True,0.2817887216806412,0.5072031617164612,0.22541444003582,0.23597851395606995,0.13497856259346008,-0.0036309689891581565,0.001122610909598254
22147,01_Jazz2-110-Bb_comp.jams,264222,5.991428571428571,2,3,3,3,2,3,new,True,0.2810511291027069,0.5369232296943665,0.25587210059165955,0.25872576236724854,-0.17061815410852432,0.056603542594022505,0.0011910431144773193
23169,01_Jazz3-137-Eb_comp.jams,443703,10.061292517006803,4,3,3,2,2,4,persistent,True,0.28102055191993713,0.5634720325469971,0.28245148062705994,0.26343631744384766,0.3572772741317749,-0.00033430802194694964,0.022019014860454378
12476,00_Rock3-148-C_comp.jams,451343,10.23453514739229,0,2,2,3,3,2,persistent,True,0.280957892537117,0.48273149132728577,0.20177359879016876,0.23703314363956451,0.38698725402355194,-0.13038130104541779,-0.032595306634902954
49441,03_Funk2-108-Eb_comp.jams,1049361,23.79503401360544,4,3,3,2,2,2,persistent,True,0.2793537676334381,0.5415738821029663,0.2622201144695282,0.25745218992233276,0.395940363407135,0.01283607148287591,-0.0033167119611773876
25493,01_Rock2-142-D_comp.jams,315851,7.162154195011338,0,2,2,3,3,2,persistent,True,0.27917930483818054,0.6061938405036926,0.3270145356655121,0.35255950689315796,0.2698715925216675,-0.0612834095954895,0.13584014773368835
34567,02_Funk2-108-Eb_comp.jams,636197,14.4262358276644,4,3,3,2,2,3,persistent,True,0.2788584232330322,0.5496898889541626,0.27083146572113037,0.30438798666000366,0.00829043984413147,0.006794537684714164,0.04193934359291729
17495,01_BN2-166-Ab_comp.jams,684721,15.526553287981859,0,4,4,3,3,3,persistent,True,0.27884143590927124,0.5339950323104858,0.2551535964012146,0.354288250207901,0.05928903818130493,-0.01678640387031466,0.012597180484385961
58684,03_SS2-107-Ab_comp.jams,902852,20.472834467120183,4,3,3,2,2,3,persistent,True,0.2759433314204216,0.3756463825702667,0.09970305114984512,0.09443708509206772,0.2646697536110878,0.00781545385850213,0.07797845485991078
63266,04_Funk2-119-G_comp.jams,429335,9.735487528344672,1,2,2,3,3,3,persistent,True,0.27467161417007446,0.5574302673339844,0.2827586531639099,0.27735936641693115,0.400796115398407,-0.07033336309739097,0.1658763179072627
26280,01_Rock2-85-F_comp.jams,296276,6.718276643990929,2,3,3,2,2,3,persistent,True,0.27195918560028076,0.5976526141166687,0.32569342851638794,0.3184819519519806,0.32674893736839294,0.05090548706054687,0.1394046936035156
57863,03_SS1-68-E_comp.jams,1012818,22.96639455782313,0,3,3,2,2,2,persistent,True,0.2718360424041748,0.5373994708061218,0.265563428401947,0.31394872069358826,0.13926157355308533,0.07516545573557454,-0.026331323338305845
3880,00_Funk3-112-C#_comp.jams,773921,17.549229024943312,1,4,4,3,3,4,persistent,True,0.2714770436286926,0.409002423286438,0.13752537965774536,0.12876103818416595,0.23770467936992645,0.06725202666388619,0.12017014291551376
34610,02_Funk2-108-Eb_comp.jams,821898,18.63714285714286,4,3,3,2,2,3,persistent,True,0.2705894410610199,0.5860017538070679,0.315412312746048,0.35504189133644104,0.025049686431884766,0.013305556606239,0.024449818570848936
31390,01_SS3-98-C_comp.jams,34509,0.7825170068027211,1,2,2,3,3,2,persistent,True,0.27004095911979675,0.47225016355514526,0.2022092044353485,0.2501503825187683,0.19543173909187317,-0.12131714820861816,-0.10164134204387665
63806,04_Funk3-112-C#_comp.jams,167460,3.797278911564626,1,3,3,3,5,5,new,False,0.2693237364292145,0.4323289394378662,0.16300520300865173,0.1520078182220459,-0.1520078182220459,0.08045978844165802,0.18390803039073944
71938,04_SS1-68-E_comp.jams,1184981,26.87031746031746,0,3,3,3,2,3,new,True,0.2692907601594925,0.420430064201355,0.1511393040418625,0.1581067442893982,-0.0431848019361496,0.07739221132718602,0.06452963902400091
5236,00_Jazz1-130-D_comp.jams,479712,10.8778231292517,4,3,3,3,2,3,new,True,0.2689513564109802,0.570951521396637,0.30200016498565674,0.2891145646572113,-0.07935765385627747,-0.006245136260986328,-0.012315726280212436
12741,00_Rock3-148-C_comp.jams,1033393,23.43294784580499,0,4,4,2,2,3,persistent,True,0.2685539424419403,0.4009898006916046,0.1324358582496643,0.13628463447093964,0.26642821729183197,-0.014028024673461897,0.03034104108810426
2474,00_Funk2-108-Eb_comp.jams,928752,21.06013605442177,4,3,3,4,4,4,persistent,True,0.2684543579816818,0.4185124337673187,0.1500580757856369,0.1496240794658661,0.27689361572265625,0.012543087005615239,0.018104515075683558
49509,03_Funk2-108-Eb_comp.jams,1310977,29.727369614512472,4,3,3,2,2,2,persistent,True,0.26497942209243774,0.609756350517273,0.3447769284248352,0.33072638511657715,0.06036517024040222,0.007446662529365156,0.08456206154990029
7651,00_Jazz3-150-C_comp.jams,864275,19.598072562358276,0,3,3,2,2,3,persistent,True,0.2644394338130951,0.5925303101539612,0.3280908763408661,0.3167363703250885,0.24678108096122742,0.08481520414352417,0.1879192590713501
61542,04_BN2-166-Ab_comp.jams,946310,21.45827664399093,0,4,4,4,2,4,new,True,0.25829681754112244,0.38497859239578247,0.12668177485466003,0.1038690060377121,-0.1018672427162528,0.0521442651748657,-0.008304119110107394
16482,00_SS3-98-C_solo.jams,621149,14.085011337868481,1,2,2,3,3,2,persistent,True,0.25817468762397766,0.5991593599319458,0.34098467230796814,0.3329087197780609,0.13458704948425293,-0.09678668663149975,-0.10320844806608603
58784,03_SS2-107-Ab_comp.jams,1156774,26.230702947845806,4,3,3,3,4,4,new,True,0.2573062479496002,0.543356716632843,0.2860504686832428,0.2110704928636551,-0.09928512573242188,0.034813051638395875,0.20680626578952954
28269,01_Rock3-148-C_comp.jams,625810,14.190702947845805,0,2,2,3,3,2,persistent,True,0.2569091320037842,0.5927909016609192,0.335881769657135,0.31426119804382324,0.30621927976608276,-0.0546650679215141,0.004139008729354188
29906,01_SS2-107-Ab_comp.jams,976721,22.147868480725624,4,2,2,2,3,2,new,True,0.2562640309333801,0.5519770979881287,0.29571306705474854,0.26698070764541626,-0.24041880294680595,-0.04875212907791138,-0.10836573441823327
74118,04_SS3-98-C_comp.jams,810607,18.38111111111111,1,2,2,2,3,2,new,True,0.25450704991817474,0.47343605756759644,0.2189290076494217,0.22925613820552826,-0.10903841257095337,-0.10153321014053518,-0.12642726678957883
63516,04_Funk2-119-G_comp.jams,1322576,29.990385487528346,1,4,4,2,2,4,persistent,True,0.25288352370262146,0.4915967583656311,0.23871323466300964,0.22964511811733246,0.26921801269054413,0.14436978101730347,0.21905548870563507
56871,03_Rock3-148-C_comp.jams,18388,0.41696145124716555,0,4,4,4,3,3,new,True,0.2524615526199341,0.5928430557250977,0.3403815031051636,0.3333383798599243,-0.0484623908996582,-0.05736720177435106,0.06177496141003025
68963,04_Rock2-142-D_comp.jams,344915,7.8212018140589565,0,4,4,5,5,5,persistent,True,0.24959281086921692,0.43512657284736633,0.18553376197814941,0.1853751391172409,0.4332946091890335,0.2320661282320635,0.1786333136602279
53546,03_Jazz3-150-C_comp.jams,803990,18.23106575963719,0,3,3,2,2,2,persistent,True,0.2478301227092743,0.6208369731903076,0.3730068504810333,0.3999665081501007,0.19824275374412537,0.08934959498318762,0.21841088208285242
3736,00_Funk3-112-C#_comp.jams,424425,9.624149659863946,1,4,4,3,3,4,persistent,True,0.24758753180503845,0.4062618911266327,0.15867435932159424,0.1403338611125946,0.12419837713241577,0.019334524869918823,0.04897293448448181
66988,04_Jazz3-137-Eb_comp.jams,1056199,23.950090702947847,4,3,3,2,2,3,persistent,True,0.24746623635292053,0.5170271992683411,0.26956096291542053,0.26580724120140076,0.202956885099411,0.003668884277343798,0.024892944335937472
57496,03_SS1-68-E_comp.jams,118301,2.682562358276644,0,3,3,2,2,2,persistent,True,0.24693256616592407,0.4716050326824188,0.22467246651649475,0.2300962656736374,0.20709489285945892,0.075416504390656,0.04252161298479351
58410,03_SS2-107-Ab_comp.jams,148966,3.3779138321995466,4,3,3,3,4,4,new,False,0.24683210253715515,0.47389087080955505,0.2270587682723999,0.2507925033569336,-0.2507925033569336,0.05468133091926575,0.14264148473739624
49237,03_Funk2-108-Eb_comp.jams,244268,5.538956916099774,4,3,3,3,5,5,new,True,0.24623066186904907,0.5776774287223816,0.3314467668533325,0.3277144134044647,-0.2987471632659435,-0.20018987835578197,-0.21264184196040314
55863,03_Rock2-85-F_comp.jams,1119278,25.38045351473923,2,3,3,2,2,2,persistent,True,0.2436225414276123,0.5160958170890808,0.2724732756614685,0.28034934401512146,0.1499190628528595,0.05572970708211261,-0.10886879762013757
37981,02_Jazz2-110-Bb_comp.jams,1325160,30.048979591836734,2,4,4,3,3,2,persistent,True,0.24310480058193207,0.4347236454486847,0.19161884486675262,0.2003674954175949,0.331939235329628,-0.09345517839704243,-0.16515128167120968
36213,02_Funk3-112-C#_solo.jams,1487838,33.7378231292517,1,2,2,3,3,2,persistent,True,0.2419719099998474,0.5421923398971558,0.30022042989730835,0.31151482462882996,0.06935033202171326,-0.1298153039180871,0.12411848704020179
35857,02_Funk3-112-C#_comp.jams,1347223,30.549274376417234,1,2,2,3,3,2,persistent,True,0.24102166295051575,0.5392242670059204,0.29820260405540466,0.36198702454566956,0.10590910911560059,-0.101593339946908,-0.10660644316337481
71986,04_SS1-68-E_comp.jams,1303005,29.546598639455784,0,4,4,3,5,5,persistent,True,0.240181565284729,0.5028423070907593,0.2626607418060303,0.31424370408058167,-0.2507968991994858,0.24143315409566019,0.17372904767046915
49542,03_Funk2-108-Eb_comp.jams,1423915,32.288321995464855,4,3,3,2,2,3,persistent,True,0.24016544222831726,0.5332991480827332,0.2931337058544159,0.3024062514305115,0.21509867906570435,0.018903008822737044,-0.046773252816035865
7158,00_Jazz3-137-Eb_comp.jams,1131996,25.668843537414965,4,3,3,3,2,4,new,True,0.23786768317222595,0.5059449672698975,0.2680772840976715,0.3326546549797058,-0.1881120204925537,-0.037323057651519775,-0.0467056930065155
62845,04_Funk2-108-Eb_comp.jams,1025515,23.254308390022675,4,3,3,3,4,4,new,False,0.23722082376480103,0.49012336134910583,0.2529025375843048,0.26361602544784546,-0.26361602544784546,0.01449275016784668,0.14392805099487305
68337,04_Rock1-90-C#_comp.jams,557210,12.63514739229025,4,3,3,4,4,4,persistent,True,0.23412303626537323,0.45126911997795105,0.21714608371257782,0.26937294006347656,0.1414061188697815,0.026397599114312054,-0.01894364533600984
67151,04_Jazz3-150-C_comp.jams,8,0.00018140589569160998,0,2,2,2,4,2,new,True,0.22786098718643188,0.4221806824207306,0.1943196952342987,0.20360179245471954,-0.0033524632453918457,-0.27390257004768614,-0.30871502814754365
28220,01_Rock3-148-C_comp.jams,478284,10.845442176870748,0,2,2,2,3,3,new,True,0.2275172472000122,0.45292672514915466,0.22540947794914246,0.3052484095096588,-0.00128936767578125,0.0018668439653184987,0.042919158935546875
11095,00_Rock2-85-F_comp.jams,1618470,36.7,2,4,4,4,3,3,new,True,0.2264481633901596,0.47254857420921326,0.24610041081905365,0.23313994705677032,-0.09074503183364868,-0.09349556574745788,-0.15061717563205296
12826,00_Rock3-148-C_solo.jams,180820,4.100226757369614,0,3,3,3,4,4,new,False,0.22131666541099548,0.5833696722984314,0.3620530068874359,0.3872850239276886,-0.3872850239276886,-0.06613306204477942,-0.012551625569661495
60352,03_SS3-98-C_comp.jams,789562,17.90390022675737,1,3,3,2,2,2,persistent,True,0.2210451364517212,0.37858742475509644,0.15754228830337524,0.17890457808971405,0.2999979704618454,-0.013856722613957928,0.07964795030008151
10546,00_Rock2-85-F_comp.jams,365070,8.278231292517006,2,4,4,3,3,5,persistent,True,0.22065483033657074,0.431808739900589,0.21115390956401825,0.2189277708530426,0.18426093459129333,-0.0897063342007724,0.003949945623224482
10035,00_Rock2-142-D_comp.jams,970329,22.00292517006803,0,2,2,3,3,2,persistent,True,0.2196298986673355,0.46592408418655396,0.24629418551921844,0.22547730803489685,0.24385911226272583,-0.02425948972624492,-0.031962355947106835
21529,01_Jazz1-130-D_comp.jams,704915,15.984467120181407,4,2,2,3,3,3,persistent,True,0.21948756277561188,0.4445444643497467,0.22505690157413483,0.20962689816951752,0.45167095959186554,-0.029484139548407617,0.0555419921875
21538,01_Jazz1-130-D_comp.jams,724421,16.426780045351475,4,2,2,3,3,2,persistent,True,0.21794942021369934,0.5809600949287415,0.3630106747150421,0.3727954924106598,0.21023300290107727,-0.0697164535522461,0.05140634377797443
72794,04_SS2-107-Ab_comp.jams,1435867,32.559342403628115,4,2,2,3,3,3,persistent,True,0.21619249880313873,0.4516976773738861,0.23550517857074738,0.25126269459724426,0.3853956162929535,-0.01777665158535574,-0.016567852480191714
35782,02_Funk3-112-C#_comp.jams,1133222,25.696643990929704,1,2,2,3,3,2,persistent,True,0.21033458411693573,0.45398780703544617,0.24365322291851044,0.23362965881824493,0.4088744968175888,-0.09110142157329776,0.002799088392800464
58889,03_SS2-107-Ab_comp.jams,1454454,32.980816326530615,4,3,3,2,2,3,persistent,True,0.21003767848014832,0.41873136162757874,0.20869368314743042,0.2471030354499817,0.06703954935073853,-0.018044382333755493,0.04636573791503906
14215,00_SS2-107-Ab_comp.jams,384844,8.726621315192745,4,3,3,3,2,2,new,False,0.209793359041214,0.5170297026634216,0.30723634362220764,0.2469417005777359,-0.2469417005777359,-0.05853398640950519,-0.1356889804204305
63854,04_Funk3-112-C#_comp.jams,342293,7.761746031746032,1,4,4,3,3,3,persistent,True,0.20842425525188446,0.4457985460758209,0.23737429082393646,0.2539459764957428,0.0714438259601593,0.058607178616385924,-0.0034401954253973632
49774,03_Funk2-119-G_comp.jams,266843,6.0508616780045354,1,4,4,3,3,3,persistent,True,0.20742350816726685,0.5442178249359131,0.33679431676864624,0.33808690309524536,0.2106539011001587,0.10448099532217348,0.13849643491349134
63484,04_Funk2-119-G_comp.jams,1218323,27.62637188208617,1,2,2,3,3,2,persistent,True,0.2046789526939392,0.5786088705062866,0.3739299178123474,0.34478533267974854,0.2594115734100342,-0.12333594428168404,0.05622743677209924
49546,03_Funk2-108-Eb_comp.jams,1444916,32.76453514739229,4,3,3,3,2,3,new,True,0.20294877886772156,0.5955682396888733,0.39261946082115173,0.4264768660068512,-0.15492072701454163,-0.00024043389086453315,-0.09702929010931055
32061,01_SS3-98-C_comp.jams,1519825,34.46315192743764,1,2,2,3,3,2,persistent,True,0.20277447998523712,0.3302161693572998,0.12744168937206268,0.12814927101135254,0.2168688178062439,-0.12201292174203054,-0.10094019344874791
5126,00_Jazz1-130-D_comp.jams,181524,4.116190476190476,4,3,3,2,2,3,persistent,True,0.20263898372650146,0.4998597502708435,0.29722076654434204,0.29811373353004456,0.07756391167640686,0.006175902581984027,-0.04012806184830203
66693,04_Jazz3-137-Eb_comp.jams,29916,0.6783673469387755,4,4,4,3,3,4,persistent,True,0.20250707864761353,0.5799760818481445,0.377469003200531,0.378283828496933,0.22070714831352234,-0.03090744752150315,-0.048565901242769716
31700,01_SS3-98-C_comp.jams,709133,16.080113378684807,1,2,2,3,3,2,persistent,True,0.20215311646461487,0.3401731848716736,0.13802006840705872,0.15729781985282898,0.18669220805168152,-0.11013031005859375,-0.16750918328762054
55169,03_Rock2-142-D_comp.jams,708314,16.06154195011338,0,3,3,3,5,5,new,True,0.20132990181446075,0.4409574270248413,0.23962752521038055,0.2952542304992676,-0.02083522081375122,0.17028172449632126,0.2369600534439087
44940,02_SS2-107-Ab_comp.jams,706577,16.02215419501134,4,3,3,2,4,4,persistent,True,0.20104900002479553,0.5292525291442871,0.3282035291194916,0.3647480010986328,-0.31824641302227974,0.017544918060302728,-0.029666671752929696
18963,01_Funk2-108-Eb_comp.jams,502813,11.401655328798187,4,3,3,2,2,3,persistent,True,0.19987529516220093,0.5291615128517151,0.32928621768951416,0.3470045030117035,0.244977205991745,0.017236333497813006,-0.028094117070587593
9977,00_Rock2-142-D_comp.jams,829739,18.814943310657597,0,4,4,4,3,4,new,True,0.1998591125011444,0.47004234790802,0.2701832354068756,0.23788079619407654,-0.009092524647712708,-0.054990917444229126,-0.10095398128032684
41991,02_Rock2-85-F_comp.jams,1805568,40.942585034013604,2,3,3,3,2,3,new,True,0.1983703374862671,0.5214412808418274,0.3230709433555603,0.2896421551704407,-0.16066333651542664,0.0556466281414032,0.10314193367958069
65332,04_Jazz1-130-D_comp.jams,813471,18.446054421768707,4,3,3,2,2,3,persistent,True,0.19782918691635132,0.5408352613449097,0.34300607442855835,0.3175271451473236,0.10813561081886292,0.003668884277343798,-0.05710162353515624
61301,04_BN2-166-Ab_comp.jams,72586,1.6459410430839003,0,4,4,2,2,2,persistent,True,0.19668523222208023,0.2978987991809845,0.10121356695890427,0.09370413422584534,0.10587406158447266,0.09018663856072157,0.08579648025636752
58738,03_SS2-107-Ab_comp.jams,1038523,23.549274376417234,4,2,2,3,3,2,persistent,True,0.19656911492347717,0.5919066071510315,0.3953374922275543,0.37789857387542725,0.11840173602104187,-0.04569274728948419,0.03291992707685992
18468,01_Funk1-114-Ab_comp.jams,528017,11.973174603174604,2,2,2,3,3,2,persistent,True,0.19613149762153625,0.5865193605422974,0.3903878629207611,0.3586391508579254,0.2730543911457062,-0.07162624359130859,-0.07760400772094722
66701,04_Jazz3-137-Eb_comp.jams,50281,1.1401587301587301,4,4,4,2,2,4,persistent,True,0.19595319032669067,0.5350444912910461,0.33909130096435547,0.37431707978248596,0.13881519436836243,0.11330162561856785,0.10088207171513483
53586,03_Jazz3-150-C_comp.jams,1005082,22.79097505668934,0,3,3,2,2,3,persistent,True,0.19540366530418396,0.5042432546615601,0.3088395893573761,0.2902595102787018,0.049485206604003906,0.06516572833061218,-0.10177433490753174
71097,04_Rock3-148-C_comp.jams,491510,11.145351473922902,0,4,4,3,3,4,persistent,True,0.19439440965652466,0.5874935984611511,0.39309918880462646,0.30561667680740356,0.30513107776641846,-0.040811707373379025,-0.1785897754487537
53414,03_Jazz3-150-C_comp.jams,208649,4.7312698412698415,0,3,3,2,2,2,persistent,True,0.19381752610206604,0.5811651945114136,0.38734766840934753,0.4326038360595703,0.10918045043945312,0.08060661951700845,0.23536633000229346
67260,04_Jazz3-150-C_comp.jams,369729,8.383877551020408,0,4,4,4,3,4,new,True,0.19347438216209412,0.48044276237487793,0.2869683802127838,0.2592754662036896,-0.11744211614131927,-0.064459490776062,-0.035529494285583496
12609,00_Rock3-148-C_comp.jams,752518,17.06390022675737,0,2,2,3,3,2,persistent,True,0.19265887141227722,0.5357810854911804,0.3431222140789032,0.3213909864425659,0.26570117473602295,-0.13038130104541779,-0.013770133256912231
35039,02_Funk2-119-G_comp.jams,378218,8.576371882086168,1,2,2,3,3,2,persistent,True,0.1926492154598236,0.5631367564201355,0.3704875409603119,0.35358861088752747,0.19571956992149353,-0.10751474604887123,0.005181312561035156
2490,00_Funk2-108-Eb_comp.jams,960643,21.78328798185941,4,2,2,2,3,3,new,True,0.1922416388988495,0.521530032157898,0.32928839325904846,0.389017790555954,-0.07157719135284424,-0.015743559057062317,0.09360478141091083
51874,03_Jazz1-200-B_comp.jams,609201,13.81408163265306,2,4,4,2,2,2,persistent,True,0.19171486794948578,0.4167279005050659,0.22501303255558014,0.2291424721479416,0.2743550091981888,0.14488902202872345,0.263785206994345
57079,03_Rock3-148-C_comp.jams,500542,11.35015873015873,0,3,3,2,2,2,persistent,True,0.19145777821540833,0.5152546763420105,0.3237968981266022,0.3266734480857849,0.24529582262039185,0.08863512674967447,0.1817031701405843
53777,03_Rock1-130-A_comp.jams,81983,1.8590249433106576,2,3,3,3,2,3,new,True,0.1896805763244629,0.535740077495575,0.34605950117111206,0.3653179705142975,-0.015521436929702759,0.056513646069695,-0.0730179618386661
58497,03_SS2-107-Ab_comp.jams,364913,8.274671201814058,4,3,3,3,2,3,new,True,0.18960827589035034,0.44428959488868713,0.2546813189983368,0.27376610040664673,-0.08153648674488068,-0.015322446823120117,0.038412523269653276
31707,01_SS3-98-C_comp.jams,723161,16.398208616780046,1,3,3,2,2,3,persistent,True,0.18948280811309814,0.3239602744579315,0.13447746634483337,0.11822864413261414,0.31320786476135254,-0.035674047470092785,-0.018922352790832486
18367,01_Funk1-114-Ab_comp.jams,139363,3.16015873015873,2,3,3,4,4,3,persistent,True,0.1892625391483307,0.4716305732727051,0.2823680341243744,0.33550772070884705,0.2612176239490509,0.027025500933329283,0.09130980571111041
49364,03_Funk2-108-Eb_comp.jams,759691,17.226553287981858,4,4,4,3,3,3,persistent,True,0.18873241543769836,0.5593239665031433,0.37059155106544495,0.3423970937728882,0.12298151850700378,-0.004002295042339121,0.045271497023733065
68883,04_Rock2-142-D_comp.jams,140823,3.193265306122449,0,3,3,4,2,2,persistent,False,0.18844452500343323,0.5546846389770508,0.36624011397361755,0.3292272388935089,-0.3292272388935089,0.10077128807703656,0.1091982324918111
35545,02_Funk3-112-C#_comp.jams,118534,2.687845804988662,1,3,3,2,2,3,persistent,True,0.18806380033493042,0.5546228885650635,0.36655908823013306,0.37996619939804077,0.023203402757644653,-0.09161148965358734,-0.22193507850170135
19170,01_Funk2-108-Eb_comp.jams,1519179,34.44850340136055,4,3,3,2,2,2,persistent,True,0.18754008412361145,0.5830557942390442,0.39551571011543274,0.38118797540664673,0.16888153553009033,0.007552724489023999,-0.034833209615358185
12596,00_Rock3-148-C_comp.jams,725662,16.454920634920637,0,2,2,3,3,2,persistent,True,0.18699517846107483,0.4420037567615509,0.2550085783004761,0.24259436130523682,0.3809835910797119,-0.11463245749473572,-0.07523953914642334
60225,03_SS3-98-C_comp.jams,506639,11.488412698412699,1,3,3,2,4,3,persistent,True,0.18579277396202087,0.3327522277832031,0.14695945382118225,0.13434843719005585,-0.037455879151821136,0.0394265353679657,0.0964755117893219
60623,03_SS3-98-C_comp.jams,1444153,32.747233560090706,1,3,3,2,2,4,persistent,True,0.18574490398168564,0.30338048934936523,0.1176355853676796,0.09945091605186462,0.12297441065311432,-0.06424784660339355,0.0011870712041854858
43121,02_Rock3-148-C_comp.jams,384833,8.726371882086168,0,4,4,3,3,3,persistent,True,0.18561097979545593,0.543781042098999,0.3581700623035431,0.40712088346481323,0.03444978594779968,-0.014044880867004395,0.019620895385742188
43092,02_Rock3-148-C_comp.jams,313516,7.1092063492063495,0,4,4,3,3,3,persistent,True,0.1854485273361206,0.492011159658432,0.3065626323223114,0.34404414892196655,0.005351424217224121,-0.051659806866512115,0.04788867558274312
68446,04_Rock1-90-C#_comp.jams,851769,19.314489795918366,4,3,3,3,4,4,new,False,0.18500885367393494,0.5490342974662781,0.36402544379234314,0.31841906905174255,-0.31841906905174255,0.04929365714391076,0.15032549699147546
1279,00_BN3-154-E_comp.jams,988804,22.421859410430837,1,4,4,2,2,2,persistent,True,0.18442215025424957,0.24934670329093933,0.06492455303668976,0.051329661160707474,0.07619401440024376,0.15334200075534588,0.10445282268971903
64104,04_Funk3-112-C#_comp.jams,1075632,24.39074829931973,1,3,3,3,4,4,new,False,0.18401579558849335,0.39000946283340454,0.2059936672449112,0.20821411907672882,-0.20821411907672882,0.12035773350642276,0.12645228092487043
17358,01_BN2-166-Ab_comp.jams,231294,5.244761904761905,0,3,3,3,2,3,new,True,0.18290168046951294,0.5056366324424744,0.3227349519729614,0.27911317348480225,-0.03201708197593689,0.054859809155734074,-0.2858405922943691
3340,00_Funk2-119-G_comp.jams,1185391,26.879614512471655,1,2,2,2,3,3,new,True,0.1828569769859314,0.4418025016784668,0.2589455246925354,0.2967975437641144,-0.031658321619033813,-0.08812131720074151,0.01642201310497221
3825,00_Funk3-112-C#_comp.jams,638366,14.475419501133787,1,4,4,2,2,4,persistent,True,0.18062449991703033,0.3759939968585968,0.19536949694156647,0.16156446933746338,0.4489021897315979,0.010676145553588867,0.07881903648376465
33285,02_BN2-166-Ab_comp.jams,1013396,22.979501133786847,0,2,2,3,3,2,persistent,True,0.18047067523002625,0.46386435627937317,0.2833936810493469,0.2796292006969452,0.22438105940818787,-0.04047036170959473,-0.15562502543131512
23932,01_Rock1-130-A_comp.jams,215728,4.891791383219955,2,3,3,2,2,3,persistent,True,0.1797848641872406,0.4651044011116028,0.2853195369243622,0.3077392280101776,0.05320537090301514,0.046870848711799196,0.030893924189548838
70226,04_Rock2-85-F_solo.jams,1308585,29.67312925170068,2,2,2,3,3,3,persistent,True,0.179566890001297,0.5871196389198303,0.4075527489185333,0.42730483412742615,0.14310899376869202,-0.03462420011821549,0.16660099141081874
68853,04_Rock2-142-D_comp.jams,65052,1.4751020408163265,0,2,2,3,3,5,persistent,True,0.17822280526161194,0.4808308780193329,0.30260807275772095,0.2756704092025757,0.030642449855804443,-0.02782949908026333,-0.014875740840517238
64122,04_Funk3-112-C#_comp.jams,1134203,25.718888888888888,1,3,3,2,2,3,persistent,True,0.17789363861083984,0.5300760865211487,0.35218244791030884,0.3235790729522705,0.2663908004760742,-0.0513417039598737,-0.22409401621137345
67264,04_Jazz3-150-C_comp.jams,381259,8.645328798185941,0,4,4,2,2,4,persistent,True,0.17690308392047882,0.32767370343208313,0.1507706195116043,0.14913441240787506,0.38612185418605804,0.06425322318563656,-0.1516182179353675
49386,03_Funk2-108-Eb_comp.jams,833364,18.897142857142857,4,3,3,2,2,3,persistent,True,0.1761188805103302,0.5395854115486145,0.3634665310382843,0.35149621963500977,0.14679297804832458,0.003241925200154927,0.15024820438101272
37739,02_Jazz2-110-Bb_comp.jams,661909,15.009274376417233,2,2,2,2,3,2,new,True,0.17559769749641418,0.5526551008224487,0.37705740332603455,0.3922247588634491,-0.3591347374022007,-0.1054852306842804,-0.012658238410949707
46628,02_SS3-98-C_comp.jams,177169,4.017437641723356,1,2,2,2,3,3,new,True,0.17503881454467773,0.5169856548309326,0.3419468402862549,0.327840656042099,-0.0615314245223999,-0.07773297627766929,0.07803291744656032
31760,01_SS3-98-C_comp.jams,853002,19.342448979591836,1,3,3,2,2,3,persistent,True,0.1746223270893097,0.549329936504364,0.3747076094150543,0.3540811836719513,0.20333430171012878,-0.027246856689453147,0.06265842914581299
5939,00_Jazz2-110-Bb_comp.jams,576264,13.067210884353742,2,2,2,3,3,2,persistent,True,0.17411386966705322,0.5837649703025818,0.40965110063552856,0.4301007091999054,0.1368418037891388,-0.08881229162216187,-0.03651827573776245
48056,03_BN2-166-Ab_comp.jams,381994,8.661995464852607,0,4,4,4,3,4,new,True,0.17399916052818298,0.5549712181091309,0.3809720575809479,0.36620429158210754,-0.006707519292831421,-0.10404205322265625,0.057514071464538574
67233,04_Jazz3-150-C_comp.jams,294741,6.683469387755102,0,3,3,2,2,3,persistent,True,0.17297020554542542,0.4715483486652374,0.298578143119812,0.32393088936805725,0.17581966519355774,0.07553390834642493,0.009438854715098532
37329,02_Jazz1-200-B_comp.jams,410446,9.307165532879818,2,2,2,3,3,2,persistent,True,0.17292749881744385,0.576585054397583,0.40365755558013916,0.4123782515525818,0.14707165956497192,-0.05518198013305664,-0.02006222985007544
8319,00_Rock1-130-A_comp.jams,718481,16.292086167800452,2,4,4,4,3,4,new,True,0.1701388955116272,0.37306180596351624,0.20292291045188904,0.23579327762126923,-0.09242101013660431,-0.14787602424621582,-0.06541874673631456
29680,01_SS2-107-Ab_comp.jams,87452,1.9830385487528344,4,3,3,3,2,2,new,False,0.16623464226722717,0.555951714515686,0.38971707224845886,0.36367762088775635,-0.36367762088775635,-0.10784313082695007,0.1288515329360962
63282,04_Funk2-119-G_comp.jams,478261,10.844920634920635,1,3,3,4,4,3,persistent,True,0.16600337624549866,0.42969173192977905,0.2636883556842804,0.25052693486213684,0.4023970067501068,0.05898973345756531,0.23607158660888672
58881,03_SS2-107-Ab_comp.jams,1435066,32.54117913832199,4,3,3,2,2,2,persistent,True,0.16520704329013824,0.3157736361026764,0.15056659281253815,0.13136447966098785,0.19452409446239471,0.00918704516267127,0.11202238683831203
20197,01_Funk3-112-C#_comp.jams,838507,19.013764172335602,1,3,3,3,4,4,new,True,0.16423524916172028,0.41363319754600525,0.24939794838428497,0.2725364863872528,-0.25552898086607456,0.11291561126708982,0.21531133651733397
18456,01_Funk1-114-Ab_comp.jams,488015,11.06609977324263,2,2,2,2,3,2,new,True,0.16332149505615234,0.48184946179389954,0.3185279667377472,0.33625528216362,-0.17236566543579102,-0.04058139038085934,-0.08383908081054692
41009,02_Rock2-142-D_comp.jams,327142,7.418185941043084,0,2,2,3,3,3,persistent,True,0.16223657131195068,0.5184150338172913,0.3561784625053406,0.3767814338207245,0.10263791680335999,-0.022532005009688716,0.16691913754921262
2877,00_Funk2-119-G_comp.jams,17337,0.39312925170068025,1,3,3,3,2,3,new,True,0.16220887005329132,0.3844088912010193,0.22220002114772797,0.22249701619148254,-0.004799202084541321,-0.02219978968302405,-0.09984428087870278
31858,01_SS3-98-C_comp.jams,1075319,24.383650793650794,1,2,2,4,4,4,persistent,True,0.1619582176208496,0.342295378446579,0.18033716082572937,0.23678821325302124,0.11205750703811646,0.09943085450392505,0.05420015408442569
49767,03_Funk2-119-G_comp.jams,222871,5.053764172335601,1,4,4,3,3,4,persistent,True,0.1614297330379486,0.38874173164367676,0.22731199860572815,0.2134450227022171,0.2584080547094345,-0.00963380164706834,-0.04151792624562056
17875,01_BN3-154-E_comp.jams,438378,9.940544217687075,1,2,2,3,3,3,persistent,True,0.1607641577720642,0.5315133333206177,0.37074917554855347,0.40773656964302063,0.0025213658809661865,-0.0827048165457589,0.06926517097317442
49212,03_Funk2-108-Eb_comp.jams,134367,3.0468707482993196,4,2,2,3,3,2,persistent,True,0.15959757566452026,0.4860621392726898,0.32646456360816956,0.37729597091674805,0.23053604364395142,-0.05207869741651744,-0.03478084670172793
38876,02_Jazz3-137-Eb_comp.jams,1023985,23.219614512471654,4,3,3,3,2,3,new,True,0.15926069021224976,0.5392327308654785,0.37997204065322876,0.3724539875984192,-0.00787624716758728,-0.0022835135459899902,-0.013485491275787354
66788,04_Jazz3-137-Eb_comp.jams,395660,8.9718820861678,4,4,4,3,3,4,persistent,True,0.15898969769477844,0.48543858528137207,0.32644888758659363,0.3562886714935303,0.20171141624450684,-0.04804128408432007,-0.06712934374809265
58649,03_SS2-107-Ab_comp.jams,804204,18.23591836734694,4,3,3,3,4,4,new,False,0.1587243676185608,0.49224579334259033,0.33352142572402954,0.3403194546699524,-0.3403194546699524,0.031029564993722114,0.10581018811180481
14331,00_SS2-107-Ab_comp.jams,704730,15.980272108843538,4,3,3,2,2,3,persistent,True,0.15675872564315796,0.482208251953125,0.32544952630996704,0.2637985348701477,0.24690639972686768,0.007140972739771767,-0.2045237691778886
63897,04_Funk3-112-C#_comp.jams,472729,10.719478458049887,1,4,4,3,3,4,persistent,True,0.15652504563331604,0.4551849961280823,0.29865995049476624,0.2792707681655884,0.1573261320590973,-0.006318853535783431,-0.08902271515732513
24906,01_Rock1-90-C#_comp.jams,851127,19.299931972789114,4,4,4,4,5,4,new,True,0.15579253435134888,0.49011915922164917,0.3343266248703003,0.32245752215385437,-0.0775454193353653,0.08193484219637781,0.22225739739157935
18501,01_Funk1-114-Ab_comp.jams,667276,15.130975056689342,2,3,3,2,2,2,persistent,True,0.15375807881355286,0.5301563739776611,0.3763982951641083,0.3515450060367584,0.254606157541275,0.05441649242113994,0.18968678546208212
25048,01_Rock1-90-C#_comp.jams,1160229,26.309047619047618,4,3,3,2,2,3,persistent,True,0.15334074199199677,0.3340332806110382,0.18069253861904144,0.1740926206111908,0.10235723853111267,0.00199127197265625,-0.09994363784790042
46757,02_SS3-98-C_comp.jams,513500,11.643990929705215,1,3,3,4,4,4,persistent,True,0.15201231837272644,0.39176949858665466,0.23975718021392822,0.25582417845726013,0.30561181902885437,0.06214842200279236,0.09053966403007507
3646,00_Funk3-112-C#_comp.jams,190521,4.320204081632653,1,3,3,2,2,2,persistent,True,0.151982843875885,0.3683866262435913,0.2164037823677063,0.20294731855392456,0.15298810601234436,-0.008562258311680393,0.21854874065944127
32127,01_SS3-98-C_comp.jams,1654156,37.50920634920635,1,2,2,2,3,2,new,True,0.15116359293460846,0.3731687068939209,0.22200511395931244,0.26178789138793945,-0.14483173191547394,-0.1175575786166721,0.0001329845852321987
24997,01_Rock1-90-C#_comp.jams,1058539,24.003151927437642,4,3,3,3,2,3,new,True,0.14985525608062744,0.5227194428443909,0.3728641867637634,0.370439350605011,-0.036764949560165405,0.007293301959370446,-0.08723181347514308
23695,01_Jazz3-150-C_comp.jams,1122959,25.463922902494332,0,2,2,3,3,3,persistent,True,0.14848968386650085,0.5417253375053406,0.3932356536388397,0.46449699997901917,0.06380078196525574,-0.022965507507324234,0.2510661888122559
10637,00_Rock2-85-F_comp.jams,553254,12.545442176870749,2,3,3,2,2,3,persistent,True,0.146601140499115,0.40018877387046814,0.25358763337135315,0.25763481855392456,0.1546008288860321,0.046657138400607645,0.03357307999222364
63187,04_Funk2-119-G_comp.jams,122131,2.7694104308390024,1,4,4,3,3,3,persistent,True,0.14506542682647705,0.5089399218559265,0.36387449502944946,0.35620200634002686,0.2253814935684204,0.004085450660525347,0.12355489055002766
5183,00_Jazz1-130-D_comp.jams,358751,8.134943310657597,4,3,3,4,4,4,persistent,True,0.14493978023529053,0.3583835959434509,0.2134438157081604,0.2037513554096222,0.2155180275440216,0.04518996344672305,0.24321043226453995
67367,04_Jazz3-150-C_comp.jams,716443,16.245873015873016,0,3,3,3,2,3,new,True,0.14455172419548035,0.4102737009525299,0.26572197675704956,0.32125425338745117,-0.22748638689517975,0.07375072297595794,0.01225126357305617
38681,02_Jazz3-137-Eb_comp.jams,289872,6.573061224489796,4,3,3,4,4,4,persistent,True,0.14419615268707275,0.5211595296859741,0.37696337699890137,0.36521396040916443,0.208830326795578,-0.0048177485563317135,0.115616934640067
68175,04_Rock1-90-C#_comp.jams,102159,2.316530612244898,4,3,3,2,2,3,persistent,True,0.14391088485717773,0.5618647336959839,0.41795384883880615,0.43960142135620117,0.014296352863311768,-0.0019686420758565637,0.0802855690320333
57128,03_Rock3-148-C_comp.jams,608363,13.795079365079365,0,3,3,3,5,5,new,True,0.14336487650871277,0.3693440556526184,0.22597917914390564,0.2864757180213928,-0.22067882120609283,0.1593061570198305,0.1142471682640814
63555,04_Funk2-119-G_solo.jams,33889,0.7684580498866214,1,2,2,2,3,2,new,True,0.1421804577112198,0.3367566168308258,0.19457615911960602,0.1676316261291504,-0.1586095169186592,-0.12700730562210083,-0.21246489882469177
54623,03_Rock1-90-C#_comp.jams,940945,21.336621315192744,4,2,2,3,3,3,persistent,True,0.14167886972427368,0.5491685271263123,0.4074896574020386,0.4097427427768707,0.1436484158039093,-0.02718803826279531,0.09610339788001354
31924,01_SS3-98-C_comp.jams,1222069,27.711315192743765,1,2,2,2,3,2,new,True,0.14148232340812683,0.3715471029281616,0.2300647795200348,0.23420456051826477,-0.08831407129764557,-0.11153921484947205,-0.08228307962417603
48013,03_BN2-166-Ab_comp.jams,182893,4.147233560090703,0,4,4,2,2,2,persistent,True,0.14144791662693024,0.3868687152862549,0.24542079865932465,0.2381063997745514,0.24486258625984192,0.07269444511932077,-0.03270699214009409
31961,01_SS3-98-C_comp.jams,1304111,29.571678004535148,1,2,2,4,4,2,persistent,True,0.14140918850898743,0.3947184979915619,0.25330930948257446,0.2438926100730896,0.4161278009414673,-0.12318839132785797,-0.02517162263393402
46613,02_SS3-98-C_comp.jams,134425,3.048185941043084,1,3,3,3,2,3,new,True,0.14037495851516724,0.48816609382629395,0.3477911353111267,0.3474457263946533,-0.12173163890838623,-0.016369955880301323,-0.0055611668800821246
41242,02_Rock2-142-D_comp.jams,997545,22.620068027210884,0,3,3,4,4,4,persistent,True,0.13966059684753418,0.45081213116645813,0.31115153431892395,0.283645361661911,0.1289292275905609,-0.04449113699106072,0.07784121586726261
9032,00_Rock1-90-C#_comp.jams,801130,18.166213151927437,4,2,2,3,3,2,persistent,True,0.13726775348186493,0.3180854618549347,0.18081770837306976,0.17478400468826294,0.09132319688796997,-0.07948201894760132,-0.07495824992656708
63405,04_Funk2-119-G_comp.jams,967077,21.92918367346939,1,3,3,3,4,4,new,True,0.13679367303848267,0.43801963329315186,0.3012259602546692,0.29263702034950256,-0.10849688947200775,0.0801797701617864,0.08572937372162587
10519,00_Rock2-85-F_comp.jams,303319,6.877981859410431,2,4,4,2,3,4,persistent,True,0.1365402489900589,0.34996849298477173,0.21342824399471283,0.22479648888111115,0.015751659870147705,-0.12360061298717151,-0.18889108571139251
63232,04_Funk2-119-G_comp.jams,300187,6.806961451247165,1,4,4,3,3,3,persistent,True,0.13605251908302307,0.4526841640472412,0.31663164496421814,0.2989034354686737,0.3451865613460541,0.005389004945755005,-0.19234469532966614
63236,04_Funk2-119-G_comp.jams,308234,6.989433106575964,1,2,2,3,3,2,persistent,True,0.13605189323425293,0.47322362661361694,0.337171733379364,0.35079312324523926,0.06565192341804504,-0.11513578190523038,-0.11296463012695312
47216,02_SS3-98-C_comp.jams,1683431,38.173038548752835,1,2,2,3,3,2,persistent,True,0.13537034392356873,0.5168717503547668,0.3815014064311981,0.3679679036140442,0.15784674882888794,-0.12129472550891696,-0.09647787184942336
35583,02_Funk3-112-C#_comp.jams,310342,7.037233560090703,1,2,2,3,3,2,persistent,True,0.13452371954917908,0.42992228269577026,0.2953985631465912,0.2997550666332245,0.08618664741516113,-0.10695437727303342,-0.16900455540624157
35616,02_Funk3-112-C#_comp.jams,437999,9.931950113378685,1,2,2,3,3,3,persistent,True,0.1335270255804062,0.3721825182437897,0.23865549266338348,0.24110113084316254,0.1829373985528946,-0.08629568190801712,-0.10020428612118676
18485,01_Funk1-114-Ab_comp.jams,610144,13.835464852607709,2,3,3,2,2,2,persistent,True,0.13260570168495178,0.45998433232307434,0.32737863063812256,0.32130929827690125,0.2614962160587311,0.07686724837537837,0.23788190512132892
31958,01_SS3-98-C_comp.jams,1297740,29.42721088435374,1,3,3,2,2,2,persistent,True,0.13260343670845032,0.4075351059436798,0.2749316692352295,0.26664093136787415,0.2217603623867035,-0.013173818588256836,-0.009325265884399414
51544,03_Jazz1-130-D_comp.jams,589303,13.362879818594104,4,3,3,2,2,2,persistent,True,0.1320013403892517,0.4001646935939789,0.2681633532047272,0.26934143900871277,0.18300539255142212,0.006213848407451927,0.07207907163179839
19007,01_Funk2-108-Eb_comp.jams,766135,17.37267573696145,4,2,2,3,3,2,persistent,True,0.13174325227737427,0.5190880298614502,0.3873447775840759,0.3965715765953064,0.19662392139434814,-0.03974173340616349,0.11973349655730814
31686,01_SS3-98-C_comp.jams,681353,15.450181405895691,1,2,2,3,3,2,persistent,True,0.13093571364879608,0.2923310697078705,0.1613953560590744,0.2033955156803131,0.21445751190185547,-0.115887850522995,-0.01562616229057312
54663,03_Rock1-90-C#_comp.jams,1045453,23.706417233560092,4,2,2,3,3,3,persistent,True,0.13091516494750977,0.5482811331748962,0.4173659682273865,0.4163626730442047,0.1213928759098053,-0.02718803826279531,0.19408431766540046
3860,00_Funk3-112-C#_comp.jams,727514,16.49691609977324,1,2,2,3,3,2,persistent,True,0.13008324801921844,0.3494534194469452,0.21937017142772675,0.21706753969192505,0.2527085542678833,-0.11153921484947205,-0.0399109423160553
71220,04_Rock3-148-C_comp.jams,817995,18.548639455782315,0,3,3,3,2,2,new,True,0.12952670454978943,0.3886856138706207,0.2591589093208313,0.2103080004453659,-0.02181127667427063,0.07669374780747495,0.28264275337885886
49270,03_Funk2-108-Eb_comp.jams,392738,8.90562358276644,4,4,4,4,3,3,new,False,0.1292581856250763,0.28663477301597595,0.15737658739089966,0.133907288312912,-0.133907288312912,0.009811758995056152,-0.039747267961502075
54086,03_Rock1-130-A_comp.jams,864601,19.60546485260771,2,2,2,3,3,3,persistent,True,0.12855368852615356,0.4573605954647064,0.32880690693855286,0.376074880361557,0.1822572648525238,-0.034011736783114366,0.0973819385875355
3790,00_Funk3-112-C#_comp.jams,560093,12.700521541950113,1,3,3,2,2,2,persistent,True,0.12815804779529572,0.3453749418258667,0.21721689403057098,0.21165382862091064,0.0965060293674469,0.01513635994184137,-0.009969201418432883
40136,02_Rock1-130-A_comp.jams,928336,21.050702947845807,2,4,4,3,3,3,persistent,True,0.12756717205047607,0.47829487919807434,0.35072770714759827,0.3554578721523285,0.1719318926334381,-0.09372647603352868,-0.07032648722330731
67909,04_Rock1-130-A_comp.jams,723557,16.40718820861678,2,3,3,3,2,3,new,True,0.12727859616279602,0.5489218831062317,0.42164328694343567,0.4311113953590393,-0.23147255182266235,0.036012677585377406,-0.024277659023509257
12457,00_Rock3-148-C_comp.jams,412056,9.343673469387754,0,3,3,5,4,3,persistent,True,0.12706074118614197,0.27030670642852783,0.14324596524238586,0.14974816143512726,0.12922589480876923,-0.02662418506763603,-0.01868595900358977
58814,03_SS2-107-Ab_comp.jams,1236913,28.047913832199548,4,2,2,3,3,2,persistent,True,0.12664154171943665,0.45597168803215027,0.3293301463127136,0.32494789361953735,0.21922969818115234,-0.03577123369489399,0.11003157070704866
16111,00_SS3-98-C_comp.jams,986042,22.35922902494331,1,3,3,4,4,3,persistent,True,0.12595638632774353,0.496613472700119,0.3706570863723755,0.3437691032886505,0.12831971049308777,-0.022012561559677124,-0.10781669616699219
62646,04_Funk2-108-Eb_comp.jams,313704,7.113469387755102,4,2,2,3,3,3,persistent,True,0.1257241666316986,0.40366944670677185,0.27794528007507324,0.29956647753715515,0.11459082365036011,-0.026188316991773708,-0.1603121676687467
17446,01_BN2-166-Ab_comp.jams,557912,12.651065759637188,0,3,3,4,4,4,persistent,True,0.12551510334014893,0.4894108474254608,0.3638957440853119,0.35911834239959717,0.08469656109809875,-0.06051191530729594,0.08090744520488535
17837,01_BN3-154-E_comp.jams,301475,6.836167800453515,1,4,4,3,3,3,persistent,True,0.12485158443450928,0.4616003930568695,0.33674880862236023,0.3285672962665558,0.20037928223609924,0.004085450660525347,-0.17176085945189468
9024,00_Rock1-90-C#_comp.jams,781031,17.71045351473923,4,3,3,3,4,4,new,True,0.12366724014282227,0.4119511544704437,0.28828391432762146,0.36366206407546997,-0.036026060581207275,0.03787955259665465,0.018127734844501198
57054,03_Rock3-148-C_comp.jams,447149,10.139433106575964,0,3,3,4,5,5,persistent,True,0.12306173145771027,0.33370766043663025,0.21064592897891998,0.19335564970970154,-0.08668399602174759,0.12422973878922003,0.14461055878669982
11535,00_Rock2-85-F_solo.jams,1942964,44.05814058956916,2,3,3,2,2,3,persistent,True,0.12226220965385437,0.49885693192481995,0.3765947222709656,0.37481793761253357,0.1386132538318634,0.06016953350746468,0.00891742967579462
49328,03_Funk2-108-Eb_comp.jams,624953,14.171269841269842,4,3,3,3,2,3,new,True,0.12178799510002136,0.5397998690605164,0.418011873960495,0.4436595141887665,-0.007652401924133301,-0.06896552443504333,-0.18965516984462738
41085,02_Rock2-142-D_comp.jams,568799,12.897936507936508,0,2,2,2,3,3,new,True,0.1200542151927948,0.4332124888896942,0.3131582736968994,0.34791311621665955,-0.18782059848308563,0.008281290531158447,0.09844520688056946
32090,01_SS3-98-C_comp.jams,1579528,35.81696145124717,1,2,2,3,3,2,persistent,True,0.11990159749984741,0.42029306292533875,0.30039146542549133,0.32725343108177185,0.13999760150909424,-0.1092827796936035,-0.02004964351654054
28169,01_Rock3-148-C_comp.jams,340172,7.713650793650793,0,2,2,2,3,4,new,False,0.11969244480133057,0.3961853086948395,0.2764928638935089,0.2793954610824585,-0.2793954610824585,0.04509761929512024,0.02541816234588623
68649,04_Rock1-90-C#_comp.jams,1336158,30.298367346938775,4,3,3,4,4,4,persistent,True,0.11940506100654602,0.351211816072464,0.23180675506591797,0.2776719629764557,0.013004481792449951,0.05346693072402686,0.18229832565575316
35802,02_Funk3-112-C#_comp.jams,1193843,27.071269841269842,1,2,2,3,3,3,persistent,True,0.11933565139770508,0.3749226927757263,0.25558704137802124,0.27552348375320435,0.11275452375411987,-0.0903710562085348,-0.09574747842455666
50194,03_Funk3-112-C#_comp.jams,130476,2.958639455782313,1,2,2,3,3,2,persistent,True,0.1181153953075409,0.3686968684196472,0.2505814731121063,0.22744610905647278,0.522714763879776,-0.12414104938507081,-0.10975069999694825
48567,03_BN3-154-E_comp.jams,945682,21.444036281179137,1,4,4,2,2,4,persistent,True,0.11769282817840576,0.33402928709983826,0.2163364589214325,0.23305417597293854,0.2238001972436905,0.15179697672526044,0.05125954300885038
63731,04_Funk2-119-G_solo.jams,1068763,24.23498866213152,1,2,2,3,3,2,persistent,True,0.11767512559890747,0.39518699049949646,0.277511864900589,0.19599515199661255,0.005457878112792969,-0.12700730562210083,-0.32784950733184814
8288,00_Rock1-130-A_comp.jams,645846,14.645034013605443,2,4,4,3,3,4,persistent,True,0.11511420458555222,0.1657436639070511,0.05062945932149887,0.05297119915485382,0.4376280754804611,-0.10048161853443494,0.206243710084395
2606,00_Funk2-108-Eb_comp.jams,1280556,29.037551020408163,4,4,4,4,3,5,new,True,0.11433643102645874,0.4355461597442627,0.32120972871780396,0.37384822964668274,-0.037930577993392944,-0.033373601228288086,-0.143199902136349
18475,01_Funk1-114-Ab_comp.jams,569535,12.914625850340135,2,2,2,4,3,2,persistent,True,0.1142638623714447,0.3354884684085846,0.2212246060371399,0.22230423986911774,-0.07039767503738403,-0.07065939903259277,-0.001927667193942606
36910,02_Jazz1-130-D_comp.jams,747145,16.942063492063493,4,3,3,2,2,3,persistent,True,0.11320516467094421,0.5138887166976929,0.40068355202674866,0.3864542245864868,0.023065149784088135,0.006828571887726509,-0.16214200283618685
49816,03_Funk2-119-G_comp.jams,445021,10.091179138321996,1,4,4,4,3,3,new,True,0.11268791556358337,0.4308500587940216,0.31816214323043823,0.35467952489852905,-0.1549721658229828,0.07534261693291489,0.04271693918156755
8124,00_Rock1-130-A_comp.jams,229223,5.1978004535147395,2,3,3,2,2,2,persistent,True,0.11226533353328705,0.30601418018341064,0.1937488466501236,0.17555657029151917,0.45912203192710876,0.07383976967681743,0.1480401446561858
61440,04_BN2-166-Ab_comp.jams,564421,12.798662131519274,0,4,4,4,2,4,new,True,0.11198046803474426,0.34569501876831055,0.23371455073356628,0.13783442974090576,-0.11947784759104252,0.05614161491394043,-0.07698166370391846
53603,03_Jazz3-150-C_comp.jams,1085081,24.60501133786848,0,3,3,2,2,3,persistent,True,0.11101123690605164,0.424590140581131,0.31357890367507935,0.3065851330757141,0.17257097363471985,0.06009284655253094,-0.09746905167897546
10971,00_Rock2-85-F_comp.jams,1330301,30.165555555555557,2,4,4,3,2,2,persistent,True,0.11068156361579895,0.2945001423358917,0.18381857872009277,0.21643145382404327,0.014488577842712402,0.1036560090921693,0.1488846439426228
66771,04_Jazz3-137-Eb_comp.jams,339408,7.696326530612245,4,4,4,3,3,4,persistent,True,0.11044034361839294,0.5188817381858826,0.4084413945674896,0.3942018151283264,0.1558961272239685,-0.03277591422752102,0.11047829522026914
49217,03_Funk2-108-Eb_comp.jams,146603,3.324331065759637,4,3,3,4,4,4,persistent,True,0.11042657494544983,0.37708526849746704,0.2666586935520172,0.2644684910774231,0.24128329753875732,0.05970103924091047,0.22541885375976561
65581,04_Jazz1-200-B_comp.jams,344752,7.81750566893424,2,4,4,2,3,4,persistent,True,0.11011618375778198,0.423816978931427,0.313700795173645,0.31169813871383667,-0.1797160655260086,-0.17073169350624084,-0.42572061717510223
66111,04_Jazz2-110-Bb_comp.jams,1122145,25.44546485260771,2,4,4,3,3,4,persistent,True,0.10961267352104187,0.47074049711227417,0.3611278235912323,0.3900320529937744,0.08151364326477051,-0.1311821738878886,-0.3660338521003723
60535,03_SS3-98-C_comp.jams,1222707,27.72578231292517,1,2,2,2,4,4,new,False,0.10953076183795929,0.26278024911880493,0.15324948728084564,0.18121260404586792,-0.18121260404586792,0.044444456696510315,-0.027450978755950928
63924,04_Funk3-112-C#_comp.jams,544146,12.33891156462585,1,2,2,3,3,3,persistent,True,0.1094464361667633,0.3845711946487427,0.27512475848197937,0.32570958137512207,0.010339587926864624,-0.09109857678413391,0.07812455296516418
55256,03_Rock2-142-D_comp.jams,979876,22.219410430839,0,3,3,4,2,2,persistent,False,0.10938052833080292,0.3593639135360718,0.24998338520526886,0.24953660368919373,-0.24953660368919373,0.10384958130972721,0.3372512544904437
25403,01_Rock2-142-D_comp.jams,104063,2.3597052154195013,0,2,2,3,3,2,persistent,True,0.10895195603370667,0.5165559649467468,0.40760400891304016,0.4103524088859558,0.16021180152893066,-0.06582470263464973,-0.07662116875082758
12679,00_Rock3-148-C_comp.jams,901836,20.449795918367347,0,2,2,3,3,2,persistent,True,0.10890060663223267,0.2891206443309784,0.18022003769874573,0.1573604941368103,0.1688026785850525,-0.11463245749473572,-0.11734715104103088
31518,01_SS3-98-C_comp.jams,317882,7.208208616780046,1,4,4,4,5,3,new,True,0.10886377096176147,0.38270825147628784,0.27384448051452637,0.2949732542037964,-0.10740292072296143,0.02222222089767456,0.06333334743976593
18862,01_Funk2-108-Eb_comp.jams,85046,1.9284807256235827,4,3,3,2,2,3,persistent,True,0.1074819564819336,0.4351503849029541,0.3276684284210205,0.2983640432357788,0.021266132593154907,-0.005469231378464445,-0.12255870728265669
58163,03_SS1-68-E_comp.jams,1831709,41.5353514739229,0,2,2,2,3,3,new,True,0.10727861523628235,0.4696905016899109,0.36241188645362854,0.39398956298828125,-0.12841886281967163,0.02407432737804599,0.10533010391961961
66011,04_Jazz2-110-Bb_comp.jams,735410,16.67596371882086,2,3,3,3,2,2,new,True,0.10692527890205383,0.5161189436912537,0.40919366478919983,0.44070756435394287,-0.011648058891296387,0.05627014267612507,-0.1555474778296242
35596,02_Funk3-112-C#_comp.jams,378688,8.58702947845805,1,2,2,3,3,3,persistent,True,0.10595636069774628,0.3358112871646881,0.22985492646694183,0.213128462433815,0.27077288925647736,-0.08428265788767597,0.02701579934299586
19098,01_Funk2-108-Eb_comp.jams,1206807,27.365238095238094,4,3,3,3,5,5,new,False,0.10550248622894287,0.39632800221443176,0.2908255159854889,0.30291005969047546,-0.30291005969047546,-0.10505317151546478,-0.10505317151546478
5494,00_Jazz1-200-B_comp.jams,13471,0.3054648526077097,2,2,2,3,3,2,persistent,True,0.10496523976325989,0.51496422290802,0.40999898314476013,0.3892197012901306,0.031199783086776733,-0.08280941843986511,-0.04074281454086304
17413,01_BN2-166-Ab_comp.jams,438684,9.947482993197278,0,4,4,3,3,3,persistent,True,0.10470059514045715,0.4993838965892792,0.394683301448822,0.3652438223361969,0.17902031540870667,-0.016220530525582755,-0.006244513506446392
63981,04_Funk3-112-C#_comp.jams,697211,15.809773242630385,1,3,3,4,4,4,persistent,True,0.10443106293678284,0.33830004930496216,0.23386898636817932,0.2407122105360031,0.21542556583881378,0.07947772216796878,0.016058715820312486
38710,02_Jazz3-137-Eb_comp.jams,406762,9.223628117913833,4,3,3,3,2,3,new,True,0.10338214039802551,0.5169820189476013,0.4135998785495758,0.42965930700302124,-0.15761545300483704,-0.00889306068420409,-0.08456236521402993
31971,01_SS3-98-C_comp.jams,1324482,30.03360544217687,1,2,2,3,3,2,persistent,True,0.10273052752017975,0.28302001953125,0.18028949201107025,0.19941982626914978,0.15976855158805847,-0.09648642332657525,-0.07054710388183594
44837,02_SS2-107-Ab_comp.jams,372130,8.438321995464852,4,3,3,3,2,3,new,True,0.10272181034088135,0.49082744121551514,0.3881056308746338,0.40114492177963257,-0.008008569478988647,0.015920184907459112,-0.06760560898553758
58436,03_SS2-107-Ab_comp.jams,210221,4.766916099773242,4,3,3,2,2,3,persistent,True,0.10254910588264465,0.31553104519844055,0.2129819393157959,0.21066299080848694,0.16746830940246582,0.008635300856370154,0.1460843557839865
12463,00_Rock3-148-C_comp.jams,424431,9.624285714285714,0,4,4,3,5,5,persistent,False,0.10203011333942413,0.277191162109375,0.17516104876995087,0.17631344497203827,-0.17631344497203827,0.1846606731414795,0.2161195874214172
7484,00_Jazz3-150-C_comp.jams,345289,7.82968253968254,0,4,4,3,3,4,persistent,True,0.10163018107414246,0.5103231072425842,0.4086929261684418,0.3284878432750702,0.2125021517276764,-0.023252787214986415,-0.15826034545898438
49874,03_Funk2-119-G_comp.jams,756764,17.160181405895692,1,3,3,2,2,3,persistent,True,0.10107111930847168,0.4776405096054077,0.37656939029693604,0.32416680455207825,0.15239465236663818,-0.03068353913047095,-0.16190901669588956
7088,00_Jazz3-137-Eb_comp.jams,841521,19.082108843537416,4,3,3,2,2,3,persistent,True,0.10076853632926941,0.3590494990348816,0.2582809627056122,0.2367682009935379,0.3747734874486923,-0.04652532935142517,0.09465688467025757
29703,01_SS2-107-Ab_comp.jams,160910,3.6487528344671203,4,3,3,2,2,3,persistent,True,0.10037994384765625,0.45598506927490234,0.3556051254272461,0.3663044273853302,0.22356602549552917,-0.01587583468510556,-0.1698026657104492
32145,01_SS3-98-C_comp.jams,1689724,38.31573696145125,1,2,2,2,4,2,new,True,0.09990637004375458,0.2970048487186432,0.1970984786748886,0.21251052618026733,-0.14762598276138306,-0.12318839132785797,-0.07391305267810822
57107,03_Rock3-148-C_comp.jams,554979,12.584557823129252,0,4,4,3,3,4,persistent,True,0.09967462718486786,0.3495052456855774,0.24983061850070953,0.2655266225337982,0.0020605921745300293,-0.04826314290364586,-0.06168373107910158
18595,01_Funk1-114-Ab_comp.jams,1068007,24.217845804988663,2,2,2,3,3,2,persistent,True,0.09927839040756226,0.36373475193977356,0.2644563615322113,0.26907700300216675,0.2658657431602478,-0.039355249965892125,-0.05458742029526653
26950,01_Rock2-85-F_comp.jams,1900234,43.08920634920635,2,2,2,3,3,2,persistent,True,0.09694316983222961,0.4654821455478668,0.3685389757156372,0.417866587638855,0.08421164751052856,-0.0733109712600708,-0.17279890179634094
25571,01_Rock2-142-D_comp.jams,493400,11.188208616780045,0,2,2,2,3,2,new,True,0.09561875462532043,0.35528427362442017,0.25966551899909973,0.2319088578224182,-0.04154779016971588,-0.05941086345248753,-0.0858759880065918
23295,01_Jazz3-137-Eb_comp.jams,976735,22.148185941043085,4,2,2,2,3,2,new,True,0.0956180989742279,0.43453747034072876,0.33891937136650085,0.35422128438949585,-0.03582063317298889,-0.03913157593970201,-0.04034509845808443
46901,02_SS3-98-C_comp.jams,865360,19.62267573696145,1,3,3,2,2,3,persistent,True,0.09485219419002533,0.29655125737190247,0.20169906318187714,0.2155303806066513,0.062111929059028625,-0.00292299231704396,-0.15041307202812768
60579,03_SS3-98-C_comp.jams,1329587,30.14936507936508,1,3,3,2,4,4,persistent,True,0.09367474913597107,0.25978273153305054,0.16610798239707947,0.18644580245018005,-0.07221857458353043,0.1073293515614101,0.10438321317945207
70141,04_Rock2-85-F_solo.jams,402679,9.131043083900227,2,2,2,3,3,2,persistent,True,0.09257271885871887,0.3843207061290741,0.2917479872703552,0.29848891496658325,0.38660430908203125,-0.06796007378156793,0.0651090755019077
10230,00_Rock2-142-D_solo.jams,344444,7.810521541950114,0,2,2,3,3,2,persistent,True,0.09208497405052185,0.4445074796676636,0.3524225056171417,0.3490080237388611,0.011346876621246338,-0.05461543880096853,-0.052907839213332086
19128,01_Funk2-108-Eb_comp.jams,1323234,30.005306122448978,4,3,3,3,2,2,new,True,0.09192466735839844,0.4748445153236389,0.3829198479652405,0.39578497409820557,-0.2851840779185295,0.007476747035980225,-0.035519321759541866
48172,03_BN2-166-Ab_comp.jams,836774,18.974467120181405,0,4,4,2,2,2,persistent,True,0.09061098098754883,0.36972975730895996,0.27911877632141113,0.31958502531051636,0.03491297364234924,0.05358019107725559,-0.010231529794088257
23160,01_Jazz3-137-Eb_comp.jams,386851,8.772131519274376,4,2,2,3,3,2,persistent,True,0.09001567959785461,0.5228987336158752,0.43288305401802063,0.4335554242134094,0.013683199882507324,-0.037752959307502276,-0.04743694978601787
36755,02_Jazz1-130-D_comp.jams,113748,2.5793197278911566,4,3,3,3,2,2,new,True,0.08990693092346191,0.5321792960166931,0.4422723650932312,0.5034865736961365,-0.11052489280700684,0.009419146632648867,-0.01886399753430751
47008,02_SS3-98-C_comp.jams,1147894,26.029342403628117,1,2,2,2,4,3,new,True,0.08985757827758789,0.3764292597770691,0.2865716814994812,0.2983473241329193,-0.10181200504302979,0.023489590348868522,0.050223567568022626
32016,01_SS3-98-C_comp.jams,1426044,32.33659863945578,1,3,3,3,2,3,new,True,0.08979585766792297,0.3626108467578888,0.2728149890899658,0.3179859519004822,-0.03757661581039429,-0.010407785731037789,0.12025697963444268
15817,00_SS3-98-C_comp.jams,205622,4.662630385487528,1,3,3,3,2,3,new,True,0.08956972509622574,0.19670388102531433,0.10713415592908859,0.128449484705925,-0.03471069037914276,-0.0014392501073525743,-0.13541160745823638
61400,04_BN2-166-Ab_comp.jams,422218,9.574104308390023,0,4,4,4,3,3,new,True,0.08762502670288086,0.3447459936141968,0.2571209669113159,0.3723588287830353,-0.32894379273056984,-0.018123205318007318,0.07090737098871275
19107,01_Funk2-108-Eb_comp.jams,1243752,28.20299319727891,4,4,4,3,3,5,persistent,True,0.08691805601119995,0.39427781105041504,0.3073597550392151,0.3435991406440735,0.12931397557258606,-0.027096067156110515,0.00455405220152838
62687,04_Funk2-108-Eb_comp.jams,489998,11.111065759637189,4,3,3,3,4,3,new,True,0.08666014671325684,0.4446958899497986,0.35803574323654175,0.3811200261116028,-0.24350003898143768,-0.1746031790971756,-0.2830687686800957
13153,00_SS1-68-E_comp.jams,607711,13.7802947845805,0,2,2,2,3,2,new,True,0.08645597100257874,0.3206634223461151,0.23420745134353638,0.1788771152496338,-0.08682975172996521,-0.03681803231287484,-0.1766674350006412
9855,00_Rock2-142-D_comp.jams,544399,12.344648526077098,0,4,4,3,5,5,persistent,False,0.084544837474823,0.2766171395778656,0.1920723021030426,0.20097194612026215,-0.20097194612026215,0.08974358439445496,-0.08361205458641052
38014,02_Jazz2-110-Bb_comp.jams,1432719,32.48795918367347,2,3,3,2,2,3,persistent,True,0.08407962322235107,0.4149446487426758,0.3308650255203247,0.33766353130340576,0.22178083658218384,0.0223517077309745,-0.03956501824515207
7629,00_Jazz3-150-C_comp.jams,811527,18.401972789115646,0,4,4,3,3,4,persistent,True,0.08389616012573242,0.3151526153087616,0.23125645518302917,0.22572556138038635,0.03429731726646423,-0.04150343335364476,-0.02432291960913291
64022,04_Funk3-112-C#_comp.jams,827207,18.7575283446712,1,4,4,4,5,5,new,False,0.0835178792476654,0.528873085975647,0.44535520672798157,0.4347212016582489,-0.4347212016582489,0.0,0.0
57010,03_Rock3-148-C_comp.jams,339228,7.692244897959184,0,2,2,3,3,5,persistent,True,0.08322997391223907,0.2672958970069885,0.18406592309474945,0.22056815028190613,0.26877906918525696,-0.08608940931466913,-0.08824300765991211
7702,00_Jazz3-150-C_comp.jams,1005549,22.80156462585034,0,3,3,3,2,2,new,True,0.0827774703502655,0.4936215281486511,0.4108440577983856,0.4424869120121002,-0.05505433678627014,0.07541367411613464,0.04391062259674072
16491,00_SS3-98-C_solo.jams,648108,14.696326530612245,1,3,3,4,4,3,persistent,True,0.08238506317138672,0.4725128710269928,0.3901278078556061,0.3854452669620514,0.005648225545883179,0.010676175355911255,-0.06110396981239319
58829,03_SS2-107-Ab_comp.jams,1299342,29.463537414965987,4,4,4,4,3,3,new,True,0.08222970366477966,0.3195585310459137,0.23732882738113403,0.2704404592514038,-0.008472740650177002,0.007427521693853689,0.02288055419921875
43409,02_Rock3-148-C_comp.jams,1028435,23.320521541950114,0,4,4,3,5,5,persistent,False,0.0816686749458313,0.46812155842781067,0.38645288348197937,0.4019162952899933,-0.4019162952899933,0.08974358439445496,0.17094016075134277
71256,04_Rock3-148-C_comp.jams,920929,20.882743764172336,0,4,4,4,3,4,new,True,0.08122026920318604,0.49387338757514954,0.4126531183719635,0.40674516558647156,-0.17529553174972534,-0.05931402587890622,-0.1619956359863281
26903,01_Rock2-85-F_comp.jams,1788302,40.55106575963719,2,3,3,2,2,2,persistent,True,0.08010709285736084,0.23335278034210205,0.1532456874847412,0.14624322950839996,0.5368708223104477,0.05297380878079322,0.12347799731839088
9649,00_Rock2-142-D_comp.jams,35507,0.8051473922902495,0,4,4,3,3,4,persistent,True,0.07980819046497345,0.3168147802352905,0.23700658977031708,0.2617996037006378,0.17589107155799866,-0.1012656563206723,-0.15496653004696492
63213,04_Funk2-119-G_comp.jams,211604,4.7982766439909295,1,4,4,3,3,3,persistent,True,0.07903933525085449,0.4111277163028717,0.3320883810520172,0.3366762399673462,0.1632089614868164,0.004085450660525347,-0.045992152897391725
20358,01_Funk3-112-C#_comp.jams,1465207,33.2246485260771,1,3,3,2,2,3,persistent,True,0.07875105738639832,0.4956955313682556,0.4169444739818573,0.3858616054058075,0.132425457239151,-0.09161148965358734,-0.16997791826725006
39833,02_Rock1-130-A_comp.jams,32738,0.7423582766439909,2,2,2,2,3,2,new,True,0.07828626036643982,0.4440505802631378,0.365764319896698,0.33453214168548584,-0.10495421290397644,-0.05574336332433366,-0.04388638664694389
33024,02_BN2-166-Ab_comp.jams,64315,1.458390022675737,0,2,2,3,3,3,persistent,True,0.0772659182548523,0.5169176459312439,0.4396517276763916,0.4551876485347748,0.07265397906303406,0.03322315216064453,0.21494493030366446
8190,00_Rock1-130-A_comp.jams,410951,9.318616780045351,2,3,3,2,2,3,persistent,True,0.0764625146985054,0.09832365065813065,0.021861135959625244,0.021475424990057945,0.6266839597374201,0.07774414394212803,0.09433567212975544
63397,04_Funk2-119-G_comp.jams,934120,21.18185941043084,1,3,3,2,2,3,persistent,True,0.07627293467521667,0.44017598032951355,0.3639030456542969,0.3240244388580322,0.10762804746627808,0.001282036304473877,-0.03176179528236389
8134,00_Rock1-130-A_comp.jams,252740,5.731065759637188,2,3,3,2,2,3,persistent,True,0.07485473155975342,0.31353530287742615,0.23868057131767273,0.20849935710430145,0.4939999133348465,0.05978599137174867,0.1815257729170565
56012,03_Rock2-85-F_comp.jams,1538322,34.88258503401361,2,2,2,3,3,2,persistent,True,0.07448258996009827,0.4762307405471802,0.4017481505870819,0.4411093592643738,0.11386173963546753,-0.0327075719833374,0.038819646835327126
2022,00_Funk1-114-Ab_comp.jams,1053128,23.88045351473923,2,3,3,3,2,3,new,True,0.07429105043411255,0.4058738648891449,0.33158281445503235,0.3451548218727112,-0.05599766969680786,0.04516497696980387,-0.2763772152438022
32064,01_SS3-98-C_comp.jams,1526036,34.60399092970521,1,2,2,4,4,3,persistent,True,0.07259535789489746,0.14199720323085785,0.06940184533596039,0.08561886847019196,0.1125720739364624,-0.02778432954032467,0.03907243260797466
71312,04_Rock3-148-C_comp.jams,1063735,24.120975056689343,0,4,4,3,3,3,persistent,True,0.07239466905593872,0.4706370234489441,0.39824235439300537,0.3594939708709717,0.2086145281791687,-0.04912651606968471,-0.09680985042027063
69116,04_Rock2-142-D_comp.jams,746065,16.917573696145126,0,3,3,2,2,3,persistent,True,0.07147207856178284,0.17465411126613617,0.10318203270435333,0.10152322798967361,0.07008899003267288,0.08997375560256668,0.034728302145904
11146,00_Rock2-85-F_comp.jams,1735848,39.36163265306122,2,2,2,3,3,2,persistent,True,0.07125794887542725,0.4407048523426056,0.36944690346717834,0.3928590714931488,0.12143751978874207,-0.05734996795654296,0.06377445856730146
34051,02_Funk1-114-Ab_comp.jams,463911,10.51952380952381,2,3,3,3,2,2,new,True,0.07086268067359924,0.3873061239719391,0.31644344329833984,0.3317025601863861,-0.300412617623806,0.06581336259841919,-0.08163630962371826
71062,04_Rock3-148-C_comp.jams,411090,9.321768707482994,0,4,4,4,3,4,new,True,0.07060232758522034,0.47167515754699707,0.40107282996177673,0.3948729336261749,-0.168192520737648,-0.05855778285435265,0.022899718511672273
60460,03_SS3-98-C_comp.jams,1026129,23.268231292517008,1,3,3,2,4,4,persistent,True,0.07054294645786285,0.2638361155986786,0.19329316914081573,0.16889725625514984,0.04321831464767456,0.1137473708704898,0.06919843272158976
3818,00_Funk3-112-C#_comp.jams,620720,14.075283446712017,1,4,4,2,3,4,persistent,True,0.06992162764072418,0.2743447422981262,0.20442311465740204,0.19635944068431854,0.0951012521982193,-0.011682738428530515,-0.10296906595644745
38707,02_Jazz3-137-Eb_comp.jams,387397,8.78451247165533,4,3,3,3,2,3,new,True,0.06978532671928406,0.5003308057785034,0.43054547905921936,0.4190583825111389,-0.08737227320671082,-0.011744642257690452,-0.20918865203857423
48556,03_BN3-154-E_comp.jams,901491,20.441972789115646,1,4,4,4,3,4,new,True,0.06967946887016296,0.5213415026664734,0.4516620337963104,0.4475908577442169,-0.1481320858001709,0.04661005193536932,-0.014014330777255002
40486,02_Rock1-90-C#_comp.jams,573379,13.001791383219954,4,3,3,3,2,2,new,True,0.06896129250526428,0.4995100796222687,0.4305487871170044,0.48448243737220764,-0.020496457815170288,0.002172963003094275,-0.12547030073873114
20044,01_Funk3-112-C#_comp.jams,141513,3.20891156462585,1,2,2,4,4,2,persistent,True,0.06818875670433044,0.4302014410495758,0.36201268434524536,0.3308260142803192,0.2529590427875519,-0.00026857852935791016,-0.017697453498840332
66117,04_Jazz2-110-Bb_comp.jams,1156014,26.2134693877551,2,3,3,3,2,3,new,True,0.06799224019050598,0.5163896083831787,0.44839736819267273,0.4798564314842224,-0.055023640394210815,0.05192984604254003,0.04905303706967734
16098,00_SS3-98-C_comp.jams,947741,21.490725623582765,1,3,3,3,2,3,new,True,0.06625306606292725,0.4570840299129486,0.39083096385002136,0.3787459433078766,-0.016451984643936157,-0.02369752526283264,-0.1715364009141922
50465,03_Funk3-112-C#_comp.jams,1204817,27.32011337868481,1,2,2,2,4,3,new,True,0.06617367267608643,0.46532031893730164,0.3991466462612152,0.3676804006099701,-0.11919032037258148,-0.04841969522197595,-0.09363810935716951
34391,02_Funk2-108-Eb_comp.jams,25405,0.5760770975056689,4,3,3,3,2,4,new,True,0.06528106331825256,0.391950786113739,0.32666972279548645,0.42547547817230225,-0.15615907311439514,0.010803370512733168,-0.16511683501014413
55628,03_Rock2-85-F_comp.jams,496529,11.259160997732426,2,3,3,3,4,3,new,True,0.06425577402114868,0.45583218336105347,0.3915764093399048,0.4068046808242798,-0.08918267488479614,0.040408302755916836,-0.14028347239774813
38608,02_Jazz3-137-Eb_comp.jams,32023,0.7261451247165532,4,2,2,3,3,3,persistent,True,0.0640420913696289,0.4379008114337921,0.3738587200641632,0.3503359854221344,0.10951417684555054,-0.017511254265194842,0.134354069119408
12498,00_Rock3-148-C_comp.jams,495419,11.233990929705216,0,2,2,3,3,2,persistent,True,0.0638401061296463,0.31100571155548096,0.24716560542583466,0.2258569896221161,0.06945210695266724,-0.10122783978780109,-0.10869183142979938
62636,04_Funk2-108-Eb_comp.jams,270332,6.129977324263039,4,2,2,3,3,2,persistent,True,0.06359171867370605,0.47506842017173767,0.4114767014980316,0.4461860656738281,0.03462982177734375,-0.07100772857666016,0.06029248237609863
70234,04_Rock2-85-F_solo.jams,1338966,30.36204081632653,2,2,2,2,4,4,new,False,0.06287086009979248,0.47816863656044006,0.4152977764606476,0.4239083528518677,-0.4239083528518677,-0.024390235543251038,-0.09233449399471283
43320,02_Rock3-148-C_comp.jams,823062,18.663537414965987,0,3,3,3,2,3,new,True,0.062490612268447876,0.4443012773990631,0.38181066513061523,0.3741520643234253,-0.0795227587223053,0.01896687916346962,-0.15262649740491596
13867,00_SS1-68-E_solo.jams,931627,21.12532879818594,0,2,2,3,3,3,persistent,True,0.06181499361991882,0.3474946916103363,0.2856796979904175,0.30912598967552185,0.0873575210571289,-0.012944311465857172,-0.002102653935270482
39915,02_Rock1-130-A_comp.jams,305561,6.9288208616780045,2,2,2,4,4,4,persistent,True,0.06091888248920441,0.262328565120697,0.20140968263149261,0.2259373962879181,0.12468412518501282,-0.11532700689215411,-0.0832416383843673
17370,01_BN2-166-Ab_comp.jams,279447,6.336666666666667,0,4,4,3,2,2,persistent,False,0.060470372438430786,0.3919627368450165,0.3314923644065857,0.31268393993377686,-0.31268393993377686,0.055638521909713745,0.17465056478977203
8965,00_Rock1-90-C#_comp.jams,637185,14.448639455782313,4,3,3,3,2,3,new,True,0.05957423150539398,0.2844696640968323,0.2248954325914383,0.2127819061279297,-0.06213615834712982,0.012602213940589246,-0.10308663361991935
8330,00_Rock1-130-A_comp.jams,743456,16.8584126984127,2,3,3,3,4,4,new,True,0.05909852683544159,0.20162859559059143,0.14253006875514984,0.16034343838691711,-0.08235864341259003,0.05382115233178236,0.18167232064639824
35683,02_Funk3-112-C#_comp.jams,660747,14.982925170068027,1,2,2,3,3,2,persistent,True,0.05882614850997925,0.43192461133003235,0.3730984628200531,0.3526390790939331,0.09175026416778564,-0.09881855579132731,0.1271502109284096
33556,02_BN3-154-E_comp.jams,551628,12.508571428571429,1,3,3,3,2,3,new,True,0.05783262848854065,0.4783596396446228,0.42052701115608215,0.4329204261302948,-0.14603248238563538,-0.023607178738242696,-0.10535812377929688
25788,01_Rock2-142-D_comp.jams,998234,22.635691609977325,0,2,2,2,3,2,new,True,0.057344406843185425,0.4342407286167145,0.37689632177352905,0.3913887143135071,-0.11452391743659973,-0.062097852880304505,-0.20417001030661847
49171,03_Funk2-108-Eb_comp.jams,6,0.00013605442176870748,4,3,3,3,4,3,new,True,0.057242006063461304,0.3150113821029663,0.257769376039505,0.2724112272262573,-0.10552360117435455,-0.05392287861217154,-0.10998117273504085
22132,01_Jazz2-110-Bb_comp.jams,232865,5.280385487528345,2,3,3,4,4,4,persistent,True,0.057016521692276,0.5006289482116699,0.4436124265193939,0.4507981836795807,0.000696718692779541,0.04031225351186901,0.0628581169324044
8251,00_Rock1-130-A_comp.jams,554770,12.579818594104308,2,4,4,4,3,3,new,True,0.0566687136888504,0.21457025408744812,0.15790154039859772,0.14296376705169678,-0.037711672484874725,-0.05467240015665692,0.07463516507829943
49951,03_Funk2-119-G_comp.jams,1175166,26.647755102040815,1,2,2,2,3,2,new,True,0.05650806427001953,0.37459829449653625,0.3180902302265167,0.3818260133266449,-0.3088481202721596,-0.1459369957447052,-0.056491732597351074
32068,01_SS3-98-C_comp.jams,1534148,34.78793650793651,1,2,2,3,3,2,persistent,True,0.05619828402996063,0.22688573598861694,0.1706874519586563,0.18484088778495789,0.17788097262382507,-0.12267416715621948,-0.17621149122714996
66797,04_Jazz3-137-Eb_comp.jams,423714,9.608027210884353,4,3,3,3,2,3,new,True,0.055683404207229614,0.487081378698349,0.4313979744911194,0.43547266721725464,-0.02690693736076355,0.01340399561701594,-0.13251263386494405
46845,02_SS3-98-C_comp.jams,729446,16.540725623582766,1,4,4,4,5,5,new,True,0.05535846948623657,0.477378785610199,0.4220203161239624,0.41950905323028564,-0.1982615888118744,0.014210104942321777,0.023177027702331543
23258,01_Jazz3-137-Eb_comp.jams,831356,18.851609977324262,4,3,3,2,2,2,persistent,True,0.05493620038032532,0.34737828373908997,0.29244208335876465,0.24175922572612762,0.4193786531686783,0.0034024047851562433,-0.06915484619140622
23635,01_Jazz3-150-C_comp.jams,723046,16.39560090702948,0,2,2,3,3,3,persistent,True,0.05463320016860962,0.514857828617096,0.46022462844848633,0.48906928300857544,0.0020692646503448486,0.041602579752604174,0.15655748416215948
48829,03_Funk1-114-Ab_comp.jams,313415,7.106916099773243,2,4,4,4,3,4,new,True,0.054217636585235596,0.40015196800231934,0.34593433141708374,0.3595757484436035,-0.1258365958929062,-0.12678009888221475,-0.19888549015439788
71332,04_Rock3-148-C_comp.jams,1113859,25.257573696145126,0,2,2,2,3,2,new,True,0.054155707359313965,0.5257880687713623,0.47163236141204834,0.5046826601028442,-0.03899833559989929,-0.07718147834142053,-0.057203213373820005
26395,01_Rock2-85-F_comp.jams,545220,12.363265306122448,2,3,3,2,2,3,persistent,True,0.05406489968299866,0.343283087015152,0.2892181873321533,0.29840075969696045,0.046016842126846313,0.04793726879617444,-0.10927420077116595
48484,03_BN3-154-E_comp.jams,567353,12.865147392290249,1,4,4,4,3,4,new,True,0.05313113331794739,0.4566815197467804,0.403550386428833,0.3591494560241699,-0.15427465736865997,-0.03307163715362549,-0.15157242616017658
31473,01_SS3-98-C_comp.jams,218993,4.965827664399093,1,2,2,3,3,2,persistent,True,0.05301547050476074,0.3278278708457947,0.27481240034103394,0.2789505422115326,0.0853198766708374,-0.12353697130756996,-0.2678487685418898
57755,03_SS1-68-E_comp.jams,741777,16.820340136054423,0,3,3,2,2,2,persistent,True,0.05282247066497803,0.42098578810691833,0.3681633174419403,0.36729541420936584,0.20341476798057556,0.07952126589688388,-0.10567861036820847
2197,00_Funk2-108-Eb_comp.jams,134759,3.0557596371882085,4,3,3,3,5,5,new,False,0.05244964361190796,0.3939002454280853,0.34145060181617737,0.321121484041214,-0.321121484041214,-0.08510637283325195,-0.11229315400123596
68239,04_Rock1-90-C#_comp.jams,294626,6.680861678004535,4,3,3,3,4,4,new,False,0.05201244354248047,0.32802435755729675,0.2760119140148163,0.29741230607032776,-0.29741230607032776,0.03845588366190594,-0.017257054646809933
2221,00_Funk2-108-Eb_comp.jams,196176,4.44843537414966,4,4,4,4,3,4,new,True,0.051574110984802246,0.3383316099643707,0.2867574989795685,0.2600719630718231,-0.031139656901359558,-0.02096173300671933,-0.04363834324167731
18550,01_Funk1-114-Ab_comp.jams,882613,20.013900226757368,2,3,3,3,4,4,new,True,0.05151829123497009,0.45718538761138916,0.40566709637641907,0.4061954915523529,-0.010218977928161621,0.04323146217747742,0.06340152338931437
60537,03_SS3-98-C_comp.jams,1227862,27.84267573696145,1,3,3,3,2,3,new,True,0.05003151297569275,0.39879468083381653,0.3487631678581238,0.3391019403934479,-0.08302977681159973,-0.01372580374440835,0.04215772690311553
63802,04_Funk3-112-C#_comp.jams,150182,3.405487528344671,1,2,2,3,3,2,persistent,True,0.04927468299865723,0.47221970558166504,0.4229450225830078,0.46545881032943726,0.030127644538879395,-0.09616040635382994,-0.12455438197344199
49481,03_Funk2-108-Eb_comp.jams,1212521,27.494807256235827,4,3,3,3,2,3,new,True,0.048484593629837036,0.5177958011627197,0.4693112075328827,0.4688098728656769,-0.04408976435661316,0.04444444179534912,0.12666666507720947
7621,00_Jazz3-150-C_comp.jams,787181,17.849909297052154,0,3,3,3,2,2,new,True,0.04836282134056091,0.4655042886734009,0.41714146733283997,0.42810654640197754,-0.018745005130767822,0.08577772287222055,0.01167250902224809
64207,04_Funk3-112-C#_comp.jams,1358809,30.811995464852608,1,4,4,3,3,3,persistent,True,0.0461803674697876,0.3402378559112549,0.2940574884414673,0.3019326329231262,0.10387948155403137,0.005462554193312097,-0.009239996633222058
63533,04_Funk2-119-G_comp.jams,1378432,31.256961451247165,1,2,2,3,3,4,persistent,True,0.046107128262519836,0.28691431879997253,0.2408071905374527,0.2376641035079956,0.2965385913848877,-0.093895875014268,-0.04267162471622615
67382,04_Jazz3-150-C_comp.jams,787501,17.85716553287982,0,2,2,2,3,2,new,True,0.0457724928855896,0.3510622978210449,0.3052898049354553,0.2871679663658142,-0.18300047516822815,-0.06630072100409146,-0.014140293515961744
69223,04_Rock2-142-D_comp.jams,1017354,23.069251700680272,0,2,2,3,3,2,persistent,True,0.04574763774871826,0.31752970814704895,0.2717820703983307,0.25903722643852234,0.41892996430397034,-0.06724899045882682,-0.16395488862068425
31719,01_SS3-98-C_comp.jams,750541,17.01907029478458,1,3,3,3,2,3,new,True,0.04530683159828186,0.328362375497818,0.28305554389953613,0.27387452125549316,-0.061808839440345764,-0.05646743377049762,-0.09570042292277017
57512,03_SS1-68-E_comp.jams,155881,3.534716553287982,0,3,3,3,2,3,new,True,0.04488608241081238,0.33667173981666565,0.29178565740585327,0.31663408875465393,-0.08362936973571777,0.07456788784120141,0.1691038395331158
31676,01_SS3-98-C_comp.jams,661249,14.994308390022676,1,2,2,2,3,5,new,True,0.044095590710639954,0.1112385168671608,0.06714292615652084,0.0922791063785553,-0.05118860676884651,-0.1119668960571289,-0.02563779354095458
68254,04_Rock1-90-C#_comp.jams,338972,7.686439909297052,4,3,3,3,2,3,new,True,0.04406139254570007,0.49860048294067383,0.45453909039497375,0.4422972798347473,-0.011864811182022095,0.005408689710828973,-0.10369091033935549
13660,00_SS1-68-E_solo.jams,310214,7.034331065759638,0,2,2,3,3,2,persistent,True,0.04370787739753723,0.42329564690589905,0.3795877695083618,0.3551778793334961,0.0606515109539032,-0.07189433915274485,0.012078421456473198
28883,01_SS1-68-E_comp.jams,545536,12.370430839002267,0,2,2,3,3,2,persistent,True,0.04255828261375427,0.4468573331832886,0.4042990505695343,0.3789699673652649,0.10050332546234131,-0.03558351907385404,0.06350765458072527
12818,00_Rock3-148-C_solo.jams,144004,3.2653968253968255,0,3,3,2,2,3,persistent,True,0.04091900587081909,0.5047591328620911,0.463840126991272,0.456745445728302,0.05370146036148071,0.09395110607147217,0.04026475548744202
12839,00_Rock3-148-C_solo.jams,242672,5.502766439909297,0,3,3,4,4,3,persistent,True,0.04039362072944641,0.48535093665122986,0.44495731592178345,0.4363638460636139,0.07212236523628235,-0.06275120377540588,-0.029134511947631836
68938,04_Rock2-142-D_comp.jams,270568,6.135328798185941,0,4,4,3,3,4,persistent,True,0.04016999900341034,0.26794371008872986,0.22777371108531952,0.2069108784198761,0.01216059923171997,-0.051962085236284095,-0.03364603142989314
63930,04_Funk3-112-C#_comp.jams,566779,12.852131519274376,1,4,4,3,3,4,persistent,True,0.03894209861755371,0.405007541179657,0.36606544256210327,0.35299819707870483,0.07270288467407227,-0.0035659210591376667,0.027331219443792076
66991,04_Jazz3-137-Eb_comp.jams,1075292,24.383038548752836,4,4,4,3,3,4,persistent,True,0.038794487714767456,0.4895484447479248,0.45075395703315735,0.4336584806442261,0.016880542039871216,-0.052110740116664334,-0.13788890838623047
58465,03_SS2-107-Ab_comp.jams,283839,6.43625850340136,4,3,3,2,2,3,persistent,True,0.03853544592857361,0.3991667628288269,0.3606313169002533,0.3434816300868988,0.1908067762851715,-0.037323057651519775,0.03167597949504852
20015,01_Funk3-112-C#_comp.jams,6,0.00013605442176870748,1,2,2,3,3,2,persistent,True,0.038057178258895874,0.40165233612060547,0.3635951578617096,0.3108186721801758,0.2008773684501648,-0.10705478016923115,-0.22851241507181305
31680,01_SS3-98-C_comp.jams,669295,15.176757369614512,1,2,2,4,4,2,persistent,True,0.03799772262573242,0.12725462019443512,0.0892568975687027,0.10023841261863708,0.004248909652233124,-0.15153086185455325,-0.07980466882387796
55325,03_Rock2-142-D_comp.jams,1130058,25.624897959183674,0,3,3,3,2,3,new,True,0.03753069043159485,0.26386362314224243,0.22633293271064758,0.24114711582660675,-0.00439077615737915,0.0738069045642191,-0.029106833718039793
63940,04_Funk3-112-C#_comp.jams,586396,13.296961451247165,1,3,3,3,2,3,new,True,0.03584378957748413,0.17860858142375946,0.14276479184627533,0.18785665929317474,-0.10165152698755264,-0.015412216186523442,-0.021108646392822283
68142,04_Rock1-90-C#_comp.jams,1945,0.044104308390022676,4,3,3,3,4,3,new,True,0.03542044758796692,0.4006156623363495,0.36519521474838257,0.3683871924877167,-0.1855739951133728,-0.08143336772918702,-0.11931900978088378
50492,03_Funk3-112-C#_comp.jams,1288846,29.225532879818594,1,2,2,3,3,2,persistent,True,0.03524047136306763,0.2214255928993225,0.18618512153625488,0.1674513965845108,0.12303332984447479,-0.0722208023071289,-0.2088839213053385
57779,03_SS1-68-E_comp.jams,805918,18.274784580498867,0,3,3,4,4,3,persistent,True,0.035034507513046265,0.24935168027877808,0.2143171727657318,0.22752811014652252,0.032748714089393616,-0.03948900103569031,-0.0860765278339386
32028,01_SS3-98-C_comp.jams,1452212,32.929977324263035,1,2,2,2,3,2,new,True,0.03453429043292999,0.26459839940071106,0.23006410896778107,0.264410138130188,-0.05719146132469177,-0.09270596285478788,-0.08096820936290497
29876,01_SS2-107-Ab_comp.jams,852329,19.32718820861678,4,4,4,4,3,5,new,True,0.03383582830429077,0.4712659418582916,0.43743011355400085,0.45505833625793457,-0.1385214626789093,-0.027632649739583348,0.0020138740539550892
58616,03_SS2-107-Ab_comp.jams,680400,15.428571428571429,4,3,3,3,2,3,new,True,0.03293544054031372,0.15822532773017883,0.1252898871898651,0.12616124749183655,-0.09066515043377876,-0.001570905957903157,-0.0020133767809186187
38899,02_Jazz3-137-Eb_comp.jams,1099862,24.940181405895693,4,3,3,2,2,2,persistent,True,0.032180607318878174,0.40348801016807556,0.3713074028491974,0.3577311038970947,0.07477688789367676,0.006728628407353943,0.11357551242994227
35741,02_Funk3-112-C#_comp.jams,885822,20.086666666666666,1,2,2,2,3,3,new,False,0.03208395838737488,0.3869423568248749,0.3548583984375,0.3974745571613312,-0.3974745571613312,-0.05050504207611084,-0.03787878155708313
53095,03_Jazz3-137-Eb_comp.jams,706192,16.01342403628118,4,3,3,4,2,3,persistent,True,0.03165552020072937,0.19737599790096283,0.16572047770023346,0.1518348753452301,-0.021749943494796753,0.036619722843170166,0.019974395632743835
18497,01_Funk1-114-Ab_comp.jams,655190,14.856916099773242,2,2,2,3,3,2,persistent,True,0.030832022428512573,0.49686259031295776,0.4660305678844452,0.4496074616909027,0.08174702525138855,-0.04260312186347115,0.11248710420396596
6148,00_Jazz2-110-Bb_comp.jams,1120676,25.412154195011336,2,4,4,3,3,5,persistent,True,0.029889285564422607,0.3675667643547058,0.3376774787902832,0.3252500593662262,0.1368936002254486,-0.08831127106197295,3.254602825830677e-05
45098,02_SS2-107-Ab_comp.jams,1064480,24.137868480725622,4,3,3,3,4,4,new,True,0.02933642268180847,0.38125279545783997,0.3519163727760315,0.32692745327949524,-0.03292188048362732,0.019378591466833017,0.04403396889015482
71175,04_Rock3-148-C_comp.jams,674840,15.302494331065759,0,3,3,2,2,2,persistent,True,0.02896726131439209,0.49102574586868286,0.46205848455429077,0.4071541130542755,0.10438504815101624,0.07576064653294062,0.28262954629877557
55675,03_Rock2-85-F_comp.jams,647096,14.673378684807256,2,3,3,2,2,2,persistent,True,0.028557032346725464,0.2642212212085724,0.23566418886184692,0.22520312666893005,0.458180695772171,0.05860254134254894,0.13929527107326464
34231,02_Funk1-114-Ab_comp.jams,1057169,23.97208616780045,2,2,2,2,3,2,new,True,0.027955740690231323,0.3874265253543854,0.35947078466415405,0.28873276710510254,-0.13220807909965515,-0.06314785340253043,0.07356983072617479
46982,02_SS3-98-C_comp.jams,1080623,24.50392290249433,1,3,3,3,2,3,new,True,0.02792796492576599,0.4485566318035126,0.4206286668777466,0.45380711555480957,-0.19041195511817932,-0.026632263546898294,-0.012904507773263074
55199,03_Rock2-142-D_comp.jams,792496,17.97043083900227,0,3,3,3,2,3,new,True,0.027134329080581665,0.3882068991661072,0.3610725700855255,0.3748905062675476,-0.068452388048172,0.04430932468838161,-0.12371627489725745
67012,04_Jazz3-137-Eb_comp.jams,1159060,26.28253968253968,4,4,4,3,3,3,persistent,True,0.026890486478805542,0.4035458266735077,0.37665534019470215,0.34556853771209717,0.2591193914413452,-0.02651700106534094,0.17644097194198738
63527,04_Funk2-119-G_comp.jams,1353590,30.693650793650793,1,3,3,2,2,3,persistent,True,0.026363030076026917,0.2714046835899353,0.2450416535139084,0.24915540218353271,0.05851772427558899,-0.019763514200846377,-0.10226328531901041
48865,03_Funk1-114-Ab_comp.jams,428718,9.721496598639456,2,3,3,3,4,3,new,True,0.024635016918182373,0.4244900047779083,0.39985498785972595,0.4100129306316376,-0.10596227645874023,0.011869728565216064,0.13613465428352356
19463,01_Funk2-119-G_comp.jams,4,9.070294784580499e-05,1,2,2,4,4,3,persistent,True,0.024271219968795776,0.35296693444252014,0.32869571447372437,0.26717495918273926,0.2367708683013916,-0.05326163141350995,-0.05675728697525825
48143,03_BN2-166-Ab_comp.jams,694137,15.740068027210885,0,4,4,3,3,3,persistent,True,0.023927122354507446,0.4235325753688812,0.3996054530143738,0.3829840123653412,0.13180002570152283,-0.05081436599510303,-0.012009136918662233
55486,03_Rock2-85-F_comp.jams,24148,0.5475736961451247,2,3,3,3,2,3,new,True,0.02352374792098999,0.4213854670524597,0.3978617191314697,0.38223782181739807,-0.3125615641474724,0.030119603993941313,-0.09139576736761598
48042,03_BN2-166-Ab_comp.jams,326707,7.408321995464853,0,4,4,4,2,4,new,True,0.022553399205207825,0.2368851900100708,0.21433179080486298,0.22146326303482056,-0.0697820782661438,0.04345818453056871,-0.048846488775208974
48432,03_BN3-154-E_comp.jams,275481,6.246734693877551,1,4,4,3,3,4,persistent,True,0.02171728014945984,0.3928908109664917,0.37117353081703186,0.3576525151729584,0.06084290146827698,0.006317566181051337,0.028145066623030013
55069,03_Rock2-142-D_comp.jams,448282,10.165124716553288,0,4,4,4,3,3,new,True,0.021278053522109985,0.41972997784614563,0.39845192432403564,0.3660072088241577,-0.06530207395553589,-0.05749851788661281,0.013543624286503742
48454,03_BN3-154-E_comp.jams,411158,9.323310657596371,1,4,4,2,2,4,persistent,True,0.02122935652732849,0.34612077474594116,0.32489141821861267,0.2990671396255493,0.04905301332473755,0.1426699551669034,0.012429971405954088
29092,01_SS1-68-E_comp.jams,1052002,23.854920634920635,0,3,3,2,2,3,persistent,True,0.020638540387153625,0.1960752010345459,0.17543666064739227,0.1532934010028839,0.4286309778690338,0.001187652349472046,-0.09654434025287628
62786,04_Funk2-108-Eb_comp.jams,844791,19.15625850340136,4,3,3,3,4,4,new,True,0.020447134971618652,0.40386319160461426,0.3834160566329956,0.40186840295791626,-0.06707894802093506,0.054549505544263244,0.16198300206383998
58578,03_SS2-107-Ab_comp.jams,593870,13.466439909297053,4,2,2,2,3,2,new,True,0.02000826597213745,0.3292433023452759,0.3092350363731384,0.24840310215950012,-0.12970051914453506,-0.019888943846120777,0.08388370537907824
17461,01_BN2-166-Ab_comp.jams,598152,13.563537414965987,0,3,3,2,2,3,persistent,True,0.01993158459663391,0.4062420725822449,0.38631048798561096,0.41191565990448,0.013981014490127563,0.06637358665466309,0.14607208967208862
18956,01_Funk2-108-Eb_comp.jams,477143,10.819569160997732,4,3,3,3,2,3,new,True,0.018667221069335938,0.40453192591667175,0.3858647048473358,0.364999920129776,-0.06611481308937073,0.0064630428282152486,-0.03740118331268055
61322,04_BN2-166-Ab_comp.jams,142652,3.2347392290249433,0,4,4,4,3,4,new,True,0.018467038869857788,0.45891842246055603,0.44045138359069824,0.3021826148033142,-0.1936727613210678,-0.09461748833749811,-0.1464993345971201
37600,02_Jazz2-110-Bb_comp.jams,263725,5.98015873015873,2,4,4,4,2,2,new,True,0.01816558837890625,0.3954971730709076,0.37733158469200134,0.43710556626319885,-0.11920395493507385,0.1279704137281938,0.0780186653137207
48151,03_BN2-166-Ab_comp.jams,733579,16.634444444444444,0,3,3,2,2,3,persistent,True,0.01797032356262207,0.1763720065355301,0.15840168297290802,0.15457312762737274,0.19630809128284454,0.08138927412621769,-0.04253976139021509
9904,00_Rock2-142-D_comp.jams,656128,14.878185941043084,0,2,2,2,3,2,new,True,0.01794356107711792,0.33463266491889954,0.3166891038417816,0.3295002579689026,-0.16254673898220062,-0.11463245749473572,-0.09392201900482178
32058,01_SS3-98-C_comp.jams,1514108,34.333514739229024,1,2,2,2,3,2,new,True,0.01737692952156067,0.35031017661094666,0.332933247089386,0.3555690050125122,-0.153096005320549,-0.1341363853878445,-0.18917722172207302
20321,01_Funk3-112-C#_comp.jams,1299884,29.475827664399095,1,3,3,3,2,4,new,True,0.01633468270301819,0.22799216210842133,0.21165747940540314,0.24034827947616577,-0.2044266313314438,-0.03553522550142724,-0.03934851059546837
9760,00_Rock2-142-D_comp.jams,278998,6.326485260770975,0,2,2,2,3,2,new,True,0.01581306755542755,0.1536160111427307,0.13780294358730316,0.1458476185798645,-0.10853717103600502,-0.11463245749473572,-0.13466843962669373
57891,03_SS1-68-E_comp.jams,1092236,24.767256235827663,0,3,3,3,2,3,new,True,0.015603840351104736,0.3958268463611603,0.38022300601005554,0.39743101596832275,-0.13332316279411316,0.053628162904219234,-0.13324583660472525
57188,03_Rock3-148-C_comp.jams,750281,17.013174603174605,0,3,3,3,2,3,new,True,0.015434950590133667,0.29336461424827576,0.2779296636581421,0.30484020709991455,-0.2580234445631504,0.05892275250147261,-0.01205784933907647
65267,04_Jazz1-130-D_comp.jams,630105,14.288095238095238,4,4,4,3,3,2,persistent,True,0.014344662427902222,0.26534637808799744,0.2510017156600952,0.2660674452781677,0.16959306597709656,-0.027096067156110515,-0.043391061207604775
13422,00_SS1-68-E_comp.jams,1438781,32.625419501133784,0,3,3,3,2,2,new,True,0.014268219470977783,0.33447086811065674,0.32020264863967896,0.26176202297210693,-0.021118134260177612,0.09195392006321956,0.004892610248766416
52075,03_Jazz2-110-Bb_comp.jams,432984,9.818231292517007,2,3,3,2,2,3,persistent,True,0.013789445161819458,0.2302195280790329,0.21643008291721344,0.21065445244312286,0.26524992287158966,0.0457400131225586,0.012607307434082005
10690,00_Rock2-85-F_comp.jams,669109,15.172539682539682,2,3,3,2,2,3,persistent,True,0.01373910903930664,0.33671247959136963,0.322973370552063,0.2981317937374115,0.27342990040779114,0.047866373476774804,0.036824052230171544
57338,03_Rock3-148-C_comp.jams,1099879,24.940566893424037,0,4,4,3,5,5,persistent,False,0.013359397649765015,0.28639358282089233,0.2730341851711273,0.2975972890853882,-0.2975972890853882,0.08974358439445496,0.20307692885398865
71246,04_Rock3-148-C_comp.jams,894680,20.287528344671202,0,4,4,4,3,4,new,True,0.012511581182479858,0.4781548082828522,0.4656432271003723,0.5037387609481812,-0.2566022127866745,-0.0697147144990809,0.019978803746840523
7691,00_Jazz3-150-C_comp.jams,981130,22.24784580498866,0,3,3,3,2,2,new,False,0.012241959571838379,0.5036906003952026,0.49144864082336426,0.48403748869895935,-0.48403748869895935,0.10606927871704103,-0.011638402938842773
34124,02_Funk1-114-Ab_comp.jams,697588,15.818321995464853,2,2,2,2,3,2,new,True,0.01223406195640564,0.3885194957256317,0.3762854337692261,0.36306604743003845,-0.0038950741291046143,-0.06263686126133178,-0.18498262369407797
2295,00_Funk2-108-Eb_comp.jams,429164,9.731609977324263,4,4,4,4,3,4,new,True,0.010804831981658936,0.41969144344329834,0.4088866114616394,0.45359769463539124,-0.04919639229774475,-0.05684112548828124,0.02680648803710939
13613,00_SS1-68-E_solo.jams,157675,3.5753968253968256,0,2,2,2,3,2,new,True,0.010594010353088379,0.3527338206768036,0.3421398103237152,0.32269853353500366,-0.0073403120040893555,-0.09360280036926266,-0.08932030200958252
71581,04_SS1-68-E_comp.jams,349513,7.92546485260771,0,4,4,3,3,4,persistent,True,0.009484052658081055,0.3822071850299835,0.37272313237190247,0.35226792097091675,0.08906945586204529,-0.10207513321277706,-0.16549154769542607
55063,03_Rock2-142-D_comp.jams,419320,9.508390022675737,0,2,2,3,3,2,persistent,True,0.00847664475440979,0.4203310012817383,0.4118543565273285,0.31133753061294556,0.12613725662231445,-0.061340823318019044,-0.06276870496345288
28298,01_Rock3-148-C_comp.jams,707021,16.032222222222224,0,2,2,2,3,3,new,True,0.007159218192100525,0.22194804251194,0.21478882431983948,0.250139981508255,-0.10733646154403687,-0.009115704623135656,0.11754722595214845
53850,03_Rock1-130-A_comp.jams,275636,6.250249433106576,2,2,2,3,3,2,persistent,True,0.006646156311035156,0.4389512538909912,0.43230509757995605,0.43044009804725647,0.08100423216819763,-0.0683647791544596,-0.15880546569824217
63302,04_Funk2-119-G_comp.jams,545582,12.371473922902494,1,3,3,4,4,4,persistent,True,0.006476506590843201,0.24532966315746307,0.23885315656661987,0.2285163849592209,0.12595818936824799,0.10322220261032516,0.0777696145547403
24226,01_Rock1-130-A_comp.jams,937112,21.2497052154195,2,2,2,3,3,2,persistent,True,0.006337255239486694,0.41780462861061096,0.41146737337112427,0.40680527687072754,0.05550956726074219,-0.06790701009459416,-0.12310503296932934
3683,00_Funk3-112-C#_comp.jams,294279,6.672993197278911,1,3,3,3,2,2,new,True,0.005662903189659119,0.14480173587799072,0.1391388326883316,0.14088751375675201,-0.050666093826293945,0.009762982416419375,0.12533139916105643
31851,01_SS3-98-C_comp.jams,1061563,24.07172335600907,1,3,3,3,4,3,new,True,0.005030453205108643,0.3336762487888336,0.328645795583725,0.33702266216278076,-0.09537041187286377,0.023273825645446777,-0.06631898880004883
39387,02_Jazz3-150-C_comp.jams,706996,16.031655328798188,0,3,3,3,2,3,new,True,0.004783898591995239,0.45429861545562744,0.4495147168636322,0.47840607166290283,-0.11329114437103271,0.07550571810814641,0.01570030950730844
5934,00_Jazz2-110-Bb_comp.jams,551310,12.501360544217688,2,3,3,3,2,3,new,True,0.004490166902542114,0.4662225842475891,0.461732417345047,0.4759065806865692,-0.2651038020849228,0.0365360094153363,-0.20981443101081293
51978,03_Jazz2-110-Bb_comp.jams,64126,1.4541043083900227,2,3,3,3,2,2,new,True,0.004098981618881226,0.40810099244117737,0.40400201082229614,0.41963016986846924,-0.02262011170387268,0.05332376306707204,-0.16371095830743965
66015,04_Jazz2-110-Bb_comp.jams,759713,17.22705215419501,2,4,4,4,3,2,new,True,0.004035294055938721,0.46764132380485535,0.4636060297489166,0.48050928115844727,-0.05998152494430542,-0.12271078242812045,-0.10916652235873914
28138,01_Rock3-148-C_comp.jams,259490,5.8841269841269845,0,2,2,3,3,2,persistent,True,0.002466827630996704,0.29856112599372864,0.29609429836273193,0.2767469882965088,0.146205872297287,-0.05842156410217286,0.01662356853485103
23247,01_Jazz3-137-Eb_comp.jams,803871,18.228367346938775,4,2,2,3,3,2,persistent,True,0.0021378397941589355,0.47600439190864563,0.4738665521144867,0.4443916976451874,0.06499454379081726,-0.025628997058403213,0.1894699344790079
19643,01_Funk2-119-G_comp.jams,740256,16.785850340136054,1,3,3,4,4,3,persistent,True,0.0016111433506011963,0.4769088625907898,0.4752977192401886,0.43126368522644043,0.10980367660522461,-0.07623317837715149,-0.3006433993577957
25520,01_Rock2-142-D_comp.jams,373546,8.470430839002267,0,4,4,4,3,4,new,True,0.0015466809272766113,0.4660864770412445,0.4645397961139679,0.4589327275753021,-0.06003791093826294,-0.07752917363093453,-0.027231558775290432
