family,phase_index,phase,noise_db,envelope,event,seed,new_notes,legacy_reliable_bands,legacy_log_power,wave_short,wave_long_same_recurrence,wave_long_wider_recurrence
single_220,0,0.0,clean,steady,none,91531,0,1,1.1138045010739006e-06,2.6169761650303367e-08,2.5980688196816072e-08,2.5534059058327242e-08
single_220,0,0.0,clean,steady,new_weak,91531,1,1,0.01282249391078949,0.18856602459595825,0.1885660246048427,0.18856602452573434
single_220,0,0.0,clean,steady,new_strong,91531,1,1,0.14440666139125824,0.6599810858955153,0.6599810859043997,0.6599810858252915
single_220,0,0.0,clean,steady,same_pitch,91531,1,1,0.015729296952486038,0.6560514712489289,0.6560514716139821,0.6560514714914217
single_220,0,0.0,clean,steady,two_notes,91531,2,1,0.13805900514125824,1.100632132696123,1.1006321325618498,1.1006321324732597
single_220,0,0.0,clean,decaying,none,91531,0,41,0.16886600852012634,2.6346148470124274e-08,2.60638863168663e-08,2.5091955112429144e-08
single_220,0,0.0,clean,vibrato,none,91531,0,5,0.001669329241849482,0.0011663361503608464,0.0010987636677170136,0.0002942255458447447
single_220,0,0.0,clean,glide,none,91531,0,16,0.1744375377893448,0.007380216822906201,0.03414169421459246,0.006677891380258253
single_220,0,0.0,clean,steady,noise_burst,91531,0,1,0.10076652467250824,1.014630704632103,1.0146307046138778,1.0146307047255028
single_220,1,0.39269908169872414,clean,steady,none,91640,0,1,1.1138045010739006e-06,2.6169761650303367e-08,2.5980688196816072e-08,2.5534059058327242e-08
single_220,1,0.39269908169872414,clean,steady,new_weak,91640,1,1,0.01282249391078949,0.18856602459595825,0.1885660246048427,0.18856602452573434
single_220,1,0.39269908169872414,clean,steady,new_strong,91640,1,1,0.14440666139125824,0.6599810858955153,0.6599810859043997,0.6599810858252915
single_220,1,0.39269908169872414,clean,steady,same_pitch,91640,1,1,0.015729296952486038,0.6560514712489289,0.6560514716139821,0.6560514714914217
single_220,1,0.39269908169872414,clean,steady,two_notes,91640,2,1,0.13805900514125824,1.100632132696123,1.1006321325618498,1.1006321324732597
single_220,1,0.39269908169872414,clean,decaying,none,91640,0,41,0.16886600852012634,2.6346148470124274e-08,2.60638863168663e-08,2.5091955112429144e-08
single_220,2,0.7853981633974483,clean,steady,none,91746,0,1,1.1138045010739006e-06,2.6169761650303367e-08,2.5980688196816072e-08,2.5534059058327242e-08
single_220,2,0.7853981633974483,clean,steady,new_weak,91746,1,1,0.01282249391078949,0.18856602459595825,0.1885660246048427,0.18856602452573434
single_220,2,0.7853981633974483,clean,steady,new_strong,91746,1,1,0.14440666139125824,0.6599810858955153,0.6599810859043997,0.6599810858252915
single_220,2,0.7853981633974483,clean,steady,same_pitch,91746,1,1,0.015729296952486038,0.6560514712489289,0.6560514716139821,0.6560514714914217
single_220,2,0.7853981633974483,clean,steady,two_notes,91746,2,1,0.13805900514125824,1.100632132696123,1.1006321325618498,1.1006321324732597
single_220,2,0.7853981633974483,clean,decaying,none,91746,0,41,0.16886600852012634,2.6346148470124274e-08,2.60638863168663e-08,2.5091955112429144e-08
single_220,3,1.1780972450961724,clean,steady,none,91852,0,1,1.1138045010739006e-06,2.6169761650303367e-08,2.5980688196816072e-08,2.5534059058327242e-08
single_220,3,1.1780972450961724,clean,steady,new_weak,91852,1,1,0.01282249391078949,0.18856602459595825,0.1885660246048427,0.18856602452573434
single_220,3,1.1780972450961724,clean,steady,new_strong,91852,1,1,0.14440666139125824,0.6599810858955153,0.6599810859043997,0.6599810858252915
single_220,3,1.1780972450961724,clean,steady,same_pitch,91852,1,1,0.015729296952486038,0.6560514712489289,0.6560514716139821,0.6560514714914217
single_220,3,1.1780972450961724,clean,steady,two_notes,91852,2,1,0.13805900514125824,1.100632132696123,1.1006321325618498,1.1006321324732597
single_220,3,1.1780972450961724,clean,decaying,none,91852,0,41,0.16886600852012634,2.6346148470124274e-08,2.60638863168663e-08,2.5091955112429144e-08
single_220,4,1.5707963267948966,clean,steady,none,91958,0,1,1.1138045010739006e-06,2.6169761650303367e-08,2.5980688196816072e-08,2.5534059058327242e-08
single_220,4,1.5707963267948966,clean,steady,new_weak,91958,1,1,0.01282249391078949,0.18856602459595825,0.1885660246048427,0.18856602452573434
single_220,4,1.5707963267948966,clean,steady,new_strong,91958,1,1,0.14440666139125824,0.6599810858955153,0.6599810859043997,0.6599810858252915
single_220,4,1.5707963267948966,clean,steady,same_pitch,91958,1,1,0.015729296952486038,0.6560514712489289,0.6560514716139821,0.6560514714914217
single_220,4,1.5707963267948966,clean,steady,two_notes,91958,2,1,0.13805900514125824,1.100632132696123,1.1006321325618498,1.1006321324732597
single_220,4,1.5707963267948966,clean,decaying,none,91958,0,41,0.16886600852012634,2.6346148470124274e-08,2.60638863168663e-08,2.5091955112429144e-08
single_220,4,1.5707963267948966,clean,vibrato,none,91958,0,9,0.021854395046830177,0.0013202007283529644,0.0002913582097428906,0.0002851236554107344
single_220,4,1.5707963267948966,clean,glide,none,91958,0,16,0.1744375377893448,0.007380216822906201,0.03414169421459246,0.006677891380258253
single_220,4,1.5707963267948966,clean,steady,noise_burst,91958,0,1,0.15820060670375824,0.9580657552293803,0.9580657552003219,0.9580657550304977
single_220,5,1.9634954084936207,clean,steady,none,92067,0,1,1.1138045010739006e-06,2.6169761650303367e-08,2.5980688196816072e-08,2.5534059058327242e-08
single_220,5,1.9634954084936207,clean,steady,new_weak,92067,1,1,0.01282249391078949,0.18856602459595825,0.1885660246048427,0.18856602452573434
single_220,5,1.9634954084936207,clean,steady,new_strong,92067,1,1,0.14440666139125824,0.6599810858955153,0.6599810859043997,0.6599810858252915
single_220,5,1.9634954084936207,clean,steady,same_pitch,92067,1,1,0.015729296952486038,0.6560514712489289,0.6560514716139821,0.6560514714914217
single_220,5,1.9634954084936207,clean,steady,two_notes,92067,2,1,0.13805900514125824,1.100632132696123,1.1006321325618498,1.1006321324732597
single_220,5,1.9634954084936207,clean,decaying,none,92067,0,41,0.16886600852012634,2.6346148470124274e-08,2.60638863168663e-08,2.5091955112429144e-08
single_220,6,2.356194490192345,clean,steady,none,92173,0,1,1.1138045010739006e-06,2.6169761650303367e-08,2.5980688196816072e-08,2.5534059058327242e-08
single_220,6,2.356194490192345,clean,steady,new_weak,92173,1,1,0.01282249391078949,0.18856602459595825,0.1885660246048427,0.18856602452573434
single_220,6,2.356194490192345,clean,steady,new_strong,92173,1,1,0.14440666139125824,0.6599810858955153,0.6599810859043997,0.6599810858252915
single_220,6,2.356194490192345,clean,steady,same_pitch,92173,1,1,0.015729296952486038,0.6560514712489289,0.6560514716139821,0.6560514714914217
single_220,6,2.356194490192345,clean,steady,two_notes,92173,2,1,0.13805900514125824,1.100632132696123,1.1006321325618498,1.1006321324732597
single_220,6,2.356194490192345,clean,decaying,none,92173,0,41,0.16886600852012634,2.6346148470124274e-08,2.60638863168663e-08,2.5091955112429144e-08
single_220,7,2.748893571891069,clean,steady,none,92279,0,1,1.1138045010739006e-06,2.6169761650303367e-08,2.5980688196816072e-08,2.5534059058327242e-08
single_220,7,2.748893571891069,clean,steady,new_weak,92279,1,1,0.01282249391078949,0.18856602459595825,0.1885660246048427,0.18856602452573434
single_220,7,2.748893571891069,clean,steady,new_strong,92279,1,1,0.14440666139125824,0.6599810858955153,0.6599810859043997,0.6599810858252915
single_220,7,2.748893571891069,clean,steady,same_pitch,92279,1,1,0.015729296952486038,0.6560514712489289,0.6560514716139821,0.6560514714914217
single_220,7,2.748893571891069,clean,steady,two_notes,92279,2,1,0.13805900514125824,1.100632132696123,1.1006321325618498,1.1006321324732597
single_220,7,2.748893571891069,clean,decaying,none,92279,0,41,0.16886600852012634,2.6346148470124274e-08,2.60638863168663e-08,2.5091955112429144e-08
single_220,8,3.141592653589793,clean,steady,none,92385,0,1,1.1138045010739006e-06,2.6169761650303367e-08,2.5980688196816072e-08,2.5534059058327242e-08
single_220,8,3.141592653589793,clean,steady,new_weak,92385,1,1,0.01282249391078949,0.18856602459595825,0.1885660246048427,0.18856602452573434
single_220,8,3.141592653589793,clean,steady,new_strong,92385,1,1,0.14440666139125824,0.6599810858955153,0.6599810859043997,0.6599810858252915
single_220,8,3.141592653589793,clean,steady,same_pitch,92385,1,1,0.015729296952486038,0.6560514712489289,0.6560514716139821,0.6560514714914217
single_220,8,3.141592653589793,clean,steady,two_notes,92385,2,1,0.13805900514125824,1.100632132696123,1.1006321325618498,1.1006321324732597
single_220,8,3.141592653589793,clean,decaying,none,92385,0,41,0.16886600852012634,2.6346148470124274e-08,2.60638863168663e-08,2.5091955112429144e-08
single_220,8,3.141592653589793,clean,vibrato,none,92385,0,9,0.19348648190498352,0.0011838737492340012,0.0011081107240140963,0.00028594676278660995
single_220,8,3.141592653589793,clean,glide,none,92385,0,16,0.1744375377893448,0.007380216822906201,0.03414169421459246,0.006677891380258253
single_220,8,3.141592653589793,clean,steady,noise_burst,92385,0,1,0.22131095826625824,1.0553535132252576,1.0553535132550105,1.0553535132756287
single_220,9,3.5342917352885173,clean,steady,none,92494,0,1,1.1138045010739006e-06,2.6169761650303367e-08,2.5980688196816072e-08,2.5534059058327242e-08
single_220,9,3.5342917352885173,clean,steady,new_weak,92494,1,1,0.01282249391078949,0.18856602459595825,0.1885660246048427,0.18856602452573434
single_220,9,3.5342917352885173,clean,steady,new_strong,92494,1,1,0.14440666139125824,0.6599810858955153,0.6599810859043997,0.6599810858252915
single_220,9,3.5342917352885173,clean,steady,same_pitch,92494,1,1,0.015729296952486038,0.6560514712489289,0.6560514716139821,0.6560514714914217
single_220,9,3.5342917352885173,clean,steady,two_notes,92494,2,1,0.13805900514125824,1.100632132696123,1.1006321325618498,1.1006321324732597
single_220,9,3.5342917352885173,clean,decaying,none,92494,0,41,0.16886600852012634,2.6346148470124274e-08,2.60638863168663e-08,2.5091955112429144e-08
single_220,10,3.9269908169872414,clean,steady,none,92600,0,1,1.1138045010739006e-06,2.6169761650303367e-08,2.5980688196816072e-08,2.5534059058327242e-08
single_220,10,3.9269908169872414,clean,steady,new_weak,92600,1,1,0.01282249391078949,0.18856602459595825,0.1885660246048427,0.18856602452573434
single_220,10,3.9269908169872414,clean,steady,new_strong,92600,1,1,0.14440666139125824,0.6599810858955153,0.6599810859043997,0.6599810858252915
single_220,10,3.9269908169872414,clean,steady,same_pitch,92600,1,1,0.015729296952486038,0.6560514712489289,0.6560514716139821,0.6560514714914217
single_220,10,3.9269908169872414,clean,steady,two_notes,92600,2,1,0.13805900514125824,1.100632132696123,1.1006321325618498,1.1006321324732597
single_220,10,3.9269908169872414,clean,decaying,none,92600,0,41,0.16886600852012634,2.6346148470124274e-08,2.60638863168663e-08,2.5091955112429144e-08
single_220,11,4.319689898685965,clean,steady,none,92706,0,1,1.1138045010739006e-06,2.6169761650303367e-08,2.5980688196816072e-08,2.5534059058327242e-08
single_220,11,4.319689898685965,clean,steady,new_weak,92706,1,1,0.01282249391078949,0.18856602459595825,0.1885660246048427,0.18856602452573434
single_220,11,4.319689898685965,clean,steady,new_strong,92706,1,1,0.14440666139125824,0.6599810858955153,0.6599810859043997,0.6599810858252915
single_220,11,4.319689898685965,clean,steady,same_pitch,92706,1,1,0.015729296952486038,0.6560514712489289,0.6560514716139821,0.6560514714914217
single_220,11,4.319689898685965,clean,steady,two_notes,92706,2,1,0.13805900514125824,1.100632132696123,1.1006321325618498,1.1006321324732597
single_220,11,4.319689898685965,clean,decaying,none,92706,0,41,0.16886600852012634,2.6346148470124274e-08,2.60638863168663e-08,2.5091955112429144e-08
single_220,12,4.71238898038469,clean,steady,none,92812,0,1,1.1138045010739006e-06,2.6169761650303367e-08,2.5980688196816072e-08,2.5534059058327242e-08
single_220,12,4.71238898038469,clean,steady,new_weak,92812,1,1,0.01282249391078949,0.18856602459595825,0.1885660246048427,0.18856602452573434
single_220,12,4.71238898038469,clean,steady,new_strong,92812,1,1,0.14440666139125824,0.6599810858955153,0.6599810859043997,0.6599810858252915
single_220,12,4.71238898038469,clean,steady,same_pitch,92812,1,1,0.015729296952486038,0.6560514712489289,0.6560514716139821,0.6560514714914217
single_220,12,4.71238898038469,clean,steady,two_notes,92812,2,1,0.13805900514125824,1.100632132696123,1.1006321325618498,1.1006321324732597
single_220,12,4.71238898038469,clean,decaying,none,92812,0,41,0.16886600852012634,2.6346148470124274e-08,2.60638863168663e-08,2.5091955112429144e-08
single_220,12,4.71238898038469,clean,vibrato,none,92812,0,6,0.1909211426973343,0.0012558082476133165,0.00032795537427085427,0.00028333182231254564
single_220,12,4.71238898038469,clean,glide,none,92812,0,16,0.1744375377893448,0.007380216822906201,0.03414169421459246,0.006677891380258253
single_220,12,4.71238898038469,clean,steady,noise_burst,92812,0,1,0.19091546535491943,0.9892926871341134,0.9892926870504871,0.9892926870201886
single_220,13,5.105088062083414,clean,steady,none,92921,0,1,1.1138045010739006e-06,2.6169761650303367e-08,2.5980688196816072e-08,2.5534059058327242e-08
single_220,13,5.105088062083414,clean,steady,new_weak,92921,1,1,0.01282249391078949,0.18856602459595825,0.1885660246048427,0.18856602452573434
single_220,13,5.105088062083414,clean,steady,new_strong,92921,1,1,0.14440666139125824,0.6599810858955153,0.6599810859043997,0.6599810858252915
single_220,13,5.105088062083414,clean,steady,same_pitch,92921,1,1,0.015729296952486038,0.6560514712489289,0.6560514716139821,0.6560514714914217
single_220,13,5.105088062083414,clean,steady,two_notes,92921,2,1,0.13805900514125824,1.100632132696123,1.1006321325618498,1.1006321324732597
single_220,13,5.105088062083414,clean,decaying,none,92921,0,41,0.16886600852012634,2.6346148470124274e-08,2.60638863168663e-08,2.5091955112429144e-08
single_220,14,5.497787143782138,clean,steady,none,93027,0,1,1.1138045010739006e-06,2.6169761650303367e-08,2.5980688196816072e-08,2.5534059058327242e-08
single_220,14,5.497787143782138,clean,steady,new_weak,93027,1,1,0.01282249391078949,0.18856602459595825,0.1885660246048427,0.18856602452573434
single_220,14,5.497787143782138,clean,steady,new_strong,93027,1,1,0.14440666139125824,0.6599810858955153,0.6599810859043997,0.6599810858252915
single_220,14,5.497787143782138,clean,steady,same_pitch,93027,1,1,0.015729296952486038,0.6560514712489289,0.6560514716139821,0.6560514714914217
single_220,14,5.497787143782138,clean,steady,two_notes,93027,2,1,0.13805900514125824,1.100632132696123,1.1006321325618498,1.1006321324732597
single_220,14,5.497787143782138,clean,decaying,none,93027,0,41,0.16886600852012634,2.6346148470124274e-08,2.60638863168663e-08,2.5091955112429144e-08
single_220,15,5.890486225480862,clean,steady,none,93133,0,1,1.1138045010739006e-06,2.6169761650303367e-08,2.5980688196816072e-08,2.5534059058327242e-08
single_220,15,5.890486225480862,clean,steady,new_weak,93133,1,1,0.01282249391078949,0.18856602459595825,0.1885660246048427,0.18856602452573434
single_220,15,5.890486225480862,clean,steady,new_strong,93133,1,1,0.14440666139125824,0.6599810858955153,0.6599810859043997,0.6599810858252915
single_220,15,5.890486225480862,clean,steady,same_pitch,93133,1,1,0.015729296952486038,0.6560514712489289,0.6560514716139821,0.6560514714914217
single_220,15,5.890486225480862,clean,steady,two_notes,93133,2,1,0.13805900514125824,1.100632132696123,1.1006321325618498,1.1006321324732597
single_220,15,5.890486225480862,clean,decaying,none,93133,0,41,0.16886600852012634,2.6346148470124274e-08,2.60638863168663e-08,2.5091955112429144e-08
pair_220_233,0,0.0,clean,steady,none,91639,0,41,1.0113744735717773,1.0780364873812515e-07,5.7604855461375394e-08,2.035392399472008e-08
pair_220_233,0,0.0,clean,steady,new_weak,91639,1,41,1.171929955482483,0.14361088329374047,0.14361088865845822,0.14361088872926442
pair_220_233,0,0.0,clean,steady,new_strong,91639,1,41,1.5676236152648926,0.50263810371317,0.5026381090779082,0.5026381091487215
pair_220_233,0,0.0,clean,steady,same_pitch,91639,1,41,0.39176467061042786,0.49964539343067116,0.4996453373945231,0.49964533448763043
pair_220_233,0,0.0,clean,steady,two_notes,91639,2,41,1.7727017402648926,0.8382356178018022,0.838235621604535,0.8382356216727604
pair_220_233,0,0.0,clean,decaying,none,91639,0,41,0.859725296497345,7.101793952596156e-08,4.128972946762964e-08,1.970979404842719e-08
pair_220_233,0,0.0,clean,vibrato,none,91639,0,41,1.0030124187469482,0.0029908281589669317,0.0022630073941900556,0.00399000165703468
pair_220_233,0,0.0,clean,glide,none,91639,0,41,1.0251456499099731,0.009686224155760384,0.08523941057551997,0.028628944467291514
pair_220_233,0,0.0,clean,steady,noise_burst,91639,0,41,0.9508276581764221,0.7638759116721218,0.7638759103348678,0.7638759107542455
pair_220_233,1,0.39269908169872414,clean,steady,none,91748,0,40,1.524949312210083,6.828422222127877e-08,4.453692392980395e-08,2.4639137998936607e-08
pair_220_233,1,0.39269908169872414,clean,steady,new_weak,91748,1,40,1.6842775344848633,0.15591175162871684,0.15591175006180336,0.15591175017603062
pair_220_233,1,0.39269908169872414,clean,steady,new_strong,91748,1,40,2.059161424636841,0.5456911271628546,0.5456911255959473,0.5456911257101776
pair_220_233,1,0.39269908169872414,clean,steady,same_pitch,91748,1,40,0.8448741436004639,0.5424419899689764,0.5424420068954894,0.5424420073793506
pair_220_233,1,0.39269908169872414,clean,steady,two_notes,91748,2,40,2.239518165588379,0.9100339422371972,0.9100339377184687,0.9100339378881768
pair_220_233,1,0.39269908169872414,clean,decaying,none,91748,0,39,1.2933279275894165,1.0487910260395194e-07,4.18152569876683e-08,2.104746906341167e-08
pair_220_233,2,0.7853981633974483,clean,steady,none,91854,0,39,1.9501127004623413,5.670049639635922e-08,3.8633865257349746e-08,3.0251158158669065e-08
pair_220_233,2,0.7853981633974483,clean,steady,new_weak,91854,1,39,2.107722759246826,0.17448716664564345,0.17448716878943898,0.1744871684655127
pair_220_233,2,0.7853981633974483,clean,steady,new_strong,91854,1,39,2.4762959480285645,0.6107050924000539,0.610705094543853,0.6107050942199278
pair_220_233,2,0.7853981633974483,clean,steady,same_pitch,91854,1,39,1.2905093431472778,0.6070688905194676,0.6070688698176303,0.6070688750894719
pair_220_233,2,0.7853981633974483,clean,steady,two_notes,91854,2,39,2.7822699546813965,1.0184559206264017,1.018455923491034,1.018455923389557
pair_220_233,2,0.7853981633974483,clean,decaying,none,91854,0,39,1.6846588850021362,6.493825868592026e-08,3.699776214020831e-08,2.3323754802566992e-08
pair_220_233,3,1.1780972450961724,clean,steady,none,91960,0,36,2.3805360794067383,5.693809877393668e-08,4.759174207534588e-08,3.668728821263566e-08
pair_220_233,3,1.1780972450961724,clean,steady,new_weak,91960,1,36,2.4983389377593994,0.20045218005462181,0.20045218019497704,0.20045218032029177
pair_220_233,3,1.1780972450961724,clean,steady,new_strong,91960,1,36,2.8669419288635254,0.7015826285563337,0.7015826286966909,0.7015826288220076
pair_220_233,3,1.1780972450961724,clean,steady,same_pitch,91960,1,36,1.7147001028060913,0.697405316268204,0.6974053146447007,0.6974053118736004
pair_220_233,3,1.1780972450961724,clean,steady,two_notes,91960,2,36,3.3106422424316406,1.170009873518557,1.1700098758413344,1.1700098756620887
pair_220_233,3,1.1780972450961724,clean,decaying,none,91960,0,35,2.0833468437194824,5.3023483231596095e-08,3.951307802234009e-08,2.863648998405537e-08
pair_220_233,4,1.5707963267948966,clean,steady,none,92066,0,36,2.7801401615142822,7.2653534750103e-08,5.862030704989712e-08,4.506691749734743e-08
pair_220_233,4,1.5707963267948966,clean,steady,new_weak,92066,1,36,2.866980791091919,0.2324759409445162,0.2324759419384785,0.2324759421186312
pair_220_233,4,1.5707963267948966,clean,steady,new_strong,92066,1,36,3.278855085372925,0.8136657929674032,0.8136657939613682,0.813665794141523
pair_220_233,4,1.5707963267948966,clean,steady,same_pitch,92066,1,36,2.1079888343811035,0.8088211324466814,0.8088211219282583,0.8088211192939374
pair_220_233,4,1.5707963267948966,clean,steady,two_notes,92066,2,36,3.800339460372925,1.3569278498585455,1.3569278521228352,1.356927852562731
pair_220_233,4,1.5707963267948966,clean,decaying,none,92066,0,36,2.4878225326538086,5.9536599132770946e-08,4.6863031869016656e-08,3.38334375506807e-08
pair_220_233,4,1.5707963267948966,clean,vibrato,none,92066,0,34,2.785468578338623,0.008515324051952251,0.027547099052945657,0.012543142645203894
pair_220_233,4,1.5707963267948966,clean,glide,none,92066,0,37,2.7649919986724854,0.009178024137852915,0.4056545934687357,0.060200776748014766
pair_220_233,4,1.5707963267948966,clean,steady,noise_burst,92066,0,36,2.8616220951080322,1.2552855341520464,1.2552855352188814,1.255285535470142
pair_220_233,5,1.9634954084936207,clean,steady,none,92175,0,11,2.560551404953003,1.499557038635166e-07,9.136928095111548e-08,5.338808877518307e-08
pair_220_233,5,1.9634954084936207,clean,steady,new_weak,92175,1,11,2.630638837814331,0.26093095386034465,0.2609309482308826,0.26093094789300325
pair_220_233,5,1.9634954084936207,clean,steady,new_strong,92175,1,11,2.978295087814331,0.9132583310164119,0.9132583253869688,0.9132583250490969
pair_220_233,5,1.9634954084936207,clean,steady,same_pitch,92175,1,11,1.921879529953003,0.9078206006006678,0.9078206582324936,0.9078206626184993
pair_220_233,5,1.9634954084936207,clean,steady,two_notes,92175,2,11,3.538841962814331,1.523015552697412,1.5230155460769612,1.5230155453569658
pair_220_233,5,1.9634954084936207,clean,decaying,none,92175,0,13,2.3309624195098877,7.933741331124532e-08,6.145976044209152e-08,3.8113318983639986e-08
pair_220_233,6,2.356194490192345,clean,steady,none,92281,0,0,0.0,1.5563208043194037e-07,9.82596182019868e-08,5.429353449083991e-08
pair_220_233,6,2.356194490192345,clean,steady,new_weak,92281,1,0,0.0,0.26700626148539275,0.26700626408262573,0.2670062641699151
pair_220_233,6,2.356194490192345,clean,steady,new_strong,92281,1,0,0.0,0.9345219235001314,0.9345219260973836,0.9345219261846819
pair_220_233,6,2.356194490192345,clean,steady,same_pitch,92281,1,0,0.0,0.9289576913398182,0.9289576615769788,0.9289576559652416
pair_220_233,6,2.356194490192345,clean,steady,two_notes,92281,2,0,0.0,1.5584762634447953,1.558476258488137,1.5584762580917395
pair_220_233,6,2.356194490192345,clean,decaying,none,92281,0,0,0.0,1.311232867419168e-07,7.183611216661522e-08,4.205104285172892e-08
pair_220_233,7,2.748893571891069,clean,steady,none,92387,0,0,0.0,1.1901769046074441e-07,9.993674311851447e-08,4.92994205725194e-08
pair_220_233,7,2.748893571891069,clean,steady,new_weak,92387,1,0,0.0,0.2453992083583624,0.24539921154211206,0.2453992111674513
pair_220_233,7,2.748893571891069,clean,steady,new_strong,92387,1,0,0.0,0.8588972321046842,0.8588972352884401,0.8588972349137901
pair_220_233,7,2.748893571891069,clean,steady,same_pitch,92387,1,0,0.0,0.8537832759217727,0.8537832435234474,0.8537832469334299
pair_220_233,7,2.748893571891069,clean,steady,two_notes,92387,2,0,0.0,1.4323590642847142,1.4323590691409114,1.4323590690524284
pair_220_233,7,2.748893571891069,clean,decaying,none,92387,0,0,0.0,1.6984318020682148e-07,7.898956806854151e-08,3.965606560593843e-08
pair_220_233,8,3.141592653589793,clean,steady,none,92493,0,0,0.0,1.6837288642282286e-07,1.1352636893296736e-07,4.26968906228626e-08
pair_220_233,8,3.141592653589793,clean,steady,new_weak,92493,1,0,0.0,0.21318181772451192,0.21318181166278724,0.21318181153120727
pair_220_233,8,3.141592653589793,clean,steady,new_strong,92493,1,0,0.0,0.7461363456933818,0.7461363396316828,0.7461363395001208
pair_220_233,8,3.141592653589793,clean,steady,same_pitch,92493,1,0,0.0,0.7416936749756847,0.7416937389723239,0.7416937460034231
pair_220_233,8,3.141592653589793,clean,steady,two_notes,92493,2,0,0.0,1.2443108662063187,1.2443108581230864,1.244310858043755
pair_220_233,8,3.141592653589793,clean,decaying,none,92493,0,0,0.0,9.39612394694803e-08,7.422912299635481e-08,3.511456159020706e-08
pair_220_233,8,3.141592653589793,clean,vibrato,none,92493,0,0,0.0,0.00890711217963296,0.0246391144717614,0.020538967637129972
pair_220_233,8,3.141592653589793,clean,glide,none,92493,0,0,0.0,0.011582102462771736,0.10534817569505418,0.04929464227657046
pair_220_233,8,3.141592653589793,clean,steady,noise_burst,92493,0,0,0.0,1.129754519344546,1.129754521731501,1.1297545231445094
pair_220_233,9,3.5342917352885173,clean,steady,none,92602,0,0,0.0,1.494347385866557e-07,9.234767972239691e-08,3.6523471764037824e-08
pair_220_233,9,3.5342917352885173,clean,steady,new_weak,92602,1,0,0.0,0.18450048528299104,0.184500491517163,0.18450049195923768
pair_220_233,9,3.5342917352885173,clean,steady,new_strong,92602,1,0,0.0,0.645751715753386,0.6457517219875848,0.6457517224296735
pair_220_233,9,3.5342917352885173,clean,steady,same_pitch,92602,1,0,0.0,0.6419069104027371,0.6419068428761547,0.641906833566024
pair_220_233,9,3.5342917352885173,clean,steady,two_notes,92602,2,0,0.0,1.0769022195093318,1.0769022226124612,1.0769022229117682
pair_220_233,9,3.5342917352885173,clean,decaying,none,92602,0,0,0.0,2.355049777506521e-07,8.351012228545154e-08,3.204333496265598e-08
pair_220_233,10,3.9269908169872414,clean,steady,none,92708,0,0,0.0,1.2078289929912718e-07,1.0207290683193967e-07,3.036400130505601e-08
pair_220_233,10,3.9269908169872414,clean,steady,new_weak,92708,1,0,0.0,0.16308913290728097,0.16308913233306485,0.16308913230028815
pair_220_233,10,3.9269908169872414,clean,steady,new_strong,92708,1,0,0.0,0.570811965651063,0.5708119650768562,0.5708119650441006
pair_220_233,10,3.9269908169872414,clean,steady,same_pitch,92708,1,0,0.0,0.5674132652926481,0.5674132725565468,0.5674132750762892
pair_220_233,10,3.9269908169872414,clean,steady,two_notes,92708,2,0,0.0,0.9519272610303883,0.9519272654682442,0.9519272653889741
pair_220_233,10,3.9269908169872414,clean,decaying,none,92708,0,0,0.0,1.281509454435395e-07,8.18227112497973e-08,2.7858986222975614e-08
pair_220_233,11,4.319689898685965,clean,steady,none,92814,0,0,0.0,2.4498401853473013e-07,7.625983970562481e-08,2.637753061501866e-08
pair_220_233,11,4.319689898685965,clean,steady,new_weak,92814,1,0,0.0,0.14836740589446745,0.14836740480830837,0.1483674052905134
pair_220_233,11,4.319689898685965,clean,steady,new_strong,92814,1,0,0.0,0.5192859215774512,0.519285920491423,0.5192859209736401
pair_220_233,11,4.319689898685965,clean,steady,same_pitch,92814,1,0,0.0,0.5161940255012604,0.5161940320713743,0.5161940256709476
pair_220_233,11,4.319689898685965,clean,steady,two_notes,92814,2,0,0.0,0.865998728198905,0.8659987118693927,0.865998711842099
pair_220_233,11,4.319689898685965,clean,decaying,none,92814,0,0,0.0,9.639715779488102e-08,6.724656850328783e-08,2.23192773805731e-08
pair_220_233,12,4.71238898038469,clean,steady,none,92920,0,0,0.0,1.40356764635257e-07,7.986203472609006e-08,2.2149997302605848e-08
pair_220_233,12,4.71238898038469,clean,steady,new_weak,92920,1,0,0.0,0.13906912458815998,0.13906912441502334,0.13906912453120782
pair_220_233,12,4.71238898038469,clean,steady,new_strong,92920,1,0,0.0,0.48674193734739846,0.48674193717429626,0.4867419372904957
pair_220_233,12,4.71238898038469,clean,steady,same_pitch,92920,1,0,0.0,0.4838438140153918,0.48384381325297554,0.4838438099196444
pair_220_233,12,4.71238898038469,clean,steady,two_notes,92920,2,0,0.0,0.8117260227905024,0.8117260150957429,0.8117260149160163
pair_220_233,12,4.71238898038469,clean,decaying,none,92920,0,0,0.0,9.690738337915414e-08,6.837575861901268e-08,1.9503911155340944e-08
pair_220_233,12,4.71238898038469,clean,vibrato,none,92920,0,0,0.0,0.002188517525377458,0.02573476285487041,0.01416089458624926
pair_220_233,12,4.71238898038469,clean,glide,none,92920,0,0,0.0,0.009100833870961325,0.07061703322738204,0.03155393863093519
pair_220_233,12,4.71238898038469,clean,steady,noise_burst,92920,0,0,0.0,0.7475082320590446,0.7475082278784101,0.7475082288435517
pair_220_233,13,5.105088062083414,clean,steady,none,93029,0,1,4.062474943111738e-07,1.2460859003953187e-07,7.045419476095577e-08,2.0061521987828303e-08
pair_220_233,13,5.105088062083414,clean,steady,new_weak,93029,1,1,0.004766973666846752,0.13423434685372398,0.13423434275806143,0.13423434248076613
pair_220_233,13,5.105088062083414,clean,steady,new_strong,93029,1,1,0.05618146434426308,0.4698202047586191,0.4698202006629843,0.469820200385701
pair_220_233,13,5.105088062083414,clean,steady,same_pitch,93029,1,1,0.0006232371088117361,0.46702278579808626,0.4670228284891325,0.46702283197804795
pair_220_233,13,5.105088062083414,clean,steady,two_notes,93029,2,1,0.05660871043801308,0.7835061143463384,0.7835061068105129,0.7835061066051375
pair_220_233,13,5.105088062083414,clean,decaying,none,93029,0,1,3.8071905805736606e-07,7.714466242310066e-08,4.6563807797020986e-08,1.842577824397918e-08
pair_220_233,14,5.497787143782138,clean,steady,none,93135,0,42,1.1920847100554965e-05,9.451274804988407e-08,5.513272538004804e-08,1.9740470039584918e-08
pair_220_233,14,5.497787143782138,clean,steady,new_weak,93135,1,42,0.04128614813089371,0.1333559295583608,0.13335593197299322,0.13335593265166046
pair_220_233,14,5.497787143782138,clean,steady,new_strong,93135,1,42,0.48578381538391113,0.4667457621437681,0.4667457645584163,0.4667457652370906
pair_220_233,14,5.497787143782138,clean,steady,same_pitch,93135,1,42,0.2924904227256775,0.4639667329279004,0.4639667063909056,0.46396669817692354
pair_220_233,14,5.497787143782138,clean,steady,two_notes,93135,2,42,1.1806080341339111,0.7783789475581373,0.7783789521710326,0.7783789530588078
pair_220_233,14,5.497787143782138,clean,decaying,none,93135,0,42,1.0867422133742366e-05,9.143521866682033e-08,4.921597161301071e-08,1.730621826532187e-08
pair_220_233,15,5.890486225480862,clean,steady,none,93241,0,42,0.37450024485588074,6.982610153637442e-08,4.524945268454229e-08,1.944667127832686e-08
pair_220_233,15,5.890486225480862,clean,steady,new_weak,93241,1,42,0.5498980283737183,0.13636227161102504,0.1363622736070023,0.1363622735641175
pair_220_233,15,5.890486225480862,clean,steady,new_strong,93241,1,42,0.9847052693367004,0.47726795822158874,0.47726796021757345,0.47726796017469286
pair_220_233,15,5.890486225480862,clean,steady,same_pitch,93241,1,42,0.28661757707595825,0.474426264324287,0.4744262427874304,0.4744262429076808
pair_220_233,15,5.890486225480862,clean,steady,two_notes,93241,2,42,1.2263208627700806,0.795926526772809,0.7959265257980273,0.7959265254105504
pair_220_233,15,5.890486225480862,clean,decaying,none,93241,0,42,0.3267252445220947,5.617701502966757e-08,3.911224229288487e-08,1.772768093677586e-08
pair_110_116,0,0.0,clean,steady,none,91747,0,20,0.2760219871997833,1.4982488230599764e-07,1.1047503600514674e-07,2.980778500030585e-08
pair_110_116,0,0.0,clean,steady,new_weak,91747,1,20,0.29509201645851135,0.1267216235804621,0.12672162562594746,0.1267216255670412
pair_110_116,0,0.0,clean,steady,new_strong,91747,1,20,0.5392395853996277,0.4435256868771429,0.44352568892265704,0.4435256888637824
pair_110_116,0,0.0,clean,steady,same_pitch,91747,1,20,0.7114331722259521,0.4304976344862995,0.4304975768794456,0.4304975702869421
pair_110_116,0,0.0,clean,steady,two_notes,91747,2,20,1.187705159187317,0.7396554740702934,0.7396554768975753,0.7396554772465216
pair_110_116,0,0.0,clean,decaying,none,91747,0,23,0.2659699320793152,2.4321018837728077e-07,6.213034503484083e-08,2.2966179974559226e-08
pair_110_116,0,0.0,clean,vibrato,none,91747,0,21,0.230001762509346,0.02359431529940383,0.010569454366440894,0.005650260168095865
pair_110_116,0,0.0,clean,glide,none,91747,0,19,0.22085708379745483,0.013522276540469048,0.19090120367236688,0.022128775327698046
pair_110_116,0,0.0,clean,steady,noise_burst,91747,0,20,0.32048264145851135,0.6693044828788658,0.6693044827763824,0.6693044889725221
pair_110_116,1,0.39269908169872414,clean,steady,none,91856,0,23,0.24354490637779236,2.739374555883674e-07,8.373336722118448e-08,2.6462070431336525e-08
pair_110_116,1,0.39269908169872414,clean,steady,new_weak,91856,1,23,0.26294487714767456,0.13196857343524926,0.13196856829781284,0.1319685680094784
pair_110_116,1,0.39269908169872414,clean,steady,new_strong,91856,1,23,0.5888808965682983,0.46188999079865667,0.461889985661404,0.46188998537308634
pair_110_116,1,0.39269908169872414,clean,steady,same_pitch,91856,1,23,0.8049681186676025,0.4483222687695738,0.44832241082946783,0.4483224333710219
pair_110_116,1,0.39269908169872414,clean,steady,two_notes,91856,2,23,1.2685834169387817,0.770281110683992,0.7702811041824553,0.770281103393372
pair_110_116,1,0.39269908169872414,clean,decaying,none,91856,0,23,0.23798154294490814,8.693477990033027e-08,6.461319242524556e-08,2.1073718876338974e-08
pair_110_116,2,0.7853981633974483,clean,steady,none,91962,0,23,0.2044408619403839,2.1707797466975178e-07,7.032829044976221e-08,2.4745581948352743e-08
pair_110_116,2,0.7853981633974483,clean,steady,new_weak,91962,1,23,0.22468842566013336,0.14244043420671437,0.14244044010006424,0.14244044007173357
pair_110_116,2,0.7853981633974483,clean,steady,new_strong,91962,1,23,0.6658973097801208,0.49854153609257806,0.4985415419860331,0.49854154195771355
pair_110_116,2,0.7853981633974483,clean,steady,same_pitch,91962,1,23,0.9286906719207764,0.48389745763042774,0.4838973855552468,0.48389738662506626
pair_110_116,2,0.7853981633974483,clean,steady,two_notes,91962,2,23,1.4126009941101074,0.8314038920625234,0.831403887555765,0.8314038869387935
pair_110_116,2,0.7853981633974483,clean,decaying,none,91962,0,23,0.20763784646987915,1.3435021422994125e-07,7.157330829043416e-08,2.2507776660154057e-08
pair_110_116,3,1.1780972450961724,clean,steady,none,92068,0,23,0.33150434494018555,8.996986344952002e-08,7.726147856376645e-08,2.4769604508479972e-08
pair_110_116,3,1.1780972450961724,clean,steady,new_weak,92068,1,23,0.30677393078804016,0.15984881344749455,0.15984881328749997,0.15984881315221364
pair_110_116,3,1.1780972450961724,clean,steady,new_strong,92068,1,23,0.7829557657241821,0.5594708447904159,0.5594708446304261,0.5594708444951514
pair_110_116,3,1.1780972450961724,clean,steady,same_pitch,92068,1,23,1.0974582433700562,0.5430369181182068,0.5430369398146687,0.5430369489711685
pair_110_116,3,1.1780972450961724,clean,steady,two_notes,92068,2,23,1.6546393632888794,0.9330139958522302,0.9330139934099029,0.9330139926434519
pair_110_116,3,1.1780972450961724,clean,decaying,none,92068,0,23,0.3100223243236542,2.860330792539314e-07,7.827637871288515e-08,2.176547584206473e-08
pair_110_116,4,1.5707963267948966,clean,steady,none,92174,0,23,1.0487343072891235,1.9779314224819737e-07,8.315535852409337e-08,2.6287801967219468e-08
pair_110_116,4,1.5707963267948966,clean,steady,new_weak,92174,1,23,0.9549843668937683,0.18718059367600703,0.18718058961716755,0.1871805897638861
pair_110_116,4,1.5707963267948966,clean,steady,new_strong,92174,1,23,1.1592475175857544,0.6551320685974057,0.6551320645386277,0.6551320646853581
pair_110_116,4,1.5707963267948966,clean,steady,same_pitch,92174,1,23,1.33423912525177,0.6358881111115438,0.6358882094855037,0.6358882241891023
pair_110_116,4,1.5707963267948966,clean,steady,two_notes,92174,2,23,2.120065689086914,1.0925455597394058,1.0925455564616617,1.0925455555915062
pair_110_116,4,1.5707963267948966,clean,decaying,none,92174,0,23,0.8779003620147705,1.5592441736802776e-07,6.518896077881916e-08,2.099255206723894e-08
pair_110_116,4,1.5707963267948966,clean,vibrato,none,92174,0,24,1.1001278162002563,0.0334372742235601,0.01933100184184792,0.007045583117910863
pair_110_116,4,1.5707963267948966,clean,glide,none,92174,0,25,0.817547082901001,0.007119509006231108,0.11242848395632928,0.0369800924851143
pair_110_116,4,1.5707963267948966,clean,steady,noise_burst,92174,0,23,1.0555702447891235,1.019821918404747,1.0198219205041665,1.0198219190944344
pair_110_116,5,1.9634954084936207,clean,steady,none,92283,0,21,1.7886682748794556,1.249305028961836e-07,6.608100128302563e-08,2.8665362133608577e-08
pair_110_116,5,1.9634954084936207,clean,steady,new_weak,92283,1,21,1.6998010873794556,0.2286115502837575,0.2286115510896916,0.22861155121638468
pair_110_116,5,1.9634954084936207,clean,steady,new_strong,92283,1,21,1.8568133115768433,0.8001404247472422,0.8001404255531943,0.800140425679893
pair_110_116,5,1.9634954084936207,clean,steady,same_pitch,92283,1,21,1.8568133115768433,0.7766371792478713,0.7766371159866948,0.776637105677328
pair_110_116,5,1.9634954084936207,clean,steady,two_notes,92283,2,21,2.6190969944000244,1.334371968639488,1.3343719748655618,1.3343719760404813
pair_110_116,5,1.9634954084936207,clean,decaying,none,92283,0,20,1.516055941581726,1.224062145001951e-07,5.478740507844956e-08,2.4315176568775242e-08
pair_110_116,6,2.356194490192345,clean,steady,none,92389,0,22,2.390484094619751,1.2784480884561068e-07,7.303331582759487e-08,3.572589713576787e-08
pair_110_116,6,2.356194490192345,clean,steady,new_weak,92389,1,22,2.312359094619751,0.284640726539847,0.2846407284854903,0.28464072808998825
pair_110_116,6,2.356194490192345,clean,steady,new_strong,92389,1,22,2.487156867980957,0.9962425495614016,0.9962425515070592,0.9962425511115622
pair_110_116,6,2.356194490192345,clean,steady,same_pitch,92389,1,22,2.450047492980957,0.9669789960195649,0.9669789285986014,0.9669789279311798
pair_110_116,6,2.356194490192345,clean,steady,two_notes,92389,2,22,3.135874032974243,1.661406036512843,1.661406040870402,1.6614060404018234
pair_110_116,6,2.356194490192345,clean,decaying,none,92389,0,22,2.0939242839813232,1.2454574856127997e-07,6.93326812585886e-08,3.33925462539668e-08
pair_110_116,7,2.748893571891069,clean,steady,none,92495,0,17,2.038020372390747,2.730248703413183e-07,9.676393132591474e-08,4.9119194750551627e-08
pair_110_116,7,2.748893571891069,clean,steady,new_weak,92495,1,17,2.035029411315918,0.33006701409503125,0.3300670212229127,0.33006702085203227
pair_110_116,7,2.748893571891069,clean,steady,new_strong,92495,1,17,2.3082525730133057,1.155234560838557,1.1552345679665088,1.1552345675956361
pair_110_116,7,2.748893571891069,clean,steady,same_pitch,92495,1,17,2.240107536315918,1.1213007697155657,1.121300716342428,1.1213007192727227
pair_110_116,7,2.748893571891069,clean,steady,two_notes,92495,2,17,3.2401530742645264,1.9265526211395776,1.9265526110577904,1.926552609966968
pair_110_116,7,2.748893571891069,clean,decaying,none,92495,0,17,1.8152005672454834,7.869529493075775e-08,7.400408863164313e-08,4.4523058943270534e-08
pair_110_116,8,3.141592653589793,clean,steady,none,92601,0,0,0.0,1.7395758114334256e-07,1.243188122552825e-07,5.549925918916027e-08
pair_110_116,8,3.141592653589793,clean,steady,new_weak,92601,1,0,0.0,0.3147214878982998,0.31472149019501733,0.31472149073925454
pair_110_116,8,3.141592653589793,clean,steady,new_strong,92601,1,0,0.0,1.101525213742646,1.1015252160393798,1.101525216583632
pair_110_116,8,3.141592653589793,clean,steady,same_pitch,92601,1,0,0.0,1.0691689993836808,1.06916901450967,1.0691690199132162
pair_110_116,8,3.141592653589793,clean,steady,two_notes,92601,2,0,0.0,1.8369830268950245,1.8369830194634644,1.8369830185992337
pair_110_116,8,3.141592653589793,clean,decaying,none,92601,0,0,0.0,3.0441148488497854e-07,1.2116236300842954e-07,4.718529229931013e-08
pair_110_116,8,3.141592653589793,clean,vibrato,none,92601,0,0,0.0,0.0433582504599794,0.022554290214867823,0.0087210515550295
pair_110_116,8,3.141592653589793,clean,glide,none,92601,0,0,0.0,0.07459990359477439,0.13949916738106918,0.03794241967932879
pair_110_116,8,3.141592653589793,clean,steady,noise_burst,92601,0,0,0.0,1.6656575879222475,1.6656575857870561,1.6656575864481515
pair_110_116,9,3.5342917352885173,clean,steady,none,92710,0,0,0.0,1.8081903452614046e-07,1.4629601778243502e-07,5.255956296342461e-08
pair_110_116,9,3.5342917352885173,clean,steady,new_weak,92710,1,0,0.0,0.25875569137913357,0.25875569447388985,0.2587556945098611
pair_110_116,9,3.5342917352885173,clean,steady,new_strong,92710,1,0,0.0,0.9056449222470062,0.9056449253417789,0.905644925377775
pair_110_116,9,3.5342917352885173,clean,steady,same_pitch,92710,1,0,0.0,0.8790425280003031,0.8790425110448532,0.8790425175407174
pair_110_116,9,3.5342917352885173,clean,steady,two_notes,92710,2,0,0.0,1.510318901113685,1.5103188959486802,1.5103188955872726
pair_110_116,9,3.5342917352885173,clean,decaying,none,92710,0,0,0.0,1.3270034261986365e-07,1.1313263030653715e-07,4.362157788220704e-08
pair_110_116,10,3.9269908169872414,clean,steady,none,92816,0,0,0.0,1.5505348298004376e-07,1.1001801181595069e-07,4.820485781755632e-08
pair_110_116,10,3.9269908169872414,clean,steady,new_weak,92816,1,0,0.0,0.20867818966075613,0.2086781873261364,0.2086781868506096
pair_110_116,10,3.9269908169872414,clean,steady,new_strong,92816,1,0,0.0,0.7303736547759054,0.7303736524413074,0.730373651965798
pair_110_116,10,3.9269908169872414,clean,steady,same_pitch,92816,1,0,0.0,0.7089196717236522,0.7089196647696889,0.7089196638638295
pair_110_116,10,3.9269908169872414,clean,steady,two_notes,92816,2,0,0.0,1.2180238557868213,1.2180238623074762,1.2180238629493063
pair_110_116,10,3.9269908169872414,clean,decaying,none,92816,0,0,0.0,1.2178208848535308e-07,1.0538033645517396e-07,3.4998849802885235e-08
pair_110_116,11,4.319689898685965,clean,steady,none,92922,0,0,0.0,1.878779216133569e-07,1.4170697091088135e-07,4.4145895422307136e-08
pair_110_116,11,4.319689898685965,clean,steady,new_weak,92922,1,0,0.0,0.17412666347196937,0.17412666669071145,0.1741266673977395
pair_110_116,11,4.319689898685965,clean,steady,new_strong,92922,1,0,0.0,0.6094433269150502,0.609443330133824,0.6094433308408896
pair_110_116,11,4.319689898685965,clean,steady,same_pitch,92922,1,0,0.0,0.5915415954983603,0.5915415533348742,0.5915415463189391
pair_110_116,11,4.319689898685965,clean,steady,two_notes,92922,2,0,0.0,1.0163517207417176,1.0163517185699975,1.0163517191340192
pair_110_116,11,4.319689898685965,clean,decaying,none,92922,0,0,0.0,9.742737840491448e-08,7.839324972081839e-08,3.2929263954629965e-08
pair_110_116,12,4.71238898038469,clean,steady,none,93028,0,0,0.0,1.7241225472276947e-07,1.411915464925314e-07,4.227888984186145e-08
pair_110_116,12,4.71238898038469,clean,steady,new_weak,93028,1,0,0.0,0.15163381832512177,0.15163382060631136,0.15163382138439538
pair_110_116,12,4.71238898038469,clean,steady,new_strong,93028,1,0,0.0,0.5307183677964349,0.5307183700776485,0.530718370855777
pair_110_116,12,4.71238898038469,clean,steady,same_pitch,93028,1,0,0.0,0.5151290681768302,0.5151290517380586,0.5151290528447263
pair_110_116,12,4.71238898038469,clean,steady,two_notes,93028,2,0,0.0,0.8850642983830508,0.885064295301449,0.8850642943577367
pair_110_116,12,4.71238898038469,clean,decaying,none,93028,0,0,0.0,1.6587836111012118e-07,9.376731081101889e-08,3.2721039106031156e-08
pair_110_116,12,4.71238898038469,clean,vibrato,none,93028,0,0,0.0,0.015267942589886051,0.006371329086655322,0.00587334161121595
pair_110_116,12,4.71238898038469,clean,glide,none,93028,0,0,0.0,0.023376811994283327,0.01993310694838629,0.015090025437453813
pair_110_116,12,4.71238898038469,clean,steady,noise_burst,93028,0,0,0.0,0.792774140949863,0.7927741443388645,0.7927741503371261
pair_110_116,13,5.105088062083414,clean,steady,none,93137,0,0,0.0,2.1430349644435474e-07,1.2232728656591622e-07,3.532465005699366e-08
pair_110_116,13,5.105088062083414,clean,steady,new_weak,93137,1,0,0.0,0.13747297802314218,0.13747298236323793,0.13747298354458762
pair_110_116,13,5.105088062083414,clean,steady,new_strong,93137,1,0,0.0,0.48115543564730623,0.4811554399874823,0.4811554411688687
pair_110_116,13,5.105088062083414,clean,steady,same_pitch,93137,1,0,0.0,0.46702203044453366,0.4670219972625611,0.4670219853728176
pair_110_116,13,5.105088062083414,clean,steady,two_notes,93137,2,0,0.0,0.8024095763089869,0.8024095701995653,0.8024095710429374
pair_110_116,13,5.105088062083414,clean,decaying,none,93137,0,0,0.0,2.5378622193927907e-07,1.1505827159191359e-07,3.0641487509949134e-08
pair_110_116,14,5.497787143782138,clean,steady,none,93243,0,1,0.36789149045944214,2.550536191448665e-07,1.2313512351886863e-07,3.304991803157171e-08
pair_110_116,14,5.497787143782138,clean,steady,new_weak,93243,1,1,0.3719494938850403,0.12930583197538456,0.1293058384055568,0.12930583769037798
pair_110_116,14,5.497787143782138,clean,steady,new_strong,93243,1,1,0.4969494938850403,0.4525704214836917,0.4525704279140022,0.45257042719886165
pair_110_116,14,5.497787143782138,clean,steady,same_pitch,93243,1,1,0.439676970243454,0.4392767173807305,0.43927662092426745,0.4392766248298733
pair_110_116,14,5.497787143782138,clean,steady,two_notes,93243,2,1,0.7197452187538147,0.754739139955,0.7547391375128661,0.7547391365211478
pair_110_116,14,5.497787143782138,clean,decaying,none,93243,0,8,0.3595946133136749,8.797759577250282e-08,8.282042567315973e-08,2.934549108393589e-08
pair_110_116,15,5.890486225480862,clean,steady,none,93349,0,9,0.35787248611450195,1.983450201538303e-07,1.3331892328286696e-07,3.1740715054708956e-08
pair_110_116,15,5.890486225480862,clean,steady,new_weak,93349,1,9,0.37452760338783264,0.12588293801123807,0.12588294050443216,0.12588294070733957
pair_110_116,15,5.890486225480862,clean,steady,new_strong,93349,1,9,0.49464479088783264,0.44059028863939304,0.44059029113264764,0.4405902913356019
pair_110_116,15,5.890486225480862,clean,steady,same_pitch,93349,1,9,0.5030193328857422,0.4276484925833626,0.4276484146232856,0.4276483981706467
pair_110_116,15,5.890486225480862,clean,steady,two_notes,93349,2,9,0.9435343146324158,0.7347601911506669,0.7347601954156973,0.734760196194672
pair_110_116,15,5.890486225480862,clean,decaying,none,93349,0,21,0.349380224943161,1.7981367305736917e-07,9.27196264200757e-08,2.6929820421054522e-08
harmonics_110,0,0.0,clean,steady,none,91855,0,1,0.002019250765442848,6.615290782500673e-06,6.531541406209961e-06,3.155435582457122e-08
harmonics_110,0,0.0,clean,steady,new_weak,91855,1,1,0.020282544195652008,0.1455869337729689,0.14558700403573757,0.14558721352891763
harmonics_110,0,0.0,clean,steady,new_strong,91855,1,1,0.1330719292163849,0.5095549662444792,0.5095550365098637,0.5095552461075812
harmonics_110,0,0.0,clean,steady,same_pitch,91855,1,1,0.002263391390442848,0.49458762311275867,0.49458761206823804,0.49458757332112974
harmonics_110,0,0.0,clean,steady,two_notes,91855,2,1,0.1301422417163849,0.8497708925148052,0.8497709487662206,0.8497711351350029
harmonics_110,0,0.0,clean,decaying,none,91855,0,1,0.0008499694522470236,7.214063196672171e-06,5.339360667624178e-06,2.5350113235722806e-08
harmonics_110,0,0.0,clean,vibrato,none,91855,0,1,0.0021196610759943724,0.24991508042991997,0.28176389857859985,0.1305101859771848
harmonics_110,0,0.0,clean,glide,none,91855,0,0,0.0,0.38879549706089944,0.8143265113037305,0.8868871256930534
harmonics_110,0,0.0,clean,steady,noise_burst,91855,0,1,0.07805442065000534,0.7811193077234041,0.7811193155514511,0.7811191874220659
harmonics_110,1,0.39269908169872414,clean,steady,none,91964,0,2,0.0025299217086285353,5.796069226379962e-06,5.651379418796804e-06,2.7928590031600887e-08
harmonics_110,1,0.39269908169872414,clean,steady,new_weak,91964,1,2,0.023954015225172043,0.14622202652768276,0.1462223555079489,0.14622236399104258
harmonics_110,1,0.39269908169872414,clean,steady,new_strong,91964,1,2,0.15513034164905548,0.5117779351024269,0.511778264086463,0.5117782726475645
harmonics_110,1,0.39269908169872414,clean,steady,same_pitch,91964,1,2,0.004152573645114899,0.4967452830916809,0.4967452948979385,0.49674530152825985
harmonics_110,1,0.39269908169872414,clean,steady,two_notes,91964,2,2,0.15708346664905548,0.8534781076618124,0.8534784029048904,0.8534784143026031
harmonics_110,1,0.39269908169872414,clean,decaying,none,91964,0,2,0.0011045474093407393,4.658555431200787e-06,4.1319159613655345e-06,2.4779456601470436e-08
harmonics_110,2,0.7853981633974483,clean,steady,none,92070,0,1,0.00242567528039217,7.701479248578581e-06,7.265383533882e-06,2.7616183248840177e-08
harmonics_110,2,0.7853981633974483,clean,steady,new_weak,92070,1,1,0.020197050645947456,0.14756801225734179,0.14756755615550074,0.14756741966352288
harmonics_110,2,0.7853981633974483,clean,steady,new_strong,92070,1,1,0.1475926786661148,0.5164865586433266,0.5164861025564897,0.5164859661922062
harmonics_110,2,0.7853981633974483,clean,steady,same_pitch,92070,1,1,0.004775765351951122,0.5013147482918924,0.501314706055855,0.5013147091137414
harmonics_110,2,0.7853981633974483,clean,steady,two_notes,92070,2,1,0.1489354521036148,0.8613298474424241,0.8613294296350114,0.861329301562898
harmonics_110,2,0.7853981633974483,clean,decaying,none,92070,0,1,0.0010082010412588716,6.932758877372377e-06,6.38053476636202e-06,2.5366281146131706e-08
harmonics_110,3,1.1780972450961724,clean,steady,none,92176,0,1,0.002862803637981415,7.217725239263489e-06,6.161967268870319e-06,2.989327889582281e-08
harmonics_110,3,1.1780972450961724,clean,steady,new_weak,92176,1,1,0.023528913035988808,0.14962405485425337,0.14962486047551804,0.14962496054272834
harmonics_110,3,1.1780972450961724,clean,steady,new_strong,92176,1,1,0.16865657269954681,0.5236864567036272,0.5236872623566722,0.5236873625144834
harmonics_110,3,1.1780972450961724,clean,steady,same_pitch,92176,1,1,0.005936294328421354,0.5083046384982711,0.5083046098434791,0.5083045746538596
harmonics_110,3,1.1780972450961724,clean,steady,two_notes,92176,2,1,0.16622911393642426,0.8733380768183446,0.8733387793593272,0.8733388745196126
harmonics_110,3,1.1780972450961724,clean,decaying,none,92176,0,1,0.001251677516847849,6.422850481685075e-06,5.834180532505719e-06,2.6342632486929233e-08
harmonics_110,4,1.5707963267948966,clean,steady,none,92282,0,3,0.9456599950790405,6.591484739393199e-06,6.3785582504839855e-06,3.005215168393402e-08
harmonics_110,4,1.5707963267948966,clean,steady,new_weak,92282,1,3,0.9690974950790405,0.1520711265862047,0.15207102428843086,0.15207131289472198
harmonics_110,4,1.5707963267948966,clean,steady,new_strong,92282,1,3,1.0311355590820312,0.5322494096049032,0.5322493073137293,0.5322495960153557
harmonics_110,4,1.5707963267948966,clean,steady,same_pitch,92282,1,3,1.0897293090820312,0.5166152410688925,0.5166153197226717,0.5166153000325039
harmonics_110,4,1.5707963267948966,clean,steady,two_notes,92282,2,3,1.1370662450790405,0.8876176777716893,0.8876176190852906,0.8876178719005425
harmonics_110,4,1.5707963267948966,clean,decaying,none,92282,0,4,0.8858769536018372,5.8985172252798525e-06,4.63951141881884e-06,2.5961322112873126e-08
harmonics_110,4,1.5707963267948966,clean,vibrato,none,92282,0,1,0.0018803304992616177,0.26935834218599053,0.34263436679331916,0.22947446363371599
harmonics_110,4,1.5707963267948966,clean,glide,none,92282,0,4,0.8850353360176086,0.4282600795228589,0.9306709486961428,1.0956056389451674
harmonics_110,4,1.5707963267948966,clean,steady,noise_burst,92282,0,3,0.9730037450790405,0.7828159260646054,0.7828159331861394,0.7828161799951592
harmonics_110,5,1.9634954084936207,clean,steady,none,92391,0,4,0.9357753992080688,6.691220943693409e-06,6.566218094318662e-06,3.527173926077969e-08
harmonics_110,5,1.9634954084936207,clean,steady,new_weak,92391,1,4,0.9767910242080688,0.15426992047007965,0.15426921666196625,0.15426944217394825
harmonics_110,5,1.9634954084936207,clean,steady,new_strong,92391,1,4,1.0754238367080688,0.53994352582026,0.5399428220155834,0.5399430476272401
harmonics_110,5,1.9634954084936207,clean,steady,same_pitch,92391,1,4,1.1457363367080688,0.5240827627168629,0.5240827574093606,0.5240827662992026
harmonics_110,5,1.9634954084936207,clean,steady,two_notes,92391,2,4,1.195776104927063,0.9004484576923062,0.9004478391035204,0.9004480314995305
harmonics_110,5,1.9634954084936207,clean,decaying,none,92391,0,4,0.8597748279571533,6.449903313018048e-06,6.464771232316806e-06,2.7408418976119598e-08
harmonics_110,6,2.356194490192345,clean,steady,none,92497,0,2,0.692186713218689,9.738405280478064e-06,9.201712116851807e-06,3.650447752706969e-08
harmonics_110,6,2.356194490192345,clean,steady,new_weak,92497,1,2,0.762499213218689,0.15549130227379035,0.15549083890698834,0.155490694135703
harmonics_110,6,2.356194490192345,clean,steady,new_strong,92497,1,2,0.926561713218689,0.5442180363618987,0.544217573017657,0.5442174284408007
harmonics_110,6,2.356194490192345,clean,steady,same_pitch,92497,1,2,1.026171088218689,0.5282315045897085,0.5282315706287523,0.5282315881793972
harmonics_110,6,2.356194490192345,clean,steady,two_notes,92497,2,2,1.2100318670272827,0.9075768102661664,0.9075764270457322,0.9075762945805879
harmonics_110,6,2.356194490192345,clean,decaying,none,92497,0,4,0.6472331285476685,7.3972862194230375e-06,6.0300828970715e-06,2.8387420042810597e-08
harmonics_110,7,2.748893571891069,clean,steady,none,92603,0,2,0.002073276787996292,8.151314429757881e-06,6.673635913313161e-06,3.431031016459419e-08
harmonics_110,7,2.748893571891069,clean,steady,new_weak,92603,1,2,0.02013571187853813,0.1552954291297388,0.15529613904720663,0.15529610609151798
harmonics_110,7,2.748893571891069,clean,steady,new_strong,92603,1,2,0.12601645290851593,0.5435356919866681,0.5435364019534763,0.5435363691001887
harmonics_110,7,2.748893571891069,clean,steady,same_pitch,92603,1,2,0.0021625461522489786,0.5275703747593502,0.5275704497787364,0.5275705332842541
harmonics_110,7,2.748893571891069,clean,steady,two_notes,92603,2,2,0.12211020290851593,0.9064398945110403,0.9064405503222966,0.9064405115861972
harmonics_110,7,2.748893571891069,clean,decaying,none,92603,0,1,0.0010207612067461014,7.493905605443335e-06,6.536065625503906e-06,2.7376741618674384e-08
harmonics_110,8,3.141592653589793,clean,steady,none,92709,0,1,0.0018401875859126449,8.179189203030222e-06,8.040479636136175e-06,3.2501422497061065e-08
harmonics_110,8,3.141592653589793,clean,steady,new_weak,92709,1,1,0.018402179703116417,0.1538085186969512,0.15380866128480972,0.1538088569799474
harmonics_110,8,3.141592653589793,clean,steady,new_strong,92709,1,1,0.10937508195638657,0.538330660372697,0.5383308029656022,0.5383309988108061
harmonics_110,8,3.141592653589793,clean,steady,same_pitch,92709,1,1,0.0018020406132563949,0.5225181328545564,0.5225181098256962,0.5225180686995287
harmonics_110,8,3.141592653589793,clean,steady,two_notes,92709,2,1,0.10559090226888657,0.8977593744573427,0.8977594880009263,0.89775966050352
harmonics_110,8,3.141592653589793,clean,decaying,none,92709,0,1,0.0008593070670031011,6.264800277618147e-06,6.221508403765889e-06,2.535658251380668e-08
harmonics_110,8,3.141592653589793,clean,vibrato,none,92709,0,1,0.001955359475687146,0.27280381848001617,0.29732963553124153,0.14822255795757525
harmonics_110,8,3.141592653589793,clean,glide,none,92709,0,1,0.001977495150640607,0.4229618842232322,0.9591510100577221,1.1863587050378102
harmonics_110,8,3.141592653589793,clean,steady,noise_burst,92709,0,1,0.07697854936122894,0.8194040906436652,0.8194041033928664,0.8194041821095157
harmonics_110,9,3.5342917352885173,clean,steady,none,92818,0,2,0.0017129702027887106,1.0716952230322485e-05,7.966324552888138e-06,3.366428786697512e-08
harmonics_110,9,3.5342917352885173,clean,steady,new_weak,92818,1,2,0.01702699437737465,0.1516190943879527,0.15162047379411212,0.15162079851814025
harmonics_110,9,3.5342917352885173,clean,steady,new_strong,92818,1,2,0.10001955181360245,0.5306710876399975,0.5306724671606076,0.5306727920338888
harmonics_110,9,3.5342917352885173,clean,steady,same_pitch,92818,1,2,0.0017854494508355856,0.5150847390358646,0.515084812614593,0.515084813640284
harmonics_110,9,3.5342917352885173,clean,steady,two_notes,92818,2,2,0.09629640728235245,0.884986749593922,0.8849880022274041,0.8849882802440092
harmonics_110,9,3.5342917352885173,clean,decaying,none,92818,0,2,0.0007810285896994174,5.892487081157655e-06,4.404006495620756e-06,2.5742204637446945e-08
harmonics_110,10,3.9269908169872414,clean,steady,none,92924,0,2,0.001850551227107644,9.179248673662187e-06,7.106482430427876e-06,3.135929045774418e-08
harmonics_110,10,3.9269908169872414,clean,steady,new_weak,92924,1,2,0.016989607363939285,0.14942598178793945,0.14942622561215685,0.1494262396031024
harmonics_110,10,3.9269908169872414,clean,steady,new_strong,92924,1,2,0.10228623449802399,0.5229915845601565,0.5229918284649115,0.522991842576569
harmonics_110,10,3.9269908169872414,clean,steady,same_pitch,92924,1,2,0.0019495649030432105,0.5076296975130913,0.5076295587933151,0.5076294849079085
harmonics_110,10,3.9269908169872414,clean,steady,two_notes,92924,2,2,0.09813584387302399,0.8721787943122544,0.8721789529132431,0.8721789741720286
harmonics_110,10,3.9269908169872414,clean,decaying,none,92924,0,3,0.3477913439273834,5.413518342975278e-06,5.256645265925911e-06,2.5518099939322556e-08
harmonics_110,11,4.319689898685965,clean,steady,none,93030,0,1,0.0020498079247772694,8.321219233138964e-06,6.343861132647876e-06,3.0660630597361106e-08
harmonics_110,11,4.319689898685965,clean,steady,new_weak,93030,1,1,0.016359547153115273,0.14769908700277445,0.14769791420345854,0.14769776454657463
harmonics_110,11,4.319689898685965,clean,steady,new_strong,93030,1,1,0.10618803650140762,0.516943494149391,0.5169423214160147,0.5169421718563831
harmonics_110,11,4.319689898685965,clean,steady,same_pitch,93030,1,1,0.0021087927743792534,0.5017575907290356,0.5017575477470847,0.501757518505436
harmonics_110,11,4.319689898685965,clean,steady,two_notes,93030,2,1,0.10130522400140762,0.8620912917218467,0.8620902386248206,0.8620901093346234
harmonics_110,11,4.319689898685965,clean,decaying,none,93030,0,2,0.0009460988803766668,6.439503285897365e-06,5.583912027597753e-06,2.579662958112409e-08
harmonics_110,12,4.71238898038469,clean,steady,none,93136,0,1,0.002329322975128889,6.181776297588096e-06,5.894955976924397e-06,3.390271687908773e-08
harmonics_110,12,4.71238898038469,clean,steady,new_weak,93136,1,1,0.018568580970168114,0.1465758387167346,0.14657575505036674,0.14657575338591108
harmonics_110,12,4.71238898038469,clean,steady,new_strong,93136,1,1,0.12146396934986115,0.5130152174648843,0.5130151338069471,0.5130151322271865
harmonics_110,12,4.71238898038469,clean,steady,same_pitch,93136,1,1,0.002310249488800764,0.4979457448786358,0.4979457822722893,0.49794582961018147
harmonics_110,12,4.71238898038469,clean,steady,two_notes,93136,2,1,0.11932773888111115,0.8555411525730493,0.8555410952388642,0.855541094180067
harmonics_110,12,4.71238898038469,clean,decaying,none,93136,0,1,0.0010996711207553744,5.122337274964469e-06,5.115198044042801e-06,2.5470240960273248e-08
harmonics_110,12,4.71238898038469,clean,vibrato,none,93136,0,1,0.0028759038541465998,0.27928625005703395,0.3234471687633295,0.22418764460585702
harmonics_110,12,4.71238898038469,clean,glide,none,93136,0,1,0.0026487584691494703,0.3861470440314778,0.864151752338798,0.9308271776171291
harmonics_110,12,4.71238898038469,clean,steady,noise_burst,93136,0,1,0.09129197150468826,0.7954552994182982,0.7954552578227074,0.7954550907096013
harmonics_110,13,5.105088062083414,clean,steady,none,93245,0,1,0.0027299479115754366,6.827292238439786e-06,5.8934716249388445e-06,3.497842801120596e-08
harmonics_110,13,5.105088062083414,clean,steady,new_weak,93245,1,1,0.02621006965637207,0.1459438557017341,0.14594407773245957,0.1459442846720109
harmonics_110,13,5.105088062083414,clean,steady,new_strong,93245,1,1,0.16054844856262207,0.5108045608913866,0.5108047829508399,0.5108049899752855
harmonics_110,13,5.105088062083414,clean,steady,same_pitch,93245,1,1,0.0028138712514191866,0.4958004774530834,0.4958005456981228,0.4958006072826216
harmonics_110,13,5.105088062083414,clean,steady,two_notes,93245,2,1,0.15774083137512207,0.8518548955005902,0.8518551198423091,0.8518552993535016
harmonics_110,13,5.105088062083414,clean,decaying,none,93245,0,1,0.001258763368241489,8.254633866933511e-06,5.873772897181399e-06,2.758116010058542e-08
harmonics_110,14,5.497787143782138,clean,steady,none,93351,0,1,0.002482891781255603,7.448573387257389e-06,7.425012567341488e-06,3.290595690362497e-08
harmonics_110,14,5.497787143782138,clean,steady,new_weak,93351,1,1,0.026361268013715744,0.1456048919850851,0.14560448746223278,0.14560494980374408
harmonics_110,14,5.497787143782138,clean,steady,new_strong,93351,1,1,0.15972308814525604,0.5096172707364692,0.5096168662149979,0.5096173286912056
harmonics_110,14,5.497787143782138,clean,steady,same_pitch,93351,1,1,0.002650738460943103,0.4946479453380214,0.49464790652958507,0.4946478343322682
harmonics_110,14,5.497787143782138,clean,steady,two_notes,93351,2,1,0.15679340064525604,0.8498746345721387,0.8498742641963603,0.8498746702440674
harmonics_110,14,5.497787143782138,clean,decaying,none,93351,0,1,0.0011594758834689856,7.168553271653161e-06,6.496017815397825e-06,2.6474528183232234e-08
harmonics_110,15,5.890486225480862,clean,steady,none,93457,0,1,0.0019969549030065536,7.067932301942932e-06,7.152538575721898e-06,3.407919714380458e-08
harmonics_110,15,5.890486225480862,clean,steady,new_weak,93457,1,1,0.021290484815835953,0.14545665134123556,0.14545646994208722,0.14545671970591345
harmonics_110,15,5.890486225480862,clean,steady,new_strong,93457,1,1,0.13434284925460815,0.5090984468288033,0.5090982654268367,0.5090985153161158
harmonics_110,15,5.890486225480862,clean,steady,same_pitch,93457,1,1,0.0021953191608190536,0.49414426848185483,0.494144250813936,0.4941442594911779
harmonics_110,15,5.890486225480862,clean,steady,two_notes,93457,2,1,0.13165730237960815,0.8490094143043816,0.8490092474419006,0.8490094599849014
harmonics_110,15,5.890486225480862,clean,decaying,none,93457,0,1,0.0009707477292977273,6.462553636094792e-06,5.42769495419308e-06,2.6002757036841807e-08
pair_173_184,0,0.0,clean,steady,none,91963,0,32,0.5008878707885742,8.699861753324325e-08,5.0615011566999296e-08,2.0668716301204417e-08
pair_173_184,0,0.0,clean,steady,new_weak,91963,1,32,0.5866711735725403,0.13835203699464746,0.1383520391767165,0.1383520390963212
pair_173_184,0,0.0,clean,steady,new_strong,91963,1,32,0.8744550347328186,0.48423213437412066,0.4842321365562032,0.4842321364758134
pair_173_184,0,0.0,clean,steady,same_pitch,91963,1,32,0.9846969246864319,0.4843220179687312,0.4843220188947697,0.48432201821749266
pair_173_184,0,0.0,clean,steady,two_notes,91963,2,32,1.3950480222702026,0.807540508950833,0.8075404875541119,0.8075404889058655
pair_173_184,0,0.0,clean,decaying,none,91963,0,36,0.4289189577102661,1.096913201429147e-07,4.585892076059711e-08,1.89350038314448e-08
pair_173_184,0,0.0,clean,vibrato,none,91963,0,30,0.5023830533027649,0.0022604857979494565,0.003233742685160265,0.007147374629036567
pair_173_184,0,0.0,clean,glide,none,91963,0,30,0.4629290997982025,0.005714249232973866,0.08135419840102125,0.016966689235785763
pair_173_184,0,0.0,clean,steady,noise_burst,91963,0,32,0.5624113082885742,0.7480215401621947,0.7480215393369786,0.748021537780326
pair_173_184,1,0.39269908169872414,clean,steady,none,92072,0,42,1.089592456817627,1.415151567170165e-07,5.5770680798482614e-08,2.2681202351846506e-08
pair_173_184,1,0.39269908169872414,clean,steady,new_weak,92072,1,42,1.1758085489273071,0.149033000562759,0.1490330001351875,0.14903300000884598
pair_173_184,1,0.39269908169872414,clean,steady,new_strong,92072,1,42,1.430063247680664,0.521615500127435,0.521615499699905,0.5216154995735699
pair_173_184,1,0.39269908169872414,clean,steady,same_pitch,92072,1,42,1.5736621618270874,0.5217122778975745,0.5217123270354,0.5217123219775137
pair_173_184,1,0.39269908169872414,clean,steady,two_notes,92072,2,42,1.851938247680664,0.8698836479603426,0.8698836843979785,0.8698836872831547
pair_173_184,1,0.39269908169872414,clean,decaying,none,92072,0,44,0.9196176528930664,7.182511077877401e-08,4.2729761625889565e-08,2.0206827646819298e-08
pair_173_184,2,0.7853981633974483,clean,steady,none,92178,0,45,1.600653886795044,6.339466270187492e-08,4.5053439616649195e-08,2.645565102548029e-08
pair_173_184,2,0.7853981633974483,clean,steady,new_weak,92178,1,45,1.691474199295044,0.16599317815493614,0.1659931766828058,0.16599317654281967
pair_173_184,2,0.7853981633974483,clean,steady,new_strong,92178,1,45,1.9394500255584717,0.5809761177556323,0.5809761162835064,0.5809761161435228
pair_173_184,2,0.7853981633974483,clean,steady,same_pitch,92178,1,45,2.124875545501709,0.5810839776478542,0.5810839558445828,0.5810839537941241
pair_173_184,2,0.7853981633974483,clean,steady,two_notes,92178,2,45,2.3344836235046387,0.9688777324662735,0.9688777350992772,0.9688777369176804
pair_173_184,2,0.7853981633974483,clean,decaying,none,92178,0,45,1.3575440645217896,3.8894266932761605e-08,3.619481267104824e-08,2.196666762579457e-08
pair_173_184,3,1.1780972450961724,clean,steady,none,92284,0,45,2.0729689598083496,5.96452215077854e-08,5.187708072773774e-08,3.243033921857342e-08
pair_173_184,3,1.1780972450961724,clean,steady,new_weak,92284,1,45,2.1725783348083496,0.1910783591549872,0.19107835999544887,0.19107835997710776
pair_173_184,3,1.1780972450961724,clean,steady,new_strong,92284,1,45,2.430433511734009,0.6687742661512687,0.6687742669917318,0.6687742669733938
pair_173_184,3,1.1780972450961724,clean,steady,same_pitch,92284,1,45,2.659511089324951,0.6688984068922973,0.6688984030795667,0.6688984051563183
pair_173_184,3,1.1780972450961724,clean,steady,two_notes,92284,2,45,2.8199377059936523,1.1152962881556832,1.1152962774643436,1.1152962791624728
pair_173_184,3,1.1780972450961724,clean,decaying,none,92284,0,45,1.7824081182479858,8.291951880677559e-08,4.2922384289936204e-08,2.5074273883933585e-08
pair_173_184,4,1.5707963267948966,clean,steady,none,92390,0,42,2.551015853881836,7.671163416717605e-08,5.304071610673613e-08,4.0406712245336165e-08
pair_173_184,4,1.5707963267948966,clean,steady,new_weak,92390,1,42,2.661679744720459,0.22543680713092787,0.2254368091446919,0.22543680928337015
pair_173_184,4,1.5707963267948966,clean,steady,new_strong,92390,1,42,2.9363961219787598,0.7890288290436325,0.789028831057401,0.7890288311960808
pair_173_184,4,1.5707963267948966,clean,steady,same_pitch,92390,1,42,3.2041375637054443,0.789175260452669,0.7891752917198931,0.7891752946709429
pair_173_184,4,1.5707963267948966,clean,steady,two_notes,92390,2,42,3.376788854598999,1.315841479574544,1.315841478029322,1.3158414794583524
pair_173_184,4,1.5707963267948966,clean,decaying,none,92390,0,42,2.2328383922576904,5.8997924606611915e-08,4.2564625651968486e-08,3.152181206608003e-08
pair_173_184,4,1.5707963267948966,clean,vibrato,none,92390,0,43,2.487438917160034,0.005646573670133984,0.012774516417607608,0.014926813003210299
pair_173_184,4,1.5707963267948966,clean,glide,none,92390,0,44,2.5185208320617676,0.007910654460550932,0.3057191655898319,0.030963455076896906
pair_173_184,4,1.5707963267948966,clean,steady,noise_burst,92390,0,42,2.4951531887054443,1.2061216692327066,1.2061216710607792,1.2061216708826015
pair_173_184,5,1.9634954084936207,clean,steady,none,92499,0,41,2.9073588848114014,8.922298106597898e-08,6.317049827482424e-08,4.806308148323194e-08
pair_173_184,5,1.9634954084936207,clean,steady,new_weak,92499,1,41,3.0169925689697266,0.26412487602824714,0.2641248773683909,0.2641248774199888
pair_173_184,5,1.9634954084936207,clean,steady,new_strong,92499,1,41,3.3245849609375,0.9244370671607379,0.924437068500887,0.924437068552487
pair_173_184,5,1.9634954084936207,clean,steady,same_pitch,92499,1,41,3.6020092964172363,0.9246086248718527,0.9246086640350466,0.9246086661508167
pair_173_184,5,1.9634954084936207,clean,steady,two_notes,92499,2,41,3.742208242416382,1.541658019673507,1.541658029684237,1.5416580305814735
pair_173_184,5,1.9634954084936207,clean,decaying,none,92499,0,41,2.592163562774658,6.868673325918161e-08,5.210263273773456e-08,3.775126190456318e-08
pair_173_184,6,2.356194490192345,clean,steady,none,92605,0,6,0.007801946252584457,1.334298732932121e-07,8.49847769887812e-08,5.822031993283786e-08
pair_173_184,6,2.356194490192345,clean,steady,new_weak,92605,1,6,0.17739900946617126,0.2866073310030362,0.28660732698085556,0.2866073269403169
pair_173_184,6,2.356194490192345,clean,steady,new_strong,92605,1,6,1.0671695470809937,1.0031256534293163,1.0031256494071488,1.0031256493666156
pair_173_184,6,2.356194490192345,clean,steady,same_pitch,92605,1,6,0.9173226952552795,1.0033119025370756,1.0033118524471196,1.0033118488317434
pair_173_184,6,2.356194490192345,clean,steady,two_notes,92605,2,6,1.9762909412384033,1.6728847845691184,1.6728847951181018,1.6728847937566336
pair_173_184,6,2.356194490192345,clean,decaying,none,92605,0,17,2.0531904697418213,8.067612891629446e-08,7.345135787517544e-08,4.243471390417375e-08
pair_173_184,7,2.748893571891069,clean,steady,none,92711,0,4,6.742207915522158e-05,1.4869340084512412e-07,1.0096689206076803e-07,5.699251509558324e-08
pair_173_184,7,2.748893571891069,clean,steady,new_weak,92711,1,4,0.08353766053915024,0.27200823181602674,0.2720082344964182,0.27200823445986094
pair_173_184,7,2.748893571891069,clean,steady,new_strong,92711,1,4,0.7118945717811584,0.9520288121829605,0.9520288148633671,0.9520288148268193
pair_173_184,7,2.748893571891069,clean,steady,same_pitch,92711,1,4,0.526836633682251,0.9522054574570762,0.9522055198226167,0.9522055268387382
pair_173_184,7,2.748893571891069,clean,steady,two_notes,92711,2,4,1.384745478630066,1.587672002712469,1.5876720135424045,1.587672016594898
pair_173_184,7,2.748893571891069,clean,decaying,none,92711,0,4,5.199024599278346e-05,9.900320093416195e-08,9.283996407886303e-08,4.450413207791734e-08
pair_173_184,8,3.141592653589793,clean,steady,none,92817,0,0,0.0,1.1560465137921452e-07,1.0121953589562209e-07,5.1222747176969016e-08
pair_173_184,8,3.141592653589793,clean,steady,new_weak,92817,1,0,0.0,0.23474795732224105,0.23474795884628205,0.23474795894825481
pair_173_184,8,3.141592653589793,clean,steady,new_strong,92817,1,0,0.0,0.8216178581869414,0.8216178597109871,0.8216178598129712
pair_173_184,8,3.141592653589793,clean,steady,same_pitch,92817,1,0,0.0,0.8217703658705816,0.8217703689948467,0.8217703680812875
pair_173_184,8,3.141592653589793,clean,steady,two_notes,92817,2,0,0.0,1.3701893116527388,1.370189297286222,1.3701892960525437
pair_173_184,8,3.141592653589793,clean,decaying,none,92817,0,1,6.398323421308305e-06,1.3975318126356723e-07,8.282296328890308e-08,3.992381919190032e-08
pair_173_184,8,3.141592653589793,clean,vibrato,none,92817,0,2,3.690406447276473e-05,0.007772056236556017,0.019025831607689166,0.017976949899630043
pair_173_184,8,3.141592653589793,clean,glide,none,92817,0,0,0.0,0.009886388771561519,0.3908423725826105,0.038363201177432006
pair_173_184,8,3.141592653589793,clean,steady,noise_burst,92817,0,0,0.0,1.2930342618124147,1.293034261636138,1.293034259704392
pair_173_184,9,3.5342917352885173,clean,steady,none,92926,0,0,0.0,1.7425693212184184e-07,9.751073861348157e-08,4.354960628291651e-08
pair_173_184,9,3.5342917352885173,clean,steady,new_weak,92926,1,0,0.0,0.19858740687345158,0.19858741119660722,0.19858741112293612
pair_173_184,9,3.5342917352885173,clean,steady,new_strong,92926,1,0,0.0,0.6950559367307989,0.6950559410539926,0.6950559409803352
pair_173_184,9,3.5342917352885173,clean,steady,same_pitch,92926,1,0,0.0,0.6951848629677904,0.6951849471718136,0.6951849571263828
pair_173_184,9,3.5342917352885173,clean,steady,two_notes,92926,2,0,0.0,1.1591254822304007,1.1591254891507539,1.1591254908235384
pair_173_184,9,3.5342917352885173,clean,decaying,none,92926,0,0,0.0,1.799875098344611e-07,8.53925921248196e-08,3.378492269290298e-08
pair_173_184,10,3.9269908169872414,clean,steady,none,93032,0,0,0.0,1.1515007618020051e-07,8.319394317661594e-08,3.6816592024507145e-08
pair_173_184,10,3.9269908169872414,clean,steady,new_weak,93032,1,0,0.0,0.17137044029975243,0.1713704429505545,0.17137044322754255
pair_173_184,10,3.9269908169872414,clean,steady,new_strong,93032,1,0,0.0,0.5997965434974306,0.5997965461482462,0.5997965464252459
pair_173_184,10,3.9269908169872414,clean,steady,same_pitch,93032,1,0,0.0,0.599907829848646,0.5999078759545806,0.5999078803313022
pair_173_184,10,3.9269908169872414,clean,steady,two_notes,93032,2,0,0.0,1.0002640478815463,1.0002640489402062,1.0002640492891695
pair_173_184,10,3.9269908169872414,clean,decaying,none,93032,0,0,0.0,9.262495103996188e-08,7.015505699888102e-08,3.1225632053381935e-08
pair_173_184,11,4.319689898685965,clean,steady,none,93138,0,0,0.0,1.7953590886785268e-07,8.182498334413269e-08,3.1377338221944184e-08
pair_173_184,11,4.319689898685965,clean,steady,new_weak,93138,1,0,0.0,0.15265344324897417,0.152653448711338,0.15265344892868132
pair_173_184,11,4.319689898685965,clean,steady,new_strong,93138,1,0,0.0,0.5342870696349463,0.5342870750973703,0.534287075314727
pair_173_184,11,4.319689898685965,clean,steady,same_pitch,93138,1,0,0.0,0.5343861970836243,0.5343862408748221,0.5343862498982488
pair_173_184,11,4.319689898685965,clean,steady,two_notes,93138,2,0,0.0,0.8910157507532059,0.891015719780574,0.8910157180790671
pair_173_184,11,4.319689898685965,clean,decaying,none,93138,0,0,0.0,8.522611353879097e-08,7.603881214870934e-08,2.763880410339165e-08
pair_173_184,12,4.71238898038469,clean,steady,none,93244,0,0,0.0,8.332166965848758e-08,7.072979779462557e-08,2.8486353730738815e-08
pair_173_184,12,4.71238898038469,clean,steady,new_weak,93244,1,0,0.0,0.14057678143306782,0.1405767803068199,0.1405767803858794
pair_173_184,12,4.71238898038469,clean,steady,new_strong,93244,1,0,0.0,0.492018731002877,0.49201872987663414,0.49201872995570434
pair_173_184,12,4.71238898038469,clean,steady,same_pitch,93244,1,0,0.0,0.4921100894724522,0.4921100642379707,0.49211006013581265
pair_173_184,12,4.71238898038469,clean,steady,two_notes,93244,2,0,0.0,0.8205259842846173,0.8205259798816048,0.820525976771157
pair_173_184,12,4.71238898038469,clean,decaying,none,93244,0,0,0.0,9.242765355761122e-08,6.915648763807689e-08,2.438459352566617e-08
pair_173_184,12,4.71238898038469,clean,vibrato,none,93244,0,0,0.0,0.0022386398704072013,0.017440623136098295,0.010806824399020074
pair_173_184,12,4.71238898038469,clean,glide,none,93244,0,0,0.0,0.006040580469165614,0.16718821890336416,0.021670177440293675
pair_173_184,12,4.71238898038469,clean,steady,noise_burst,93244,0,0,0.0,0.7572729534494885,0.7572729528190186,0.7572729514082575
pair_173_184,13,5.105088062083414,clean,steady,none,93353,0,0,0.0,1.9068773888654872e-07,7.310312911963842e-08,2.4429336054197576e-08
pair_173_184,13,5.105088062083414,clean,steady,new_weak,93353,1,0,0.0,0.13368494533462494,0.1336849514902973,0.13368495150635837
pair_173_184,13,5.105088062083414,clean,steady,new_strong,93353,1,0,0.0,0.46789732355833613,0.4678973297140916,0.46789732973016523
pair_173_184,13,5.105088062083414,clean,steady,same_pitch,93353,1,0,0.0,0.46798408183225715,0.4679841696939704,0.4679841772942077
pair_173_184,13,5.105088062083414,clean,steady,two_notes,93353,2,0,0.0,0.7802993965249663,0.7802993856928843,0.7802993840950382
pair_173_184,13,5.105088062083414,clean,decaying,none,93353,0,0,0.0,8.645841637082537e-08,5.366620849586483e-08,2.1804814240538106e-08
pair_173_184,14,5.497787143782138,clean,steady,none,93459,0,4,0.0,8.452395953096594e-08,7.227387752603867e-08,2.269436225969493e-08
pair_173_184,14,5.497787143782138,clean,steady,new_weak,93459,1,4,0.0,0.1311351853389623,0.13113518518163597,0.13113518501990656
pair_173_184,14,5.497787143782138,clean,steady,new_strong,93459,1,4,0.10684571415185928,0.45897314825673513,0.4589731480994141,0.4589731479376973
pair_173_184,14,5.497787143782138,clean,steady,same_pitch,93459,1,4,0.4339941442012787,0.45905833039233224,0.45905834149578,0.45905834216113034
pair_173_184,14,5.497787143782138,clean,steady,two_notes,93459,2,4,0.9086035490036011,0.7654167596824775,0.7654167696374519,0.765416773677058
pair_173_184,14,5.497787143782138,clean,decaying,none,93459,0,20,0.0,1.0845852478218654e-07,5.084433016131302e-08,1.8497835405846107e-08
pair_173_184,15,5.890486225480862,clean,steady,none,93565,0,24,0.0,1.0780745240457187e-07,5.8061828585156776e-08,1.9935769711715106e-08
pair_173_184,15,5.890486225480862,clean,steady,new_weak,93565,1,24,0.04675253853201866,0.13262612171939384,0.13262612326508658,0.13262612334384127
pair_173_184,15,5.890486225480862,clean,steady,new_strong,93565,1,24,0.5436636209487915,0.4641914308112971,0.4641914323570116,0.46419143243577443
pair_173_184,15,5.890486225480862,clean,steady,same_pitch,93565,1,24,0.6342887878417969,0.4642776185152019,0.4642775954425278,0.4642775953551182
pair_173_184,15,5.890486225480862,clean,steady,two_notes,93565,2,24,1.3246928453445435,0.7741191908867153,0.7741191616043132,0.7741191624914967
pair_173_184,15,5.890486225480862,clean,decaying,none,93565,0,29,0.0,1.4238163124859805e-07,4.707296395676586e-08,1.87434651492663e-08
inharmonic_137,0,0.0,clean,steady,none,92071,0,0,0.0,9.268547830400557e-06,8.717321912912234e-06,5.350889168593006e-07
inharmonic_137,0,0.0,clean,steady,new_weak,92071,1,0,0.0,0.14981425014082217,0.14981397968466903,0.14981398023495676
inharmonic_137,0,0.0,clean,steady,new_strong,92071,1,0,0.0,0.5243491925926264,0.5243489221599332,0.5243489228906606
inharmonic_137,0,0.0,clean,steady,same_pitch,92071,1,0,0.0,0.5136935900868433,0.5136940606342333,0.5136941206157131
inharmonic_137,0,0.0,clean,steady,two_notes,92071,2,0,0.0,0.8744424055144387,0.8744421377216858,0.8744421320668161
inharmonic_137,0,0.0,clean,decaying,none,92071,0,2,0.0019709663465619087,6.422663336943293e-06,6.1609485199635975e-06,4.4237413501539475e-07
inharmonic_137,0,0.0,clean,vibrato,none,92071,0,2,0.00046518465387634933,0.08797266754041061,0.11855285645399248,0.006936988452763794
inharmonic_137,0,0.0,clean,glide,none,92071,0,0,0.0,0.16110737408220127,0.7315694609468983,0.0849954270880872
inharmonic_137,0,0.0,clean,steady,noise_burst,92071,0,0,0.0,0.8099552255053656,0.809955245879092,0.8099551670010194
inharmonic_137,1,0.39269908169872414,clean,steady,none,92180,0,0,0.0,8.81280717058288e-06,7.954926305815877e-06,5.149942317063723e-07
inharmonic_137,1,0.39269908169872414,clean,steady,new_weak,92180,1,0,0.0,0.14875296801316593,0.1487530585894857,0.1487530293459732
inharmonic_137,1,0.39269908169872414,clean,steady,new_strong,92180,1,0,0.0,0.5206355290595581,0.5206356196704055,0.5206355905782302
inharmonic_137,1,0.39269908169872414,clean,steady,same_pitch,92180,1,0,0.0,0.5100567165143491,0.510056329772458,0.5100562187216432
inharmonic_137,1,0.39269908169872414,clean,steady,two_notes,92180,2,0,0.0,0.8682494035752789,0.8682495285334403,0.8682495134055315
inharmonic_137,1,0.39269908169872414,clean,decaying,none,92180,0,2,0.001566882012411952,7.715669617610831e-06,6.815224017397784e-06,3.6575776576845884e-07
inharmonic_137,2,0.7853981633974483,clean,steady,none,92286,0,1,0.00045628746738657355,8.351412438461625e-06,6.8305739746554994e-06,4.821960362607819e-07
inharmonic_137,2,0.7853981633974483,clean,steady,new_weak,92286,1,1,0.009447822347283363,0.14832317959100821,0.14832300553361627,0.14832309093895102
inharmonic_137,2,0.7853981633974483,clean,steady,new_strong,92286,1,1,0.06638599187135696,0.5191309258803884,0.5191307518786119,0.5191308373956928
inharmonic_137,2,0.7853981633974483,clean,steady,same_pitch,92286,1,1,0.0004572411417029798,0.5085813419964874,0.5085819441442422,0.5085820685467872
inharmonic_137,2,0.7853981633974483,clean,steady,two_notes,92286,2,1,0.06638599187135696,0.8657402313245997,0.8657400298262394,0.8657400906469681
inharmonic_137,2,0.7853981633974483,clean,decaying,none,92286,0,2,0.0017367959953844547,8.137481415393164e-06,6.387709227962196e-06,3.3994805658035215e-07
inharmonic_137,3,1.1780972450961724,clean,steady,none,92392,0,1,0.00061944464687258,9.071678054784617e-06,7.730018508753794e-06,5.438030199435142e-07
inharmonic_137,3,1.1780972450961724,clean,steady,new_weak,92392,1,1,0.01235876977443695,0.14875735233171272,0.14875750150949574,0.14875743031405256
inharmonic_137,3,1.1780972450961724,clean,steady,new_strong,92392,1,1,0.08424292504787445,0.5206508951336817,0.5206510443655871,0.5206509733128936
inharmonic_137,3,1.1780972450961724,clean,steady,same_pitch,92392,1,1,0.00061944464687258,0.5100717397465924,0.5100712986739676,0.5100712793285642
inharmonic_137,3,1.1780972450961724,clean,steady,two_notes,92392,2,1,0.08418188989162445,0.8682750657928734,0.868275223993285,0.8682751653134066
inharmonic_137,3,1.1780972450961724,clean,decaying,none,92392,0,2,0.0022403071634471416,7.80718022017465e-06,6.858554813182928e-06,3.9838141102498856e-07
inharmonic_137,4,1.5707963267948966,clean,steady,none,92498,0,1,0.0006704257102683187,1.0871260032292353e-05,9.32854266705429e-06,5.739236986278776e-07
inharmonic_137,4,1.5707963267948966,clean,steady,new_weak,92498,1,1,0.012209910899400711,0.1499345567043012,0.1499344158946206,0.1499344577524701
inharmonic_137,4,1.5707963267948966,clean,steady,new_strong,92498,1,1,0.08484175056219101,0.5247707195756899,0.5247705788402441,0.5247706209046037
inharmonic_137,4,1.5707963267948966,clean,steady,same_pitch,92498,1,1,0.0006723330589011312,0.5141070858452211,0.5141073571956337,0.5141072801791353
inharmonic_137,4,1.5707963267948966,clean,steady,two_notes,92498,2,1,0.08484175056219101,0.8751454789398205,0.8751453525229971,0.8751453951812904
inharmonic_137,4,1.5707963267948966,clean,decaying,none,92498,0,2,0.0025841379538178444,7.128005720425389e-06,6.290302487174443e-06,4.0827802104545334e-07
inharmonic_137,4,1.5707963267948966,clean,vibrato,none,92498,0,1,0.0006228560814633965,0.17104522196797634,0.18560718829573514,0.008273112606370942
inharmonic_137,4,1.5707963267948966,clean,glide,none,92498,0,0,0.0,0.1503129801281674,0.6710877357153897,0.06550129841556111
inharmonic_137,4,1.5707963267948966,clean,steady,noise_burst,92498,0,1,0.05415058135986328,0.7815636896042619,0.7815636542172868,0.7815638327891606
inharmonic_137,5,1.9634954084936207,clean,steady,none,92607,0,0,0.0,9.450313218849108e-06,7.476958739206011e-06,6.047754669727731e-07
inharmonic_137,5,1.9634954084936207,clean,steady,new_weak,92607,1,0,0.0,0.15141369245025074,0.1514133947034857,0.15141330397366978
inharmonic_137,5,1.9634954084936207,clean,steady,new_strong,92607,1,0,0.0,0.5299469332449629,0.5299466355766453,0.52994654497785
inharmonic_137,5,1.9634954084936207,clean,steady,same_pitch,92607,1,0,0.0,0.5191777934393216,0.5191779904785959,0.5191779671652262
inharmonic_137,5,1.9634954084936207,clean,steady,two_notes,92607,2,0,0.0,0.8837774730518132,0.8837772133679512,0.8837771399960177
inharmonic_137,5,1.9634954084936207,clean,decaying,none,92607,0,2,0.00228134379722178,7.009168307741141e-06,6.4491517576307255e-06,4.3608242594338134e-07
inharmonic_137,6,2.356194490192345,clean,steady,none,92713,0,0,0.0,8.374600425584494e-06,8.128875362640737e-06,5.589848949430189e-07
inharmonic_137,6,2.356194490192345,clean,steady,new_weak,92713,1,0,0.0,0.15262033011911041,0.152620329577772,0.15262033665004185
inharmonic_137,6,2.356194490192345,clean,steady,new_strong,92713,1,0,0.0,0.5341712120638858,0.5341712115320335,0.5341712187582419
inharmonic_137,6,2.356194490192345,clean,steady,same_pitch,92713,1,0,0.0,0.5233167026802054,0.5233168171318459,0.5233168388735736
inharmonic_137,6,2.356194490192345,clean,steady,two_notes,92713,2,0,0.0,0.8908225191783815,0.8908225168521398,0.8908225227993405
inharmonic_137,6,2.356194490192345,clean,decaying,none,92713,0,2,0.0031059333123266697,6.610523097191991e-06,6.381736482207492e-06,4.192488790670083e-07
inharmonic_137,7,2.748893571891069,clean,steady,none,92819,0,0,0.0,9.844391820475578e-06,8.702363999649525e-06,6.462533685944117e-07
inharmonic_137,7,2.748893571891069,clean,steady,new_weak,92819,1,0,0.0,0.15314399677513788,0.1531440980435518,0.1531440533967783
inharmonic_137,7,2.748893571891069,clean,steady,new_strong,92819,1,0,0.0,0.5360041649345673,0.5360042662523332,0.5360042217811826
inharmonic_137,7,2.748893571891069,clean,steady,same_pitch,92819,1,0,0.0,0.5251130125278757,0.5251127158213401,0.5251125578014104
inharmonic_137,7,2.748893571891069,clean,steady,two_notes,92819,2,0,0.0,0.8938793024075989,0.893879400396839,0.893879377183061
inharmonic_137,7,2.748893571891069,clean,decaying,none,92819,0,2,0.0026956486981362104,6.0472080405472034e-06,5.410406581190296e-06,4.2962822713836494e-07
inharmonic_137,8,3.141592653589793,clean,steady,none,92925,0,1,0.2967367172241211,9.064676793236766e-06,8.418284325318872e-06,5.109676765995965e-07
inharmonic_137,8,3.141592653589793,clean,steady,new_weak,92925,1,1,0.5380009412765503,0.15296437038168836,0.15296439651354338,0.1529643829947562
inharmonic_137,8,3.141592653589793,clean,steady,new_strong,92925,1,1,1.1034306287765503,0.5353753326345778,0.5353753587928257,0.535375345438891
inharmonic_137,8,3.141592653589793,clean,steady,same_pitch,92925,1,1,0.6503056287765503,0.5244968402001766,0.5244965603623818,0.5244964896095758
inharmonic_137,8,3.141592653589793,clean,steady,two_notes,92925,2,1,1.5835275650024414,0.8928305527257417,0.8928306087277765,0.892830599919957
inharmonic_137,8,3.141592653589793,clean,decaying,none,92925,0,3,0.24712033569812775,6.743149937540626e-06,5.508726640556174e-06,3.7087023748588817e-07
inharmonic_137,8,3.141592653589793,clean,vibrato,none,92925,0,0,0.0,0.16641288933045661,0.13467658384024253,0.011965518973000572
inharmonic_137,8,3.141592653589793,clean,glide,none,92925,0,1,0.3262259066104889,0.1590261232748123,0.7059700125970887,0.06226828496120815
inharmonic_137,8,3.141592653589793,clean,steady,noise_burst,92925,0,1,0.3665609359741211,0.841104840957509,0.8411047813032896,0.8411047236201324
inharmonic_137,9,3.5342917352885173,clean,steady,none,93034,0,4,0.18394938111305237,9.031871143953107e-06,8.224017668372195e-06,5.571791590934834e-07
inharmonic_137,9,3.5342917352885173,clean,steady,new_weak,93034,1,4,0.4146883487701416,0.15242662612627383,0.15242654796261546,0.15242648985008597
inharmonic_137,9,3.5342917352885173,clean,steady,new_strong,93034,1,4,0.9996492862701416,0.5334928566507949,0.5334927785197688,0.533492720564921
inharmonic_137,9,3.5342917352885173,clean,steady,same_pitch,93034,1,4,0.7076570987701416,0.522652230289348,0.5226521682042076,0.522652091103117
inharmonic_137,9,3.5342917352885173,clean,steady,two_notes,93034,2,4,1.5122876167297363,0.8896910988154824,0.8896910427273528,0.8896909954851758
inharmonic_137,9,3.5342917352885173,clean,decaying,none,93034,0,6,0.15717852115631104,6.90866992662285e-06,5.979402287837335e-06,3.376398513453973e-07
inharmonic_137,10,3.9269908169872414,clean,steady,none,93140,0,0,0.0,9.464617253544011e-06,8.828013464903921e-06,4.762798463375844e-07
inharmonic_137,10,3.9269908169872414,clean,steady,new_weak,93140,1,0,0.0,0.1519782071655057,0.15197814625346326,0.1519781032206737
inharmonic_137,10,3.9269908169872414,clean,steady,new_strong,93140,1,0,0.0,0.5319234778656798,0.5319234169809954,0.5319233741308765
inharmonic_137,10,3.9269908169872414,clean,steady,same_pitch,93140,1,0,0.0,0.5211148849390933,0.521114758569093,0.521114652164126
inharmonic_137,10,3.9269908169872414,clean,steady,two_notes,93140,2,0,0.0,0.8870739089424937,0.8870738677820054,0.887073847514529
inharmonic_137,10,3.9269908169872414,clean,decaying,none,93140,0,2,0.0024400060065090656,6.799455745446434e-06,6.198988692195481e-06,3.4933100125565746e-07
inharmonic_137,11,4.319689898685965,clean,steady,none,93246,0,0,0.0,1.0539002778113106e-05,9.3402313672919e-06,5.253768309103523e-07
inharmonic_137,11,4.319689898685965,clean,steady,new_weak,93246,1,0,0.0,0.1518805342530914,0.15188040734182887,0.15188029992940413
inharmonic_137,11,4.319689898685965,clean,steady,new_strong,93246,1,0,0.0,0.5315812709214857,0.5315811440661341,0.5315810368582021
inharmonic_137,11,4.319689898685965,clean,steady,same_pitch,93246,1,0,0.0,0.5207794575027498,0.5207793813574451,0.5207792622700189
inharmonic_137,11,4.319689898685965,clean,steady,two_notes,93246,2,0,0.0,0.8865031197588993,0.8865030088487398,0.8865029328364813
inharmonic_137,11,4.319689898685965,clean,decaying,none,93246,0,2,0.0024939915165305138,8.24737056479205e-06,6.1758619097659366e-06,3.8406497038592085e-07
inharmonic_137,12,4.71238898038469,clean,steady,none,93352,0,0,0.0,9.724640125293115e-06,9.014206573752646e-06,5.429908185680502e-07
inharmonic_137,12,4.71238898038469,clean,steady,new_weak,93352,1,0,0.0,0.15206617614379617,0.1520661996153179,0.15206616239286813
inharmonic_137,12,4.71238898038469,clean,steady,new_strong,93352,1,0,0.0,0.5322315712499063,0.532231594752712,0.5322315577204452
inharmonic_137,12,4.71238898038469,clean,steady,same_pitch,93352,1,0,0.0,0.5214168490541894,0.5214166857408546,0.5214165662176596
inharmonic_137,12,4.71238898038469,clean,steady,two_notes,93352,2,0,0.0,0.8875877801315234,0.887587805959092,0.8875877871494252
inharmonic_137,12,4.71238898038469,clean,decaying,none,93352,0,2,0.002775936620309949,7.267337656400107e-06,6.870763829737077e-06,3.72140164463037e-07
inharmonic_137,12,4.71238898038469,clean,vibrato,none,93352,0,0,0.0,0.06324242254156066,0.12836425622355657,0.006257147101426095
inharmonic_137,12,4.71238898038469,clean,glide,none,93352,0,0,0.0,0.17994867143231658,0.7868211200439518,0.0799395756708752
inharmonic_137,12,4.71238898038469,clean,steady,noise_burst,93352,0,0,0.0,0.816892080301419,0.8168920270436936,0.8168920719396038
inharmonic_137,13,5.105088062083414,clean,steady,none,93461,0,0,0.0,9.563458829615178e-06,9.173183937444721e-06,5.490560877424586e-07
inharmonic_137,13,5.105088062083414,clean,steady,new_weak,93461,1,0,0.0,0.15219873321213362,0.15219871076638455,0.1521987470322913
inharmonic_137,13,5.105088062083414,clean,steady,new_strong,93461,1,0,0.0,0.532695606960013,0.5326955845314183,0.5326956209941404
inharmonic_137,13,5.105088062083414,clean,steady,same_pitch,93461,1,0,0.0,0.5218712728267495,0.5218712728857714,0.5218712054186486
inharmonic_137,13,5.105088062083414,clean,steady,two_notes,93461,2,0,0.0,0.8883616780177278,0.8883616613831548,0.888361697688086
inharmonic_137,13,5.105088062083414,clean,decaying,none,93461,0,2,0.0028488854877650738,9.047062866923163e-06,7.3753076863606205e-06,3.8016513452721816e-07
inharmonic_137,14,5.497787143782138,clean,steady,none,93567,0,0,0.0,1.4148366668955948e-05,1.3244822897058462e-05,5.201424520781853e-07
inharmonic_137,14,5.497787143782138,clean,steady,new_weak,93567,1,0,0.0,0.1518988637778358,0.15189889738565518,0.15189905887279603
inharmonic_137,14,5.497787143782138,clean,steady,new_strong,93567,1,0,0.0,0.5316465208725988,0.5316465545385823,0.5316467164374261
inharmonic_137,14,5.497787143782138,clean,steady,same_pitch,93567,1,0,0.0,0.5208430823774776,0.5208434131157511,0.520843604895132
inharmonic_137,14,5.497787143782138,clean,steady,two_notes,93567,2,0,0.0,0.8866124029957039,0.8866123655990944,0.8866124767881897
inharmonic_137,14,5.497787143782138,clean,decaying,none,93567,0,2,0.0032456740736961365,8.992989879805103e-06,8.8685160627125e-06,3.979212693971534e-07
inharmonic_137,15,5.890486225480862,clean,steady,none,93673,0,1,1.1021750196960056e-06,1.018973331355681e-05,9.554737266835712e-06,5.328971031173146e-07
inharmonic_137,15,5.890486225480862,clean,steady,new_weak,93673,1,1,1.8220354832010344e-05,0.15102605754587103,0.15102624989841398,0.15102625530781494
inharmonic_137,15,5.890486225480862,clean,steady,new_strong,93673,1,1,0.00016896049783099443,0.5285917148249496,0.5285919072070233,0.5285919128316122
inharmonic_137,15,5.890486225480862,clean,steady,same_pitch,93673,1,1,2.8829981602029875e-05,0.5178512073300606,0.5178509019362093,0.5178509212891601
inharmonic_137,15,5.890486225480862,clean,steady,two_notes,93673,2,1,0.0003168992407154292,0.8815179069266863,0.8815180628167892,0.8815180645271351
inharmonic_137,15,5.890486225480862,clean,decaying,none,93673,0,2,0.00261658220551908,7.172777734139973e-06,6.712495954650925e-06,3.874559184460395e-07
single_220,0,0.0,40,steady,none,92179,0,3,0.0038843972142785788,0.010808723738627778,0.010696595604973531,0.010237999636934537
single_220,0,0.0,40,steady,new_weak,92179,1,3,0.20600879192352295,0.18868960861196513,0.18873073594069803,0.18870618011610096
single_220,0,0.0,40,steady,new_strong,92179,1,3,0.899124026298523,0.6597311200214112,0.6597768616238159,0.6597704672607624
single_220,0,0.0,40,steady,same_pitch,92179,1,3,0.4687710106372833,0.6570143271377277,0.6564285957166582,0.6562080267199301
single_220,0,0.0,40,steady,two_notes,92179,2,3,1.712600588798523,1.100175246577017,1.1001846198177117,1.1001905921180193
single_220,0,0.0,40,decaying,none,92179,0,33,0.1707889884710312,0.010702034736373725,0.010607532288092634,0.010166223098764379
single_220,0,0.0,40,vibrato,none,92179,0,4,0.00354616972617805,0.12554267531049318,0.07441443040148565,0.06786610045893696
single_220,0,0.0,40,glide,none,92179,0,12,0.1713922619819641,0.19623993291117206,0.7796631533183422,0.48689273848058373
single_220,0,0.0,40,steady,noise_burst,92179,0,3,0.16880391538143158,1.0175137400983625,1.0175211017560448,1.0175347660457477
single_220,1,0.39269908169872414,40,steady,none,92288,0,4,0.0026026468258351088,0.010782968043345843,0.010767132485926326,0.010470526925837215
single_220,1,0.39269908169872414,40,steady,new_weak,92288,1,4,0.13126921653747559,0.18868786692742567,0.18868898572427711,0.18866371182874753
single_220,1,0.39269908169872414,40,steady,new_strong,92288,1,4,0.7270944118499756,0.6598311271301358,0.6598328933950407,0.6598195322241932
single_220,1,0.39269908169872414,40,steady,same_pitch,92288,1,4,0.4674934148788452,0.6560567505397636,0.6557743029097782,0.6557417907164018
single_220,1,0.39269908169872414,40,steady,two_notes,92288,2,4,1.5161569118499756,1.100303578493737,1.100372803078831,1.1003728481867718
single_220,1,0.39269908169872414,40,decaying,none,92288,0,36,0.17054666578769684,0.010674886871420257,0.010666366227222201,0.01038995026382329
single_220,2,0.7853981633974483,40,steady,none,92394,0,3,0.0004609482130035758,0.010702387736003382,0.010611251315340289,0.010464275605787055
single_220,2,0.7853981633974483,40,steady,new_weak,92394,1,3,0.047754183411598206,0.18854950027708942,0.1885745141537045,0.18859839061907377
single_220,2,0.7853981633974483,40,steady,new_strong,92394,1,3,0.4333065450191498,0.6596943489312874,0.6597230531080285,0.6597528099234143
single_220,2,0.7853981633974483,40,steady,same_pitch,92394,1,3,0.4420956075191498,0.6569146777889114,0.6564857619913547,0.6562040770891877
single_220,2,0.7853981633974483,40,steady,two_notes,92394,2,3,1.058069109916687,1.1001863121803812,1.1002081569556763,1.1002520337454407
single_220,2,0.7853981633974483,40,decaying,none,92394,0,34,0.16819718480110168,0.010593196731125515,0.010519926961799719,0.01038581784394967
single_220,3,1.1780972450961724,40,steady,none,92500,0,3,0.0004690123023465276,0.011169844547340295,0.010965028104646711,0.010623723109652858
single_220,3,1.1780972450961724,40,steady,new_weak,92500,1,3,0.04969292879104614,0.1888009155945729,0.18878620325773712,0.18876839234251777
single_220,3,1.1780972450961724,40,steady,new_strong,92500,1,3,0.43778496980667114,0.660135714364529,0.6601295722712689,0.6601256978481895
single_220,3,1.1780972450961724,40,steady,same_pitch,92500,1,3,0.44681817293167114,0.6563624031232613,0.656156797779506,0.6559404438799559
single_220,3,1.1780972450961724,40,steady,two_notes,92500,2,3,1.0571783781051636,1.101091259949403,1.1011839993938164,1.1011971994146537
single_220,3,1.1780972450961724,40,decaying,none,92500,0,34,0.16770315170288086,0.011037906824705094,0.010873341737550675,0.010546127827557173
single_220,4,1.5707963267948966,40,steady,none,92606,0,3,0.0023468434810638428,0.010854945551581953,0.010654746651367867,0.01045291243060221
single_220,4,1.5707963267948966,40,steady,new_weak,92606,1,3,0.13123291730880737,0.18879263700120835,0.18872793425838613,0.18864385997622046
single_220,4,1.5707963267948966,40,steady,new_strong,92606,1,3,0.7266919016838074,0.6599701293109829,0.6599135124839324,0.6598374414765678
single_220,4,1.5707963267948966,40,steady,same_pitch,92606,1,3,0.4689839780330658,0.6549976676943434,0.6552874008768514,0.6558340658885109
single_220,4,1.5707963267948966,40,steady,two_notes,92606,2,3,1.5152661800384521,1.1004387370766295,1.1004817390768182,1.1003459548146817
single_220,4,1.5707963267948966,40,decaying,none,92606,0,36,0.16810479760169983,0.010712550196496752,0.010553572255661404,0.010372581158408674
single_220,4,1.5707963267948966,40,vibrato,none,92606,0,8,0.02489555813372135,0.0696017305577659,0.09854809114521015,0.06803952200790343
single_220,4,1.5707963267948966,40,glide,none,92606,0,16,0.17705123126506805,0.1487072002504486,0.7831632647480241,0.48672405508662453
single_220,4,1.5707963267948966,40,steady,noise_burst,92606,0,3,0.17427289485931396,0.9832669255579619,0.9832563889903464,0.9832405566540323
single_220,5,1.9634954084936207,40,steady,none,92715,0,5,0.00040311249904334545,0.01094891366850967,0.010853701613764458,0.010591213451566333
single_220,5,1.9634954084936207,40,steady,new_weak,92715,1,5,0.04943638667464256,0.18886144231399915,0.1888798127636066,0.1888611049306812
single_220,5,1.9634954084936207,40,steady,new_strong,92715,1,5,0.43798619508743286,0.6599031759614158,0.6599255100315445,0.6599174326390363
single_220,5,1.9634954084936207,40,steady,same_pitch,92715,1,5,0.44677525758743286,0.6562223630505061,0.6560046459455419,0.6560141536023446
single_220,5,1.9634954084936207,40,steady,two_notes,92715,2,5,1.0590842962265015,1.1004687173087804,1.100443969867084,1.1004412237278607
single_220,5,1.9634954084936207,40,decaying,none,92715,0,37,0.16589494049549103,0.01083929372644624,0.010759586271734246,0.010510526547730728
single_220,6,2.356194490192345,40,steady,none,92821,0,5,0.005699311848729849,0.010926711853571974,0.010609792244691142,0.010402809066264854
single_220,6,2.356194490192345,40,steady,new_weak,92821,1,5,0.20820969343185425,0.18876642677832375,0.188841585681136,0.18885097195252368
single_220,6,2.356194490192345,40,steady,new_strong,92821,1,5,0.9020573496818542,0.6599793263679866,0.6600675016213994,0.660085136770287
single_220,6,2.356194490192345,40,steady,same_pitch,92821,1,5,0.46988701820373535,0.6579573376363456,0.6565649927898304,0.6563699635606542
single_220,6,2.356194490192345,40,steady,two_notes,92821,2,5,1.7155338525772095,1.1005487298671512,1.1006346234873032,1.100658315328603
single_220,6,2.356194490192345,40,decaying,none,92821,0,33,0.16712667047977448,0.010783651639969409,0.010527638284401968,0.010326304626927242
single_220,7,2.748893571891069,40,steady,none,92927,0,3,0.0006394748925231397,0.010466508457187856,0.01038047524449788,0.010217084325642757
single_220,7,2.748893571891069,40,steady,new_weak,92927,1,3,0.06653034687042236,0.18851988334792105,0.18849621017535004,0.188476879532168
single_220,7,2.748893571891069,40,steady,new_strong,92927,1,3,0.5368062257766724,0.6597651459433406,0.6597448700475518,0.6597319169425369
single_220,7,2.748893571891069,40,steady,same_pitch,92927,1,3,0.46771860122680664,0.6555013939689165,0.6556633652420801,0.6555861738399354
single_220,7,2.748893571891069,40,steady,two_notes,92927,2,3,1.2702046632766724,1.1003553385830889,1.100371745512751,1.1003528230916215
single_220,7,2.748893571891069,40,decaying,none,92927,0,34,0.17344816029071808,0.01037939971929511,0.010296024266051584,0.010136501898599132
single_220,8,3.141592653589793,40,steady,none,93033,0,3,0.0033061965368688107,0.011016432547984803,0.010884269005792646,0.010634504342096524
single_220,8,3.141592653589793,40,steady,new_weak,93033,1,3,0.13415859639644623,0.18917024502917984,0.1891314571828795,0.18908453538516387
single_220,8,3.141592653589793,40,steady,new_strong,93033,1,3,0.7313265800476074,0.6603313094297163,0.6602979002682985,0.6602610397517483
single_220,8,3.141592653589793,40,steady,same_pitch,93033,1,3,0.471722275018692,0.6551210288467206,0.6559473315541976,0.6562907964675192
single_220,8,3.141592653589793,40,steady,two_notes,93033,2,3,1.5194125175476074,1.100935998897809,1.1007982156007234,1.1007406597167757
single_220,8,3.141592653589793,40,decaying,none,93033,0,34,0.16519233584403992,0.010884458161261119,0.010787725312459527,0.010541665410646597
single_220,8,3.141592653589793,40,vibrato,none,93033,0,8,0.19249621033668518,0.1262604654540413,0.07473709771518841,0.07165832031919034
single_220,8,3.141592653589793,40,glide,none,93033,0,14,0.17225557565689087,0.2096473757318801,0.7770182906133023,0.49263602980101245
single_220,8,3.141592653589793,40,steady,noise_burst,93033,0,3,0.09340835362672806,1.0174297737128064,1.017372025047204,1.0173837917559416
single_220,9,3.5342917352885173,40,steady,none,93142,0,3,0.0007899363990873098,0.010687349108799954,0.010642143979065637,0.010195827914068353
single_220,9,3.5342917352885173,40,steady,new_weak,93142,1,3,0.0494145005941391,0.1887838706865988,0.1887547875394801,0.18875207159879104
single_220,9,3.5342917352885173,40,steady,new_strong,93142,1,3,0.4373234510421753,0.6598163660850154,0.6597890703967564,0.6598039706928033
single_220,9,3.5342917352885173,40,steady,same_pitch,93142,1,3,0.4461125135421753,0.6560805066604563,0.6565613959039647,0.6562825280537119
single_220,9,3.5342917352885173,40,steady,two_notes,93142,2,3,1.0581849813461304,1.1003163719748126,1.1002481066080017,1.1003023692236333
single_220,9,3.5342917352885173,40,decaying,none,93142,0,34,0.16497059166431427,0.0105866942064218,0.010540555811448065,0.01012370946540199
single_220,10,3.9269908169872414,40,steady,none,93248,0,4,0.000516434432938695,0.010933094650660537,0.010866758336752531,0.010422824425418805
single_220,10,3.9269908169872414,40,steady,new_weak,93248,1,4,0.048937100917100906,0.18956055746628628,0.18953818754207644,0.18954312805233417
single_220,10,3.9269908169872414,40,steady,new_strong,93248,1,4,0.43659064173698425,0.6606706347680865,0.6606509074497937,0.6606737503871066
single_220,10,3.9269908169872414,40,steady,same_pitch,93248,1,4,0.44537970423698425,0.6559307262964598,0.6560622077463242,0.6558493573727942
single_220,10,3.9269908169872414,40,steady,two_notes,93248,2,4,1.0601370334625244,1.1012066669107543,1.1012442661206838,1.1012668530712715
single_220,10,3.9269908169872414,40,decaying,none,93248,0,35,0.16928550601005554,0.010813624828823361,0.010758378477040474,0.010342732695309886
single_220,11,4.319689898685965,40,steady,none,93354,0,2,0.0004222143907099962,0.010829266271780082,0.010694790900031463,0.010501746540921947
single_220,11,4.319689898685965,40,steady,new_weak,93354,1,2,0.048564836382865906,0.18879871209299331,0.1888176864282425,0.1888188395606135
single_220,11,4.319689898685965,40,steady,new_strong,93354,1,2,0.4355887472629547,0.6597692134732144,0.659793701669525,0.65980260880308
single_220,11,4.319689898685965,40,steady,same_pitch,93354,1,2,0.4443778097629547,0.6564492031179469,0.6560865891277503,0.655959022095154
single_220,11,4.319689898685965,40,steady,two_notes,93354,2,2,1.0562008619308472,1.1001768771860807,1.1001647170411355,1.1001828184723939
single_220,11,4.319689898685965,40,decaying,none,93354,0,36,0.1691853404045105,0.010689341791849313,0.010582252961127104,0.010408652643062646
single_220,12,4.71238898038469,40,steady,none,93460,0,2,0.0006432055961340666,0.011521943728001376,0.011251242606861517,0.010726724783211959
single_220,12,4.71238898038469,40,steady,new_weak,93460,1,2,0.06720621138811111,0.18866594579373405,0.1886813711537852,0.18871995396171054
single_220,12,4.71238898038469,40,steady,new_strong,93460,1,2,0.5382755398750305,0.6598529423527435,0.6598800571943279,0.6599405077009307
single_220,12,4.71238898038469,40,steady,same_pitch,93460,1,2,0.4684572219848633,0.6571397482530054,0.6563655288754896,0.6557463323015968
single_220,12,4.71238898038469,40,steady,two_notes,93460,2,2,1.2711857557296753,1.1004908070148913,1.1006287347612167,1.100698515708585
single_220,12,4.71238898038469,40,decaying,none,93460,0,35,0.1704321652650833,0.011356561896508991,0.011139633497716727,0.0106659255836499
single_220,12,4.71238898038469,40,vibrato,none,93460,0,1,8.292703569168225e-05,0.07290492660741636,0.09092887639042267,0.0767341665773424
single_220,12,4.71238898038469,40,glide,none,93460,0,13,0.17437556385993958,0.18466210077506015,0.7967381994942464,0.4841983926179904
single_220,12,4.71238898038469,40,steady,noise_burst,93460,0,2,0.19575800001621246,0.9983697663923464,0.9982881545740058,0.998388139834005
single_220,13,5.105088062083414,40,steady,none,93569,0,4,0.0037254956550896168,0.010944694106856931,0.010503362656053684,0.010259259643951983
single_220,13,5.105088062083414,40,steady,new_weak,93569,1,4,0.20907162129878998,0.1890048057007882,0.18902517272538746,0.18901049330832073
single_220,13,5.105088062083414,40,steady,new_strong,93569,1,4,0.9043841361999512,0.660144260091314,0.6601825930001465,0.6601774790959801
single_220,13,5.105088062083414,40,steady,same_pitch,93569,1,4,0.4707416594028473,0.6578076817409617,0.6566519062877232,0.656325938571261
single_220,13,5.105088062083414,40,steady,two_notes,93569,2,4,1.7178606986999512,1.100519292567672,1.100691406522207,1.100687422908225
single_220,13,5.105088062083414,40,decaying,none,93569,0,35,0.16853448748588562,0.010768678131438766,0.010418168376269103,0.010193602494957404
single_220,14,5.497787143782138,40,steady,none,93675,0,2,0.0005503874854184687,0.011580422037924637,0.010969905048774558,0.010637867670108209
single_220,14,5.497787143782138,40,steady,new_weak,93675,1,2,0.06717270612716675,0.1893379696961212,0.18920133423781366,0.18911807325578436
single_220,14,5.497787143782138,40,steady,new_strong,93675,1,2,0.5392186045646667,0.6605450757611082,0.6604340912575141,0.6603642010488078
single_220,14,5.497787143782138,40,steady,same_pitch,93675,1,2,0.47208288311958313,0.6541063365123411,0.6554881676585154,0.6559914888516011
single_220,14,5.497787143782138,40,steady,two_notes,93675,2,2,1.2731053829193115,1.1010463910153796,1.101012881968931,1.1009353435187248
single_220,14,5.497787143782138,40,decaying,none,93675,0,35,0.17148469388484955,0.011350078749868878,0.010849861348092979,0.01053760237198148
single_220,15,5.890486225480862,40,steady,none,93781,0,5,0.00058700458612293,0.011133562886400362,0.011051114586517783,0.010607785329734842
single_220,15,5.890486225480862,40,steady,new_weak,93781,1,5,0.049033019691705704,0.188626943302513,0.18861752904143417,0.18857362651372608
single_220,15,5.890486225480862,40,steady,new_strong,93781,1,5,0.4346400499343872,0.6597360889884316,0.6597301339652704,0.659704400468679
single_220,15,5.890486225480862,40,steady,same_pitch,93781,1,5,0.4434291124343872,0.656410600273464,0.6563119828385012,0.6562503816353801
single_220,15,5.890486225480862,40,steady,two_notes,93781,2,5,1.0601414442062378,1.1002545581280068,1.1002866778987261,1.1002491881633973
single_220,15,5.890486225480862,40,decaying,none,93781,0,36,0.17057013511657715,0.010992253498162277,0.010926019226462835,0.010509136653093954
pair_220_233,0,0.0,40,steady,none,92287,0,38,1.0133583545684814,0.07193273944757354,0.02898624155107997,0.011577803766022356
pair_220_233,0,0.0,40,steady,new_weak,92287,1,38,1.1737481355667114,0.16365004782941336,0.14688773309926859,0.14406211495164783
pair_220_233,0,0.0,40,steady,new_strong,92287,1,38,1.5683252811431885,0.5110817763119881,0.5038067208649584,0.502701907337251
pair_220_233,0,0.0,40,steady,same_pitch,92287,1,38,0.391594797372818,0.4665846262764296,0.4958831936468716,0.5004146536372762
pair_220_233,0,0.0,40,steady,two_notes,92287,2,38,1.7724268436431885,0.8457903213983825,0.8390876154541798,0.8381070999943736
pair_220_233,0,0.0,40,decaying,none,92287,0,38,0.8625715374946594,0.06217613799722153,0.025625069871064964,0.011225396939977001
pair_220_233,0,0.0,40,vibrato,none,92287,0,37,1.0056076049804688,0.14325037676348124,0.1558369262172417,0.061143664601010235
pair_220_233,0,0.0,40,glide,none,92287,0,38,1.0262160301208496,0.24407061407084893,0.8983613981790316,0.8614419832490949
pair_220_233,0,0.0,40,steady,noise_burst,92287,0,38,0.9821083545684814,0.7856458736157363,0.7812481654606315,0.7801273648781962
pair_220_233,1,0.39269908169872414,40,steady,none,92396,0,35,1.5266528129577637,0.04876933736626017,0.02732862752440711,0.011718623134220696
pair_220_233,1,0.39269908169872414,40,steady,new_weak,92396,1,35,1.6851662397384644,0.1662521333744275,0.15938107819317002,0.15689963510680396
pair_220_233,1,0.39269908169872414,40,steady,new_strong,92396,1,35,2.059248924255371,0.5507109992316297,0.5472938311701354,0.5461752859301178
pair_220_233,1,0.39269908169872414,40,steady,same_pitch,92396,1,35,0.8439127206802368,0.5163835713294599,0.5368430112922763,0.5424637392911714
pair_220_233,1,0.39269908169872414,40,steady,two_notes,92396,2,35,2.23952317237854,0.9127183407386055,0.9111230894730195,0.910304751091223
pair_220_233,1,0.39269908169872414,40,decaying,none,92396,0,35,1.295198678970337,0.043212935426340734,0.023999284996990403,0.011368213265116575
pair_220_233,2,0.7853981633974483,40,steady,none,92502,0,36,1.952534556388855,0.044792226635413296,0.025759701734915093,0.01132684738968683
pair_220_233,2,0.7853981633974483,40,steady,new_weak,92502,1,36,2.1082003116607666,0.18062470839865943,0.1763742617313724,0.1745189644520835
pair_220_233,2,0.7853981633974483,40,steady,new_strong,92502,1,36,2.4767026901245117,0.6128611546766195,0.6112649431075803,0.6104952524671574
pair_220_233,2,0.7853981633974483,40,steady,same_pitch,92502,1,36,1.2929248809814453,0.5989789362032095,0.6037583215287513,0.6079056926472104
pair_220_233,2,0.7853981633974483,40,steady,two_notes,92502,2,36,2.784804582595825,1.0174862297990142,1.0185427431184273,1.0182169640508318
pair_220_233,2,0.7853981633974483,40,decaying,none,92502,0,36,1.687039852142334,0.04039694491402886,0.02315099032075276,0.011032361812608719
pair_220_233,3,1.1780972450961724,40,steady,none,92608,0,32,2.3807218074798584,0.09026816332193117,0.030835066410121865,0.011090530883334298
pair_220_233,3,1.1780972450961724,40,steady,new_weak,92608,1,32,2.500438928604126,0.22372693648452963,0.20335708534777647,0.20079259292889856
pair_220_233,3,1.1780972450961724,40,steady,new_strong,92608,1,32,2.8690614700317383,0.7115598399759309,0.7027535297271522,0.7016441342535262
pair_220_233,3,1.1780972450961724,40,steady,same_pitch,92608,1,32,1.7148743867874146,0.6516019789375762,0.6896930633489992,0.6977338054862731
pair_220_233,3,1.1780972450961724,40,steady,two_notes,92608,2,32,3.310918092727661,1.1735792411165504,1.170471615777326,1.170087901771683
pair_220_233,3,1.1780972450961724,40,decaying,none,92608,0,32,2.0834827423095703,0.07883910310116046,0.0268109825984755,0.010801336292486311
pair_220_233,4,1.5707963267948966,40,steady,none,92714,0,30,2.780144214630127,0.055200888174851685,0.02880495605082912,0.012178136123754265
pair_220_233,4,1.5707963267948966,40,steady,new_weak,92714,1,30,2.8692283630371094,0.2406843826093909,0.2345039977654994,0.232710413540889
pair_220_233,4,1.5707963267948966,40,steady,new_strong,92714,1,30,3.281210422515869,0.8172244707039615,0.8143220511613669,0.8135668318764724
pair_220_233,4,1.5707963267948966,40,steady,same_pitch,92714,1,30,2.1101644039154053,0.78814438092043,0.8039804813383843,0.8087179540556333
pair_220_233,4,1.5707963267948966,40,steady,two_notes,92714,2,30,3.800741672515869,1.3566312006647667,1.3570326097722423,1.3567788889183725
pair_220_233,4,1.5707963267948966,40,decaying,none,92714,0,29,2.4880473613739014,0.04904980409674146,0.02586212151523491,0.011797726791642388
pair_220_233,4,1.5707963267948966,40,vibrato,none,92714,0,29,2.785845994949341,0.149671899140382,0.32703630291529945,0.21395716643359483
pair_220_233,4,1.5707963267948966,40,glide,none,92714,0,30,2.76597261428833,0.2536524511512795,1.182102938136823,0.4406798241049978
pair_220_233,4,1.5707963267948966,40,steady,noise_burst,92714,0,30,2.998894214630127,1.25232897920259,1.251198390671853,1.2514243105860714
pair_220_233,5,1.9634954084936207,40,steady,none,92823,0,10,2.5580427646636963,0.06673625818539353,0.02696289341784699,0.010966997629236622
pair_220_233,5,1.9634954084936207,40,steady,new_weak,92823,1,10,2.630202531814575,0.26990014084333647,0.2625768454134514,0.26151300557148227
pair_220_233,5,1.9634954084936207,40,steady,new_strong,92823,1,10,2.977858781814575,0.9164223775132951,0.9140561242568226,0.9138183559744014
pair_220_233,5,1.9634954084936207,40,steady,same_pitch,92823,1,10,1.9213241338729858,0.9082173291673326,0.9075709336364021,0.9073666773618488
pair_220_233,5,1.9634954084936207,40,steady,two_notes,92823,2,10,3.540358781814575,1.5289999995953545,1.5238344529187489,1.5236513650445294
pair_220_233,5,1.9634954084936207,40,decaying,none,92823,0,12,2.3277223110198975,0.058730288202843005,0.024762497443694596,0.01067514983656751
pair_220_233,6,2.356194490192345,40,steady,none,92929,0,2,2.4398766981903464e-05,0.05555524696746953,0.02591360524846133,0.01175757891633637
pair_220_233,6,2.356194490192345,40,steady,new_weak,92929,1,2,2.4398766981903464e-05,0.2697873882501528,0.2681281093658363,0.2672759627518895
pair_220_233,6,2.356194490192345,40,steady,new_strong,92929,1,2,0.0001281171280425042,0.9332635791947745,0.9348230603551745,0.9346820264744431
pair_220_233,6,2.356194490192345,40,steady,same_pitch,92929,1,2,5.498222526512109e-05,0.9626775667104642,0.9312966050334729,0.9286213396629484
pair_220_233,6,2.356194490192345,40,steady,two_notes,92929,2,2,0.0003103881317656487,1.5576632916639004,1.5588602125640967,1.558870891695687
pair_220_233,6,2.356194490192345,40,decaying,none,92929,0,1,1.3087818842905108e-05,0.04884413625245472,0.02384091421513048,0.011330988632197385
pair_220_233,7,2.748893571891069,40,steady,none,93035,0,0,0.0,0.04168552296701475,0.028721019123186642,0.012170422887437807
pair_220_233,7,2.748893571891069,40,steady,new_weak,93035,1,0,0.0,0.24837737011453953,0.24763750438193327,0.24615197007423134
pair_220_233,7,2.748893571891069,40,steady,new_strong,93035,1,0,0.0,0.8596117626945132,0.8601917819966739,0.8596827626554668
pair_220_233,7,2.748893571891069,40,steady,same_pitch,93035,1,0,0.0,0.8637341975684952,0.8512982555684697,0.8532727622213033
pair_220_233,7,2.748893571891069,40,steady,two_notes,93035,2,0,0.0,1.4349880740285184,1.433607052618971,1.4333401820695741
pair_220_233,7,2.748893571891069,40,decaying,none,93035,0,0,0.0,0.03696404534271127,0.02640582970683424,0.011703437158916138
pair_220_233,8,3.141592653589793,40,steady,none,93141,0,0,0.0,0.041783324237654476,0.0292613173538008,0.011616984694466528
pair_220_233,8,3.141592653589793,40,steady,new_weak,93141,1,0,0.0,0.21568332584637495,0.21495600416027005,0.21358215700056507
pair_220_233,8,3.141592653589793,40,steady,new_strong,93141,1,0,0.0,0.7456050300895313,0.7463609501473715,0.7461884701417729
pair_220_233,8,3.141592653589793,40,steady,same_pitch,93141,1,0,0.0,0.761952519932914,0.746218373671004,0.7424523998787244
pair_220_233,8,3.141592653589793,40,steady,two_notes,93141,2,0,0.0,1.2429537114716402,1.244019563794345,1.2440872306570603
pair_220_233,8,3.141592653589793,40,decaying,none,93141,0,0,0.0,0.03772223314553037,0.026374607789977952,0.011326449795145861
pair_220_233,8,3.141592653589793,40,vibrato,none,93141,0,0,0.0,0.07982179913548154,0.12075975494388941,0.16087751357306146
pair_220_233,8,3.141592653589793,40,glide,none,93141,0,0,0.0,0.4167833006898606,0.4660045462809843,1.3280062966690653
pair_220_233,8,3.141592653589793,40,steady,noise_burst,93141,0,0,0.0,1.1501809064652813,1.1500268866639476,1.149197554024611
pair_220_233,9,3.5342917352885173,40,steady,none,93250,0,0,0.0,0.03504088887811329,0.0247339558115498,0.011101870312326614
pair_220_233,9,3.5342917352885173,40,steady,new_weak,93250,1,0,0.0,0.18673907212558102,0.18560502648760688,0.18442597410425957
pair_220_233,9,3.5342917352885173,40,steady,new_strong,93250,1,0,0.0,0.6456109339767272,0.6456592159113403,0.6454224313701985
pair_220_233,9,3.5342917352885173,40,steady,same_pitch,93250,1,0,0.0,0.6500413605334463,0.6436093223727234,0.641666526162892
pair_220_233,9,3.5342917352885173,40,steady,two_notes,93250,2,0,0.0,1.0755257939716478,1.0767853895520092,1.0767437589563873
pair_220_233,9,3.5342917352885173,40,decaying,none,93250,0,0,0.0,0.03108539936037041,0.022290393661838614,0.010808397408609553
pair_220_233,10,3.9269908169872414,40,steady,none,93356,0,0,0.0,0.04475086900504818,0.02547533260809786,0.011297465062200866
pair_220_233,10,3.9269908169872414,40,steady,new_weak,93356,1,0,0.0,0.16687542203212602,0.16450859722296649,0.16335817759298096
pair_220_233,10,3.9269908169872414,40,steady,new_strong,93356,1,0,0.0,0.5703600829336499,0.5709199558053268,0.5709052901253376
pair_220_233,10,3.9269908169872414,40,steady,same_pitch,93356,1,0,0.0,0.5934691052844736,0.5734806773515371,0.5675734443815453
pair_220_233,10,3.9269908169872414,40,steady,two_notes,93356,2,0,0.0,0.9521985892971618,0.9520709147397723,0.9520722641749341
pair_220_233,10,3.9269908169872414,40,decaying,none,93356,0,0,0.0,0.03931558448351815,0.022937528794687505,0.010977065140603261
pair_220_233,11,4.319689898685965,40,steady,none,93462,0,1,9.11095139599638e-06,0.04733327633003438,0.02683975395851943,0.011551665878135128
pair_220_233,11,4.319689898685965,40,steady,new_weak,93462,1,1,9.11095139599638e-06,0.15413920299800735,0.15045394452061278,0.14875547649885604
pair_220_233,11,4.319689898685965,40,steady,new_strong,93462,1,1,9.170556040771771e-06,0.5198065737958197,0.5196828601249044,0.5193832032725662
pair_220_233,11,4.319689898685965,40,steady,same_pitch,93462,1,1,9.230160685547162e-06,0.5377752379405488,0.5215512516277797,0.5162804956598086
pair_220_233,11,4.319689898685965,40,steady,two_notes,93462,2,1,1.6689664334990084e-05,0.8683440103786546,0.8667213237254977,0.8663190634270307
pair_220_233,11,4.319689898685965,40,decaying,none,93462,0,2,3.4638513170648366e-05,0.04036905937959365,0.024188551244661353,0.011239909456111207
pair_220_233,12,4.71238898038469,40,steady,none,93568,0,0,0.0,0.09051050234658373,0.031464973940763266,0.011646485680483926
pair_220_233,12,4.71238898038469,40,steady,new_weak,93568,1,0,0.0,0.16806241534331232,0.14239756406141268,0.13938504558088663
pair_220_233,12,4.71238898038469,40,steady,new_strong,93568,1,0,0.0,0.4976900289423146,0.4876606902899539,0.486803754268158
pair_220_233,12,4.71238898038469,40,steady,same_pitch,93568,1,0,0.0,0.4657830391230185,0.48742824771886806,0.4843152187346303
pair_220_233,12,4.71238898038469,40,steady,two_notes,93568,2,0,0.0,0.823523061597441,0.8126449215843154,0.811763029308743
pair_220_233,12,4.71238898038469,40,decaying,none,93568,0,0,0.0,0.07821444634165374,0.02835552296892044,0.011317660833920795
pair_220_233,12,4.71238898038469,40,vibrato,none,93568,0,1,1.3309619134815875e-05,0.16391619308851402,0.16308991598253775,0.10644753769220337
pair_220_233,12,4.71238898038469,40,glide,none,93568,0,1,2.647004475875292e-05,0.2977236480436702,0.5927985116921497,0.7890897435589362
pair_220_233,12,4.71238898038469,40,steady,noise_burst,93568,0,0,0.0,0.7494043957930868,0.7433759482432667,0.7424237203213262
pair_220_233,13,5.105088062083414,40,steady,none,93677,0,0,0.0,0.11506208237156927,0.0314034289050766,0.011613721320741758
pair_220_233,13,5.105088062083414,40,steady,new_weak,93677,1,0,0.0,0.17991976230462,0.1381248993880703,0.13474689811805324
pair_220_233,13,5.105088062083414,40,steady,new_strong,93677,1,0,0.0,0.4875921647738446,0.4710145135871527,0.4698475812896787
pair_220_233,13,5.105088062083414,40,steady,same_pitch,93677,1,0,0.0,0.43577113692820896,0.4651125607957126,0.4672760223473991
pair_220_233,13,5.105088062083414,40,steady,two_notes,93677,2,0,0.0,0.8000010005837008,0.7846333030872852,0.7832542481677192
pair_220_233,13,5.105088062083414,40,decaying,none,93677,0,1,1.1451626050984487e-05,0.09891075331021543,0.027197417324466684,0.01129792646503312
pair_220_233,14,5.497787143782138,40,steady,none,93783,0,36,0.00012373714707791805,0.052738707282278224,0.025234318496404336,0.01167544715028083
pair_220_233,14,5.497787143782138,40,steady,new_weak,93783,1,36,0.041785936802625656,0.14521718905526965,0.13657512694870924,0.1343597288661773
pair_220_233,14,5.497787143782138,40,steady,new_strong,93783,1,36,0.48554760217666626,0.4716212029465258,0.46825700918158164,0.46734886701713596
pair_220_233,14,5.497787143782138,40,steady,same_pitch,93783,1,36,0.29293835163116455,0.45228445970089076,0.46137686600984673,0.46338593658704047
pair_220_233,14,5.497787143782138,40,steady,two_notes,93783,2,36,1.1798834800720215,0.7844063532555515,0.7797794335134107,0.7787398910491035
pair_220_233,14,5.497787143782138,40,decaying,none,93783,0,37,0.00011786260438384488,0.046077610966485695,0.02251962331181637,0.011358066615295138
pair_220_233,15,5.890486225480862,40,steady,none,93889,0,36,0.3751718997955322,0.07974804902605016,0.030219982618121064,0.011579342878593175
pair_220_233,15,5.890486225480862,40,steady,new_weak,93889,1,36,0.549015998840332,0.16134488950112383,0.1397192366607553,0.1364145676453665
pair_220_233,15,5.890486225480862,40,steady,new_strong,93889,1,36,0.9862725734710693,0.48795228409223007,0.47846234191062914,0.4771585377522586
pair_220_233,15,5.890486225480862,40,steady,same_pitch,93889,1,36,0.28811395168304443,0.43079511742592314,0.46964493013366976,0.47508613425621155
pair_220_233,15,5.890486225480862,40,steady,two_notes,93889,2,36,1.225040316581726,0.8031533296558669,0.797213142523579,0.7959271810363022
pair_220_233,15,5.890486225480862,40,decaying,none,93889,0,36,0.32662689685821533,0.0700807754478318,0.025896240593260563,0.011250566053885523
pair_110_116,0,0.0,40,steady,none,92395,0,19,0.2773597538471222,0.1862610242485256,0.04177804118923075,0.013034688070607548
pair_110_116,0,0.0,40,steady,new_weak,92395,1,19,0.2956306040287018,0.22766752431666334,0.13426358220826382,0.1274166068118602
pair_110_116,0,0.0,40,steady,new_strong,92395,1,19,0.5378862023353577,0.4850311963736046,0.4464352135726422,0.44381543597557627
pair_110_116,0,0.0,40,steady,same_pitch,92395,1,19,0.7112632989883423,0.3550592245681891,0.4235472260361813,0.4307553361385521
pair_110_116,0,0.0,40,steady,two_notes,92395,2,19,1.1873351335525513,0.7660627123838368,0.7408353401391652,0.7399390631966317
pair_110_116,0,0.0,40,decaying,none,92395,0,20,0.2661624252796173,0.15920050089886228,0.03375188384568575,0.012436032212664384
pair_110_116,0,0.0,40,vibrato,none,92395,0,19,0.23079408705234528,0.2235954312237548,0.11977832490980697,0.15066817710243802
pair_110_116,0,0.0,40,glide,none,92395,0,17,0.22082090377807617,0.11631693721772438,0.6048462622112525,0.35087176771448914
pair_110_116,0,0.0,40,steady,noise_burst,92395,0,19,0.2773597538471222,0.6841064706857655,0.6585579182565361,0.6583560332466897
pair_110_116,1,0.39269908169872414,40,steady,none,92504,0,19,0.24408437311649323,0.1779617595517846,0.04534855329767933,0.012445055709131469
pair_110_116,1,0.39269908169872414,40,steady,new_weak,92504,1,19,0.2625865936279297,0.2236015177504269,0.14008817135414658,0.13270010678578
pair_110_116,1,0.39269908169872414,40,steady,new_strong,92504,1,19,0.5887122750282288,0.4982439034919045,0.4647326418088247,0.46225170317600794
pair_110_116,1,0.39269908169872414,40,steady,same_pitch,92504,1,19,0.8052986264228821,0.3548286310193823,0.4427166379815071,0.4493563470141104
pair_110_116,1,0.39269908169872414,40,steady,two_notes,92504,2,19,1.2706257104873657,0.7971740489080937,0.7714577531079718,0.7706971883313198
pair_110_116,1,0.39269908169872414,40,decaying,none,92504,0,19,0.23791375756263733,0.15194790774293762,0.037145228580093434,0.011881082442746856
pair_110_116,2,0.7853981633974483,40,steady,none,92610,0,20,0.20169967412948608,0.17348155223400172,0.03467691500435224,0.013514787979976298
pair_110_116,2,0.7853981633974483,40,steady,new_weak,92610,1,20,0.22434735298156738,0.22580377526784579,0.14657208438767044,0.14266777010907278
pair_110_116,2,0.7853981633974483,40,steady,new_strong,92610,1,20,0.6650868654251099,0.5298510441365076,0.49971155552188606,0.4983058743779509
pair_110_116,2,0.7853981633974483,40,steady,same_pitch,92610,1,20,0.9276142716407776,0.38421353845628137,0.47671830374104945,0.48321922551990726
pair_110_116,2,0.7853981633974483,40,steady,two_notes,92610,2,20,1.4090757369995117,0.857253196983299,0.8318075069370227,0.8308878533919117
pair_110_116,2,0.7853981633974483,40,decaying,none,92610,0,20,0.20491459965705872,0.1491261263293166,0.02928949551386647,0.012857751383855209
pair_110_116,3,1.1780972450961724,40,steady,none,92716,0,20,0.3298597037792206,0.2317184703920343,0.05087752737874528,0.013841977500252532
pair_110_116,3,1.1780972450961724,40,steady,new_weak,92716,1,20,0.3055763244628906,0.2822714276867252,0.16809555677579363,0.16050363764122624
pair_110_116,3,1.1780972450961724,40,steady,new_strong,92716,1,20,0.7843692898750305,0.6068839598854363,0.5622248732686661,0.5597835916424618
pair_110_116,3,1.1780972450961724,40,steady,same_pitch,92716,1,20,1.0988765954971313,0.42063091003807046,0.5227619195935991,0.542872001594071
pair_110_116,3,1.1780972450961724,40,steady,two_notes,92716,2,20,1.6552528142929077,0.9762396752249656,0.936254458384369,0.9333753824662645
pair_110_116,3,1.1780972450961724,40,decaying,none,92716,0,21,0.3078415095806122,0.1974423072930267,0.040251538255993737,0.013057425448832696
pair_110_116,4,1.5707963267948966,40,steady,none,92822,0,20,1.0511680841445923,0.1994980078520486,0.046755043197683664,0.01371544699081971
pair_110_116,4,1.5707963267948966,40,steady,new_weak,92822,1,20,0.9574180245399475,0.2732194785660002,0.19247824507996342,0.18720554010573756
pair_110_116,4,1.5707963267948966,40,steady,new_strong,92822,1,20,1.1607102155685425,0.6842907457911596,0.6562650743576574,0.6547303162347924
pair_110_116,4,1.5707963267948966,40,steady,same_pitch,92822,1,20,1.333500862121582,0.5374397164925449,0.6177677985694846,0.6354573717787866
pair_110_116,4,1.5707963267948966,40,steady,two_notes,92822,2,20,2.122180700302124,1.124369732097992,1.0944418175100536,1.092093510175785
pair_110_116,4,1.5707963267948966,40,decaying,none,92822,0,20,0.8800513744354248,0.17104954915328643,0.037481187917590024,0.012957751560752379
pair_110_116,4,1.5707963267948966,40,vibrato,none,92822,0,19,1.099707007408142,0.1582123463885293,0.16953032203331958,0.21912833147193414
pair_110_116,4,1.5707963267948966,40,glide,none,92822,0,20,0.8188958168029785,0.26534138723717915,0.4243070844618114,0.5257893333909609
pair_110_116,4,1.5707963267948966,40,steady,noise_burst,92822,0,20,1.0951133966445923,1.0105140924092229,0.9930827470086807,0.9907640330708655
pair_110_116,5,1.9634954084936207,40,steady,none,92931,0,18,1.7882205247879028,0.16550281424017038,0.03747428978667336,0.01302777447550428
pair_110_116,5,1.9634954084936207,40,steady,new_weak,92931,1,18,1.7003298997879028,0.2816385459521743,0.23217784292098656,0.22923751069603318
pair_110_116,5,1.9634954084936207,40,steady,new_strong,92931,1,18,1.859405279159546,0.8164342878403359,0.801613418927483,0.8005760872939225
pair_110_116,5,1.9634954084936207,40,steady,same_pitch,92931,1,18,1.859405279159546,0.710042869436179,0.7647579488754308,0.7758724298899561
pair_110_116,5,1.9634954084936207,40,steady,two_notes,92931,2,18,2.617034912109375,1.3578964088957037,1.3367614560782222,1.3348162610552625
pair_110_116,5,1.9634954084936207,40,decaying,none,92931,0,18,1.5161685943603516,0.14404821699469142,0.030424673613926857,0.012326036159724375
pair_110_116,6,2.356194490192345,40,steady,none,93037,0,20,2.3917782306671143,0.11110074952904332,0.03889402906604946,0.012647448261074723
pair_110_116,6,2.356194490192345,40,steady,new_weak,93037,1,20,2.3136532306671143,0.3042038804513357,0.2870693505967843,0.2848887660566917
pair_110_116,6,2.356194490192345,40,steady,new_strong,93037,1,20,2.486435890197754,1.0009476087489992,0.9967514905601222,0.9962581457809473
pair_110_116,6,2.356194490192345,40,steady,same_pitch,93037,1,20,2.451279640197754,0.9271385917551528,0.9534834779342373,0.9662930723204145
pair_110_116,6,2.356194490192345,40,steady,two_notes,93037,2,20,3.1347732543945312,1.6735960120411,1.6633108909959329,1.661425819783393
pair_110_116,6,2.356194490192345,40,decaying,none,93037,0,20,2.09550142288208,0.09605346718852986,0.03171561251896484,0.011968268125603651
pair_110_116,7,2.748893571891069,40,steady,none,93143,0,15,2.039224863052368,0.09609685202285478,0.045708464456155444,0.013045947469193802
pair_110_116,7,2.748893571891069,40,steady,new_weak,93143,1,15,2.036135673522949,0.3414663065771782,0.33299320107172936,0.3303127756112462
pair_110_116,7,2.748893571891069,40,steady,new_strong,93143,1,15,2.3084828853607178,1.156559309680556,1.1556345036738884,1.1550177384625144
pair_110_116,7,2.748893571891069,40,steady,same_pitch,93143,1,15,2.241213798522949,1.1440341714790978,1.121863724864143,1.1211625872215454
pair_110_116,7,2.748893571891069,40,steady,two_notes,93143,2,15,3.2409396171569824,1.9317120802929537,1.9270476853922984,1.9259796529633888
pair_110_116,7,2.748893571891069,40,decaying,none,93143,0,15,1.816486120223999,0.0847900155959776,0.04030270552400609,0.012427420568776163
pair_110_116,8,3.141592653589793,40,steady,none,93249,0,0,0.0,0.06120362081789418,0.037010840759064655,0.013676923863623795
pair_110_116,8,3.141592653589793,40,steady,new_weak,93249,1,0,0.0,0.3194819873393995,0.3171479839907778,0.31517065252383475
pair_110_116,8,3.141592653589793,40,steady,new_strong,93249,1,0,0.0,1.1022218135268977,1.1025572505895826,1.1019134666534602
pair_110_116,8,3.141592653589793,40,steady,same_pitch,93249,1,0,0.0,1.0958373112884956,1.06581437827244,1.0697771105387164
pair_110_116,8,3.141592653589793,40,steady,two_notes,93249,2,0,0.0,1.8386342259932136,1.8383968710081886,1.8373759709778377
pair_110_116,8,3.141592653589793,40,decaying,none,93249,0,0,0.0,0.054796740696864986,0.03312863119293498,0.012922188959609275
pair_110_116,8,3.141592653589793,40,vibrato,none,93249,0,0,0.0,0.1100725128662855,0.12215621831526083,0.24654843465612836
pair_110_116,8,3.141592653589793,40,glide,none,93249,0,0,0.0,0.19824401244566897,1.7902095265421383,0.5649420369001663
pair_110_116,8,3.141592653589793,40,steady,noise_burst,93249,0,0,0.0,1.6514313211413316,1.6491525075028544,1.649435688922347
pair_110_116,9,3.5342917352885173,40,steady,none,93358,0,0,0.0,0.15070521318031668,0.03550117110261914,0.013393023544771883
pair_110_116,9,3.5342917352885173,40,steady,new_weak,93358,1,0,0.0,0.2984155304455451,0.2609419186067145,0.2590597538451352
pair_110_116,9,3.5342917352885173,40,steady,new_strong,93358,1,0,0.0,0.9165811601765921,0.9057518101085993,0.9053525230902204
pair_110_116,9,3.5342917352885173,40,steady,same_pitch,93358,1,0,0.0,0.9802542091278034,0.8801912216939191,0.8778282357332683
pair_110_116,9,3.5342917352885173,40,steady,two_notes,93358,2,0,0.0,1.507294877277036,1.5103174417208927,1.5095939635276483
pair_110_116,9,3.5342917352885173,40,decaying,none,93358,0,0,0.0,0.12808889536468826,0.03158693379980885,0.012690328196155351
pair_110_116,10,3.9269908169872414,40,steady,none,93464,0,0,0.0,0.19669359366337483,0.03497254640488794,0.013565123480911111
pair_110_116,10,3.9269908169872414,40,steady,new_weak,93464,1,0,0.0,0.28820750399481115,0.21162285883585877,0.20925553972512473
pair_110_116,10,3.9269908169872414,40,steady,new_strong,93464,1,0,0.0,0.7583215282421819,0.7312572123669477,0.7306487117636152
pair_110_116,10,3.9269908169872414,40,steady,same_pitch,93464,1,0,0.0,0.8179184091720798,0.7115541726737595,0.7106648837541004
pair_110_116,10,3.9269908169872414,40,steady,two_notes,93464,2,0,0.0,1.2181861831110439,1.2189881794720119,1.2180644227486204
pair_110_116,10,3.9269908169872414,40,decaying,none,93464,0,0,0.0,0.1661656683832216,0.030599543807075427,0.012769859214353451
pair_110_116,11,4.319689898685965,40,steady,none,93570,0,0,0.0,0.19409957626511726,0.03632822608591729,0.012902080831108548
pair_110_116,11,4.319689898685965,40,steady,new_weak,93570,1,0,0.0,0.26305841975479194,0.1775114445471625,0.1745715213859785
pair_110_116,11,4.319689898685965,40,steady,new_strong,93570,1,0,0.0,0.642943146675882,0.610205037877268,0.6095986710314834
pair_110_116,11,4.319689898685965,40,steady,same_pitch,93570,1,0,0.0,0.6643988420204112,0.5951196157546841,0.5916805161986006
pair_110_116,11,4.319689898685965,40,steady,two_notes,93570,2,0,0.0,1.02082052747193,1.0172351042411731,1.0168074279091337
pair_110_116,11,4.319689898685965,40,decaying,none,93570,0,0,0.0,0.16558734502789885,0.032584269917294836,0.012175323853903809
pair_110_116,12,4.71238898038469,40,steady,none,93676,0,0,0.0,0.2175500957276204,0.03606153432605327,0.012985735171548997
pair_110_116,12,4.71238898038469,40,steady,new_weak,93676,1,0,0.0,0.26792422887960865,0.15551840801823633,0.15207972238911863
pair_110_116,12,4.71238898038469,40,steady,new_strong,93676,1,0,0.0,0.5779332073269479,0.5314930447934244,0.5306715578180866
pair_110_116,12,4.71238898038469,40,steady,same_pitch,93676,1,0,0.0,0.5729586940573423,0.5210993552496531,0.5143313769996791
pair_110_116,12,4.71238898038469,40,steady,two_notes,93676,2,0,0.0,0.8980158546874861,0.8851504252007804,0.8848583223888266
pair_110_116,12,4.71238898038469,40,decaying,none,93676,0,1,2.0897834474453703e-05,0.18638989416935833,0.03238201451886722,0.012344711691321633
pair_110_116,12,4.71238898038469,40,vibrato,none,93676,0,1,5.831870566908037e-06,0.18628823158967178,0.07710952630251204,0.0936212119268554
pair_110_116,12,4.71238898038469,40,glide,none,93676,0,0,0.0,0.20811744899359078,0.7673021304316591,0.4770300525049253
pair_110_116,12,4.71238898038469,40,steady,noise_burst,93676,0,0,0.0,0.8272952943985863,0.7998660052293569,0.7995472153643356
pair_110_116,13,5.105088062083414,40,steady,none,93785,0,0,0.0,0.2005872112329307,0.033698505793546676,0.013446091766757007
pair_110_116,13,5.105088062083414,40,steady,new_weak,93785,1,0,0.0,0.24604506199604098,0.14153143211658978,0.13801492720984937
pair_110_116,13,5.105088062083414,40,steady,new_strong,93785,1,0,0.0,0.5260839830851443,0.4824301668367678,0.4813369445247381
pair_110_116,13,5.105088062083414,40,steady,same_pitch,93785,1,0,0.0,0.4806567458905988,0.47653486277542345,0.46673612480873616
pair_110_116,13,5.105088062083414,40,steady,two_notes,93785,2,0,0.0,0.8191315092292033,0.8020784594250487,0.8027844454710726
pair_110_116,13,5.105088062083414,40,decaying,none,93785,0,1,0.00017135038797277957,0.17156246922793336,0.02914873360219763,0.012696940040426966
pair_110_116,14,5.497787143782138,40,steady,none,93891,0,2,0.3658411502838135,0.1886829823773534,0.03534804900375263,0.01317364592923426
pair_110_116,14,5.497787143782138,40,steady,new_weak,93891,1,2,0.3706519901752472,0.23132663148289317,0.13394748738620077,0.12958793946747277
pair_110_116,14,5.497787143782138,40,steady,new_strong,93891,1,2,0.4966285526752472,0.49458221134595143,0.45386753422583426,0.4523985567249893
pair_110_116,14,5.497787143782138,40,steady,same_pitch,93891,1,2,0.4368106424808502,0.42076966835514534,0.43997185759725277,0.43889756973705685
pair_110_116,14,5.497787143782138,40,steady,two_notes,93891,2,2,0.7182249426841736,0.773309260401005,0.7544038730459995,0.7544124416979092
pair_110_116,14,5.497787143782138,40,decaying,none,93891,0,9,0.3582340180873871,0.16173005431373166,0.03175265568674363,0.01244306187248233
pair_110_116,15,5.890486225480862,40,steady,none,93997,0,11,0.357162207365036,0.178174541599737,0.03761162619826866,0.012969139919480517
pair_110_116,15,5.890486225480862,40,steady,new_weak,93997,1,11,0.37448757886886597,0.2209431725535531,0.13219068149321248,0.12687541442634945
pair_110_116,15,5.890486225480862,40,steady,new_strong,93997,1,11,0.49460476636886597,0.47975753681416267,0.44305851054784545,0.4411319689830362
pair_110_116,15,5.890486225480862,40,steady,same_pitch,93997,1,11,0.5038600564002991,0.3791521144710056,0.4313101138850274,0.4278357714926087
pair_110_116,15,5.890486225480862,40,steady,two_notes,93997,2,11,0.9435048699378967,0.7559082702997972,0.7347673816816688,0.7350792132892391
pair_110_116,15,5.890486225480862,40,decaying,none,93997,0,21,0.3493322432041168,0.1523342667079781,0.030565741977314556,0.012324972308490355
harmonics_110,0,0.0,40,steady,none,92503,0,0,0.0,0.24376563554319974,0.24355516339880784,0.013202786295853718
harmonics_110,0,0.0,40,steady,new_weak,92503,1,0,0.0,0.2909764757310647,0.2901404020646594,0.14638361127746743
harmonics_110,0,0.0,40,steady,new_strong,92503,1,0,0.0,0.5773805908612449,0.57612869006839,0.5100487806978783
harmonics_110,0,0.0,40,steady,same_pitch,92503,1,0,0.0,0.5509815385454225,0.5523002601114795,0.49467885026631714
harmonics_110,0,0.0,40,steady,two_notes,92503,2,0,0.0,0.8944922448337513,0.8930274493775027,0.8505861394345174
harmonics_110,0,0.0,40,decaying,none,92503,0,1,0.0006690024747513235,0.1730678635705642,0.17067869136898955,0.012177499601629803
harmonics_110,0,0.0,40,vibrato,none,92503,0,0,0.0,0.2777887920421902,0.2746538369670133,0.13731232643086042
harmonics_110,0,0.0,40,glide,none,92503,0,0,0.0,0.38400807787636754,0.8113525422622002,0.9118262716712622
harmonics_110,0,0.0,40,steady,noise_burst,92503,0,0,0.0,0.8038992988372976,0.8039262879694009,0.7712980703358044
harmonics_110,1,0.39269908169872414,40,steady,none,92612,0,1,0.0033356444910168648,0.24473141087975286,0.24475723612784453,0.01324454969469765
harmonics_110,1,0.39269908169872414,40,steady,new_weak,92612,1,1,0.02405267022550106,0.29842854145093234,0.29848133301560825,0.14681667244878446
harmonics_110,1,0.39269908169872414,40,steady,new_strong,92612,1,1,0.15737223625183105,0.59071253142847,0.5907791323282541,0.5118308336579023
harmonics_110,1,0.39269908169872414,40,steady,same_pitch,92612,1,1,0.0038940473459661007,0.5542030239012566,0.5535285764327406,0.4961786015802773
harmonics_110,1,0.39269908169872414,40,steady,two_notes,92612,2,1,0.15656410157680511,0.9074211111719503,0.9075235610545019,0.8533083662349588
harmonics_110,1,0.39269908169872414,40,decaying,none,92612,0,1,0.0014707122463732958,0.17378097100401027,0.16976071849006785,0.01222856354344287
harmonics_110,2,0.7853981633974483,40,steady,none,92718,0,1,0.0024476745165884495,0.24208861639084472,0.24551450061031824,0.012869266780775712
harmonics_110,2,0.7853981633974483,40,steady,new_weak,92718,1,1,0.01948605477809906,0.30342605795339905,0.3058338346621358,0.14811015321306814
harmonics_110,2,0.7853981633974483,40,steady,new_strong,92718,1,1,0.14582882821559906,0.6052134493212723,0.6060045427416922,0.5166516038010522
harmonics_110,2,0.7853981633974483,40,steady,same_pitch,92718,1,1,0.005099794361740351,0.5578351393727009,0.5577192290007539,0.5017645395410046
harmonics_110,2,0.7853981633974483,40,steady,two_notes,92718,2,1,0.14704953134059906,0.9253415106587961,0.9256018915501171,0.8613667293934436
harmonics_110,2,0.7853981633974483,40,decaying,none,92718,0,1,0.0012176574673503637,0.17152053206260776,0.1706736277829886,0.011814157697748908
harmonics_110,3,1.1780972450961724,40,steady,none,92824,0,1,0.0028024092316627502,0.24800984891436367,0.24922857256941267,0.013181516083766656
harmonics_110,3,1.1780972450961724,40,steady,new_weak,92824,1,1,0.023766374215483665,0.31253649476454287,0.3133566875717321,0.15025871395395451
harmonics_110,3,1.1780972450961724,40,steady,new_strong,92824,1,1,0.16979748010635376,0.6196349184264384,0.6198622244870363,0.523861084576907
harmonics_110,3,1.1780972450961724,40,steady,same_pitch,92824,1,1,0.005889975931495428,0.5628821528463506,0.5632145260418384,0.5086208615701271
harmonics_110,3,1.1780972450961724,40,steady,two_notes,92824,2,1,0.16671070456504822,0.9442309591893332,0.9442562645719671,0.8734108685954536
harmonics_110,3,1.1780972450961724,40,decaying,none,92824,0,1,0.0014994106022641063,0.17615727976677337,0.17637694457810088,0.012092084327684861
harmonics_110,4,1.5707963267948966,40,steady,none,92930,0,2,0.9448298811912537,0.25200689628739414,0.2533853708967021,0.012668343203264074
harmonics_110,4,1.5707963267948966,40,steady,new_weak,92930,1,2,0.9663142561912537,0.31649320206539727,0.3179041388886953,0.1529673339140108
harmonics_110,4,1.5707963267948966,40,steady,new_strong,92930,1,2,1.0284359455108643,0.6276142569270647,0.6287215683114799,0.5325183904275107
harmonics_110,4,1.5707963267948966,40,steady,same_pitch,92930,1,2,1.0870296955108643,0.568870746662319,0.5701206209829959,0.5160327067349741
harmonics_110,4,1.5707963267948966,40,steady,two_notes,92930,2,2,1.1362360715866089,0.9582387021458325,0.959140141601865,0.8876078249447401
harmonics_110,4,1.5707963267948966,40,decaying,none,92930,0,4,0.8861786127090454,0.17894199964476737,0.17688602650586777,0.011650956779269915
harmonics_110,4,1.5707963267948966,40,vibrato,none,92930,0,1,1.135186630563112e-05,0.27893441809869873,0.33611432058545326,0.23794764487331485
harmonics_110,4,1.5707963267948966,40,glide,none,92930,0,3,0.8847029805183411,0.4140678542289588,0.9259300715127529,1.0966341902299783
harmonics_110,4,1.5707963267948966,40,steady,noise_burst,92930,0,2,1.0622692108154297,0.8620868275838924,0.8624666925065304,0.8289179780601839
harmonics_110,5,1.9634954084936207,40,steady,none,93039,0,4,0.9346622824668884,0.2552943041274222,0.25473889805584704,0.012682307942190389
harmonics_110,5,1.9634954084936207,40,steady,new_weak,93039,1,4,0.9747013449668884,0.3162274323791625,0.31630972773154875,0.15452435637816295
harmonics_110,5,1.9634954084936207,40,steady,new_strong,93039,1,4,1.0733342170715332,0.6287897788983777,0.6294973923090419,0.5398938736429728
harmonics_110,5,1.9634954084936207,40,steady,same_pitch,93039,1,4,1.1455998420715332,0.5803749675145303,0.5786277194035492,0.5236777176849257
harmonics_110,5,1.9634954084936207,40,steady,two_notes,93039,2,4,1.193780541419983,0.9652268266288005,0.9661541960743422,0.9002727415647452
harmonics_110,5,1.9634954084936207,40,decaying,none,93039,0,4,0.8593061566352844,0.181534291603856,0.17956665894754664,0.011721133038383609
harmonics_110,6,2.356194490192345,40,steady,none,93145,0,4,0.691097617149353,0.2555561463410536,0.25796108585571154,0.013436359927153462
harmonics_110,6,2.356194490192345,40,steady,new_weak,93145,1,4,0.761410117149353,0.3128011361542934,0.3137381451488945,0.15598099330643395
harmonics_110,6,2.356194490192345,40,steady,new_strong,93145,1,4,0.925472617149353,0.6250942855268001,0.6242677121583173,0.5443006556527681
harmonics_110,6,2.356194490192345,40,steady,same_pitch,93145,1,4,1.025081992149353,0.5828612861876658,0.5833180427758408,0.5277311083459653
harmonics_110,6,2.356194490192345,40,steady,two_notes,93145,2,4,1.2088433504104614,0.9662132542535454,0.9650103296692525,0.9075411346033038
harmonics_110,6,2.356194490192345,40,decaying,none,93145,0,6,0.647892415523529,0.18159730540497956,0.18222445230160464,0.012395560675528385
harmonics_110,7,2.748893571891069,40,steady,none,93251,0,2,0.0017106104642152786,0.2573736108735379,0.25772855578714854,0.012879463284229942
harmonics_110,7,2.748893571891069,40,steady,new_weak,93251,1,2,0.019845731556415558,0.3027493279499689,0.3041634535802585,0.15617349158614063
harmonics_110,7,2.748893571891069,40,steady,new_strong,93251,1,2,0.125465989112854,0.6051290663127517,0.6072297611643414,0.5439990258150619
harmonics_110,7,2.748893571891069,40,steady,same_pitch,93251,1,2,0.002007692586630583,0.5817649979778418,0.5833563337932994,0.5277662996862343
harmonics_110,7,2.748893571891069,40,steady,two_notes,93251,2,2,0.121437668800354,0.9473948303234432,0.9492356724864496,0.9067709643645503
harmonics_110,7,2.748893571891069,40,decaying,none,93251,0,2,0.0009059893782250583,0.18282644395946387,0.18413558623139625,0.011782125287242215
harmonics_110,8,3.141592653589793,40,steady,none,93357,0,1,0.0018623587675392628,0.2559139810333209,0.2559805467371194,0.01342009735530246
harmonics_110,8,3.141592653589793,40,steady,new_weak,93357,1,1,0.01844915933907032,0.2937218356237561,0.2929116881998285,0.15448731008924874
harmonics_110,8,3.141592653589793,40,steady,new_strong,93357,1,1,0.10954412817955017,0.5877868515436296,0.5862975248044386,0.538842640511498
harmonics_110,8,3.141592653589793,40,steady,same_pitch,93357,1,1,0.0019445940852165222,0.5819382587066892,0.5808955990573809,0.5227963835941766
harmonics_110,8,3.141592653589793,40,steady,two_notes,93357,2,1,0.10582098364830017,0.928486333965105,0.9271509594534035,0.8987307257064452
harmonics_110,8,3.141592653589793,40,decaying,none,93357,0,1,0.0008954342338256538,0.1817451940892698,0.17941479019992043,0.012326686895959485
harmonics_110,8,3.141592653589793,40,vibrato,none,93357,0,1,0.001924488227814436,0.29496615155422085,0.2915471270658866,0.14899112411767296
harmonics_110,8,3.141592653589793,40,glide,none,93357,0,1,0.0021010288037359715,0.4329349684594864,0.9692097877682293,1.2017884249943005
harmonics_110,8,3.141592653589793,40,steady,noise_burst,93357,0,1,0.1467772126197815,0.8514360530693468,0.8513290013663956,0.8256314718033301
harmonics_110,9,3.5342917352885173,40,steady,none,93466,0,1,0.001603547134436667,0.2539222296030322,0.2533031263966382,0.013088522076854816
harmonics_110,9,3.5342917352885173,40,steady,new_weak,93466,1,1,0.01677338406443596,0.28161740910121213,0.2804583811610162,0.15209726443115257
harmonics_110,9,3.5342917352885173,40,steady,new_strong,93466,1,1,0.09953705221414566,0.5635504236685029,0.5622223997077278,0.5307921422552461
harmonics_110,9,3.5342917352885173,40,steady,same_pitch,93466,1,1,0.0016383021138608456,0.5753551428415921,0.5746756290132673,0.5155370624861446
harmonics_110,9,3.5342917352885173,40,steady,two_notes,93466,2,1,0.09581390768289566,0.900475542425854,0.8991624518271176,0.8851549152313779
harmonics_110,9,3.5342917352885173,40,decaying,none,93466,0,1,0.0007145327399484813,0.1803604364409615,0.1766780214889716,0.011977025921512306
harmonics_110,10,3.9269908169872414,40,steady,none,93572,0,1,0.0018110458040609956,0.24839555175579597,0.2506567122031906,0.012828630150324581
harmonics_110,10,3.9269908169872414,40,steady,new_weak,93572,1,1,0.01684238761663437,0.2712748566322931,0.27173989955338623,0.15019897080921632
harmonics_110,10,3.9269908169872414,40,steady,new_strong,93572,1,1,0.10218479484319687,0.546633665689019,0.5448587977019738,0.5234899186582365
harmonics_110,10,3.9269908169872414,40,steady,same_pitch,93572,1,1,0.0019881033804267645,0.5672914371675377,0.5674877730144147,0.5075436639128068
harmonics_110,10,3.9269908169872414,40,steady,two_notes,93572,2,1,0.09797336906194687,0.8797384168469091,0.8778100990552905,0.8729808267296977
harmonics_110,10,3.9269908169872414,40,decaying,none,93572,0,2,0.3510241210460663,0.17634621073874565,0.17348398961912276,0.011784363995707854
harmonics_110,11,4.319689898685965,40,steady,none,93678,0,1,0.001726570539176464,0.24470302817056444,0.2458420862614038,0.012771697756227668
harmonics_110,11,4.319689898685965,40,steady,new_weak,93678,1,1,0.016310159116983414,0.2625366911734214,0.2629711555184194,0.14823959409657317
harmonics_110,11,4.319689898685965,40,steady,new_strong,93678,1,1,0.10607761144638062,0.5314437685859089,0.5308810424050394,0.5171041872168401
harmonics_110,11,4.319689898685965,40,steady,same_pitch,93678,1,1,0.001951637677848339,0.5603162715064359,0.5614028379673637,0.5013719609944209
harmonics_110,11,4.319689898685965,40,steady,two_notes,93678,2,1,0.10119479894638062,0.8609993561330662,0.8602159070905303,0.8623050336637588
harmonics_110,11,4.319689898685965,40,decaying,none,93678,0,1,0.0009942242177203298,0.17353569411439318,0.17176246869885328,0.011728826688602277
harmonics_110,12,4.71238898038469,40,steady,none,93784,0,1,0.002437795279547572,0.24558841076788912,0.24435931001221256,0.01298003712394078
harmonics_110,12,4.71238898038469,40,steady,new_weak,93784,1,1,0.01905408874154091,0.2624400118967795,0.26160805121710096,0.1463266408833079
harmonics_110,12,4.71238898038469,40,steady,new_strong,93784,1,1,0.12056631594896317,0.5275213683240765,0.5275019677422086,0.5123673484976095
harmonics_110,12,4.71238898038469,40,steady,same_pitch,93784,1,1,0.002551708370447159,0.5615014241942716,0.5592804607563073,0.49799011862378534
harmonics_110,12,4.71238898038469,40,steady,two_notes,93784,2,1,0.11849112063646317,0.8531438060393123,0.8533102297024524,0.8549717852710098
harmonics_110,12,4.71238898038469,40,decaying,none,93784,0,1,0.001127472147345543,0.1745216719631772,0.17086349171309403,0.011860828106863942
harmonics_110,12,4.71238898038469,40,vibrato,none,93784,0,1,0.0029666731134057045,0.2688575819966739,0.3191369223283929,0.22520305593620843
harmonics_110,12,4.71238898038469,40,glide,none,93784,0,1,0.0027200630865991116,0.4048587218744638,0.8693366568404528,0.9706071792263341
harmonics_110,12,4.71238898038469,40,steady,noise_burst,93784,0,1,0.1325794756412506,0.8452846156420458,0.8451793327109135,0.8082969444495398
harmonics_110,13,5.105088062083414,40,steady,none,93893,0,1,0.0029964367859065533,0.24002366375201264,0.24491964757238918,0.012945585668509686
harmonics_110,13,5.105088062083414,40,steady,new_weak,93893,1,1,0.027279390022158623,0.26109644618268557,0.2662303153664524,0.14635429883683443
harmonics_110,13,5.105088062083414,40,steady,new_strong,93893,1,1,0.16250278055667877,0.5300538786022039,0.5333823401921459,0.5108183023854488
harmonics_110,13,5.105088062083414,40,steady,same_pitch,93893,1,1,0.0030879895202815533,0.5532665308406532,0.5569139641340437,0.4958737410410952
harmonics_110,13,5.105088062083414,40,steady,two_notes,93893,2,1,0.15969516336917877,0.8537329963974932,0.8558958763885467,0.8517433956817162
harmonics_110,13,5.105088062083414,40,decaying,none,93893,0,1,0.0014785148669034243,0.1704419080534731,0.17009510146522885,0.011947314449398935
harmonics_110,14,5.497787143782138,40,steady,none,93999,0,1,0.0030448324978351593,0.2442093310782825,0.24423077568521356,0.012780676211040936
harmonics_110,14,5.497787143782138,40,steady,new_weak,93999,1,1,0.025889946147799492,0.27330368464933363,0.27320342083303206,0.14651201736905278
harmonics_110,14,5.497787143782138,40,steady,new_strong,93999,1,1,0.15882451832294464,0.5457464985573922,0.5455467647721054,0.5101219508023281
harmonics_110,14,5.497787143782138,40,steady,same_pitch,93999,1,1,0.0032126791775226593,0.5557334828166997,0.5558810771782352,0.4950255844206313
harmonics_110,14,5.497787143782138,40,steady,two_notes,93999,2,1,0.15589483082294464,0.8655663840522693,0.8652930763837653,0.8501162450275876
harmonics_110,14,5.497787143782138,40,decaying,none,93999,0,1,0.0015507014468312263,0.17332101891483842,0.1704969225890669,0.011787883803125922
harmonics_110,15,5.890486225480862,40,steady,none,94105,0,1,0.002138308249413967,0.24085744083974425,0.24359802346172785,0.012707276493150312
harmonics_110,15,5.890486225480862,40,steady,new_weak,94105,1,1,0.02221548743546009,0.27750083847585905,0.2804474877426681,0.14608698179411755
harmonics_110,15,5.890486225480862,40,steady,new_strong,94105,1,1,0.13584768772125244,0.5563112554997105,0.5584955331230032,0.5091961403211703
harmonics_110,15,5.890486225480862,40,steady,same_pitch,94105,1,1,0.002340487204492092,0.5509065717001755,0.5532866077877019,0.4941417009519864
harmonics_110,15,5.890486225480862,40,steady,two_notes,94105,2,1,0.13316214084625244,0.8746307454025043,0.8762820885700965,0.8491779193526443
harmonics_110,15,5.890486225480862,40,decaying,none,94105,0,1,0.0010900100460276008,0.17085499075168473,0.16762515790850044,0.011785237612804467
pair_173_184,0,0.0,40,steady,none,92611,0,30,0.5004603266716003,0.1354553429006256,0.02896292138452897,0.011668427559786327
pair_173_184,0,0.0,40,steady,new_weak,92611,1,30,0.5861735343933105,0.1913943703445552,0.1411523568925623,0.13902989716991682
pair_173_184,0,0.0,40,steady,new_strong,92611,1,30,0.8737322688102722,0.4997687740706714,0.48483473002459293,0.48449984278463654
pair_173_184,0,0.0,40,steady,same_pitch,92611,1,30,0.9862076640129089,0.5061031341569959,0.4833576611995158,0.48407974838613643
pair_173_184,0,0.0,40,steady,two_notes,92611,2,30,1.3935766220092773,0.8574081646730398,0.8122246475415679,0.8076222788333706
pair_173_184,0,0.0,40,decaying,none,92611,0,33,0.428631991147995,0.11514609989853357,0.024235977895094206,0.011276805763424132
pair_173_184,0,0.0,40,vibrato,none,92611,0,29,0.5037059187889099,0.1746648847131981,0.14336363636601548,0.07001371429295761
pair_173_184,0,0.0,40,glide,none,92611,0,29,0.46315091848373413,0.238116557496047,0.7023980395647847,0.8200889192751482
pair_173_184,0,0.0,40,steady,noise_burst,92611,0,30,0.48190563917160034,0.7534857223700187,0.7392197233719261,0.7390066928447246
pair_173_184,1,0.39269908169872414,40,steady,none,92720,0,38,1.0885907411575317,0.03644324154697652,0.03044267469111406,0.011870645872745186
pair_173_184,1,0.39269908169872414,40,steady,new_weak,92720,1,38,1.1737593412399292,0.15286370834044646,0.1521145708872626,0.14961248399437788
pair_173_184,1,0.39269908169872414,40,steady,new_strong,92720,1,38,1.4292938709259033,0.5223988311344089,0.5225937953693122,0.5219449875142806
pair_173_184,1,0.39269908169872414,40,steady,same_pitch,92720,1,38,1.5735770463943481,0.518250694377518,0.5220065991678431,0.5223293839269942
pair_173_184,1,0.39269908169872414,40,steady,two_notes,92720,2,38,1.8501923084259033,0.8752543713165201,0.8716680561931308,0.8704127193074717
pair_173_184,1,0.39269908169872414,40,decaying,none,92720,0,38,0.9176545143127441,0.032356282551678876,0.027584999879676643,0.011469833380920282
pair_173_184,2,0.7853981633974483,40,steady,none,92826,0,36,1.5993176698684692,0.05513178387410524,0.030791474883194548,0.011644338911145774
pair_173_184,2,0.7853981633974483,40,steady,new_weak,92826,1,36,1.6901379823684692,0.17397685709348068,0.1685188026873891,0.16629534574844237
pair_173_184,2,0.7853981633974483,40,steady,new_strong,92826,1,36,1.937699794769287,0.5822615777542894,0.5811318974178455,0.5806376116341557
pair_173_184,2,0.7853981633974483,40,steady,same_pitch,92826,1,36,2.1244709491729736,0.5909615257131495,0.5802828451611599,0.5798456767046797
pair_173_184,2,0.7853981633974483,40,steady,two_notes,92826,2,36,2.332231044769287,0.983724046857666,0.9701810400619034,0.9680575492536951
pair_173_184,2,0.7853981633974483,40,decaying,none,92826,0,36,1.3561476469039917,0.04831707254961461,0.027522010290024563,0.011241928393244094
pair_173_184,3,1.1780972450961724,40,steady,none,92932,0,34,2.0766801834106445,0.06559882370668958,0.030105106640519793,0.011964786136194039
pair_173_184,3,1.1780972450961724,40,steady,new_weak,92932,1,34,2.1762895584106445,0.20060984946398897,0.19321079391297954,0.1913144631165685
pair_173_184,3,1.1780972450961724,40,steady,new_strong,92932,1,34,2.4342777729034424,0.6705382906507699,0.6692646463552286,0.6687831601094337
pair_173_184,3,1.1780972450961724,40,steady,same_pitch,92932,1,34,2.663182497024536,0.6767811433673404,0.670815115871509,0.6687633393579666
pair_173_184,3,1.1780972450961724,40,steady,two_notes,92932,2,34,2.8234143257141113,1.135149033148387,1.118571387953527,1.1152515453919751
pair_173_184,3,1.1780972450961724,40,decaying,none,92932,0,34,1.786123514175415,0.058185363175239764,0.026613685454709508,0.011544831274345737
pair_173_184,4,1.5707963267948966,40,steady,none,93038,0,32,2.5508432388305664,0.07002592344841733,0.02648514888306301,0.012128419080890249
pair_173_184,4,1.5707963267948966,40,steady,new_weak,93038,1,32,2.659557342529297,0.2349380304191311,0.2269926798789178,0.22573034139519413
pair_173_184,4,1.5707963267948966,40,steady,new_strong,93038,1,32,2.934229850769043,0.790871153409212,0.7893902033603459,0.7890010081074843
pair_173_184,4,1.5707963267948966,40,steady,same_pitch,93038,1,32,3.2039365768432617,0.8033470612527992,0.7896346636370146,0.7883120938114271
pair_173_184,4,1.5707963267948966,40,steady,two_notes,93038,2,32,3.3766627311706543,1.3370352808721522,1.316521655787492,1.3149756725409498
pair_173_184,4,1.5707963267948966,40,decaying,none,93038,0,32,2.232720375061035,0.061119335005593065,0.024078974196940935,0.011743645657636853
pair_173_184,4,1.5707963267948966,40,vibrato,none,93038,0,32,2.4854564666748047,0.06937623041548231,0.2915580897563622,0.30754048463215056
pair_173_184,4,1.5707963267948966,40,glide,none,93038,0,33,2.5198168754577637,0.2718909021374001,1.2257196744126475,0.8330699625245829
pair_173_184,4,1.5707963267948966,40,steady,noise_burst,93038,0,32,2.678938388824463,1.1968446130858394,1.1934965720921948,1.1930179865039199
pair_173_184,5,1.9634954084936207,40,steady,none,93147,0,35,2.9081366062164307,0.046819666085837035,0.02946405329220269,0.011885246978928074
pair_173_184,5,1.9634954084936207,40,steady,new_weak,93147,1,35,3.018622398376465,0.2686722325938583,0.26558157373993485,0.26412933151957196
pair_173_184,5,1.9634954084936207,40,steady,new_strong,93147,1,35,3.3239386081695557,0.9259231675975543,0.9245887744902068,0.9241153284124515
pair_173_184,5,1.9634954084936207,40,steady,same_pitch,93147,1,35,3.603752374649048,0.9514863916419783,0.9314287734831002,0.9255942856253597
pair_173_184,5,1.9634954084936207,40,steady,two_notes,93147,2,35,3.7427868843078613,1.5487326029803805,1.542798889727664,1.5411940631785528
pair_173_184,5,1.9634954084936207,40,decaying,none,93147,0,35,2.591435194015503,0.04092749755044565,0.02625325007207321,0.011426550502847006
pair_173_184,6,2.356194490192345,40,steady,none,93253,0,3,0.0078794676810503,0.04330606691300653,0.027406049406342024,0.011793464066968014
pair_173_184,6,2.356194490192345,40,steady,new_weak,93253,1,3,0.17646147310733795,0.29097215902019097,0.2879867932792164,0.2868951362891526
pair_173_184,6,2.356194490192345,40,steady,new_strong,93253,1,3,1.0651333332061768,1.005147528000358,1.0035352248676686,1.0032030966545098
pair_173_184,6,2.356194490192345,40,steady,same_pitch,93253,1,3,0.9172326922416687,1.0247032240645966,1.0047796146024046,1.0032133752600887
pair_173_184,6,2.356194490192345,40,steady,two_notes,93253,2,3,1.9732860326766968,1.6733308877811925,1.672302829646675,1.6730488264102532
pair_173_184,6,2.356194490192345,40,decaying,none,93253,0,14,2.1092073917388916,0.03829116991451045,0.02498007260642028,0.011444655446101184
pair_173_184,7,2.748893571891069,40,steady,none,93359,0,0,0.0,0.05711655812534745,0.028404581122751713,0.011743779654242448
pair_173_184,7,2.748893571891069,40,steady,new_weak,93359,1,0,0.0,0.2785222628565236,0.2732878646658588,0.2718957318468876
pair_173_184,7,2.748893571891069,40,steady,new_strong,93359,1,0,0.0,0.9537775918152693,0.9516937632177248,0.9511765825124858
pair_173_184,7,2.748893571891069,40,steady,same_pitch,93359,1,0,0.0,0.9840979315380675,0.9553075466647489,0.9506535302358868
pair_173_184,7,2.748893571891069,40,steady,two_notes,93359,2,0,0.0,1.597217325925215,1.587184027793336,1.585761814046899
pair_173_184,7,2.748893571891069,40,decaying,none,93359,0,0,0.0,0.04920855672715875,0.025619619664860253,0.011303658059052844
pair_173_184,8,3.141592653589793,40,steady,none,93465,0,0,0.0,0.04485399525872626,0.030642728687354934,0.012203483937588053
pair_173_184,8,3.141592653589793,40,steady,new_weak,93465,1,0,0.0,0.23988381339007542,0.2371038973499987,0.23508625555366777
pair_173_184,8,3.141592653589793,40,steady,new_strong,93465,1,0,0.0,0.8237901528380057,0.8226004653404517,0.8217737939112322
pair_173_184,8,3.141592653589793,40,steady,same_pitch,93465,1,0,0.0,0.8226731232462869,0.8266399668342145,0.8226344147780146
pair_173_184,8,3.141592653589793,40,steady,two_notes,93465,2,0,0.0,1.361765062245512,1.3703684352108543,1.3708653800041959
pair_173_184,8,3.141592653589793,40,decaying,none,93465,0,0,0.0,0.03911423523495358,0.02744850789260726,0.011760260698793795
pair_173_184,8,3.141592653589793,40,vibrato,none,93465,0,0,0.0,0.06164969563684743,0.12310703115470795,0.18515918023421185
pair_173_184,8,3.141592653589793,40,glide,none,93465,0,0,0.0,0.332837409346096,0.6465507171446938,1.1464789780795839
pair_173_184,8,3.141592653589793,40,steady,noise_burst,93465,0,0,0.0,1.2956712104873416,1.2958961055737543,1.2961032203459864
pair_173_184,9,3.5342917352885173,40,steady,none,93574,0,0,0.0,0.12465429010713477,0.02899459401349327,0.011684849682072812
pair_173_184,9,3.5342917352885173,40,steady,new_weak,93574,1,0,0.0,0.2315022368610044,0.20108109230885526,0.19941086886645665
pair_173_184,9,3.5342917352885173,40,steady,new_strong,93574,1,0,0.0,0.7028904556034876,0.6962335285694763,0.6958162935504155
pair_173_184,9,3.5342917352885173,40,steady,same_pitch,93574,1,0,0.0,0.6243922056560431,0.6932221182721862,0.6959541659421068
pair_173_184,9,3.5342917352885173,40,steady,two_notes,93574,2,0,0.0,1.1597404021051738,1.1596579174803212,1.1598861736313986
pair_173_184,9,3.5342917352885173,40,decaying,none,93574,0,0,0.0,0.10749661986859263,0.026490494507581633,0.011308262408943972
pair_173_184,10,3.9269908169872414,40,steady,none,93680,0,2,1.3479450899467338e-05,0.1435229952241188,0.02533970163608188,0.011911829210242936
pair_173_184,10,3.9269908169872414,40,steady,new_weak,93680,1,2,1.8160744730266742e-05,0.2194468658759993,0.17270426548174175,0.17145972720884248
pair_173_184,10,3.9269908169872414,40,steady,new_strong,93680,1,2,0.00011776010796893388,0.6115776430430137,0.599802896857202,0.5995956125285486
pair_173_184,10,3.9269908169872414,40,steady,same_pitch,93680,1,2,3.6280558560974896e-05,0.5254440215014784,0.5948191139394422,0.601530447027406
pair_173_184,10,3.9269908169872414,40,steady,two_notes,93680,2,2,0.000236492560361512,1.0100976617071582,0.999476433563583,1.000109841741498
pair_173_184,10,3.9269908169872414,40,decaying,none,93680,0,1,1.3133458196534775e-05,0.12295630838143091,0.023027947589307315,0.011440906532782477
pair_173_184,11,4.319689898685965,40,steady,none,93786,0,1,4.0345435991184786e-05,0.08623113794857014,0.0266534919916697,0.011581497463895548
pair_173_184,11,4.319689898685965,40,steady,new_weak,93786,1,1,0.010321082547307014,0.17323525460954822,0.15521405989011902,0.15343714730426997
pair_173_184,11,4.319689898685965,40,steady,new_strong,93786,1,1,0.11248630285263062,0.5389880976631382,0.5353550216086153,0.5349075913155612
pair_173_184,11,4.319689898685965,40,steady,same_pitch,93786,1,1,0.0019991251174360514,0.4865156767862211,0.5329363598725514,0.535086061712561
pair_173_184,11,4.319689898685965,40,steady,two_notes,93786,2,1,0.11291354894638062,0.8912292662794635,0.8904223020985546,0.8918223608546315
pair_173_184,11,4.319689898685965,40,decaying,none,93786,0,1,3.495995406410657e-05,0.07322707362117925,0.02400873739585886,0.011231117569805198
pair_173_184,12,4.71238898038469,40,steady,none,93892,0,0,0.0,0.10294950855820949,0.02753832815846201,0.012407064937402713
pair_173_184,12,4.71238898038469,40,steady,new_weak,93892,1,0,0.0,0.17096171451433528,0.14267970488440673,0.14082066385627626
pair_173_184,12,4.71238898038469,40,steady,new_strong,93892,1,0,0.0,0.4985856448837646,0.49207907499745196,0.4917400134357625
pair_173_184,12,4.71238898038469,40,steady,same_pitch,93892,1,0,0.0,0.47365307060247924,0.4908847529940402,0.49202944402095905
pair_173_184,12,4.71238898038469,40,steady,two_notes,93892,2,0,0.0,0.8470811524833257,0.8211315628759318,0.8194288861534996
pair_173_184,12,4.71238898038469,40,decaying,none,93892,0,0,0.0,0.08872152495813716,0.025081052347355526,0.011941099197883009
pair_173_184,12,4.71238898038469,40,vibrato,none,93892,0,0,0.0,0.16028593828880983,0.09821153620567236,0.09326258250172864
pair_173_184,12,4.71238898038469,40,glide,none,93892,0,0,0.0,0.2598142969558201,0.5242842057341931,0.6555939517020691
pair_173_184,12,4.71238898038469,40,steady,noise_burst,93892,0,0,0.0,0.7720049761041599,0.7654531355947346,0.7640554684832496
pair_173_184,13,5.105088062083414,40,steady,none,94001,0,0,0.0,0.12954473313613096,0.02610440766036515,0.01145636577264267
pair_173_184,13,5.105088062083414,40,steady,new_weak,94001,1,0,0.0,0.18262987481033938,0.1359493232296403,0.1341570565506023
pair_173_184,13,5.105088062083414,40,steady,new_strong,94001,1,0,0.0,0.4810030865239849,0.4685775059127783,0.46823711855302924
pair_173_184,13,5.105088062083414,40,steady,same_pitch,94001,1,0,0.0,0.41432128382806743,0.4651866277707013,0.46892565313064855
pair_173_184,13,5.105088062083414,40,steady,two_notes,94001,2,0,0.0,0.7998358342696957,0.780725986549174,0.780810969875309
pair_173_184,13,5.105088062083414,40,decaying,none,94001,0,0,0.0,0.10858996840857733,0.0233474623406587,0.011121266223555564
pair_173_184,14,5.497787143782138,40,steady,none,94107,0,4,0.0,0.09912603861967897,0.030300643648588258,0.011929896866421099
pair_173_184,14,5.497787143782138,40,steady,new_weak,94107,1,4,0.0,0.16142226762739947,0.13416038704907726,0.1315264688225406
pair_173_184,14,5.497787143782138,40,steady,new_strong,94107,1,4,0.10859759896993637,0.4659725773029038,0.459561271621841,0.45900630454673746
pair_173_184,14,5.497787143782138,40,steady,same_pitch,94107,1,4,0.43574604392051697,0.44226243295476303,0.4579945221919887,0.46005846349998897
pair_173_184,14,5.497787143782138,40,steady,two_notes,94107,2,4,0.9093788266181946,0.7914746105989502,0.7667017976779729,0.7652706373134905
pair_173_184,14,5.497787143782138,40,decaying,none,94107,0,19,0.0,0.0836275980822384,0.027244234928218782,0.01150643024880896
pair_173_184,15,5.890486225480862,40,steady,none,94213,0,23,0.0,0.11587099071489597,0.03189274225708065,0.011868918421336692
pair_173_184,15,5.890486225480862,40,steady,new_weak,94213,1,23,0.04653157666325569,0.17363218081576542,0.13566526415638772,0.13279842745145
pair_173_184,15,5.890486225480862,40,steady,new_strong,94213,1,23,0.5432895421981812,0.4750336847266782,0.46430443048798836,0.46376238333605735
pair_173_184,15,5.890486225480862,40,steady,same_pitch,94213,1,23,0.6349825859069824,0.4798348106307442,0.4623844565538805,0.46349947329468977
pair_173_184,15,5.890486225480862,40,steady,two_notes,94213,2,23,1.3249927759170532,0.8144877197781303,0.7771260402790825,0.7732936314592543
pair_173_184,15,5.890486225480862,40,decaying,none,94213,0,27,0.0,0.09870133232544148,0.02752064720049213,0.011460080866186932
inharmonic_137,0,0.0,40,steady,none,92719,0,1,1.5179107322182972e-05,0.0974183128553157,0.09755056671671708,0.030328853763487897
inharmonic_137,0,0.0,40,steady,new_weak,92719,1,1,1.5179107322182972e-05,0.1770433862236724,0.17709826324722694,0.1524138038907263
inharmonic_137,0,0.0,40,steady,new_strong,92719,1,1,1.5179107322182972e-05,0.5313685918457508,0.5313719382649092,0.5247651142173427
inharmonic_137,0,0.0,40,steady,same_pitch,92719,1,1,1.5179107322182972e-05,0.5265655904589363,0.5263205083612008,0.5156243663200698
inharmonic_137,0,0.0,40,steady,two_notes,92719,2,1,1.5179107322182972e-05,0.8788697634604106,0.8788163654579242,0.874991352909331
inharmonic_137,0,0.0,40,decaying,none,92719,0,3,0.001614374341443181,0.0690272608531887,0.07358210700683042,0.02939715510855554
inharmonic_137,0,0.0,40,vibrato,none,92719,0,1,1.6401143511757255e-05,0.1431492576881115,0.09572674312734197,0.10061790200246776
inharmonic_137,0,0.0,40,glide,none,92719,0,1,1.611049628991168e-05,0.28758977889548865,0.7725984709805646,0.27616174427719486
inharmonic_137,0,0.0,40,steady,noise_burst,92719,0,1,0.054595042020082474,0.7723919210903907,0.7722996457241837,0.770860251702869
inharmonic_137,1,0.39269908169872414,40,steady,none,92828,0,1,0.0006152073619887233,0.09661455190770424,0.09666543531066857,0.029317780124548273
inharmonic_137,1,0.39269908169872414,40,steady,new_weak,92828,1,1,0.007239853031933308,0.174718816824077,0.17465686618384776,0.15147223947942698
inharmonic_137,1,0.39269908169872414,40,steady,new_strong,92828,1,1,0.05625871196389198,0.526425261389931,0.5263299485899378,0.5213163767946026
inharmonic_137,1,0.39269908169872414,40,steady,same_pitch,92828,1,1,0.0006199757335707545,0.5251296001606985,0.5248757404589232,0.5104132458805732
inharmonic_137,1,0.39269908169872414,40,steady,two_notes,92828,2,1,0.05616715922951698,0.8712002610230026,0.8710838306620748,0.8690698390422992
inharmonic_137,1,0.39269908169872414,40,decaying,none,92828,0,2,0.0016773079987615347,0.06871672580098422,0.07387581605313057,0.02910743138759732
inharmonic_137,2,0.7853981633974483,40,steady,none,92934,0,1,0.000639057660009712,0.09695252841193602,0.09705429296873232,0.028895647967645953
inharmonic_137,2,0.7853981633974483,40,steady,new_weak,92934,1,1,0.009188251569867134,0.17386080047914726,0.1737667454977822,0.1511254827952054
inharmonic_137,2,0.7853981633974483,40,steady,new_strong,92934,1,1,0.06566865742206573,0.5242567771535215,0.5241005385353922,0.5199970403236146
inharmonic_137,2,0.7853981633974483,40,steady,same_pitch,92934,1,1,0.000639057660009712,0.5240968783298514,0.5253158550004683,0.5095763408797536
inharmonic_137,2,0.7853981633974483,40,steady,two_notes,92934,2,1,0.06566865742206573,0.8677779271539694,0.867493870240688,0.8667707041002338
inharmonic_137,2,0.7853981633974483,40,decaying,none,92934,0,2,0.00161552254576236,0.06881020713433891,0.07436071985914594,0.028229090566659006
inharmonic_137,3,1.1780972450961724,40,steady,none,93040,0,0,0.0,0.09753579930741493,0.09747788170546272,0.029657317098927563
inharmonic_137,3,1.1780972450961724,40,steady,new_weak,93040,1,0,0.0,0.17481350296406345,0.17472145074741266,0.15236981512908787
inharmonic_137,3,1.1780972450961724,40,steady,new_strong,93040,1,0,0.0,0.526077125856135,0.5259969249177617,0.5221495293317828
inharmonic_137,3,1.1780972450961724,40,steady,same_pitch,93040,1,0,0.0,0.5281856645277491,0.5275217911795386,0.5114607010365545
inharmonic_137,3,1.1780972450961724,40,steady,two_notes,93040,2,0,0.0,0.8696689098828649,0.8695414407814809,0.8693568770095563
inharmonic_137,3,1.1780972450961724,40,decaying,none,93040,0,3,0.0019459982868283987,0.06923985294073817,0.07508971462075033,0.02955139409967466
inharmonic_137,4,1.5707963267948966,40,steady,none,93146,0,1,0.0010833872947841883,0.09763538710033251,0.09735676130354765,0.029377623817040177
inharmonic_137,4,1.5707963267948966,40,steady,new_weak,93146,1,1,0.012307384982705116,0.1759681207860321,0.1756675443394467,0.15337381042287535
inharmonic_137,4,1.5707963267948966,40,steady,new_strong,93146,1,1,0.08437096327543259,0.5300903584103418,0.5298694988213953,0.5259519550779185
inharmonic_137,4,1.5707963267948966,40,steady,same_pitch,93146,1,1,0.0010833872947841883,0.5293273021484637,0.5297733521139653,0.5142252736095164
inharmonic_137,4,1.5707963267948966,40,steady,two_notes,93146,2,1,0.08430992811918259,0.8764134622445969,0.8759069772161789,0.8762046198416626
inharmonic_137,4,1.5707963267948966,40,decaying,none,93146,0,1,0.003103559138253331,0.06909175182832772,0.07457179835869547,0.02986237606148462
inharmonic_137,4,1.5707963267948966,40,vibrato,none,93146,0,0,0.0,0.17136471429187797,0.21768235272669773,0.08932504768011097
inharmonic_137,4,1.5707963267948966,40,glide,none,93146,0,1,0.0011557902907952666,0.2848403949142472,0.6950492797310508,0.2568023175976029
inharmonic_137,4,1.5707963267948966,40,steady,noise_burst,93146,0,1,0.059021223336458206,0.7993509277342179,0.7997654232515596,0.7959318865565526
inharmonic_137,5,1.9634954084936207,40,steady,none,93255,0,1,0.0009272248134948313,0.09935065502212391,0.09947163941932104,0.029598425634366352
inharmonic_137,5,1.9634954084936207,40,steady,new_weak,93255,1,1,0.010629290714859962,0.17899031518629674,0.17889078019350038,0.15488600418240447
inharmonic_137,5,1.9634954084936207,40,steady,new_strong,93255,1,1,0.07369386404752731,0.5368232934463916,0.536651131035556,0.5315053694197851
inharmonic_137,5,1.9634954084936207,40,steady,same_pitch,93255,1,1,0.0009348542080260813,0.5345348421943403,0.534289344617877,0.5194904762167184
inharmonic_137,5,1.9634954084936207,40,steady,two_notes,93255,2,1,0.07381593436002731,0.885984951606378,0.8858556151850662,0.8853722299759247
inharmonic_137,5,1.9634954084936207,40,decaying,none,93255,0,2,0.002416599076241255,0.07035707302053346,0.07602504603958521,0.029353765767906752
inharmonic_137,6,2.356194490192345,40,steady,none,93361,0,0,0.0,0.09962845280616417,0.09959326433114844,0.027451966062617218
inharmonic_137,6,2.356194490192345,40,steady,new_weak,93361,1,0,0.0,0.18127086107098417,0.18131199798796271,0.15582278763068225
inharmonic_137,6,2.356194490192345,40,steady,new_strong,93361,1,0,0.0,0.5423422984952271,0.5424065807846771,0.5357624199505057
inharmonic_137,6,2.356194490192345,40,steady,same_pitch,93361,1,0,0.0,0.5349382675192265,0.5354955629584309,0.523350669141883
inharmonic_137,6,2.356194490192345,40,steady,two_notes,93361,2,0,0.0,0.8945748867485587,0.8942810117874328,0.8925073715988044
inharmonic_137,6,2.356194490192345,40,decaying,none,93361,0,2,0.002616772660985589,0.07098456674425477,0.07613239657141554,0.028126057031534587
inharmonic_137,7,2.748893571891069,40,steady,none,93467,0,0,0.0,0.10114014756957948,0.10118757980798962,0.029777501089015886
inharmonic_137,7,2.748893571891069,40,steady,new_weak,93467,1,0,0.0,0.1843824826007078,0.184333927136434,0.1570007252944284
inharmonic_137,7,2.748893571891069,40,steady,new_strong,93467,1,0,0.0,0.5466586223930161,0.5465793593855808,0.5380291553009695
inharmonic_137,7,2.748893571891069,40,steady,same_pitch,93467,1,0,0.0,0.5351021278550894,0.535630168168243,0.5261246061804404
inharmonic_137,7,2.748893571891069,40,steady,two_notes,93467,2,0,0.0,0.8996699773017266,0.8995290057071392,0.8959062616684188
inharmonic_137,7,2.748893571891069,40,decaying,none,93467,0,2,0.002502473769709468,0.07214309869221039,0.07702667033040986,0.029020764102789667
inharmonic_137,8,3.141592653589793,40,steady,none,93573,0,0,0.0,0.10052285216845716,0.10060202469870698,0.0291966439672255
inharmonic_137,8,3.141592653589793,40,steady,new_weak,93573,1,0,0.0,0.1846524419473227,0.18473292702090346,0.15584320420616138
inharmonic_137,8,3.141592653589793,40,steady,new_strong,93573,1,0,0.0,0.5466202073167213,0.5466789708122962,0.5362757497470121
inharmonic_137,8,3.141592653589793,40,steady,same_pitch,93573,1,0,0.0,0.5306967036995209,0.5312559313396675,0.5241278473368349
inharmonic_137,8,3.141592653589793,40,steady,two_notes,93573,2,0,0.0,0.8991739470062515,0.8991165335972169,0.8937273009698656
inharmonic_137,8,3.141592653589793,40,decaying,none,93573,0,4,0.24787060916423798,0.07162972670970831,0.07638950003628993,0.027523844292388806
inharmonic_137,8,3.141592653589793,40,vibrato,none,93573,0,1,1.1850172995764297e-05,0.16437261338520542,0.12220299103825655,0.08830886206858907
inharmonic_137,8,3.141592653589793,40,glide,none,93573,0,1,0.326190710067749,0.3209093926973977,0.7624773159109671,0.26761847837419234
inharmonic_137,8,3.141592653589793,40,steady,noise_burst,93573,0,0,0.0,0.8517354961106732,0.8517506788335834,0.8475967804695077
inharmonic_137,9,3.5342917352885173,40,steady,none,93682,0,4,0.18331517279148102,0.10002949927290104,0.09987396340484311,0.02883057585576874
inharmonic_137,9,3.5342917352885173,40,steady,new_weak,93682,1,4,0.41198280453681946,0.1848964823751301,0.1849832845263507,0.1550782842008004
inharmonic_137,9,3.5342917352885173,40,steady,new_strong,93682,1,4,0.9979203343391418,0.5458586187830212,0.5460327227918795,0.5342446590119333
inharmonic_137,9,3.5342917352885173,40,steady,same_pitch,93682,1,4,0.7059281468391418,0.5262586948193223,0.5261224130155423,0.5211519403349024
inharmonic_137,9,3.5342917352885173,40,steady,two_notes,93682,2,4,1.50943124294281,0.8975047646473062,0.8976677498393715,0.8904912455520444
inharmonic_137,9,3.5342917352885173,40,decaying,none,93682,0,6,0.1536259651184082,0.07080687000034289,0.07549077420495148,0.025901276889185074
inharmonic_137,10,3.9269908169872414,40,steady,none,93788,0,1,0.0006115297437645495,0.10003825042140198,0.10004853676328195,0.027460662291123962
inharmonic_137,10,3.9269908169872414,40,steady,new_weak,93788,1,1,0.008982396684587002,0.18483368973973546,0.1850414436652858,0.1537888940688846
inharmonic_137,10,3.9269908169872414,40,steady,new_strong,93788,1,1,0.06350205093622208,0.5445323955149373,0.544774572556638,0.5318418913982534
inharmonic_137,10,3.9269908169872414,40,steady,same_pitch,93788,1,1,0.0006735185743309557,0.5227911916430638,0.5221850202617021,0.5199278675442808
inharmonic_137,10,3.9269908169872414,40,steady,two_notes,93788,2,1,0.06344101577997208,0.8956630671389725,0.8958348393800987,0.88730713889672
inharmonic_137,10,3.9269908169872414,40,decaying,none,93788,0,2,0.002663892460986972,0.07085239542723923,0.07609770296125551,0.02744637853502612
inharmonic_137,11,4.319689898685965,40,steady,none,93894,0,1,0.0007536222110502422,0.09956206138157245,0.09911666648061626,0.030264904745346967
inharmonic_137,11,4.319689898685965,40,steady,new_weak,93894,1,1,0.009368354454636574,0.1853189014320598,0.18511341885810165,0.1547003466034548
inharmonic_137,11,4.319689898685965,40,steady,new_strong,93894,1,1,0.06692450493574142,0.5451540185829612,0.5451125749280152,0.5322089443602307
inharmonic_137,11,4.319689898685965,40,steady,same_pitch,93894,1,1,0.0008547116885893047,0.5199012135701969,0.5208107307588787,0.5193530625092477
inharmonic_137,11,4.319689898685965,40,steady,two_notes,93894,2,1,0.06686346977949142,0.8969129952834596,0.8967199122350938,0.8878691957540222
inharmonic_137,11,4.319689898685965,40,decaying,none,93894,0,2,0.0028999028727412224,0.07030272133799076,0.07557417342451174,0.029671831283319336
inharmonic_137,12,4.71238898038469,40,steady,none,94000,0,2,0.0004578770895022899,0.09928800129838587,0.09919142412473585,0.028876981281178955
inharmonic_137,12,4.71238898038469,40,steady,new_weak,94000,1,2,0.010395773686468601,0.18439130686833394,0.18451023877269715,0.15409944219150193
inharmonic_137,12,4.71238898038469,40,steady,new_strong,94000,1,2,0.08050990849733353,0.5445039853059594,0.5446889672019866,0.5321257850463412
inharmonic_137,12,4.71238898038469,40,steady,same_pitch,94000,1,2,0.0005830649752169847,0.5222106916956827,0.5225812811233348,0.5200899345036071
inharmonic_137,12,4.71238898038469,40,steady,two_notes,94000,2,2,0.08032680302858353,0.8968006457905625,0.8968693000365926,0.8877965130853048
inharmonic_137,12,4.71238898038469,40,decaying,none,94000,0,3,0.0029055369086563587,0.06986697097779937,0.0752341623222434,0.0289180409933567
inharmonic_137,12,4.71238898038469,40,vibrato,none,94000,0,2,0.0006088325171731412,0.09981170568571,0.19151151144631862,0.07549160939148958
inharmonic_137,12,4.71238898038469,40,glide,none,94000,0,1,6.672441031696508e-06,0.3202814150010781,0.8543569127968521,0.29710243206281045
inharmonic_137,12,4.71238898038469,40,steady,noise_burst,94000,0,2,0.07508660107851028,0.8100454180389266,0.8100081564005072,0.8051887022810476
inharmonic_137,13,5.105088062083414,40,steady,none,94109,0,0,0.0,0.10028729117760969,0.10037970069483212,0.029954986815704594
inharmonic_137,13,5.105088062083414,40,steady,new_weak,94109,1,0,0.0,0.18460164975248114,0.1847880173209534,0.15476714716604212
inharmonic_137,13,5.105088062083414,40,steady,new_strong,94109,1,0,0.0,0.544567943035085,0.5447465774426028,0.5329331062565597
inharmonic_137,13,5.105088062083414,40,steady,same_pitch,94109,1,0,0.0,0.5225021093992264,0.5246723618872794,0.519913594815073
inharmonic_137,13,5.105088062083414,40,steady,two_notes,94109,2,0,0.0,0.8975702308439656,0.8976611572540002,0.8892088597505282
inharmonic_137,13,5.105088062083414,40,decaying,none,94109,0,2,0.00315387942828238,0.07083349839587817,0.07641866753581918,0.02937097626202671
inharmonic_137,14,5.497787143782138,40,steady,none,94215,0,1,0.0015196435851976275,0.09832449185316747,0.09849212444165073,0.02946592921980194
inharmonic_137,14,5.497787143782138,40,steady,new_weak,94215,1,1,0.0137556791305542,0.18155327013844846,0.18175997356880863,0.1534787269565181
inharmonic_137,14,5.497787143782138,40,steady,new_strong,94215,1,1,0.10534773021936417,0.5414102603187544,0.5415768007582563,0.531227997228285
inharmonic_137,14,5.497787143782138,40,steady,same_pitch,94215,1,1,0.001677953521721065,0.5286321776141769,0.5275649101314569,0.5224351080992401
inharmonic_137,14,5.497787143782138,40,steady,two_notes,94215,2,1,0.10516462475061417,0.8939441323776345,0.8941026556996917,0.8867475440055816
inharmonic_137,14,5.497787143782138,40,decaying,none,94215,0,2,0.004032089840620756,0.06954196595127622,0.07425875822337209,0.030289969539083965
inharmonic_137,15,5.890486225480862,40,steady,none,94321,0,1,0.001183199929073453,0.09887552025987364,0.09920627952982652,0.03035945775464684
inharmonic_137,15,5.890486225480862,40,steady,new_weak,94321,1,1,0.010666671209037304,0.17979112540083161,0.18008232366535729,0.15322392768879126
inharmonic_137,15,5.890486225480862,40,steady,new_strong,94321,1,1,0.0814913734793663,0.5368647316445235,0.5370537472530353,0.5285782355452753
inharmonic_137,15,5.890486225480862,40,steady,same_pitch,94321,1,1,0.001206088112667203,0.5266819736072491,0.527338655572071,0.5184303269461799
inharmonic_137,15,5.890486225480862,40,steady,two_notes,94321,2,1,0.0813693031668663,0.8873384858335133,0.8875319192060837,0.8818346815389944
inharmonic_137,15,5.890486225480862,40,decaying,none,94321,0,2,0.0029846879187971354,0.07022255791569167,0.07547158405372173,0.029561637228298156
single_220,0,0.0,20,steady,none,92827,0,0,0.0,0.10881754769454673,0.10697681724124404,0.1037368000443464
single_220,0,0.0,20,steady,new_weak,92827,1,0,0.0,0.21860905375801265,0.2174948845934451,0.21557921134211272
single_220,0,0.0,20,steady,new_strong,92827,1,0,0.0,0.6680362828803016,0.6675064762318141,0.6666093200454074
single_220,0,0.0,20,steady,same_pitch,92827,1,0,0.0,0.6588325336468683,0.6574785024626119,0.6585905694637183
single_220,0,0.0,20,steady,two_notes,92827,2,0,0.0,1.10151096706512,1.1019748883817266,1.1015200739838091
single_220,0,0.0,20,decaying,none,92827,0,30,0.16716596484184265,0.1075238548055208,0.10595928183487655,0.10285971346886087
single_220,0,0.0,20,vibrato,none,92827,0,1,0.01692882366478443,0.15448064664817332,0.12458748591821611,0.15293817880442256
single_220,0,0.0,20,glide,none,92827,0,14,0.20880359411239624,0.36574234685853185,0.7715566222839305,0.7547967402343849
single_220,0,0.0,20,steady,noise_burst,92827,0,0,0.0,1.019582478488305,1.0195514268327577,1.019038841936165
single_220,1,0.39269908169872414,20,steady,none,92936,0,0,0.0,0.11129492744328448,0.1078308937329187,0.10264326847797851
single_220,1,0.39269908169872414,20,steady,new_weak,92936,1,0,0.0,0.2146977284811064,0.2137426680536198,0.2112371569239422
single_220,1,0.39269908169872414,20,steady,new_strong,92936,1,0,0.0,0.6598699960468972,0.66022261934858,0.6594670488477531
single_220,1,0.39269908169872414,20,steady,same_pitch,92936,1,0,0.0,0.677992658956031,0.6639077387368455,0.6594021906363698
single_220,1,0.39269908169872414,20,steady,two_notes,92936,2,0,0.0,1.0945802150352177,1.0955712079434037,1.0953206943108622
single_220,1,0.39269908169872414,20,decaying,none,92936,0,30,0.12224340438842773,0.1097214657699176,0.10687068426681076,0.10195298890976896
single_220,2,0.7853981633974483,20,steady,none,93042,0,0,0.0,0.1083746022929509,0.10779263935047662,0.10350808813841601
single_220,2,0.7853981633974483,20,steady,new_weak,93042,1,0,0.0,0.2156776820835944,0.21559810902105173,0.21294725513907387
single_220,2,0.7853981633974483,20,steady,new_strong,93042,1,0,0.0,0.6631561727980069,0.6633027212308543,0.6620104098193363
single_220,2,0.7853981633974483,20,steady,same_pitch,93042,1,0,0.0,0.6617304387316828,0.6601107033039947,0.6623773365884755
single_220,2,0.7853981633974483,20,steady,two_notes,93042,2,0,0.0,1.0968706458394,1.0965749740511428,1.0958383469625166
single_220,2,0.7853981633974483,20,decaying,none,93042,0,29,0.11722885817289352,0.10714865655927582,0.10671983328502349,0.10259857535923265
single_220,3,1.1780972450961724,20,steady,none,93148,0,2,0.01632739044725895,0.10615948217182175,0.1059451400515603,0.10003575365387256
single_220,3,1.1780972450961724,20,steady,new_weak,93148,1,2,0.20333285629749298,0.215543925983846,0.21516255055706102,0.21205967769016076
single_220,3,1.1780972450961724,20,steady,new_strong,93148,1,2,0.9035281538963318,0.6651816665821723,0.6648348620660531,0.6636330226183191
single_220,3,1.1780972450961724,20,steady,same_pitch,93148,1,2,0.42876049876213074,0.6546845392812894,0.6589037121552241,0.6620020382079267
single_220,3,1.1780972450961724,20,steady,two_notes,93148,2,2,1.7228641510009766,1.098777387995751,1.0985237928660367,1.0978271657809768
single_220,3,1.1780972450961724,20,decaying,none,93148,0,30,0.18256306648254395,0.1049512330930997,0.10476929452392723,0.09930128922300488
single_220,4,1.5707963267948966,20,steady,none,93254,0,0,0.0,0.11005500726348656,0.10695866121863387,0.10405576852502338
single_220,4,1.5707963267948966,20,steady,new_weak,93254,1,0,0.0,0.21041086044568658,0.20952289485633663,0.20799088019335044
single_220,4,1.5707963267948966,20,steady,new_strong,93254,1,0,0.0,0.6566908757401129,0.656976161214801,0.6564376030076162
single_220,4,1.5707963267948966,20,steady,same_pitch,93254,1,0,0.0,0.6731196979029286,0.6597477543981043,0.6612729641869806
single_220,4,1.5707963267948966,20,steady,two_notes,93254,2,0,0.0,1.0899226039961811,1.0913670470729053,1.0910173194482986
single_220,4,1.5707963267948966,20,decaying,none,93254,0,29,0.1696188896894455,0.10864921913136884,0.10598733761921723,0.10341608191393024
single_220,4,1.5707963267948966,20,vibrato,none,93254,0,0,0.0,0.1234416783094361,0.21443484240914476,0.2446110050095042
single_220,4,1.5707963267948966,20,glide,none,93254,0,12,0.1715496927499771,0.3731559967363663,0.8084790637156396,0.7678673539351706
single_220,4,1.5707963267948966,20,steady,noise_burst,93254,0,0,0.0,0.9917193531493892,0.9917301429488142,0.9912453916985287
single_220,5,1.9634954084936207,20,steady,none,93363,0,0,0.0,0.10986010622544616,0.10857655089401633,0.10367948255613922
single_220,5,1.9634954084936207,20,steady,new_weak,93363,1,0,0.0,0.21913919060827614,0.21898385620702532,0.21650496928097723
single_220,5,1.9634954084936207,20,steady,new_strong,93363,1,0,0.0,0.6675436994672165,0.6678902118123191,0.6670064238740734
single_220,5,1.9634954084936207,20,steady,same_pitch,93363,1,0,0.0,0.6660667704873897,0.65763152733606,0.6569573451722026
single_220,5,1.9634954084936207,20,steady,two_notes,93363,2,0,0.0,1.1011876496709618,1.101457827916533,1.1006621742559437
single_220,5,1.9634954084936207,20,decaying,none,93363,0,29,0.15544350445270538,0.10858448523097364,0.10752193104518853,0.10288831619518235
single_220,6,2.356194490192345,20,steady,none,93469,0,2,0.023333542048931122,0.10818580338788492,0.10621647128726429,0.10471447797966783
single_220,6,2.356194490192345,20,steady,new_weak,93469,1,2,0.20925265550613403,0.21475356820650682,0.21385790135609972,0.2128661262104724
single_220,6,2.356194490192345,20,steady,new_strong,93469,1,2,0.8808586597442627,0.6613430134019469,0.6611251990726245,0.6606037552008892
single_220,6,2.356194490192345,20,steady,same_pitch,93469,1,2,0.4663034677505493,0.6670056728182086,0.6619642068705334,0.6636593041554272
single_220,6,2.356194490192345,20,steady,two_notes,93469,2,2,1.6962883472442627,1.094275543127278,1.0950269992738995,1.0945891271209283
single_220,6,2.356194490192345,20,decaying,none,93469,0,30,0.14578168094158173,0.10701685941859129,0.10545933854079356,0.1039068918803104
single_220,7,2.748893571891069,20,steady,none,93575,0,11,0.07607400417327881,0.1126946821029689,0.11047299138330857,0.10724147124463573
single_220,7,2.748893571891069,20,steady,new_weak,93575,1,11,0.3248521387577057,0.22073016653748068,0.21917713723860674,0.21681099150906175
single_220,7,2.748893571891069,20,steady,new_strong,93575,1,11,0.9328754544258118,0.6682186176497465,0.6673563392012112,0.6659675028131363
single_220,7,2.748893571891069,20,steady,same_pitch,93575,1,11,0.030673569068312645,0.6452427582850403,0.6513710405931662,0.6567399614136303
single_220,7,2.748893571891069,20,steady,two_notes,93575,2,11,1.6873779296875,1.1013799918709544,1.100801902594981,1.0993583700103007
single_220,7,2.748893571891069,20,decaying,none,93575,0,29,0.1619414985179901,0.11133760388441073,0.1092147493881648,0.10633367593207668
single_220,8,3.141592653589793,20,steady,none,93681,0,24,0.21082235872745514,0.11026374115896129,0.10813194335052563,0.10539933364878219
single_220,8,3.141592653589793,20,steady,new_weak,93681,1,24,0.3130188286304474,0.21619165235808602,0.21460075141297047,0.21237549500094374
single_220,8,3.141592653589793,20,steady,new_strong,93681,1,24,0.9907532334327698,0.6662364403768044,0.6653091122583352,0.6639047358460426
single_220,8,3.141592653589793,20,steady,same_pitch,93681,1,24,0.03957221657037735,0.6424304762509376,0.6520852491480611,0.6585319856769213
single_220,8,3.141592653589793,20,steady,two_notes,93681,2,24,1.759636640548706,1.1030594363169524,1.10181624027829,1.100396119696528
single_220,8,3.141592653589793,20,decaying,none,93681,0,28,0.1829313337802887,0.10893546887787767,0.10691604638040307,0.10456523723559093
single_220,8,3.141592653589793,20,vibrato,none,93681,0,24,0.2136499583721161,0.16248163795011564,0.1269044872380743,0.15172271480357907
single_220,8,3.141592653589793,20,glide,none,93681,0,21,0.2502576410770416,0.3350322683756325,0.7630704361242948,0.7397182748994707
single_220,8,3.141592653589793,20,steady,noise_burst,93681,0,24,0.2341957986354828,1.0199446942752393,1.0203155722889112,1.020693294483344
single_220,9,3.5342917352885173,20,steady,none,93790,0,0,0.0,0.10966668858980937,0.10841364865014437,0.10449988724116663
single_220,9,3.5342917352885173,20,steady,new_weak,93790,1,0,0.0,0.21549794693314883,0.21529316591358724,0.21347566783075814
single_220,9,3.5342917352885173,20,steady,new_strong,93790,1,0,0.0,0.6615673063413902,0.6618502073152853,0.6613633086811924
single_220,9,3.5342917352885173,20,steady,same_pitch,93790,1,0,0.0,0.6714508238697414,0.6649069972032232,0.6618345004819914
single_220,9,3.5342917352885173,20,steady,two_notes,93790,2,0,0.0,1.0942340792947882,1.0946898740980804,1.094725534319537
single_220,9,3.5342917352885173,20,decaying,none,93790,0,30,0.13893835246562958,0.10859353883494512,0.10746668522247453,0.10385305145046984
single_220,10,3.9269908169872414,20,steady,none,93896,0,0,0.0,0.11210196602242546,0.10713895169998086,0.10400152991978558
single_220,10,3.9269908169872414,20,steady,new_weak,93896,1,0,0.0,0.21466831467189657,0.21350272453450111,0.21200408651042163
single_220,10,3.9269908169872414,20,steady,new_strong,93896,1,0,0.0,0.6637508341601467,0.6644837525193328,0.6640503496381717
single_220,10,3.9269908169872414,20,steady,same_pitch,93896,1,0,0.0,0.6871242237499072,0.6638511797926978,0.6589259097182857
single_220,10,3.9269908169872414,20,steady,two_notes,93896,2,0,0.0,1.0999892063304664,1.1014066653753236,1.1012231528724992
single_220,10,3.9269908169872414,20,decaying,none,93896,0,30,0.1938665509223938,0.11024803983164211,0.10640216122189018,0.10336767562010281
single_220,11,4.319689898685965,20,steady,none,94002,0,17,0.2333424687385559,0.1074927703433948,0.10698684949970214,0.10233387903036681
single_220,11,4.319689898685965,20,steady,new_weak,94002,1,17,0.3171099126338959,0.2173404705440221,0.21686556333293117,0.21441324297812847
single_220,11,4.319689898685965,20,steady,new_strong,94002,1,17,1.0438392162322998,0.6649796844282291,0.6646409019091937,0.6636872139720514
single_220,11,4.319689898685965,20,steady,same_pitch,94002,1,17,0.419447124004364,0.6505147418971408,0.6544363193442985,0.6572898555337621
single_220,11,4.319689898685965,20,steady,two_notes,94002,2,17,1.8514564037322998,1.0989977509530995,1.098089403793158,1.0973511240972709
single_220,11,4.319689898685965,20,decaying,none,94002,0,30,0.20468248426914215,0.10633877729316568,0.10594052802256106,0.10170050692707465
single_220,12,4.71238898038469,20,steady,none,94108,0,25,0.1869310885667801,0.11242516330279942,0.10915566085353046,0.10572022506998831
single_220,12,4.71238898038469,20,steady,new_weak,94108,1,25,0.34311148524284363,0.22034323485053303,0.21808495073569714,0.21608658786661203
single_220,12,4.71238898038469,20,steady,new_strong,94108,1,25,1.0284438133239746,0.6678010425734908,0.6665613596408716,0.6656671943691711
single_220,12,4.71238898038469,20,steady,same_pitch,94108,1,25,0.046688321977853775,0.6416822972546383,0.6504249830087518,0.658242437552852
single_220,12,4.71238898038469,20,steady,two_notes,94108,2,25,1.8116607666015625,1.1013069741518764,1.1003952209804924,1.099511817890641
single_220,12,4.71238898038469,20,decaying,none,94108,0,28,0.15862037241458893,0.11059022194454438,0.10773778779456107,0.10479930178848669
single_220,12,4.71238898038469,20,vibrato,none,94108,0,25,0.20875117182731628,0.14499190249989094,0.22680056612917293,0.26155435740359906
single_220,12,4.71238898038469,20,glide,none,94108,0,23,0.1972263604402542,0.3433092520741345,0.7703837169691589,0.722059642472386
single_220,12,4.71238898038469,20,steady,noise_burst,94108,0,25,0.4266771674156189,1.0141341096141583,1.0129871162643242,1.0109960627227899
single_220,13,5.105088062083414,20,steady,none,94217,0,2,0.002884231274947524,0.1080700973397398,0.10796680078776577,0.10425545968086669
single_220,13,5.105088062083414,20,steady,new_weak,94217,1,2,0.044226113706827164,0.21677800063283958,0.21662118142970313,0.21453961298608215
single_220,13,5.105088062083414,20,steady,new_strong,94217,1,2,0.41329076886177063,0.6668708446281425,0.6667343057308204,0.6658547064355168
single_220,13,5.105088062083414,20,steady,same_pitch,94217,1,2,0.42183569073677063,0.6544362666646861,0.6555043060854612,0.6601910086151586
single_220,13,5.105088062083414,20,steady,two_notes,94217,2,2,1.0543701648712158,1.103658865913022,1.1035106493588522,1.102725860227793
single_220,13,5.105088062083414,20,decaying,none,94217,0,32,0.14810912311077118,0.10682103276175818,0.10666021082575303,0.10333383149549279
single_220,14,5.497787143782138,20,steady,none,94323,0,0,0.0,0.10697620194032649,0.10617182130711528,0.10352654799368434
single_220,14,5.497787143782138,20,steady,new_weak,94323,1,0,0.0,0.2150868943777713,0.21477822164906285,0.21345044417702427
single_220,14,5.497787143782138,20,steady,new_strong,94323,1,0,0.0,0.6635208137837594,0.6634938536883205,0.6630390596858389
single_220,14,5.497787143782138,20,steady,same_pitch,94323,1,0,0.0,0.66630397700066,0.6632110671429193,0.6647700786181356
single_220,14,5.497787143782138,20,steady,two_notes,94323,2,0,0.0,1.0943023472404454,1.0948102904223478,1.0945091080590166
single_220,14,5.497787143782138,20,decaying,none,94323,0,30,0.15601153671741486,0.10596531658153685,0.10533243945441903,0.10276746699959778
single_220,15,5.890486225480862,20,steady,none,94429,0,28,0.232206791639328,0.10970808214236447,0.10614803275412728,0.10208637549943914
single_220,15,5.890486225480862,20,steady,new_weak,94429,1,28,0.32634755969047546,0.21612895185341088,0.2134928063519763,0.210627006181838
single_220,15,5.890486225480862,20,steady,new_strong,94429,1,28,1.0324022769927979,0.664702842861039,0.6631644639611621,0.66154931712126
single_220,15,5.890486225480862,20,steady,same_pitch,94429,1,28,0.25682708621025085,0.635782483428473,0.6504947769415161,0.6569442721752035
single_220,15,5.890486225480862,20,steady,two_notes,94429,2,28,1.8413784503936768,1.1026680310084418,1.100802979358526,1.0992098610050443
single_220,15,5.890486225480862,20,decaying,none,94429,0,30,0.20190858840942383,0.10786379046287214,0.104863400564536,0.10125849810171376
pair_220_233,0,0.0,20,steady,none,92935,0,31,1.0035828351974487,0.6960224501447472,0.49517081855938033,0.11731244175492943
pair_220_233,0,0.0,20,steady,new_weak,92935,1,31,1.1650545597076416,0.7161654962106992,0.5202591714061926,0.18303423946794278
pair_220_233,0,0.0,20,steady,new_strong,92935,1,31,1.5632346868515015,0.8726706132935564,0.7154752492725904,0.510290505324712
pair_220_233,0,0.0,20,steady,same_pitch,92935,1,31,0.3965933322906494,0.5575163743692474,0.4906584190208595,0.5109955200846439
pair_220_233,0,0.0,20,steady,two_notes,92935,2,31,1.7673362493515015,1.1141638287583244,0.9902658924633042,0.8362543359273812
pair_220_233,0,0.0,20,decaying,none,92935,0,31,0.8484172821044922,0.5957174617649992,0.32068060687858746,0.11403007713932536
pair_220_233,0,0.0,20,vibrato,none,92935,0,31,0.9940145015716553,0.7274360830575901,0.49101531274604937,0.28540943663184143
pair_220_233,0,0.0,20,glide,none,92935,0,31,1.037597894668579,0.599586516531392,0.7532838767966572,1.0329422196153066
pair_220_233,0,0.0,20,steady,noise_burst,92935,0,31,0.9455089569091797,1.0316078547661638,0.9108111627925066,0.7796852263931262
pair_220_233,1,0.39269908169872414,20,steady,none,93044,0,31,1.530848741531372,0.742966649470292,0.5028830435960882,0.11223533469968887
pair_220_233,1,0.39269908169872414,20,steady,new_weak,93044,1,31,1.6907689571380615,0.7657501422699062,0.5326563939982092,0.19029705806820812
pair_220_233,1,0.39269908169872414,20,steady,new_strong,93044,1,31,2.066574811935425,0.9382496075226329,0.7541922675837364,0.5506885744916065
pair_220_233,1,0.39269908169872414,20,steady,same_pitch,93044,1,31,0.8558882474899292,0.5319357701790451,0.4477634138072683,0.5434830654828606
pair_220_233,1,0.39269908169872414,20,steady,two_notes,93044,2,31,2.2608683109283447,1.1971466531556179,1.052534899923471,0.9060469421848618
pair_220_233,1,0.39269908169872414,20,decaying,none,93044,0,31,1.2959511280059814,0.6323347789582465,0.3261684034584841,0.1088120946621798
pair_220_233,2,0.7853981633974483,20,steady,none,93150,0,31,1.9845398664474487,0.859091426754859,0.5602701243159788,0.11546085791367497
pair_220_233,2,0.7853981633974483,20,steady,new_weak,93150,1,31,2.1404476165771484,0.8850393857139246,0.5949896557468997,0.21050345515197436
pair_220_233,2,0.7853981633974483,20,steady,new_strong,93150,1,31,2.5054173469543457,1.077534847252597,0.8478991264830702,0.6216172292156447
pair_220_233,2,0.7853981633974483,20,steady,same_pitch,93150,1,31,1.29776132106781,0.579228828295494,0.4751369311834991,0.6004091870892768
pair_220_233,2,0.7853981633974483,20,steady,two_notes,93150,2,31,2.7924811840057373,1.3595396036505512,1.1792786811192533,1.0220631862387213
pair_220_233,2,0.7853981633974483,20,decaying,none,93150,0,31,1.7045056819915771,0.7296071072110828,0.38260203535423254,0.11150399615800329
pair_220_233,3,1.1780972450961724,20,steady,none,93256,0,30,2.3673157691955566,0.9666686093412794,0.4861591889089773,0.1147857296744896
pair_220_233,3,1.1780972450961724,20,steady,new_weak,93256,1,30,2.4819443225860596,0.9960319333825967,0.5335495631600945,0.2303485040042485
pair_220_233,3,1.1780972450961724,20,steady,new_strong,93256,1,30,2.8528528213500977,1.2182043348831713,0.8679572263279235,0.7075561951289792
pair_220_233,3,1.1780972450961724,20,steady,same_pitch,93256,1,30,1.700679063796997,0.6675479103660213,0.5299150781339379,0.6898467592101066
pair_220_233,3,1.1780972450961724,20,steady,two_notes,93256,2,30,3.3065192699432373,1.5358963477453407,1.2726145014951082,1.1702847027641003
pair_220_233,3,1.1780972450961724,20,decaying,none,93256,0,30,2.06881046295166,0.8196296310250191,0.3228313962569465,0.11130968916090099
pair_220_233,4,1.5707963267948966,20,steady,none,93362,0,26,2.7448861598968506,1.2126840733659614,0.43905626747172644,0.1071535953216869
pair_220_233,4,1.5707963267948966,20,steady,new_weak,93362,1,26,2.8327295780181885,1.2433550854539264,0.5025094358274838,0.2531584286870707
pair_220_233,4,1.5707963267948966,20,steady,new_strong,93362,1,26,3.2450661659240723,1.4822606847645388,0.9299037004413039,0.8114488723907431
pair_220_233,4,1.5707963267948966,20,steady,same_pitch,93362,1,26,2.070728063583374,0.9986300671229461,0.6661624652769587,0.8114525439628234
pair_220_233,4,1.5707963267948966,20,steady,two_notes,93362,2,26,3.7626442909240723,1.8146116706895183,1.4146433746828861,1.347174095891652
pair_220_233,4,1.5707963267948966,20,decaying,none,93362,0,26,2.4524805545806885,1.0333795413259137,0.29666861151596535,0.10489994767482831
pair_220_233,4,1.5707963267948966,20,vibrato,none,93362,0,26,2.7559595108032227,1.1668934685172274,0.4233544304392003,0.49654310049089084
pair_220_233,4,1.5707963267948966,20,glide,none,93362,0,26,2.722553014755249,1.366338831423752,1.5734403365189316,1.903812103902507
pair_220_233,4,1.5707963267948966,20,steady,noise_burst,93362,0,26,2.6989965438842773,1.720548716190879,1.2937671706611849,1.223454874733794
pair_220_233,5,1.9634954084936207,20,steady,none,93471,0,10,2.5553457736968994,1.1001178452387863,0.37286450874594407,0.11246242349143316
pair_220_233,5,1.9634954084936207,20,steady,new_weak,93471,1,10,2.610416889190674,1.135218438985764,0.4591797888474005,0.28254875341695224
pair_220_233,5,1.9634954084936207,20,steady,new_strong,93471,1,10,2.960026264190674,1.439008699483614,0.9880599571114215,0.9130552347841963
pair_220_233,5,1.9634954084936207,20,steady,same_pitch,93471,1,10,1.912767767906189,1.2443324927100101,0.8150119546992367,0.9143844789260208
pair_220_233,5,1.9634954084936207,20,steady,two_notes,93471,2,10,3.526432514190674,1.8305694831028536,1.5508674353561187,1.5143605960891062
pair_220_233,5,1.9634954084936207,20,decaying,none,93471,0,11,2.3226428031921387,0.9556967617492206,0.2607048217775024,0.10962386185517167
pair_220_233,6,2.356194490192345,20,steady,none,93577,0,0,0.0,1.3025278748531304,0.4003635112810579,0.11098253112766156
pair_220_233,6,2.356194490192345,20,steady,new_weak,93577,1,0,0.0,1.3286845301662826,0.48368928550070867,0.28985221630725816
pair_220_233,6,2.356194490192345,20,steady,new_strong,93577,1,0,0.0,1.59780533585701,1.016679053411191,0.9374312117973321
pair_220_233,6,2.356194490192345,20,steady,same_pitch,93577,1,0,0.0,1.6529848732839625,0.8925887364737771,0.9290423675093157
pair_220_233,6,2.356194490192345,20,steady,two_notes,93577,2,0,0.0,1.9593101409569942,1.5920319483582992,1.5549136491265345
pair_220_233,6,2.356194490192345,20,decaying,none,93577,0,0,0.0,1.1215942383549584,0.2841435715407372,0.10807130637685883
pair_220_233,7,2.748893571891069,20,steady,none,93683,0,0,0.0,0.9509105357809472,0.28719750811120415,0.1148584060041757
pair_220_233,7,2.748893571891069,20,steady,new_weak,93683,1,0,0.0,0.9690900192517756,0.378966385573794,0.27310539380845683
pair_220_233,7,2.748893571891069,20,steady,new_strong,93683,1,0,0.0,1.2462813133879702,0.907341396161191,0.8688451634431814
pair_220_233,7,2.748893571891069,20,steady,same_pitch,93683,1,0,0.0,1.632198533582305,0.8826770588480455,0.8541740233034157
pair_220_233,7,2.748893571891069,20,steady,two_notes,93683,2,0,0.0,1.682555594572662,1.453952320281737,1.4390338647032506
pair_220_233,7,2.748893571891069,20,decaying,none,93683,0,0,0.0,0.8055552877725488,0.21611661036113816,0.1117857847282081
pair_220_233,8,3.141592653589793,20,steady,none,93789,0,0,0.0,1.3591071765266498,0.26588007442888045,0.1155888817035424
pair_220_233,8,3.141592653589793,20,steady,new_weak,93789,1,0,0.0,1.3632749352951312,0.3353383272196838,0.2391569774288616
pair_220_233,8,3.141592653589793,20,steady,new_strong,93789,1,0,0.0,1.5095461939049533,0.7801899258425308,0.7474154236333306
pair_220_233,8,3.141592653589793,20,steady,same_pitch,93789,1,0,0.0,1.9002929499174326,0.8149742692693175,0.7434037760737969
pair_220_233,8,3.141592653589793,20,steady,two_notes,93789,2,0,0.0,1.8195171193580855,1.254674083860181,1.2391597154137852
pair_220_233,8,3.141592653589793,20,decaying,none,93789,0,0,0.0,1.1591022340748989,0.2211665207028649,0.11247573652988502
pair_220_233,8,3.141592653589793,20,vibrato,none,93789,0,0,0.0,1.278885758884947,0.273265551504901,0.20144889052955395
pair_220_233,8,3.141592653589793,20,glide,none,93789,0,0,0.0,1.3252859557413557,0.9409072956636054,0.6019410855044123
pair_220_233,8,3.141592653589793,20,steady,noise_burst,93789,0,0,0.0,1.761431805782188,1.1484201329498636,1.1411015998002627
pair_220_233,9,3.5342917352885173,20,steady,none,93898,0,0,0.0,1.3797394270071903,0.23602136945860303,0.10967748122016441
pair_220_233,9,3.5342917352885173,20,steady,new_weak,93898,1,0,0.0,1.3827566518098005,0.29291471919015405,0.2119536499033933
pair_220_233,9,3.5342917352885173,20,steady,new_strong,93898,1,0,0.0,1.4918327613204954,0.6736043089743334,0.6479766326183527
pair_220_233,9,3.5342917352885173,20,steady,same_pitch,93898,1,0,0.0,1.7975946609359823,0.7474398326946344,0.6477081235105691
pair_220_233,9,3.5342917352885173,20,steady,two_notes,93898,2,0,0.0,1.7489274178749914,1.090241132428616,1.0724014673225966
pair_220_233,9,3.5342917352885173,20,decaying,none,93898,0,0,0.0,1.1912324759158712,0.20691802918622926,0.1070343271629866
pair_220_233,10,3.9269908169872414,20,steady,none,94004,0,0,0.0,1.1361775073230143,0.2343014990062368,0.11400531817429328
pair_220_233,10,3.9269908169872414,20,steady,new_weak,94004,1,0,0.0,1.1415672853206258,0.2797514034855856,0.19622358895676917
pair_220_233,10,3.9269908169872414,20,steady,new_strong,94004,1,0,0.0,1.2508615840039654,0.6061827088455425,0.5771112526662622
pair_220_233,10,3.9269908169872414,20,steady,same_pitch,94004,1,0,0.0,1.4573698125616865,0.6722902681712658,0.5793544958321103
pair_220_233,10,3.9269908169872414,20,steady,two_notes,94004,2,0,0.0,1.4957406738051116,0.9760348869254779,0.9488633964550701
pair_220_233,10,3.9269908169872414,20,decaying,none,94004,0,0,0.0,0.9821203820244564,0.20548962815133082,0.1107051738615289
pair_220_233,11,4.319689898685965,20,steady,none,94110,0,0,0.0,1.0243191103825702,0.28369523425733123,0.11161942102190937
pair_220_233,11,4.319689898685965,20,steady,new_weak,94110,1,0,0.0,1.0321705371742493,0.31759258648401373,0.1854097199435333
pair_220_233,11,4.319689898685965,20,steady,new_strong,94110,1,0,0.0,1.1390412007524886,0.5860828530092329,0.5299474828820501
pair_220_233,11,4.319689898685965,20,steady,same_pitch,94110,1,0,0.0,1.2428853726711713,0.6457625308263871,0.5274950296582772
pair_220_233,11,4.319689898685965,20,steady,two_notes,94110,2,0,0.0,1.3697772060432762,0.9225529199165267,0.87181584702388
pair_220_233,11,4.319689898685965,20,decaying,none,94110,0,0,0.0,0.8872876112014323,0.21378511148567597,0.10799869825801148
pair_220_233,12,4.71238898038469,20,steady,none,94216,0,0,0.0,0.8718779002110719,0.3444814522803087,0.11176123524027885
pair_220_233,12,4.71238898038469,20,steady,new_weak,94216,1,0,0.0,0.8823820346117773,0.37131037636973735,0.1800096261232859
pair_220_233,12,4.71238898038469,20,steady,new_strong,94216,1,0,0.0,0.9967016824488912,0.5955081361069868,0.5009335553811883
pair_220_233,12,4.71238898038469,20,steady,same_pitch,94216,1,0,0.0,1.0327608719370467,0.6398013209811905,0.49919739754617853
pair_220_233,12,4.71238898038469,20,steady,two_notes,94216,2,0,0.0,1.2230059977778196,0.8986913253887541,0.8202707721949237
pair_220_233,12,4.71238898038469,20,decaying,none,94216,0,0,0.0,0.7553735200365956,0.2579545234359084,0.10893785672270112
pair_220_233,12,4.71238898038469,20,vibrato,none,94216,0,0,0.0,0.8429439456359025,0.28985686697355445,0.1755692378911563
pair_220_233,12,4.71238898038469,20,glide,none,94216,0,0,0.0,0.7574479293870678,0.31102708468966,0.5098615474952858
pair_220_233,12,4.71238898038469,20,steady,noise_burst,94216,0,0,0.0,1.1477828408032356,0.8254675869910107,0.755205686413157
pair_220_233,13,5.105088062083414,20,steady,none,94325,0,1,0.0,0.7782511080898925,0.41859850640336926,0.1160962173290655
pair_220_233,13,5.105088062083414,20,steady,new_weak,94325,1,1,0.05672389268875122,0.7905574190540159,0.43972176225077064,0.17425683528477626
pair_220_233,13,5.105088062083414,20,steady,new_strong,94325,1,1,0.4163430333137512,0.9107546368390094,0.6284177641692847,0.4783414971588255
pair_220_233,13,5.105088062083414,20,steady,same_pitch,94325,1,1,0.29883942008018494,0.8544732665792723,0.607122770902675,0.48758699185268595
pair_220_233,13,5.105088062083414,20,steady,two_notes,94325,2,1,1.002768874168396,1.1337222373570035,0.9058134313635233,0.7857372835254817
pair_220_233,13,5.105088062083414,20,decaying,none,94325,0,2,0.0,0.6727140231052552,0.2931106242152148,0.11280931698399042
pair_220_233,14,5.497787143782138,20,steady,none,94431,0,30,0.001839108532294631,0.7280288580098615,0.47194831031489043,0.11051065048742233
pair_220_233,14,5.497787143782138,20,steady,new_weak,94431,1,30,0.014124379493296146,0.7430593465642941,0.49269230760623406,0.17226301512643977
pair_220_233,14,5.497787143782138,20,steady,new_strong,94431,1,30,0.4825458526611328,0.8725038200971629,0.6682961559216853,0.4766310793303281
pair_220_233,14,5.497787143782138,20,steady,same_pitch,94431,1,30,0.11381173878908157,0.725814145203845,0.5719927530005953,0.46878063854152874
pair_220_233,14,5.497787143782138,20,steady,two_notes,94431,2,30,1.1768817901611328,1.0958673832340038,0.9311621441412511,0.7819253582236504
pair_220_233,14,5.497787143782138,20,decaying,none,94431,0,32,0.0017716900911182165,0.6279249238824414,0.32802746290307183,0.1078490325188264
pair_220_233,15,5.890486225480862,20,steady,none,94537,0,32,0.36388862133026123,0.6787451453669576,0.4927281725480214,0.10816085910281507
pair_220_233,15,5.890486225480862,20,steady,new_weak,94537,1,32,0.5366496443748474,0.6969944398798299,0.5155223457641891,0.17365123384018513
pair_220_233,15,5.890486225480862,20,steady,new_strong,94537,1,32,0.9760682582855225,0.8429362274219544,0.6965582700942353,0.4881283054580366
pair_220_233,15,5.890486225480862,20,steady,same_pitch,94537,1,32,0.27541014552116394,0.6144449420655358,0.5216797889537623,0.48508205377795743
pair_220_233,15,5.890486225480862,20,steady,two_notes,94537,2,32,1.248655915260315,1.0788489746054684,0.9629350690511339,0.8033812588814532
pair_220_233,15,5.890486225480862,20,decaying,none,94537,0,32,0.3113415539264679,0.5827486250910745,0.3356701102286453,0.10572082123012055
pair_110_116,0,0.0,20,steady,none,93043,0,16,0.30312246084213257,0.2545953109597797,0.2857734210495238,0.13350057898167586
pair_110_116,0,0.0,20,steady,new_weak,93043,1,16,0.3200724720954895,0.2862670320916913,0.3147326344719427,0.18342490556067792
pair_110_116,0,0.0,20,steady,new_strong,93043,1,16,0.5554692149162292,0.5141063692221571,0.5310965367683728,0.46122864847556194
pair_110_116,0,0.0,20,steady,same_pitch,93043,1,16,0.7379189729690552,0.3618720604136647,0.42724667699303887,0.44853369705668283
pair_110_116,0,0.0,20,steady,two_notes,93043,2,16,1.2244789600372314,0.7842211790738817,0.789577083272604,0.7474574812346393
pair_110_116,0,0.0,20,decaying,none,93043,0,16,0.29586857557296753,0.22324128671200097,0.22618468408782105,0.1264705365238471
pair_110_116,0,0.0,20,vibrato,none,93043,0,16,0.26222100853919983,0.2896297400098628,0.2733099346066616,0.2530403400709246
pair_110_116,0,0.0,20,glide,none,93043,0,16,0.2515277862548828,0.2756911028865756,0.5135564029735198,0.716593984512813
pair_110_116,0,0.0,20,steady,noise_burst,93043,0,16,0.30312246084213257,0.7083402192100303,0.717565201625353,0.6700368794075446
pair_110_116,1,0.39269908169872414,20,steady,none,93152,0,14,0.25081124901771545,0.238921599068828,0.30229858290063505,0.12947236478119284
pair_110_116,1,0.39269908169872414,20,steady,new_weak,93152,1,14,0.3013392388820648,0.27396009522941184,0.33161425131709016,0.18423221105822804
pair_110_116,1,0.39269908169872414,20,steady,new_strong,93152,1,14,0.6075210571289062,0.5218868317296883,0.5557087197227856,0.47882435936498363
pair_110_116,1,0.39269908169872414,20,steady,same_pitch,93152,1,14,0.8312157392501831,0.3437707561372567,0.3786822304016327,0.4740671986036125
pair_110_116,1,0.39269908169872414,20,steady,two_notes,93152,2,14,1.2987843751907349,0.8148883454163544,0.8321226245944009,0.7807346770677918
pair_110_116,1,0.39269908169872414,20,decaying,none,93152,0,14,0.2457331269979477,0.21028919593412876,0.231981232110064,0.12567159294373845
pair_110_116,2,0.7853981633974483,20,steady,none,93258,0,15,0.23917771875858307,0.28537816595887694,0.37689526004068774,0.12922541288343717
pair_110_116,2,0.7853981633974483,20,steady,new_weak,93258,1,15,0.23917771875858307,0.31971169230906454,0.40445379401319426,0.19137508792356522
pair_110_116,2,0.7853981633974483,20,steady,new_strong,93258,1,15,0.6723467707633972,0.5736326994075136,0.6263518925551532,0.5112134612453155
pair_110_116,2,0.7853981633974483,20,steady,same_pitch,93258,1,15,0.9324008226394653,0.3494372684920418,0.3612636900064163,0.48234629045343885
pair_110_116,2,0.7853981633974483,20,steady,two_notes,93258,2,15,1.4034817218780518,0.8869857856821717,0.9203242692556957,0.837002815170275
pair_110_116,2,0.7853981633974483,20,decaying,none,93258,0,15,0.24312825500965118,0.24822637996731275,0.294395617918653,0.12278493028328215
pair_110_116,3,1.1780972450961724,20,steady,none,93364,0,15,0.34282177686691284,0.33695133084404383,0.42893173328870593,0.13446435383760857
pair_110_116,3,1.1780972450961724,20,steady,new_weak,93364,1,15,0.30707383155822754,0.3736721358946182,0.4593847982912806,0.2093700442199707
pair_110_116,3,1.1780972450961724,20,steady,new_strong,93364,1,15,0.7634721994400024,0.6523713369878976,0.7066718666467802,0.5735368603586722
pair_110_116,3,1.1780972450961724,20,steady,same_pitch,93364,1,15,1.0853266716003418,0.3891081868749622,0.37457529442414983,0.5455263322257303
pair_110_116,3,1.1780972450961724,20,steady,two_notes,93364,2,15,1.6603139638900757,1.006351247276557,1.0415298892734726,0.9394584798032134
pair_110_116,3,1.1780972450961724,20,decaying,none,93364,0,15,0.32081878185272217,0.2907627512462215,0.3271807115793146,0.12752161556473826
pair_110_116,4,1.5707963267948966,20,steady,none,93470,0,15,1.0592639446258545,0.429782983503877,0.5001349844828887,0.12790394056225632
pair_110_116,4,1.5707963267948966,20,steady,new_weak,93470,1,15,0.9664905071258545,0.46833092143162064,0.5348640545898881,0.225753312451039
pair_110_116,4,1.5707963267948966,20,steady,new_strong,93470,1,15,1.1651127338409424,0.7809228497960327,0.8245583612401388,0.664404213361477
pair_110_116,4,1.5707963267948966,20,steady,same_pitch,93470,1,15,1.3481855392456055,0.48948755403366456,0.4355091914015584,0.6375006259885768
pair_110_116,4,1.5707963267948966,20,steady,two_notes,93470,2,15,2.1185548305511475,1.1959596307734706,1.224355063039728,1.09719095158005
pair_110_116,4,1.5707963267948966,20,decaying,none,93470,0,15,0.8896512985229492,0.36754388784083225,0.3645728326453869,0.12156936215727956
pair_110_116,4,1.5707963267948966,20,vibrato,none,93470,0,15,1.1019728183746338,0.46481666030901464,0.5905224371718093,0.27118133312279163
pair_110_116,4,1.5707963267948966,20,glide,none,93470,0,15,0.8176746368408203,0.3335704072890442,0.29234136777107755,0.613312790746337
pair_110_116,4,1.5707963267948966,20,steady,noise_burst,93470,0,15,1.1168811321258545,1.0757710529827378,1.108330619640157,1.0097859188909388
pair_110_116,5,1.9634954084936207,20,steady,none,93579,0,15,1.7933558225631714,0.5908058661865981,0.5873448703062283,0.14098574096928848
pair_110_116,5,1.9634954084936207,20,steady,new_weak,93579,1,15,1.7044886350631714,0.6314631300017112,0.6297425674617774,0.2662314770073983
pair_110_116,5,1.9634954084936207,20,steady,new_strong,93579,1,15,1.865330457687378,0.9875461132264449,0.9888611233851173,0.8066294746264133
pair_110_116,5,1.9634954084936207,20,steady,same_pitch,93579,1,15,1.869236707687378,0.6764862565465518,0.5607400859788371,0.7596917171475098
pair_110_116,5,1.9634954084936207,20,steady,two_notes,93579,2,15,2.623518466949463,1.4860169775103826,1.4838856933988251,1.333496066178802
pair_110_116,5,1.9634954084936207,20,decaying,none,93579,0,15,1.5228841304779053,0.500011498727722,0.41481946188029967,0.1310787836824256
pair_110_116,6,2.356194490192345,20,steady,none,93685,0,16,2.388085126876831,0.8697647470339531,0.6065109343690899,0.12703211066470643
pair_110_116,6,2.356194490192345,20,steady,new_weak,93685,1,16,2.309960126876831,0.9112437267450324,0.6683451344404284,0.30978748509099846
pair_110_116,6,2.356194490192345,20,steady,new_strong,93685,1,16,2.4757962226867676,1.3092654117318958,1.1588288179459265,0.9973318646335597
pair_110_116,6,2.356194490192345,20,steady,same_pitch,93685,1,16,2.4406399726867676,1.0856729532104197,0.7797406379487494,0.9614137853661745
pair_110_116,6,2.356194490192345,20,steady,two_notes,93685,2,16,3.1339077949523926,1.9099149068562848,1.7975671153459294,1.6560890963142625
pair_110_116,6,2.356194490192345,20,decaying,none,93685,0,16,2.0881924629211426,0.731858399051001,0.38481059640840837,0.12084203991251581
pair_110_116,7,2.748893571891069,20,steady,none,93791,0,13,2.0686581134796143,1.2089695133737632,0.6167441544930974,0.1323221507226047
pair_110_116,7,2.748893571891069,20,steady,new_weak,93791,1,13,2.0599958896636963,1.2457279921173452,0.6961084372081516,0.353380257176724
pair_110_116,7,2.748893571891069,20,steady,new_strong,93791,1,13,2.332970380783081,1.6498273338905436,1.2998329142536478,1.1566388301310688
pair_110_116,7,2.748893571891069,20,steady,same_pitch,93791,1,13,2.2631208896636963,1.7710447491803083,0.9963390725033233,1.1191659233669466
pair_110_116,7,2.748893571891069,20,steady,two_notes,93791,2,13,3.2593343257904053,2.304992951317999,2.0521796070319227,1.9213910681975537
pair_110_116,7,2.748893571891069,20,decaying,none,93791,0,14,1.8724926710128784,1.020709563766773,0.384193436174179,0.12522837800360487
pair_110_116,8,3.141592653589793,20,steady,none,93897,0,0,0.0,1.6475134270655272,0.5423726146728595,0.13516436050510988
pair_110_116,8,3.141592653589793,20,steady,new_weak,93897,1,0,0.0,1.6682412561674025,0.6193108978720331,0.33494968776927975
pair_110_116,8,3.141592653589793,20,steady,new_strong,93897,1,0,0.0,1.9521086333907747,1.2094912388178114,1.0967562409558023
pair_110_116,8,3.141592653589793,20,steady,same_pitch,93897,1,0,0.0,2.4436042016894457,1.0585063672105222,1.062866159289272
pair_110_116,8,3.141592653589793,20,steady,two_notes,93897,2,0,0.0,2.446189589593571,1.9300276625671313,1.8282220373453717
pair_110_116,8,3.141592653589793,20,decaying,none,93897,0,0,0.0,1.3936865306333726,0.35709573132617956,0.12720878693275398
pair_110_116,8,3.141592653589793,20,vibrato,none,93897,0,0,0.0,1.8577811554956405,0.5015732743437982,0.21668437714319042
pair_110_116,8,3.141592653589793,20,glide,none,93897,0,0,0.0,2.150499524890095,2.070114685007438,1.6653525279639332
pair_110_116,8,3.141592653589793,20,steady,noise_burst,93897,0,0,0.0,2.3255173651005165,1.6752547202031598,1.6014408524225863
pair_110_116,9,3.5342917352885173,20,steady,none,94006,0,0,0.0,1.2707541735669576,0.45084350769841575,0.1384115379648152
pair_110_116,9,3.5342917352885173,20,steady,new_weak,94006,1,0,0.0,1.2926171150009123,0.5138726232321889,0.28925369102451776
pair_110_116,9,3.5342917352885173,20,steady,new_strong,94006,1,0,0.0,1.5461394834464277,0.9978272876114138,0.9080329101417831
pair_110_116,9,3.5342917352885173,20,steady,same_pitch,94006,1,0,0.0,1.982731846738767,0.9665946233733667,0.8785525346560387
pair_110_116,9,3.5342917352885173,20,steady,two_notes,94006,2,0,0.0,1.9127475653102657,1.5810834748669618,1.505668499196108
pair_110_116,9,3.5342917352885173,20,decaying,none,94006,0,0,0.0,1.0865685562624894,0.3088963062775056,0.1300951661708585
pair_110_116,10,3.9269908169872414,20,steady,none,94112,0,0,0.0,0.7831202704395529,0.33401592363276605,0.129449165090543
pair_110_116,10,3.9269908169872414,20,steady,new_weak,94112,1,0,0.0,0.8098178369994522,0.38866656894177776,0.24162752957051556
pair_110_116,10,3.9269908169872414,20,steady,new_strong,94112,1,0,0.0,1.0672524487779051,0.7916459363995203,0.7344077423306441
pair_110_116,10,3.9269908169872414,20,steady,same_pitch,94112,1,0,0.0,1.3145574728701621,0.8318510578984251,0.7107553093009811
pair_110_116,10,3.9269908169872414,20,steady,two_notes,94112,2,0,0.0,1.3930548423760667,1.259482344419376,1.2178813523415517
pair_110_116,10,3.9269908169872414,20,decaying,none,94112,0,0,0.0,0.6772525773048861,0.24385625315569723,0.12278466454831481
pair_110_116,11,4.319689898685965,20,steady,none,94218,0,0,0.0,0.49530330940410017,0.2330503005135647,0.1302637365613543
pair_110_116,11,4.319689898685965,20,steady,new_weak,94218,1,0,0.0,0.5275394210179501,0.2893225972761065,0.21714819280698677
pair_110_116,11,4.319689898685965,20,steady,new_strong,94218,1,0,0.0,0.7901572637342726,0.6487024374691257,0.6214777218353305
pair_110_116,11,4.319689898685965,20,steady,same_pitch,94218,1,0,0.0,0.8811894506731784,0.7237271938999276,0.6079143464225986
pair_110_116,11,4.319689898685965,20,steady,two_notes,94218,2,0,0.0,1.0972738333340544,1.0348356507060779,1.0225190015959933
pair_110_116,11,4.319689898685965,20,decaying,none,94218,0,0,0.0,0.4290604325758785,0.17128971046259303,0.12233559006365347
pair_110_116,12,4.71238898038469,20,steady,none,94324,0,0,0.0,0.3851846520807023,0.19940358400012295,0.1355768166176643
pair_110_116,12,4.71238898038469,20,steady,new_weak,94324,1,0,0.0,0.41740775178309003,0.251732526803079,0.20469607275115762
pair_110_116,12,4.71238898038469,20,steady,new_strong,94324,1,0,0.0,0.6631900127831495,0.5686164606799312,0.5492137374749205
pair_110_116,12,4.71238898038469,20,steady,same_pitch,94324,1,0,0.0,0.69733091100819,0.6524163589699901,0.5565614311236642
pair_110_116,12,4.71238898038469,20,steady,two_notes,94324,2,0,0.0,0.9446742318325252,0.8972409546336872,0.8950451164168233
pair_110_116,12,4.71238898038469,20,decaying,none,94324,0,0,0.0,0.33490202169820527,0.15381718376683742,0.12662522608033436
pair_110_116,12,4.71238898038469,20,vibrato,none,94324,0,0,0.0,0.45261144685658755,0.34508401014634377,0.30029228336420744
pair_110_116,12,4.71238898038469,20,glide,none,94324,0,0,0.0,0.6712022152825732,1.22387009326393,0.2425599767947697
pair_110_116,12,4.71238898038469,20,steady,noise_burst,94324,0,0,0.0,0.9061295474292376,0.8538050260265454,0.8431154316051627
pair_110_116,13,5.105088062083414,20,steady,none,94433,0,1,0.013523831032216549,0.30813581470211904,0.18830571511221073,0.13420486498584033
pair_110_116,13,5.105088062083414,20,steady,new_weak,94433,1,1,0.09851337969303131,0.3391800163074866,0.23288480790321794,0.1899062742999602
pair_110_116,13,5.105088062083414,20,steady,new_strong,94433,1,1,0.5989203453063965,0.5731506897407109,0.5141946936998991,0.4943866211318431
pair_110_116,13,5.105088062083414,20,steady,same_pitch,94433,1,1,0.4521918296813965,0.5346767692698949,0.5577807504346701,0.5020603854085219
pair_110_116,13,5.105088062083414,20,steady,two_notes,94433,2,1,1.31480872631073,0.8432413937303573,0.807648450682878,0.8063223974650526
pair_110_116,13,5.105088062083414,20,decaying,none,94433,0,2,0.41013792157173157,0.27005690993261333,0.1531431670531106,0.12693446699497957
pair_110_116,14,5.497787143782138,20,steady,none,94539,0,1,0.37283772230148315,0.27192939689855333,0.20561785335496297,0.12711174982741208
pair_110_116,14,5.497787143782138,20,steady,new_weak,94539,1,1,0.37283772230148315,0.30381560615469183,0.24478844283718687,0.181034343038949
pair_110_116,14,5.497787143782138,20,steady,new_strong,94539,1,1,0.4858684241771698,0.5321899390901342,0.4990535810331447,0.4683373994728298
pair_110_116,14,5.497787143782138,20,steady,same_pitch,94539,1,1,0.45515498518943787,0.43032911651881334,0.4949524311465507,0.4651506615949536
pair_110_116,14,5.497787143782138,20,steady,two_notes,94539,2,1,0.7277854681015015,0.7965964660551144,0.7709218274662114,0.7617935276761862
pair_110_116,14,5.497787143782138,20,decaying,none,94539,0,6,0.36427876353263855,0.238994417734494,0.16860460157404475,0.12184148398002036
pair_110_116,15,5.890486225480862,20,steady,none,94645,0,6,0.3578096628189087,0.24612888518300396,0.23490412601738192,0.13175614814450343
pair_110_116,15,5.890486225480862,20,steady,new_weak,94645,1,6,0.37287333607673645,0.27800081694919854,0.26793217457038554,0.18092659314296702
pair_110_116,15,5.890486225480862,20,steady,new_strong,94645,1,6,0.49299052357673645,0.5057297531992514,0.500022467743093,0.4559461270847434
pair_110_116,15,5.890486225480862,20,steady,same_pitch,94645,1,6,0.49467673897743225,0.3738074778139021,0.44365719768878387,0.4500559692833055
pair_110_116,15,5.890486225480862,20,steady,two_notes,94645,2,6,0.7964345216751099,0.7732625956621759,0.7632231919725948,0.7419680630617552
pair_110_116,15,5.890486225480862,20,decaying,none,94645,0,12,0.3503233790397644,0.2178321112655208,0.18776064823695202,0.12600840293776414
harmonics_110,0,0.0,20,steady,none,93151,0,0,0.0,0.27620658295559236,0.27562598184316683,0.1267291890421786
harmonics_110,0,0.0,20,steady,new_weak,93151,1,0,0.0,0.30770211377185475,0.3083301249316332,0.19120353818505118
harmonics_110,0,0.0,20,steady,new_strong,93151,1,0,0.0,0.5690115074452048,0.5709020450540766,0.5205019466373415
harmonics_110,0,0.0,20,steady,same_pitch,93151,1,0,0.0,0.5628895346660174,0.5602649884673695,0.5030102279546829
harmonics_110,0,0.0,20,steady,two_notes,93151,2,0,0.0,0.8786344166157363,0.8811783110864088,0.8547504939332499
harmonics_110,0,0.0,20,decaying,none,93151,0,0,0.0,0.21158729837585824,0.22621501982303488,0.11760217300627827
harmonics_110,0,0.0,20,vibrato,none,93151,0,0,0.0,0.2995779981628578,0.2815957665098021,0.17292986852792047
harmonics_110,0,0.0,20,glide,none,93151,0,0,0.0,0.40020444051161763,0.9883441945991733,1.009738890791784
harmonics_110,0,0.0,20,steady,noise_burst,93151,0,0,0.0,0.8165154305328493,0.8167338706454006,0.7835699906194328
harmonics_110,1,0.39269908169872414,20,steady,none,93260,0,0,0.0,0.2829495567007427,0.2787414427566264,0.13089181551432824
harmonics_110,1,0.39269908169872414,20,steady,new_weak,93260,1,0,0.0,0.32626593851204444,0.31835250308537716,0.1945421256264371
harmonics_110,1,0.39269908169872414,20,steady,new_strong,93260,1,0,0.0,0.5971355754030284,0.5870485776602572,0.523240359541727
harmonics_110,1,0.39269908169872414,20,steady,same_pitch,93260,1,0,0.0,0.5714895927943876,0.5605818705257536,0.5064565330904071
harmonics_110,1,0.39269908169872414,20,steady,two_notes,93260,2,0,0.0,0.9031680865471291,0.8953988169288066,0.8565712400510127
harmonics_110,1,0.39269908169872414,20,decaying,none,93260,0,0,0.0,0.21832865627347856,0.22910010493133812,0.12103609787171664
harmonics_110,2,0.7853981633974483,20,steady,none,93366,0,0,0.0,0.28330410608635215,0.2806074408222828,0.13129213694472705
harmonics_110,2,0.7853981633974483,20,steady,new_weak,93366,1,0,0.0,0.323212672930951,0.3269771244977767,0.1985524500951991
harmonics_110,2,0.7853981633974483,20,steady,new_strong,93366,1,0,0.0,0.5954620238157882,0.6057584926355519,0.533368779032325
harmonics_110,2,0.7853981633974483,20,steady,same_pitch,93366,1,0,0.0,0.5582081708843714,0.5622494698452953,0.5130759480364337
harmonics_110,2,0.7853981633974483,20,steady,two_notes,93366,2,0,0.0,0.907513858054326,0.9182153585412555,0.8691455163579079
harmonics_110,2,0.7853981633974483,20,decaying,none,93366,0,0,0.0,0.21717332501881484,0.22901611624916626,0.12128125820776607
harmonics_110,3,1.1780972450961724,20,steady,none,93472,0,0,0.0,0.283238938354336,0.27936193250243585,0.12372611641212189
harmonics_110,3,1.1780972450961724,20,steady,new_weak,93472,1,0,0.0,0.3406730918308719,0.33314318549608474,0.19246539524651213
harmonics_110,3,1.1780972450961724,20,steady,new_strong,93472,1,0,0.0,0.6317009714185325,0.6218849791902115,0.5336508095632587
harmonics_110,3,1.1780972450961724,20,steady,same_pitch,93472,1,0,0.0,0.5623828831845923,0.5636954348163558,0.5163668640462309
harmonics_110,3,1.1780972450961724,20,steady,two_notes,93472,2,0,0.0,0.9500265824403062,0.9410091152261711,0.8757674802079818
harmonics_110,3,1.1780972450961724,20,decaying,none,93472,0,0,0.0,0.21638187288787708,0.22772219313540495,0.1145991490639817
harmonics_110,4,1.5707963267948966,20,steady,none,93578,0,3,0.9678866267204285,0.2897729420438664,0.2845218302600974,0.1279388951689014
harmonics_110,4,1.5707963267948966,20,steady,new_weak,93578,1,3,0.9913241267204285,0.3421413118065227,0.3395674818405456,0.19816645033807526
harmonics_110,4,1.5707963267948966,20,steady,new_strong,93578,1,3,1.0499179363250732,0.6339218406639971,0.6350236265034402,0.5464332697811065
harmonics_110,4,1.5707963267948966,20,steady,same_pitch,93578,1,3,1.0914828777313232,0.6003577039582234,0.5829524435789922,0.5323005951287694
harmonics_110,4,1.5707963267948966,20,steady,two_notes,93578,2,3,1.1612460613250732,0.9613775261045734,0.9634944006617095,0.8980513497430329
harmonics_110,4,1.5707963267948966,20,decaying,none,93578,0,4,0.9064016342163086,0.22176733804225998,0.23080630429493737,0.1184386620117596
harmonics_110,4,1.5707963267948966,20,vibrato,none,93578,0,1,0.0015201278729364276,0.2957107160830596,0.3387789163909374,0.29026231662269136
harmonics_110,4,1.5707963267948966,20,glide,none,93578,0,4,0.9143558144569397,0.4349679779149996,1.0488787251325198,1.0986739242669978
harmonics_110,4,1.5707963267948966,20,steady,noise_burst,93578,0,3,1.0250766277313232,0.8884857165858956,0.8867417239067086,0.8360614004635982
harmonics_110,5,1.9634954084936207,20,steady,none,93687,0,4,0.952731728553772,0.2880993819203565,0.28610328862388934,0.12780505172294868
harmonics_110,5,1.9634954084936207,20,steady,new_weak,93687,1,4,0.992770791053772,0.34348255298634023,0.34391393145378885,0.20400106142549929
harmonics_110,5,1.9634954084936207,20,steady,new_strong,93687,1,4,1.090427041053772,0.6407199020241477,0.6437586863847322,0.5567013483084288
harmonics_110,5,1.9634954084936207,20,steady,same_pitch,93687,1,4,1.158786416053772,0.582457013279977,0.5803397103677824,0.5308287777918023
harmonics_110,5,1.9634954084936207,20,steady,two_notes,93687,2,4,1.2066869735717773,0.9712320377606797,0.9752201027170032,0.9092703577277933
harmonics_110,5,1.9634954084936207,20,decaying,none,93687,0,4,0.8764510750770569,0.21957807650592973,0.23237823358186854,0.11845590708264243
harmonics_110,6,2.356194490192345,20,steady,none,93793,0,1,0.6773298382759094,0.2875747579422223,0.2887334628087847,0.1285386745271681
harmonics_110,6,2.356194490192345,20,steady,new_weak,93793,1,1,0.7456892132759094,0.33804801790225897,0.3423934222748986,0.20374116849429788
harmonics_110,6,2.356194490192345,20,steady,new_strong,93793,1,1,0.9097517132759094,0.6346822055659782,0.6414833207599563,0.5599849397373207
harmonics_110,6,2.356194490192345,20,steady,same_pitch,93793,1,1,1.0074079036712646,0.5771488913141989,0.5818822346713833,0.5351624573598495
harmonics_110,6,2.356194490192345,20,steady,two_notes,93793,2,1,1.1835631132125854,0.9724132439992035,0.9784754620993705,0.9155168588341188
harmonics_110,6,2.356194490192345,20,decaying,none,93793,0,3,0.6388422846794128,0.21957481592784625,0.2354860770578912,0.11828285940692242
harmonics_110,7,2.748893571891069,20,steady,none,93899,0,0,0.0,0.28931354451386965,0.28737180671753876,0.1261217855492045
harmonics_110,7,2.748893571891069,20,steady,new_weak,93899,1,0,0.0,0.3372732423378526,0.3343892642520145,0.1992652735694434
harmonics_110,7,2.748893571891069,20,steady,new_strong,93899,1,0,0.0,0.6300590632635552,0.6268924487419898,0.5543468304973116
harmonics_110,7,2.748893571891069,20,steady,same_pitch,93899,1,0,0.0,0.5848293976137803,0.5919901606227838,0.5448713962806782
harmonics_110,7,2.748893571891069,20,steady,two_notes,93899,2,0,0.0,0.9668159423520107,0.9634365430211709,0.9082088741126747
harmonics_110,7,2.748893571891069,20,decaying,none,93899,0,0,0.0,0.22067932839114138,0.23519509868723362,0.11705239659367486
harmonics_110,8,3.141592653589793,20,steady,none,94005,0,0,0.0,0.2863767054528044,0.28787048611559635,0.12892817957131367
harmonics_110,8,3.141592653589793,20,steady,new_weak,94005,1,0,0.0,0.32000015216543687,0.3259131758694052,0.19919194820546043
harmonics_110,8,3.141592653589793,20,steady,new_strong,94005,1,0,0.0,0.5991477984190949,0.6084415656139405,0.5503831502875586
harmonics_110,8,3.141592653589793,20,steady,same_pitch,94005,1,0,0.0,0.5915889626918208,0.5924106482643856,0.5367958892261674
harmonics_110,8,3.141592653589793,20,steady,two_notes,94005,2,0,0.0,0.9349968147462077,0.9445268611811553,0.9036983753221277
harmonics_110,8,3.141592653589793,20,decaying,none,94005,0,0,0.0,0.21875629085807824,0.23485699882430683,0.1192776403589689
harmonics_110,8,3.141592653589793,20,vibrato,none,94005,0,0,0.0,0.3135963950686695,0.2981478104322923,0.1685312298867485
harmonics_110,8,3.141592653589793,20,glide,none,94005,0,0,0.0,0.4355865840232733,1.177049776126396,1.2369605322812929
harmonics_110,8,3.141592653589793,20,steady,noise_burst,94005,0,0,0.0,0.906321808242768,0.9066214634278669,0.8600813938487746
harmonics_110,9,3.5342917352885173,20,steady,none,94114,0,1,0.004412479232996702,0.27909335374068434,0.27920716772403603,0.12771523317325548
harmonics_110,9,3.5342917352885173,20,steady,new_weak,94114,1,1,0.021826572716236115,0.30270114539778925,0.3084569401080223,0.19447022671579905
harmonics_110,9,3.5342917352885173,20,steady,new_strong,94114,1,1,0.10806924849748611,0.5671731937828842,0.5777876145988479,0.5360108485308267
harmonics_110,9,3.5342917352885173,20,steady,same_pitch,94114,1,1,0.004534549545496702,0.5801657897095303,0.5773316522095651,0.5187831925953192
harmonics_110,9,3.5342917352885173,20,steady,two_notes,94114,2,1,0.10416299849748611,0.8942525386381706,0.9055085234925145,0.8802270596342177
harmonics_110,9,3.5342917352885173,20,decaying,none,94114,0,1,0.0027353190816938877,0.21214881317306195,0.23083699680679584,0.11782005824210437
harmonics_110,10,3.9269908169872414,20,steady,none,94220,0,0,0.0,0.28141721452724777,0.2791035020790899,0.12895531803731272
harmonics_110,10,3.9269908169872414,20,steady,new_weak,94220,1,0,0.0,0.2921134623810814,0.2996931570207881,0.19529678458903507
harmonics_110,10,3.9269908169872414,20,steady,new_strong,94220,1,0,0.0,0.5413216279566938,0.5585439208387151,0.533180547500049
harmonics_110,10,3.9269908169872414,20,steady,same_pitch,94220,1,0,0.0,0.5930937783427098,0.5861000124990505,0.5243346781606926
harmonics_110,10,3.9269908169872414,20,steady,two_notes,94220,2,0,0.0,0.8679856679550749,0.8843146441335807,0.8746507208589415
harmonics_110,10,3.9269908169872414,20,decaying,none,94220,0,2,0.3237142562866211,0.21517868676140808,0.22897794718655867,0.11994885141061107
harmonics_110,11,4.319689898685965,20,steady,none,94326,0,0,0.0,0.2860972926713802,0.28080922725112234,0.12722398764409637
harmonics_110,11,4.319689898685965,20,steady,new_weak,94326,1,0,0.0,0.30527123761552427,0.29978908210509014,0.19394474587109992
harmonics_110,11,4.319689898685965,20,steady,new_strong,94326,1,0,0.0,0.5571770316996342,0.5534719684064106,0.5292397013903811
harmonics_110,11,4.319689898685965,20,steady,same_pitch,94326,1,0,0.0,0.5697058217457531,0.5763886863471448,0.5151407999913816
harmonics_110,11,4.319689898685965,20,steady,two_notes,94326,2,0,0.0,0.8769984249196938,0.874618342468347,0.8666019111538322
harmonics_110,11,4.319689898685965,20,decaying,none,94326,0,1,0.006004116497933865,0.21956393845244432,0.23180238619022406,0.11838889238616834
harmonics_110,12,4.71238898038469,20,steady,none,94432,0,0,0.0,0.2712245224409442,0.27184786845722664,0.12839051371594623
harmonics_110,12,4.71238898038469,20,steady,new_weak,94432,1,0,0.0,0.2841455385745225,0.28678986697906017,0.1945700094520475
harmonics_110,12,4.71238898038469,20,steady,new_strong,94432,1,0,0.0,0.5314943322388352,0.5356528845954509,0.524498401258484
harmonics_110,12,4.71238898038469,20,steady,same_pitch,94432,1,0,0.0,0.5475662775206915,0.5654063554310088,0.5136506642474173
harmonics_110,12,4.71238898038469,20,steady,two_notes,94432,2,0,0.0,0.8493350352631137,0.8523388915697842,0.8570964075520506
harmonics_110,12,4.71238898038469,20,decaying,none,94432,0,0,0.0,0.20826142658919233,0.22277339593265924,0.11967245299532654
harmonics_110,12,4.71238898038469,20,vibrato,none,94432,0,0,0.0,0.2808853280845211,0.3309991539048911,0.29966920235382505
harmonics_110,12,4.71238898038469,20,glide,none,94432,0,0,0.0,0.4219675296228602,1.098242824062236,1.1444676134453866
harmonics_110,12,4.71238898038469,20,steady,noise_burst,94432,0,0,0.0,0.8045926047898213,0.8048917842753625,0.770392148833306
harmonics_110,13,5.105088062083414,20,steady,none,94541,0,0,0.0,0.2759895725381168,0.2741276158669753,0.12398550227032375
harmonics_110,13,5.105088062083414,20,steady,new_weak,94541,1,0,0.0,0.29994529637364187,0.295844892338105,0.19389825465910296
harmonics_110,13,5.105088062083414,20,steady,new_strong,94541,1,0,0.0,0.5561068452064631,0.550695131262752,0.527211682780619
harmonics_110,13,5.105088062083414,20,steady,same_pitch,94541,1,0,0.0,0.5683402377777647,0.5707140286489427,0.5105852975233125
harmonics_110,13,5.105088062083414,20,steady,two_notes,94541,2,0,0.0,0.8683345647204369,0.8632869308609581,0.8580719850948731
harmonics_110,13,5.105088062083414,20,decaying,none,94541,0,0,0.0,0.21131281834332014,0.22252778256479375,0.11503263590162383
harmonics_110,14,5.497787143782138,20,steady,none,94647,0,0,0.0,0.2748903010724933,0.275819771727654,0.1310323856002107
harmonics_110,14,5.497787143782138,20,steady,new_weak,94647,1,0,0.0,0.2994141039402519,0.2982432946101139,0.19246791025757162
harmonics_110,14,5.497787143782138,20,steady,new_strong,94647,1,0,0.0,0.5541498512755426,0.5507751679572367,0.5186066439736267
harmonics_110,14,5.497787143782138,20,steady,same_pitch,94647,1,0,0.0,0.5631972320076114,0.565974486530892,0.5077284650815108
harmonics_110,14,5.497787143782138,20,steady,two_notes,94647,2,0,0.0,0.8648545034402779,0.8609195172194073,0.849419839904248
harmonics_110,14,5.497787143782138,20,decaying,none,94647,0,0,0.0,0.21131982052178455,0.22794581336916175,0.1211597823262403
harmonics_110,15,5.890486225480862,20,steady,none,94753,0,0,0.0,0.27471933534981197,0.2734656833611964,0.1272584014639024
harmonics_110,15,5.890486225480862,20,steady,new_weak,94753,1,0,0.0,0.3093208551879646,0.30337833144622234,0.19140464430077322
harmonics_110,15,5.890486225480862,20,steady,new_strong,94753,1,0,0.0,0.574319872321605,0.5646396821859626,0.5209419926861144
harmonics_110,15,5.890486225480862,20,steady,same_pitch,94753,1,0,0.0,0.5696928249504349,0.5682364031008721,0.5102311798855317
harmonics_110,15,5.890486225480862,20,steady,two_notes,94753,2,0,0.0,0.8828845716590413,0.8732229549682241,0.8510961487943206
harmonics_110,15,5.890486225480862,20,decaying,none,94753,0,0,0.0,0.21054553388126793,0.22436084090775665,0.11746772392685802
pair_173_184,0,0.0,20,steady,none,93259,0,26,0.5495747923851013,0.5749828805384452,0.43844165075307223,0.11833770297986389
pair_173_184,0,0.0,20,steady,new_weak,93259,1,26,0.6336526274681091,0.5890954200790331,0.45740144984922576,0.1835881581114805
pair_173_184,0,0.0,20,steady,new_strong,93259,1,26,0.914304792881012,0.7452355789798504,0.6472642430447757,0.500228960204061
pair_173_184,0,0.0,20,steady,same_pitch,93259,1,26,1.0367913246154785,0.7412706536956869,0.6150770497034668,0.4937563074347329
pair_173_184,0,0.0,20,steady,two_notes,93259,2,26,1.4046508073806763,1.1228572876897283,1.0135923608070934,0.8154345969032415
pair_173_184,0,0.0,20,decaying,none,93259,0,28,0.4710860848426819,0.4918527650603687,0.28592507565441266,0.11465207166840974
pair_173_184,0,0.0,20,vibrato,none,93259,0,24,0.5534743666648865,0.6097922697321136,0.427117886073229,0.2896011913947168
pair_173_184,0,0.0,20,glide,none,93259,0,25,0.5124022960662842,0.45294285725758343,0.5346959561193609,0.9745821763669712
pair_173_184,0,0.0,20,steady,noise_burst,93259,0,26,0.5388326048851013,0.9218736807349089,0.8473420929949442,0.7471830834947882
pair_173_184,1,0.39269908169872414,20,steady,none,93368,0,30,1.0573548078536987,0.6381936472184652,0.4833354962277727,0.12445007992264902
pair_173_184,1,0.39269908169872414,20,steady,new_weak,93368,1,30,1.141563057899475,0.6533392414606652,0.5035478449727616,0.1940879089185135
pair_173_184,1,0.39269908169872414,20,steady,new_strong,93368,1,30,1.3935729265213013,0.8178178021237944,0.7046273599487884,0.5349738838587434
pair_173_184,1,0.39269908169872414,20,steady,same_pitch,93368,1,30,1.5276038646697998,0.8767790303729734,0.7295211923460206,0.5231047571081316
pair_173_184,1,0.39269908169872414,20,steady,two_notes,93368,2,30,1.8144713640213013,1.2375653720694373,1.1125162262489043,0.8818330399137723
pair_173_184,1,0.39269908169872414,20,decaying,none,93368,0,30,0.8912288546562195,0.5452105247908675,0.3233104541456066,0.11879528861177177
pair_173_184,2,0.7853981633974483,20,steady,none,93474,0,30,1.6019660234451294,0.7207722403549195,0.4810801785858751,0.11915201955978973
pair_173_184,2,0.7853981633974483,20,steady,new_weak,93474,1,30,1.6918097734451294,0.7383204457623767,0.5076966196873736,0.20449503374230502
pair_173_184,2,0.7853981633974483,20,steady,new_strong,93474,1,30,1.9358625411987305,0.9217981264063151,0.7510883537638618,0.5928358252313202
pair_173_184,2,0.7853981633974483,20,steady,same_pitch,93474,1,30,2.130033016204834,1.0705432425247066,0.8489183177882595,0.594200745074989
pair_173_184,2,0.7853981633974483,20,steady,two_notes,93474,2,30,2.3343000411987305,1.3970882655426904,1.209781307431392,0.9762612114948084
pair_173_184,2,0.7853981633974483,20,decaying,none,93474,0,30,1.3561519384384155,0.6128687609410397,0.30750609673648505,0.11511809987212543
pair_173_184,3,1.1780972450961724,20,steady,none,93580,0,30,2.083779811859131,0.8711013216920447,0.4716294846217199,0.11456449380263571
pair_173_184,3,1.1780972450961724,20,steady,new_weak,93580,1,30,2.183389186859131,0.8912771420702409,0.5083543031166157,0.2216936579198355
pair_173_184,3,1.1780972450961724,20,steady,new_strong,93580,1,30,2.440904140472412,1.0958773761049412,0.816135475834186,0.6759322561989398
pair_173_184,3,1.1780972450961724,20,steady,same_pitch,93580,1,30,2.6707942485809326,1.3397158044783462,0.9541070349323169,0.6761108817574003
pair_173_184,3,1.1780972450961724,20,steady,two_notes,93580,2,30,2.835541248321533,1.635788047820102,1.3343651427254168,1.1185576486716207
pair_173_184,3,1.1780972450961724,20,decaying,none,93580,0,30,1.791644811630249,0.7382472525197644,0.2973552586970808,0.11157194512091763
pair_173_184,4,1.5707963267948966,20,steady,none,93686,0,29,2.574458360671997,1.1475140996448745,0.47737232061026824,0.1207094487465682
pair_173_184,4,1.5707963267948966,20,steady,new_weak,93686,1,29,2.6830036640167236,1.1713960254233973,0.5313444193111779,0.25892709482917164
pair_173_184,4,1.5707963267948966,20,steady,new_strong,93686,1,29,2.957594633102417,1.3970292544818608,0.9270950794901636,0.7995601374615812
pair_173_184,4,1.5707963267948966,20,steady,same_pitch,93686,1,29,3.225372076034546,1.7734250468167712,1.1300741507283738,0.7997127093456546
pair_173_184,4,1.5707963267948966,20,steady,two_notes,93686,2,29,3.3991479873657227,1.9911279868414598,1.5157638549803516,1.3235645486721668
pair_173_184,4,1.5707963267948966,20,decaying,none,93686,0,29,2.254133462905884,0.9678036857896858,0.2912773663633889,0.11600014237374491
pair_173_184,4,1.5707963267948966,20,vibrato,none,93686,0,29,2.5080716609954834,1.108858414552368,0.4743886823441973,0.5786770530179303
pair_173_184,4,1.5707963267948966,20,glide,none,93686,0,30,2.534299373626709,1.2476696139562478,1.4292027234153044,1.7669417671665664
pair_173_184,4,1.5707963267948966,20,steady,noise_burst,93686,0,29,2.5850980281829834,1.6144087429701872,1.2621049434530478,1.202088002610156
pair_173_184,5,1.9634954084936207,20,steady,none,93795,0,29,2.9385221004486084,1.201645000010125,0.3820608558016375,0.1172793302520846
pair_173_184,5,1.9634954084936207,20,steady,new_weak,93795,1,29,3.0508060455322266,1.2367052595292993,0.46853904517092015,0.2899012777158249
pair_173_184,5,1.9634954084936207,20,steady,new_strong,93795,1,29,3.357211112976074,1.5329521808834266,1.0050891395781358,0.930882918944703
pair_173_184,5,1.9634954084936207,20,steady,same_pitch,93795,1,29,3.626793146133423,1.9638935029936042,1.1854134822954037,0.9404083826855848
pair_173_184,5,1.9634954084936207,20,steady,two_notes,93795,2,29,3.777895927429199,2.0419710424693447,1.6465247015094289,1.54842577923464
pair_173_184,5,1.9634954084936207,20,decaying,none,93795,0,29,2.622347354888916,1.031643980027558,0.2575305327770611,0.11357307699770343
pair_173_184,6,2.356194490192345,20,steady,none,93901,0,0,0.0,1.134409223289197,0.36427493614745493,0.11627919516831896
pair_173_184,6,2.356194490192345,20,steady,new_weak,93901,1,0,0.0,1.1789389630481495,0.4670979099405405,0.30874186119664265
pair_173_184,6,2.356194490192345,20,steady,new_strong,93901,1,0,0.0,1.5352491695285344,1.0683875545803971,1.0046811346812758
pair_173_184,6,2.356194490192345,20,steady,same_pitch,93901,1,0,0.0,1.8805238629411014,1.2412790704495316,1.0039044086300564
pair_173_184,6,2.356194490192345,20,steady,two_notes,93901,2,0,0.0,1.948249210329653,1.7509952046836197,1.6691589537933216
pair_173_184,6,2.356194490192345,20,decaying,none,93901,0,0,0.0,0.9695505500856678,0.24897861950790162,0.11277395604703339
pair_173_184,7,2.748893571891069,20,steady,none,94007,0,0,0.0,0.6651064733251169,0.33074080475849693,0.11497100570233626
pair_173_184,7,2.748893571891069,20,steady,new_weak,94007,1,0,0.0,0.7256003382886876,0.43211780389097626,0.29490150654181035
pair_173_184,7,2.748893571891069,20,steady,new_strong,94007,1,0,0.0,1.1733162880484156,1.009910277162682,0.9545629889348939
pair_173_184,7,2.748893571891069,20,steady,same_pitch,94007,1,0,0.0,1.2204464640831012,1.1495365558404795,0.9573804277059877
pair_173_184,7,2.748893571891069,20,steady,two_notes,94007,2,0,0.0,1.551903782567286,1.6274006949892663,1.5823864817237654
pair_173_184,7,2.748893571891069,20,decaying,none,94007,0,0,0.0,0.5719458090525772,0.24605117461162887,0.11167313632486708
pair_173_184,8,3.141592653589793,20,steady,none,94113,0,0,0.0,1.5694023431073776,0.29933922089984355,0.11866879010465971
pair_173_184,8,3.141592653589793,20,steady,new_weak,94113,1,0,0.0,1.5885399970579859,0.3816672608561375,0.25994905536910834
pair_173_184,8,3.141592653589793,20,steady,new_strong,94113,1,0,0.0,1.775712705811783,0.8743237478327791,0.8245658729908688
pair_173_184,8,3.141592653589793,20,steady,same_pitch,94113,1,0,0.0,1.4474480551822477,0.9962742724908306,0.8383217667848415
pair_173_184,8,3.141592653589793,20,steady,two_notes,94113,2,0,0.0,1.7185275610865498,1.3935070978558552,1.36750290322209
pair_173_184,8,3.141592653589793,20,decaying,none,94113,0,0,0.0,1.3416051751944498,0.22567012272435732,0.11392299062347959
pair_173_184,8,3.141592653589793,20,vibrato,none,94113,0,0,0.0,1.583603433086882,0.2926322459545853,0.22536430029008025
pair_173_184,8,3.141592653589793,20,glide,none,94113,0,0,0.0,1.6504298143279237,1.3194270256204759,0.8242737031524539
pair_173_184,8,3.141592653589793,20,steady,noise_burst,94113,0,0,0.0,2.042554108483743,1.279821976841683,1.248633428200646
pair_173_184,9,3.5342917352885173,20,steady,none,94222,0,0,0.0,1.425487359863883,0.23070468907105363,0.12073552689715182
pair_173_184,9,3.5342917352885173,20,steady,new_weak,94222,1,0,0.0,1.436310114023381,0.3037804095274158,0.2299197198982288
pair_173_184,9,3.5342917352885173,20,steady,new_strong,94222,1,0,0.0,1.57553144636889,0.7292520214455974,0.7003280417805463
pair_173_184,9,3.5342917352885173,20,steady,same_pitch,94222,1,0,0.0,1.1105467555647444,0.7811347608442754,0.7156685062264498
pair_173_184,9,3.5342917352885173,20,steady,two_notes,94222,2,0,0.0,1.6221025591803242,1.1620556032222638,1.1633008581239483
pair_173_184,9,3.5342917352885173,20,decaying,none,94222,0,0,0.0,1.2243188417106885,0.20176078267095465,0.11471348362403799
pair_173_184,10,3.9269908169872414,20,steady,none,94328,0,0,0.0,1.3096057026202481,0.23883238469438126,0.11641002698025428
pair_173_184,10,3.9269908169872414,20,steady,new_weak,94328,1,0,0.0,1.317474129187614,0.29277413304523364,0.20706336577839113
pair_173_184,10,3.9269908169872414,20,steady,new_strong,94328,1,0,0.0,1.4282716327548655,0.6402737475604081,0.6072309357194542
pair_173_184,10,3.9269908169872414,20,steady,same_pitch,94328,1,0,0.0,0.9974443124580683,0.5943303723478969,0.6034435493343758
pair_173_184,10,3.9269908169872414,20,steady,two_notes,94328,2,0,0.0,1.499589149661513,0.9851016363577553,0.9988020652481344
pair_173_184,10,3.9269908169872414,20,decaying,none,94328,0,0,0.0,1.1328293150691435,0.2160948018602026,0.1124149254686867
pair_173_184,11,4.319689898685965,20,steady,none,94434,0,0,0.0,0.9671179065895176,0.24560578813397416,0.12093185986928959
pair_173_184,11,4.319689898685965,20,steady,new_weak,94434,1,0,0.0,0.975140318977503,0.287239111936896,0.19638912098773934
pair_173_184,11,4.319689898685965,20,steady,new_strong,94434,1,0,0.0,1.0913373594251965,0.582349689699228,0.5473515405847142
pair_173_184,11,4.319689898685965,20,steady,same_pitch,94434,1,0,0.0,0.7213670905823903,0.48473125329784017,0.547721578226083
pair_173_184,11,4.319689898685965,20,steady,two_notes,94434,2,0,0.0,1.2679403497498614,0.8967777361632185,0.8886363911874796
pair_173_184,11,4.319689898685965,20,decaying,none,94434,0,0,0.0,0.8366609445174737,0.20982399983661404,0.11570172316461577
pair_173_184,12,4.71238898038469,20,steady,none,94540,0,0,0.0,0.8023973093716595,0.2845066315508172,0.11947811596243588
pair_173_184,12,4.71238898038469,20,steady,new_weak,94540,1,0,0.0,0.8106233565145287,0.31442324614258027,0.1852748049712321
pair_173_184,12,4.71238898038469,20,steady,new_strong,94540,1,0,0.0,0.9280115468480995,0.5608744131200218,0.5053507000460615
pair_173_184,12,4.71238898038469,20,steady,same_pitch,94540,1,0,0.0,0.623278685384369,0.4277406680949091,0.49863636829744795
pair_173_184,12,4.71238898038469,20,steady,two_notes,94540,2,0,0.0,1.1486944106132972,0.8558163649187339,0.8192938555125081
pair_173_184,12,4.71238898038469,20,decaying,none,94540,0,0,0.0,0.6946787575081582,0.22160919276708937,0.11475811470457833
pair_173_184,12,4.71238898038469,20,vibrato,none,94540,0,0,0.0,0.7843251337855682,0.2601493041393847,0.1953062230081295
pair_173_184,12,4.71238898038469,20,glide,none,94540,0,0,0.0,0.7476002724784843,0.3040744498118869,0.3066076052429076
pair_173_184,12,4.71238898038469,20,steady,noise_burst,94540,0,0,0.0,1.080727081461221,0.7962410373126095,0.7590982263224955
pair_173_184,13,5.105088062083414,20,steady,none,94649,0,0,0.0,0.6893883356849942,0.34505638507694797,0.12049084179274079
pair_173_184,13,5.105088062083414,20,steady,new_weak,94649,1,0,0.0,0.6980084867211108,0.36596547266595725,0.17905670402742263
pair_173_184,13,5.105088062083414,20,steady,new_strong,94649,1,0,0.0,0.8192866095180948,0.5702749753456675,0.47961987860578464
pair_173_184,13,5.105088062083414,20,steady,same_pitch,94649,1,0,0.0,0.5860407824559416,0.40445123533037675,0.47476895262761765
pair_173_184,13,5.105088062083414,20,steady,two_notes,94649,2,0,0.0,1.0773401305285042,0.8511399497091998,0.781405443816879
pair_173_184,13,5.105088062083414,20,decaying,none,94649,0,1,0.002342968015000224,0.5958589703210677,0.24761376016002176,0.11632041763645802
pair_173_184,14,5.497787143782138,20,steady,none,94755,0,0,0.0,0.6319578591400188,0.3784471642678549,0.11562369103464744
pair_173_184,14,5.497787143782138,20,steady,new_weak,94755,1,0,0.0,0.6408521302731863,0.3955239458748178,0.1718625472452405
pair_173_184,14,5.497787143782138,20,steady,new_strong,94755,1,0,0.0,0.7665718031056546,0.5814813955502269,0.46754204038067926
pair_173_184,14,5.497787143782138,20,steady,same_pitch,94755,1,0,0.0,0.6244750506768886,0.4534036764547136,0.46653950594106547
pair_173_184,14,5.497787143782138,20,steady,two_notes,94755,2,0,0.0,1.0704687571252536,0.8864980284120694,0.7664459705653278
pair_173_184,14,5.497787143782138,20,decaying,none,94755,0,14,0.0,0.5451696288187005,0.26524305813072413,0.1115455847782352
pair_173_184,15,5.890486225480862,20,steady,none,94861,0,21,0.0,0.5561392711727984,0.38157195478724,0.11680187668396473
pair_173_184,15,5.890486225480862,20,steady,new_weak,94861,1,21,0.05644066259264946,0.5672664103325296,0.39904243759496466,0.17340883387278222
pair_173_184,15,5.890486225480862,20,steady,new_strong,94861,1,21,0.5466099977493286,0.7107682737811398,0.5877744239466742,0.4725358381642825
pair_173_184,15,5.890486225480862,20,steady,same_pitch,94861,1,21,0.644483745098114,0.6359444095862151,0.4864724804166903,0.4721590875686886
pair_173_184,15,5.890486225480862,20,steady,two_notes,94861,2,21,1.3217297792434692,1.0476330445148057,0.9059491252522233,0.772759562279718
pair_173_184,15,5.890486225480862,20,decaying,none,94861,0,23,0.00034272458287887275,0.4771265126953966,0.2523232296278716,0.11282557566401279
inharmonic_137,0,0.0,20,steady,none,93367,0,1,0.009341727942228317,0.1713368654003527,0.16898910266965497,0.16922412493691563
inharmonic_137,0,0.0,20,steady,new_weak,93367,1,1,0.025853915140032768,0.22259559932368364,0.22121614664985548,0.22101403709283085
inharmonic_137,0,0.0,20,steady,new_strong,93367,1,1,0.11612491309642792,0.5438613144245786,0.5437277631845153,0.5432571541522488
inharmonic_137,0,0.0,20,steady,same_pitch,93367,1,1,0.008944999426603317,0.5449465365229301,0.5442643521583436,0.548089693971132
inharmonic_137,0,0.0,20,steady,two_notes,93367,2,1,0.11404971778392792,0.8845713793459093,0.8849289450889192,0.8836065855734313
inharmonic_137,0,0.0,20,decaying,none,93367,0,1,0.004602734465152025,0.1503907165237416,0.15007717417611727,0.1511356024815328
inharmonic_137,0,0.0,20,vibrato,none,93367,0,1,0.009506072849035263,0.2049984862203212,0.17005836146380895,0.21063949870239543
inharmonic_137,0,0.0,20,glide,none,93367,0,1,0.00806525070220232,0.329757593779103,0.9452527504312875,0.6591583378827368
inharmonic_137,0,0.0,20,steady,noise_burst,93367,0,1,0.19009952247142792,0.8282679309125252,0.827986000658321,0.8268091631638261
inharmonic_137,1,0.39269908169872414,20,steady,none,93476,0,0,0.0,0.1710839802673935,0.1651939721312492,0.16647425066450125
inharmonic_137,1,0.39269908169872414,20,steady,new_weak,93476,1,0,0.0,0.22448910993311563,0.2208144076504577,0.22169652861555708
inharmonic_137,1,0.39269908169872414,20,steady,new_strong,93476,1,0,0.0,0.5439549660030386,0.5432416149980077,0.5435219429218296
inharmonic_137,1,0.39269908169872414,20,steady,same_pitch,93476,1,0,0.0,0.5431796389811352,0.5341373703731829,0.5387569105546571
inharmonic_137,1,0.39269908169872414,20,steady,two_notes,93476,2,0,0.0,0.8823616842194485,0.8802125406568649,0.8791134614551285
inharmonic_137,1,0.39269908169872414,20,decaying,none,93476,0,0,0.0,0.15050269706160788,0.1486143997898485,0.14942779912079712
inharmonic_137,2,0.7853981633974483,20,steady,none,93582,0,0,0.0,0.16859032400516652,0.16781052786129647,0.1720471605945165
inharmonic_137,2,0.7853981633974483,20,steady,new_weak,93582,1,0,0.0,0.22314771292640026,0.2223741396279535,0.2253665529557751
inharmonic_137,2,0.7853981633974483,20,steady,new_strong,93582,1,0,0.0,0.5426361959365935,0.5421287652123465,0.5431329067814998
inharmonic_137,2,0.7853981633974483,20,steady,same_pitch,93582,1,0,0.0,0.5346616798959535,0.5339100147604643,0.5387119466213967
inharmonic_137,2,0.7853981633974483,20,steady,two_notes,93582,2,0,0.0,0.8788430871139383,0.8786738526052776,0.8780627357753904
inharmonic_137,2,0.7853981633974483,20,decaying,none,93582,0,1,0.004621443338692188,0.1478448880805745,0.15002177547368561,0.15403484200240852
inharmonic_137,3,1.1780972450961724,20,steady,none,93688,0,0,0.0,0.17179866499740826,0.16302258932422148,0.16760924872795
inharmonic_137,3,1.1780972450961724,20,steady,new_weak,93688,1,0,0.0,0.2276729667651141,0.22164400026474063,0.22465492312599336
inharmonic_137,3,1.1780972450961724,20,steady,new_strong,93688,1,0,0.0,0.5451584723480342,0.5431966424132247,0.544035434570834
inharmonic_137,3,1.1780972450961724,20,steady,same_pitch,93688,1,0,0.0,0.5262464397763817,0.5285818112194631,0.5281402961071728
inharmonic_137,3,1.1780972450961724,20,steady,two_notes,93688,2,0,0.0,0.8785439792765348,0.8777510777160157,0.8773587732155538
inharmonic_137,3,1.1780972450961724,20,decaying,none,93688,0,0,0.0,0.1496035961858212,0.14776018923522294,0.1507640179738347
inharmonic_137,4,1.5707963267948966,20,steady,none,93794,0,0,0.0,0.17008808663737057,0.1666061421038254,0.16405519665226972
inharmonic_137,4,1.5707963267948966,20,steady,new_weak,93794,1,0,0.0,0.22362702665586578,0.22068510721180207,0.21842885946885562
inharmonic_137,4,1.5707963267948966,20,steady,new_strong,93794,1,0,0.0,0.5424888712079639,0.5409714365595235,0.539714014121777
inharmonic_137,4,1.5707963267948966,20,steady,same_pitch,93794,1,0,0.0,0.5324535319127743,0.5345863001972377,0.5296708521583348
inharmonic_137,4,1.5707963267948966,20,steady,two_notes,93794,2,0,0.0,0.8760489887009684,0.8750421805174261,0.8744003232223398
inharmonic_137,4,1.5707963267948966,20,decaying,none,93794,0,0,0.0,0.1487368993335933,0.15036206945707692,0.14931604272624777
inharmonic_137,4,1.5707963267948966,20,vibrato,none,93794,0,0,0.0,0.220663497190555,0.26436651201386885,0.28292871862464647
inharmonic_137,4,1.5707963267948966,20,glide,none,93794,0,0,0.0,0.3315327907606913,0.9073240106595419,0.6094121223267087
inharmonic_137,4,1.5707963267948966,20,steady,noise_burst,93794,0,0,0.0,0.7963042194888587,0.7961593516476961,0.7953255226990066
inharmonic_137,5,1.9634954084936207,20,steady,none,93903,0,0,0.0,0.18195202371503086,0.16713077104763968,0.16785525410164875
inharmonic_137,5,1.9634954084936207,20,steady,new_weak,93903,1,0,0.0,0.23700869650679865,0.22613959666113545,0.22685779794036168
inharmonic_137,5,1.9634954084936207,20,steady,new_strong,93903,1,0,0.0,0.5585094676287599,0.5542999357539511,0.5547795869014724
inharmonic_137,5,1.9634954084936207,20,steady,same_pitch,93903,1,0,0.0,0.5267856524150062,0.5354774359746799,0.5235698028336235
inharmonic_137,5,1.9634954084936207,20,steady,two_notes,93903,2,0,0.0,0.8936322736401557,0.8942482580963856,0.8958113862873256
inharmonic_137,5,1.9634954084936207,20,decaying,none,93903,0,0,0.0,0.15879783296609631,0.14852755622628364,0.1516102310875243
inharmonic_137,6,2.356194490192345,20,steady,none,94009,0,0,0.0,0.17201357239266293,0.16440926766450234,0.16401184585709697
inharmonic_137,6,2.356194490192345,20,steady,new_weak,94009,1,0,0.0,0.23002947684649497,0.22416316391053134,0.2237283792006685
inharmonic_137,6,2.356194490192345,20,steady,new_strong,94009,1,0,0.0,0.5598550350842025,0.5572322568630348,0.5569133814495195
inharmonic_137,6,2.356194490192345,20,steady,same_pitch,94009,1,0,0.0,0.5593468692088363,0.5496511483851055,0.5379171842802231
inharmonic_137,6,2.356194490192345,20,steady,two_notes,94009,2,0,0.0,0.9017088600800185,0.9013533702163395,0.9018893147612707
inharmonic_137,6,2.356194490192345,20,decaying,none,94009,0,1,0.0025513828732073307,0.1501217050922609,0.14568656380744796,0.14846836059932278
inharmonic_137,7,2.748893571891069,20,steady,none,94115,0,1,0.0070757195353507996,0.1707741716399391,0.1676134415748273,0.16612905293696734
inharmonic_137,7,2.748893571891069,20,steady,new_weak,94115,1,1,0.018570005893707275,0.23229134412323427,0.2307456894314563,0.23032408980700528
inharmonic_137,7,2.748893571891069,20,steady,new_strong,94115,1,1,0.12339788675308228,0.5645755619469126,0.5647251644133771,0.5652191312546145
inharmonic_137,7,2.748893571891069,20,steady,same_pitch,94115,1,1,0.0071672722697257996,0.5432364813164716,0.539785443834411,0.5266623586039793
inharmonic_137,7,2.748893571891069,20,steady,two_notes,94115,2,1,0.12400823831558228,0.9076952471180556,0.9079235076150528,0.9104285167080154
inharmonic_137,7,2.748893571891069,20,decaying,none,94115,0,1,0.0039834207855165005,0.1494957714908538,0.1475151448909079,0.1506817728825699
inharmonic_137,8,3.141592653589793,20,steady,none,94221,0,0,0.0,0.17724432081070507,0.17422584590594395,0.16582964312463475
inharmonic_137,8,3.141592653589793,20,steady,new_weak,94221,1,0,0.0,0.235095851375729,0.23310643645035556,0.22769175063938396
inharmonic_137,8,3.141592653589793,20,steady,new_strong,94221,1,0,0.0,0.5625656796554933,0.5620252072683848,0.5606045842694665
inharmonic_137,8,3.141592653589793,20,steady,same_pitch,94221,1,0,0.0,0.5531097504367368,0.5526112270715597,0.5347501355682965
inharmonic_137,8,3.141592653589793,20,steady,two_notes,94221,2,0,0.0,0.9001944710966362,0.9013731745994209,0.9020767041686523
inharmonic_137,8,3.141592653589793,20,decaying,none,94221,0,2,0.24662598967552185,0.1534690811682956,0.15275288632106793,0.14651230661283668
inharmonic_137,8,3.141592653589793,20,vibrato,none,94221,0,0,0.0,0.21670235886856143,0.19176352230870342,0.18524715547541448
inharmonic_137,8,3.141592653589793,20,glide,none,94221,0,0,0.0,0.3549007256063499,1.036827856632495,0.6590714481495908
inharmonic_137,8,3.141592653589793,20,steady,noise_burst,94221,0,0,0.0,0.8451401959449999,0.8446552645032518,0.8425030303840241
inharmonic_137,9,3.5342917352885173,20,steady,none,94330,0,0,0.0,0.17357131728257674,0.16835963865293205,0.16729792701540053
inharmonic_137,9,3.5342917352885173,20,steady,new_weak,94330,1,0,0.0,0.22996750513008993,0.2269624914568318,0.22698506854438236
inharmonic_137,9,3.5342917352885173,20,steady,new_strong,94330,1,0,0.0,0.5576612007643272,0.5573466763053071,0.558177495212631
inharmonic_137,9,3.5342917352885173,20,steady,same_pitch,94330,1,0,0.0,0.5425268199181109,0.5421215550767259,0.5258540632383456
inharmonic_137,9,3.5342917352885173,20,steady,two_notes,94330,2,0,0.0,0.9001303348816879,0.9009143134428723,0.902587897487006
inharmonic_137,9,3.5342917352885173,20,decaying,none,94330,0,3,0.16394132375717163,0.15197815017357427,0.14924565657888478,0.14728883659398434
inharmonic_137,10,3.9269908169872414,20,steady,none,94436,0,0,0.0,0.18482717360354964,0.17153612048748468,0.17402661321991114
inharmonic_137,10,3.9269908169872414,20,steady,new_weak,94436,1,0,0.0,0.2387727012920099,0.22993351057907313,0.23200662948425732
inharmonic_137,10,3.9269908169872414,20,steady,new_strong,94436,1,0,0.0,0.5595702268515669,0.5571889310606796,0.5582649460480229
inharmonic_137,10,3.9269908169872414,20,steady,same_pitch,94436,1,0,0.0,0.5194790915571383,0.525517661891642,0.5156539304087162
inharmonic_137,10,3.9269908169872414,20,steady,two_notes,94436,2,0,0.0,0.9014968588033426,0.8991766435129378,0.9011882844762278
inharmonic_137,10,3.9269908169872414,20,decaying,none,94436,0,1,0.0,0.16085668602249314,0.15451971893972785,0.15560449962882228
inharmonic_137,11,4.319689898685965,20,steady,none,94542,0,0,0.0,0.1715405448680429,0.1655711422364179,0.17136074080878325
inharmonic_137,11,4.319689898685965,20,steady,new_weak,94542,1,0,0.0,0.22528391603445128,0.22227323048329156,0.22725732247217198
inharmonic_137,11,4.319689898685965,20,steady,new_strong,94542,1,0,0.0,0.5506734991363967,0.5509592567999291,0.553643484395043
inharmonic_137,11,4.319689898685965,20,steady,same_pitch,94542,1,0,0.0,0.5559984866524855,0.5453551486158164,0.5374840873929162
inharmonic_137,11,4.319689898685965,20,steady,two_notes,94542,2,0,0.0,0.8950018835470867,0.8946296592212425,0.8969962890680951
inharmonic_137,11,4.319689898685965,20,decaying,none,94542,0,0,0.0,0.15019218069604198,0.14919286705303808,0.15755765285054668
inharmonic_137,12,4.71238898038469,20,steady,none,94648,0,0,0.0,0.17344334998772643,0.17015744864034227,0.17555041072911995
inharmonic_137,12,4.71238898038469,20,steady,new_weak,94648,1,0,0.0,0.23242553348902628,0.2291387951292309,0.23474742424379574
inharmonic_137,12,4.71238898038469,20,steady,new_strong,94648,1,0,0.0,0.5592534514362807,0.5570254700812214,0.5610014087159463
inharmonic_137,12,4.71238898038469,20,steady,same_pitch,94648,1,0,0.0,0.5449426315400705,0.5422206229109902,0.5265571336676387
inharmonic_137,12,4.71238898038469,20,steady,two_notes,94648,2,0,0.0,0.9028304374967197,0.9007371749085377,0.9035211826024635
inharmonic_137,12,4.71238898038469,20,decaying,none,94648,0,0,0.0,0.15152415622912635,0.1500559993615677,0.1591796527123218
inharmonic_137,12,4.71238898038469,20,vibrato,none,94648,0,0,0.0,0.18162987253294785,0.24844731082236884,0.2453137809458428
inharmonic_137,12,4.71238898038469,20,glide,none,94648,0,0,0.0,0.3807439670716737,1.075452012901889,0.7206291706874791
inharmonic_137,12,4.71238898038469,20,steady,noise_burst,94648,0,0,0.0,0.8134745946648243,0.8135872463807206,0.8134440845695626
inharmonic_137,13,5.105088062083414,20,steady,none,94757,0,0,0.0,0.18381679037754206,0.17376755699409316,0.1649066872016601
inharmonic_137,13,5.105088062083414,20,steady,new_weak,94757,1,0,0.0,0.23580220974778054,0.22829994997732087,0.22363040788823188
inharmonic_137,13,5.105088062083414,20,steady,new_strong,94757,1,0,0.0,0.5576559562227608,0.5547769235611668,0.5548817254720244
inharmonic_137,13,5.105088062083414,20,steady,same_pitch,94757,1,0,0.0,0.5510674713286092,0.5475169084020787,0.5402132280570852
inharmonic_137,13,5.105088062083414,20,steady,two_notes,94757,2,0,0.0,0.902708711432365,0.8986914452965884,0.8989897894339066
inharmonic_137,13,5.105088062083414,20,decaying,none,94757,0,1,0.007579187862575054,0.16143843087962736,0.1519626645783166,0.15040589112700145
inharmonic_137,14,5.497787143782138,20,steady,none,94863,0,1,0.01367281749844551,0.1844366377418441,0.17904849650951066,0.1754923755043225
inharmonic_137,14,5.497787143782138,20,steady,new_weak,94863,1,1,0.03322673216462135,0.23704415944066942,0.23298860494495718,0.2300059173275084
inharmonic_137,14,5.497787143782138,20,steady,new_strong,94863,1,1,0.18156419694423676,0.5580077254325765,0.5564144523062327,0.554901461227979
inharmonic_137,14,5.497787143782138,20,steady,same_pitch,94863,1,1,0.012735072523355484,0.5507270828768652,0.5498542702474585,0.5419239695590408
inharmonic_137,14,5.497787143782138,20,steady,two_notes,94863,2,1,0.18351732194423676,0.8996897661498856,0.8977464265844937,0.8968120670932269
inharmonic_137,14,5.497787143782138,20,decaying,none,94863,0,1,0.008599271066486835,0.16060445367691967,0.15701884840468977,0.15736861001510358
inharmonic_137,15,5.890486225480862,20,steady,none,94969,0,0,0.0,0.17173881074159655,0.16728445373418452,0.17217980195017252
inharmonic_137,15,5.890486225480862,20,steady,new_weak,94969,1,0,0.0,0.22583002738216892,0.2229449366563804,0.22545750094228853
inharmonic_137,15,5.890486225480862,20,steady,new_strong,94969,1,0,0.0,0.5503774496975252,0.5496899272641362,0.5494977397740206
inharmonic_137,15,5.890486225480862,20,steady,same_pitch,94969,1,0,0.0,0.5397271592243524,0.5390401170726308,0.5480403021925215
inharmonic_137,15,5.890486225480862,20,steady,two_notes,94969,2,0,0.0,0.8933379011264109,0.8914901897560045,0.8899704997227562
inharmonic_137,15,5.890486225480862,20,decaying,none,94969,0,0,0.0,0.1500475874145668,0.14810343962304354,0.15458128557342016
