variant,global_index,fold,piece,recording_id,start_sample,truth,baseline,parent,candidate,profile,local_gain_min,local_gain_max,matching_support_mean,blocked,effect_vs_parent
regression_loops_posthoc__tree_group_audit__blend_0.25__cost_1__no_favorable_group,605,0,BN2-166-Ab,00_BN2-166-Ab_comp.jams,113167,3,2,3,3,mixed,-0.06328514218330383,0.2717592716217041,0.3033234126984127,False,0
regression_loops_posthoc__tree_group_audit__blend_0.25__cost_1__no_favorable_group,629,0,BN2-166-Ab,00_BN2-166-Ab_comp.jams,240016,2,4,3,3,mixed,-0.12170517444610596,0.1232638955116272,0.4954304245283019,False,0
regression_loops_posthoc__tree_group_audit__blend_0.25__cost_1__no_favorable_group,667,0,BN2-166-Ab,00_BN2-166-Ab_comp.jams,362179,2,3,2,2,mixed,-0.19766171276569366,0.015223473310470581,0.34023085585585583,False,0
regression_loops_posthoc__tree_group_audit__blend_0.25__cost_1__no_favorable_group,712,0,BN2-166-Ab,00_BN2-166-Ab_comp.jams,533113,3,2,3,3,mixed,-0.06868687272071838,0.027179032564163208,0.5379464285714286,False,0
regression_loops_posthoc__tree_group_audit__blend_0.25__cost_1__no_favorable_group,715,0,BN2-166-Ab,00_BN2-166-Ab_comp.jams,549345,3,4,2,4,regression_favored,-0.390300989151001,-0.390300989151001,0.21875,True,0
regression_loops_posthoc__tree_group_audit__blend_0.25__cost_1__no_favorable_group,737,0,BN2-166-Ab,00_BN2-166-Ab_comp.jams,622208,3,4,2,2,mixed,-0.10622251033782959,0.27798742055892944,0.31208517699115046,False,0
regression_loops_posthoc__tree_group_audit__blend_0.25__cost_1__no_favorable_group,760,0,BN2-166-Ab,00_BN2-166-Ab_comp.jams,709555,3,3,4,4,correction_favored,0.037037044763565063,0.25471699237823486,0.234375,False,0
regression_loops_posthoc__tree_group_audit__blend_0.25__cost_1__no_favorable_group,830,0,BN2-166-Ab,00_BN2-166-Ab_comp.jams,990750,2,2,3,3,correction_favored,0.002903580665588379,0.196891188621521,0.35192757009345793,False,0
regression_loops_posthoc__tree_group_audit__blend_0.25__cost_1__no_favorable_group,7407,0,Jazz3-150-C,00_Jazz3-150-C_comp.jams,106489,2,3,2,2,mixed,-0.20852917432785034,0.300245076417923,0.4972067039106145,False,0
regression_loops_posthoc__tree_group_audit__blend_0.25__cost_1__no_favorable_group,7438,0,Jazz3-150-C,00_Jazz3-150-C_comp.jams,188327,3,2,3,3,mixed,-0.15898039937019348,0.24637679755687714,0.4377385496183206,False,0
regression_loops_posthoc__tree_group_audit__blend_0.25__cost_1__no_favorable_group,7476,0,Jazz3-150-C,00_Jazz3-150-C_comp.jams,325620,2,3,2,2,mixed,-0.05521287024021149,0.13482987880706787,0.39427083333333335,False,0
regression_loops_posthoc__tree_group_audit__blend_0.25__cost_1__no_favorable_group,7484,0,Jazz3-150-C,00_Jazz3-150-C_comp.jams,345289,4,4,3,3,mixed,-0.32995498180389404,0.14328357577323914,0.49701544943820225,False,0
regression_loops_posthoc__tree_group_audit__blend_0.25__cost_1__no_favorable_group,7493,0,Jazz3-150-C,00_Jazz3-150-C_comp.jams,369876,3,3,2,3,regression_favored,-0.311956524848938,-0.011023864150047302,0.6049311926605505,True,1
regression_loops_posthoc__tree_group_audit__blend_0.25__cost_1__no_favorable_group,7516,0,Jazz3-150-C,00_Jazz3-150-C_comp.jams,423370,4,3,2,2,mixed,-0.08461230993270874,0.08558598160743713,0.328125,False,0
regression_loops_posthoc__tree_group_audit__blend_0.25__cost_1__no_favorable_group,7532,0,Jazz3-150-C,00_Jazz3-150-C_comp.jams,486239,2,3,2,2,mixed,-0.0757167786359787,0.15605928003787994,0.3836969339622642,False,0
regression_loops_posthoc__tree_group_audit__blend_0.25__cost_1__no_favorable_group,7546,0,Jazz3-150-C,00_Jazz3-150-C_comp.jams,521083,3,2,3,3,mixed,-0.14981752634048462,0.028158754110336304,0.4574468085106383,False,0
regression_loops_posthoc__tree_group_audit__blend_0.25__cost_1__no_favorable_group,7559,0,Jazz3-150-C,00_Jazz3-150-C_comp.jams,545730,3,2,3,3,mixed,-0.09669420123100281,0.08616456389427185,0.2035060975609756,False,0
regression_loops_posthoc__tree_group_audit__blend_0.25__cost_1__no_favorable_group,7573,0,Jazz3-150-C,00_Jazz3-150-C_comp.jams,599658,4,3,4,3,regression_favored,-0.24712343513965607,-0.05294385552406311,0.078125,True,-1
regression_loops_posthoc__tree_group_audit__blend_0.25__cost_1__no_favorable_group,7614,0,Jazz3-150-C,00_Jazz3-150-C_comp.jams,750329,2,3,2,2,mixed,-0.026497066020965576,0.1372767686843872,0.3396875,False,0
regression_loops_posthoc__tree_group_audit__blend_0.25__cost_1__no_favorable_group,7629,0,Jazz3-150-C,00_Jazz3-150-C_comp.jams,811527,4,4,3,3,mixed,-0.13953489065170288,0.19330669939517975,0.6341683884297521,False,0
regression_loops_posthoc__tree_group_audit__blend_0.25__cost_1__no_favorable_group,7651,0,Jazz3-150-C,00_Jazz3-150-C_comp.jams,864275,3,3,2,2,correction_favored,0.13878607749938965,0.21648351848125458,0.25,False,0
regression_loops_posthoc__tree_group_audit__blend_0.25__cost_1__no_favorable_group,7668,0,Jazz3-150-C,00_Jazz3-150-C_comp.jams,911307,3,3,4,3,regression_favored,-0.24712343513965607,-0.005324810743331909,0.078125,True,1
regression_loops_posthoc__tree_group_audit__blend_0.25__cost_1__no_favorable_group,7681,0,Jazz3-150-C,00_Jazz3-150-C_comp.jams,953016,5,4,3,3,mixed,-0.09415066242218018,0.15789473056793213,0.7415108267716536,False,0
regression_loops_posthoc__tree_group_audit__blend_0.25__cost_1__no_favorable_group,7710,0,Jazz3-150-C,00_Jazz3-150-C_comp.jams,1021322,2,2,3,2,regression_favored,-0.16158536076545715,-0.16158536076545715,0.1875,True,1
regression_loops_posthoc__tree_group_audit__blend_0.25__cost_1__no_favorable_group,7716,0,Jazz3-150-C,00_Jazz3-150-C_comp.jams,1032874,3,2,3,3,mixed,-0.27344632148742676,0.01759013533592224,0.20893595041322313,False,0
regression_loops_posthoc__tree_group_audit__blend_0.25__cost_1__no_favorable_group,7725,0,Jazz3-150-C,00_Jazz3-150-C_comp.jams,1058407,5,4,3,3,mixed,-0.06253141164779663,0.37922707200050354,0.6221751412429378,False,0
regression_loops_posthoc__tree_group_audit__blend_0.25__cost_1__no_favorable_group,7976,0,Jazz3-150-C,00_Jazz3-150-C_solo.jams,774878,1,2,3,3,mixed,-0.06926408410072327,0.12624585628509521,0.3985054347826087,False,0
regression_loops_posthoc__tree_group_audit__blend_0.25__cost_1__no_favorable_group,7986,0,Jazz3-150-C,00_Jazz3-150-C_solo.jams,863608,1,2,3,2,regression_favored,-0.19728997349739075,-0.015615612268447876,0.4645432692307692,True,0
regression_loops_posthoc__tree_group_audit__blend_0.25__cost_1__no_favorable_group,9643,0,Rock2-142-D,00_Rock2-142-D_comp.jams,19528,5,2,4,4,mixed,-0.38461539149284363,0.07792207598686218,0.03782894736842105,False,0
regression_loops_posthoc__tree_group_audit__blend_0.25__cost_1__no_favorable_group,9649,0,Rock2-142-D,00_Rock2-142-D_comp.jams,35507,4,4,3,4,regression_favored,-0.20861458778381348,-0.06966966390609741,0.5649671052631579,True,1
regression_loops_posthoc__tree_group_audit__blend_0.25__cost_1__no_favorable_group,9682,0,Rock2-142-D,00_Rock2-142-D_comp.jams,108595,5,2,3,3,mixed,-0.09380462765693665,0.07547715306282043,0.267578125,False,0
regression_loops_posthoc__tree_group_audit__blend_0.25__cost_1__no_favorable_group,9694,0,Rock2-142-D,00_Rock2-142-D_comp.jams,136526,3,4,3,3,correction_favored,0.13114753365516663,0.2636059522628784,0.5733695652173914,False,0
regression_loops_posthoc__tree_group_audit__blend_0.25__cost_1__no_favorable_group,9699,0,Rock2-142-D,00_Rock2-142-D_comp.jams,150043,2,3,2,2,mixed,-0.14686283469200134,0.28985506296157837,0.45366612554112556,False,0
regression_loops_posthoc__tree_group_audit__blend_0.25__cost_1__no_favorable_group,9779,0,Rock2-142-D,00_Rock2-142-D_comp.jams,345679,5,4,5,5,correction_favored,0.0,0.42533940076828003,0.1430619266055046,False,0
regression_loops_posthoc__tree_group_audit__blend_0.25__cost_1__no_favorable_group,9790,0,Rock2-142-D,00_Rock2-142-D_comp.jams,384200,4,3,4,3,regression_favored,-0.3730822801589966,-0.014618843793869019,0.162109375,True,-1
regression_loops_posthoc__tree_group_audit__blend_0.25__cost_1__no_favorable_group,9808,0,Rock2-142-D,00_Rock2-142-D_comp.jams,434602,5,4,2,2,correction_favored,0.02181817591190338,0.2978436350822449,0.140625,False,0
regression_loops_posthoc__tree_group_audit__blend_0.25__cost_1__no_favorable_group,9818,0,Rock2-142-D,00_Rock2-142-D_comp.jams,461896,3,4,5,5,correction_favored,0.1965811848640442,0.4028340280056,0.28267045454545453,False,0
regression_loops_posthoc__tree_group_audit__blend_0.25__cost_1__no_favorable_group,9855,0,Rock2-142-D,00_Rock2-142-D_comp.jams,544399,4,4,3,3,mixed,-0.21175794303417206,0.033483922481536865,0.5986607142857143,False,0
regression_loops_posthoc__tree_group_audit__blend_0.25__cost_1__no_favorable_group,9866,0,Rock2-142-D,00_Rock2-142-D_comp.jams,566788,4,3,2,2,correction_favored,0.15029089152812958,0.37477636337280273,0.5001481042654028,False,0
regression_loops_posthoc__tree_group_audit__blend_0.25__cost_1__no_favorable_group,9868,0,Rock2-142-D,00_Rock2-142-D_comp.jams,570756,4,4,3,3,correction_favored,0.100613072514534,0.10896308720111847,0.7291666666666666,False,0
regression_loops_posthoc__tree_group_audit__blend_0.25__cost_1__no_favorable_group,9893,0,Rock2-142-D,00_Rock2-142-D_comp.jams,629212,4,3,2,2,mixed,-0.016429126262664795,0.19502168893814087,0.40217391304347827,False,0
regression_loops_posthoc__tree_group_audit__blend_0.25__cost_1__no_favorable_group,9899,0,Rock2-142-D,00_Rock2-142-D_comp.jams,642915,5,4,3,3,mixed,-0.17110469937324524,0.07549294829368591,0.671073717948718,False,0
regression_loops_posthoc__tree_group_audit__blend_0.25__cost_1__no_favorable_group,9910,0,Rock2-142-D,00_Rock2-142-D_comp.jams,670960,3,2,3,3,mixed,-0.08627316355705261,0.08678498864173889,0.41818181818181815,False,0
regression_loops_posthoc__tree_group_audit__blend_0.25__cost_1__no_favorable_group,9917,0,Rock2-142-D,00_Rock2-142-D_comp.jams,688774,5,4,5,5,correction_favored,0.4172043204307556,0.5153061151504517,0.23958333333333334,False,0
regression_loops_posthoc__tree_group_audit__blend_0.25__cost_1__no_favorable_group,9923,0,Rock2-142-D,00_Rock2-142-D_comp.jams,704291,3,2,3,3,mixed,-0.031168848276138306,0.26346153020858765,0.1875,False,0
regression_loops_posthoc__tree_group_audit__blend_0.25__cost_1__no_favorable_group,9927,0,Rock2-142-D,00_Rock2-142-D_comp.jams,717408,4,3,4,4,mixed,-0.2528248429298401,0.007731959223747253,0.10798611111111112,False,0
regression_loops_posthoc__tree_group_audit__blend_0.25__cost_1__no_favorable_group,9936,0,Rock2-142-D,00_Rock2-142-D_comp.jams,740214,3,4,2,2,mixed,-0.13322632014751434,0.3333333134651184,0.09300986842105263,False,0
regression_loops_posthoc__tree_group_audit__blend_0.25__cost_1__no_favorable_group,9954,0,Rock2-142-D,00_Rock2-142-D_comp.jams,778192,4,2,3,2,regression_favored,-0.060713618993759155,-0.03129151463508606,0.484375,True,0
regression_loops_posthoc__tree_group_audit__blend_0.25__cost_1__no_favorable_group,9966,0,Rock2-142-D,00_Rock2-142-D_comp.jams,801749,2,3,2,2,mixed,-0.052910059690475464,0.30064988136291504,0.5803084061135371,False,0
regression_loops_posthoc__tree_group_audit__blend_0.25__cost_1__no_favorable_group,9977,0,Rock2-142-D,00_Rock2-142-D_comp.jams,829739,4,4,3,3,mixed,-0.1618775576353073,0.24671052396297455,0.7236328125,False,0
regression_loops_posthoc__tree_group_audit__blend_0.25__cost_1__no_favorable_group,9981,0,Rock2-142-D,00_Rock2-142-D_comp.jams,839497,4,4,5,5,mixed,-0.2142857015132904,0.31282055377960205,0.1909722222222222,False,0
regression_loops_posthoc__tree_group_audit__blend_0.25__cost_1__no_favorable_group,9987,0,Rock2-142-D,00_Rock2-142-D_comp.jams,854175,3,3,2,2,correction_favored,0.011609494686126709,0.2776310443878174,0.6904513888888889,False,0
regression_loops_posthoc__tree_group_audit__blend_0.25__cost_1__no_favorable_group,9999,0,Rock2-142-D,00_Rock2-142-D_comp.jams,884688,3,4,2,2,mixed,-0.011594220995903015,0.3270588219165802,0.21310975609756097,False,0
regression_loops_posthoc__tree_group_audit__blend_0.25__cost_1__no_favorable_group,10013,0,Rock2-142-D,00_Rock2-142-D_comp.jams,914601,3,2,3,2,regression_favored,-0.21254612505435944,-0.05728393793106079,0.5607142857142857,True,-1
regression_loops_posthoc__tree_group_audit__blend_0.25__cost_1__no_favorable_group,10025,0,Rock2-142-D,00_Rock2-142-D_comp.jams,941681,5,3,4,4,mixed,-0.2309124618768692,0.020212769508361816,0.11458333333333333,False,0
regression_loops_posthoc__tree_group_audit__blend_0.25__cost_1__no_favorable_group,10031,0,Rock2-142-D,00_Rock2-142-D_comp.jams,957018,4,3,2,2,mixed,-0.21484866738319397,0.08558659255504608,0.6075973053892215,False,0
regression_loops_posthoc__tree_group_audit__blend_0.25__cost_1__no_favorable_group,10035,0,Rock2-142-D,00_Rock2-142-D_comp.jams,970329,2,2,3,3,mixed,-0.15759533643722534,0.11138162016868591,0.5099085365853658,False,0
regression_loops_posthoc__tree_group_audit__blend_0.25__cost_1__no_favorable_group,10054,0,Rock2-142-D,00_Rock2-142-D_comp.jams,1017205,6,4,3,3,mixed,-0.11712475121021271,0.1551901400089264,0.5965909090909091,False,0
regression_loops_posthoc__tree_group_audit__blend_0.25__cost_1__no_favorable_group,10072,0,Rock2-142-D,00_Rock2-142-D_comp.jams,1058377,4,2,3,2,regression_favored,-0.3426826000213623,-0.08294931054115295,0.276123046875,True,0
regression_loops_posthoc__tree_group_audit__blend_0.25__cost_1__no_favorable_group,10079,0,Rock2-142-D,00_Rock2-142-D_comp.jams,1072067,3,2,3,2,regression_favored,-0.08063149452209473,-0.02260833978652954,0.51953125,True,-1
regression_loops_posthoc__tree_group_audit__blend_0.25__cost_1__no_favorable_group,10097,0,Rock2-142-D,00_Rock2-142-D_comp.jams,1112603,2,3,2,2,mixed,-0.015040010213851929,0.08088889718055725,0.25669642857142855,False,0
regression_loops_posthoc__tree_group_audit__blend_0.25__cost_1__no_favorable_group,10111,0,Rock2-142-D,00_Rock2-142-D_comp.jams,1140666,2,3,2,2,correction_favored,0.04914975166320801,0.13069503009319305,0.278125,False,0
regression_loops_posthoc__tree_group_audit__blend_0.25__cost_1__no_favorable_group,10120,0,Rock2-142-D,00_Rock2-142-D_comp.jams,1159792,1,3,2,2,mixed,-0.23931622505187988,0.17972350120544434,0.6063311688311688,False,0
regression_loops_posthoc__tree_group_audit__blend_0.25__cost_1__no_favorable_group,10127,0,Rock2-142-D,00_Rock2-142-D_comp.jams,1174451,5,2,3,3,mixed,-0.05673271417617798,0.2565741539001465,0.23067876344086022,False,0
regression_loops_posthoc__tree_group_audit__blend_0.25__cost_1__no_favorable_group,10183,0,Rock2-142-D,00_Rock2-142-D_solo.jams,177734,2,4,2,2,mixed,-0.059092968702316284,0.3684210479259491,0.4619879201680672,False,0
regression_loops_posthoc__tree_group_audit__blend_0.25__cost_1__no_favorable_group,12322,0,Rock3-148-C,00_Rock3-148-C_comp.jams,108070,5,3,4,4,mixed,-0.18214285373687744,0.062499985098838806,0.125,False,0
regression_loops_posthoc__tree_group_audit__blend_0.25__cost_1__no_favorable_group,12328,0,Rock3-148-C,00_Rock3-148-C_comp.jams,124605,4,3,5,5,mixed,-0.025263160467147827,0.3584018647670746,0.16747359154929578,False,0
regression_loops_posthoc__tree_group_audit__blend_0.25__cost_1__no_favorable_group,12331,0,Rock3-148-C,00_Rock3-148-C_comp.jams,135205,3,3,2,2,mixed,-0.002567678689956665,0.2322826236486435,0.6446238151658767,False,0
regression_loops_posthoc__tree_group_audit__blend_0.25__cost_1__no_favorable_group,12333,0,Rock3-148-C,00_Rock3-148-C_comp.jams,139459,5,3,2,2,correction_favored,0.033846139907836914,0.4573863744735718,0.4040898617511521,False,0
regression_loops_posthoc__tree_group_audit__blend_0.25__cost_1__no_favorable_group,12343,0,Rock3-148-C,00_Rock3-148-C_comp.jams,162241,5,4,5,5,correction_favored,0.01538461446762085,0.5106732249259949,0.16480654761904762,False,0
regression_loops_posthoc__tree_group_audit__blend_0.25__cost_1__no_favorable_group,12350,0,Rock3-148-C,00_Rock3-148-C_comp.jams,175386,3,2,3,3,mixed,-0.15437909960746765,0.1567346751689911,0.2749155405405405,False,0
regression_loops_posthoc__tree_group_audit__blend_0.25__cost_1__no_favorable_group,12356,0,Rock3-148-C,00_Rock3-148-C_comp.jams,189632,3,4,3,4,regression_favored,-0.04285714030265808,-0.008151590824127197,0.62109375,True,-1
regression_loops_posthoc__tree_group_audit__blend_0.25__cost_1__no_favorable_group,12360,0,Rock3-148-C,00_Rock3-148-C_comp.jams,198690,3,3,2,2,mixed,-0.23333331942558289,0.26891210675239563,0.5753791841004184,False,0
regression_loops_posthoc__tree_group_audit__blend_0.25__cost_1__no_favorable_group,12362,0,Rock3-148-C,00_Rock3-148-C_comp.jams,203498,4,4,3,3,correction_favored,0.11346995830535889,0.3770558834075928,0.4979707792207792,False,0
regression_loops_posthoc__tree_group_audit__blend_0.25__cost_1__no_favorable_group,12390,0,Rock3-148-C,00_Rock3-148-C_comp.jams,269354,3,2,3,3,mixed,-0.16428571939468384,0.16877344250679016,0.34466145833333334,False,0
regression_loops_posthoc__tree_group_audit__blend_0.25__cost_1__no_favorable_group,12394,0,Rock3-148-C,00_Rock3-148-C_comp.jams,282206,4,3,2,2,mixed,-0.03319501876831055,0.27765509486198425,0.19939630681818182,False,0
regression_loops_posthoc__tree_group_audit__blend_0.25__cost_1__no_favorable_group,12401,0,Rock3-148-C,00_Rock3-148-C_comp.jams,296119,4,2,3,3,mixed,-0.136183500289917,0.17608696222305298,0.29480698529411764,False,0
regression_loops_posthoc__tree_group_audit__blend_0.25__cost_1__no_favorable_group,12408,0,Rock3-148-C,00_Rock3-148-C_comp.jams,309660,1,4,2,2,mixed,-0.11638203263282776,0.24137932062149048,0.3332855504587156,False,0
regression_loops_posthoc__tree_group_audit__blend_0.25__cost_1__no_favorable_group,12414,0,Rock3-148-C,00_Rock3-148-C_comp.jams,321851,6,2,3,3,mixed,-0.1236572265625,0.1273716688156128,0.30278716216216217,False,0
regression_loops_posthoc__tree_group_audit__blend_0.25__cost_1__no_favorable_group,12429,0,Rock3-148-C,00_Rock3-148-C_comp.jams,352625,3,4,5,5,correction_favored,0.2055748999118805,0.41363635659217834,0.25735294117647056,False,0
regression_loops_posthoc__tree_group_audit__blend_0.25__cost_1__no_favorable_group,12436,0,Rock3-148-C,00_Rock3-148-C_comp.jams,367543,5,4,2,2,mixed,-0.024075821042060852,0.07666666805744171,0.140625,False,0
regression_loops_posthoc__tree_group_audit__blend_0.25__cost_1__no_favorable_group,12456,0,Rock3-148-C,00_Rock3-148-C_comp.jams,410279,2,2,3,3,mixed,-0.10129329562187195,0.027777761220932007,0.48660714285714285,False,0
regression_loops_posthoc__tree_group_audit__blend_0.25__cost_1__no_favorable_group,12457,0,Rock3-148-C,00_Rock3-148-C_comp.jams,412056,3,3,4,4,mixed,-0.13199873268604279,0.09647059440612793,0.13020833333333334,False,0
regression_loops_posthoc__tree_group_audit__blend_0.25__cost_1__no_favorable_group,12463,0,Rock3-148-C,00_Rock3-148-C_comp.jams,424431,4,4,5,5,correction_favored,0.15991903841495514,0.25974026322364807,0.3125,False,0
regression_loops_posthoc__tree_group_audit__blend_0.25__cost_1__no_favorable_group,12470,0,Rock3-148-C,00_Rock3-148-C_comp.jams,438848,6,4,3,3,mixed,-0.2596592307090759,0.09185606241226196,0.4499123831775701,False,0
regression_loops_posthoc__tree_group_audit__blend_0.25__cost_1__no_favorable_group,12476,0,Rock3-148-C,00_Rock3-148-C_comp.jams,451343,2,2,3,2,regression_favored,-0.032595306634902954,-0.032595306634902954,0.5625,True,1
regression_loops_posthoc__tree_group_audit__blend_0.25__cost_1__no_favorable_group,12483,0,Rock3-148-C,00_Rock3-148-C_comp.jams,465369,5,3,2,2,correction_favored,0.12796281278133392,0.15032680332660675,0.53125,False,0
regression_loops_posthoc__tree_group_audit__blend_0.25__cost_1__no_favorable_group,12490,0,Rock3-148-C,00_Rock3-148-C_comp.jams,479017,6,4,3,3,mixed,-0.09951579570770264,0.001974552869796753,0.57578125,False,0
regression_loops_posthoc__tree_group_audit__blend_0.25__cost_1__no_favorable_group,12494,0,Rock3-148-C,00_Rock3-148-C_comp.jams,487214,4,4,2,2,correction_favored,0.039621010422706604,0.2841176688671112,0.2638392857142857,False,0
regression_loops_posthoc__tree_group_audit__blend_0.25__cost_1__no_favorable_group,12499,0,Rock3-148-C,00_Rock3-148-C_comp.jams,497208,3,3,2,2,correction_favored,0.08962525427341461,0.32869431376457214,0.5358455882352942,False,0
regression_loops_posthoc__tree_group_audit__blend_0.25__cost_1__no_favorable_group,12510,0,Rock3-148-C,00_Rock3-148-C_comp.jams,519216,6,4,2,2,correction_favored,0.04114490747451782,0.3055555522441864,0.19761439732142858,False,0
regression_loops_posthoc__tree_group_audit__blend_0.25__cost_1__no_favorable_group,12512,0,Rock3-148-C,00_Rock3-148-C_comp.jams,523387,6,3,4,3,regression_favored,-0.2044728547334671,-0.2044728547334671,0.203125,True,0
regression_loops_posthoc__tree_group_audit__blend_0.25__cost_1__no_favorable_group,12521,0,Rock3-148-C,00_Rock3-148-C_comp.jams,540632,2,2,3,2,regression_favored,-0.1236572414636612,-0.1236572414636612,0.515625,True,1
regression_loops_posthoc__tree_group_audit__blend_0.25__cost_1__no_favorable_group,12527,0,Rock3-148-C,00_Rock3-148-C_comp.jams,554587,4,3,2,2,correction_favored,0.08771929889917374,0.4119318127632141,0.5837673611111112,False,0
regression_loops_posthoc__tree_group_audit__blend_0.25__cost_1__no_favorable_group,12528,0,Rock3-148-C,00_Rock3-148-C_comp.jams,559123,5,3,2,2,mixed,-0.07180069386959076,0.24000488221645355,0.5709727112676056,False,0
regression_loops_posthoc__tree_group_audit__blend_0.25__cost_1__no_favorable_group,12531,0,Rock3-148-C,00_Rock3-148-C_comp.jams,567817,5,3,2,2,correction_favored,0.08954021334648132,0.4134615659713745,0.4552744708994709,False,0
regression_loops_posthoc__tree_group_audit__blend_0.25__cost_1__no_favorable_group,12540,0,Rock3-148-C,00_Rock3-148-C_comp.jams,589860,5,4,5,5,mixed,-0.0625,0.4761905074119568,0.16851635514018692,False,0
regression_loops_posthoc__tree_group_audit__blend_0.25__cost_1__no_favorable_group,12547,0,Rock3-148-C,00_Rock3-148-C_comp.jams,604866,5,2,3,2,regression_favored,-0.2714914381504059,-0.05391237139701843,0.35735887096774194,True,0
regression_loops_posthoc__tree_group_audit__blend_0.25__cost_1__no_favorable_group,12552,0,Rock3-148-C,00_Rock3-148-C_comp.jams,617081,5,3,5,5,mixed,-0.261904776096344,0.35238099098205566,0.11259920634920635,False,0
regression_loops_posthoc__tree_group_audit__blend_0.25__cost_1__no_favorable_group,12559,0,Rock3-148-C,00_Rock3-148-C_comp.jams,631168,4,2,3,3,mixed,-0.02850574254989624,0.18571573495864868,0.17696629213483145,False,0
regression_loops_posthoc__tree_group_audit__blend_0.25__cost_1__no_favorable_group,12590,0,Rock3-148-C,00_Rock3-148-C_comp.jams,711432,4,3,2,2,correction_favored,0.15369173884391785,0.37850069999694824,0.44212962962962965,False,0
regression_loops_posthoc__tree_group_audit__blend_0.25__cost_1__no_favorable_group,12595,0,Rock3-148-C,00_Rock3-148-C_comp.jams,723778,3,2,3,2,regression_favored,-0.20437213778495789,-0.03303426504135132,0.3484375,True,-1
regression_loops_posthoc__tree_group_audit__blend_0.25__cost_1__no_favorable_group,12602,0,Rock3-148-C,00_Rock3-148-C_comp.jams,738382,5,3,5,5,mixed,-0.2291666567325592,0.3252595365047455,0.07987733644859812,False,0
regression_loops_posthoc__tree_group_audit__blend_0.25__cost_1__no_favorable_group,12614,0,Rock3-148-C,00_Rock3-148-C_comp.jams,763168,0,2,3,2,regression_favored,-0.09901599586009979,-0.09901599586009979,0.375,True,0
regression_loops_posthoc__tree_group_audit__blend_0.25__cost_1__no_favorable_group,12615,0,Rock3-148-C,00_Rock3-148-C_comp.jams,765167,5,4,3,3,mixed,-0.13008934259414673,0.057947754859924316,0.5085495283018868,False,0
regression_loops_posthoc__tree_group_audit__blend_0.25__cost_1__no_favorable_group,12645,0,Rock3-148-C,00_Rock3-148-C_comp.jams,834981,4,3,2,2,mixed,-0.1666666567325592,0.22861164808273315,0.5345622119815668,False,0
regression_loops_posthoc__tree_group_audit__blend_0.25__cost_1__no_favorable_group,12647,0,Rock3-148-C,00_Rock3-148-C_comp.jams,838781,4,3,2,2,correction_favored,0.012151896953582764,0.22261983156204224,0.429625,False,0
regression_loops_posthoc__tree_group_audit__blend_0.25__cost_1__no_favorable_group,12648,0,Rock3-148-C,00_Rock3-148-C_comp.jams,840553,2,2,3,3,mixed,-0.07749077677726746,0.08867084980010986,0.3940972222222222,False,0
regression_loops_posthoc__tree_group_audit__blend_0.25__cost_1__no_favorable_group,12654,0,Rock3-148-C,00_Rock3-148-C_comp.jams,853048,5,3,2,2,correction_favored,0.13913941383361816,0.33180874586105347,0.5657552083333334,False,0
regression_loops_posthoc__tree_group_audit__blend_0.25__cost_1__no_favorable_group,12666,0,Rock3-148-C,00_Rock3-148-C_comp.jams,877189,6,4,3,4,regression_favored,-0.19779536128044128,-0.1390315294265747,0.671875,True,0
regression_loops_posthoc__tree_group_audit__blend_0.25__cost_1__no_favorable_group,12673,0,Rock3-148-C,00_Rock3-148-C_comp.jams,890277,3,4,3,4,regression_favored,-0.11653973162174225,-0.07073229551315308,0.5885416666666666,True,-1
regression_loops_posthoc__tree_group_audit__blend_0.25__cost_1__no_favorable_group,12679,0,Rock3-148-C,00_Rock3-148-C_comp.jams,901836,2,2,3,2,regression_favored,-0.16720549762248993,-0.06748881936073303,0.3984375,True,1
regression_loops_posthoc__tree_group_audit__blend_0.25__cost_1__no_favorable_group,12687,0,Rock3-148-C,00_Rock3-148-C_comp.jams,917684,3,3,2,2,correction_favored,0.05399751663208008,0.3152981400489807,0.5926809210526316,False,0
regression_loops_posthoc__tree_group_audit__blend_0.25__cost_1__no_favorable_group,12702,0,Rock3-148-C,00_Rock3-148-C_comp.jams,947626,5,3,5,5,mixed,-0.13068179786205292,0.2588235139846802,0.07839912280701754,False,0
regression_loops_posthoc__tree_group_audit__blend_0.25__cost_1__no_favorable_group,12708,0,Rock3-148-C,00_Rock3-148-C_comp.jams,961220,4,2,3,3,mixed,-0.14503595232963562,0.023572593927383423,0.3245192307692308,False,0
regression_loops_posthoc__tree_group_audit__blend_0.25__cost_1__no_favorable_group,12715,0,Rock3-148-C,00_Rock3-148-C_comp.jams,976146,5,3,2,2,mixed,-0.05454544723033905,0.3776041865348816,0.5050491266375546,False,0
regression_loops_posthoc__tree_group_audit__blend_0.25__cost_1__no_favorable_group,12725,0,Rock3-148-C,00_Rock3-148-C_comp.jams,997948,5,4,3,3,mixed,-0.01977318525314331,0.2412993311882019,0.6309988839285714,False,0
regression_loops_posthoc__tree_group_audit__blend_0.25__cost_1__no_favorable_group,12727,0,Rock3-148-C,00_Rock3-148-C_comp.jams,1002494,3,3,2,2,mixed,-0.11356465518474579,0.13720929622650146,0.464692679558011,False,0
regression_loops_posthoc__tree_group_audit__blend_0.25__cost_1__no_favorable_group,12741,0,Rock3-148-C,00_Rock3-148-C_comp.jams,1033393,4,4,2,2,mixed,-0.12440839409828186,0.11246050894260406,0.503125,False,0
regression_loops_posthoc__tree_group_audit__blend_0.25__cost_1__no_favorable_group,12745,0,Rock3-148-C,00_Rock3-148-C_comp.jams,1042389,5,3,2,2,mixed,-0.1410256326198578,0.2539234757423401,0.6058728448275862,False,0
regression_loops_posthoc__tree_group_audit__blend_0.25__cost_1__no_favorable_group,12751,0,Rock3-148-C,00_Rock3-148-C_comp.jams,1054843,5,3,2,2,correction_favored,0.06212902069091797,0.3456747233867645,0.5146827889447236,False,0
regression_loops_posthoc__tree_group_audit__blend_0.25__cost_1__no_favorable_group,12753,0,Rock3-148-C,00_Rock3-148-C_comp.jams,1059143,3,2,3,2,regression_favored,-0.07921279966831207,-0.07921279966831207,0.515625,True,-1
regression_loops_posthoc__tree_group_audit__blend_0.25__cost_1__no_favorable_group,12757,0,Rock3-148-C,00_Rock3-148-C_comp.jams,1068889,6,3,2,2,correction_favored,0.04016423225402832,0.3408340811729431,0.34967672413793105,False,0
regression_loops_posthoc__tree_group_audit__blend_0.25__cost_1__no_favorable_group,12771,0,Rock3-148-C,00_Rock3-148-C_comp.jams,1098916,5,2,3,3,mixed,-0.03391250967979431,0.09621238708496094,0.2690972222222222,False,0
regression_loops_posthoc__tree_group_audit__blend_0.25__cost_1__no_favorable_group,12826,0,Rock3-148-C,00_Rock3-148-C_solo.jams,180820,3,3,4,4,mixed,-0.08189001679420471,0.15082958340644836,0.21614583333333334,False,0
regression_loops_posthoc__tree_group_audit__blend_0.25__cost_1__no_favorable_group,12855,0,Rock3-148-C,00_Rock3-148-C_solo.jams,340001,2,3,2,2,mixed,-0.375,0.49390918016433716,0.42498703319502074,False,0
regression_loops_posthoc__tree_group_audit__blend_0.25__cost_1__no_favorable_group,12871,0,Rock3-148-C,00_Rock3-148-C_solo.jams,501943,2,3,2,2,mixed,-0.30203166604042053,0.1314934939146042,0.27094594594594595,False,0
regression_loops_posthoc__tree_group_audit__blend_0.25__cost_1__no_favorable_group,12876,0,Rock3-148-C,00_Rock3-148-C_solo.jams,554452,2,3,2,2,mixed,-0.1820981800556183,0.3733566999435425,0.43824728260869567,False,0
regression_loops_posthoc__tree_group_audit__blend_0.25__cost_1__no_favorable_group,12880,0,Rock3-148-C,00_Rock3-148-C_solo.jams,590461,2,3,2,2,mixed,-0.012448489665985107,0.4212454557418823,0.4633441943127962,False,0
regression_loops_posthoc__tree_group_audit__blend_0.25__cost_1__no_favorable_group,12887,0,Rock3-148-C,00_Rock3-148-C_solo.jams,699281,2,3,2,2,mixed,-0.08903123438358307,0.2594773471355438,0.40454826732673266,False,0
regression_loops_posthoc__tree_group_audit__blend_0.25__cost_1__no_favorable_group,12972,0,SS1-68-E,00_SS1-68-E_comp.jams,41138,2,3,2,2,correction_favored,0.03380841016769409,0.03380841016769409,0.28125,False,0
regression_loops_posthoc__tree_group_audit__blend_0.25__cost_1__no_favorable_group,13065,0,SS1-68-E,00_SS1-68-E_comp.jams,274747,0,3,2,2,mixed,-0.010197937488555908,0.22253315150737762,0.3297018348623853,False,0
regression_loops_posthoc__tree_group_audit__blend_0.25__cost_1__no_favorable_group,13179,0,SS1-68-E,00_SS1-68-E_comp.jams,686319,2,4,3,4,regression_favored,-0.24000000953674316,-0.03580990433692932,0.3274147727272727,True,0
regression_loops_posthoc__tree_group_audit__blend_0.25__cost_1__no_favorable_group,13249,0,SS1-68-E,00_SS1-68-E_comp.jams,908307,1,3,2,2,mixed,-0.15290507674217224,0.15813758969306946,0.5346200980392157,False,0
regression_loops_posthoc__tree_group_audit__blend_0.25__cost_1__no_favorable_group,13278,0,SS1-68-E,00_SS1-68-E_comp.jams,996017,2,3,2,3,regression_favored,-0.05350247025489807,-0.027601808309555054,0.3515625,True,-1
regression_loops_posthoc__tree_group_audit__blend_0.25__cost_1__no_favorable_group,13292,0,SS1-68-E,00_SS1-68-E_comp.jams,1054246,3,4,3,3,mixed,-0.07970792055130005,0.031205683946609497,0.47544642857142855,False,0
regression_loops_posthoc__tree_group_audit__blend_0.25__cost_1__no_favorable_group,13417,0,SS1-68-E,00_SS1-68-E_comp.jams,1402788,4,3,4,4,mixed,-0.05627119541168213,0.3054569959640503,0.1951388888888889,False,0
regression_loops_posthoc__tree_group_audit__blend_0.25__cost_1__no_favorable_group,13474,0,SS1-68-E,00_SS1-68-E_comp.jams,1619688,1,2,3,2,regression_favored,-0.28092166781425476,-0.07657229900360107,0.3958333333333333,True,0
regression_loops_posthoc__tree_group_audit__blend_0.25__cost_1__no_favorable_group,13524,0,SS1-68-E,00_SS1-68-E_comp.jams,1751504,3,4,2,2,mixed,-0.22178198397159576,0.09000000357627869,0.3156779661016949,False,0
regression_loops_posthoc__tree_group_audit__blend_0.25__cost_1__no_favorable_group,13642,0,SS1-68-E,00_SS1-68-E_solo.jams,235725,2,2,3,3,correction_favored,0.03953486680984497,0.03953486680984497,0.25,False,0
regression_loops_posthoc__tree_group_audit__blend_0.25__cost_1__no_favorable_group,13660,0,SS1-68-E,00_SS1-68-E_solo.jams,310214,2,2,3,3,mixed,-0.05756098031997681,0.0855555534362793,0.47488839285714285,False,0
regression_loops_posthoc__tree_group_audit__blend_0.25__cost_1__no_favorable_group,13698,0,SS1-68-E,00_SS1-68-E_solo.jams,470155,2,2,3,3,mixed,-0.061894744634628296,0.17383569478988647,0.5325413223140496,False,0
regression_loops_posthoc__tree_group_audit__blend_0.25__cost_1__no_favorable_group,13774,0,SS1-68-E,00_SS1-68-E_solo.jams,684359,2,4,3,3,mixed,-0.11712473630905151,0.02425748109817505,0.48046875,False,0
regression_loops_posthoc__tree_group_audit__blend_0.25__cost_1__no_favorable_group,13815,0,SS1-68-E,00_SS1-68-E_solo.jams,797947,2,3,2,2,mixed,-0.20940001308918,0.02704031765460968,0.5411073825503355,False,0
regression_loops_posthoc__tree_group_audit__blend_0.25__cost_1__no_favorable_group,13820,0,SS1-68-E,00_SS1-68-E_solo.jams,816794,3,3,4,4,correction_favored,0.044361621141433716,0.23671095073223114,0.3075284090909091,False,0
regression_loops_posthoc__tree_group_audit__blend_0.25__cost_1__no_favorable_group,13859,0,SS1-68-E,00_SS1-68-E_solo.jams,911478,2,4,3,3,mixed,-0.11422863602638245,0.082339346408844,0.7674479166666667,False,0
regression_loops_posthoc__tree_group_audit__blend_0.25__cost_1__no_favorable_group,13925,0,SS1-68-E,00_SS1-68-E_solo.jams,1383008,2,2,3,3,correction_favored,0.002903580665588379,0.15616030991077423,0.4366319444444444,False,0
regression_loops_posthoc__tree_group_audit__blend_0.25__cost_1__no_favorable_group,13977,0,SS1-68-E,00_SS1-68-E_solo.jams,1555876,2,4,2,2,correction_favored,0.052188560366630554,0.35902637243270874,0.11654874213836477,False,0
regression_loops_posthoc__tree_group_audit__blend_0.25__cost_1__no_favorable_group,13996,0,SS1-68-E,00_SS1-68-E_solo.jams,1595875,3,3,2,2,correction_favored,0.034067749977111816,0.31432315707206726,0.43054759174311924,False,0
regression_loops_posthoc__tree_group_audit__blend_0.25__cost_1__no_favorable_group,14061,0,SS1-68-E,00_SS1-68-E_solo.jams,1790220,1,3,2,2,mixed,-0.023085206747055054,0.3282491862773895,0.22398560209424084,False,0
regression_loops_posthoc__tree_group_audit__blend_0.25__cost_1__no_favorable_group,17276,0,BN2-166-Ab,01_BN2-166-Ab_comp.jams,5,5,3,4,4,mixed,-0.2666666507720947,0.4285714626312256,0.21170774647887325,False,0
regression_loops_posthoc__tree_group_audit__blend_0.25__cost_1__no_favorable_group,17296,0,BN2-166-Ab,01_BN2-166-Ab_comp.jams,46693,2,3,2,2,mixed,-0.059812143445014954,0.14807690680027008,0.59033203125,False,0
regression_loops_posthoc__tree_group_audit__blend_0.25__cost_1__no_favorable_group,17297,0,BN2-166-Ab,01_BN2-166-Ab_comp.jams,55052,2,3,2,2,mixed,-0.1406666785478592,0.16909711062908173,0.27451727642276424,False,0
regression_loops_posthoc__tree_group_audit__blend_0.25__cost_1__no_favorable_group,17321,0,BN2-166-Ab,01_BN2-166-Ab_comp.jams,126213,4,3,4,4,mixed,-0.20949718356132507,0.10502821207046509,0.2541360294117647,False,0
regression_loops_posthoc__tree_group_audit__blend_0.25__cost_1__no_favorable_group,17339,0,BN2-166-Ab,01_BN2-166-Ab_comp.jams,174942,3,3,2,2,mixed,-0.16544266045093536,0.26461538672447205,0.3587673611111111,False,0
regression_loops_posthoc__tree_group_audit__blend_0.25__cost_1__no_favorable_group,17341,0,BN2-166-Ab,01_BN2-166-Ab_comp.jams,183373,1,3,2,2,mixed,-0.11799848079681396,0.21792036294937134,0.28045685279187815,False,0
regression_loops_posthoc__tree_group_audit__blend_0.25__cost_1__no_favorable_group,17384,0,BN2-166-Ab,01_BN2-166-Ab_comp.jams,343590,4,3,4,4,mixed,-0.07897794246673584,0.20192307233810425,0.23648648648648649,False,0
regression_loops_posthoc__tree_group_audit__blend_0.25__cost_1__no_favorable_group,17391,0,BN2-166-Ab,01_BN2-166-Ab_comp.jams,359184,3,4,3,3,mixed,-0.0014765560626983643,0.12709833681583405,0.3667763157894737,False,0
regression_loops_posthoc__tree_group_audit__blend_0.25__cost_1__no_favorable_group,17425,0,BN2-166-Ab,01_BN2-166-Ab_comp.jams,492029,1,4,2,2,correction_favored,0.07692308723926544,0.3555120825767517,0.17998511904761905,False,0
regression_loops_posthoc__tree_group_audit__blend_0.25__cost_1__no_favorable_group,17446,0,BN2-166-Ab,01_BN2-166-Ab_comp.jams,557912,3,3,4,4,mixed,-0.1818181872367859,0.23657141625881195,0.16262335526315788,False,0
regression_loops_posthoc__tree_group_audit__blend_0.25__cost_1__no_favorable_group,17472,0,BN2-166-Ab,01_BN2-166-Ab_comp.jams,621349,3,4,3,3,mixed,-0.23366063833236694,0.06033238768577576,0.7696078431372549,False,0
regression_loops_posthoc__tree_group_audit__blend_0.25__cost_1__no_favorable_group,17495,0,BN2-166-Ab,01_BN2-166-Ab_comp.jams,684721,4,4,3,3,mixed,-0.1511688232421875,0.35384616255760193,0.5577598314606742,False,0
regression_loops_posthoc__tree_group_audit__blend_0.25__cost_1__no_favorable_group,17500,0,BN2-166-Ab,01_BN2-166-Ab_comp.jams,701138,2,4,2,2,mixed,-0.1592261791229248,0.3499999940395355,0.3574134199134199,False,0
regression_loops_posthoc__tree_group_audit__blend_0.25__cost_1__no_favorable_group,17513,0,BN2-166-Ab,01_BN2-166-Ab_comp.jams,748397,2,4,2,2,mixed,-0.045913055539131165,0.3999999761581421,0.19365923236514523,False,0
regression_loops_posthoc__tree_group_audit__blend_0.25__cost_1__no_favorable_group,17526,0,BN2-166-Ab,01_BN2-166-Ab_comp.jams,812795,3,4,3,3,mixed,-0.1744627058506012,0.3015872836112976,0.5382035340314136,False,0
regression_loops_posthoc__tree_group_audit__blend_0.25__cost_1__no_favorable_group,17579,0,BN2-166-Ab,01_BN2-166-Ab_comp.jams,980012,4,3,4,3,regression_favored,-0.4293915033340454,-0.1793363392353058,0.24724264705882354,True,-1
regression_loops_posthoc__tree_group_audit__blend_0.25__cost_1__no_favorable_group,17589,0,BN2-166-Ab,01_BN2-166-Ab_comp.jams,1010993,5,3,4,3,regression_favored,-0.19333332777023315,-0.02978724241256714,0.20442708333333334,True,0
regression_loops_posthoc__tree_group_audit__blend_0.25__cost_1__no_favorable_group,23508,0,Jazz3-150-C,01_Jazz3-150-C_comp.jams,18220,3,4,3,3,mixed,-0.14529168605804443,0.3500000238418579,0.5631540697674419,False,0
regression_loops_posthoc__tree_group_audit__blend_0.25__cost_1__no_favorable_group,23541,0,Jazz3-150-C,01_Jazz3-150-C_comp.jams,205761,0,3,2,2,mixed,-0.03583180904388428,0.28698062896728516,0.31480135658914726,False,0
regression_loops_posthoc__tree_group_audit__blend_0.25__cost_1__no_favorable_group,23574,0,Jazz3-150-C,01_Jazz3-150-C_comp.jams,370335,3,4,3,3,mixed,-0.15675827860832214,0.3322980999946594,0.5285087719298246,False,0
regression_loops_posthoc__tree_group_audit__blend_0.25__cost_1__no_favorable_group,23580,0,Jazz3-150-C,01_Jazz3-150-C_comp.jams,405339,2,4,3,3,mixed,-0.1401209533214569,0.31936246156692505,0.60453216374269,False,0
regression_loops_posthoc__tree_group_audit__blend_0.25__cost_1__no_favorable_group,23594,0,Jazz3-150-C,01_Jazz3-150-C_comp.jams,476496,3,3,2,2,mixed,-0.06302021443843842,0.18290600180625916,0.28620049504950495,False,0
regression_loops_posthoc__tree_group_audit__blend_0.25__cost_1__no_favorable_group,23629,0,Jazz3-150-C,01_Jazz3-150-C_comp.jams,687803,2,2,3,3,mixed,-0.17126193642616272,0.21217390894889832,0.568359375,False,0
regression_loops_posthoc__tree_group_audit__blend_0.25__cost_1__no_favorable_group,23635,0,Jazz3-150-C,01_Jazz3-150-C_comp.jams,723046,2,2,3,3,mixed,-0.3636363446712494,0.42307692766189575,0.38221153846153844,False,0
regression_loops_posthoc__tree_group_audit__blend_0.25__cost_1__no_favorable_group,23665,0,Jazz3-150-C,01_Jazz3-150-C_comp.jams,933830,3,2,3,3,mixed,-0.41258740425109863,0.3936651945114136,0.37815738341968913,False,0
regression_loops_posthoc__tree_group_audit__blend_0.25__cost_1__no_favorable_group,23695,0,Jazz3-150-C,01_Jazz3-150-C_comp.jams,1122959,2,2,3,3,correction_favored,0.07517668604850769,0.3712500035762787,0.59,False,0
regression_loops_posthoc__tree_group_audit__blend_0.25__cost_1__no_favorable_group,25416,0,Rock2-142-D,01_Rock2-142-D_comp.jams,131112,2,4,3,3,mixed,-0.21048468351364136,0.2075098752975464,0.6561541411042945,False,0
regression_loops_posthoc__tree_group_audit__blend_0.25__cost_1__no_favorable_group,25493,0,Rock2-142-D,01_Rock2-142-D_comp.jams,315851,2,2,3,3,correction_favored,0.10267442464828491,0.1690058410167694,0.421875,False,0
regression_loops_posthoc__tree_group_audit__blend_0.25__cost_1__no_favorable_group,25544,0,Rock2-142-D,01_Rock2-142-D_comp.jams,429103,4,3,4,4,mixed,-0.20214566588401794,0.109333336353302,0.14253826530612246,False,0
regression_loops_posthoc__tree_group_audit__blend_0.25__cost_1__no_favorable_group,25562,0,Rock2-142-D,01_Rock2-142-D_comp.jams,474195,2,4,2,2,correction_favored,0.11050061881542206,0.29459458589553833,0.12152777777777778,False,0
regression_loops_posthoc__tree_group_audit__blend_0.25__cost_1__no_favorable_group,25571,0,Rock2-142-D,01_Rock2-142-D_comp.jams,493400,2,2,3,2,regression_favored,-0.12140241265296936,-0.03460955619812012,0.16319444444444445,True,1
regression_loops_posthoc__tree_group_audit__blend_0.25__cost_1__no_favorable_group,25575,0,Rock2-142-D,01_Rock2-142-D_comp.jams,502269,2,4,2,2,correction_favored,0.12004730105400085,0.12004730105400085,0.109375,False,0
regression_loops_posthoc__tree_group_audit__blend_0.25__cost_1__no_favorable_group,25608,0,Rock2-142-D,01_Rock2-142-D_comp.jams,577557,3,4,2,2,mixed,-0.06596490740776062,0.3645319938659668,0.2304152397260274,False,0
regression_loops_posthoc__tree_group_audit__blend_0.25__cost_1__no_favorable_group,25617,0,Rock2-142-D,01_Rock2-142-D_comp.jams,596309,5,4,3,3,mixed,-0.08270272612571716,0.2693573832511902,0.5538194444444444,False,0
regression_loops_posthoc__tree_group_audit__blend_0.25__cost_1__no_favorable_group,25631,0,Rock2-142-D,01_Rock2-142-D_comp.jams,623557,4,3,2,2,mixed,-0.04871600866317749,0.21809744834899902,0.41357853982300885,False,0
regression_loops_posthoc__tree_group_audit__blend_0.25__cost_1__no_favorable_group,25632,0,Rock2-142-D,01_Rock2-142-D_comp.jams,625348,2,4,3,3,mixed,-0.16939890384674072,0.042505860328674316,0.559875,False,0
regression_loops_posthoc__tree_group_audit__blend_0.25__cost_1__no_favorable_group,25645,0,Rock2-142-D,01_Rock2-142-D_comp.jams,652479,4,3,4,4,mixed,-0.2824302315711975,0.0020010769367218018,0.12201286764705882,False,0
regression_loops_posthoc__tree_group_audit__blend_0.25__cost_1__no_favorable_group,25646,0,Rock2-142-D,01_Rock2-142-D_comp.jams,654246,2,3,2,2,mixed,-0.239925354719162,0.13731370866298676,0.26931014150943394,False,0
regression_loops_posthoc__tree_group_audit__blend_0.25__cost_1__no_favorable_group,25662,0,Rock2-142-D,01_Rock2-142-D_comp.jams,699643,3,4,3,3,mixed,-0.07983684539794922,0.10928431153297424,0.8271122685185185,False,0
regression_loops_posthoc__tree_group_audit__blend_0.25__cost_1__no_favorable_group,25671,0,Rock2-142-D,01_Rock2-142-D_comp.jams,728041,3,4,3,3,mixed,-0.13799622654914856,0.3015872836112976,0.6665645424836601,False,0
regression_loops_posthoc__tree_group_audit__blend_0.25__cost_1__no_favorable_group,25725,0,Rock2-142-D,01_Rock2-142-D_comp.jams,848055,4,3,2,2,correction_favored,0.050281405448913574,0.12327472865581512,0.4375,False,0
regression_loops_posthoc__tree_group_audit__blend_0.25__cost_1__no_favorable_group,25733,0,Rock2-142-D,01_Rock2-142-D_comp.jams,865404,2,2,3,3,mixed,-0.05868902802467346,0.012136757373809814,0.296875,False,0
regression_loops_posthoc__tree_group_audit__blend_0.25__cost_1__no_favorable_group,25737,0,Rock2-142-D,01_Rock2-142-D_comp.jams,875794,4,3,4,4,mixed,-0.12452828884124756,0.1666666865348816,0.19555921052631578,False,0
regression_loops_posthoc__tree_group_audit__blend_0.25__cost_1__no_favorable_group,25807,0,Rock2-142-D,01_Rock2-142-D_comp.jams,1043507,2,3,2,2,correction_favored,0.014119654893875122,0.2644262909889221,0.3583096590909091,False,0
regression_loops_posthoc__tree_group_audit__blend_0.25__cost_1__no_favorable_group,25808,0,Rock2-142-D,01_Rock2-142-D_comp.jams,1045272,2,2,3,2,regression_favored,-0.3308270573616028,-0.16728034615516663,0.3472782258064516,True,1
regression_loops_posthoc__tree_group_audit__blend_0.25__cost_1__no_favorable_group,28083,0,Rock3-148-C,01_Rock3-148-C_comp.jams,49744,2,3,2,2,mixed,-0.09911724925041199,0.16431981325149536,0.32947834645669294,False,0
regression_loops_posthoc__tree_group_audit__blend_0.25__cost_1__no_favorable_group,28108,0,Rock3-148-C,01_Rock3-148-C_comp.jams,134602,2,2,3,3,mixed,-0.027272731065750122,0.2823368310928345,0.41523783185840707,False,0
regression_loops_posthoc__tree_group_audit__blend_0.25__cost_1__no_favorable_group,28127,0,Rock3-148-C,01_Rock3-148-C_comp.jams,215174,2,3,2,2,mixed,-0.08976835012435913,0.296875,0.2777173913043478,False,0
regression_loops_posthoc__tree_group_audit__blend_0.25__cost_1__no_favorable_group,28133,0,Rock3-148-C,01_Rock3-148-C_comp.jams,250184,2,4,3,3,mixed,-0.12196710705757141,0.2142857164144516,0.7494036259541985,False,0
regression_loops_posthoc__tree_group_audit__blend_0.25__cost_1__no_favorable_group,28138,0,Rock3-148-C,01_Rock3-148-C_comp.jams,259490,2,2,3,3,mixed,-0.0239507257938385,0.06557098031044006,0.3578125,False,0
regression_loops_posthoc__tree_group_audit__blend_0.25__cost_1__no_favorable_group,28146,0,Rock3-148-C,01_Rock3-148-C_comp.jams,277031,0,3,2,2,mixed,-0.1244850605726242,0.1686800867319107,0.578125,False,0
regression_loops_posthoc__tree_group_audit__blend_0.25__cost_1__no_favorable_group,28180,0,Rock3-148-C,01_Rock3-148-C_comp.jams,367035,1,2,3,3,mixed,-0.104189932346344,0.23623186349868774,0.3139391447368421,False,0
regression_loops_posthoc__tree_group_audit__blend_0.25__cost_1__no_favorable_group,28220,0,Rock3-148-C,01_Rock3-148-C_comp.jams,478284,2,2,3,3,mixed,-0.14359977841377258,0.19461697340011597,0.1603732638888889,False,0
regression_loops_posthoc__tree_group_audit__blend_0.25__cost_1__no_favorable_group,28222,0,Rock3-148-C,01_Rock3-148-C_comp.jams,482415,1,3,2,2,correction_favored,0.06474599242210388,0.27157801389694214,0.5883861940298507,False,0
regression_loops_posthoc__tree_group_audit__blend_0.25__cost_1__no_favorable_group,28227,0,Rock3-148-C,01_Rock3-148-C_comp.jams,492328,1,3,2,2,mixed,-0.17448508739471436,0.10283094644546509,0.4077240566037736,False,0
regression_loops_posthoc__tree_group_audit__blend_0.25__cost_1__no_favorable_group,28251,0,Rock3-148-C,01_Rock3-148-C_comp.jams,572059,2,4,3,3,mixed,-0.13107481598854065,0.2499999850988388,0.5914493865030674,False,0
regression_loops_posthoc__tree_group_audit__blend_0.25__cost_1__no_favorable_group,28269,0,Rock3-148-C,01_Rock3-148-C_comp.jams,625810,2,2,3,3,mixed,-0.057952165603637695,0.11216601729393005,0.17255434782608695,False,0
regression_loops_posthoc__tree_group_audit__blend_0.25__cost_1__no_favorable_group,28280,0,Rock3-148-C,01_Rock3-148-C_comp.jams,654259,1,3,2,2,mixed,-0.207317054271698,0.03930291533470154,0.42106681034482757,False,0
regression_loops_posthoc__tree_group_audit__blend_0.25__cost_1__no_favorable_group,28292,0,Rock3-148-C,01_Rock3-148-C_comp.jams,692558,1,2,3,2,regression_favored,-0.2656826376914978,-0.22458133101463318,0.34375,True,0
regression_loops_posthoc__tree_group_audit__blend_0.25__cost_1__no_favorable_group,28298,0,Rock3-148-C,01_Rock3-148-C_comp.jams,707021,2,2,3,3,mixed,-0.061274513602256775,0.21142594516277313,0.35,False,0
regression_loops_posthoc__tree_group_audit__blend_0.25__cost_1__no_favorable_group,28309,0,Rock3-148-C,01_Rock3-148-C_comp.jams,751391,2,2,3,3,correction_favored,0.018147140741348267,0.3592132329940796,0.6394127155172413,False,0
regression_loops_posthoc__tree_group_audit__blend_0.25__cost_1__no_favorable_group,28318,0,Rock3-148-C,01_Rock3-148-C_comp.jams,787278,1,4,2,2,mixed,-0.06508563458919525,0.34334415197372437,0.19243951612903226,False,0
regression_loops_posthoc__tree_group_audit__blend_0.25__cost_1__no_favorable_group,28331,0,Rock3-148-C,01_Rock3-148-C_comp.jams,823060,2,4,3,3,correction_favored,0.06633186340332031,0.274944543838501,0.42588141025641024,False,0
regression_loops_posthoc__tree_group_audit__blend_0.25__cost_1__no_favorable_group,28344,0,Rock3-148-C,01_Rock3-148-C_comp.jams,849074,1,3,2,2,mixed,-0.0812564492225647,0.23580306768417358,0.47715336134453784,False,0
regression_loops_posthoc__tree_group_audit__blend_0.25__cost_1__no_favorable_group,28347,0,Rock3-148-C,01_Rock3-148-C_comp.jams,858568,2,3,4,4,mixed,-0.23157893121242523,0.07758620381355286,0.26752533783783783,False,0
regression_loops_posthoc__tree_group_audit__blend_0.25__cost_1__no_favorable_group,28376,0,Rock3-148-C,01_Rock3-148-C_comp.jams,930742,2,4,3,4,regression_favored,-0.05391502380371094,-0.05106383562088013,0.734375,True,0
regression_loops_posthoc__tree_group_audit__blend_0.25__cost_1__no_favorable_group,28381,0,Rock3-148-C,01_Rock3-148-C_comp.jams,940758,0,2,3,2,regression_favored,-0.11722075939178467,-0.03766891360282898,0.4166666666666667,True,0
regression_loops_posthoc__tree_group_audit__blend_0.25__cost_1__no_favorable_group,28405,0,Rock3-148-C,01_Rock3-148-C_comp.jams,1002228,2,2,3,3,correction_favored,0.02142810821533203,0.3300497233867645,0.5248081140350878,False,0
regression_loops_posthoc__tree_group_audit__blend_0.25__cost_1__no_favorable_group,28422,0,Rock3-148-C,01_Rock3-148-C_comp.jams,1051152,2,3,2,2,correction_favored,0.01061791181564331,0.20764155685901642,0.47475961538461536,False,0
regression_loops_posthoc__tree_group_audit__blend_0.25__cost_1__no_favorable_group,28454,0,Rock3-148-C,01_Rock3-148-C_comp.jams,1135166,2,2,4,4,mixed,-0.5718954205513,0.11764705181121826,0.045048701298701296,False,0
regression_loops_posthoc__tree_group_audit__blend_0.25__cost_1__no_favorable_group,28737,0,SS1-68-E,01_SS1-68-E_comp.jams,183667,0,3,2,2,mixed,-0.17153488099575043,0.14482757449150085,0.5576223544973545,False,0
regression_loops_posthoc__tree_group_audit__blend_0.25__cost_1__no_favorable_group,28852,0,SS1-68-E,01_SS1-68-E_comp.jams,453360,1,3,2,2,mixed,-0.04223604500293732,0.19555556774139404,0.4895833333333333,False,0
regression_loops_posthoc__tree_group_audit__blend_0.25__cost_1__no_favorable_group,28872,0,SS1-68-E,01_SS1-68-E_comp.jams,507618,2,3,2,2,mixed,-0.12290738523006439,0.05642256140708923,0.3842905405405405,False,0
regression_loops_posthoc__tree_group_audit__blend_0.25__cost_1__no_favorable_group,28899,0,SS1-68-E,01_SS1-68-E_comp.jams,582500,2,2,3,3,mixed,-0.11447811126708984,0.08915439248085022,0.2699353448275862,False,0
regression_loops_posthoc__tree_group_audit__blend_0.25__cost_1__no_favorable_group,28983,0,SS1-68-E,01_SS1-68-E_comp.jams,779500,1,4,2,2,mixed,-0.04129530489444733,0.12004730105400085,0.07688492063492064,False,0
regression_loops_posthoc__tree_group_audit__blend_0.25__cost_1__no_favorable_group,29000,0,SS1-68-E,01_SS1-68-E_comp.jams,819773,3,4,3,3,mixed,-0.04539981484413147,0.1361771821975708,0.662828947368421,False,0
regression_loops_posthoc__tree_group_audit__blend_0.25__cost_1__no_favorable_group,29057,0,SS1-68-E,01_SS1-68-E_comp.jams,959527,2,3,2,2,mixed,-0.12795032560825348,0.2639250159263611,0.5151209677419355,False,0
regression_loops_posthoc__tree_group_audit__blend_0.25__cost_1__no_favorable_group,29231,0,SS1-68-E,01_SS1-68-E_comp.jams,1401419,4,3,4,4,mixed,-0.28870970010757446,0.0713043361902237,0.21236795774647887,False,0
regression_loops_posthoc__tree_group_audit__blend_0.25__cost_1__no_favorable_group,29241,0,SS1-68-E,01_SS1-68-E_comp.jams,1428632,3,2,3,3,mixed,-0.06461098790168762,0.1478641927242279,0.5016544117647059,False,0
regression_loops_posthoc__tree_group_audit__blend_0.25__cost_1__no_favorable_group,29256,0,SS1-68-E,01_SS1-68-E_comp.jams,1466982,2,4,3,4,regression_favored,-0.12756183743476868,-0.12756183743476868,0.4375,True,0
regression_loops_posthoc__tree_group_audit__blend_0.25__cost_1__no_favorable_group,29261,0,SS1-68-E,01_SS1-68-E_comp.jams,1479735,2,3,2,2,mixed,-0.2162046730518341,0.15928387641906738,0.23739035087719298,False,0
regression_loops_posthoc__tree_group_audit__blend_0.25__cost_1__no_favorable_group,33024,0,BN2-166-Ab,02_BN2-166-Ab_comp.jams,64315,2,2,3,3,mixed,-0.10344827175140381,0.5058479309082031,0.5271577380952381,False,0
regression_loops_posthoc__tree_group_audit__blend_0.25__cost_1__no_favorable_group,33165,0,BN2-166-Ab,02_BN2-166-Ab_comp.jams,534869,4,2,3,3,mixed,-0.06411439180374146,0.03500816226005554,0.390625,False,0
regression_loops_posthoc__tree_group_audit__blend_0.25__cost_1__no_favorable_group,33198,0,BN2-166-Ab,02_BN2-166-Ab_comp.jams,709024,2,3,2,2,mixed,-0.15984654426574707,0.07028424739837646,0.07667824074074074,False,0
regression_loops_posthoc__tree_group_audit__blend_0.25__cost_1__no_favorable_group,33218,0,BN2-166-Ab,02_BN2-166-Ab_comp.jams,797467,3,2,3,3,mixed,-0.10240963101387024,0.11351034045219421,0.24743470149253732,False,0
regression_loops_posthoc__tree_group_audit__blend_0.25__cost_1__no_favorable_group,33235,0,BN2-166-Ab,02_BN2-166-Ab_comp.jams,861135,3,2,3,3,mixed,-0.31347960233688354,0.328743577003479,0.25550717213114754,False,0
regression_loops_posthoc__tree_group_audit__blend_0.25__cost_1__no_favorable_group,33285,0,BN2-166-Ab,02_BN2-166-Ab_comp.jams,1013396,2,2,3,2,regression_favored,-0.21344038844108582,-0.10019305348396301,0.3159722222222222,True,1
regression_loops_posthoc__tree_group_audit__blend_0.25__cost_1__no_favorable_group,39170,0,Jazz3-150-C,02_Jazz3-150-C_comp.jams,194445,2,3,2,2,mixed,-0.17484067380428314,0.052713170647621155,0.1875,False,0
regression_loops_posthoc__tree_group_audit__blend_0.25__cost_1__no_favorable_group,39189,0,Jazz3-150-C,02_Jazz3-150-C_comp.jams,240945,2,3,2,2,mixed,-0.0605560839176178,0.22580645978450775,0.26326650943396224,False,0
regression_loops_posthoc__tree_group_audit__blend_0.25__cost_1__no_favorable_group,39349,0,Jazz3-150-C,02_Jazz3-150-C_comp.jams,618699,3,3,2,2,correction_favored,0.036414578557014465,0.15695248544216156,0.128125,False,0
regression_loops_posthoc__tree_group_audit__blend_0.25__cost_1__no_favorable_group,39390,0,Jazz3-150-C,02_Jazz3-150-C_comp.jams,724089,4,3,4,4,mixed,-0.24214734137058258,0.22735242545604706,0.132421875,False,0
regression_loops_posthoc__tree_group_audit__blend_0.25__cost_1__no_favorable_group,39405,0,Jazz3-150-C,02_Jazz3-150-C_comp.jams,757882,4,3,2,2,mixed,-0.09490509331226349,0.18317309021949768,0.26165865384615383,False,0
regression_loops_posthoc__tree_group_audit__blend_0.25__cost_1__no_favorable_group,39465,0,Jazz3-150-C,02_Jazz3-150-C_comp.jams,900355,4,3,2,2,mixed,-0.026582956314086914,0.09808041155338287,0.33779761904761907,False,0
regression_loops_posthoc__tree_group_audit__blend_0.25__cost_1__no_favorable_group,39516,0,Jazz3-150-C,02_Jazz3-150-C_comp.jams,1025345,2,2,3,3,mixed,-0.10227271914482117,0.19785574078559875,0.18144132653061223,False,0
regression_loops_posthoc__tree_group_audit__blend_0.25__cost_1__no_favorable_group,39766,0,Jazz3-150-C,02_Jazz3-150-C_solo.jams,859879,1,3,2,2,correction_favored,0.019736848771572113,0.3754858672618866,0.4928508254716981,False,0
regression_loops_posthoc__tree_group_audit__blend_0.25__cost_1__no_favorable_group,40904,0,Rock2-142-D,02_Rock2-142-D_comp.jams,29305,3,3,4,4,correction_favored,0.12533792853355408,0.2604166567325592,0.3020833333333333,False,0
regression_loops_posthoc__tree_group_audit__blend_0.25__cost_1__no_favorable_group,41009,0,Rock2-142-D,02_Rock2-142-D_comp.jams,327142,2,2,3,3,correction_favored,0.02432924509048462,0.2743271291255951,0.500123031496063,False,0
regression_loops_posthoc__tree_group_audit__blend_0.25__cost_1__no_favorable_group,41048,0,Rock2-142-D,02_Rock2-142-D_comp.jams,477099,4,3,4,4,mixed,-0.0696132481098175,0.19378997385501862,0.232421875,False,0
regression_loops_posthoc__tree_group_audit__blend_0.25__cost_1__no_favorable_group,41074,0,Rock2-142-D,02_Rock2-142-D_comp.jams,543141,3,2,3,3,mixed,-0.16244900226593018,0.18840578198432922,0.296875,False,0
regression_loops_posthoc__tree_group_audit__blend_0.25__cost_1__no_favorable_group,41085,0,Rock2-142-D,02_Rock2-142-D_comp.jams,568799,2,2,3,3,correction_favored,0.004355400800704956,0.18855369091033936,0.1796875,False,0
regression_loops_posthoc__tree_group_audit__blend_0.25__cost_1__no_favorable_group,41089,0,Rock2-142-D,02_Rock2-142-D_comp.jams,577912,4,2,3,3,mixed,-0.0751219391822815,0.14116397500038147,0.27734375,False,0
regression_loops_posthoc__tree_group_audit__blend_0.25__cost_1__no_favorable_group,41136,0,Rock2-142-D,02_Rock2-142-D_comp.jams,700069,3,2,3,3,mixed,-0.048215776681900024,0.1876506209373474,0.58,False,0
regression_loops_posthoc__tree_group_audit__blend_0.25__cost_1__no_favorable_group,41213,0,Rock2-142-D,02_Rock2-142-D_comp.jams,923641,4,2,3,3,correction_favored,0.0019102990627288818,0.4508928656578064,0.4170258620689655,False,0
regression_loops_posthoc__tree_group_audit__blend_0.25__cost_1__no_favorable_group,41242,0,Rock2-142-D,02_Rock2-142-D_comp.jams,997545,3,3,4,4,mixed,-0.17038358747959137,0.31168830394744873,0.25012019230769234,False,0
regression_loops_posthoc__tree_group_audit__blend_0.25__cost_1__no_favorable_group,41307,0,Rock2-142-D,02_Rock2-142-D_comp.jams,1165771,2,3,5,5,mixed,-0.0859375,0.3422459661960602,0.18318965517241378,False,0
regression_loops_posthoc__tree_group_audit__blend_0.25__cost_1__no_favorable_group,41311,0,Rock2-142-D,02_Rock2-142-D_comp.jams,1174899,5,2,3,3,mixed,-0.20074787735939026,0.08209365606307983,0.48604166666666665,False,0
regression_loops_posthoc__tree_group_audit__blend_0.25__cost_1__no_favorable_group,42973,0,Rock3-148-C,02_Rock3-148-C_comp.jams,28673,4,3,4,3,regression_favored,-0.369047611951828,-0.14516130089759827,0.15625,True,-1
regression_loops_posthoc__tree_group_audit__blend_0.25__cost_1__no_favorable_group,43001,0,Rock3-148-C,02_Rock3-148-C_comp.jams,99814,5,3,4,4,mixed,-0.1119544506072998,0.01388084888458252,0.1943359375,False,0
regression_loops_posthoc__tree_group_audit__blend_0.25__cost_1__no_favorable_group,43058,0,Rock3-148-C,02_Rock3-148-C_comp.jams,234363,4,3,4,4,mixed,-0.0294339656829834,0.20060333609580994,0.24348958333333334,False,0
regression_loops_posthoc__tree_group_audit__blend_0.25__cost_1__no_favorable_group,43075,0,Rock3-148-C,02_Rock3-148-C_comp.jams,270166,5,4,3,3,mixed,-0.11735525727272034,0.27047619223594666,0.47066717791411045,False,0
regression_loops_posthoc__tree_group_audit__blend_0.25__cost_1__no_favorable_group,43079,0,Rock3-148-C,02_Rock3-148-C_comp.jams,279033,1,3,2,2,mixed,-0.035239920020103455,0.2901921272277832,0.6157786885245902,False,0
regression_loops_posthoc__tree_group_audit__blend_0.25__cost_1__no_favorable_group,43086,0,Rock3-148-C,02_Rock3-148-C_comp.jams,295441,3,2,3,3,correction_favored,0.008547008037567139,0.1734693944454193,0.303125,False,0
regression_loops_posthoc__tree_group_audit__blend_0.25__cost_1__no_favorable_group,43092,0,Rock3-148-C,02_Rock3-148-C_comp.jams,313516,4,4,3,3,mixed,-0.011839687824249268,0.17515036463737488,0.6460280373831776,False,0
regression_loops_posthoc__tree_group_audit__blend_0.25__cost_1__no_favorable_group,43111,0,Rock3-148-C,02_Rock3-148-C_comp.jams,354487,3,3,2,2,correction_favored,0.1347435563802719,0.390503853559494,0.5168547453703703,False,0
regression_loops_posthoc__tree_group_audit__blend_0.25__cost_1__no_favorable_group,43117,0,Rock3-148-C,02_Rock3-148-C_comp.jams,367487,2,3,2,2,mixed,-0.0363716185092926,0.26627981662750244,0.5848983990147784,False,0
regression_loops_posthoc__tree_group_audit__blend_0.25__cost_1__no_favorable_group,43121,0,Rock3-148-C,02_Rock3-148-C_comp.jams,384833,4,4,3,3,mixed,-0.0026011765003204346,0.03495064377784729,0.4875,False,0
regression_loops_posthoc__tree_group_audit__blend_0.25__cost_1__no_favorable_group,43134,0,Rock3-148-C,02_Rock3-148-C_comp.jams,412290,4,3,2,3,regression_favored,-0.08903123438358307,-0.030366122722625732,0.559375,True,0
regression_loops_posthoc__tree_group_audit__blend_0.25__cost_1__no_favorable_group,43166,0,Rock3-148-C,02_Rock3-148-C_comp.jams,483504,4,3,4,3,regression_favored,-0.260720431804657,-0.015645354986190796,0.18221507352941177,True,-1
regression_loops_posthoc__tree_group_audit__blend_0.25__cost_1__no_favorable_group,43175,0,Rock3-148-C,02_Rock3-148-C_comp.jams,502376,4,3,4,3,regression_favored,-0.2211538404226303,-0.007281571626663208,0.14756944444444445,True,-1
regression_loops_posthoc__tree_group_audit__blend_0.25__cost_1__no_favorable_group,43211,0,Rock3-148-C,02_Rock3-148-C_comp.jams,571984,3,4,3,3,mixed,-0.20772740244865417,0.07598921656608582,0.6013144841269841,False,0
regression_loops_posthoc__tree_group_audit__blend_0.25__cost_1__no_favorable_group,43221,0,Rock3-148-C,02_Rock3-148-C_comp.jams,599208,4,3,4,4,mixed,-0.24746452271938324,0.19481980800628662,0.2684659090909091,False,0
regression_loops_posthoc__tree_group_audit__blend_0.25__cost_1__no_favorable_group,43235,0,Rock3-148-C,02_Rock3-148-C_comp.jams,627842,4,3,2,3,regression_favored,-0.07655763626098633,-0.07655763626098633,0.421875,True,0
regression_loops_posthoc__tree_group_audit__blend_0.25__cost_1__no_favorable_group,43242,0,Rock3-148-C,02_Rock3-148-C_comp.jams,644462,5,4,3,3,mixed,-0.11293262243270874,0.12449797987937927,0.5752403846153846,False,0
regression_loops_posthoc__tree_group_audit__blend_0.25__cost_1__no_favorable_group,43253,0,Rock3-148-C,02_Rock3-148-C_comp.jams,672570,2,2,3,3,mixed,-0.2009446620941162,0.02419927716255188,0.437099358974359,False,0
regression_loops_posthoc__tree_group_audit__blend_0.25__cost_1__no_favorable_group,43268,0,Rock3-148-C,02_Rock3-148-C_comp.jams,703355,3,3,2,2,correction_favored,0.09090909361839294,0.4908638000488281,0.46087072649572647,False,0
regression_loops_posthoc__tree_group_audit__blend_0.25__cost_1__no_favorable_group,43296,0,Rock3-148-C,02_Rock3-148-C_comp.jams,769828,4,3,4,4,mixed,-0.2470669448375702,0.1657407283782959,0.17351973684210525,False,0
regression_loops_posthoc__tree_group_audit__blend_0.25__cost_1__no_favorable_group,43303,0,Rock3-148-C,02_Rock3-148-C_comp.jams,787187,4,2,4,2,regression_favored,-0.380952388048172,-0.14999999105930328,0.01711309523809524,True,-1
regression_loops_posthoc__tree_group_audit__blend_0.25__cost_1__no_favorable_group,43309,0,Rock3-148-C,02_Rock3-148-C_comp.jams,799964,3,2,3,2,regression_favored,-0.20204874873161316,-0.10628020763397217,0.09943181818181818,True,-1
regression_loops_posthoc__tree_group_audit__blend_0.25__cost_1__no_favorable_group,43330,0,Rock3-148-C,02_Rock3-148-C_comp.jams,845163,2,3,2,2,correction_favored,0.069721519947052,0.3068181872367859,0.571625,False,0
regression_loops_posthoc__tree_group_audit__blend_0.25__cost_1__no_favorable_group,43396,0,Rock3-148-C,02_Rock3-148-C_comp.jams,997480,1,3,2,2,correction_favored,0.20086635649204254,0.4429175555706024,0.4348404255319149,False,0
regression_loops_posthoc__tree_group_audit__blend_0.25__cost_1__no_favorable_group,43422,0,Rock3-148-C,02_Rock3-148-C_comp.jams,1055695,4,3,2,2,mixed,-0.17285992205142975,0.013612702488899231,0.43470982142857145,False,0
regression_loops_posthoc__tree_group_audit__blend_0.25__cost_1__no_favorable_group,43429,0,Rock3-148-C,02_Rock3-148-C_comp.jams,1072724,2,3,2,2,mixed,-0.06987577676773071,0.27205735445022583,0.16389627659574468,False,0
regression_loops_posthoc__tree_group_audit__blend_0.25__cost_1__no_favorable_group,43457,0,Rock3-148-C,02_Rock3-148-C_comp.jams,1128342,5,2,3,3,mixed,-0.16553381085395813,0.3067042827606201,0.3271004098360656,False,0
regression_loops_posthoc__tree_group_audit__blend_0.25__cost_1__no_favorable_group,43632,0,SS1-68-E,02_SS1-68-E_comp.jams,56390,1,4,3,4,regression_favored,-0.222470223903656,-0.1614198535680771,0.6197916666666666,True,0
regression_loops_posthoc__tree_group_audit__blend_0.25__cost_1__no_favorable_group,43865,0,SS1-68-E,02_SS1-68-E_comp.jams,624205,1,4,2,2,mixed,-0.428663432598114,0.17482516169548035,0.3665364583333333,False,0
regression_loops_posthoc__tree_group_audit__blend_0.25__cost_1__no_favorable_group,43872,0,SS1-68-E,02_SS1-68-E_comp.jams,651451,1,3,2,2,mixed,-0.07641330361366272,0.2860944867134094,0.40691489361702127,False,0
regression_loops_posthoc__tree_group_audit__blend_0.25__cost_1__no_favorable_group,43895,0,SS1-68-E,02_SS1-68-E_comp.jams,704663,1,2,3,2,regression_favored,-0.2297220677137375,-0.11688309907913208,0.453125,True,0
regression_loops_posthoc__tree_group_audit__blend_0.25__cost_1__no_favorable_group,43901,0,SS1-68-E,02_SS1-68-E_comp.jams,724801,1,3,2,2,mixed,-0.1437578797340393,0.2834008038043976,0.45986152694610777,False,0
regression_loops_posthoc__tree_group_audit__blend_0.25__cost_1__no_favorable_group,43967,0,SS1-68-E,02_SS1-68-E_comp.jams,955134,0,2,3,3,mixed,-0.10151836276054382,0.03484317660331726,0.43220766129032256,False,0
regression_loops_posthoc__tree_group_audit__blend_0.25__cost_1__no_favorable_group,43976,0,SS1-68-E,02_SS1-68-E_comp.jams,974275,1,3,2,2,mixed,-0.30433791875839233,0.07330825924873352,0.4809301181102362,False,0
regression_loops_posthoc__tree_group_audit__blend_0.25__cost_1__no_favorable_group,43988,0,SS1-68-E,02_SS1-68-E_comp.jams,999347,1,2,3,3,mixed,-0.1546492576599121,0.010151684284210205,0.48138297872340424,False,0
regression_loops_posthoc__tree_group_audit__blend_0.25__cost_1__no_favorable_group,44068,0,SS1-68-E,02_SS1-68-E_comp.jams,1206850,0,2,3,3,mixed,-0.04720690846443176,0.14530891180038452,0.5970394736842105,False,0
regression_loops_posthoc__tree_group_audit__blend_0.25__cost_1__no_favorable_group,44091,0,SS1-68-E,02_SS1-68-E_comp.jams,1271998,1,3,2,3,regression_favored,-0.2209961712360382,-0.031163811683654785,0.22340425531914893,True,0
regression_loops_posthoc__tree_group_audit__blend_0.25__cost_1__no_favorable_group,44104,0,SS1-68-E,02_SS1-68-E_comp.jams,1300132,1,4,3,3,mixed,-0.16606929898262024,0.2792208194732666,0.46064814814814814,False,0
regression_loops_posthoc__tree_group_audit__blend_0.25__cost_1__no_favorable_group,44127,0,SS1-68-E,02_SS1-68-E_comp.jams,1378631,1,4,3,4,regression_favored,-0.02563890814781189,-0.0016963481903076172,0.5,True,0
regression_loops_posthoc__tree_group_audit__blend_0.25__cost_1__no_favorable_group,44144,0,SS1-68-E,02_SS1-68-E_comp.jams,1424022,0,3,2,2,mixed,-0.10900256037712097,0.3236684501171112,0.4513608870967742,False,0
regression_loops_posthoc__tree_group_audit__blend_0.25__cost_1__no_favorable_group,44211,0,SS1-68-E,02_SS1-68-E_comp.jams,1624773,1,3,2,2,mixed,-0.01907038688659668,0.46710526943206787,0.41861670616113744,False,0
regression_loops_posthoc__tree_group_audit__blend_0.25__cost_1__no_favorable_group,44350,0,SS1-68-E,02_SS1-68-E_solo.jams,333732,1,4,3,3,correction_favored,0.11660778522491455,0.16514691710472107,0.4791666666666667,False,0
regression_loops_posthoc__tree_group_audit__blend_0.25__cost_1__no_favorable_group,44639,0,SS1-68-E,02_SS1-68-E_solo.jams,1704547,1,3,2,2,correction_favored,0.02834990620613098,0.2790834307670593,0.47696520618556704,False,0
regression_loops_posthoc__tree_group_audit__blend_0.25__cost_1__no_favorable_group,47968,0,BN2-166-Ab,03_BN2-166-Ab_comp.jams,12,4,2,4,2,regression_favored,-0.5961538553237915,-0.0615384578704834,0.05353860294117647,True,-1
regression_loops_posthoc__tree_group_audit__blend_0.25__cost_1__no_favorable_group,47974,0,BN2-166-Ab,03_BN2-166-Ab_comp.jams,15631,3,4,3,4,regression_favored,-0.2636873722076416,-0.09686699509620667,0.5170200892857143,True,-1
regression_loops_posthoc__tree_group_audit__blend_0.25__cost_1__no_favorable_group,47992,0,BN2-166-Ab,03_BN2-166-Ab_comp.jams,72224,4,4,2,2,mixed,-0.1271086037158966,0.37142857909202576,0.49710648148148145,False,0
regression_loops_posthoc__tree_group_audit__blend_0.25__cost_1__no_favorable_group,47998,0,BN2-166-Ab,03_BN2-166-Ab_comp.jams,95146,3,2,3,3,mixed,-0.07280060648918152,0.056478410959243774,0.4357142857142857,False,0
regression_loops_posthoc__tree_group_audit__blend_0.25__cost_1__no_favorable_group,48011,0,BN2-166-Ab,03_BN2-166-Ab_comp.jams,159267,1,4,2,2,mixed,-0.13825847208499908,0.3571428656578064,0.41228070175438597,False,0
regression_loops_posthoc__tree_group_audit__blend_0.25__cost_1__no_favorable_group,48013,0,BN2-166-Ab,03_BN2-166-Ab_comp.jams,182893,4,4,2,2,mixed,-0.2669371962547302,0.26860255002975464,0.40814623786407767,False,0
regression_loops_posthoc__tree_group_audit__blend_0.25__cost_1__no_favorable_group,48014,0,BN2-166-Ab,03_BN2-166-Ab_comp.jams,200262,4,4,2,2,mixed,-0.22208163142204285,0.24500000476837158,0.44313858695652175,False,0
regression_loops_posthoc__tree_group_audit__blend_0.25__cost_1__no_favorable_group,48036,0,BN2-166-Ab,03_BN2-166-Ab_comp.jams,286879,1,3,2,2,mixed,-0.046930938959121704,0.38265305757522583,0.4696514423076923,False,0
regression_loops_posthoc__tree_group_audit__blend_0.25__cost_1__no_favorable_group,48042,0,BN2-166-Ab,03_BN2-166-Ab_comp.jams,326707,4,4,2,2,mixed,-0.3246295154094696,0.07460318505764008,0.3649467054263566,False,0
regression_loops_posthoc__tree_group_audit__blend_0.25__cost_1__no_favorable_group,48063,0,BN2-166-Ab,03_BN2-166-Ab_comp.jams,399949,4,3,2,2,mixed,-0.13144426047801971,0.12183241546154022,0.11949573863636363,False,0
regression_loops_posthoc__tree_group_audit__blend_0.25__cost_1__no_favorable_group,48077,0,BN2-166-Ab,03_BN2-166-Ab_comp.jams,454432,3,3,4,4,mixed,-0.19792497158050537,0.4000000059604645,0.2190448113207547,False,0
regression_loops_posthoc__tree_group_audit__blend_0.25__cost_1__no_favorable_group,48081,0,BN2-166-Ab,03_BN2-166-Ab_comp.jams,470748,1,4,2,2,mixed,-0.1374582052230835,0.3333333432674408,0.3313969017094017,False,0
regression_loops_posthoc__tree_group_audit__blend_0.25__cost_1__no_favorable_group,48090,0,BN2-166-Ab,03_BN2-166-Ab_comp.jams,509257,4,2,4,2,regression_favored,-0.395256906747818,-0.0625,0.11235119047619048,True,-1
regression_loops_posthoc__tree_group_audit__blend_0.25__cost_1__no_favorable_group,48096,0,BN2-166-Ab,03_BN2-166-Ab_comp.jams,525512,3,4,3,4,regression_favored,-0.040910184383392334,-0.040910184383392334,0.609375,True,-1
regression_loops_posthoc__tree_group_audit__blend_0.25__cost_1__no_favorable_group,48128,0,BN2-166-Ab,03_BN2-166-Ab_comp.jams,622726,2,4,2,2,mixed,-0.11759799718856812,0.4113207459449768,0.20220170454545455,False,0
regression_loops_posthoc__tree_group_audit__blend_0.25__cost_1__no_favorable_group,48141,0,BN2-166-Ab,03_BN2-166-Ab_comp.jams,670270,1,4,2,2,mixed,-0.10921801626682281,0.30000001192092896,0.5213564410480349,False,0
regression_loops_posthoc__tree_group_audit__blend_0.25__cost_1__no_favorable_group,48151,0,BN2-166-Ab,03_BN2-166-Ab_comp.jams,733579,3,3,2,2,mixed,-0.2302483767271042,0.186824768781662,0.4289158950617284,False,0
regression_loops_posthoc__tree_group_audit__blend_0.25__cost_1__no_favorable_group,48167,0,BN2-166-Ab,03_BN2-166-Ab_comp.jams,797444,1,4,2,2,mixed,-0.13068296015262604,0.29192546010017395,0.3263781055900621,False,0
regression_loops_posthoc__tree_group_audit__blend_0.25__cost_1__no_favorable_group,48172,0,BN2-166-Ab,03_BN2-166-Ab_comp.jams,836774,4,4,2,2,mixed,-0.2336120307445526,0.252136766910553,0.37223704268292684,False,0
regression_loops_posthoc__tree_group_audit__blend_0.25__cost_1__no_favorable_group,48179,0,BN2-166-Ab,03_BN2-166-Ab_comp.jams,859861,3,3,2,3,regression_favored,-0.26184308528900146,-0.0731707215309143,0.26186342592592593,True,1
regression_loops_posthoc__tree_group_audit__blend_0.25__cost_1__no_favorable_group,48203,0,BN2-166-Ab,03_BN2-166-Ab_comp.jams,948693,4,2,4,2,regression_favored,-0.5527949929237366,-0.06493508815765381,0.05589978448275862,True,-1
regression_loops_posthoc__tree_group_audit__blend_0.25__cost_1__no_favorable_group,48210,0,BN2-166-Ab,03_BN2-166-Ab_comp.jams,980979,1,4,2,2,mixed,-0.40422362089157104,0.23076924681663513,0.13936335403726707,False,0
regression_loops_posthoc__tree_group_audit__blend_0.25__cost_1__no_favorable_group,48217,0,BN2-166-Ab,03_BN2-166-Ab_comp.jams,1004130,3,4,3,4,regression_favored,-0.23702186346054077,-0.1768040955066681,0.675,True,-1
regression_loops_posthoc__tree_group_audit__blend_0.25__cost_1__no_favorable_group,53409,0,Jazz3-150-C,03_Jazz3-150-C_comp.jams,169839,3,4,2,2,mixed,-0.18327759206295013,0.2828224301338196,0.2138975155279503,False,0
regression_loops_posthoc__tree_group_audit__blend_0.25__cost_1__no_favorable_group,53535,0,Jazz3-150-C,03_Jazz3-150-C_comp.jams,735146,3,4,2,4,regression_favored,-0.014521196484565735,-0.014521196484565735,0.25,True,0
regression_loops_posthoc__tree_group_audit__blend_0.25__cost_1__no_favorable_group,53542,0,Jazz3-150-C,03_Jazz3-150-C_comp.jams,770149,3,4,3,3,mixed,-0.1674242466688156,0.295945942401886,0.3950681279620853,False,0
regression_loops_posthoc__tree_group_audit__blend_0.25__cost_1__no_favorable_group,53546,0,Jazz3-150-C,03_Jazz3-150-C_comp.jams,803990,3,3,2,2,correction_favored,0.16227230429649353,0.3131207823753357,0.4318181818181818,False,0
regression_loops_posthoc__tree_group_audit__blend_0.25__cost_1__no_favorable_group,53554,0,Jazz3-150-C,03_Jazz3-150-C_comp.jams,861252,1,4,2,2,mixed,-0.08548790216445923,0.3194444477558136,0.23424479166666667,False,0
regression_loops_posthoc__tree_group_audit__blend_0.25__cost_1__no_favorable_group,53586,0,Jazz3-150-C,03_Jazz3-150-C_comp.jams,1005082,3,3,2,3,regression_favored,-0.19467705488204956,-0.0004482269287109375,0.181640625,True,1
regression_loops_posthoc__tree_group_audit__blend_0.25__cost_1__no_favorable_group,53594,0,Jazz3-150-C,03_Jazz3-150-C_comp.jams,1033601,3,4,3,3,mixed,-0.1705685555934906,0.35384616255760193,0.5356221330275229,False,0
regression_loops_posthoc__tree_group_audit__blend_0.25__cost_1__no_favorable_group,53603,0,Jazz3-150-C,03_Jazz3-150-C_comp.jams,1085081,3,3,2,2,mixed,-0.14984124898910522,0.04175606369972229,0.359375,False,0
regression_loops_posthoc__tree_group_audit__blend_0.25__cost_1__no_favorable_group,53608,0,Jazz3-150-C,03_Jazz3-150-C_comp.jams,1103270,3,4,2,4,regression_favored,-0.35103970766067505,-0.10675676167011261,0.37471590909090907,True,0
regression_loops_posthoc__tree_group_audit__blend_0.25__cost_1__no_favorable_group,54954,0,Rock2-142-D,03_Rock2-142-D_comp.jams,92232,2,4,2,2,mixed,-0.0625,0.24097329378128052,0.058119158878504676,False,0
regression_loops_posthoc__tree_group_audit__blend_0.25__cost_1__no_favorable_group,54974,0,Rock2-142-D,03_Rock2-142-D_comp.jams,149148,2,4,2,2,correction_favored,0.1295439600944519,0.3100995719432831,0.08488175675675676,False,0
regression_loops_posthoc__tree_group_audit__blend_0.25__cost_1__no_favorable_group,55039,0,Rock2-142-D,03_Rock2-142-D_comp.jams,346636,3,4,3,3,mixed,-0.12597401440143585,0.1399286985397339,0.6022196261682243,False,0
regression_loops_posthoc__tree_group_audit__blend_0.25__cost_1__no_favorable_group,55054,0,Rock2-142-D,03_Rock2-142-D_comp.jams,400226,2,4,2,2,correction_favored,0.10774411261081696,0.34276729822158813,0.1205868320610687,False,0
regression_loops_posthoc__tree_group_audit__blend_0.25__cost_1__no_favorable_group,55078,0,Rock2-142-D,03_Rock2-142-D_comp.jams,466714,4,2,3,3,mixed,-0.15783946216106415,0.10449403524398804,0.4153645833333333,False,0
regression_loops_posthoc__tree_group_audit__blend_0.25__cost_1__no_favorable_group,55120,0,Rock2-142-D,03_Rock2-142-D_comp.jams,587046,1,2,3,2,regression_favored,-0.13070696592330933,-0.016651779413223267,0.3805147058823529,True,0
regression_loops_posthoc__tree_group_audit__blend_0.25__cost_1__no_favorable_group,55169,0,Rock2-142-D,03_Rock2-142-D_comp.jams,708314,3,3,4,4,mixed,-0.028859376907348633,0.10049262642860413,0.251953125,False,0
regression_loops_posthoc__tree_group_audit__blend_0.25__cost_1__no_favorable_group,55182,0,Rock2-142-D,03_Rock2-142-D_comp.jams,754848,1,3,2,2,mixed,-0.1972968727350235,0.06715524196624756,0.3331953642384106,False,0
regression_loops_posthoc__tree_group_audit__blend_0.25__cost_1__no_favorable_group,55256,0,Rock2-142-D,03_Rock2-142-D_comp.jams,979876,3,3,4,4,mixed,-0.48899370431900024,0.011904746294021606,0.1474514563106796,False,0
regression_loops_posthoc__tree_group_audit__blend_0.25__cost_1__no_favorable_group,55268,0,Rock2-142-D,03_Rock2-142-D_comp.jams,1005817,2,4,3,3,mixed,-0.19291914999485016,0.021043777465820312,0.8093497983870968,False,0
regression_loops_posthoc__tree_group_audit__blend_0.25__cost_1__no_favorable_group,55292,0,Rock2-142-D,03_Rock2-142-D_comp.jams,1061391,4,3,2,2,mixed,-0.0757167786359787,0.026356607675552368,0.40625,False,0
regression_loops_posthoc__tree_group_audit__blend_0.25__cost_1__no_favorable_group,55325,0,Rock2-142-D,03_Rock2-142-D_comp.jams,1130058,3,3,2,2,mixed,-0.13260605931282043,0.1025482714176178,0.5304752066115702,False,0
regression_loops_posthoc__tree_group_audit__blend_0.25__cost_1__no_favorable_group,55337,0,Rock2-142-D,03_Rock2-142-D_comp.jams,1156540,4,2,3,3,mixed,-0.1073337197303772,0.26421406865119934,0.5033028455284553,False,0
regression_loops_posthoc__tree_group_audit__blend_0.25__cost_1__no_favorable_group,56895,0,Rock3-148-C,03_Rock3-148-C_comp.jams,71131,2,3,2,2,mixed,-0.007368415594100952,0.15987655520439148,0.4875553097345133,False,0
regression_loops_posthoc__tree_group_audit__blend_0.25__cost_1__no_favorable_group,56896,0,Rock3-148-C,03_Rock3-148-C_comp.jams,72918,3,2,3,3,mixed,-0.19990956783294678,0.3134058117866516,0.4226190476190476,False,0
regression_loops_posthoc__tree_group_audit__blend_0.25__cost_1__no_favorable_group,56919,0,Rock3-148-C,03_Rock3-148-C_comp.jams,125202,4,3,2,2,mixed,-0.11488297581672668,0.04137556254863739,0.2682291666666667,False,0
regression_loops_posthoc__tree_group_audit__blend_0.25__cost_1__no_favorable_group,56978,0,Rock3-148-C,03_Rock3-148-C_comp.jams,266733,2,3,4,3,regression_favored,-0.2874999940395355,-0.07542216777801514,0.15178571428571427,True,0
regression_loops_posthoc__tree_group_audit__blend_0.25__cost_1__no_favorable_group,57010,0,Rock3-148-C,03_Rock3-148-C_comp.jams,339228,2,2,3,3,mixed,-0.16108211874961853,0.006845265626907349,0.31850961538461536,False,0
regression_loops_posthoc__tree_group_audit__blend_0.25__cost_1__no_favorable_group,57018,0,Rock3-148-C,03_Rock3-148-C_comp.jams,357120,3,4,2,2,mixed,-0.032114461064338684,0.08030302822589874,0.091796875,False,0
regression_loops_posthoc__tree_group_audit__blend_0.25__cost_1__no_favorable_group,57029,0,Rock3-148-C,03_Rock3-148-C_comp.jams,386676,2,2,3,2,regression_favored,-0.17475080490112305,-0.0874640941619873,0.23958333333333334,True,1
regression_loops_posthoc__tree_group_audit__blend_0.25__cost_1__no_favorable_group,57054,0,Rock3-148-C,03_Rock3-148-C_comp.jams,447149,3,3,5,5,mixed,-0.026785701513290405,0.34365326166152954,0.11769153225806452,False,0
regression_loops_posthoc__tree_group_audit__blend_0.25__cost_1__no_favorable_group,57071,0,Rock3-148-C,03_Rock3-148-C_comp.jams,482855,2,3,2,2,correction_favored,0.0414901077747345,0.26644736528396606,0.6117021276595744,False,0
regression_loops_posthoc__tree_group_audit__blend_0.25__cost_1__no_favorable_group,57107,0,Rock3-148-C,03_Rock3-148-C_comp.jams,554979,4,4,3,3,mixed,-0.1625215709209442,0.028584718704223633,0.6177083333333333,False,0
regression_loops_posthoc__tree_group_audit__blend_0.25__cost_1__no_favorable_group,57120,0,Rock3-148-C,03_Rock3-148-C_comp.jams,590634,2,3,4,3,regression_favored,-0.15625,-0.15625,0.1875,True,0
regression_loops_posthoc__tree_group_audit__blend_0.25__cost_1__no_favorable_group,57128,0,Rock3-148-C,03_Rock3-148-C_comp.jams,608363,3,3,5,5,mixed,-0.1111111044883728,0.2621621787548065,0.1305443548387097,False,0
regression_loops_posthoc__tree_group_audit__blend_0.25__cost_1__no_favorable_group,57142,0,Rock3-148-C,03_Rock3-148-C_comp.jams,643797,4,3,4,4,mixed,-0.23749998211860657,0.11764706671237946,0.159625,False,0
regression_loops_posthoc__tree_group_audit__blend_0.25__cost_1__no_favorable_group,57179,0,Rock3-148-C,03_Rock3-148-C_comp.jams,731377,3,4,3,3,mixed,-0.1304161250591278,0.06824249029159546,0.60546875,False,0
regression_loops_posthoc__tree_group_audit__blend_0.25__cost_1__no_favorable_group,57214,0,Rock3-148-C,03_Rock3-148-C_comp.jams,813929,4,3,4,4,mixed,-0.018679291009902954,0.12475760281085968,0.18055555555555555,False,0
regression_loops_posthoc__tree_group_audit__blend_0.25__cost_1__no_favorable_group,57227,0,Rock3-148-C,03_Rock3-148-C_comp.jams,841098,3,2,3,3,mixed,-0.13643178343772888,0.07006192207336426,0.41188226744186046,False,0
regression_loops_posthoc__tree_group_audit__blend_0.25__cost_1__no_favorable_group,57241,0,Rock3-148-C,03_Rock3-148-C_comp.jams,874615,1,4,2,2,correction_favored,0.020618543028831482,0.3212341368198395,0.12389605978260869,False,0
regression_loops_posthoc__tree_group_audit__blend_0.25__cost_1__no_favorable_group,57250,0,Rock3-148-C,03_Rock3-148-C_comp.jams,892769,1,3,2,2,mixed,-0.05950096249580383,0.12977445125579834,0.49440104166666665,False,0
regression_loops_posthoc__tree_group_audit__blend_0.25__cost_1__no_favorable_group,57255,0,Rock3-148-C,03_Rock3-148-C_comp.jams,904141,2,3,2,2,mixed,-0.13565956056118011,0.24199388921260834,0.6404194078947368,False,0
regression_loops_posthoc__tree_group_audit__blend_0.25__cost_1__no_favorable_group,57259,0,Rock3-148-C,03_Rock3-148-C_comp.jams,912212,3,4,5,5,correction_favored,0.11648352444171906,0.17931035161018372,0.26953125,False,0
regression_loops_posthoc__tree_group_audit__blend_0.25__cost_1__no_favorable_group,57267,0,Rock3-148-C,03_Rock3-148-C_comp.jams,929638,3,3,2,2,correction_favored,0.003610670566558838,0.19201520085334778,0.34146341463414637,False,0
regression_loops_posthoc__tree_group_audit__blend_0.25__cost_1__no_favorable_group,57324,0,Rock3-148-C,03_Rock3-148-C_comp.jams,1072184,3,3,2,2,mixed,-0.07992327213287354,0.19248944520950317,0.3789427570093458,False,0
regression_loops_posthoc__tree_group_audit__blend_0.25__cost_1__no_favorable_group,57325,0,Rock3-148-C,03_Rock3-148-C_comp.jams,1073978,3,2,3,2,regression_favored,-0.19754624366760254,-0.15468549728393555,0.415625,True,-1
regression_loops_posthoc__tree_group_audit__blend_0.25__cost_1__no_favorable_group,57338,0,Rock3-148-C,03_Rock3-148-C_comp.jams,1099879,4,4,5,5,correction_favored,0.20307692885398865,0.20307692885398865,0.203125,False,0
regression_loops_posthoc__tree_group_audit__blend_0.25__cost_1__no_favorable_group,57451,0,SS1-68-E,03_SS1-68-E_comp.jams,3360,2,3,2,2,mixed,-0.05073615908622742,0.16965271532535553,0.4011656746031746,False,0
regression_loops_posthoc__tree_group_audit__blend_0.25__cost_1__no_favorable_group,57465,0,SS1-68-E,03_SS1-68-E_comp.jams,41342,2,4,2,2,mixed,-0.16913044452667236,0.2352941334247589,0.45681698312236285,False,0
regression_loops_posthoc__tree_group_audit__blend_0.25__cost_1__no_favorable_group,57479,0,SS1-68-E,03_SS1-68-E_comp.jams,79071,4,3,2,2,mixed,-0.13085679709911346,0.11525136232376099,0.290625,False,0
regression_loops_posthoc__tree_group_audit__blend_0.25__cost_1__no_favorable_group,57496,0,SS1-68-E,03_SS1-68-E_comp.jams,118301,3,3,2,2,mixed,-0.1660079061985016,0.14114487171173096,0.48040674603174605,False,0
regression_loops_posthoc__tree_group_audit__blend_0.25__cost_1__no_favorable_group,57505,0,SS1-68-E,03_SS1-68-E_comp.jams,138199,0,3,2,2,mixed,-0.040909089148044586,0.36513763666152954,0.6304284037558685,False,0
regression_loops_posthoc__tree_group_audit__blend_0.25__cost_1__no_favorable_group,57512,0,SS1-68-E,03_SS1-68-E_comp.jams,155881,3,3,2,2,correction_favored,0.04784047603607178,0.2230483442544937,0.40027947154471544,False,0
regression_loops_posthoc__tree_group_audit__blend_0.25__cost_1__no_favorable_group,57529,0,SS1-68-E,03_SS1-68-E_comp.jams,193810,2,3,2,2,mixed,-0.12740139663219452,0.28280141949653625,0.5171257062146892,False,0
regression_loops_posthoc__tree_group_audit__blend_0.25__cost_1__no_favorable_group,57632,0,SS1-68-E,03_SS1-68-E_comp.jams,429740,2,4,2,2,mixed,-0.2347826063632965,0.2938005328178406,0.41293668122270744,False,0
regression_loops_posthoc__tree_group_audit__blend_0.25__cost_1__no_favorable_group,57718,0,SS1-68-E,03_SS1-68-E_comp.jams,651461,2,3,2,2,mixed,-0.2939794063568115,0.15678271651268005,0.36237582781456956,False,0
regression_loops_posthoc__tree_group_audit__blend_0.25__cost_1__no_favorable_group,57738,0,SS1-68-E,03_SS1-68-E_comp.jams,701629,3,4,3,3,mixed,-0.07221284508705139,0.16483405232429504,0.5885836693548387,False,0
regression_loops_posthoc__tree_group_audit__blend_0.25__cost_1__no_favorable_group,57779,0,SS1-68-E,03_SS1-68-E_comp.jams,805918,3,3,4,3,regression_favored,-0.10842753946781158,-0.06372550129890442,0.265625,True,1
regression_loops_posthoc__tree_group_audit__blend_0.25__cost_1__no_favorable_group,57843,0,SS1-68-E,03_SS1-68-E_comp.jams,959595,3,3,2,2,mixed,-0.10227981209754944,0.276691734790802,0.49099751655629137,False,0
regression_loops_posthoc__tree_group_audit__blend_0.25__cost_1__no_favorable_group,57863,0,SS1-68-E,03_SS1-68-E_comp.jams,1012818,3,3,2,2,mixed,-0.18758606910705566,0.08010411262512207,0.24618602362204725,False,0
regression_loops_posthoc__tree_group_audit__blend_0.25__cost_1__no_favorable_group,57873,0,SS1-68-E,03_SS1-68-E_comp.jams,1039968,1,3,2,2,mixed,-0.0926966667175293,0.2438117116689682,0.4701834862385321,False,0
regression_loops_posthoc__tree_group_audit__blend_0.25__cost_1__no_favorable_group,57881,0,SS1-68-E,03_SS1-68-E_comp.jams,1066700,2,2,3,2,regression_favored,-0.2663259506225586,-0.1465502381324768,0.4110576923076923,True,1
regression_loops_posthoc__tree_group_audit__blend_0.25__cost_1__no_favorable_group,57908,0,SS1-68-E,03_SS1-68-E_comp.jams,1129289,2,4,2,2,mixed,-0.11177864670753479,0.35232383012771606,0.45549242424242425,False,0
regression_loops_posthoc__tree_group_audit__blend_0.25__cost_1__no_favorable_group,57921,0,SS1-68-E,03_SS1-68-E_comp.jams,1168689,2,4,3,4,regression_favored,-0.22174599766731262,-0.05260148644447327,0.3317307692307692,True,0
regression_loops_posthoc__tree_group_audit__blend_0.25__cost_1__no_favorable_group,57976,0,SS1-68-E,03_SS1-68-E_comp.jams,1349715,1,3,2,2,mixed,-0.09937889873981476,0.19259260594844818,0.5918251811594203,False,0
regression_loops_posthoc__tree_group_audit__blend_0.25__cost_1__no_favorable_group,58006,0,SS1-68-E,03_SS1-68-E_comp.jams,1415297,1,2,3,3,correction_favored,0.02738901972770691,0.2874736487865448,0.23664772727272726,False,0
regression_loops_posthoc__tree_group_audit__blend_0.25__cost_1__no_favorable_group,58095,0,SS1-68-E,03_SS1-68-E_comp.jams,1674712,2,4,2,2,mixed,-0.2169254571199417,0.26860255002975464,0.4058277027027027,False,0
regression_loops_posthoc__tree_group_audit__blend_0.25__cost_1__no_favorable_group,58112,0,SS1-68-E,03_SS1-68-E_comp.jams,1713584,2,4,3,4,regression_favored,-0.2530719041824341,-0.020440250635147095,0.5621936274509803,True,0
regression_loops_posthoc__tree_group_audit__blend_0.25__cost_1__no_favorable_group,58333,0,SS1-68-E,03_SS1-68-E_solo.jams,1772360,2,3,2,2,mixed,-0.07013621926307678,0.3065166473388672,0.41771673387096775,False,0
regression_loops_posthoc__tree_group_audit__blend_0.25__cost_1__no_favorable_group,61293,0,BN2-166-Ab,04_BN2-166-Ab_comp.jams,54864,4,4,3,3,mixed,-0.11203017830848694,0.1526881456375122,0.5703125,False,0
regression_loops_posthoc__tree_group_audit__blend_0.25__cost_1__no_favorable_group,61301,0,BN2-166-Ab,04_BN2-166-Ab_comp.jams,72586,4,4,2,2,mixed,-0.086319699883461,0.3499999940395355,0.29096798780487804,False,0
regression_loops_posthoc__tree_group_audit__blend_0.25__cost_1__no_favorable_group,61344,0,BN2-166-Ab,04_BN2-166-Ab_comp.jams,215258,1,2,3,2,regression_favored,-0.12398043274879456,-0.02300235629081726,0.33035714285714285,True,0
regression_loops_posthoc__tree_group_audit__blend_0.25__cost_1__no_favorable_group,61348,0,BN2-166-Ab,04_BN2-166-Ab_comp.jams,237882,2,4,3,4,regression_favored,-0.11145809292793274,-0.11145809292793274,0.53125,True,0
regression_loops_posthoc__tree_group_audit__blend_0.25__cost_1__no_favorable_group,61379,0,BN2-166-Ab,04_BN2-166-Ab_comp.jams,352178,3,4,2,2,mixed,-0.24768519401550293,0.12804879248142242,0.17310049019607843,False,0
regression_loops_posthoc__tree_group_audit__blend_0.25__cost_1__no_favorable_group,61387,0,BN2-166-Ab,04_BN2-166-Ab_comp.jams,381580,4,2,3,2,regression_favored,-0.0997423529624939,-0.0014640092849731445,0.578125,True,0
regression_loops_posthoc__tree_group_audit__blend_0.25__cost_1__no_favorable_group,61400,0,BN2-166-Ab,04_BN2-166-Ab_comp.jams,422218,4,4,2,4,regression_favored,-0.16591306030750275,-0.04405902326107025,0.20572916666666666,True,1
regression_loops_posthoc__tree_group_audit__blend_0.25__cost_1__no_favorable_group,61422,0,BN2-166-Ab,04_BN2-166-Ab_comp.jams,492073,4,2,3,3,mixed,-0.17307692766189575,0.5346153974533081,0.6220100308641975,False,0
regression_loops_posthoc__tree_group_audit__blend_0.25__cost_1__no_favorable_group,61426,0,BN2-166-Ab,04_BN2-166-Ab_comp.jams,508872,4,4,3,3,mixed,-0.3834640085697174,0.18928571045398712,0.3204152960526316,False,0
regression_loops_posthoc__tree_group_audit__blend_0.25__cost_1__no_favorable_group,61429,0,BN2-166-Ab,04_BN2-166-Ab_comp.jams,524687,4,4,3,3,mixed,-0.18695464730262756,0.08484849333763123,0.4565829918032787,False,0
regression_loops_posthoc__tree_group_audit__blend_0.25__cost_1__no_favorable_group,61451,0,BN2-166-Ab,04_BN2-166-Ab_comp.jams,597904,4,3,4,4,mixed,-0.1871013343334198,0.38311687111854553,0.18833333333333332,False,0
regression_loops_posthoc__tree_group_audit__blend_0.25__cost_1__no_favorable_group,61458,0,BN2-166-Ab,04_BN2-166-Ab_comp.jams,631830,2,4,3,4,regression_favored,-0.19895893335342407,-0.15469613671302795,0.71875,True,0
regression_loops_posthoc__tree_group_audit__blend_0.25__cost_1__no_favorable_group,61469,0,BN2-166-Ab,04_BN2-166-Ab_comp.jams,669754,2,4,2,2,mixed,-0.2774083614349365,0.2931034564971924,0.2616995073891626,False,0
regression_loops_posthoc__tree_group_audit__blend_0.25__cost_1__no_favorable_group,61476,0,BN2-166-Ab,04_BN2-166-Ab_comp.jams,692493,3,4,3,3,mixed,-0.1340411901473999,0.017919063568115234,0.6710188356164384,False,0
regression_loops_posthoc__tree_group_audit__blend_0.25__cost_1__no_favorable_group,61488,0,BN2-166-Ab,04_BN2-166-Ab_comp.jams,733027,3,4,3,3,mixed,-0.0512634813785553,0.3846890330314636,0.5535945595854922,False,0
regression_loops_posthoc__tree_group_audit__blend_0.25__cost_1__no_favorable_group,61494,0,BN2-166-Ab,04_BN2-166-Ab_comp.jams,764738,1,4,2,2,mixed,-0.226328507065773,0.27272725105285645,0.1956457345971564,False,0
regression_loops_posthoc__tree_group_audit__blend_0.25__cost_1__no_favorable_group,61499,0,BN2-166-Ab,04_BN2-166-Ab_comp.jams,788199,4,3,2,2,mixed,-0.11372178792953491,0.1439909189939499,0.41460561497326204,False,0
regression_loops_posthoc__tree_group_audit__blend_0.25__cost_1__no_favorable_group,61522,0,BN2-166-Ab,04_BN2-166-Ab_comp.jams,861510,2,3,2,2,mixed,-0.07692307233810425,0.3372093141078949,0.47271341463414634,False,0
regression_loops_posthoc__tree_group_audit__blend_0.25__cost_1__no_favorable_group,61525,0,BN2-166-Ab,04_BN2-166-Ab_comp.jams,875207,3,4,2,2,mixed,-0.019819825887680054,0.04255318641662598,0.125,False,0
regression_loops_posthoc__tree_group_audit__blend_0.25__cost_1__no_favorable_group,61542,0,BN2-166-Ab,04_BN2-166-Ab_comp.jams,946310,4,4,2,2,mixed,-0.019819825887680054,0.024242430925369263,0.146875,False,0
regression_loops_posthoc__tree_group_audit__blend_0.25__cost_1__no_favorable_group,67178,0,Jazz3-150-C,04_Jazz3-150-C_comp.jams,87507,2,4,2,2,mixed,-0.3251042366027832,0.1818181872367859,0.3853365384615385,False,0
regression_loops_posthoc__tree_group_audit__blend_0.25__cost_1__no_favorable_group,67182,0,Jazz3-150-C,04_Jazz3-150-C_comp.jams,100942,3,4,3,3,mixed,-0.2842172682285309,0.011656194925308228,0.5012019230769231,False,0
regression_loops_posthoc__tree_group_audit__blend_0.25__cost_1__no_favorable_group,67195,0,Jazz3-150-C,04_Jazz3-150-C_comp.jams,134640,2,4,2,2,mixed,-0.08825162053108215,0.44285714626312256,0.3702182112068966,False,0
regression_loops_posthoc__tree_group_audit__blend_0.25__cost_1__no_favorable_group,67220,0,Jazz3-150-C,04_Jazz3-150-C_comp.jams,223027,2,4,3,3,mixed,-0.08204945921897888,0.03737705945968628,0.4036458333333333,False,0
regression_loops_posthoc__tree_group_audit__blend_0.25__cost_1__no_favorable_group,67233,0,Jazz3-150-C,04_Jazz3-150-C_comp.jams,294741,3,3,2,2,mixed,-0.14781363308429718,0.14294171333312988,0.4046195652173913,False,0
regression_loops_posthoc__tree_group_audit__blend_0.25__cost_1__no_favorable_group,67250,0,Jazz3-150-C,04_Jazz3-150-C_comp.jams,330445,4,4,3,3,mixed,-0.06759792566299438,0.007784098386764526,0.4427083333333333,False,0
regression_loops_posthoc__tree_group_audit__blend_0.25__cost_1__no_favorable_group,67260,0,Jazz3-150-C,04_Jazz3-150-C_comp.jams,369729,4,4,3,3,mixed,-0.12243703007698059,0.04502218961715698,0.5078125,False,0
regression_loops_posthoc__tree_group_audit__blend_0.25__cost_1__no_favorable_group,67264,0,Jazz3-150-C,04_Jazz3-150-C_comp.jams,381259,4,4,2,2,mixed,-0.40155261754989624,0.09311740100383759,0.3266103316326531,False,0
regression_loops_posthoc__tree_group_audit__blend_0.25__cost_1__no_favorable_group,67316,0,Jazz3-150-C,04_Jazz3-150-C_comp.jams,529318,3,4,2,4,regression_favored,-0.3010175824165344,-0.09665697813034058,0.34209280303030304,True,0
regression_loops_posthoc__tree_group_audit__blend_0.25__cost_1__no_favorable_group,67326,0,Jazz3-150-C,04_Jazz3-150-C_comp.jams,577112,3,3,2,2,mixed,-0.17102137207984924,0.18694689869880676,0.49273255813953487,False,0
regression_loops_posthoc__tree_group_audit__blend_0.25__cost_1__no_favorable_group,67367,0,Jazz3-150-C,04_Jazz3-150-C_comp.jams,716443,3,3,2,2,mixed,-0.12205858528614044,0.11341401934623718,0.46118551587301587,False,0
regression_loops_posthoc__tree_group_audit__blend_0.25__cost_1__no_favorable_group,67370,0,Jazz3-150-C,04_Jazz3-150-C_comp.jams,734693,1,3,2,2,mixed,-0.23095376789569855,0.3404255211353302,0.25711633663366334,False,0
regression_loops_posthoc__tree_group_audit__blend_0.25__cost_1__no_favorable_group,67383,0,Jazz3-150-C,04_Jazz3-150-C_comp.jams,809934,3,4,3,4,regression_favored,-0.09553885459899902,-0.02167445421218872,0.6171875,True,-1
regression_loops_posthoc__tree_group_audit__blend_0.25__cost_1__no_favorable_group,67401,0,Jazz3-150-C,04_Jazz3-150-C_comp.jams,881994,3,4,3,3,mixed,-0.11312216520309448,0.36538463830947876,0.50097049689441,False,0
regression_loops_posthoc__tree_group_audit__blend_0.25__cost_1__no_favorable_group,67448,0,Jazz3-150-C,04_Jazz3-150-C_comp.jams,1024137,3,2,3,2,regression_favored,-0.18781280517578125,-0.09975942969322205,0.328125,True,-1
regression_loops_posthoc__tree_group_audit__blend_0.25__cost_1__no_favorable_group,67474,0,Jazz3-150-C,04_Jazz3-150-C_comp.jams,1110294,3,2,4,4,mixed,-0.5873015522956848,0.006993025541305542,0.10540471311475409,False,0
regression_loops_posthoc__tree_group_audit__blend_0.25__cost_1__no_favorable_group,68833,0,Rock2-142-D,04_Rock2-142-D_comp.jams,5,1,2,3,2,regression_favored,-0.18812371790409088,-0.013131320476531982,0.4185855263157895,True,0
regression_loops_posthoc__tree_group_audit__blend_0.25__cost_1__no_favorable_group,68850,0,Rock2-142-D,04_Rock2-142-D_comp.jams,47905,4,4,5,5,correction_favored,0.11764705181121826,0.45092836022377014,0.26529255319148937,False,0
regression_loops_posthoc__tree_group_audit__blend_0.25__cost_1__no_favorable_group,68853,0,Rock2-142-D,04_Rock2-142-D_comp.jams,65052,2,2,3,3,mixed,-0.12847277522087097,0.06184190511703491,0.40490301724137934,False,0
regression_loops_posthoc__tree_group_audit__blend_0.25__cost_1__no_favorable_group,68877,0,Rock2-142-D,04_Rock2-142-D_comp.jams,122275,6,3,5,5,correction_favored,0.14047619700431824,0.3285917639732361,0.1328125,False,0
regression_loops_posthoc__tree_group_audit__blend_0.25__cost_1__no_favorable_group,68883,0,Rock2-142-D,04_Rock2-142-D_comp.jams,140823,3,3,2,2,mixed,-0.06987577676773071,0.2745234966278076,0.14583333333333334,False,0
regression_loops_posthoc__tree_group_audit__blend_0.25__cost_1__no_favorable_group,68915,0,Rock2-142-D,04_Rock2-142-D_comp.jams,213680,2,4,2,2,correction_favored,0.125,0.36294102668762207,0.09401041666666667,False,0
regression_loops_posthoc__tree_group_audit__blend_0.25__cost_1__no_favorable_group,68963,0,Rock2-142-D,04_Rock2-142-D_comp.jams,344915,4,4,3,4,regression_favored,-0.21404653787612915,-0.06188288331031799,0.8544407894736842,True,1
regression_loops_posthoc__tree_group_audit__blend_0.25__cost_1__no_favorable_group,68987,0,Rock2-142-D,04_Rock2-142-D_comp.jams,420536,4,3,4,4,mixed,-0.10943394899368286,0.2361111044883728,0.1865625,False,0
regression_loops_posthoc__tree_group_audit__blend_0.25__cost_1__no_favorable_group,68991,0,Rock2-142-D,04_Rock2-142-D_comp.jams,429075,3,2,3,3,mixed,-0.1478056013584137,0.18571272492408752,0.10386029411764706,False,0
regression_loops_posthoc__tree_group_audit__blend_0.25__cost_1__no_favorable_group,69024,0,Rock2-142-D,04_Rock2-142-D_comp.jams,513169,5,3,4,4,mixed,-0.021996617317199707,0.1343669295310974,0.22686298076923078,False,0
regression_loops_posthoc__tree_group_audit__blend_0.25__cost_1__no_favorable_group,69056,0,Rock2-142-D,04_Rock2-142-D_comp.jams,586862,3,4,2,2,correction_favored,0.0,0.32436975836753845,0.11421654929577464,False,0
regression_loops_posthoc__tree_group_audit__blend_0.25__cost_1__no_favorable_group,69095,0,Rock2-142-D,04_Rock2-142-D_comp.jams,688960,5,3,4,4,mixed,-0.09837177395820618,0.14353811740875244,0.2237367021276596,False,0
regression_loops_posthoc__tree_group_audit__blend_0.25__cost_1__no_favorable_group,69106,0,Rock2-142-D,04_Rock2-142-D_comp.jams,716766,2,2,4,4,mixed,-0.23461195826530457,0.07792207598686218,0.02533783783783784,False,0
regression_loops_posthoc__tree_group_audit__blend_0.25__cost_1__no_favorable_group,69107,0,Rock2-142-D,04_Rock2-142-D_comp.jams,718603,3,2,3,2,regression_favored,-0.16220930218696594,-0.05442562699317932,0.25,True,-1
regression_loops_posthoc__tree_group_audit__blend_0.25__cost_1__no_favorable_group,69116,0,Rock2-142-D,04_Rock2-142-D_comp.jams,746065,3,3,2,2,mixed,-0.11490781605243683,0.21709401905536652,0.44192216981132076,False,0
regression_loops_posthoc__tree_group_audit__blend_0.25__cost_1__no_favorable_group,69138,0,Rock2-142-D,04_Rock2-142-D_comp.jams,791325,6,4,5,5,mixed,-0.192307710647583,0.5532233715057373,0.19128024193548387,False,0
regression_loops_posthoc__tree_group_audit__blend_0.25__cost_1__no_favorable_group,69163,0,Rock2-142-D,04_Rock2-142-D_comp.jams,856434,1,2,3,3,mixed,-0.20549023151397705,0.1372280716896057,0.20200892857142858,False,0
regression_loops_posthoc__tree_group_audit__blend_0.25__cost_1__no_favorable_group,69168,0,Rock2-142-D,04_Rock2-142-D_comp.jams,867266,4,4,5,5,correction_favored,0.1111111044883728,0.3530701696872711,0.18548387096774194,False,0
regression_loops_posthoc__tree_group_audit__blend_0.25__cost_1__no_favorable_group,69171,0,Rock2-142-D,04_Rock2-142-D_comp.jams,874936,3,3,5,5,mixed,-0.1428571343421936,0.39253538846969604,0.0908954326923077,False,0
regression_loops_posthoc__tree_group_audit__blend_0.25__cost_1__no_favorable_group,69195,0,Rock2-142-D,04_Rock2-142-D_comp.jams,941891,4,4,3,3,mixed,-0.10204946994781494,0.2053872048854828,0.6460700757575758,False,0
regression_loops_posthoc__tree_group_audit__blend_0.25__cost_1__no_favorable_group,69223,0,Rock2-142-D,04_Rock2-142-D_comp.jams,1017354,2,2,3,2,regression_favored,-0.31312045454978943,-0.08851674199104309,0.4337197580645161,True,1
regression_loops_posthoc__tree_group_audit__blend_0.25__cost_1__no_favorable_group,69256,0,Rock2-142-D,04_Rock2-142-D_comp.jams,1108729,4,3,4,4,mixed,-0.2551724314689636,0.4000000059604645,0.23266734972677597,False,0
regression_loops_posthoc__tree_group_audit__blend_0.25__cost_1__no_favorable_group,69268,0,Rock2-142-D,04_Rock2-142-D_comp.jams,1137065,5,2,3,3,mixed,-0.1989804208278656,0.047909677028656006,0.44051535087719296,False,0
regression_loops_posthoc__tree_group_audit__blend_0.25__cost_1__no_favorable_group,70975,0,Rock3-148-C,04_Rock3-148-C_comp.jams,205610,4,3,4,4,mixed,-0.30134931206703186,0.013366729021072388,0.23525943396226415,False,0
regression_loops_posthoc__tree_group_audit__blend_0.25__cost_1__no_favorable_group,71028,0,Rock3-148-C,04_Rock3-148-C_comp.jams,331337,4,2,3,3,mixed,-0.0144730806350708,0.42456138134002686,0.5055017605633803,False,0
regression_loops_posthoc__tree_group_audit__blend_0.25__cost_1__no_favorable_group,71047,0,Rock3-148-C,04_Rock3-148-C_comp.jams,374943,4,2,3,3,mixed,-0.10041588544845581,0.1642664074897766,0.43170797413793105,False,0
regression_loops_posthoc__tree_group_audit__blend_0.25__cost_1__no_favorable_group,71052,0,Rock3-148-C,04_Rock3-148-C_comp.jams,388593,2,4,3,3,mixed,-0.09884560108184814,0.230158731341362,0.4493963068181818,False,0
regression_loops_posthoc__tree_group_audit__blend_0.25__cost_1__no_favorable_group,71097,0,Rock3-148-C,04_Rock3-148-C_comp.jams,491510,4,4,3,3,mixed,-0.3947007656097412,0.15351811051368713,0.5530399659863946,False,0
regression_loops_posthoc__tree_group_audit__blend_0.25__cost_1__no_favorable_group,71169,0,Rock3-148-C,04_Rock3-148-C_comp.jams,662284,2,2,3,3,mixed,-0.13227015733718872,0.13853991031646729,0.44932432432432434,False,0
regression_loops_posthoc__tree_group_audit__blend_0.25__cost_1__no_favorable_group,71181,0,Rock3-148-C,04_Rock3-148-C_comp.jams,696972,3,2,3,2,regression_favored,-0.234467014670372,-0.0598926842212677,0.2431640625,True,-1
regression_loops_posthoc__tree_group_audit__blend_0.25__cost_1__no_favorable_group,71189,0,Rock3-148-C,04_Rock3-148-C_comp.jams,712179,3,3,2,2,correction_favored,0.06151533126831055,0.3895619511604309,0.4339009831460674,False,0
regression_loops_posthoc__tree_group_audit__blend_0.25__cost_1__no_favorable_group,71223,0,Rock3-148-C,04_Rock3-148-C_comp.jams,828461,2,3,2,2,correction_favored,0.16797098517417908,0.25931400060653687,0.38058035714285715,False,0
regression_loops_posthoc__tree_group_audit__blend_0.25__cost_1__no_favorable_group,71239,0,Rock3-148-C,04_Rock3-148-C_comp.jams,876078,4,3,4,4,mixed,-0.22068965435028076,0.09239131212234497,0.11778846153846154,False,0
regression_loops_posthoc__tree_group_audit__blend_0.25__cost_1__no_favorable_group,71250,0,Rock3-148-C,04_Rock3-148-C_comp.jams,903518,4,4,5,5,correction_favored,0.21111109852790833,0.43103450536727905,0.2865566037735849,False,0
regression_loops_posthoc__tree_group_audit__blend_0.25__cost_1__no_favorable_group,71271,0,Rock3-148-C,04_Rock3-148-C_comp.jams,961961,3,2,3,2,regression_favored,-0.20192772150039673,-0.05227270722389221,0.2417279411764706,True,-1
regression_loops_posthoc__tree_group_audit__blend_0.25__cost_1__no_favorable_group,71286,0,Rock3-148-C,04_Rock3-148-C_comp.jams,1002496,2,3,2,3,regression_favored,-0.28910255432128906,-0.05506092309951782,0.21227134146341464,True,-1
regression_loops_posthoc__tree_group_audit__blend_0.25__cost_1__no_favorable_group,71295,0,Rock3-148-C,04_Rock3-148-C_comp.jams,1020682,1,2,3,3,mixed,-0.13242703676223755,0.3012096881866455,0.470703125,False,0
regression_loops_posthoc__tree_group_audit__blend_0.25__cost_1__no_favorable_group,71312,0,Rock3-148-C,04_Rock3-148-C_comp.jams,1063735,4,4,3,3,mixed,-0.23545116186141968,0.032499998807907104,0.5918526785714285,False,0
regression_loops_posthoc__tree_group_audit__blend_0.25__cost_1__no_favorable_group,71338,0,Rock3-148-C,04_Rock3-148-C_comp.jams,1126302,4,2,3,3,mixed,-0.0661306381225586,0.06583169102668762,0.4900568181818182,False,0
regression_loops_posthoc__tree_group_audit__blend_0.25__cost_1__no_favorable_group,71376,0,Rock3-148-C,04_Rock3-148-C_solo.jams,527593,2,3,2,2,mixed,-0.09375959634780884,0.2474641054868698,0.24393078512396693,False,0
regression_loops_posthoc__tree_group_audit__blend_0.25__cost_1__no_favorable_group,71518,0,SS1-68-E,04_SS1-68-E_comp.jams,194866,3,2,3,2,regression_favored,-0.24805119633674622,-0.09147465229034424,0.3125,True,-1
regression_loops_posthoc__tree_group_audit__blend_0.25__cost_1__no_favorable_group,71560,0,SS1-68-E,04_SS1-68-E_comp.jams,292190,5,4,3,3,mixed,-0.27561527490615845,0.07621949911117554,0.4377540650406504,False,0
regression_loops_posthoc__tree_group_audit__blend_0.25__cost_1__no_favorable_group,71607,0,SS1-68-E,04_SS1-68-E_comp.jams,408880,2,3,4,3,regression_favored,-0.13427157700061798,-0.093990758061409,0.15625,True,0
regression_loops_posthoc__tree_group_audit__blend_0.25__cost_1__no_favorable_group,71642,0,SS1-68-E,04_SS1-68-E_comp.jams,487557,4,3,2,2,mixed,-0.09123820066452026,0.116451695561409,0.5174278846153846,False,0
regression_loops_posthoc__tree_group_audit__blend_0.25__cost_1__no_favorable_group,71649,0,SS1-68-E,04_SS1-68-E_comp.jams,506938,4,3,5,5,mixed,-0.1931818276643753,0.26643601059913635,0.09083104395604395,False,0
regression_loops_posthoc__tree_group_audit__blend_0.25__cost_1__no_favorable_group,71657,0,SS1-68-E,04_SS1-68-E_comp.jams,527056,4,3,2,3,regression_favored,-0.16815921664237976,-0.02474769949913025,0.48138297872340424,True,0
regression_loops_posthoc__tree_group_audit__blend_0.25__cost_1__no_favorable_group,71680,0,SS1-68-E,04_SS1-68-E_comp.jams,582247,4,2,3,3,mixed,-0.05251282453536987,0.1941002905368805,0.353125,False,0
regression_loops_posthoc__tree_group_audit__blend_0.25__cost_1__no_favorable_group,71692,0,SS1-68-E,04_SS1-68-E_comp.jams,609755,3,3,2,2,correction_favored,0.05604594945907593,0.2827586233615875,0.5977033132530121,False,0
regression_loops_posthoc__tree_group_audit__blend_0.25__cost_1__no_favorable_group,71697,0,SS1-68-E,04_SS1-68-E_comp.jams,622434,6,4,3,3,mixed,-0.182155042886734,0.012941479682922363,0.6013655462184874,False,0
regression_loops_posthoc__tree_group_audit__blend_0.25__cost_1__no_favorable_group,71706,0,SS1-68-E,04_SS1-68-E_comp.jams,643108,4,2,3,3,correction_favored,0.04745990037918091,0.2601146697998047,0.2339939024390244,False,0
regression_loops_posthoc__tree_group_audit__blend_0.25__cost_1__no_favorable_group,71742,0,SS1-68-E,04_SS1-68-E_comp.jams,739082,4,2,3,3,mixed,-0.1118881106376648,0.04684367775917053,0.3397253787878788,False,0
regression_loops_posthoc__tree_group_audit__blend_0.25__cost_1__no_favorable_group,71758,0,SS1-68-E,04_SS1-68-E_comp.jams,777499,2,2,3,2,regression_favored,-0.15507957339286804,-0.037251800298690796,0.421875,True,1
regression_loops_posthoc__tree_group_audit__blend_0.25__cost_1__no_favorable_group,71803,0,SS1-68-E,04_SS1-68-E_comp.jams,888263,2,3,2,2,mixed,-0.30588239431381226,0.24070486426353455,0.5515167364016736,False,0
regression_loops_posthoc__tree_group_audit__blend_0.25__cost_1__no_favorable_group,71815,0,SS1-68-E,04_SS1-68-E_comp.jams,919105,5,3,2,2,mixed,-0.05657142400741577,0.16634203493595123,0.48572976878612717,False,0
regression_loops_posthoc__tree_group_audit__blend_0.25__cost_1__no_favorable_group,71819,0,SS1-68-E,04_SS1-68-E_comp.jams,928187,6,3,2,2,correction_favored,0.08251231908798218,0.24114833772182465,0.3609264184397163,False,0
regression_loops_posthoc__tree_group_audit__blend_0.25__cost_1__no_favorable_group,71839,0,SS1-68-E,04_SS1-68-E_comp.jams,972489,6,4,5,5,correction_favored,0.11396011710166931,0.3947368264198303,0.1255787037037037,False,0
regression_loops_posthoc__tree_group_audit__blend_0.25__cost_1__no_favorable_group,71886,0,SS1-68-E,04_SS1-68-E_comp.jams,1072022,3,3,2,3,regression_favored,-0.0670497715473175,-0.007240802049636841,0.7421875,True,1
regression_loops_posthoc__tree_group_audit__blend_0.25__cost_1__no_favorable_group,71891,0,SS1-68-E,04_SS1-68-E_comp.jams,1083217,0,3,2,2,correction_favored,0.06852616369724274,0.2633429169654846,0.5514204545454545,False,0
regression_loops_posthoc__tree_group_audit__blend_0.25__cost_1__no_favorable_group,71892,0,SS1-68-E,04_SS1-68-E_comp.jams,1085011,6,3,2,2,correction_favored,0.0901186615228653,0.21168282628059387,0.5859375,False,0
regression_loops_posthoc__tree_group_audit__blend_0.25__cost_1__no_favorable_group,71895,0,SS1-68-E,04_SS1-68-E_comp.jams,1091042,2,3,2,2,mixed,-0.04861170053482056,0.15128114819526672,0.5970718503937008,False,0
regression_loops_posthoc__tree_group_audit__blend_0.25__cost_1__no_favorable_group,71912,0,SS1-68-E,04_SS1-68-E_comp.jams,1127624,5,2,3,3,correction_favored,0.021717309951782227,0.20016592741012573,0.345703125,False,0
regression_loops_posthoc__tree_group_audit__blend_0.25__cost_1__no_favorable_group,71938,0,SS1-68-E,04_SS1-68-E_comp.jams,1184981,3,3,2,2,mixed,-0.005736514925956726,0.14427073299884796,0.2922676282051282,False,0
regression_loops_posthoc__tree_group_audit__blend_0.25__cost_1__no_favorable_group,71946,0,SS1-68-E,04_SS1-68-E_comp.jams,1204260,4,3,2,2,mixed,-0.014972656965255737,0.13889570534229279,0.19451530612244897,False,0
regression_loops_posthoc__tree_group_audit__blend_0.25__cost_1__no_favorable_group,71952,0,SS1-68-E,04_SS1-68-E_comp.jams,1216774,1,3,2,2,mixed,-0.05272895097732544,0.23878653347492218,0.5549266581632653,False,0
regression_loops_posthoc__tree_group_audit__blend_0.25__cost_1__no_favorable_group,71956,0,SS1-68-E,04_SS1-68-E_comp.jams,1225329,3,2,3,3,mixed,-0.05365854501724243,0.27846717834472656,0.2815563725490196,False,0
regression_loops_posthoc__tree_group_audit__blend_0.25__cost_1__no_favorable_group,72013,0,SS1-68-E,04_SS1-68-E_comp.jams,1361896,5,4,3,3,mixed,-0.2448085993528366,0.18644067645072937,0.3414522058823529,False,0
regression_loops_posthoc__tree_group_audit__blend_0.25__cost_1__no_favorable_group,72050,0,SS1-68-E,04_SS1-68-E_comp.jams,1440389,4,3,4,3,regression_favored,-0.2772413492202759,-0.07384985685348511,0.18994140625,True,-1
regression_loops_posthoc__tree_group_audit__blend_0.25__cost_1__no_favorable_group,72079,0,SS1-68-E,04_SS1-68-E_comp.jams,1518530,2,3,2,2,mixed,-0.1619393229484558,0.21964286267757416,0.4657972440944882,False,0
regression_loops_posthoc__tree_group_audit__blend_0.25__cost_1__no_favorable_group,72090,0,SS1-68-E,04_SS1-68-E_comp.jams,1551331,1,3,2,2,correction_favored,0.0028549134731292725,0.3385416865348816,0.35131448412698413,False,0
regression_loops_posthoc__tree_group_audit__blend_0.25__cost_1__no_favorable_group,72111,0,SS1-68-E,04_SS1-68-E_comp.jams,1595938,4,3,5,5,mixed,-0.08669354021549225,0.2496025413274765,0.08645833333333333,False,0
regression_loops_posthoc__tree_group_audit__blend_0.25__cost_1__no_favorable_group,72137,0,SS1-68-E,04_SS1-68-E_comp.jams,1655534,4,3,2,2,mixed,-0.04106280207633972,0.17935891449451447,0.48997641509433965,False,0
regression_loops_posthoc__tree_group_audit__blend_0.25__cost_1__no_favorable_group,72146,0,SS1-68-E,04_SS1-68-E_comp.jams,1674203,4,3,5,5,mixed,-0.21568629145622253,0.2910216748714447,0.1106892523364486,False,0
regression_loops_posthoc__tree_group_audit__blend_0.25__cost_1__no_favorable_group,72156,0,SS1-68-E,04_SS1-68-E_comp.jams,1694889,3,2,3,2,regression_favored,-0.21142855286598206,-0.03040933609008789,0.38423295454545453,True,-1
regression_loops_posthoc__tree_group_audit__blend_0.25__cost_1__no_favorable_group,72181,0,SS1-68-E,04_SS1-68-E_comp.jams,1752240,4,3,5,5,mixed,-0.17346937954425812,0.3840830624103546,0.08159722222222222,False,0
regression_loops_posthoc__tree_group_audit__blend_0.25__cost_1__no_favorable_group,72201,0,SS1-68-E,04_SS1-68-E_comp.jams,1797002,2,4,2,2,mixed,-0.06716907024383545,0.23148146271705627,0.23201497395833334,False,0
regression_loops_posthoc__tree_group_audit__blend_0.25__cost_1__no_favorable_group,72218,0,SS1-68-E,04_SS1-68-E_comp.jams,1836480,6,3,2,2,mixed,-0.02040088176727295,0.26033997535705566,0.5423387096774194,False,0
regression_loops_posthoc__tree_group_audit__blend_0.25__cost_1__no_favorable_group,72224,0,SS1-68-E,04_SS1-68-E_comp.jams,1848978,6,4,5,5,mixed,-0.2142857015132904,0.45916515588760376,0.14851190476190476,False,0
regression_loops_posthoc__tree_group_audit__blend_0.25__cost_1__no_favorable_group,1017,1,BN3-154-E,00_BN3-154-E_comp.jams,120846,1,3,2,2,mixed,-0.03135886788368225,0.19165238738059998,0.3619953416149068,False,0
regression_loops_posthoc__tree_group_audit__blend_0.25__cost_1__no_favorable_group,1046,1,BN3-154-E,00_BN3-154-E_comp.jams,242575,3,2,3,2,regression_favored,-0.25999999046325684,-0.042105257511138916,0.3289194915254237,True,-1
regression_loops_posthoc__tree_group_audit__blend_0.25__cost_1__no_favorable_group,1072,1,BN3-154-E,00_BN3-154-E_comp.jams,319562,3,3,2,2,mixed,-0.10839203000068665,0.41111108660697937,0.49076704545454547,False,0
regression_loops_posthoc__tree_group_audit__blend_0.25__cost_1__no_favorable_group,1089,1,BN3-154-E,00_BN3-154-E_comp.jams,378628,2,3,2,2,mixed,-0.13180778920650482,0.04364559054374695,0.20625,False,0
regression_loops_posthoc__tree_group_audit__blend_0.25__cost_1__no_favorable_group,1157,1,BN3-154-E,00_BN3-154-E_comp.jams,592579,5,4,3,3,mixed,-0.047150880098342896,0.36332178115844727,0.593103448275862,False,0
regression_loops_posthoc__tree_group_audit__blend_0.25__cost_1__no_favorable_group,1208,1,BN3-154-E,00_BN3-154-E_comp.jams,731022,4,2,3,3,mixed,-0.09789130091667175,0.13345912098884583,0.2947635135135135,False,0
regression_loops_posthoc__tree_group_audit__blend_0.25__cost_1__no_favorable_group,1263,1,BN3-154-E,00_BN3-154-E_comp.jams,928675,2,3,2,2,mixed,-0.13255101442337036,0.31192660331726074,0.4972537878787879,False,0
regression_loops_posthoc__tree_group_audit__blend_0.25__cost_1__no_favorable_group,1279,1,BN3-154-E,00_BN3-154-E_comp.jams,988804,4,4,2,2,mixed,-0.10514624416828156,0.340531587600708,0.16358568075117372,False,0
regression_loops_posthoc__tree_group_audit__blend_0.25__cost_1__no_favorable_group,1288,1,BN3-154-E,00_BN3-154-E_comp.jams,1023886,4,4,3,3,mixed,-0.042624861001968384,0.46666663885116577,0.3053977272727273,False,0
regression_loops_posthoc__tree_group_audit__blend_0.25__cost_1__no_favorable_group,1294,1,BN3-154-E,00_BN3-154-E_comp.jams,1040949,5,4,2,2,correction_favored,0.0036529898643493652,0.357142835855484,0.19235436893203883,False,0
regression_loops_posthoc__tree_group_audit__blend_0.25__cost_1__no_favorable_group,1371,1,BN3-154-E,00_BN3-154-E_solo.jams,128332,1,2,3,2,regression_favored,-0.07831303775310516,-0.07831303775310516,0.515625,True,0
regression_loops_posthoc__tree_group_audit__blend_0.25__cost_1__no_favorable_group,1375,1,BN3-154-E,00_BN3-154-E_solo.jams,137002,1,4,2,2,mixed,-0.10104997456073761,0.4288179874420166,0.2935067365269461,False,0
regression_loops_posthoc__tree_group_audit__blend_0.25__cost_1__no_favorable_group,1529,1,BN3-154-E,00_BN3-154-E_solo.jams,482332,1,3,2,2,mixed,-0.20104393362998962,0.2909604609012604,0.5370370370370371,False,0
regression_loops_posthoc__tree_group_audit__blend_0.25__cost_1__no_favorable_group,1639,1,BN3-154-E,00_BN3-154-E_solo.jams,893061,1,3,2,3,regression_favored,-0.3052675724029541,-0.06938377022743225,0.5767422566371682,True,0
regression_loops_posthoc__tree_group_audit__blend_0.25__cost_1__no_favorable_group,1658,1,BN3-154-E,00_BN3-154-E_solo.jams,962256,1,4,2,2,mixed,-0.11991791427135468,0.3499999940395355,0.3319016587677725,False,0
regression_loops_posthoc__tree_group_audit__blend_0.25__cost_1__no_favorable_group,1678,1,BN3-154-E,00_BN3-154-E_solo.jams,1006615,1,2,3,2,regression_favored,-0.10717840492725372,-0.10717840492725372,0.359375,True,0
regression_loops_posthoc__tree_group_audit__blend_0.25__cost_1__no_favorable_group,2869,1,Funk2-119-G,00_Funk2-119-G_comp.jams,29,6,3,4,4,mixed,-0.125,0.5789473652839661,0.3425164473684211,False,0
regression_loops_posthoc__tree_group_audit__blend_0.25__cost_1__no_favorable_group,2877,1,Funk2-119-G,00_Funk2-119-G_comp.jams,17337,3,3,2,3,regression_favored,-0.19789853692054749,-0.024561405181884766,0.6307291666666667,True,1
regression_loops_posthoc__tree_group_audit__blend_0.25__cost_1__no_favorable_group,2882,1,Funk2-119-G,00_Funk2-119-G_comp.jams,33264,3,2,3,3,mixed,-0.1613924205303192,0.04100719094276428,0.3680555555555556,False,0
regression_loops_posthoc__tree_group_audit__blend_0.25__cost_1__no_favorable_group,2944,1,Funk2-119-G,00_Funk2-119-G_comp.jams,173113,6,4,3,3,mixed,-0.18445691466331482,0.05742824077606201,0.5593354430379747,False,0
regression_loops_posthoc__tree_group_audit__blend_0.25__cost_1__no_favorable_group,2951,1,Funk2-119-G,00_Funk2-119-G_comp.jams,188809,6,3,2,2,mixed,-0.08120033144950867,0.10182277858257294,0.5364583333333334,False,0
regression_loops_posthoc__tree_group_audit__blend_0.25__cost_1__no_favorable_group,2959,1,Funk2-119-G,00_Funk2-119-G_comp.jams,206182,5,3,4,4,correction_favored,0.0882532000541687,0.36797457933425903,0.2571691176470588,False,0
regression_loops_posthoc__tree_group_audit__blend_0.25__cost_1__no_favorable_group,2992,1,Funk2-119-G,00_Funk2-119-G_comp.jams,312010,5,4,3,3,mixed,-0.11934158205986023,0.013031691312789917,0.6541666666666667,False,0
regression_loops_posthoc__tree_group_audit__blend_0.25__cost_1__no_favorable_group,3033,1,Funk2-119-G,00_Funk2-119-G_comp.jams,425021,1,2,3,3,mixed,-0.10715422034263611,0.21468529105186462,0.2539390756302521,False,0
regression_loops_posthoc__tree_group_audit__blend_0.25__cost_1__no_favorable_group,3055,1,Funk2-119-G,00_Funk2-119-G_comp.jams,471061,0,2,3,3,mixed,-0.12031251192092896,0.09879031777381897,0.2,False,0
regression_loops_posthoc__tree_group_audit__blend_0.25__cost_1__no_favorable_group,3074,1,Funk2-119-G,00_Funk2-119-G_comp.jams,510350,4,2,3,3,mixed,-0.17407257854938507,0.02692967653274536,0.1690340909090909,False,0
regression_loops_posthoc__tree_group_audit__blend_0.25__cost_1__no_favorable_group,3092,1,Funk2-119-G,00_Funk2-119-G_comp.jams,561736,5,4,3,3,correction_favored,0.07304397225379944,0.2961876690387726,0.6666277985074627,False,0
regression_loops_posthoc__tree_group_audit__blend_0.25__cost_1__no_favorable_group,3103,1,Funk2-119-G,00_Funk2-119-G_comp.jams,596211,5,4,5,5,mixed,-0.06410256028175354,0.12169310450553894,0.3020833333333333,False,0
regression_loops_posthoc__tree_group_audit__blend_0.25__cost_1__no_favorable_group,3121,1,Funk2-119-G,00_Funk2-119-G_comp.jams,633744,6,4,3,3,mixed,-0.18153449892997742,0.0245685875415802,0.662078373015873,False,0
regression_loops_posthoc__tree_group_audit__blend_0.25__cost_1__no_favorable_group,3136,1,Funk2-119-G,00_Funk2-119-G_comp.jams,666516,5,3,4,4,correction_favored,0.09955021739006042,0.22711244225502014,0.34375,False,0
regression_loops_posthoc__tree_group_audit__blend_0.25__cost_1__no_favorable_group,3149,1,Funk2-119-G,00_Funk2-119-G_comp.jams,705316,2,3,2,2,mixed,-0.11576446890830994,0.14032940566539764,0.3719951923076923,False,0
regression_loops_posthoc__tree_group_audit__blend_0.25__cost_1__no_favorable_group,3195,1,Funk2-119-G,00_Funk2-119-G_comp.jams,822198,4,3,2,2,mixed,-0.0579524040222168,0.17126934230327606,0.49926985981308414,False,0
regression_loops_posthoc__tree_group_audit__blend_0.25__cost_1__no_favorable_group,3212,1,Funk2-119-G,00_Funk2-119-G_comp.jams,855653,3,3,2,2,mixed,-0.11268708109855652,0.38947367668151855,0.4775116822429907,False,0
regression_loops_posthoc__tree_group_audit__blend_0.25__cost_1__no_favorable_group,3223,1,Funk2-119-G,00_Funk2-119-G_comp.jams,883168,2,3,2,2,mixed,-0.12938383221626282,0.2118552029132843,0.2965561224489796,False,0
regression_loops_posthoc__tree_group_audit__blend_0.25__cost_1__no_favorable_group,3235,1,Funk2-119-G,00_Funk2-119-G_comp.jams,916868,4,3,4,4,mixed,-0.1255442500114441,0.3126734495162964,0.17726934523809523,False,0
regression_loops_posthoc__tree_group_audit__blend_0.25__cost_1__no_favorable_group,3247,1,Funk2-119-G,00_Funk2-119-G_comp.jams,950692,5,4,5,5,mixed,-0.071428582072258,0.19369369745254517,0.11909722222222222,False,0
regression_loops_posthoc__tree_group_audit__blend_0.25__cost_1__no_favorable_group,3282,1,Funk2-119-G,00_Funk2-119-G_comp.jams,1040377,5,4,3,3,mixed,-0.207626610994339,0.2855280339717865,0.4849431818181818,False,0
regression_loops_posthoc__tree_group_audit__blend_0.25__cost_1__no_favorable_group,3294,1,Funk2-119-G,00_Funk2-119-G_comp.jams,1078548,2,3,4,4,mixed,-0.2623897194862366,0.14823530614376068,0.24568965517241378,False,0
regression_loops_posthoc__tree_group_audit__blend_0.25__cost_1__no_favorable_group,3301,1,Funk2-119-G,00_Funk2-119-G_comp.jams,1094015,1,2,4,4,correction_favored,0.13333332538604736,0.13333332538604736,0.0625,False,0
regression_loops_posthoc__tree_group_audit__blend_0.25__cost_1__no_favorable_group,3302,1,Funk2-119-G,00_Funk2-119-G_comp.jams,1095880,4,3,4,4,mixed,-0.2160000056028366,0.09569893777370453,0.16145833333333334,False,0
regression_loops_posthoc__tree_group_audit__blend_0.25__cost_1__no_favorable_group,3309,1,Funk2-119-G,00_Funk2-119-G_comp.jams,1111583,5,2,4,4,mixed,-0.16718265414237976,0.3684210479259491,0.10501453488372094,False,0
regression_loops_posthoc__tree_group_audit__blend_0.25__cost_1__no_favorable_group,3318,1,Funk2-119-G,00_Funk2-119-G_comp.jams,1129743,4,3,5,5,correction_favored,0.0,0.31884056329727173,0.10617897727272728,False,0
regression_loops_posthoc__tree_group_audit__blend_0.25__cost_1__no_favorable_group,3324,1,Funk2-119-G,00_Funk2-119-G_comp.jams,1145666,5,4,3,3,mixed,-0.013463973999023438,0.07174825668334961,0.6987847222222222,False,0
regression_loops_posthoc__tree_group_audit__blend_0.25__cost_1__no_favorable_group,3332,1,Funk2-119-G,00_Funk2-119-G_comp.jams,1167797,4,4,3,3,mixed,-0.1829356551170349,0.33744221925735474,0.375,False,0
regression_loops_posthoc__tree_group_audit__blend_0.25__cost_1__no_favorable_group,3339,1,Funk2-119-G,00_Funk2-119-G_comp.jams,1183614,2,3,2,2,correction_favored,0.03395584225654602,0.12434999644756317,0.4107142857142857,False,0
regression_loops_posthoc__tree_group_audit__blend_0.25__cost_1__no_favorable_group,3340,1,Funk2-119-G,00_Funk2-119-G_comp.jams,1185391,2,2,3,3,mixed,-0.12672612071037292,0.12967032194137573,0.2554290254237288,False,0
regression_loops_posthoc__tree_group_audit__blend_0.25__cost_1__no_favorable_group,3346,1,Funk2-119-G,00_Funk2-119-G_comp.jams,1199319,4,3,4,4,mixed,-0.20071911811828613,0.28016260266304016,0.237,False,0
regression_loops_posthoc__tree_group_audit__blend_0.25__cost_1__no_favorable_group,3363,1,Funk2-119-G,00_Funk2-119-G_comp.jams,1233378,4,3,4,4,mixed,-0.19715996086597443,0.2514459192752838,0.19583333333333333,False,0
regression_loops_posthoc__tree_group_audit__blend_0.25__cost_1__no_favorable_group,3370,1,Funk2-119-G,00_Funk2-119-G_comp.jams,1257124,4,4,3,3,mixed,-0.12143927812576294,0.09789472818374634,0.37109375,False,0
regression_loops_posthoc__tree_group_audit__blend_0.25__cost_1__no_favorable_group,3376,1,Funk2-119-G,00_Funk2-119-G_comp.jams,1275053,1,2,3,3,mixed,-0.015315324068069458,0.20105992257595062,0.4714752906976744,False,0
regression_loops_posthoc__tree_group_audit__blend_0.25__cost_1__no_favorable_group,3381,1,Funk2-119-G,00_Funk2-119-G_comp.jams,1289976,4,3,5,5,correction_favored,0.18025076389312744,0.4224269986152649,0.16328125,False,0
regression_loops_posthoc__tree_group_audit__blend_0.25__cost_1__no_favorable_group,3396,1,Funk2-119-G,00_Funk2-119-G_comp.jams,1345550,4,4,3,3,mixed,-0.124627023935318,0.10601401329040527,0.4107142857142857,False,0
regression_loops_posthoc__tree_group_audit__blend_0.25__cost_1__no_favorable_group,3402,1,Funk2-119-G,00_Funk2-119-G_comp.jams,1395654,4,3,2,2,mixed,-0.0016556382179260254,0.368177592754364,0.5691315406976745,False,0
regression_loops_posthoc__tree_group_audit__blend_0.25__cost_1__no_favorable_group,3598,1,Funk3-112-C#,00_Funk3-112-C#_comp.jams,72767,6,4,3,3,mixed,-0.08758443593978882,0.10976743698120117,0.4970703125,False,0
regression_loops_posthoc__tree_group_audit__blend_0.25__cost_1__no_favorable_group,3641,1,Funk3-112-C#,00_Funk3-112-C#_comp.jams,172078,0,3,2,2,mixed,-0.06876976788043976,0.028698086738586426,0.8674568965517241,False,0
regression_loops_posthoc__tree_group_audit__blend_0.25__cost_1__no_favorable_group,3646,1,Funk3-112-C#,00_Funk3-112-C#_comp.jams,190521,3,3,2,2,correction_favored,0.04751653969287872,0.316710889339447,0.31026785714285715,False,0
regression_loops_posthoc__tree_group_audit__blend_0.25__cost_1__no_favorable_group,3657,1,Funk3-112-C#,00_Funk3-112-C#_comp.jams,226251,4,3,4,4,mixed,-0.05041682720184326,0.2476595938205719,0.14307065217391304,False,0
regression_loops_posthoc__tree_group_audit__blend_0.25__cost_1__no_favorable_group,3683,1,Funk3-112-C#,00_Funk3-112-C#_comp.jams,294279,3,3,2,2,correction_favored,0.011655211448669434,0.2662721872329712,0.5770775139664804,False,0
regression_loops_posthoc__tree_group_audit__blend_0.25__cost_1__no_favorable_group,3716,1,Funk3-112-C#,00_Funk3-112-C#_comp.jams,372433,3,3,2,2,mixed,-0.003311246633529663,0.20747260749340057,0.2788783482142857,False,0
regression_loops_posthoc__tree_group_audit__blend_0.25__cost_1__no_favorable_group,3736,1,Funk3-112-C#,00_Funk3-112-C#_comp.jams,424425,4,4,3,3,mixed,-0.02054610848426819,0.10732555389404297,0.7109375,False,0
regression_loops_posthoc__tree_group_audit__blend_0.25__cost_1__no_favorable_group,3762,1,Funk3-112-C#,00_Funk3-112-C#_comp.jams,502226,4,2,3,3,correction_favored,0.008114457130432129,0.18949958682060242,0.159375,False,0
regression_loops_posthoc__tree_group_audit__blend_0.25__cost_1__no_favorable_group,3771,1,Funk3-112-C#,00_Funk3-112-C#_comp.jams,519714,4,3,2,3,regression_favored,-0.2944740056991577,-0.0480591356754303,0.5161210317460317,True,0
regression_loops_posthoc__tree_group_audit__blend_0.25__cost_1__no_favorable_group,3790,1,Funk3-112-C#,00_Funk3-112-C#_comp.jams,560093,3,3,2,2,mixed,-0.17679467797279358,0.20454545319080353,0.29060952970297027,False,0
regression_loops_posthoc__tree_group_audit__blend_0.25__cost_1__no_favorable_group,3800,1,Funk3-112-C#,00_Funk3-112-C#_comp.jams,583946,5,4,3,3,mixed,-0.08639708161354065,0.08436796069145203,0.6658854166666667,False,0
regression_loops_posthoc__tree_group_audit__blend_0.25__cost_1__no_favorable_group,3818,1,Funk3-112-C#,00_Funk3-112-C#_comp.jams,620720,4,4,3,3,mixed,-0.16339744627475739,0.0011827349662780762,0.8019701086956522,False,0
regression_loops_posthoc__tree_group_audit__blend_0.25__cost_1__no_favorable_group,3839,1,Funk3-112-C#,00_Funk3-112-C#_comp.jams,674067,5,3,4,4,mixed,-0.01788616180419922,0.03860294818878174,0.3125,False,0
regression_loops_posthoc__tree_group_audit__blend_0.25__cost_1__no_favorable_group,3856,1,Funk3-112-C#,00_Funk3-112-C#_comp.jams,719695,3,2,3,3,mixed,-0.1630353182554245,0.13475176692008972,0.20128676470588236,False,0
regression_loops_posthoc__tree_group_audit__blend_0.25__cost_1__no_favorable_group,3860,1,Funk3-112-C#,00_Funk3-112-C#_comp.jams,727514,2,2,3,2,regression_favored,-0.04281780123710632,-0.03700408339500427,0.3359375,True,1
regression_loops_posthoc__tree_group_audit__blend_0.25__cost_1__no_favorable_group,3880,1,Funk3-112-C#,00_Funk3-112-C#_comp.jams,773921,4,4,3,3,correction_favored,0.007520139217376709,0.6114130616188049,0.4963107638888889,False,0
regression_loops_posthoc__tree_group_audit__blend_0.25__cost_1__no_favorable_group,3934,1,Funk3-112-C#,00_Funk3-112-C#_comp.jams,910993,1,3,2,3,regression_favored,-0.2812318801879883,-0.10896159708499908,0.5350961538461538,True,0
regression_loops_posthoc__tree_group_audit__blend_0.25__cost_1__no_favorable_group,3939,1,Funk3-112-C#,00_Funk3-112-C#_comp.jams,922195,4,4,3,3,mixed,-0.05694374442100525,0.34015345573425293,0.5482758620689655,False,0
regression_loops_posthoc__tree_group_audit__blend_0.25__cost_1__no_favorable_group,3943,1,Funk3-112-C#,00_Funk3-112-C#_comp.jams,933649,2,3,2,2,mixed,-0.0023651719093322754,0.08252012729644775,0.390625,False,0
regression_loops_posthoc__tree_group_audit__blend_0.25__cost_1__no_favorable_group,3952,1,Funk3-112-C#,00_Funk3-112-C#_comp.jams,957333,3,4,3,3,mixed,-0.03381642699241638,0.150247722864151,0.46728515625,False,0
regression_loops_posthoc__tree_group_audit__blend_0.25__cost_1__no_favorable_group,3955,1,Funk3-112-C#,00_Funk3-112-C#_comp.jams,964121,1,2,3,2,regression_favored,-0.16644686460494995,-0.08119657635688782,0.08363970588235294,True,0
regression_loops_posthoc__tree_group_audit__blend_0.25__cost_1__no_favorable_group,3968,1,Funk3-112-C#,00_Funk3-112-C#_comp.jams,991607,4,3,2,2,mixed,-0.25190290808677673,0.024201691150665283,0.25599888392857145,False,0
regression_loops_posthoc__tree_group_audit__blend_0.25__cost_1__no_favorable_group,3979,1,Funk3-112-C#,00_Funk3-112-C#_comp.jams,1027622,5,4,3,3,mixed,-0.05725526809692383,0.13694915175437927,0.4603174603174603,False,0
regression_loops_posthoc__tree_group_audit__blend_0.25__cost_1__no_favorable_group,3989,1,Funk3-112-C#,00_Funk3-112-C#_comp.jams,1050122,5,4,3,3,mixed,-0.052160173654556274,0.15931370854377747,0.6673018292682927,False,0
regression_loops_posthoc__tree_group_audit__blend_0.25__cost_1__no_favorable_group,4018,1,Funk3-112-C#,00_Funk3-112-C#_comp.jams,1110538,5,3,2,2,correction_favored,0.0,0.06792372465133667,0.1796875,False,0
regression_loops_posthoc__tree_group_audit__blend_0.25__cost_1__no_favorable_group,4042,1,Funk3-112-C#,00_Funk3-112-C#_comp.jams,1181263,1,2,3,2,regression_favored,-0.15913593769073486,-0.15913593769073486,0.25,True,0
regression_loops_posthoc__tree_group_audit__blend_0.25__cost_1__no_favorable_group,4054,1,Funk3-112-C#,00_Funk3-112-C#_comp.jams,1211727,3,2,3,2,regression_favored,-0.25623655319213867,-0.0004297494888305664,0.1125,True,-1
regression_loops_posthoc__tree_group_audit__blend_0.25__cost_1__no_favorable_group,4071,1,Funk3-112-C#,00_Funk3-112-C#_comp.jams,1263768,5,4,3,3,mixed,-0.009249597787857056,0.3212670087814331,0.4404296875,False,0
regression_loops_posthoc__tree_group_audit__blend_0.25__cost_1__no_favorable_group,4096,1,Funk3-112-C#,00_Funk3-112-C#_comp.jams,1322887,6,3,2,2,mixed,-0.20227988064289093,0.09375,0.48046875,False,0
regression_loops_posthoc__tree_group_audit__blend_0.25__cost_1__no_favorable_group,4115,1,Funk3-112-C#,00_Funk3-112-C#_comp.jams,1367758,3,3,2,2,mixed,-0.0601503849029541,0.2073846310377121,0.408234126984127,False,0
regression_loops_posthoc__tree_group_audit__blend_0.25__cost_1__no_favorable_group,4127,1,Funk3-112-C#,00_Funk3-112-C#_comp.jams,1399611,4,4,3,3,correction_favored,0.008630543947219849,0.6777777671813965,0.5375158629441624,False,0
regression_loops_posthoc__tree_group_audit__blend_0.25__cost_1__no_favorable_group,4138,1,Funk3-112-C#,00_Funk3-112-C#_comp.jams,1441565,5,4,3,3,mixed,-0.07365792989730835,0.2368815541267395,0.7925281954887218,False,0
regression_loops_posthoc__tree_group_audit__blend_0.25__cost_1__no_favorable_group,4141,1,Funk3-112-C#,00_Funk3-112-C#_comp.jams,1453860,5,2,3,3,mixed,-0.09487047791481018,0.253741055727005,0.2622767857142857,False,0
regression_loops_posthoc__tree_group_audit__blend_0.25__cost_1__no_favorable_group,4155,1,Funk3-112-C#,00_Funk3-112-C#_comp.jams,1489106,5,2,3,3,mixed,-0.19669947028160095,0.17919224500656128,0.2153033088235294,False,0
regression_loops_posthoc__tree_group_audit__blend_0.25__cost_1__no_favorable_group,4159,1,Funk3-112-C#,00_Funk3-112-C#_comp.jams,1500589,4,3,2,2,mixed,-0.057602331042289734,0.0184938907623291,0.7961753731343284,False,0
regression_loops_posthoc__tree_group_audit__blend_0.25__cost_1__no_favorable_group,4351,1,Funk3-112-C#,00_Funk3-112-C#_solo.jams,1477551,2,3,2,2,correction_favored,0.019415289163589478,0.45217394828796387,0.5344730941704036,False,0
regression_loops_posthoc__tree_group_audit__blend_0.25__cost_1__no_favorable_group,15751,1,SS3-98-C,00_SS3-98-C_comp.jams,49349,1,3,2,2,mixed,-0.1764705926179886,0.1966412365436554,0.4630208333333333,False,0
regression_loops_posthoc__tree_group_audit__blend_0.25__cost_1__no_favorable_group,15758,1,SS3-98-C,00_SS3-98-C_comp.jams,68724,3,2,3,2,regression_favored,-0.16707482933998108,-0.016881704330444336,0.22098214285714285,True,-1
regression_loops_posthoc__tree_group_audit__blend_0.25__cost_1__no_favorable_group,15820,1,SS3-98-C,00_SS3-98-C_comp.jams,219235,1,2,3,2,regression_favored,-0.35062479972839355,-0.15025243163108826,0.12152777777777778,True,0
regression_loops_posthoc__tree_group_audit__blend_0.25__cost_1__no_favorable_group,15931,1,SS3-98-C,00_SS3-98-C_comp.jams,498861,1,3,2,3,regression_favored,-0.28840577602386475,-0.011598750948905945,0.5191532258064516,True,0
regression_loops_posthoc__tree_group_audit__blend_0.25__cost_1__no_favorable_group,15972,1,SS3-98-C,00_SS3-98-C_comp.jams,607196,1,3,2,2,mixed,-0.2981358766555786,0.12212342023849487,0.4263268156424581,False,0
regression_loops_posthoc__tree_group_audit__blend_0.25__cost_1__no_favorable_group,16111,1,SS3-98-C,00_SS3-98-C_comp.jams,986042,3,3,4,3,regression_favored,-0.10781669616699219,-0.10781669616699219,0.140625,True,1
regression_loops_posthoc__tree_group_audit__blend_0.25__cost_1__no_favorable_group,16254,1,SS3-98-C,00_SS3-98-C_comp.jams,1362820,2,3,2,2,mixed,-0.09821495413780212,0.13175471127033234,0.5172776442307693,False,0
regression_loops_posthoc__tree_group_audit__blend_0.25__cost_1__no_favorable_group,16338,1,SS3-98-C,00_SS3-98-C_comp.jams,1579519,2,3,2,2,mixed,-0.06109827756881714,0.12801359593868256,0.3867694805194805,False,0
regression_loops_posthoc__tree_group_audit__blend_0.25__cost_1__no_favorable_group,16424,1,SS3-98-C,00_SS3-98-C_solo.jams,431828,2,3,2,2,mixed,-0.15575647354125977,0.20408856868743896,0.4968011811023622,False,0
regression_loops_posthoc__tree_group_audit__blend_0.25__cost_1__no_favorable_group,16482,1,SS3-98-C,00_SS3-98-C_solo.jams,621149,2,2,3,2,regression_favored,-0.32802677154541016,-0.009731411933898926,0.27459016393442626,True,1
regression_loops_posthoc__tree_group_audit__blend_0.25__cost_1__no_favorable_group,16554,1,SS3-98-C,00_SS3-98-C_solo.jams,864207,3,3,2,2,mixed,-0.06348684430122375,0.058009058237075806,0.24609375,False,0
regression_loops_posthoc__tree_group_audit__blend_0.25__cost_1__no_favorable_group,16566,1,SS3-98-C,00_SS3-98-C_solo.jams,889338,0,3,2,2,correction_favored,0.053058214485645294,0.2612163722515106,0.6505533854166666,False,0
regression_loops_posthoc__tree_group_audit__blend_0.25__cost_1__no_favorable_group,16577,1,SS3-98-C,00_SS3-98-C_solo.jams,918350,3,2,3,3,mixed,-0.1900826394557953,0.0732758641242981,0.49895055970149255,False,0
regression_loops_posthoc__tree_group_audit__blend_0.25__cost_1__no_favorable_group,16620,1,SS3-98-C,00_SS3-98-C_solo.jams,1013824,2,3,2,2,mixed,-0.22012072801589966,0.1345987766981125,0.3077445652173913,False,0
regression_loops_posthoc__tree_group_audit__blend_0.25__cost_1__no_favorable_group,16653,1,SS3-98-C,00_SS3-98-C_solo.jams,1094044,2,3,2,2,mixed,-0.22175496816635132,0.09887640178203583,0.4283344972067039,False,0
regression_loops_posthoc__tree_group_audit__blend_0.25__cost_1__no_favorable_group,16711,1,SS3-98-C,00_SS3-98-C_solo.jams,1297222,1,2,3,2,regression_favored,-0.1310531198978424,-0.1310531198978424,0.34375,True,0
regression_loops_posthoc__tree_group_audit__blend_0.25__cost_1__no_favorable_group,16725,1,SS3-98-C,00_SS3-98-C_solo.jams,1330110,1,3,2,2,mixed,-0.10001766681671143,0.21578946709632874,0.5027573529411765,False,0
regression_loops_posthoc__tree_group_audit__blend_0.25__cost_1__no_favorable_group,16789,1,SS3-98-C,00_SS3-98-C_solo.jams,1546579,1,4,3,3,mixed,-0.08373591303825378,0.5714285969734192,0.4022229381443299,False,0
regression_loops_posthoc__tree_group_audit__blend_0.25__cost_1__no_favorable_group,17785,1,BN3-154-E,01_BN3-154-E_comp.jams,96391,3,4,3,3,mixed,-0.017543882131576538,0.13409292697906494,0.6089691558441559,False,0
regression_loops_posthoc__tree_group_audit__blend_0.25__cost_1__no_favorable_group,17951,1,BN3-154-E,01_BN3-154-E_comp.jams,679978,2,3,2,2,mixed,-0.06954285502433777,0.1908455491065979,0.3904622395833333,False,0
regression_loops_posthoc__tree_group_audit__blend_0.25__cost_1__no_favorable_group,18019,1,BN3-154-E,01_BN3-154-E_comp.jams,937160,3,3,2,2,mixed,-0.039447516202926636,0.286910742521286,0.5025314245810056,False,0
regression_loops_posthoc__tree_group_audit__blend_0.25__cost_1__no_favorable_group,18035,1,BN3-154-E,01_BN3-154-E_comp.jams,988337,1,4,2,2,mixed,-0.045888751745224,0.38682371377944946,0.1637761780104712,False,0
regression_loops_posthoc__tree_group_audit__blend_0.25__cost_1__no_favorable_group,18045,1,BN3-154-E,01_BN3-154-E_comp.jams,1012884,4,2,3,3,mixed,-0.14163485169410706,0.015548408031463623,0.3298611111111111,False,0
regression_loops_posthoc__tree_group_audit__blend_0.25__cost_1__no_favorable_group,18053,1,BN3-154-E,01_BN3-154-E_comp.jams,1048402,3,4,3,3,correction_favored,0.033631712198257446,0.3571428656578064,0.5153017241379311,False,0
regression_loops_posthoc__tree_group_audit__blend_0.25__cost_1__no_favorable_group,19463,1,Funk2-119-G,01_Funk2-119-G_comp.jams,4,2,2,3,3,mixed,-0.6571428775787354,0.21893489360809326,0.1778846153846154,False,0
regression_loops_posthoc__tree_group_audit__blend_0.25__cost_1__no_favorable_group,19465,1,Funk2-119-G,01_Funk2-119-G_comp.jams,11327,2,4,3,3,mixed,-0.05778491497039795,0.6785714030265808,0.5341842723004695,False,0
regression_loops_posthoc__tree_group_audit__blend_0.25__cost_1__no_favorable_group,19486,1,Funk2-119-G,01_Funk2-119-G_comp.jams,100135,2,4,3,3,mixed,-0.006791174411773682,0.7101449370384216,0.5642538265306123,False,0
regression_loops_posthoc__tree_group_audit__blend_0.25__cost_1__no_favorable_group,19505,1,Funk2-119-G,01_Funk2-119-G_comp.jams,167490,1,2,3,3,mixed,-0.12931036949157715,0.26530614495277405,0.3302556818181818,False,0
regression_loops_posthoc__tree_group_audit__blend_0.25__cost_1__no_favorable_group,19528,1,Funk2-119-G,01_Funk2-119-G_comp.jams,255972,3,4,3,3,mixed,-0.07380950450897217,0.2543478310108185,0.4537852112676056,False,0
regression_loops_posthoc__tree_group_audit__blend_0.25__cost_1__no_favorable_group,19530,1,Funk2-119-G,01_Funk2-119-G_comp.jams,265334,0,3,2,2,mixed,-0.17989417910575867,0.17038357257843018,0.6225421348314607,False,0
regression_loops_posthoc__tree_group_audit__blend_0.25__cost_1__no_favorable_group,19560,1,Funk2-119-G,01_Funk2-119-G_comp.jams,377989,0,3,2,2,mixed,-0.07603219151496887,0.15832480788230896,0.2442208904109589,False,0
regression_loops_posthoc__tree_group_audit__blend_0.25__cost_1__no_favorable_group,19571,1,Funk2-119-G,01_Funk2-119-G_comp.jams,422775,0,3,2,2,mixed,-0.10156609117984772,0.1355932205915451,0.4018654336734694,False,0
regression_loops_posthoc__tree_group_audit__blend_0.25__cost_1__no_favorable_group,19638,1,Funk2-119-G,01_Funk2-119-G_comp.jams,717780,0,3,2,2,mixed,-0.0942627340555191,0.172428697347641,0.3555264778325123,False,0
regression_loops_posthoc__tree_group_audit__blend_0.25__cost_1__no_favorable_group,19642,1,Funk2-119-G,01_Funk2-119-G_comp.jams,734065,0,3,2,2,mixed,-0.13720230758190155,0.11666666716337204,0.20869430693069307,False,0
regression_loops_posthoc__tree_group_audit__blend_0.25__cost_1__no_favorable_group,19687,1,Funk2-119-G,01_Funk2-119-G_comp.jams,890574,2,4,3,3,mixed,-0.12554803490638733,0.2624434530735016,0.5211759868421053,False,0
regression_loops_posthoc__tree_group_audit__blend_0.25__cost_1__no_favorable_group,19700,1,Funk2-119-G,01_Funk2-119-G_comp.jams,951678,2,4,3,3,correction_favored,0.08919763565063477,0.3818182051181793,0.45209703947368424,False,0
regression_loops_posthoc__tree_group_audit__blend_0.25__cost_1__no_favorable_group,19710,1,Funk2-119-G,01_Funk2-119-G_comp.jams,979359,3,4,2,2,mixed,-0.05076742172241211,0.3959459364414215,0.4369212962962963,False,0
regression_loops_posthoc__tree_group_audit__blend_0.25__cost_1__no_favorable_group,19721,1,Funk2-119-G,01_Funk2-119-G_comp.jams,1040061,3,4,3,3,mixed,-0.016813695430755615,0.38947367668151855,0.516549059139785,False,0
regression_loops_posthoc__tree_group_audit__blend_0.25__cost_1__no_favorable_group,19729,1,Funk2-119-G,01_Funk2-119-G_comp.jams,1067806,3,4,3,3,correction_favored,0.049300044775009155,0.637499988079071,0.5169207317073171,False,0
regression_loops_posthoc__tree_group_audit__blend_0.25__cost_1__no_favorable_group,19776,1,Funk2-119-G,01_Funk2-119-G_comp.jams,1245279,2,4,2,2,mixed,-0.09476584196090698,0.30279651284217834,0.17402777777777778,False,0
regression_loops_posthoc__tree_group_audit__blend_0.25__cost_1__no_favorable_group,19791,1,Funk2-119-G,01_Funk2-119-G_comp.jams,1329194,3,3,2,2,mixed,-0.026978492736816406,0.14813187718391418,0.5051673228346457,False,0
regression_loops_posthoc__tree_group_audit__blend_0.25__cost_1__no_favorable_group,19799,1,Funk2-119-G,01_Funk2-119-G_comp.jams,1363042,2,3,2,2,mixed,-0.18682467937469482,0.030113309621810913,0.26450892857142855,False,0
regression_loops_posthoc__tree_group_audit__blend_0.25__cost_1__no_favorable_group,19811,1,Funk2-119-G,01_Funk2-119-G_comp.jams,1417215,3,4,3,3,mixed,-0.0650080144405365,0.1078173816204071,0.6547379032258065,False,0
regression_loops_posthoc__tree_group_audit__blend_0.25__cost_1__no_favorable_group,20041,1,Funk3-112-C#,01_Funk3-112-C#_comp.jams,117628,3,2,4,4,mixed,-0.16716419160366058,0.2142857313156128,0.04222074468085106,False,0
regression_loops_posthoc__tree_group_audit__blend_0.25__cost_1__no_favorable_group,20053,1,Funk3-112-C#,01_Funk3-112-C#_comp.jams,160271,3,3,2,3,regression_favored,-0.2156040221452713,-0.06478425860404968,0.5124362244897959,True,1
regression_loops_posthoc__tree_group_audit__blend_0.25__cost_1__no_favorable_group,20058,1,Funk3-112-C#,01_Funk3-112-C#_comp.jams,177424,3,2,3,3,mixed,-0.1461412012577057,0.317460298538208,0.4951761744966443,False,0
regression_loops_posthoc__tree_group_audit__blend_0.25__cost_1__no_favorable_group,20095,1,Funk3-112-C#,01_Funk3-112-C#_comp.jams,347919,2,3,2,2,mixed,-0.06080922484397888,0.14142051339149475,0.3784722222222222,False,0
regression_loops_posthoc__tree_group_audit__blend_0.25__cost_1__no_favorable_group,20109,1,Funk3-112-C#,01_Funk3-112-C#_comp.jams,402524,3,2,3,2,regression_favored,-0.4516129195690155,-0.14308121800422668,0.40366633858267714,True,-1
regression_loops_posthoc__tree_group_audit__blend_0.25__cost_1__no_favorable_group,20123,1,Funk3-112-C#,01_Funk3-112-C#_comp.jams,496140,3,2,4,4,mixed,-0.1628371626138687,0.4285714626312256,0.04542410714285714,False,0
regression_loops_posthoc__tree_group_audit__blend_0.25__cost_1__no_favorable_group,20133,1,Funk3-112-C#,01_Funk3-112-C#_comp.jams,531578,2,3,2,2,mixed,-0.25271689891815186,0.1320754885673523,0.5058247041420119,False,0
regression_loops_posthoc__tree_group_audit__blend_0.25__cost_1__no_favorable_group,20139,1,Funk3-112-C#,01_Funk3-112-C#_comp.jams,544742,0,3,2,2,mixed,-0.14562873542308807,0.18522727489471436,0.4244791666666667,False,0
regression_loops_posthoc__tree_group_audit__blend_0.25__cost_1__no_favorable_group,20155,1,Funk3-112-C#,01_Funk3-112-C#_comp.jams,637521,3,3,2,3,regression_favored,-0.17571060359477997,-0.04298242926597595,0.18229166666666666,True,1
regression_loops_posthoc__tree_group_audit__blend_0.25__cost_1__no_favorable_group,20159,1,Funk3-112-C#,01_Funk3-112-C#_comp.jams,661604,2,4,3,3,correction_favored,0.040343910455703735,0.6571428775787354,0.48125,False,0
regression_loops_posthoc__tree_group_audit__blend_0.25__cost_1__no_favorable_group,20172,1,Funk3-112-C#,01_Funk3-112-C#_comp.jams,737822,2,3,2,3,regression_favored,-0.2760695219039917,-0.08745601773262024,0.346875,True,-1
regression_loops_posthoc__tree_group_audit__blend_0.25__cost_1__no_favorable_group,20180,1,Funk3-112-C#,01_Funk3-112-C#_comp.jams,779420,3,3,4,4,mixed,-0.19296064972877502,0.021206766366958618,0.099609375,False,0
regression_loops_posthoc__tree_group_audit__blend_0.25__cost_1__no_favorable_group,20192,1,Funk3-112-C#,01_Funk3-112-C#_comp.jams,821602,3,4,3,3,mixed,-0.15274986624717712,0.6739130616188049,0.41222677595628415,False,0
regression_loops_posthoc__tree_group_audit__blend_0.25__cost_1__no_favorable_group,20197,1,Funk3-112-C#,01_Funk3-112-C#_comp.jams,838507,3,3,4,4,correction_favored,0.11118575930595398,0.3344579339027405,0.2830357142857143,False,0
regression_loops_posthoc__tree_group_audit__blend_0.25__cost_1__no_favorable_group,20255,1,Funk3-112-C#,01_Funk3-112-C#_comp.jams,1051487,3,2,3,3,mixed,-0.1250327229499817,0.1079675555229187,0.39259350393700787,False,0
regression_loops_posthoc__tree_group_audit__blend_0.25__cost_1__no_favorable_group,20273,1,Funk3-112-C#,01_Funk3-112-C#_comp.jams,1105739,3,4,3,3,mixed,-0.10445606708526611,0.6342711448669434,0.4107142857142857,False,0
regression_loops_posthoc__tree_group_audit__blend_0.25__cost_1__no_favorable_group,20279,1,Funk3-112-C#,01_Funk3-112-C#_comp.jams,1122659,3,2,3,3,mixed,-0.18987664580345154,0.18333333730697632,0.21946022727272727,False,0
regression_loops_posthoc__tree_group_audit__blend_0.25__cost_1__no_favorable_group,20296,1,Funk3-112-C#,01_Funk3-112-C#_comp.jams,1198205,2,3,2,2,correction_favored,0.17357397079467773,0.38891276717185974,0.20635775862068967,False,0
regression_loops_posthoc__tree_group_audit__blend_0.25__cost_1__no_favorable_group,20300,1,Funk3-112-C#,01_Funk3-112-C#_comp.jams,1222984,2,3,2,2,mixed,-0.17045456171035767,0.14733096957206726,0.3713182471264368,False,0
regression_loops_posthoc__tree_group_audit__blend_0.25__cost_1__no_favorable_group,20306,1,Funk3-112-C#,01_Funk3-112-C#_comp.jams,1252258,3,2,4,4,mixed,-0.2589118182659149,0.2142857313156128,0.028161337209302327,False,0
regression_loops_posthoc__tree_group_audit__blend_0.25__cost_1__no_favorable_group,20324,1,Funk3-112-C#,01_Funk3-112-C#_comp.jams,1305704,1,3,2,2,mixed,-0.0019103288650512695,0.2496936321258545,0.5201416015625,False,0
regression_loops_posthoc__tree_group_audit__blend_0.25__cost_1__no_favorable_group,20341,1,Funk3-112-C#,01_Funk3-112-C#_comp.jams,1375282,3,2,3,2,regression_favored,-0.165029838681221,-0.13684210181236267,0.2265625,True,-1
regression_loops_posthoc__tree_group_audit__blend_0.25__cost_1__no_favorable_group,20345,1,Funk3-112-C#,01_Funk3-112-C#_comp.jams,1388564,3,4,3,3,mixed,-0.1727326512336731,0.6521739363670349,0.3632454128440367,False,0
regression_loops_posthoc__tree_group_audit__blend_0.25__cost_1__no_favorable_group,20349,1,Funk3-112-C#,01_Funk3-112-C#_comp.jams,1406296,2,3,2,2,mixed,-0.10160428285598755,0.26153847575187683,0.3412143640350877,False,0
regression_loops_posthoc__tree_group_audit__blend_0.25__cost_1__no_favorable_group,20367,1,Funk3-112-C#,01_Funk3-112-C#_comp.jams,1506158,2,4,3,3,mixed,-0.10886919498443604,0.21313431859016418,0.7016782407407407,False,0
regression_loops_posthoc__tree_group_audit__blend_0.25__cost_1__no_favorable_group,31390,1,SS3-98-C,01_SS3-98-C_comp.jams,34509,2,2,3,2,regression_favored,-0.10164134204387665,-0.10164134204387665,0.34375,True,1
regression_loops_posthoc__tree_group_audit__blend_0.25__cost_1__no_favorable_group,31393,1,SS3-98-C,01_SS3-98-C_comp.jams,40983,2,3,2,3,regression_favored,-0.2517738938331604,-0.07937681674957275,0.6104433760683761,True,-1
regression_loops_posthoc__tree_group_audit__blend_0.25__cost_1__no_favorable_group,31406,1,SS3-98-C,01_SS3-98-C_comp.jams,69224,2,3,4,4,mixed,-0.07045453786849976,0.20307016372680664,0.3445084951456311,False,0
regression_loops_posthoc__tree_group_audit__blend_0.25__cost_1__no_favorable_group,31410,1,SS3-98-C,01_SS3-98-C_comp.jams,76749,2,4,2,2,mixed,-0.27456995844841003,0.28373703360557556,0.15550595238095238,False,0
regression_loops_posthoc__tree_group_audit__blend_0.25__cost_1__no_favorable_group,31416,1,SS3-98-C,01_SS3-98-C_comp.jams,90139,2,3,2,2,mixed,-0.08337384462356567,0.15223214030265808,0.20256696428571427,False,0
regression_loops_posthoc__tree_group_audit__blend_0.25__cost_1__no_favorable_group,31450,1,SS3-98-C,01_SS3-98-C_comp.jams,162536,1,3,2,2,mixed,-0.11698630452156067,0.05365660786628723,0.34356831395348836,False,0
regression_loops_posthoc__tree_group_audit__blend_0.25__cost_1__no_favorable_group,31454,1,SS3-98-C,01_SS3-98-C_comp.jams,170122,2,2,4,4,mixed,-0.10499998927116394,0.13875599205493927,0.11328125,False,0
regression_loops_posthoc__tree_group_audit__blend_0.25__cost_1__no_favorable_group,31458,1,SS3-98-C,01_SS3-98-C_comp.jams,183578,2,3,2,2,mixed,-0.040958911180496216,0.1448933482170105,0.4655539772727273,False,0
regression_loops_posthoc__tree_group_audit__blend_0.25__cost_1__no_favorable_group,31470,1,SS3-98-C,01_SS3-98-C_comp.jams,210014,1,3,2,2,mixed,-0.03016822040081024,0.0850953757762909,0.4654017857142857,False,0
regression_loops_posthoc__tree_group_audit__blend_0.25__cost_1__no_favorable_group,31478,1,SS3-98-C,01_SS3-98-C_comp.jams,230228,1,2,3,2,regression_favored,-0.17193788290023804,-0.07222959399223328,0.3489583333333333,True,0
regression_loops_posthoc__tree_group_audit__blend_0.25__cost_1__no_favorable_group,31479,1,SS3-98-C,01_SS3-98-C_comp.jams,232147,1,3,2,2,mixed,-0.14602705836296082,0.08489184081554413,0.3765076754385965,False,0
regression_loops_posthoc__tree_group_audit__blend_0.25__cost_1__no_favorable_group,31482,1,SS3-98-C,01_SS3-98-C_comp.jams,238566,2,3,2,2,mixed,-0.14184506237506866,0.09618902206420898,0.3863985655737705,False,0
regression_loops_posthoc__tree_group_audit__blend_0.25__cost_1__no_favorable_group,31487,1,SS3-98-C,01_SS3-98-C_comp.jams,249663,1,3,2,2,mixed,-0.04334113001823425,0.19961240887641907,0.5861778846153847,False,0
regression_loops_posthoc__tree_group_audit__blend_0.25__cost_1__no_favorable_group,31488,1,SS3-98-C,01_SS3-98-C_comp.jams,251545,1,2,3,2,regression_favored,-0.048526883125305176,-0.04345792531967163,0.296875,True,0
regression_loops_posthoc__tree_group_audit__blend_0.25__cost_1__no_favorable_group,31490,1,SS3-98-C,01_SS3-98-C_comp.jams,256098,2,3,2,2,correction_favored,0.02102428674697876,0.18839460611343384,0.5024207746478874,False,0
regression_loops_posthoc__tree_group_audit__blend_0.25__cost_1__no_favorable_group,31497,1,SS3-98-C,01_SS3-98-C_comp.jams,271694,1,3,2,2,mixed,-0.06550803780555725,0.22421053051948547,0.5134882478632479,False,0
regression_loops_posthoc__tree_group_audit__blend_0.25__cost_1__no_favorable_group,31507,1,SS3-98-C,01_SS3-98-C_comp.jams,291732,2,3,4,3,regression_favored,-0.03751802444458008,-0.03751802444458008,0.328125,True,0
regression_loops_posthoc__tree_group_audit__blend_0.25__cost_1__no_favorable_group,31510,1,SS3-98-C,01_SS3-98-C_comp.jams,297624,2,3,2,2,mixed,-0.05404135584831238,0.1530364453792572,0.5440625,False,0
regression_loops_posthoc__tree_group_audit__blend_0.25__cost_1__no_favorable_group,31557,1,SS3-98-C,01_SS3-98-C_comp.jams,400436,2,3,2,2,mixed,-0.12368464469909668,0.19326241314411163,0.45561079545454547,False,0
regression_loops_posthoc__tree_group_audit__blend_0.25__cost_1__no_favorable_group,31568,1,SS3-98-C,01_SS3-98-C_comp.jams,425644,1,3,2,2,correction_favored,0.025229141116142273,0.19477123022079468,0.42150297619047616,False,0
regression_loops_posthoc__tree_group_audit__blend_0.25__cost_1__no_favorable_group,31603,1,SS3-98-C,01_SS3-98-C_comp.jams,499632,1,2,3,3,mixed,-0.12197309732437134,0.0868978202342987,0.1111111111111111,False,0
regression_loops_posthoc__tree_group_audit__blend_0.25__cost_1__no_favorable_group,31613,1,SS3-98-C,01_SS3-98-C_comp.jams,519785,3,2,3,3,mixed,-0.10232524573802948,0.0771428644657135,0.1828125,False,0
regression_loops_posthoc__tree_group_audit__blend_0.25__cost_1__no_favorable_group,31617,1,SS3-98-C,01_SS3-98-C_comp.jams,527988,2,3,2,2,mixed,-0.06783215701580048,0.07140886783599854,0.6156914893617021,False,0
regression_loops_posthoc__tree_group_audit__blend_0.25__cost_1__no_favorable_group,31645,1,SS3-98-C,01_SS3-98-C_comp.jams,588693,2,3,2,2,mixed,-0.19781169295310974,0.09723889827728271,0.5429137323943662,False,0
regression_loops_posthoc__tree_group_audit__blend_0.25__cost_1__no_favorable_group,31654,1,SS3-98-C,01_SS3-98-C_comp.jams,608615,1,4,2,2,mixed,-0.1992219090461731,0.31333333253860474,0.25037924757281554,False,0
regression_loops_posthoc__tree_group_audit__blend_0.25__cost_1__no_favorable_group,31656,1,SS3-98-C,01_SS3-98-C_comp.jams,616022,2,3,2,2,correction_favored,0.013237833976745605,0.224426731467247,0.39360119047619047,False,0
regression_loops_posthoc__tree_group_audit__blend_0.25__cost_1__no_favorable_group,31659,1,SS3-98-C,01_SS3-98-C_comp.jams,622690,1,3,2,2,mixed,-0.02818813920021057,0.17300698161125183,0.616015625,False,0
regression_loops_posthoc__tree_group_audit__blend_0.25__cost_1__no_favorable_group,31662,1,SS3-98-C,01_SS3-98-C_comp.jams,629986,3,2,3,3,mixed,-0.14070433378219604,0.16813187301158905,0.22265625,False,0
regression_loops_posthoc__tree_group_audit__blend_0.25__cost_1__no_favorable_group,31667,1,SS3-98-C,01_SS3-98-C_comp.jams,642473,0,3,2,2,correction_favored,0.014012455940246582,0.14918357133865356,0.5100446428571429,False,0
regression_loops_posthoc__tree_group_audit__blend_0.25__cost_1__no_favorable_group,31670,1,SS3-98-C,01_SS3-98-C_comp.jams,649341,3,3,2,2,mixed,-0.04570308327674866,0.2601439356803894,0.4182967557251908,False,0
regression_loops_posthoc__tree_group_audit__blend_0.25__cost_1__no_favorable_group,31680,1,SS3-98-C,01_SS3-98-C_comp.jams,669295,2,2,3,2,regression_favored,-0.2547609210014343,-0.009820356965065002,0.30514705882352944,True,1
regression_loops_posthoc__tree_group_audit__blend_0.25__cost_1__no_favorable_group,31686,1,SS3-98-C,01_SS3-98-C_comp.jams,681353,2,2,3,2,regression_favored,-0.01562616229057312,-0.01562616229057312,0.203125,True,1
regression_loops_posthoc__tree_group_audit__blend_0.25__cost_1__no_favorable_group,31693,1,SS3-98-C,01_SS3-98-C_comp.jams,695405,2,2,3,3,mixed,-0.17811059951782227,0.03509137034416199,0.12849813432835822,False,0
regression_loops_posthoc__tree_group_audit__blend_0.25__cost_1__no_favorable_group,31700,1,SS3-98-C,01_SS3-98-C_comp.jams,709133,2,2,3,2,regression_favored,-0.2483002245426178,-0.10521134734153748,0.279296875,True,1
regression_loops_posthoc__tree_group_audit__blend_0.25__cost_1__no_favorable_group,31707,1,SS3-98-C,01_SS3-98-C_comp.jams,723161,3,3,2,2,mixed,-0.07309268414974213,0.0190497487783432,0.603125,False,0
regression_loops_posthoc__tree_group_audit__blend_0.25__cost_1__no_favorable_group,31728,1,SS3-98-C,01_SS3-98-C_comp.jams,769985,2,2,4,4,mixed,-0.16718265414237976,0.2780612111091614,0.08463541666666667,False,0
regression_loops_posthoc__tree_group_audit__blend_0.25__cost_1__no_favorable_group,31731,1,SS3-98-C,01_SS3-98-C_comp.jams,778370,2,3,2,2,mixed,-0.12437409162521362,0.1295807957649231,0.498046875,False,0
regression_loops_posthoc__tree_group_audit__blend_0.25__cost_1__no_favorable_group,31734,1,SS3-98-C,01_SS3-98-C_comp.jams,790717,1,3,2,2,mixed,-0.10698902606964111,0.03397566080093384,0.3010670731707317,False,0
regression_loops_posthoc__tree_group_audit__blend_0.25__cost_1__no_favorable_group,31760,1,SS3-98-C,01_SS3-98-C_comp.jams,853002,3,3,2,2,mixed,-0.15639328956604004,0.14149679243564606,0.55546875,False,0
regression_loops_posthoc__tree_group_audit__blend_0.25__cost_1__no_favorable_group,31766,1,SS3-98-C,01_SS3-98-C_comp.jams,866022,3,4,2,2,correction_favored,0.04698146879673004,0.3333333134651184,0.21165966386554622,False,0
regression_loops_posthoc__tree_group_audit__blend_0.25__cost_1__no_favorable_group,31781,1,SS3-98-C,01_SS3-98-C_comp.jams,898219,2,3,2,2,mixed,-0.22193506360054016,0.04976576566696167,0.4102359693877551,False,0
regression_loops_posthoc__tree_group_audit__blend_0.25__cost_1__no_favorable_group,31792,1,SS3-98-C,01_SS3-98-C_comp.jams,920029,3,3,2,2,mixed,-0.19170060753822327,0.1194169819355011,0.5584969008264463,False,0
regression_loops_posthoc__tree_group_audit__blend_0.25__cost_1__no_favorable_group,31828,1,SS3-98-C,01_SS3-98-C_comp.jams,994124,1,3,2,2,mixed,-0.19336384534835815,0.1260504126548767,0.473930027173913,False,0
regression_loops_posthoc__tree_group_audit__blend_0.25__cost_1__no_favorable_group,31830,1,SS3-98-C,01_SS3-98-C_comp.jams,1005900,2,3,2,3,regression_favored,-0.11377725005149841,-0.08312149345874786,0.3489583333333333,True,-1
regression_loops_posthoc__tree_group_audit__blend_0.25__cost_1__no_favorable_group,31832,1,SS3-98-C,01_SS3-98-C_comp.jams,1013750,1,3,2,2,mixed,-0.04143853485584259,0.12529762089252472,0.5139266304347826,False,0
regression_loops_posthoc__tree_group_audit__blend_0.25__cost_1__no_favorable_group,31840,1,SS3-98-C,01_SS3-98-C_comp.jams,1034286,1,3,2,2,mixed,-0.000437319278717041,0.13725490868091583,0.49360795454545453,False,0
regression_loops_posthoc__tree_group_audit__blend_0.25__cost_1__no_favorable_group,31843,1,SS3-98-C,01_SS3-98-C_comp.jams,1041413,1,3,2,2,mixed,-0.074745774269104,0.12025518715381622,0.47021484375,False,0
regression_loops_posthoc__tree_group_audit__blend_0.25__cost_1__no_favorable_group,31846,1,SS3-98-C,01_SS3-98-C_comp.jams,1047824,2,4,3,3,mixed,-0.25784027576446533,0.10878750681877136,0.24369959677419356,False,0
regression_loops_posthoc__tree_group_audit__blend_0.25__cost_1__no_favorable_group,31858,1,SS3-98-C,01_SS3-98-C_comp.jams,1075319,2,2,4,4,mixed,-0.08627451956272125,0.17956654727458954,0.06850961538461539,False,0
regression_loops_posthoc__tree_group_audit__blend_0.25__cost_1__no_favorable_group,31868,1,SS3-98-C,01_SS3-98-C_comp.jams,1096332,0,2,3,3,mixed,-0.17407256364822388,0.11074653267860413,0.2046875,False,0
regression_loops_posthoc__tree_group_audit__blend_0.25__cost_1__no_favorable_group,31888,1,SS3-98-C,01_SS3-98-C_comp.jams,1140925,1,2,3,3,mixed,-0.26831090450286865,0.049705684185028076,0.2162298387096774,False,0
regression_loops_posthoc__tree_group_audit__blend_0.25__cost_1__no_favorable_group,31891,1,SS3-98-C,01_SS3-98-C_comp.jams,1147266,1,2,3,3,mixed,-0.0695798248052597,0.06561148166656494,0.259765625,False,0
regression_loops_posthoc__tree_group_audit__blend_0.25__cost_1__no_favorable_group,31895,1,SS3-98-C,01_SS3-98-C_comp.jams,1156023,2,3,2,2,mixed,-0.036644577980041504,0.08690819144248962,0.34598214285714285,False,0
regression_loops_posthoc__tree_group_audit__blend_0.25__cost_1__no_favorable_group,31908,1,SS3-98-C,01_SS3-98-C_comp.jams,1187295,0,3,2,2,mixed,-0.02419459819793701,0.2237762212753296,0.3880208333333333,False,0
regression_loops_posthoc__tree_group_audit__blend_0.25__cost_1__no_favorable_group,31924,1,SS3-98-C,01_SS3-98-C_comp.jams,1222069,2,2,3,2,regression_favored,-0.10390757024288177,-0.06065857410430908,0.2421875,True,1
regression_loops_posthoc__tree_group_audit__blend_0.25__cost_1__no_favorable_group,31936,1,SS3-98-C,01_SS3-98-C_comp.jams,1248949,1,2,4,4,mixed,-0.176384836435318,0.21141836047172546,0.08305921052631579,False,0
regression_loops_posthoc__tree_group_audit__blend_0.25__cost_1__no_favorable_group,31958,1,SS3-98-C,01_SS3-98-C_comp.jams,1297740,3,3,2,2,mixed,-0.12998154759407043,0.14551393687725067,0.406005859375,False,0
regression_loops_posthoc__tree_group_audit__blend_0.25__cost_1__no_favorable_group,31961,1,SS3-98-C,01_SS3-98-C_comp.jams,1304111,2,2,4,2,regression_favored,-0.02517162263393402,-0.02517162263393402,0.109375,True,1
regression_loops_posthoc__tree_group_audit__blend_0.25__cost_1__no_favorable_group,31971,1,SS3-98-C,01_SS3-98-C_comp.jams,1324482,2,2,3,3,mixed,-0.17448125779628754,0.07115384936332703,0.24881114130434784,False,0
regression_loops_posthoc__tree_group_audit__blend_0.25__cost_1__no_favorable_group,31980,1,SS3-98-C,01_SS3-98-C_comp.jams,1344362,1,3,2,2,mixed,-0.2130124866962433,0.03608354926109314,0.4235576923076923,False,0
regression_loops_posthoc__tree_group_audit__blend_0.25__cost_1__no_favorable_group,31982,1,SS3-98-C,01_SS3-98-C_comp.jams,1349895,3,2,3,3,mixed,-0.2772942781448364,0.029522746801376343,0.3200892857142857,False,0
regression_loops_posthoc__tree_group_audit__blend_0.25__cost_1__no_favorable_group,31999,1,SS3-98-C,01_SS3-98-C_comp.jams,1384767,3,3,4,4,mixed,-0.06293705105781555,0.2746414542198181,0.31845238095238093,False,0
regression_loops_posthoc__tree_group_audit__blend_0.25__cost_1__no_favorable_group,32016,1,SS3-98-C,01_SS3-98-C_comp.jams,1426044,3,3,2,2,mixed,-0.010076135396957397,0.19912537932395935,0.41646161417322836,False,0
regression_loops_posthoc__tree_group_audit__blend_0.25__cost_1__no_favorable_group,32019,1,SS3-98-C,01_SS3-98-C_comp.jams,1432403,1,3,2,2,correction_favored,0.018460333347320557,0.15376678109169006,0.6427951388888888,False,0
regression_loops_posthoc__tree_group_audit__blend_0.25__cost_1__no_favorable_group,32022,1,SS3-98-C,01_SS3-98-C_comp.jams,1438433,2,2,3,3,mixed,-0.13974358141422272,0.0937417596578598,0.2127403846153846,False,0
regression_loops_posthoc__tree_group_audit__blend_0.25__cost_1__no_favorable_group,32028,1,SS3-98-C,01_SS3-98-C_comp.jams,1452212,2,2,3,3,mixed,-0.22527039051055908,0.03201219439506531,0.20126146788990826,False,0
regression_loops_posthoc__tree_group_audit__blend_0.25__cost_1__no_favorable_group,32037,1,SS3-98-C,01_SS3-98-C_comp.jams,1472285,1,2,3,3,mixed,-0.04281783103942871,0.09126213192939758,0.3515625,False,0
regression_loops_posthoc__tree_group_audit__blend_0.25__cost_1__no_favorable_group,32041,1,SS3-98-C,01_SS3-98-C_comp.jams,1479679,3,2,5,5,mixed,-0.18461540341377258,0.042328037321567535,0.08463541666666667,False,0
regression_loops_posthoc__tree_group_audit__blend_0.25__cost_1__no_favorable_group,32048,1,SS3-98-C,01_SS3-98-C_comp.jams,1493560,3,4,3,4,regression_favored,-0.15237484872341156,-0.0027665793895721436,0.28365384615384615,True,-1
regression_loops_posthoc__tree_group_audit__blend_0.25__cost_1__no_favorable_group,32061,1,SS3-98-C,01_SS3-98-C_comp.jams,1519825,2,2,3,3,mixed,-0.2141706794500351,0.06600721180438995,0.3189174107142857,False,0
regression_loops_posthoc__tree_group_audit__blend_0.25__cost_1__no_favorable_group,32064,1,SS3-98-C,01_SS3-98-C_comp.jams,1526036,2,2,3,3,mixed,-0.14767931401729584,0.08633774518966675,0.13829787234042554,False,0
regression_loops_posthoc__tree_group_audit__blend_0.25__cost_1__no_favorable_group,32068,1,SS3-98-C,01_SS3-98-C_comp.jams,1534148,2,2,3,2,regression_favored,-0.2257043868303299,-0.1485268771648407,0.306640625,True,1
regression_loops_posthoc__tree_group_audit__blend_0.25__cost_1__no_favorable_group,32077,1,SS3-98-C,01_SS3-98-C_comp.jams,1553062,1,3,2,2,mixed,-0.043906569480895996,0.17647060751914978,0.48997641509433965,False,0
regression_loops_posthoc__tree_group_audit__blend_0.25__cost_1__no_favorable_group,32087,1,SS3-98-C,01_SS3-98-C_comp.jams,1573335,3,2,3,3,mixed,-0.23934976756572723,0.06887051463127136,0.18393640350877194,False,0
regression_loops_posthoc__tree_group_audit__blend_0.25__cost_1__no_favorable_group,32121,1,SS3-98-C,01_SS3-98-C_comp.jams,1642933,2,2,3,2,regression_favored,-0.2321460247039795,-0.011242598295211792,0.328125,True,1
regression_loops_posthoc__tree_group_audit__blend_0.25__cost_1__no_favorable_group,32127,1,SS3-98-C,01_SS3-98-C_comp.jams,1654156,2,2,3,3,mixed,-0.10390757024288177,0.12134292721748352,0.2465277777777778,False,0
regression_loops_posthoc__tree_group_audit__blend_0.25__cost_1__no_favorable_group,32134,1,SS3-98-C,01_SS3-98-C_comp.jams,1669021,3,2,3,3,mixed,-0.23934976756572723,0.1197691261768341,0.17640625,False,0
regression_loops_posthoc__tree_group_audit__blend_0.25__cost_1__no_favorable_group,32137,1,SS3-98-C,01_SS3-98-C_comp.jams,1674405,3,2,3,2,regression_favored,-0.06642335653305054,-0.06642335653305054,0.40625,True,-1
regression_loops_posthoc__tree_group_audit__blend_0.25__cost_1__no_favorable_group,32155,1,SS3-98-C,01_SS3-98-C_comp.jams,1709475,3,3,2,2,mixed,-0.06324911117553711,0.229411780834198,0.5557215073529411,False,0
regression_loops_posthoc__tree_group_audit__blend_0.25__cost_1__no_favorable_group,32237,1,SS3-98-C,01_SS3-98-C_solo.jams,309287,1,3,2,2,correction_favored,0.0796053409576416,0.34965476393699646,0.5565655048076923,False,0
regression_loops_posthoc__tree_group_audit__blend_0.25__cost_1__no_favorable_group,33373,1,BN3-154-E,02_BN3-154-E_comp.jams,1834,2,3,4,4,mixed,-0.07692307233810425,0.5384615659713745,0.2171875,False,0
regression_loops_posthoc__tree_group_audit__blend_0.25__cost_1__no_favorable_group,33419,1,BN3-154-E,02_BN3-154-E_comp.jams,164082,2,3,2,3,regression_favored,-0.2830967605113983,-0.01376369595527649,0.2649793388429752,True,-1
regression_loops_posthoc__tree_group_audit__blend_0.25__cost_1__no_favorable_group,33441,1,BN3-154-E,02_BN3-154-E_comp.jams,231599,1,3,2,3,regression_favored,-0.013565868139266968,-0.013565868139266968,0.0625,True,0
regression_loops_posthoc__tree_group_audit__blend_0.25__cost_1__no_favorable_group,33466,1,BN3-154-E,02_BN3-154-E_comp.jams,317099,3,2,3,3,mixed,-0.13038766384124756,0.13703516125679016,0.1414695945945946,False,0
regression_loops_posthoc__tree_group_audit__blend_0.25__cost_1__no_favorable_group,33551,1,BN3-154-E,02_BN3-154-E_comp.jams,533993,3,3,2,2,mixed,-0.061904773116111755,0.07888232171535492,0.6991112385321101,False,0
regression_loops_posthoc__tree_group_audit__blend_0.25__cost_1__no_favorable_group,33556,1,BN3-154-E,02_BN3-154-E_comp.jams,551628,3,3,2,3,regression_favored,-0.2207573652267456,-0.004814863204956055,0.3061266447368421,True,1
regression_loops_posthoc__tree_group_audit__blend_0.25__cost_1__no_favorable_group,33645,1,BN3-154-E,02_BN3-154-E_comp.jams,782443,2,4,3,3,mixed,-0.2765389084815979,0.10519126057624817,0.46589781746031744,False,0
regression_loops_posthoc__tree_group_audit__blend_0.25__cost_1__no_favorable_group,33683,1,BN3-154-E,02_BN3-154-E_comp.jams,893805,3,4,2,2,mixed,-0.15132497251033783,0.2617218494415283,0.2659298780487805,False,0
regression_loops_posthoc__tree_group_audit__blend_0.25__cost_1__no_favorable_group,33751,1,BN3-154-E,02_BN3-154-E_comp.jams,1083005,4,3,4,4,mixed,-0.0363636314868927,0.3859134316444397,0.30641233766233766,False,0
regression_loops_posthoc__tree_group_audit__blend_0.25__cost_1__no_favorable_group,34935,1,Funk2-119-G,02_Funk2-119-G_comp.jams,23,2,2,4,4,mixed,-0.3507549464702606,0.34959352016448975,0.1154513888888889,False,0
regression_loops_posthoc__tree_group_audit__blend_0.25__cost_1__no_favorable_group,34971,1,Funk2-119-G,02_Funk2-119-G_comp.jams,89175,1,3,2,2,mixed,-0.2117357850074768,0.1525423675775528,0.45720108695652173,False,0
regression_loops_posthoc__tree_group_audit__blend_0.25__cost_1__no_favorable_group,35002,1,Funk2-119-G,02_Funk2-119-G_comp.jams,212302,4,3,4,4,correction_favored,0.11466982960700989,0.1997254490852356,0.3359375,False,0
regression_loops_posthoc__tree_group_audit__blend_0.25__cost_1__no_favorable_group,35027,1,Funk2-119-G,02_Funk2-119-G_comp.jams,311111,2,4,3,3,correction_favored,0.044299185276031494,0.3122529983520508,0.6248282967032966,False,0
regression_loops_posthoc__tree_group_audit__blend_0.25__cost_1__no_favorable_group,35039,1,Funk2-119-G,02_Funk2-119-G_comp.jams,378218,2,2,3,3,mixed,-0.1442786157131195,0.10085469484329224,0.2821691176470588,False,0
regression_loops_posthoc__tree_group_audit__blend_0.25__cost_1__no_favorable_group,35069,1,Funk2-119-G,02_Funk2-119-G_comp.jams,490048,3,4,3,3,mixed,-0.08628213405609131,0.31590908765792847,0.6827256944444444,False,0
regression_loops_posthoc__tree_group_audit__blend_0.25__cost_1__no_favorable_group,35115,1,Funk2-119-G,02_Funk2-119-G_comp.jams,623155,2,3,2,2,mixed,-0.11712393164634705,0.08890664577484131,0.3168402777777778,False,0
regression_loops_posthoc__tree_group_audit__blend_0.25__cost_1__no_favorable_group,35138,1,Funk2-119-G,02_Funk2-119-G_comp.jams,710665,2,3,2,2,mixed,-0.13584157824516296,0.18784314393997192,0.20642784552845528,False,0
regression_loops_posthoc__tree_group_audit__blend_0.25__cost_1__no_favorable_group,35189,1,Funk2-119-G,02_Funk2-119-G_comp.jams,890336,3,2,3,3,mixed,-0.13636362552642822,0.27747881412506104,0.24463619402985073,False,0
regression_loops_posthoc__tree_group_audit__blend_0.25__cost_1__no_favorable_group,35211,1,Funk2-119-G,02_Funk2-119-G_comp.jams,957856,0,2,3,3,mixed,-0.32022348046302795,0.08903655409812927,0.38268849206349204,False,0
regression_loops_posthoc__tree_group_audit__blend_0.25__cost_1__no_favorable_group,35268,1,Funk2-119-G,02_Funk2-119-G_comp.jams,1245657,2,2,3,3,mixed,-0.1799629032611847,0.294642835855484,0.4720612582781457,False,0
regression_loops_posthoc__tree_group_audit__blend_0.25__cost_1__no_favorable_group,35513,1,Funk3-112-C#,02_Funk3-112-C#_comp.jams,7,3,3,4,4,correction_favored,0.12065726518630981,0.32282766699790955,0.3532608695652174,False,0
regression_loops_posthoc__tree_group_audit__blend_0.25__cost_1__no_favorable_group,35533,1,Funk3-112-C#,02_Funk3-112-C#_comp.jams,72954,3,2,3,3,mixed,-0.2085661143064499,0.21576577425003052,0.4117063492063492,False,0
regression_loops_posthoc__tree_group_audit__blend_0.25__cost_1__no_favorable_group,35545,1,Funk3-112-C#,02_Funk3-112-C#_comp.jams,118534,3,3,2,3,regression_favored,-0.22193507850170135,-0.22193507850170135,0.453125,True,1
regression_loops_posthoc__tree_group_audit__blend_0.25__cost_1__no_favorable_group,35583,1,Funk3-112-C#,02_Funk3-112-C#_comp.jams,310342,2,2,3,2,regression_favored,-0.31905606389045715,-0.060374915599823,0.3485991379310345,True,1
regression_loops_posthoc__tree_group_audit__blend_0.25__cost_1__no_favorable_group,35596,1,Funk3-112-C#,02_Funk3-112-C#_comp.jams,378688,2,2,3,3,mixed,-0.20102056860923767,0.1861187219619751,0.500309405940594,False,0
regression_loops_posthoc__tree_group_audit__blend_0.25__cost_1__no_favorable_group,35616,1,Funk3-112-C#,02_Funk3-112-C#_comp.jams,437999,2,2,3,3,mixed,-0.3404172658920288,0.06922870874404907,0.3617559523809524,False,0
regression_loops_posthoc__tree_group_audit__blend_0.25__cost_1__no_favorable_group,35644,1,Funk3-112-C#,02_Funk3-112-C#_comp.jams,514596,1,2,3,3,mixed,-0.30420172214508057,0.05614784359931946,0.24128605769230768,False,0
regression_loops_posthoc__tree_group_audit__blend_0.25__cost_1__no_favorable_group,35664,1,Funk3-112-C#,02_Funk3-112-C#_comp.jams,607344,2,3,2,2,mixed,-0.08429118990898132,0.16730768978595734,0.2699652777777778,False,0
regression_loops_posthoc__tree_group_audit__blend_0.25__cost_1__no_favorable_group,35765,1,Funk3-112-C#,02_Funk3-112-C#_comp.jams,1039257,1,2,3,3,mixed,-0.1668994426727295,0.22959697246551514,0.4696344339622642,False,0
regression_loops_posthoc__tree_group_audit__blend_0.25__cost_1__no_favorable_group,35782,1,Funk3-112-C#,02_Funk3-112-C#_comp.jams,1133222,2,2,3,3,mixed,-0.13652074337005615,0.13245034217834473,0.45515752032520324,False,0
regression_loops_posthoc__tree_group_audit__blend_0.25__cost_1__no_favorable_group,35802,1,Funk3-112-C#,02_Funk3-112-C#_comp.jams,1193843,2,2,3,3,mixed,-0.37942203879356384,0.0914807915687561,0.33271329365079366,False,0
regression_loops_posthoc__tree_group_audit__blend_0.25__cost_1__no_favorable_group,35857,1,Funk3-112-C#,02_Funk3-112-C#_comp.jams,1347223,2,2,3,3,mixed,-0.27603238821029663,0.015176206827163696,0.3650968309859155,False,0
regression_loops_posthoc__tree_group_audit__blend_0.25__cost_1__no_favorable_group,35977,1,Funk3-112-C#,02_Funk3-112-C#_solo.jams,414204,2,4,2,2,mixed,-0.1508975476026535,0.24722221493721008,0.44938858695652173,False,0
regression_loops_posthoc__tree_group_audit__blend_0.25__cost_1__no_favorable_group,35996,1,Funk3-112-C#,02_Funk3-112-C#_solo.jams,509533,2,4,2,2,mixed,-0.24175824224948883,0.21842104196548462,0.26291322314049587,False,0
regression_loops_posthoc__tree_group_audit__blend_0.25__cost_1__no_favorable_group,36014,1,Funk3-112-C#,02_Funk3-112-C#_solo.jams,591370,2,4,2,2,mixed,-0.17325274646282196,0.2818532884120941,0.3775921658986175,False,0
regression_loops_posthoc__tree_group_audit__blend_0.25__cost_1__no_favorable_group,36026,1,Funk3-112-C#,02_Funk3-112-C#_solo.jams,627755,2,4,2,2,mixed,-0.17084942758083344,0.29411762952804565,0.26186963519313305,False,0
regression_loops_posthoc__tree_group_audit__blend_0.25__cost_1__no_favorable_group,36037,1,Funk3-112-C#,02_Funk3-112-C#_solo.jams,757929,2,3,2,2,mixed,-0.14654803276062012,0.09464922547340393,0.5261390186915887,False,0
regression_loops_posthoc__tree_group_audit__blend_0.25__cost_1__no_favorable_group,36069,1,Funk3-112-C#,02_Funk3-112-C#_solo.jams,920454,2,3,2,2,mixed,-0.0016153156757354736,0.21028724312782288,0.4747740963855422,False,0
regression_loops_posthoc__tree_group_audit__blend_0.25__cost_1__no_favorable_group,36125,1,Funk3-112-C#,02_Funk3-112-C#_solo.jams,1134019,2,4,2,2,mixed,-0.08389119803905487,0.2950310707092285,0.19053030303030302,False,0
regression_loops_posthoc__tree_group_audit__blend_0.25__cost_1__no_favorable_group,36145,1,Funk3-112-C#,02_Funk3-112-C#_solo.jams,1193453,2,4,3,3,mixed,-0.04126986861228943,0.142011821269989,0.392578125,False,0
regression_loops_posthoc__tree_group_audit__blend_0.25__cost_1__no_favorable_group,36161,1,Funk3-112-C#,02_Funk3-112-C#_solo.jams,1261104,1,4,2,2,mixed,-0.14444655179977417,0.20372094213962555,0.29388297872340424,False,0
regression_loops_posthoc__tree_group_audit__blend_0.25__cost_1__no_favorable_group,36163,1,Funk3-112-C#,02_Funk3-112-C#_solo.jams,1287825,2,2,3,2,regression_favored,-0.10989111661911011,-0.010129034519195557,0.4875,True,1
regression_loops_posthoc__tree_group_audit__blend_0.25__cost_1__no_favorable_group,36166,1,Funk3-112-C#,02_Funk3-112-C#_solo.jams,1311287,1,3,2,2,mixed,-0.1460045576095581,0.05886617302894592,0.4365131578947368,False,0
regression_loops_posthoc__tree_group_audit__blend_0.25__cost_1__no_favorable_group,36183,1,Funk3-112-C#,02_Funk3-112-C#_solo.jams,1383475,1,3,2,2,mixed,-0.11809268593788147,0.15330150723457336,0.2839395491803279,False,0
regression_loops_posthoc__tree_group_audit__blend_0.25__cost_1__no_favorable_group,36189,1,Funk3-112-C#,02_Funk3-112-C#_solo.jams,1406856,2,3,4,3,regression_favored,-0.15543577075004578,-0.15543577075004578,0.140625,True,0
regression_loops_posthoc__tree_group_audit__blend_0.25__cost_1__no_favorable_group,36191,1,Funk3-112-C#,02_Funk3-112-C#_solo.jams,1430274,2,3,2,2,mixed,-0.10877618193626404,0.2193732112646103,0.5828001968503937,False,0
regression_loops_posthoc__tree_group_audit__blend_0.25__cost_1__no_favorable_group,36213,1,Funk3-112-C#,02_Funk3-112-C#_solo.jams,1487838,2,2,3,3,mixed,-0.04864567518234253,0.22188806533813477,0.3252840909090909,False,0
regression_loops_posthoc__tree_group_audit__blend_0.25__cost_1__no_favorable_group,46591,1,SS3-98-C,02_SS3-98-C_comp.jams,81257,3,3,4,4,mixed,-0.33681315183639526,0.18318966031074524,0.18774801587301587,False,0
regression_loops_posthoc__tree_group_audit__blend_0.25__cost_1__no_favorable_group,46613,1,SS3-98-C,02_SS3-98-C_comp.jams,134425,3,3,2,2,mixed,-0.17326733469963074,0.16502682864665985,0.32286352040816324,False,0
regression_loops_posthoc__tree_group_audit__blend_0.25__cost_1__no_favorable_group,46620,1,SS3-98-C,02_SS3-98-C_comp.jams,148696,3,2,3,3,mixed,-0.009769588708877563,0.20326340198516846,0.3053977272727273,False,0
regression_loops_posthoc__tree_group_audit__blend_0.25__cost_1__no_favorable_group,46628,1,SS3-98-C,02_SS3-98-C_comp.jams,177169,2,2,3,3,mixed,-0.1090908944606781,0.20282667875289917,0.4083333333333333,False,0
regression_loops_posthoc__tree_group_audit__blend_0.25__cost_1__no_favorable_group,46670,1,SS3-98-C,02_SS3-98-C_comp.jams,296745,4,3,4,4,mixed,-0.07420814037322998,0.3622857332229614,0.15126616379310345,False,0
regression_loops_posthoc__tree_group_audit__blend_0.25__cost_1__no_favorable_group,46722,1,SS3-98-C,02_SS3-98-C_comp.jams,419993,2,3,2,2,mixed,-0.03535684943199158,0.21568627655506134,0.351,False,0
regression_loops_posthoc__tree_group_audit__blend_0.25__cost_1__no_favorable_group,46743,1,SS3-98-C,02_SS3-98-C_comp.jams,472022,3,2,3,3,mixed,-0.25672876834869385,0.043205589056015015,0.4142775229357798,False,0
regression_loops_posthoc__tree_group_audit__blend_0.25__cost_1__no_favorable_group,46751,1,SS3-98-C,02_SS3-98-C_comp.jams,499263,2,2,3,3,mixed,-0.1840062141418457,0.06777629256248474,0.2888719512195122,False,0
regression_loops_posthoc__tree_group_audit__blend_0.25__cost_1__no_favorable_group,46774,1,SS3-98-C,02_SS3-98-C_comp.jams,553935,3,2,3,3,mixed,-0.4219313859939575,0.02457103133201599,0.18770292207792208,False,0
regression_loops_posthoc__tree_group_audit__blend_0.25__cost_1__no_favorable_group,46830,1,SS3-98-C,02_SS3-98-C_comp.jams,688029,3,2,3,2,regression_favored,-0.27795031666755676,-0.029439687728881836,0.27901785714285715,True,-1
regression_loops_posthoc__tree_group_audit__blend_0.25__cost_1__no_favorable_group,46901,1,SS3-98-C,02_SS3-98-C_comp.jams,865360,3,3,2,2,mixed,-0.25135791301727295,0.12179487943649292,0.5679209183673469,False,0
regression_loops_posthoc__tree_group_audit__blend_0.25__cost_1__no_favorable_group,46955,1,SS3-98-C,02_SS3-98-C_comp.jams,1013859,3,2,3,3,mixed,-0.11434978246688843,0.0868978202342987,0.08258928571428571,False,0
regression_loops_posthoc__tree_group_audit__blend_0.25__cost_1__no_favorable_group,46988,1,SS3-98-C,02_SS3-98-C_comp.jams,1093265,3,2,3,3,mixed,-0.16928571462631226,0.06336086988449097,0.13035714285714287,False,0
regression_loops_posthoc__tree_group_audit__blend_0.25__cost_1__no_favorable_group,47008,1,SS3-98-C,02_SS3-98-C_comp.jams,1147894,2,2,4,4,mixed,-0.186991885304451,0.3571428656578064,0.07004310344827586,False,0
regression_loops_posthoc__tree_group_audit__blend_0.25__cost_1__no_favorable_group,47014,1,SS3-98-C,02_SS3-98-C_comp.jams,1161688,3,3,4,4,mixed,-0.0550055205821991,0.1475694477558136,0.145751953125,False,0
regression_loops_posthoc__tree_group_audit__blend_0.25__cost_1__no_favorable_group,47039,1,SS3-98-C,02_SS3-98-C_comp.jams,1227569,2,3,2,2,mixed,-0.04966270923614502,0.523809552192688,0.5125651041666667,False,0
regression_loops_posthoc__tree_group_audit__blend_0.25__cost_1__no_favorable_group,47123,1,SS3-98-C,02_SS3-98-C_comp.jams,1444022,3,3,4,4,mixed,-0.24856440722942352,0.17073170840740204,0.2248263888888889,False,0
regression_loops_posthoc__tree_group_audit__blend_0.25__cost_1__no_favorable_group,47130,1,SS3-98-C,02_SS3-98-C_comp.jams,1472352,1,2,3,3,mixed,-0.16980180144309998,0.02596217393875122,0.2328125,False,0
regression_loops_posthoc__tree_group_audit__blend_0.25__cost_1__no_favorable_group,47154,1,SS3-98-C,02_SS3-98-C_comp.jams,1538576,3,4,2,2,mixed,-0.2228984385728836,0.34512507915496826,0.17006714876033058,False,0
regression_loops_posthoc__tree_group_audit__blend_0.25__cost_1__no_favorable_group,47160,1,SS3-98-C,02_SS3-98-C_comp.jams,1552264,3,2,4,4,mixed,-0.27252745628356934,0.26530611515045166,0.07335526315789474,False,0
regression_loops_posthoc__tree_group_audit__blend_0.25__cost_1__no_favorable_group,47227,1,SS3-98-C,02_SS3-98-C_comp.jams,1710839,2,3,2,2,mixed,-0.08607044816017151,0.042301177978515625,0.5525056306306306,False,0
regression_loops_posthoc__tree_group_audit__blend_0.25__cost_1__no_favorable_group,48419,1,BN3-154-E,03_BN3-154-E_comp.jams,216725,3,4,3,3,correction_favored,0.06209948658943176,0.377136766910553,0.5473214285714286,False,0
regression_loops_posthoc__tree_group_audit__blend_0.25__cost_1__no_favorable_group,48432,1,BN3-154-E,03_BN3-154-E_comp.jams,275481,4,4,3,3,mixed,-0.08757442235946655,0.15596845746040344,0.47252155172413796,False,0
regression_loops_posthoc__tree_group_audit__blend_0.25__cost_1__no_favorable_group,48454,1,BN3-154-E,03_BN3-154-E_comp.jams,411158,4,4,3,4,regression_favored,-0.2092915177345276,-0.2092915177345276,0.46875,True,1
regression_loops_posthoc__tree_group_audit__blend_0.25__cost_1__no_favorable_group,48471,1,BN3-154-E,03_BN3-154-E_comp.jams,508976,1,3,2,2,mixed,-0.20189520716667175,0.036874204874038696,0.41360294117647056,False,0
regression_loops_posthoc__tree_group_audit__blend_0.25__cost_1__no_favorable_group,48484,1,BN3-154-E,03_BN3-154-E_comp.jams,567353,4,4,3,4,regression_favored,-0.16737589240074158,-0.1230168342590332,0.609375,True,1
regression_loops_posthoc__tree_group_audit__blend_0.25__cost_1__no_favorable_group,48534,1,BN3-154-E,03_BN3-154-E_comp.jams,792959,3,4,3,3,mixed,-0.0054555535316467285,0.13789579272270203,0.51,False,0
regression_loops_posthoc__tree_group_audit__blend_0.25__cost_1__no_favorable_group,48556,1,BN3-154-E,03_BN3-154-E_comp.jams,901491,4,4,3,3,mixed,-0.38306230306625366,0.12243807315826416,0.3039772727272727,False,0
regression_loops_posthoc__tree_group_audit__blend_0.25__cost_1__no_favorable_group,48567,1,BN3-154-E,03_BN3-154-E_comp.jams,945682,4,4,2,2,mixed,-0.20598646998405457,0.3178294599056244,0.17134661835748793,False,0
regression_loops_posthoc__tree_group_audit__blend_0.25__cost_1__no_favorable_group,48591,1,BN3-154-E,03_BN3-154-E_comp.jams,1047703,3,2,3,3,mixed,-0.1976996213197708,0.05484694242477417,0.11796875,False,0
regression_loops_posthoc__tree_group_audit__blend_0.25__cost_1__no_favorable_group,49736,1,Funk2-119-G,03_Funk2-119-G_comp.jams,56685,3,4,3,3,mixed,-0.1416408121585846,0.3445378243923187,0.6144850628930818,False,0
regression_loops_posthoc__tree_group_audit__blend_0.25__cost_1__no_favorable_group,49740,1,Funk2-119-G,03_Funk2-119-G_comp.jams,100394,3,4,3,3,mixed,-0.13700705766677856,0.26923078298568726,0.5491929945054945,False,0
regression_loops_posthoc__tree_group_audit__blend_0.25__cost_1__no_favorable_group,49743,1,Funk2-119-G,03_Funk2-119-G_comp.jams,110976,3,3,2,2,mixed,-0.10760869085788727,0.20241212844848633,0.4667207792207792,False,0
regression_loops_posthoc__tree_group_audit__blend_0.25__cost_1__no_favorable_group,49754,1,Funk2-119-G,03_Funk2-119-G_comp.jams,178089,3,2,3,3,mixed,-0.21878108382225037,0.2551724314689636,0.3342548076923077,False,0
regression_loops_posthoc__tree_group_audit__blend_0.25__cost_1__no_favorable_group,49767,1,Funk2-119-G,03_Funk2-119-G_comp.jams,222871,4,4,3,3,mixed,-0.11816823482513428,0.013189047574996948,0.7179445876288659,False,0
regression_loops_posthoc__tree_group_audit__blend_0.25__cost_1__no_favorable_group,49774,1,Funk2-119-G,03_Funk2-119-G_comp.jams,266843,4,4,3,3,mixed,-0.06953254342079163,0.6785714030265808,0.5296285377358491,False,0
regression_loops_posthoc__tree_group_audit__blend_0.25__cost_1__no_favorable_group,49816,1,Funk2-119-G,03_Funk2-119-G_comp.jams,445021,4,4,3,3,mixed,-0.08818680047988892,0.4285714030265808,0.4679144385026738,False,0
regression_loops_posthoc__tree_group_audit__blend_0.25__cost_1__no_favorable_group,49862,1,Funk2-119-G,03_Funk2-119-G_comp.jams,655902,3,2,3,3,mixed,-0.10244289040565491,0.13559690117835999,0.2805232558139535,False,0
regression_loops_posthoc__tree_group_audit__blend_0.25__cost_1__no_favorable_group,49903,1,Funk2-119-G,03_Funk2-119-G_comp.jams,924534,3,2,3,3,mixed,-0.27028653025627136,0.0810546875,0.2578125,False,0
regression_loops_posthoc__tree_group_audit__blend_0.25__cost_1__no_favorable_group,49909,1,Funk2-119-G,03_Funk2-119-G_comp.jams,953081,3,2,3,2,regression_favored,-0.3863636255264282,-0.01568886637687683,0.30709134615384615,True,-1
regression_loops_posthoc__tree_group_audit__blend_0.25__cost_1__no_favorable_group,49913,1,Funk2-119-G,03_Funk2-119-G_comp.jams,976266,2,2,3,2,regression_favored,-0.3616071343421936,-0.06069236993789673,0.34142736486486486,True,1
regression_loops_posthoc__tree_group_audit__blend_0.25__cost_1__no_favorable_group,49925,1,Funk2-119-G,03_Funk2-119-G_comp.jams,1066804,3,3,2,3,regression_favored,-0.03557169437408447,-0.0158730149269104,0.2578125,True,1
regression_loops_posthoc__tree_group_audit__blend_0.25__cost_1__no_favorable_group,49930,1,Funk2-119-G,03_Funk2-119-G_comp.jams,1111001,2,3,2,2,mixed,-0.17625418305397034,0.11529916524887085,0.416015625,False,0
regression_loops_posthoc__tree_group_audit__blend_0.25__cost_1__no_favorable_group,49979,1,Funk2-119-G,03_Funk2-119-G_comp.jams,1262977,2,3,2,2,mixed,-0.07828283309936523,0.1874125897884369,0.45681594488188976,False,0
regression_loops_posthoc__tree_group_audit__blend_0.25__cost_1__no_favorable_group,50025,1,Funk2-119-G,03_Funk2-119-G_comp.jams,1393989,2,3,2,3,regression_favored,-0.3171239495277405,-0.029930323362350464,0.24067540322580644,True,-1
regression_loops_posthoc__tree_group_audit__blend_0.25__cost_1__no_favorable_group,50229,1,Funk3-112-C#,03_Funk3-112-C#_comp.jams,271912,1,3,2,2,mixed,-0.2117357850074768,0.12177987396717072,0.4593978102189781,False,0
regression_loops_posthoc__tree_group_audit__blend_0.25__cost_1__no_favorable_group,50235,1,Funk3-112-C#,03_Funk3-112-C#_comp.jams,283869,3,4,3,3,mixed,-0.1033971905708313,0.08623549342155457,0.7469308035714286,False,0
regression_loops_posthoc__tree_group_audit__blend_0.25__cost_1__no_favorable_group,50249,1,Funk3-112-C#,03_Funk3-112-C#_comp.jams,318459,2,4,2,2,correction_favored,0.07857140898704529,0.24549764394760132,0.1640625,False,0
regression_loops_posthoc__tree_group_audit__blend_0.25__cost_1__no_favorable_group,50261,1,Funk3-112-C#,03_Funk3-112-C#_comp.jams,341990,1,3,2,3,regression_favored,-0.1792420595884323,-0.037428632378578186,0.6959134615384616,True,0
regression_loops_posthoc__tree_group_audit__blend_0.25__cost_1__no_favorable_group,50294,1,Funk3-112-C#,03_Funk3-112-C#_comp.jams,455800,2,3,2,3,regression_favored,-0.1122806966304779,-0.07069852948188782,0.240625,True,-1
regression_loops_posthoc__tree_group_audit__blend_0.25__cost_1__no_favorable_group,50307,1,Funk3-112-C#,03_Funk3-112-C#_comp.jams,508216,0,3,2,2,mixed,-0.1497005969285965,0.14818182587623596,0.5212696335078534,False,0
regression_loops_posthoc__tree_group_audit__blend_0.25__cost_1__no_favorable_group,50349,1,Funk3-112-C#,03_Funk3-112-C#_comp.jams,710144,2,4,2,2,mixed,-0.0490168035030365,0.4694167971611023,0.3912133891213389,False,0
regression_loops_posthoc__tree_group_audit__blend_0.25__cost_1__no_favorable_group,50365,1,Funk3-112-C#,03_Funk3-112-C#_comp.jams,768605,2,2,3,2,regression_favored,-0.23701441287994385,-0.06596249341964722,0.33515625,True,1
regression_loops_posthoc__tree_group_audit__blend_0.25__cost_1__no_favorable_group,50382,1,Funk3-112-C#,03_Funk3-112-C#_comp.jams,851256,2,4,3,3,mixed,-0.3044803738594055,0.6134454011917114,0.4101775956284153,False,0
regression_loops_posthoc__tree_group_audit__blend_0.25__cost_1__no_favorable_group,50395,1,Funk3-112-C#,03_Funk3-112-C#_comp.jams,898712,2,4,2,2,mixed,-0.08376249670982361,0.44864338636398315,0.3213778409090909,False,0
regression_loops_posthoc__tree_group_audit__blend_0.25__cost_1__no_favorable_group,50430,1,Funk3-112-C#,03_Funk3-112-C#_comp.jams,1039491,4,4,3,3,mixed,-0.08064350485801697,0.4153846502304077,0.5224184782608695,False,0
regression_loops_posthoc__tree_group_audit__blend_0.25__cost_1__no_favorable_group,50444,1,Funk3-112-C#,03_Funk3-112-C#_comp.jams,1083275,2,3,2,2,mixed,-0.008077383041381836,0.18216785788536072,0.38885309278350516,False,0
regression_loops_posthoc__tree_group_audit__blend_0.25__cost_1__no_favorable_group,50492,1,Funk3-112-C#,03_Funk3-112-C#_comp.jams,1288846,2,2,3,2,regression_favored,-0.38063907623291016,-0.09214091300964355,0.20572916666666666,True,1
regression_loops_posthoc__tree_group_audit__blend_0.25__cost_1__no_favorable_group,50511,1,Funk3-112-C#,03_Funk3-112-C#_comp.jams,1381913,2,3,4,4,mixed,-0.12399998307228088,0.17878788709640503,0.1841896186440678,False,0
regression_loops_posthoc__tree_group_audit__blend_0.25__cost_1__no_favorable_group,50516,1,Funk3-112-C#,03_Funk3-112-C#_comp.jams,1405982,2,3,4,4,correction_favored,0.008657991886138916,0.2921764850616455,0.22265625,False,0
regression_loops_posthoc__tree_group_audit__blend_0.25__cost_1__no_favorable_group,50689,1,Funk3-112-C#,03_Funk3-112-C#_solo.jams,1417257,1,2,3,2,regression_favored,-0.3095319867134094,-0.3095319867134094,0.34375,True,0
regression_loops_posthoc__tree_group_audit__blend_0.25__cost_1__no_favorable_group,60009,1,SS3-98-C,03_SS3-98-C_comp.jams,13574,2,4,3,3,mixed,-0.23273658752441406,0.10807222127914429,0.38839285714285715,False,0
regression_loops_posthoc__tree_group_audit__blend_0.25__cost_1__no_favorable_group,60035,1,SS3-98-C,03_SS3-98-C_comp.jams,77497,0,3,2,2,correction_favored,0.016678929328918457,0.22937853634357452,0.5619212962962963,False,0
regression_loops_posthoc__tree_group_audit__blend_0.25__cost_1__no_favorable_group,60066,1,SS3-98-C,03_SS3-98-C_comp.jams,143628,3,3,2,2,mixed,-0.07316279411315918,0.059081315994262695,0.5212628865979382,False,0
regression_loops_posthoc__tree_group_audit__blend_0.25__cost_1__no_favorable_group,60086,1,SS3-98-C,03_SS3-98-C_comp.jams,183783,3,4,2,2,mixed,-0.14061394333839417,0.2927400469779968,0.38311011904761905,False,0
regression_loops_posthoc__tree_group_audit__blend_0.25__cost_1__no_favorable_group,60103,1,SS3-98-C,03_SS3-98-C_comp.jams,228976,2,4,2,2,correction_favored,0.1558823585510254,0.3781597912311554,0.17427884615384615,False,0
regression_loops_posthoc__tree_group_audit__blend_0.25__cost_1__no_favorable_group,60128,1,SS3-98-C,03_SS3-98-C_comp.jams,291541,3,4,3,4,regression_favored,-0.12282675504684448,-0.004113525152206421,0.3385416666666667,True,-1
regression_loops_posthoc__tree_group_audit__blend_0.25__cost_1__no_favorable_group,60185,1,SS3-98-C,03_SS3-98-C_comp.jams,413708,2,2,3,3,mixed,-0.061607152223587036,0.1689128577709198,0.1484375,False,0
regression_loops_posthoc__tree_group_audit__blend_0.25__cost_1__no_favorable_group,60187,1,SS3-98-C,03_SS3-98-C_comp.jams,419131,3,4,3,3,mixed,-0.2101130336523056,0.239130437374115,0.3381545608108108,False,0
regression_loops_posthoc__tree_group_audit__blend_0.25__cost_1__no_favorable_group,60206,1,SS3-98-C,03_SS3-98-C_comp.jams,466680,3,3,2,2,mixed,-0.0026141703128814697,0.17500922083854675,0.484375,False,0
regression_loops_posthoc__tree_group_audit__blend_0.25__cost_1__no_favorable_group,60209,1,SS3-98-C,03_SS3-98-C_comp.jams,473062,2,2,3,3,mixed,-0.11250770092010498,0.05142858624458313,0.2552083333333333,False,0
regression_loops_posthoc__tree_group_audit__blend_0.25__cost_1__no_favorable_group,60242,1,SS3-98-C,03_SS3-98-C_comp.jams,552609,2,3,2,2,mixed,-0.11662715673446655,0.1401769518852234,0.4764404296875,False,0
regression_loops_posthoc__tree_group_audit__blend_0.25__cost_1__no_favorable_group,60253,1,SS3-98-C,03_SS3-98-C_comp.jams,573823,3,2,3,3,mixed,-0.10762330889701843,0.16849815845489502,0.1328125,False,0
regression_loops_posthoc__tree_group_audit__blend_0.25__cost_1__no_favorable_group,60254,1,SS3-98-C,03_SS3-98-C_comp.jams,575802,0,2,3,3,mixed,-0.14147982001304626,0.10881543159484863,0.140625,False,0
regression_loops_posthoc__tree_group_audit__blend_0.25__cost_1__no_favorable_group,60256,1,SS3-98-C,03_SS3-98-C_comp.jams,580076,2,4,3,3,mixed,-0.037037044763565063,0.25694912672042847,0.37905844155844154,False,0
regression_loops_posthoc__tree_group_audit__blend_0.25__cost_1__no_favorable_group,60262,1,SS3-98-C,03_SS3-98-C_comp.jams,593053,1,2,3,2,regression_favored,-0.08235365152359009,-0.027823835611343384,0.296875,True,0
regression_loops_posthoc__tree_group_audit__blend_0.25__cost_1__no_favorable_group,60324,1,SS3-98-C,03_SS3-98-C_comp.jams,727753,2,3,2,2,mixed,-0.0788334310054779,0.2801966071128845,0.4293785310734463,False,0
regression_loops_posthoc__tree_group_audit__blend_0.25__cost_1__no_favorable_group,60343,1,SS3-98-C,03_SS3-98-C_comp.jams,769446,3,3,2,3,regression_favored,-0.2595710754394531,-0.07458823919296265,0.24048913043478262,True,1
regression_loops_posthoc__tree_group_audit__blend_0.25__cost_1__no_favorable_group,60352,1,SS3-98-C,03_SS3-98-C_comp.jams,789562,3,3,2,2,mixed,-0.08242367208003998,0.2254117727279663,0.2530757874015748,False,0
regression_loops_posthoc__tree_group_audit__blend_0.25__cost_1__no_favorable_group,60370,1,SS3-98-C,03_SS3-98-C_comp.jams,829641,3,4,2,2,mixed,-0.21133975684642792,0.4315245449542999,0.19578931924882628,False,0
regression_loops_posthoc__tree_group_audit__blend_0.25__cost_1__no_favorable_group,60377,1,SS3-98-C,03_SS3-98-C_comp.jams,843408,1,2,3,3,mixed,-0.1194295883178711,0.26904207468032837,0.16927083333333334,False,0
regression_loops_posthoc__tree_group_audit__blend_0.25__cost_1__no_favorable_group,60392,1,SS3-98-C,03_SS3-98-C_comp.jams,877533,4,3,4,4,mixed,-0.03506019711494446,0.30025893449783325,0.24553571428571427,False,0
regression_loops_posthoc__tree_group_audit__blend_0.25__cost_1__no_favorable_group,60402,1,SS3-98-C,03_SS3-98-C_comp.jams,897095,2,3,2,2,mixed,-0.09142658114433289,0.11839480698108673,0.5744047619047619,False,0
regression_loops_posthoc__tree_group_audit__blend_0.25__cost_1__no_favorable_group,60406,1,SS3-98-C,03_SS3-98-C_comp.jams,905217,2,3,4,4,mixed,-0.14434783160686493,0.1306818127632141,0.33719308035714285,False,0
regression_loops_posthoc__tree_group_audit__blend_0.25__cost_1__no_favorable_group,60427,1,SS3-98-C,03_SS3-98-C_comp.jams,951592,1,3,4,4,correction_favored,0.0047449469566345215,0.24135157465934753,0.31167763157894735,False,0
regression_loops_posthoc__tree_group_audit__blend_0.25__cost_1__no_favorable_group,60428,1,SS3-98-C,03_SS3-98-C_comp.jams,953499,2,3,4,4,mixed,-0.004548758268356323,0.2516869306564331,0.16125,False,0
regression_loops_posthoc__tree_group_audit__blend_0.25__cost_1__no_favorable_group,60435,1,SS3-98-C,03_SS3-98-C_comp.jams,967217,0,3,2,2,mixed,-0.11229294538497925,0.07047146558761597,0.5479254201680672,False,0
regression_loops_posthoc__tree_group_audit__blend_0.25__cost_1__no_favorable_group,60442,1,SS3-98-C,03_SS3-98-C_comp.jams,984365,2,3,2,2,mixed,-0.08221118152141571,0.11813187599182129,0.4916834677419355,False,0
regression_loops_posthoc__tree_group_audit__blend_0.25__cost_1__no_favorable_group,60443,1,SS3-98-C,03_SS3-98-C_comp.jams,986573,3,4,2,2,mixed,-0.179406076669693,0.38449612259864807,0.14888649425287356,False,0
regression_loops_posthoc__tree_group_audit__blend_0.25__cost_1__no_favorable_group,60473,1,SS3-98-C,03_SS3-98-C_comp.jams,1060828,2,3,2,2,mixed,-0.03972497582435608,0.21932773292064667,0.277551775147929,False,0
regression_loops_posthoc__tree_group_audit__blend_0.25__cost_1__no_favorable_group,60514,1,SS3-98-C,03_SS3-98-C_comp.jams,1168999,2,3,4,4,mixed,-0.140382319688797,0.103515625,0.18359375,False,0
regression_loops_posthoc__tree_group_audit__blend_0.25__cost_1__no_favorable_group,60544,1,SS3-98-C,03_SS3-98-C_comp.jams,1243332,3,4,3,3,mixed,-0.060699284076690674,0.232827827334404,0.14583333333333334,False,0
regression_loops_posthoc__tree_group_audit__blend_0.25__cost_1__no_favorable_group,60551,1,SS3-98-C,03_SS3-98-C_comp.jams,1257706,3,2,3,3,mixed,-0.17011277377605438,0.23333334922790527,0.14309210526315788,False,0
regression_loops_posthoc__tree_group_audit__blend_0.25__cost_1__no_favorable_group,60564,1,SS3-98-C,03_SS3-98-C_comp.jams,1297268,2,4,3,3,mixed,-0.16624042391777039,0.06554308533668518,0.3958333333333333,False,0
regression_loops_posthoc__tree_group_audit__blend_0.25__cost_1__no_favorable_group,60584,1,SS3-98-C,03_SS3-98-C_comp.jams,1349453,2,4,2,2,correction_favored,0.10256411135196686,0.47930285334587097,0.20819444444444443,False,0
regression_loops_posthoc__tree_group_audit__blend_0.25__cost_1__no_favorable_group,60610,1,SS3-98-C,03_SS3-98-C_comp.jams,1418892,2,3,2,2,mixed,-0.1605088859796524,0.08599066734313965,0.3,False,0
regression_loops_posthoc__tree_group_audit__blend_0.25__cost_1__no_favorable_group,60615,1,SS3-98-C,03_SS3-98-C_comp.jams,1428469,0,3,2,2,mixed,-0.08080807328224182,0.2023928314447403,0.627428756476684,False,0
regression_loops_posthoc__tree_group_audit__blend_0.25__cost_1__no_favorable_group,60623,1,SS3-98-C,03_SS3-98-C_comp.jams,1444153,3,3,5,5,correction_favored,0.10606060922145844,0.2690909206867218,0.15625,False,0
regression_loops_posthoc__tree_group_audit__blend_0.25__cost_1__no_favorable_group,60641,1,SS3-98-C,03_SS3-98-C_comp.jams,1479853,2,3,2,2,mixed,-0.07054710388183594,0.1663603037595749,0.42728838582677164,False,0
regression_loops_posthoc__tree_group_audit__blend_0.25__cost_1__no_favorable_group,60648,1,SS3-98-C,03_SS3-98-C_comp.jams,1493205,2,3,4,4,correction_favored,0.15776868164539337,0.32952380180358887,0.27395833333333336,False,0
regression_loops_posthoc__tree_group_audit__blend_0.25__cost_1__no_favorable_group,60676,1,SS3-98-C,03_SS3-98-C_comp.jams,1564984,2,3,4,4,mixed,-0.06685307621955872,0.2976190447807312,0.26329495614035087,False,0
regression_loops_posthoc__tree_group_audit__blend_0.25__cost_1__no_favorable_group,60701,1,SS3-98-C,03_SS3-98-C_comp.jams,1632922,3,2,3,3,mixed,-0.14147983491420746,0.17252089083194733,0.16370192307692308,False,0
regression_loops_posthoc__tree_group_audit__blend_0.25__cost_1__no_favorable_group,60712,1,SS3-98-C,03_SS3-98-C_comp.jams,1654448,3,4,3,4,regression_favored,-0.17869062721729279,-0.17869062721729279,0.40625,True,-1
regression_loops_posthoc__tree_group_audit__blend_0.25__cost_1__no_favorable_group,60729,1,SS3-98-C,03_SS3-98-C_comp.jams,1688044,1,3,2,2,mixed,-0.13540063798427582,0.18191488087177277,0.4094387755102041,False,0
regression_loops_posthoc__tree_group_audit__blend_0.25__cost_1__no_favorable_group,60734,1,SS3-98-C,03_SS3-98-C_comp.jams,1697675,2,3,2,2,mixed,-0.17469708621501923,0.1066666692495346,0.512396694214876,False,0
regression_loops_posthoc__tree_group_audit__blend_0.25__cost_1__no_favorable_group,60741,1,SS3-98-C,03_SS3-98-C_comp.jams,1712973,2,3,2,2,mixed,-0.12012012302875519,0.08290818333625793,0.3793478260869565,False,0
regression_loops_posthoc__tree_group_audit__blend_0.25__cost_1__no_favorable_group,61681,1,BN3-154-E,04_BN3-154-E_comp.jams,1800,0,2,3,2,regression_favored,-0.20540155470371246,-0.1225806474685669,0.1484375,True,0
regression_loops_posthoc__tree_group_audit__blend_0.25__cost_1__no_favorable_group,61700,1,BN3-154-E,04_BN3-154-E_comp.jams,59914,4,4,3,3,mixed,-0.030653804540634155,0.09244295954704285,0.31893382352941174,False,0
regression_loops_posthoc__tree_group_audit__blend_0.25__cost_1__no_favorable_group,61709,1,BN3-154-E,04_BN3-154-E_comp.jams,78252,3,3,2,2,mixed,-0.020232468843460083,0.6000000238418579,0.5447789634146342,False,0
regression_loops_posthoc__tree_group_audit__blend_0.25__cost_1__no_favorable_group,61717,1,BN3-154-E,04_BN3-154-E_comp.jams,121031,2,4,3,3,mixed,-0.22041994333267212,0.11424288153648376,0.2505787037037037,False,0
regression_loops_posthoc__tree_group_audit__blend_0.25__cost_1__no_favorable_group,61725,1,BN3-154-E,04_BN3-154-E_comp.jams,155603,3,4,3,3,mixed,-0.09639698266983032,0.10819670557975769,0.491796875,False,0
regression_loops_posthoc__tree_group_audit__blend_0.25__cost_1__no_favorable_group,61748,1,BN3-154-E,04_BN3-154-E_comp.jams,215701,3,3,2,2,mixed,-0.22665026783943176,0.2350427508354187,0.46282327586206895,False,0
regression_loops_posthoc__tree_group_audit__blend_0.25__cost_1__no_favorable_group,61765,1,BN3-154-E,04_BN3-154-E_comp.jams,292950,1,4,2,2,mixed,-0.06569115817546844,0.29206350445747375,0.25179425837320574,False,0
regression_loops_posthoc__tree_group_audit__blend_0.25__cost_1__no_favorable_group,61792,1,BN3-154-E,04_BN3-154-E_comp.jams,377830,0,3,2,2,mixed,-0.12487256526947021,0.09073531627655029,0.14738175675675674,False,0
regression_loops_posthoc__tree_group_audit__blend_0.25__cost_1__no_favorable_group,61803,1,BN3-154-E,04_BN3-154-E_comp.jams,429212,1,3,2,3,regression_favored,-0.27748343348503113,-0.02895238995552063,0.284375,True,0
regression_loops_posthoc__tree_group_audit__blend_0.25__cost_1__no_favorable_group,61820,1,BN3-154-E,04_BN3-154-E_comp.jams,496355,0,3,2,2,mixed,-0.04855071008205414,0.3352002799510956,0.24116071428571428,False,0
regression_loops_posthoc__tree_group_audit__blend_0.25__cost_1__no_favorable_group,61846,1,BN3-154-E,04_BN3-154-E_comp.jams,593951,0,2,3,3,mixed,-0.16309754550457,0.1601809859275818,0.121875,False,0
regression_loops_posthoc__tree_group_audit__blend_0.25__cost_1__no_favorable_group,61893,1,BN3-154-E,04_BN3-154-E_comp.jams,765308,1,4,3,3,mixed,-0.305757075548172,0.2053682804107666,0.3819444444444444,False,0
regression_loops_posthoc__tree_group_audit__blend_0.25__cost_1__no_favorable_group,61900,1,BN3-154-E,04_BN3-154-E_comp.jams,791320,0,3,2,2,mixed,-0.14549019932746887,0.1773483008146286,0.34795258620689656,False,0
regression_loops_posthoc__tree_group_audit__blend_0.25__cost_1__no_favorable_group,61914,1,BN3-154-E,04_BN3-154-E_comp.jams,869515,0,3,2,3,regression_favored,-0.3207508325576782,-0.11054128408432007,0.2936046511627907,True,0
regression_loops_posthoc__tree_group_audit__blend_0.25__cost_1__no_favorable_group,61919,1,BN3-154-E,04_BN3-154-E_comp.jams,902168,1,3,2,2,mixed,-0.18583914637565613,0.026720643043518066,0.46720157657657657,False,0
regression_loops_posthoc__tree_group_audit__blend_0.25__cost_1__no_favorable_group,61951,1,BN3-154-E,04_BN3-154-E_comp.jams,1038596,1,4,3,3,mixed,-0.017373859882354736,0.11885470151901245,0.52734375,False,0
regression_loops_posthoc__tree_group_audit__blend_0.25__cost_1__no_favorable_group,63173,1,Funk2-119-G,04_Funk2-119-G_comp.jams,56929,1,2,3,2,regression_favored,-0.2553064227104187,-0.06989246606826782,0.01953125,True,0
regression_loops_posthoc__tree_group_audit__blend_0.25__cost_1__no_favorable_group,63184,1,Funk2-119-G,04_Funk2-119-G_comp.jams,106644,2,3,2,2,mixed,-0.25592097640037537,0.09647059440612793,0.5572916666666666,False,0
regression_loops_posthoc__tree_group_audit__blend_0.25__cost_1__no_favorable_group,63197,1,Funk2-119-G,04_Funk2-119-G_comp.jams,156042,3,4,3,3,mixed,-0.05116280913352966,0.6043956279754639,0.49494263285024154,False,0
regression_loops_posthoc__tree_group_audit__blend_0.25__cost_1__no_favorable_group,63211,1,Funk2-119-G,04_Funk2-119-G_comp.jams,195953,3,4,3,3,mixed,-0.07692307233810425,0.6930946707725525,0.44557669082125606,False,0
regression_loops_posthoc__tree_group_audit__blend_0.25__cost_1__no_favorable_group,63213,1,Funk2-119-G,04_Funk2-119-G_comp.jams,211604,4,4,3,3,mixed,-0.14873471856117249,0.05835920572280884,0.5130413385826772,False,0
regression_loops_posthoc__tree_group_audit__blend_0.25__cost_1__no_favorable_group,63221,1,Funk2-119-G,04_Funk2-119-G_comp.jams,234109,2,4,3,3,mixed,-0.05535608530044556,0.23680239915847778,0.6175820707070707,False,0
regression_loops_posthoc__tree_group_audit__blend_0.25__cost_1__no_favorable_group,63232,1,Funk2-119-G,04_Funk2-119-G_comp.jams,300187,4,4,3,4,regression_favored,-0.2665071487426758,-0.08857810497283936,0.64892578125,True,1
regression_loops_posthoc__tree_group_audit__blend_0.25__cost_1__no_favorable_group,63242,1,Funk2-119-G,04_Funk2-119-G_comp.jams,341491,2,3,2,2,mixed,-0.15521080791950226,0.17267552018165588,0.6208923969072165,False,0
regression_loops_posthoc__tree_group_audit__blend_0.25__cost_1__no_favorable_group,63266,1,Funk2-119-G,04_Funk2-119-G_comp.jams,429335,2,2,3,3,mixed,-0.00027933716773986816,0.3219626843929291,0.16145833333333334,False,0
regression_loops_posthoc__tree_group_audit__blend_0.25__cost_1__no_favorable_group,63270,1,Funk2-119-G,04_Funk2-119-G_comp.jams,445683,2,3,2,3,regression_favored,-0.10055491328239441,-0.011648237705230713,0.265625,True,-1
regression_loops_posthoc__tree_group_audit__blend_0.25__cost_1__no_favorable_group,63278,1,Funk2-119-G,04_Funk2-119-G_comp.jams,462249,2,2,3,3,mixed,-0.08336097002029419,0.16899767518043518,0.35446428571428573,False,0
regression_loops_posthoc__tree_group_audit__blend_0.25__cost_1__no_favorable_group,63282,1,Funk2-119-G,04_Funk2-119-G_comp.jams,478261,3,3,4,4,correction_favored,0.11585608124732971,0.3197568356990814,0.30859375,False,0
regression_loops_posthoc__tree_group_audit__blend_0.25__cost_1__no_favorable_group,63302,1,Funk2-119-G,04_Funk2-119-G_comp.jams,545582,3,3,4,4,mixed,-0.0476190447807312,0.1504424810409546,0.32559121621621623,False,0
regression_loops_posthoc__tree_group_audit__blend_0.25__cost_1__no_favorable_group,63310,1,Funk2-119-G,04_Funk2-119-G_comp.jams,564084,3,4,3,3,mixed,-0.11227291822433472,0.04379463195800781,0.409375,False,0
regression_loops_posthoc__tree_group_audit__blend_0.25__cost_1__no_favorable_group,63314,1,Funk2-119-G,04_Funk2-119-G_comp.jams,579031,4,3,4,4,mixed,-0.05764967203140259,0.2606974244117737,0.4339139344262295,False,0
regression_loops_posthoc__tree_group_audit__blend_0.25__cost_1__no_favorable_group,63324,1,Funk2-119-G,04_Funk2-119-G_comp.jams,611326,3,2,3,3,mixed,-0.18230625987052917,0.15959253907203674,0.4650297619047619,False,0
regression_loops_posthoc__tree_group_audit__blend_0.25__cost_1__no_favorable_group,63327,1,Funk2-119-G,04_Funk2-119-G_comp.jams,618742,1,3,2,2,mixed,-0.19174230098724365,0.1331683099269867,0.49595771144278605,False,0
regression_loops_posthoc__tree_group_audit__blend_0.25__cost_1__no_favorable_group,63342,1,Funk2-119-G,04_Funk2-119-G_comp.jams,684892,3,2,3,3,mixed,-0.09550410509109497,0.060869574546813965,0.15364583333333334,False,0
regression_loops_posthoc__tree_group_audit__blend_0.25__cost_1__no_favorable_group,63393,1,Funk2-119-G,04_Funk2-119-G_comp.jams,900808,2,3,2,3,regression_favored,-0.22671352326869965,-0.013467997312545776,0.28854166666666664,True,-1
regression_loops_posthoc__tree_group_audit__blend_0.25__cost_1__no_favorable_group,63405,1,Funk2-119-G,04_Funk2-119-G_comp.jams,967077,3,3,4,4,mixed,-0.0238095223903656,0.2427884340286255,0.36134350393700787,False,0
regression_loops_posthoc__tree_group_audit__blend_0.25__cost_1__no_favorable_group,63414,1,Funk2-119-G,04_Funk2-119-G_comp.jams,985949,3,2,3,3,mixed,-0.1592019498348236,0.10408434271812439,0.19970703125,False,0
regression_loops_posthoc__tree_group_audit__blend_0.25__cost_1__no_favorable_group,63421,1,Funk2-119-G,04_Funk2-119-G_comp.jams,1022538,4,4,3,3,mixed,-0.1416407823562622,0.17761194705963135,0.7389823717948718,False,0
regression_loops_posthoc__tree_group_audit__blend_0.25__cost_1__no_favorable_group,63435,1,Funk2-119-G,04_Funk2-119-G_comp.jams,1088463,2,3,2,2,mixed,-0.09447413682937622,0.11874833703041077,0.5630165289256198,False,0
regression_loops_posthoc__tree_group_audit__blend_0.25__cost_1__no_favorable_group,63436,1,Funk2-119-G,04_Funk2-119-G_comp.jams,1090267,2,3,2,3,regression_favored,-0.045705199241638184,-0.045705199241638184,0.453125,True,-1
regression_loops_posthoc__tree_group_audit__blend_0.25__cost_1__no_favorable_group,63438,1,Funk2-119-G,04_Funk2-119-G_comp.jams,1094685,0,3,2,2,mixed,-0.06506884098052979,0.18233619630336761,0.5793783422459893,False,0
regression_loops_posthoc__tree_group_audit__blend_0.25__cost_1__no_favorable_group,63475,1,Funk2-119-G,04_Funk2-119-G_comp.jams,1200649,3,3,4,4,mixed,-0.0904255211353302,0.16399362683296204,0.24155405405405406,False,0
regression_loops_posthoc__tree_group_audit__blend_0.25__cost_1__no_favorable_group,63488,1,Funk2-119-G,04_Funk2-119-G_comp.jams,1228908,3,2,3,3,mixed,-0.1796875,0.15196079015731812,0.391845703125,False,0
regression_loops_posthoc__tree_group_audit__blend_0.25__cost_1__no_favorable_group,63493,1,Funk2-119-G,04_Funk2-119-G_comp.jams,1244719,2,3,2,2,mixed,-0.3397778868675232,0.0013053417205810547,0.32864583333333336,False,0
regression_loops_posthoc__tree_group_audit__blend_0.25__cost_1__no_favorable_group,63496,1,Funk2-119-G,04_Funk2-119-G_comp.jams,1251602,1,2,3,2,regression_favored,-0.2101290374994278,-0.2101290374994278,0.515625,True,0
regression_loops_posthoc__tree_group_audit__blend_0.25__cost_1__no_favorable_group,63498,1,Funk2-119-G,04_Funk2-119-G_comp.jams,1262265,3,3,2,3,regression_favored,-0.1958884745836258,-0.006383955478668213,0.336376404494382,True,1
regression_loops_posthoc__tree_group_audit__blend_0.25__cost_1__no_favorable_group,63501,1,Funk2-119-G,04_Funk2-119-G_comp.jams,1277752,3,3,4,4,mixed,-0.10999998450279236,0.16223403811454773,0.22038246268656717,False,0
regression_loops_posthoc__tree_group_audit__blend_0.25__cost_1__no_favorable_group,63527,1,Funk2-119-G,04_Funk2-119-G_comp.jams,1353590,3,3,2,3,regression_favored,-0.1695891171693802,-0.015896350145339966,0.6495833333333333,True,1
regression_loops_posthoc__tree_group_audit__blend_0.25__cost_1__no_favorable_group,63530,1,Funk2-119-G,04_Funk2-119-G_comp.jams,1368178,4,3,4,3,regression_favored,-0.0932539701461792,-0.0932539701461792,0.1875,True,-1
regression_loops_posthoc__tree_group_audit__blend_0.25__cost_1__no_favorable_group,63532,1,Funk2-119-G,04_Funk2-119-G_comp.jams,1376004,1,3,2,2,correction_favored,0.08691728115081787,0.24610590934753418,0.5628324468085106,False,0
regression_loops_posthoc__tree_group_audit__blend_0.25__cost_1__no_favorable_group,63533,1,Funk2-119-G,04_Funk2-119-G_comp.jams,1378432,2,2,3,3,mixed,-0.248195081949234,0.2298329621553421,0.2106331168831169,False,0
regression_loops_posthoc__tree_group_audit__blend_0.25__cost_1__no_favorable_group,63778,1,Funk3-112-C#,04_Funk3-112-C#_comp.jams,53864,3,4,3,3,correction_favored,0.055370211601257324,0.3694852888584137,0.5713098404255319,False,0
regression_loops_posthoc__tree_group_audit__blend_0.25__cost_1__no_favorable_group,63785,1,Funk3-112-C#,04_Funk3-112-C#_comp.jams,83006,3,4,3,3,mixed,-0.12811779975891113,0.3857142925262451,0.5279657643312102,False,0
regression_loops_posthoc__tree_group_audit__blend_0.25__cost_1__no_favorable_group,63806,1,Funk3-112-C#,04_Funk3-112-C#_comp.jams,167460,3,3,5,5,correction_favored,0.18390803039073944,0.18390803039073944,0.234375,False,0
regression_loops_posthoc__tree_group_audit__blend_0.25__cost_1__no_favorable_group,63809,1,Funk3-112-C#,04_Funk3-112-C#_comp.jams,173879,2,3,2,3,regression_favored,-0.08969825506210327,-0.006881996989250183,0.6755275974025974,True,-1
regression_loops_posthoc__tree_group_audit__blend_0.25__cost_1__no_favorable_group,63824,1,Funk3-112-C#,04_Funk3-112-C#_comp.jams,225025,4,4,3,3,mixed,-0.19147279858589172,0.10200604796409607,0.33875,False,0
regression_loops_posthoc__tree_group_audit__blend_0.25__cost_1__no_favorable_group,63833,1,Funk3-112-C#,04_Funk3-112-C#_comp.jams,244436,3,2,3,2,regression_favored,-0.18566307425498962,-0.0313018262386322,0.162109375,True,-1
regression_loops_posthoc__tree_group_audit__blend_0.25__cost_1__no_favorable_group,63851,1,Funk3-112-C#,04_Funk3-112-C#_comp.jams,319906,3,2,3,2,regression_favored,-0.4154292643070221,-0.0353335440158844,0.390380859375,True,-1
regression_loops_posthoc__tree_group_audit__blend_0.25__cost_1__no_favorable_group,63853,1,Funk3-112-C#,04_Funk3-112-C#_comp.jams,327974,2,3,2,2,mixed,-0.18496884405612946,0.21249999105930328,0.6200420673076923,False,0
regression_loops_posthoc__tree_group_audit__blend_0.25__cost_1__no_favorable_group,63854,1,Funk3-112-C#,04_Funk3-112-C#_comp.jams,342293,4,4,3,3,mixed,-0.1903914511203766,0.36000001430511475,0.47597543352601157,False,0
regression_loops_posthoc__tree_group_audit__blend_0.25__cost_1__no_favorable_group,63877,1,Funk3-112-C#,04_Funk3-112-C#_comp.jams,413810,4,3,4,4,mixed,-0.10409992933273315,0.28183919191360474,0.39493110236220474,False,0
regression_loops_posthoc__tree_group_audit__blend_0.25__cost_1__no_favorable_group,63890,1,Funk3-112-C#,04_Funk3-112-C#_comp.jams,449820,4,3,4,4,mixed,-0.07892978191375732,0.20710060000419617,0.4474321705426357,False,0
regression_loops_posthoc__tree_group_audit__blend_0.25__cost_1__no_favorable_group,63897,1,Funk3-112-C#,04_Funk3-112-C#_comp.jams,472729,4,4,3,3,mixed,-0.21130506694316864,0.034523338079452515,0.5551892201834863,False,0
regression_loops_posthoc__tree_group_audit__blend_0.25__cost_1__no_favorable_group,63910,1,Funk3-112-C#,04_Funk3-112-C#_comp.jams,508259,4,2,3,2,regression_favored,-0.14892612397670746,-0.08452951908111572,0.109375,True,0
regression_loops_posthoc__tree_group_audit__blend_0.25__cost_1__no_favorable_group,63924,1,Funk3-112-C#,04_Funk3-112-C#_comp.jams,544146,2,2,3,3,mixed,-0.05989769101142883,0.16360226273536682,0.3497314453125,False,0
regression_loops_posthoc__tree_group_audit__blend_0.25__cost_1__no_favorable_group,63927,1,Funk3-112-C#,04_Funk3-112-C#_comp.jams,550210,2,4,3,3,correction_favored,0.05759337544441223,0.1901361048221588,0.4088541666666667,False,0
regression_loops_posthoc__tree_group_audit__blend_0.25__cost_1__no_favorable_group,63930,1,Funk3-112-C#,04_Funk3-112-C#_comp.jams,566779,4,4,3,3,mixed,-0.1027098000049591,0.2008674144744873,0.44007120253164556,False,0
regression_loops_posthoc__tree_group_audit__blend_0.25__cost_1__no_favorable_group,63940,1,Funk3-112-C#,04_Funk3-112-C#_comp.jams,586396,3,3,2,2,mixed,-0.077251136302948,0.021406397223472595,0.541875,False,0
regression_loops_posthoc__tree_group_audit__blend_0.25__cost_1__no_favorable_group,63943,1,Funk3-112-C#,04_Funk3-112-C#_comp.jams,603064,3,4,3,3,mixed,-0.14854931831359863,0.22429324686527252,0.3477359693877551,False,0
regression_loops_posthoc__tree_group_audit__blend_0.25__cost_1__no_favorable_group,63957,1,Funk3-112-C#,04_Funk3-112-C#_comp.jams,637665,2,2,3,3,mixed,-0.10096067190170288,0.06632256507873535,0.13898026315789475,False,0
regression_loops_posthoc__tree_group_audit__blend_0.25__cost_1__no_favorable_group,63958,1,Funk3-112-C#,04_Funk3-112-C#_comp.jams,639499,3,2,3,3,mixed,-0.12897896766662598,0.1343396008014679,0.27393353174603174,False,0
regression_loops_posthoc__tree_group_audit__blend_0.25__cost_1__no_favorable_group,63961,1,Funk3-112-C#,04_Funk3-112-C#_comp.jams,645612,2,3,2,2,mixed,-0.08252197504043579,0.031383395195007324,0.6653125,False,0
regression_loops_posthoc__tree_group_audit__blend_0.25__cost_1__no_favorable_group,63963,1,Funk3-112-C#,04_Funk3-112-C#_comp.jams,651079,2,3,2,2,mixed,-0.07043477892875671,0.054265230894088745,0.5758522727272727,False,0
regression_loops_posthoc__tree_group_audit__blend_0.25__cost_1__no_favorable_group,63975,1,Funk3-112-C#,04_Funk3-112-C#_comp.jams,679995,1,3,2,2,correction_favored,0.05330151319503784,0.22304478287696838,0.3064236111111111,False,0
regression_loops_posthoc__tree_group_audit__blend_0.25__cost_1__no_favorable_group,63981,1,Funk3-112-C#,04_Funk3-112-C#_comp.jams,697211,3,3,4,4,mixed,-0.20299524068832397,0.15026456117630005,0.218875,False,0
regression_loops_posthoc__tree_group_audit__blend_0.25__cost_1__no_favorable_group,64048,1,Funk3-112-C#,04_Funk3-112-C#_comp.jams,904695,2,4,2,2,mixed,-0.030084475874900818,0.07671958208084106,0.15625,False,0
regression_loops_posthoc__tree_group_audit__blend_0.25__cost_1__no_favorable_group,64059,1,Funk3-112-C#,04_Funk3-112-C#_comp.jams,934344,2,3,2,3,regression_favored,-0.10876226425170898,-0.008501291275024414,0.5955882352941176,True,-1
regression_loops_posthoc__tree_group_audit__blend_0.25__cost_1__no_favorable_group,64087,1,Funk3-112-C#,04_Funk3-112-C#_comp.jams,1016120,3,3,4,4,correction_favored,0.005986034870147705,0.2717652916908264,0.3563508064516129,False,0
regression_loops_posthoc__tree_group_audit__blend_0.25__cost_1__no_favorable_group,64104,1,Funk3-112-C#,04_Funk3-112-C#_comp.jams,1075632,3,3,4,4,mixed,-0.015837103128433228,0.22100123763084412,0.09405048076923077,False,0
regression_loops_posthoc__tree_group_audit__blend_0.25__cost_1__no_favorable_group,64165,1,Funk3-112-C#,04_Funk3-112-C#_comp.jams,1246616,1,3,2,2,mixed,-0.012387603521347046,0.26401984691619873,0.24932065217391305,False,0
regression_loops_posthoc__tree_group_audit__blend_0.25__cost_1__no_favorable_group,64180,1,Funk3-112-C#,04_Funk3-112-C#_comp.jams,1282499,2,4,3,3,correction_favored,0.08933115005493164,0.24818402528762817,0.6260416666666667,False,0
regression_loops_posthoc__tree_group_audit__blend_0.25__cost_1__no_favorable_group,64185,1,Funk3-112-C#,04_Funk3-112-C#_comp.jams,1298220,2,4,2,2,mixed,-0.1428571343421936,0.3698781728744507,0.2580378605769231,False,0
regression_loops_posthoc__tree_group_audit__blend_0.25__cost_1__no_favorable_group,64189,1,Funk3-112-C#,04_Funk3-112-C#_comp.jams,1306503,3,4,3,3,mixed,-0.04449421167373657,0.4272727072238922,0.4096765350877193,False,0
regression_loops_posthoc__tree_group_audit__blend_0.25__cost_1__no_favorable_group,64193,1,Funk3-112-C#,04_Funk3-112-C#_comp.jams,1323192,5,3,4,4,correction_favored,0.06259158253669739,0.2824651598930359,0.3046875,False,0
regression_loops_posthoc__tree_group_audit__blend_0.25__cost_1__no_favorable_group,64207,1,Funk3-112-C#,04_Funk3-112-C#_comp.jams,1358809,4,4,3,3,mixed,-0.12186381220817566,0.1427009105682373,0.4508568548387097,False,0
regression_loops_posthoc__tree_group_audit__blend_0.25__cost_1__no_favorable_group,73856,1,SS3-98-C,04_SS3-98-C_comp.jams,26125,1,3,2,2,mixed,-0.2610229253768921,0.17499999701976776,0.5691840277777778,False,0
regression_loops_posthoc__tree_group_audit__blend_0.25__cost_1__no_favorable_group,73904,1,SS3-98-C,04_SS3-98-C_comp.jams,162399,2,4,3,3,mixed,-0.11334612965583801,0.18888887763023376,0.32723214285714286,False,0
regression_loops_posthoc__tree_group_audit__blend_0.25__cost_1__no_favorable_group,73920,1,SS3-98-C,04_SS3-98-C_comp.jams,216538,4,2,3,3,mixed,-0.29548943042755127,0.15384617447853088,0.2974826388888889,False,0
regression_loops_posthoc__tree_group_audit__blend_0.25__cost_1__no_favorable_group,73927,1,SS3-98-C,04_SS3-98-C_comp.jams,232802,1,3,2,2,mixed,-0.11051271855831146,0.1603078544139862,0.4808282208588957,False,0
regression_loops_posthoc__tree_group_audit__blend_0.25__cost_1__no_favorable_group,73935,1,SS3-98-C,04_SS3-98-C_comp.jams,252604,1,3,2,2,mixed,-0.09135076403617859,0.14035089313983917,0.32615649606299213,False,0
regression_loops_posthoc__tree_group_audit__blend_0.25__cost_1__no_favorable_group,73965,1,SS3-98-C,04_SS3-98-C_comp.jams,345571,1,3,2,2,mixed,-0.13221463561058044,0.5,0.5657351321585903,False,0
regression_loops_posthoc__tree_group_audit__blend_0.25__cost_1__no_favorable_group,74101,1,SS3-98-C,04_SS3-98-C_comp.jams,755725,2,2,3,2,regression_favored,-0.3384615182876587,-0.12730872631072998,0.24698464912280702,True,1
regression_loops_posthoc__tree_group_audit__blend_0.25__cost_1__no_favorable_group,74118,1,SS3-98-C,04_SS3-98-C_comp.jams,810607,2,2,3,2,regression_favored,-0.2520295977592468,-0.04564565420150757,0.3541666666666667,True,1
regression_loops_posthoc__tree_group_audit__blend_0.25__cost_1__no_favorable_group,74139,1,SS3-98-C,04_SS3-98-C_comp.jams,878168,1,2,3,2,regression_favored,-0.4018435776233673,-0.13989247381687164,0.346875,True,0
regression_loops_posthoc__tree_group_audit__blend_0.25__cost_1__no_favorable_group,74187,1,SS3-98-C,04_SS3-98-C_comp.jams,998606,1,3,2,2,mixed,-0.3049623370170593,0.19280874729156494,0.5652111872146118,False,0
regression_loops_posthoc__tree_group_audit__blend_0.25__cost_1__no_favorable_group,74232,1,SS3-98-C,04_SS3-98-C_comp.jams,1134289,3,2,3,2,regression_favored,-0.29040804505348206,-0.0637495219707489,0.5180921052631579,True,-1
regression_loops_posthoc__tree_group_audit__blend_0.25__cost_1__no_favorable_group,74238,1,SS3-98-C,04_SS3-98-C_comp.jams,1147033,1,3,2,3,regression_favored,-0.21496492624282837,-0.06302690505981445,0.5714285714285714,True,0
regression_loops_posthoc__tree_group_audit__blend_0.25__cost_1__no_favorable_group,74250,1,SS3-98-C,04_SS3-98-C_comp.jams,1188234,3,2,3,2,regression_favored,-0.3266468048095703,-0.019003748893737793,0.34111842105263157,True,-1
regression_loops_posthoc__tree_group_audit__blend_0.25__cost_1__no_favorable_group,74254,1,SS3-98-C,04_SS3-98-C_comp.jams,1209450,1,3,2,3,regression_favored,-0.31169915199279785,0.0,0.5600863821138211,True,0
regression_loops_posthoc__tree_group_audit__blend_0.25__cost_1__no_favorable_group,74337,1,SS3-98-C,04_SS3-98-C_comp.jams,1458577,3,4,2,2,mixed,-0.01532679796218872,0.4833333492279053,0.3810763888888889,False,0
regression_loops_posthoc__tree_group_audit__blend_0.25__cost_1__no_favorable_group,74387,1,SS3-98-C,04_SS3-98-C_comp.jams,1606684,1,3,2,2,mixed,-0.16356198489665985,0.22580644488334656,0.5959629828326181,False,0
regression_loops_posthoc__tree_group_audit__blend_0.25__cost_1__no_favorable_group,74390,1,SS3-98-C,04_SS3-98-C_comp.jams,1621536,2,3,4,4,mixed,-0.03125,0.26796281337738037,0.16155133928571427,False,0
regression_loops_posthoc__tree_group_audit__blend_0.25__cost_1__no_favorable_group,1724,2,Funk1-114-Ab,00_Funk1-114-Ab_comp.jams,13221,3,2,3,3,mixed,-0.10664555430412292,0.267839252948761,0.3428485576923077,False,0
regression_loops_posthoc__tree_group_audit__blend_0.25__cost_1__no_favorable_group,1729,2,Funk1-114-Ab,00_Funk1-114-Ab_comp.jams,48906,3,2,3,3,mixed,-0.2531452178955078,0.026102721691131592,0.34698275862068967,False,0
regression_loops_posthoc__tree_group_audit__blend_0.25__cost_1__no_favorable_group,1760,2,Funk1-114-Ab,00_Funk1-114-Ab_comp.jams,152765,0,3,2,2,correction_favored,0.13092979788780212,0.3606302738189697,0.6549613402061856,False,0
regression_loops_posthoc__tree_group_audit__blend_0.25__cost_1__no_favorable_group,1847,2,Funk1-114-Ab,00_Funk1-114-Ab_comp.jams,383865,1,3,2,2,mixed,-0.052584439516067505,0.2397846132516861,0.21649305555555556,False,0
regression_loops_posthoc__tree_group_audit__blend_0.25__cost_1__no_favorable_group,1866,2,Funk1-114-Ab,00_Funk1-114-Ab_comp.jams,451648,4,2,3,3,mixed,-0.027739256620407104,0.376437783241272,0.4324557086614173,False,0
regression_loops_posthoc__tree_group_audit__blend_0.25__cost_1__no_favorable_group,1901,2,Funk1-114-Ab,00_Funk1-114-Ab_comp.jams,637811,2,3,2,2,mixed,-0.22764605283737183,0.015058815479278564,0.210625,False,0
regression_loops_posthoc__tree_group_audit__blend_0.25__cost_1__no_favorable_group,1924,2,Funk1-114-Ab,00_Funk1-114-Ab_comp.jams,719574,2,3,2,2,correction_favored,0.06345885992050171,0.09679633378982544,0.4375,False,0
regression_loops_posthoc__tree_group_audit__blend_0.25__cost_1__no_favorable_group,1941,2,Funk1-114-Ab,00_Funk1-114-Ab_comp.jams,784616,4,3,2,2,mixed,-0.010141074657440186,0.2799227833747864,0.32980150214592274,False,0
regression_loops_posthoc__tree_group_audit__blend_0.25__cost_1__no_favorable_group,1944,2,Funk1-114-Ab,00_Funk1-114-Ab_comp.jams,794778,1,4,2,2,mixed,-0.021072804927825928,0.30519479513168335,0.32784722222222223,False,0
regression_loops_posthoc__tree_group_audit__blend_0.25__cost_1__no_favorable_group,1958,2,Funk1-114-Ab,00_Funk1-114-Ab_comp.jams,825105,1,3,2,2,mixed,-0.05576923489570618,0.16567164659500122,0.6453619909502263,False,0
regression_loops_posthoc__tree_group_audit__blend_0.25__cost_1__no_favorable_group,1976,2,Funk1-114-Ab,00_Funk1-114-Ab_comp.jams,867229,5,3,2,3,regression_favored,-0.1567649394273758,-0.1567649394273758,0.359375,True,0
regression_loops_posthoc__tree_group_audit__blend_0.25__cost_1__no_favorable_group,1999,2,Funk1-114-Ab,00_Funk1-114-Ab_comp.jams,958659,5,3,2,2,mixed,-0.1235867440700531,0.062261730432510376,0.30659722222222224,False,0
regression_loops_posthoc__tree_group_audit__blend_0.25__cost_1__no_favorable_group,5504,2,Jazz1-200-B,00_Jazz1-200-B_comp.jams,61859,3,2,3,3,mixed,-0.3166830539703369,0.08163264393806458,0.2178622159090909,False,0
regression_loops_posthoc__tree_group_audit__blend_0.25__cost_1__no_favorable_group,5549,2,Jazz1-200-B,00_Jazz1-200-B_comp.jams,204484,3,2,3,3,mixed,-0.19863946735858917,0.2110726684331894,0.3439922480620155,False,0
regression_loops_posthoc__tree_group_audit__blend_0.25__cost_1__no_favorable_group,5566,2,Jazz1-200-B,00_Jazz1-200-B_comp.jams,290639,5,4,3,3,mixed,-0.2738358974456787,0.07233625650405884,0.7266260162601627,False,0
regression_loops_posthoc__tree_group_audit__blend_0.25__cost_1__no_favorable_group,5610,2,Jazz1-200-B,00_Jazz1-200-B_comp.jams,475329,4,4,5,4,regression_favored,-0.21904762089252472,-0.16308242082595825,0.1171875,True,1
regression_loops_posthoc__tree_group_audit__blend_0.25__cost_1__no_favorable_group,5629,2,Jazz1-200-B,00_Jazz1-200-B_comp.jams,516788,2,4,2,2,mixed,-0.01279139518737793,0.4117647409439087,0.2086187214611872,False,0
regression_loops_posthoc__tree_group_audit__blend_0.25__cost_1__no_favorable_group,5891,2,Jazz2-110-Bb,00_Jazz2-110-Bb_comp.jams,375108,1,3,2,2,mixed,-0.18193891644477844,0.01548662781715393,0.39231770833333335,False,0
regression_loops_posthoc__tree_group_audit__blend_0.25__cost_1__no_favorable_group,5912,2,Jazz2-110-Bb,00_Jazz2-110-Bb_comp.jams,470229,3,3,2,3,regression_favored,-0.07340660691261292,-0.07340660691261292,0.421875,True,1
regression_loops_posthoc__tree_group_audit__blend_0.25__cost_1__no_favorable_group,5939,2,Jazz2-110-Bb,00_Jazz2-110-Bb_comp.jams,576264,2,2,3,3,mixed,-0.10974538326263428,0.03670886158943176,0.1015625,False,0
regression_loops_posthoc__tree_group_audit__blend_0.25__cost_1__no_favorable_group,6052,2,Jazz2-110-Bb,00_Jazz2-110-Bb_comp.jams,854749,4,4,5,4,regression_favored,-0.38787877559661865,-0.034722208976745605,0.0673828125,True,1
regression_loops_posthoc__tree_group_audit__blend_0.25__cost_1__no_favorable_group,6059,2,Jazz2-110-Bb,00_Jazz2-110-Bb_comp.jams,889168,0,3,2,2,mixed,-0.006347149610519409,0.16393440961837769,0.5064732142857142,False,0
regression_loops_posthoc__tree_group_audit__blend_0.25__cost_1__no_favorable_group,6069,2,Jazz2-110-Bb,00_Jazz2-110-Bb_comp.jams,936146,2,2,3,3,mixed,-0.03326612710952759,0.2438049614429474,0.12723214285714285,False,0
regression_loops_posthoc__tree_group_audit__blend_0.25__cost_1__no_favorable_group,6185,2,Jazz2-110-Bb,00_Jazz2-110-Bb_comp.jams,1250457,2,3,2,2,mixed,-0.03874814510345459,0.16866198182106018,0.23129111842105263,False,0
regression_loops_posthoc__tree_group_audit__blend_0.25__cost_1__no_favorable_group,6190,2,Jazz2-110-Bb,00_Jazz2-110-Bb_comp.jams,1265244,2,4,3,3,mixed,-0.1807379424571991,0.11433172225952148,0.5259259259259259,False,0
regression_loops_posthoc__tree_group_audit__blend_0.25__cost_1__no_favorable_group,6195,2,Jazz2-110-Bb,00_Jazz2-110-Bb_comp.jams,1288018,4,4,3,3,mixed,-0.14385724067687988,0.12097561359405518,0.48943345323741005,False,0
regression_loops_posthoc__tree_group_audit__blend_0.25__cost_1__no_favorable_group,6235,2,Jazz2-110-Bb,00_Jazz2-110-Bb_comp.jams,1409923,2,4,2,2,correction_favored,0.0121268630027771,0.2971065640449524,0.037698412698412696,False,0
regression_loops_posthoc__tree_group_audit__blend_0.25__cost_1__no_favorable_group,6248,2,Jazz2-110-Bb,00_Jazz2-110-Bb_comp.jams,1435210,2,4,2,2,correction_favored,0.04160246253013611,0.3266666531562805,0.5017857142857143,False,0
regression_loops_posthoc__tree_group_audit__blend_0.25__cost_1__no_favorable_group,6287,2,Jazz2-110-Bb,00_Jazz2-110-Bb_comp.jams,1513828,4,3,4,4,correction_favored,0.10553327202796936,0.24784481525421143,0.4161931818181818,False,0
regression_loops_posthoc__tree_group_audit__blend_0.25__cost_1__no_favorable_group,6291,2,Jazz2-110-Bb,00_Jazz2-110-Bb_comp.jams,1521904,0,3,2,2,mixed,-0.05774804949760437,0.20365168154239655,0.7262260765550239,False,0
regression_loops_posthoc__tree_group_audit__blend_0.25__cost_1__no_favorable_group,8069,2,Rock1-130-A,00_Rock1-130-A_comp.jams,84749,2,3,2,2,correction_favored,0.0724458396434784,0.3547477126121521,0.7328969594594594,False,0
regression_loops_posthoc__tree_group_audit__blend_0.25__cost_1__no_favorable_group,8102,2,Rock1-130-A,00_Rock1-130-A_comp.jams,172160,2,3,2,2,mixed,-0.042042046785354614,0.24833229184150696,0.7233408505154639,False,0
regression_loops_posthoc__tree_group_audit__blend_0.25__cost_1__no_favorable_group,8124,2,Rock1-130-A,00_Rock1-130-A_comp.jams,229223,3,3,2,2,correction_favored,0.037787675857543945,0.30011123418807983,0.5824530516431925,False,0
regression_loops_posthoc__tree_group_audit__blend_0.25__cost_1__no_favorable_group,8128,2,Rock1-130-A,00_Rock1-130-A_comp.jams,238913,2,3,2,2,correction_favored,0.009611189365386963,0.2814771831035614,0.5831339712918661,False,0
regression_loops_posthoc__tree_group_audit__blend_0.25__cost_1__no_favorable_group,8155,2,Rock1-130-A,00_Rock1-130-A_comp.jams,309808,3,3,2,2,correction_favored,0.012549012899398804,0.3381432890892029,0.6028740875912408,False,0
regression_loops_posthoc__tree_group_audit__blend_0.25__cost_1__no_favorable_group,8190,2,Rock1-130-A,00_Rock1-130-A_comp.jams,410951,3,3,2,2,mixed,-0.04352617263793945,0.19587628543376923,0.47860054347826086,False,0
regression_loops_posthoc__tree_group_audit__blend_0.25__cost_1__no_favorable_group,8192,2,Rock1-130-A,00_Rock1-130-A_comp.jams,416352,3,4,3,4,regression_favored,-0.2347480058670044,-0.005813956260681152,0.6153169014084507,True,-1
regression_loops_posthoc__tree_group_audit__blend_0.25__cost_1__no_favorable_group,8208,2,Rock1-130-A,00_Rock1-130-A_comp.jams,446560,2,4,3,4,regression_favored,-0.17178761959075928,-0.17178761959075928,0.421875,True,0
regression_loops_posthoc__tree_group_audit__blend_0.25__cost_1__no_favorable_group,8221,2,Rock1-130-A,00_Rock1-130-A_comp.jams,477514,2,3,2,2,correction_favored,0.040254220366477966,0.3213338255882263,0.5221560846560847,False,0
regression_loops_posthoc__tree_group_audit__blend_0.25__cost_1__no_favorable_group,8227,2,Rock1-130-A,00_Rock1-130-A_comp.jams,497075,2,3,2,2,mixed,-0.06401810050010681,0.14619563519954681,0.38671875,False,0
regression_loops_posthoc__tree_group_audit__blend_0.25__cost_1__no_favorable_group,8232,2,Rock1-130-A,00_Rock1-130-A_comp.jams,508494,4,3,2,2,mixed,-0.09164354205131531,0.00667726993560791,0.46205357142857145,False,0
regression_loops_posthoc__tree_group_audit__blend_0.25__cost_1__no_favorable_group,8268,2,Rock1-130-A,00_Rock1-130-A_comp.jams,594999,2,3,2,2,correction_favored,0.1509127914905548,0.3684210777282715,0.4915178571428571,False,0
regression_loops_posthoc__tree_group_audit__blend_0.25__cost_1__no_favorable_group,8288,2,Rock1-130-A,00_Rock1-130-A_comp.jams,645846,4,4,3,3,correction_favored,0.08406850695610046,0.29827314615249634,0.5610795454545454,False,0
regression_loops_posthoc__tree_group_audit__blend_0.25__cost_1__no_favorable_group,8319,2,Rock1-130-A,00_Rock1-130-A_comp.jams,718481,4,4,3,4,regression_favored,-0.13765504956245422,-0.016678720712661743,0.5086805555555556,True,1
regression_loops_posthoc__tree_group_audit__blend_0.25__cost_1__no_favorable_group,8323,2,Rock1-130-A,00_Rock1-130-A_comp.jams,727131,2,3,2,2,correction_favored,0.016128063201904297,0.24942752718925476,0.5143849206349206,False,0
regression_loops_posthoc__tree_group_audit__blend_0.25__cost_1__no_favorable_group,8326,2,Rock1-130-A,00_Rock1-130-A_comp.jams,733863,3,4,2,2,correction_favored,0.03328840434551239,0.3571428656578064,0.3015292553191489,False,0
regression_loops_posthoc__tree_group_audit__blend_0.25__cost_1__no_favorable_group,8340,2,Rock1-130-A,00_Rock1-130-A_comp.jams,769439,2,3,2,2,correction_favored,0.022306367754936218,0.4117647409439087,0.5058772935779816,False,0
regression_loops_posthoc__tree_group_audit__blend_0.25__cost_1__no_favorable_group,8346,2,Rock1-130-A,00_Rock1-130-A_comp.jams,788847,4,4,2,2,mixed,-0.05812220275402069,0.28387096524238586,0.5182291666666666,False,0
regression_loops_posthoc__tree_group_audit__blend_0.25__cost_1__no_favorable_group,8386,2,Rock1-130-A,00_Rock1-130-A_comp.jams,880522,3,4,2,2,mixed,-0.03337262570858002,0.3235293924808502,0.49142156862745096,False,0
regression_loops_posthoc__tree_group_audit__blend_0.25__cost_1__no_favorable_group,8398,2,Rock1-130-A,00_Rock1-130-A_comp.jams,914779,3,4,3,3,mixed,-0.11361686885356903,0.06308221817016602,0.4806547619047619,False,0
regression_loops_posthoc__tree_group_audit__blend_0.25__cost_1__no_favorable_group,8413,2,Rock1-130-A,00_Rock1-130-A_comp.jams,960690,5,4,2,2,mixed,-0.01496763527393341,0.22580645978450775,0.22199675324675325,False,0
regression_loops_posthoc__tree_group_audit__blend_0.25__cost_1__no_favorable_group,8576,2,Rock1-130-A,00_Rock1-130-A_solo.jams,509698,1,4,3,3,mixed,-0.10524365305900574,0.5263158082962036,0.3654119318181818,False,0
regression_loops_posthoc__tree_group_audit__blend_0.25__cost_1__no_favorable_group,8659,2,Rock1-130-A,00_Rock1-130-A_solo.jams,863730,1,3,2,2,mixed,-0.027083322405815125,0.23715123534202576,0.54953125,False,0
regression_loops_posthoc__tree_group_audit__blend_0.25__cost_1__no_favorable_group,10427,2,Rock2-85-F,00_Rock2-85-F_comp.jams,91603,5,3,4,4,correction_favored,0.04626333713531494,0.2962818145751953,0.34095982142857145,False,0
regression_loops_posthoc__tree_group_audit__blend_0.25__cost_1__no_favorable_group,10438,2,Rock2-85-F,00_Rock2-85-F_comp.jams,114191,5,4,3,3,mixed,-0.1137736439704895,0.09957388043403625,0.5636160714285714,False,0
regression_loops_posthoc__tree_group_audit__blend_0.25__cost_1__no_favorable_group,10491,2,Rock2-85-F,00_Rock2-85-F_comp.jams,232782,2,3,2,2,mixed,-0.010957926511764526,0.26138147711753845,0.5027043269230769,False,0
regression_loops_posthoc__tree_group_audit__blend_0.25__cost_1__no_favorable_group,10493,2,Rock2-85-F,00_Rock2-85-F_comp.jams,240308,5,4,2,2,mixed,-0.0937499850988388,0.18333332240581512,0.044221698113207544,False,0
regression_loops_posthoc__tree_group_audit__blend_0.25__cost_1__no_favorable_group,10519,2,Rock2-85-F,00_Rock2-85-F_comp.jams,303319,4,4,2,2,mixed,-0.14795009791851044,0.2421875,0.38524590163934425,False,0
regression_loops_posthoc__tree_group_audit__blend_0.25__cost_1__no_favorable_group,10534,2,Rock2-85-F,00_Rock2-85-F_comp.jams,334200,6,3,2,2,correction_favored,0.022742867469787598,0.022742867469787598,0.59375,False,0
regression_loops_posthoc__tree_group_audit__blend_0.25__cost_1__no_favorable_group,10544,2,Rock2-85-F,00_Rock2-85-F_comp.jams,357552,3,4,2,2,mixed,-0.011605411767959595,0.4117647111415863,0.3258333333333333,False,0
regression_loops_posthoc__tree_group_audit__blend_0.25__cost_1__no_favorable_group,10546,2,Rock2-85-F,00_Rock2-85-F_comp.jams,365070,4,4,3,3,mixed,-0.08415219187736511,0.2158474624156952,0.5830965909090909,False,0
regression_loops_posthoc__tree_group_audit__blend_0.25__cost_1__no_favorable_group,10565,2,Rock2-85-F,00_Rock2-85-F_comp.jams,402491,4,3,2,2,mixed,-0.012182086706161499,0.3888888955116272,0.31171085858585856,False,0
regression_loops_posthoc__tree_group_audit__blend_0.25__cost_1__no_favorable_group,10626,2,Rock2-85-F,00_Rock2-85-F_comp.jams,529441,5,4,3,3,mixed,-0.13949842751026154,0.060496240854263306,0.4079861111111111,False,0
regression_loops_posthoc__tree_group_audit__blend_0.25__cost_1__no_favorable_group,10633,2,Rock2-85-F,00_Rock2-85-F_comp.jams,544766,4,3,2,2,mixed,-0.05589248239994049,0.18116827309131622,0.6863175675675676,False,0
regression_loops_posthoc__tree_group_audit__blend_0.25__cost_1__no_favorable_group,10651,2,Rock2-85-F,00_Rock2-85-F_comp.jams,581815,2,4,2,2,mixed,-0.007662832736968994,0.36513158679008484,0.18500664893617022,False,0
regression_loops_posthoc__tree_group_audit__blend_0.25__cost_1__no_favorable_group,10699,2,Rock2-85-F,00_Rock2-85-F_comp.jams,690821,1,3,2,2,correction_favored,0.05462399125099182,0.3789013624191284,0.46771816037735847,False,0
regression_loops_posthoc__tree_group_audit__blend_0.25__cost_1__no_favorable_group,10704,2,Rock2-85-F,00_Rock2-85-F_comp.jams,701404,3,3,2,2,correction_favored,0.10294117033481598,0.46000003814697266,0.5956619198312236,False,0
regression_loops_posthoc__tree_group_audit__blend_0.25__cost_1__no_favorable_group,10713,2,Rock2-85-F,00_Rock2-85-F_comp.jams,729717,5,3,2,2,mixed,-0.031573861837387085,0.08916422724723816,0.65625,False,0
regression_loops_posthoc__tree_group_audit__blend_0.25__cost_1__no_favorable_group,10716,2,Rock2-85-F,00_Rock2-85-F_comp.jams,737521,1,4,2,2,mixed,-0.049384742975234985,0.2302418053150177,0.10128348214285714,False,0
regression_loops_posthoc__tree_group_audit__blend_0.25__cost_1__no_favorable_group,10743,2,Rock2-85-F,00_Rock2-85-F_comp.jams,793766,4,3,2,2,mixed,-0.12037189304828644,0.21710526943206787,0.7386451863354038,False,0
regression_loops_posthoc__tree_group_audit__blend_0.25__cost_1__no_favorable_group,10803,2,Rock2-85-F,00_Rock2-85-F_comp.jams,925592,5,4,5,4,regression_favored,-0.38787877559661865,-0.1640625,0.06473214285714286,True,-1
regression_loops_posthoc__tree_group_audit__blend_0.25__cost_1__no_favorable_group,10807,2,Rock2-85-F,00_Rock2-85-F_comp.jams,933278,3,4,5,5,mixed,-0.4523809552192688,0.2785714268684387,0.13421052631578947,False,0
regression_loops_posthoc__tree_group_audit__blend_0.25__cost_1__no_favorable_group,10824,2,Rock2-85-F,00_Rock2-85-F_comp.jams,966829,3,4,2,2,mixed,-0.056565672159194946,0.35227274894714355,0.3396892655367232,False,0
regression_loops_posthoc__tree_group_audit__blend_0.25__cost_1__no_favorable_group,10828,2,Rock2-85-F,00_Rock2-85-F_comp.jams,974341,3,4,3,3,mixed,-0.15610860288143158,0.04629306495189667,0.5674019607843137,False,0
regression_loops_posthoc__tree_group_audit__blend_0.25__cost_1__no_favorable_group,10833,2,Rock2-85-F,00_Rock2-85-F_comp.jams,988873,2,4,2,2,correction_favored,0.05056577920913696,0.21477271616458893,0.1943359375,False,0
regression_loops_posthoc__tree_group_audit__blend_0.25__cost_1__no_favorable_group,10922,2,Rock2-85-F,00_Rock2-85-F_comp.jams,1198666,5,2,3,3,mixed,-0.0819811224937439,0.1649305522441864,0.09834558823529412,False,0
regression_loops_posthoc__tree_group_audit__blend_0.25__cost_1__no_favorable_group,10932,2,Rock2-85-F,00_Rock2-85-F_comp.jams,1222578,4,3,2,2,mixed,-0.10333862900733948,0.03582721948623657,0.6280199579831933,False,0
regression_loops_posthoc__tree_group_audit__blend_0.25__cost_1__no_favorable_group,10971,2,Rock2-85-F,00_Rock2-85-F_comp.jams,1330301,4,4,2,2,correction_favored,0.045714303851127625,0.2570902109146118,0.04329978813559322,False,0
regression_loops_posthoc__tree_group_audit__blend_0.25__cost_1__no_favorable_group,10983,2,Rock2-85-F,00_Rock2-85-F_comp.jams,1355082,3,3,2,2,correction_favored,0.06164205074310303,0.2568815350532532,0.6277207711442786,False,0
regression_loops_posthoc__tree_group_audit__blend_0.25__cost_1__no_favorable_group,11029,2,Rock2-85-F,00_Rock2-85-F_comp.jams,1471741,5,4,3,4,regression_favored,-0.30343979597091675,-0.03415253758430481,0.5483732876712328,True,0
regression_loops_posthoc__tree_group_audit__blend_0.25__cost_1__no_favorable_group,11062,2,Rock2-85-F,00_Rock2-85-F_comp.jams,1549314,3,2,3,3,correction_favored,0.005166471004486084,0.13648544251918793,0.19270833333333334,False,0
regression_loops_posthoc__tree_group_audit__blend_0.25__cost_1__no_favorable_group,11079,2,Rock2-85-F,00_Rock2-85-F_comp.jams,1585762,2,2,3,3,mixed,-0.14955919981002808,0.04187193512916565,0.3072916666666667,False,0
regression_loops_posthoc__tree_group_audit__blend_0.25__cost_1__no_favorable_group,11102,2,Rock2-85-F,00_Rock2-85-F_comp.jams,1633532,4,2,3,2,regression_favored,-0.35443341732025146,-0.0589139461517334,0.2184959349593496,True,0
regression_loops_posthoc__tree_group_audit__blend_0.25__cost_1__no_favorable_group,11130,2,Rock2-85-F,00_Rock2-85-F_comp.jams,1697208,2,3,2,2,mixed,-0.05906049907207489,0.19118942320346832,0.7004042288557214,False,0
regression_loops_posthoc__tree_group_audit__blend_0.25__cost_1__no_favorable_group,11146,2,Rock2-85-F,00_Rock2-85-F_comp.jams,1735848,2,2,3,3,mixed,-0.03835827112197876,0.144965261220932,0.29739583333333336,False,0
regression_loops_posthoc__tree_group_audit__blend_0.25__cost_1__no_favorable_group,11149,2,Rock2-85-F,00_Rock2-85-F_comp.jams,1742720,3,3,2,2,mixed,-0.051908403635025024,0.2774725556373596,0.46568627450980393,False,0
regression_loops_posthoc__tree_group_audit__blend_0.25__cost_1__no_favorable_group,11164,2,Rock2-85-F,00_Rock2-85-F_comp.jams,1774570,6,4,5,4,regression_favored,-0.18666666746139526,-0.0952380895614624,0.22395833333333334,True,0
regression_loops_posthoc__tree_group_audit__blend_0.25__cost_1__no_favorable_group,11172,2,Rock2-85-F,00_Rock2-85-F_comp.jams,1790667,5,3,2,2,correction_favored,0.04881167411804199,0.2480587214231491,0.488375,False,0
regression_loops_posthoc__tree_group_audit__blend_0.25__cost_1__no_favorable_group,11204,2,Rock2-85-F,00_Rock2-85-F_comp.jams,1858892,5,4,3,4,regression_favored,-0.191814586520195,-0.07640981674194336,0.5905257936507936,True,0
regression_loops_posthoc__tree_group_audit__blend_0.25__cost_1__no_favorable_group,11208,2,Rock2-85-F,00_Rock2-85-F_comp.jams,1867010,5,4,5,5,mixed,-0.2964426875114441,0.049107134342193604,0.2041903409090909,False,0
regression_loops_posthoc__tree_group_audit__blend_0.25__cost_1__no_favorable_group,11264,2,Rock2-85-F,00_Rock2-85-F_comp.jams,1983627,5,3,5,5,mixed,-0.13360324501991272,0.009803920984268188,0.109375,False,0
regression_loops_posthoc__tree_group_audit__blend_0.25__cost_1__no_favorable_group,11535,2,Rock2-85-F,00_Rock2-85-F_solo.jams,1942964,3,3,2,2,mixed,-0.20166870951652527,0.3070063591003418,0.2677654109589041,False,0
regression_loops_posthoc__tree_group_audit__blend_0.25__cost_1__no_favorable_group,18355,2,Funk1-114-Ab,01_Funk1-114-Ab_comp.jams,87774,3,3,2,2,correction_favored,0.03999999165534973,0.5384615659713745,0.5382982336956522,False,0
regression_loops_posthoc__tree_group_audit__blend_0.25__cost_1__no_favorable_group,18357,2,Funk1-114-Ab,01_Funk1-114-Ab_comp.jams,91488,1,3,2,2,correction_favored,0.03893442451953888,0.2032724916934967,0.7039546460176991,False,0
regression_loops_posthoc__tree_group_audit__blend_0.25__cost_1__no_favorable_group,18359,2,Funk1-114-Ab,01_Funk1-114-Ab_comp.jams,104859,3,3,2,2,mixed,-0.1399332582950592,0.424369752407074,0.36755952380952384,False,0
regression_loops_posthoc__tree_group_audit__blend_0.25__cost_1__no_favorable_group,18367,2,Funk1-114-Ab,01_Funk1-114-Ab_comp.jams,139363,3,3,4,4,correction_favored,0.04516318440437317,0.2186335325241089,0.19010416666666666,False,0
regression_loops_posthoc__tree_group_audit__blend_0.25__cost_1__no_favorable_group,18371,2,Funk1-114-Ab,01_Funk1-114-Ab_comp.jams,155985,3,2,3,3,mixed,-0.24226804077625275,0.005263149738311768,0.2571022727272727,False,0
regression_loops_posthoc__tree_group_audit__blend_0.25__cost_1__no_favorable_group,18375,2,Funk1-114-Ab,01_Funk1-114-Ab_comp.jams,174145,3,2,3,3,mixed,-0.14051523804664612,0.2294117510318756,0.4679383116883117,False,0
regression_loops_posthoc__tree_group_audit__blend_0.25__cost_1__no_favorable_group,18377,2,Funk1-114-Ab,01_Funk1-114-Ab_comp.jams,180949,3,3,2,2,correction_favored,0.07189542055130005,0.5384615659713745,0.5172464622641509,False,0
regression_loops_posthoc__tree_group_audit__blend_0.25__cost_1__no_favorable_group,18381,2,Funk1-114-Ab,01_Funk1-114-Ab_comp.jams,198153,3,3,2,2,mixed,-0.11126436293125153,0.1856343150138855,0.3544520547945205,False,0
regression_loops_posthoc__tree_group_audit__blend_0.25__cost_1__no_favorable_group,18383,2,Funk1-114-Ab,01_Funk1-114-Ab_comp.jams,210354,3,2,3,3,correction_favored,0.03927680850028992,0.2899470925331116,0.607625,False,0
regression_loops_posthoc__tree_group_audit__blend_0.25__cost_1__no_favorable_group,18401,2,Funk1-114-Ab,01_Funk1-114-Ab_comp.jams,289716,3,3,2,2,mixed,-0.08061830699443817,0.11872807145118713,0.3903616573033708,False,0
regression_loops_posthoc__tree_group_audit__blend_0.25__cost_1__no_favorable_group,18404,2,Funk1-114-Ab,01_Funk1-114-Ab_comp.jams,301889,2,3,2,2,mixed,-0.1273568719625473,0.1606076955795288,0.09791666666666667,False,0
regression_loops_posthoc__tree_group_audit__blend_0.25__cost_1__no_favorable_group,18405,2,Funk1-114-Ab,01_Funk1-114-Ab_comp.jams,307490,3,3,2,2,mixed,-0.05752754211425781,0.19506368041038513,0.5288851351351351,False,0
regression_loops_posthoc__tree_group_audit__blend_0.25__cost_1__no_favorable_group,18409,2,Funk1-114-Ab,01_Funk1-114-Ab_comp.jams,324109,3,2,3,3,mixed,-0.180548295378685,0.051535993814468384,0.24483471074380164,False,0
regression_loops_posthoc__tree_group_audit__blend_0.25__cost_1__no_favorable_group,18413,2,Funk1-114-Ab,01_Funk1-114-Ab_comp.jams,346498,1,2,3,2,regression_favored,-0.30053192377090454,-0.024882882833480835,0.2806712962962963,True,0
regression_loops_posthoc__tree_group_audit__blend_0.25__cost_1__no_favorable_group,18415,2,Funk1-114-Ab,01_Funk1-114-Ab_comp.jams,352701,0,3,2,2,mixed,-0.17146164178848267,0.2142857164144516,0.13538171140939598,False,0
regression_loops_posthoc__tree_group_audit__blend_0.25__cost_1__no_favorable_group,18417,2,Funk1-114-Ab,01_Funk1-114-Ab_comp.jams,358750,2,3,2,2,mixed,-0.1671469807624817,0.16822688281536102,0.3490981543624161,False,0
regression_loops_posthoc__tree_group_audit__blend_0.25__cost_1__no_favorable_group,18418,2,Funk1-114-Ab,01_Funk1-114-Ab_comp.jams,365264,3,2,3,2,regression_favored,-0.12434077262878418,-0.12434077262878418,0.28125,True,-1
regression_loops_posthoc__tree_group_audit__blend_0.25__cost_1__no_favorable_group,18421,2,Funk1-114-Ab,01_Funk1-114-Ab_comp.jams,371791,2,3,2,2,mixed,-0.028409093618392944,0.4570136070251465,0.38901869158878505,False,0
regression_loops_posthoc__tree_group_audit__blend_0.25__cost_1__no_favorable_group,18432,2,Funk1-114-Ab,01_Funk1-114-Ab_comp.jams,401464,3,3,2,2,mixed,-0.046102821826934814,0.1964285671710968,0.5803674768518519,False,0
regression_loops_posthoc__tree_group_audit__blend_0.25__cost_1__no_favorable_group,18439,2,Funk1-114-Ab,01_Funk1-114-Ab_comp.jams,429487,1,3,2,2,mixed,-0.11230799555778503,0.1656200885772705,0.08090277777777778,False,0
regression_loops_posthoc__tree_group_audit__blend_0.25__cost_1__no_favorable_group,18459,2,Funk1-114-Ab,01_Funk1-114-Ab_comp.jams,493864,2,3,2,2,correction_favored,0.06505978107452393,0.35287848114967346,0.3344184027777778,False,0
regression_loops_posthoc__tree_group_audit__blend_0.25__cost_1__no_favorable_group,18464,2,Funk1-114-Ab,01_Funk1-114-Ab_comp.jams,510863,2,4,2,2,correction_favored,0.07261091470718384,0.43359375,0.17928340517241378,False,0
regression_loops_posthoc__tree_group_audit__blend_0.25__cost_1__no_favorable_group,18468,2,Funk1-114-Ab,01_Funk1-114-Ab_comp.jams,528017,2,2,3,2,regression_favored,-0.1960238665342331,-0.0054232776165008545,0.3253125,True,1
regression_loops_posthoc__tree_group_audit__blend_0.25__cost_1__no_favorable_group,18482,2,Funk1-114-Ab,01_Funk1-114-Ab_comp.jams,603762,3,3,4,4,mixed,-0.24045908451080322,0.05851620435714722,0.2613357843137255,False,0
regression_loops_posthoc__tree_group_audit__blend_0.25__cost_1__no_favorable_group,18485,2,Funk1-114-Ab,01_Funk1-114-Ab_comp.jams,610144,3,3,2,2,correction_favored,0.053238674998283386,0.3541681170463562,0.49967277486910994,False,0
regression_loops_posthoc__tree_group_audit__blend_0.25__cost_1__no_favorable_group,18493,2,Funk1-114-Ab,01_Funk1-114-Ab_comp.jams,638207,3,3,2,2,correction_favored,0.0579802542924881,0.08722439408302307,0.4796875,False,0
regression_loops_posthoc__tree_group_audit__blend_0.25__cost_1__no_favorable_group,18501,2,Funk1-114-Ab,01_Funk1-114-Ab_comp.jams,667276,3,3,2,2,correction_favored,0.0022857189178466797,0.3477365970611572,0.3894489247311828,False,0
regression_loops_posthoc__tree_group_audit__blend_0.25__cost_1__no_favorable_group,18550,2,Funk1-114-Ab,01_Funk1-114-Ab_comp.jams,882613,3,3,4,4,mixed,-0.10653340816497803,0.2640306353569031,0.14638157894736842,False,0
regression_loops_posthoc__tree_group_audit__blend_0.25__cost_1__no_favorable_group,18565,2,Funk1-114-Ab,01_Funk1-114-Ab_comp.jams,928434,3,4,3,3,mixed,-0.15286272764205933,0.46086961030960083,0.597883064516129,False,0
regression_loops_posthoc__tree_group_audit__blend_0.25__cost_1__no_favorable_group,18568,2,Funk1-114-Ab,01_Funk1-114-Ab_comp.jams,940105,2,3,2,2,mixed,-0.055278480052948,0.19028133153915405,0.18445616883116883,False,0
regression_loops_posthoc__tree_group_audit__blend_0.25__cost_1__no_favorable_group,18572,2,Funk1-114-Ab,01_Funk1-114-Ab_comp.jams,958370,3,2,3,3,mixed,-0.06644517183303833,0.17391303181648254,0.44428066037735847,False,0
regression_loops_posthoc__tree_group_audit__blend_0.25__cost_1__no_favorable_group,18580,2,Funk1-114-Ab,01_Funk1-114-Ab_comp.jams,992868,2,2,3,3,mixed,-0.23271209001541138,0.010432958602905273,0.295499213836478,False,0
regression_loops_posthoc__tree_group_audit__blend_0.25__cost_1__no_favorable_group,18585,2,Funk1-114-Ab,01_Funk1-114-Ab_comp.jams,1016171,2,3,2,2,correction_favored,0.04285714030265808,0.27999401092529297,0.4916789940828402,False,0
regression_loops_posthoc__tree_group_audit__blend_0.25__cost_1__no_favorable_group,18588,2,Funk1-114-Ab,01_Funk1-114-Ab_comp.jams,1033095,2,3,2,2,mixed,-0.1495838314294815,0.09745147824287415,0.4153125,False,0
regression_loops_posthoc__tree_group_audit__blend_0.25__cost_1__no_favorable_group,18590,2,Funk1-114-Ab,01_Funk1-114-Ab_comp.jams,1044881,2,2,3,3,mixed,-0.4166666865348816,0.08815959095954895,0.5454661885245902,False,0
regression_loops_posthoc__tree_group_audit__blend_0.25__cost_1__no_favorable_group,18591,2,Funk1-114-Ab,01_Funk1-114-Ab_comp.jams,1051417,2,3,2,2,correction_favored,0.05602040886878967,0.39537665247917175,0.41324626865671643,False,0
regression_loops_posthoc__tree_group_audit__blend_0.25__cost_1__no_favorable_group,18595,2,Funk1-114-Ab,01_Funk1-114-Ab_comp.jams,1068007,2,2,3,3,mixed,-0.2671394944190979,0.10408022999763489,0.26217830882352944,False,0
regression_loops_posthoc__tree_group_audit__blend_0.25__cost_1__no_favorable_group,18603,2,Funk1-114-Ab,01_Funk1-114-Ab_comp.jams,1101752,2,4,3,3,mixed,-0.1870608627796173,0.7954545617103577,0.5026745495495496,False,0
regression_loops_posthoc__tree_group_audit__blend_0.25__cost_1__no_favorable_group,18609,2,Funk1-114-Ab,01_Funk1-114-Ab_solo.jams,57189,2,4,2,2,correction_favored,0.005968540906906128,0.2323886752128601,0.10496794871794872,False,0
regression_loops_posthoc__tree_group_audit__blend_0.25__cost_1__no_favorable_group,18797,2,Funk1-114-Ab,01_Funk1-114-Ab_solo.jams,904475,1,3,2,2,correction_favored,0.07283949851989746,0.31188809871673584,0.10471491228070176,False,0
regression_loops_posthoc__tree_group_audit__blend_0.25__cost_1__no_favorable_group,18810,2,Funk1-114-Ab,01_Funk1-114-Ab_solo.jams,952205,1,3,2,2,mixed,-0.21643248200416565,0.09109009802341461,0.150625,False,0
regression_loops_posthoc__tree_group_audit__blend_0.25__cost_1__no_favorable_group,18834,2,Funk1-114-Ab,01_Funk1-114-Ab_solo.jams,1044365,1,3,2,2,mixed,-0.15888269245624542,0.18182998895645142,0.3863237359550562,False,0
regression_loops_posthoc__tree_group_audit__blend_0.25__cost_1__no_favorable_group,21878,2,Jazz1-200-B,01_Jazz1-200-B_comp.jams,510821,1,4,2,2,mixed,-0.22205662727355957,0.3303571343421936,0.45149886877828055,False,0
regression_loops_posthoc__tree_group_audit__blend_0.25__cost_1__no_favorable_group,22096,2,Jazz2-110-Bb,01_Jazz2-110-Bb_comp.jams,118704,0,2,3,2,regression_favored,-0.07184891402721405,-0.0312308669090271,0.2578125,True,0
regression_loops_posthoc__tree_group_audit__blend_0.25__cost_1__no_favorable_group,22149,2,Jazz2-110-Bb,01_Jazz2-110-Bb_comp.jams,287923,3,2,3,2,regression_favored,-0.10750508308410645,-0.09095054864883423,0.4765625,True,-1
regression_loops_posthoc__tree_group_audit__blend_0.25__cost_1__no_favorable_group,22252,2,Jazz2-110-Bb,01_Jazz2-110-Bb_comp.jams,665940,3,4,2,2,mixed,-0.0436507910490036,0.37833595275878906,0.0901268115942029,False,0
regression_loops_posthoc__tree_group_audit__blend_0.25__cost_1__no_favorable_group,22268,2,Jazz2-110-Bb,01_Jazz2-110-Bb_comp.jams,745683,3,3,2,2,mixed,-0.20788176357746124,0.08025477826595306,0.3775875796178344,False,0
regression_loops_posthoc__tree_group_audit__blend_0.25__cost_1__no_favorable_group,22329,2,Jazz2-110-Bb,01_Jazz2-110-Bb_comp.jams,986129,1,4,2,2,mixed,-0.09427608549594879,0.4117647409439087,0.18965022935779816,False,0
regression_loops_posthoc__tree_group_audit__blend_0.25__cost_1__no_favorable_group,22400,2,Jazz2-110-Bb,01_Jazz2-110-Bb_comp.jams,1224345,2,2,3,2,regression_favored,-0.2088911384344101,-0.0625,0.27564102564102566,True,1
regression_loops_posthoc__tree_group_audit__blend_0.25__cost_1__no_favorable_group,22431,2,Jazz2-110-Bb,01_Jazz2-110-Bb_comp.jams,1371761,1,3,2,2,mixed,-0.2221137285232544,0.32499998807907104,0.23328877005347592,False,0
regression_loops_posthoc__tree_group_audit__blend_0.25__cost_1__no_favorable_group,22555,2,Jazz2-110-Bb,01_Jazz2-110-Bb_solo.jams,830553,1,4,2,2,mixed,-0.032818540930747986,0.2088235318660736,0.05764358108108108,False,0
regression_loops_posthoc__tree_group_audit__blend_0.25__cost_1__no_favorable_group,23893,2,Rock1-130-A,01_Rock1-130-A_comp.jams,101024,2,4,2,2,correction_favored,0.12525878846645355,0.3382352888584137,0.07320601851851852,False,0
regression_loops_posthoc__tree_group_audit__blend_0.25__cost_1__no_favorable_group,23931,2,Rock1-130-A,01_Rock1-130-A_comp.jams,213916,2,4,2,2,correction_favored,0.1508951336145401,0.24931129813194275,0.06610576923076923,False,0
regression_loops_posthoc__tree_group_audit__blend_0.25__cost_1__no_favorable_group,23932,2,Rock1-130-A,01_Rock1-130-A_comp.jams,215728,3,3,2,2,mixed,-0.0398293137550354,0.10737285017967224,0.6156556372549019,False,0
regression_loops_posthoc__tree_group_audit__blend_0.25__cost_1__no_favorable_group,23940,2,Rock1-130-A,01_Rock1-130-A_comp.jams,237698,0,3,2,2,mixed,-0.03175494074821472,0.3303983211517334,0.4096327319587629,False,0
regression_loops_posthoc__tree_group_audit__blend_0.25__cost_1__no_favorable_group,23962,2,Rock1-130-A,01_Rock1-130-A_comp.jams,295073,3,4,3,3,mixed,-0.2050771415233612,0.28900253772735596,0.5482170245398773,False,0
regression_loops_posthoc__tree_group_audit__blend_0.25__cost_1__no_favorable_group,23975,2,Rock1-130-A,01_Rock1-130-A_comp.jams,326596,1,4,3,3,mixed,-0.19366666674613953,0.10156860947608948,0.5837844488188977,False,0
regression_loops_posthoc__tree_group_audit__blend_0.25__cost_1__no_favorable_group,24065,2,Rock1-130-A,01_Rock1-130-A_comp.jams,538623,2,3,2,2,mixed,-0.03669321537017822,0.08726838231086731,0.33203125,False,0
regression_loops_posthoc__tree_group_audit__blend_0.25__cost_1__no_favorable_group,24066,2,Rock1-130-A,01_Rock1-130-A_comp.jams,540389,1,2,3,2,regression_favored,-0.09325557947158813,-0.05085211992263794,0.390625,True,0
regression_loops_posthoc__tree_group_audit__blend_0.25__cost_1__no_favorable_group,24090,2,Rock1-130-A,01_Rock1-130-A_comp.jams,621386,3,3,4,3,regression_favored,-0.07992815971374512,-0.018654227256774902,0.09375,True,1
regression_loops_posthoc__tree_group_audit__blend_0.25__cost_1__no_favorable_group,24101,2,Rock1-130-A,01_Rock1-130-A_comp.jams,651197,6,3,4,4,mixed,-0.04105916619300842,0.26031747460365295,0.3020833333333333,False,0
regression_loops_posthoc__tree_group_audit__blend_0.25__cost_1__no_favorable_group,24225,2,Rock1-130-A,01_Rock1-130-A_comp.jams,935166,2,3,2,2,correction_favored,0.014151722192764282,0.2624248266220093,0.2903481012658228,False,0
regression_loops_posthoc__tree_group_audit__blend_0.25__cost_1__no_favorable_group,26279,2,Rock2-85-F,01_Rock2-85-F_comp.jams,294292,3,4,2,2,correction_favored,0.09651628136634827,0.40808820724487305,0.08375,False,0
regression_loops_posthoc__tree_group_audit__blend_0.25__cost_1__no_favorable_group,26280,2,Rock2-85-F,01_Rock2-85-F_comp.jams,296276,3,3,2,2,mixed,-0.03603604435920715,0.25469106435775757,0.54825,False,0
regression_loops_posthoc__tree_group_audit__blend_0.25__cost_1__no_favorable_group,26471,2,Rock2-85-F,01_Rock2-85-F_comp.jams,715616,3,4,3,3,mixed,-0.1577639877796173,0.05005156993865967,0.69675,False,0
regression_loops_posthoc__tree_group_audit__blend_0.25__cost_1__no_favorable_group,26479,2,Rock2-85-F,01_Rock2-85-F_comp.jams,749310,2,2,3,3,mixed,-0.10964828729629517,0.10314375162124634,0.2315340909090909,False,0
regression_loops_posthoc__tree_group_audit__blend_0.25__cost_1__no_favorable_group,26501,2,Rock2-85-F,01_Rock2-85-F_comp.jams,793931,4,2,3,3,mixed,-0.07152089476585388,0.23431016504764557,0.29625,False,0
regression_loops_posthoc__tree_group_audit__blend_0.25__cost_1__no_favorable_group,26524,2,Rock2-85-F,01_Rock2-85-F_comp.jams,839668,2,4,3,3,mixed,-0.2028093934059143,0.03695651888847351,0.5354166666666667,False,0
regression_loops_posthoc__tree_group_audit__blend_0.25__cost_1__no_favorable_group,26525,2,Rock2-85-F,01_Rock2-85-F_comp.jams,841678,2,2,3,3,mixed,-0.03548389673233032,0.10699465870857239,0.033854166666666664,False,0
regression_loops_posthoc__tree_group_audit__blend_0.25__cost_1__no_favorable_group,26540,2,Rock2-85-F,01_Rock2-85-F_comp.jams,872870,3,2,3,3,mixed,-0.018691599369049072,0.17326797544956207,0.3631628787878788,False,0
regression_loops_posthoc__tree_group_audit__blend_0.25__cost_1__no_favorable_group,26562,2,Rock2-85-F,01_Rock2-85-F_comp.jams,917481,1,3,2,2,correction_favored,0.039821773767471313,0.2701149582862854,0.4644097222222222,False,0
regression_loops_posthoc__tree_group_audit__blend_0.25__cost_1__no_favorable_group,26612,2,Rock2-85-F,01_Rock2-85-F_comp.jams,1042041,2,4,2,2,correction_favored,0.09080187976360321,0.43359375,0.06282216494845361,False,0
regression_loops_posthoc__tree_group_audit__blend_0.25__cost_1__no_favorable_group,26613,2,Rock2-85-F,01_Rock2-85-F_comp.jams,1043864,3,4,3,3,mixed,-0.11832460761070251,0.038001418113708496,0.578125,False,0
regression_loops_posthoc__tree_group_audit__blend_0.25__cost_1__no_favorable_group,26703,2,Rock2-85-F,01_Rock2-85-F_comp.jams,1289697,3,3,2,2,mixed,-0.12818613648414612,0.054137468338012695,0.2741477272727273,False,0
regression_loops_posthoc__tree_group_audit__blend_0.25__cost_1__no_favorable_group,26880,2,Rock2-85-F,01_Rock2-85-F_comp.jams,1741995,2,4,2,2,correction_favored,0.0943894237279892,0.35227271914482117,0.11574074074074074,False,0
regression_loops_posthoc__tree_group_audit__blend_0.25__cost_1__no_favorable_group,26903,2,Rock2-85-F,01_Rock2-85-F_comp.jams,1788302,3,3,2,2,mixed,-0.028745204210281372,0.2586206793785095,0.3510584677419355,False,0
regression_loops_posthoc__tree_group_audit__blend_0.25__cost_1__no_favorable_group,26921,2,Rock2-85-F,01_Rock2-85-F_comp.jams,1835878,4,3,4,4,mixed,-0.05279034376144409,0.1827956736087799,0.17939082278481014,False,0
regression_loops_posthoc__tree_group_audit__blend_0.25__cost_1__no_favorable_group,26934,2,Rock2-85-F,01_Rock2-85-F_comp.jams,1868073,4,3,4,4,mixed,-0.11097878217697144,0.17763973772525787,0.20362367021276595,False,0
regression_loops_posthoc__tree_group_audit__blend_0.25__cost_1__no_favorable_group,26950,2,Rock2-85-F,01_Rock2-85-F_comp.jams,1900234,2,2,3,2,regression_favored,-0.28614622354507446,-0.1276390701532364,0.375,True,1
regression_loops_posthoc__tree_group_audit__blend_0.25__cost_1__no_favorable_group,34124,2,Funk1-114-Ab,02_Funk1-114-Ab_comp.jams,697588,2,2,3,2,regression_favored,-0.2612456679344177,-0.011425286531448364,0.3272405660377358,True,1
regression_loops_posthoc__tree_group_audit__blend_0.25__cost_1__no_favorable_group,34203,2,Funk1-114-Ab,02_Funk1-114-Ab_comp.jams,981918,2,4,3,3,mixed,-0.13700535893440247,0.2195121943950653,0.499870867768595,False,0
regression_loops_posthoc__tree_group_audit__blend_0.25__cost_1__no_favorable_group,34225,2,Funk1-114-Ab,02_Funk1-114-Ab_comp.jams,1044031,1,2,3,3,mixed,-0.23290425539016724,0.03532218933105469,0.28846153846153844,False,0
regression_loops_posthoc__tree_group_audit__blend_0.25__cost_1__no_favorable_group,37200,2,Jazz1-200-B,02_Jazz1-200-B_comp.jams,60176,2,3,2,2,mixed,-0.10982483625411987,0.23876404762268066,0.40567434210526315,False,0
regression_loops_posthoc__tree_group_audit__blend_0.25__cost_1__no_favorable_group,37212,2,Jazz1-200-B,02_Jazz1-200-B_comp.jams,101428,3,3,2,2,correction_favored,0.05230012536048889,0.3291770815849304,0.4008233532934132,False,0
regression_loops_posthoc__tree_group_audit__blend_0.25__cost_1__no_favorable_group,37220,2,Jazz1-200-B,02_Jazz1-200-B_comp.jams,119010,4,3,2,3,regression_favored,-0.22027398645877838,-0.11080822348594666,0.19901315789473684,True,0
regression_loops_posthoc__tree_group_audit__blend_0.25__cost_1__no_favorable_group,37262,2,Jazz1-200-B,02_Jazz1-200-B_comp.jams,225039,3,2,4,2,regression_favored,-0.30095237493515015,-0.16571427881717682,0.052083333333333336,True,0
regression_loops_posthoc__tree_group_audit__blend_0.25__cost_1__no_favorable_group,37329,2,Jazz1-200-B,02_Jazz1-200-B_comp.jams,410446,2,2,3,3,mixed,-0.11633989214897156,0.10147058963775635,0.11150568181818182,False,0
regression_loops_posthoc__tree_group_audit__blend_0.25__cost_1__no_favorable_group,37332,2,Jazz1-200-B,02_Jazz1-200-B_comp.jams,418739,1,3,2,2,mixed,-0.07264110445976257,0.2436998188495636,0.35139266304347827,False,0
regression_loops_posthoc__tree_group_audit__blend_0.25__cost_1__no_favorable_group,37382,2,Jazz1-200-B,02_Jazz1-200-B_comp.jams,530167,3,3,2,2,mixed,-0.33775854110717773,0.017809659242630005,0.523489238410596,False,0
regression_loops_posthoc__tree_group_audit__blend_0.25__cost_1__no_favorable_group,37405,2,Jazz1-200-B,02_Jazz1-200-B_comp.jams,577618,1,3,2,2,mixed,-0.07974138855934143,0.38333335518836975,0.5837053571428571,False,0
regression_loops_posthoc__tree_group_audit__blend_0.25__cost_1__no_favorable_group,37426,2,Jazz1-200-B,02_Jazz1-200-B_comp.jams,629667,2,2,3,2,regression_favored,-0.3298701345920563,-0.1860877424478531,0.34509698275862066,True,1
regression_loops_posthoc__tree_group_audit__blend_0.25__cost_1__no_favorable_group,37589,2,Jazz2-110-Bb,02_Jazz2-110-Bb_comp.jams,231559,1,3,2,2,correction_favored,0.02563658356666565,0.32797107100486755,0.3183388157894737,False,0
regression_loops_posthoc__tree_group_audit__blend_0.25__cost_1__no_favorable_group,37605,2,Jazz2-110-Bb,02_Jazz2-110-Bb_comp.jams,279955,0,2,3,2,regression_favored,-0.18632641434669495,-0.030830025672912598,0.3329326923076923,True,0
regression_loops_posthoc__tree_group_audit__blend_0.25__cost_1__no_favorable_group,37774,2,Jazz2-110-Bb,02_Jazz2-110-Bb_comp.jams,744610,0,3,2,2,mixed,-0.017361104488372803,0.26834455132484436,0.41824324324324325,False,0
regression_loops_posthoc__tree_group_audit__blend_0.25__cost_1__no_favorable_group,37793,2,Jazz2-110-Bb,02_Jazz2-110-Bb_comp.jams,820715,4,4,3,3,mixed,-0.061357200145721436,0.5032894611358643,0.35225866336633666,False,0
regression_loops_posthoc__tree_group_audit__blend_0.25__cost_1__no_favorable_group,37839,2,Jazz2-110-Bb,02_Jazz2-110-Bb_comp.jams,962308,3,4,3,3,mixed,-0.0806846022605896,0.1904761791229248,0.4730392156862745,False,0
regression_loops_posthoc__tree_group_audit__blend_0.25__cost_1__no_favorable_group,37943,2,Jazz2-110-Bb,02_Jazz2-110-Bb_comp.jams,1226665,0,3,2,2,correction_favored,0.05206462740898132,0.31994926929473877,0.5524193548387096,False,0
regression_loops_posthoc__tree_group_audit__blend_0.25__cost_1__no_favorable_group,37965,2,Jazz2-110-Bb,02_Jazz2-110-Bb_comp.jams,1290267,2,4,2,2,correction_favored,0.10000000894069672,0.3503991365432739,0.05374313186813187,False,0
regression_loops_posthoc__tree_group_audit__blend_0.25__cost_1__no_favorable_group,37981,2,Jazz2-110-Bb,02_Jazz2-110-Bb_comp.jams,1325160,4,4,3,4,regression_favored,-0.2921348214149475,-0.029185861349105835,0.39199862637362637,True,1
regression_loops_posthoc__tree_group_audit__blend_0.25__cost_1__no_favorable_group,38004,2,Jazz2-110-Bb,02_Jazz2-110-Bb_comp.jams,1408721,2,3,2,2,mixed,-0.08344069123268127,0.1116773784160614,0.1736111111111111,False,0
regression_loops_posthoc__tree_group_audit__blend_0.25__cost_1__no_favorable_group,38013,2,Jazz2-110-Bb,02_Jazz2-110-Bb_comp.jams,1430930,1,3,2,2,mixed,-0.05402177572250366,0.16076818108558655,0.38992117117117114,False,0
regression_loops_posthoc__tree_group_audit__blend_0.25__cost_1__no_favorable_group,38014,2,Jazz2-110-Bb,02_Jazz2-110-Bb_comp.jams,1432719,3,3,2,2,mixed,-0.09561830759048462,0.06077766418457031,0.390625,False,0
regression_loops_posthoc__tree_group_audit__blend_0.25__cost_1__no_favorable_group,38027,2,Jazz2-110-Bb,02_Jazz2-110-Bb_comp.jams,1465510,3,3,2,2,correction_favored,0.14583495259284973,0.35919731855392456,0.7202743902439024,False,0
regression_loops_posthoc__tree_group_audit__blend_0.25__cost_1__no_favorable_group,39832,2,Rock1-130-A,02_Rock1-130-A_comp.jams,30942,3,3,2,2,correction_favored,0.014400005340576172,0.3387256860733032,0.3369891826923077,False,0
regression_loops_posthoc__tree_group_audit__blend_0.25__cost_1__no_favorable_group,39833,2,Rock1-130-A,02_Rock1-130-A_comp.jams,32738,2,2,3,3,mixed,-0.16643837094306946,0.039271265268325806,0.26801470588235293,False,0
regression_loops_posthoc__tree_group_audit__blend_0.25__cost_1__no_favorable_group,39865,2,Rock1-130-A,02_Rock1-130-A_comp.jams,143424,1,4,3,4,regression_favored,-0.29513514041900635,-0.069989413022995,0.6317934782608695,True,0
regression_loops_posthoc__tree_group_audit__blend_0.25__cost_1__no_favorable_group,39915,2,Rock1-130-A,02_Rock1-130-A_comp.jams,305561,2,2,3,3,mixed,-0.16274864971637726,0.054576754570007324,0.45159313725490197,False,0
regression_loops_posthoc__tree_group_audit__blend_0.25__cost_1__no_favorable_group,40102,2,Rock1-130-A,02_Rock1-130-A_comp.jams,844695,2,3,2,2,correction_favored,0.0990196019411087,0.3573119044303894,0.5843178353658537,False,0
regression_loops_posthoc__tree_group_audit__blend_0.25__cost_1__no_favorable_group,40117,2,Rock1-130-A,02_Rock1-130-A_comp.jams,877458,1,2,3,2,regression_favored,-0.2665594220161438,-0.1272493600845337,0.2713541666666667,True,0
regression_loops_posthoc__tree_group_audit__blend_0.25__cost_1__no_favorable_group,40119,2,Rock1-130-A,02_Rock1-130-A_comp.jams,886924,3,4,3,4,regression_favored,-0.09810426831245422,-0.09810426831245422,0.28125,True,-1
regression_loops_posthoc__tree_group_audit__blend_0.25__cost_1__no_favorable_group,41556,2,Rock2-85-F,02_Rock2-85-F_comp.jams,487938,1,3,2,2,correction_favored,0.05296871066093445,0.43243247270584106,0.4684734513274336,False,0
regression_loops_posthoc__tree_group_audit__blend_0.25__cost_1__no_favorable_group,41557,2,Rock2-85-F,02_Rock2-85-F_comp.jams,490012,2,3,2,2,mixed,-0.09495982527732849,0.17936354875564575,0.6435111464968153,False,0
regression_loops_posthoc__tree_group_audit__blend_0.25__cost_1__no_favorable_group,41584,2,Rock2-85-F,02_Rock2-85-F_comp.jams,560824,3,2,3,3,mixed,-0.12353532016277313,0.16831737756729126,0.4662964876033058,False,0
regression_loops_posthoc__tree_group_audit__blend_0.25__cost_1__no_favorable_group,41895,2,Rock2-85-F,02_Rock2-85-F_comp.jams,1556657,4,2,4,4,mixed,-0.5555555820465088,0.20879121124744415,0.11300223214285714,False,0
regression_loops_posthoc__tree_group_audit__blend_0.25__cost_1__no_favorable_group,41978,2,Rock2-85-F,02_Rock2-85-F_comp.jams,1774190,1,4,2,2,mixed,-0.06111110746860504,0.3958333134651184,0.07355349344978165,False,0
regression_loops_posthoc__tree_group_audit__blend_0.25__cost_1__no_favorable_group,41991,2,Rock2-85-F,02_Rock2-85-F_comp.jams,1805568,3,3,2,2,correction_favored,0.05947399139404297,0.1468098759651184,0.2265625,False,0
regression_loops_posthoc__tree_group_audit__blend_0.25__cost_1__no_favorable_group,42005,2,Rock2-85-F,02_Rock2-85-F_comp.jams,1851574,2,4,3,3,mixed,-0.14257052540779114,0.1624850630760193,0.5529891304347826,False,0
regression_loops_posthoc__tree_group_audit__blend_0.25__cost_1__no_favorable_group,42014,2,Rock2-85-F,02_Rock2-85-F_comp.jams,1898698,3,4,3,3,mixed,-0.20967742800712585,0.3477477431297302,0.5604292168674698,False,0
regression_loops_posthoc__tree_group_audit__blend_0.25__cost_1__no_favorable_group,42041,2,Rock2-85-F,02_Rock2-85-F_comp.jams,1961050,1,4,2,2,correction_favored,0.0020242929458618164,0.35853976011276245,0.0790264423076923,False,0
regression_loops_posthoc__tree_group_audit__blend_0.25__cost_1__no_favorable_group,48816,2,Funk1-114-Ab,03_Funk1-114-Ab_comp.jams,267051,1,3,2,2,mixed,-0.09894737601280212,0.11259311437606812,0.38640625,False,0
regression_loops_posthoc__tree_group_audit__blend_0.25__cost_1__no_favorable_group,48826,2,Funk1-114-Ab,03_Funk1-114-Ab_comp.jams,298439,1,4,2,2,correction_favored,0.04294827580451965,0.26455026865005493,0.35089476495726496,False,0
regression_loops_posthoc__tree_group_audit__blend_0.25__cost_1__no_favorable_group,48829,2,Funk1-114-Ab,03_Funk1-114-Ab_comp.jams,313415,4,4,3,4,regression_favored,-0.24668028950691223,-0.13445377349853516,0.6896551724137931,True,1
regression_loops_posthoc__tree_group_audit__blend_0.25__cost_1__no_favorable_group,48853,2,Funk1-114-Ab,03_Funk1-114-Ab_comp.jams,394882,3,2,3,3,mixed,-0.33723151683807373,0.05373960733413696,0.25967261904761907,False,0
regression_loops_posthoc__tree_group_audit__blend_0.25__cost_1__no_favorable_group,48885,2,Funk1-114-Ab,03_Funk1-114-Ab_comp.jams,480995,2,3,2,2,correction_favored,0.1473732888698578,0.1473732888698578,0.78125,False,0
regression_loops_posthoc__tree_group_audit__blend_0.25__cost_1__no_favorable_group,48984,2,Funk1-114-Ab,03_Funk1-114-Ab_comp.jams,870674,3,4,2,2,mixed,-0.022467628121376038,0.30402928590774536,0.12685381355932204,False,0
regression_loops_posthoc__tree_group_audit__blend_0.25__cost_1__no_favorable_group,49013,2,Funk1-114-Ab,03_Funk1-114-Ab_comp.jams,1009051,4,2,3,3,mixed,-0.23462530970573425,0.11761188507080078,0.3609744094488189,False,0
regression_loops_posthoc__tree_group_audit__blend_0.25__cost_1__no_favorable_group,49015,2,Funk1-114-Ab,03_Funk1-114-Ab_comp.jams,1030137,2,4,3,3,mixed,-0.045682668685913086,0.7333333492279053,0.4563210227272727,False,0
regression_loops_posthoc__tree_group_audit__blend_0.25__cost_1__no_favorable_group,49019,2,Funk1-114-Ab,03_Funk1-114-Ab_comp.jams,1046791,4,3,2,2,mixed,-0.1353047788143158,0.15347594022750854,0.3134191176470588,False,0
regression_loops_posthoc__tree_group_audit__blend_0.25__cost_1__no_favorable_group,51763,2,Jazz1-200-B,03_Jazz1-200-B_comp.jams,13844,3,4,3,3,mixed,-0.29189613461494446,0.05270653963088989,0.27734375,False,0
regression_loops_posthoc__tree_group_audit__blend_0.25__cost_1__no_favorable_group,51793,2,Jazz1-200-B,03_Jazz1-200-B_comp.jams,225052,4,4,3,3,mixed,-0.23432835936546326,0.5325077772140503,0.28498641304347827,False,0
regression_loops_posthoc__tree_group_audit__blend_0.25__cost_1__no_favorable_group,51866,2,Jazz1-200-B,03_Jazz1-200-B_comp.jams,552462,3,4,2,2,mixed,-0.0165289044380188,0.3836671710014343,0.2589045698924731,False,0
regression_loops_posthoc__tree_group_audit__blend_0.25__cost_1__no_favorable_group,51874,2,Jazz1-200-B,03_Jazz1-200-B_comp.jams,609201,4,4,3,3,mixed,-0.33495932817459106,0.5064935088157654,0.2747395833333333,False,0
regression_loops_posthoc__tree_group_audit__blend_0.25__cost_1__no_favorable_group,51963,2,Jazz2-110-Bb,03_Jazz2-110-Bb_comp.jams,23283,4,4,3,3,mixed,-0.24456164240837097,0.10343426465988159,0.36946358267716534,False,0
regression_loops_posthoc__tree_group_audit__blend_0.25__cost_1__no_favorable_group,51978,2,Jazz2-110-Bb,03_Jazz2-110-Bb_comp.jams,64126,3,3,2,2,mixed,-0.3268606960773468,0.0036244988441467285,0.4883522727272727,False,0
regression_loops_posthoc__tree_group_audit__blend_0.25__cost_1__no_favorable_group,51982,2,Jazz2-110-Bb,03_Jazz2-110-Bb_comp.jams,90572,0,4,2,2,mixed,-0.11436951160430908,0.32674771547317505,0.1432528409090909,False,0
regression_loops_posthoc__tree_group_audit__blend_0.25__cost_1__no_favorable_group,51983,2,Jazz2-110-Bb,03_Jazz2-110-Bb_comp.jams,96552,3,4,2,2,mixed,-0.17224879562854767,0.28125,0.2461872009569378,False,0
regression_loops_posthoc__tree_group_audit__blend_0.25__cost_1__no_favorable_group,52075,2,Jazz2-110-Bb,03_Jazz2-110-Bb_comp.jams,432984,3,3,2,2,mixed,-0.19066859781742096,0.10606804490089417,0.62890625,False,0
regression_loops_posthoc__tree_group_audit__blend_0.25__cost_1__no_favorable_group,52128,2,Jazz2-110-Bb,03_Jazz2-110-Bb_comp.jams,618093,3,3,2,2,mixed,-0.13864392042160034,0.07607495784759521,0.6103670634920635,False,0
regression_loops_posthoc__tree_group_audit__blend_0.25__cost_1__no_favorable_group,52140,2,Jazz2-110-Bb,03_Jazz2-110-Bb_comp.jams,647628,3,4,3,3,mixed,-0.11319723725318909,0.4736842215061188,0.3607201986754967,False,0
regression_loops_posthoc__tree_group_audit__blend_0.25__cost_1__no_favorable_group,52169,2,Jazz2-110-Bb,03_Jazz2-110-Bb_comp.jams,769862,4,4,3,3,mixed,-0.4426111876964569,0.4655870795249939,0.29173259493670883,False,0
regression_loops_posthoc__tree_group_audit__blend_0.25__cost_1__no_favorable_group,52215,2,Jazz2-110-Bb,03_Jazz2-110-Bb_comp.jams,962707,4,4,3,3,mixed,-0.26590266823768616,0.003159552812576294,0.2140625,False,0
regression_loops_posthoc__tree_group_audit__blend_0.25__cost_1__no_favorable_group,52287,2,Jazz2-110-Bb,03_Jazz2-110-Bb_comp.jams,1203651,3,3,2,2,mixed,-0.06203562021255493,0.14847472310066223,0.7815061475409836,False,0
regression_loops_posthoc__tree_group_audit__blend_0.25__cost_1__no_favorable_group,52355,2,Jazz2-110-Bb,03_Jazz2-110-Bb_comp.jams,1443845,4,4,3,4,regression_favored,-0.2121882140636444,-0.2121882140636444,0.453125,True,1
regression_loops_posthoc__tree_group_audit__blend_0.25__cost_1__no_favorable_group,53782,2,Rock1-130-A,03_Rock1-130-A_comp.jams,102637,3,4,3,3,mixed,-0.06385120749473572,0.133941650390625,0.5662715517241379,False,0
regression_loops_posthoc__tree_group_audit__blend_0.25__cost_1__no_favorable_group,53803,2,Rock1-130-A,03_Rock1-130-A_comp.jams,154708,1,3,2,2,mixed,-0.10810810327529907,0.07389436662197113,0.5895220588235294,False,0
regression_loops_posthoc__tree_group_audit__blend_0.25__cost_1__no_favorable_group,53824,2,Rock1-130-A,03_Rock1-130-A_comp.jams,214273,3,4,3,3,mixed,-0.11555379629135132,0.11041456460952759,0.6158234126984127,False,0
regression_loops_posthoc__tree_group_audit__blend_0.25__cost_1__no_favorable_group,53833,2,Rock1-130-A,03_Rock1-130-A_comp.jams,234386,1,3,2,2,mixed,-0.18260419368743896,0.0842689573764801,0.3398722627737226,False,0
regression_loops_posthoc__tree_group_audit__blend_0.25__cost_1__no_favorable_group,53849,2,Rock1-130-A,03_Rock1-130-A_comp.jams,273669,1,4,2,2,correction_favored,0.09080187976360321,0.43359375,0.07258357558139535,False,0
regression_loops_posthoc__tree_group_audit__blend_0.25__cost_1__no_favorable_group,53850,2,Rock1-130-A,03_Rock1-130-A_comp.jams,275636,2,2,3,3,mixed,-0.3038981556892395,0.039154112339019775,0.28802083333333334,False,0
regression_loops_posthoc__tree_group_audit__blend_0.25__cost_1__no_favorable_group,53870,2,Rock1-130-A,03_Rock1-130-A_comp.jams,325102,2,4,2,2,correction_favored,0.05274726450443268,0.2570902109146118,0.023214285714285715,False,0
regression_loops_posthoc__tree_group_audit__blend_0.25__cost_1__no_favorable_group,53882,2,Rock1-130-A,03_Rock1-130-A_comp.jams,358103,2,4,2,2,correction_favored,0.05222436785697937,0.523809552192688,0.39226190476190476,False,0
regression_loops_posthoc__tree_group_audit__blend_0.25__cost_1__no_favorable_group,53932,2,Rock1-130-A,03_Rock1-130-A_comp.jams,467223,3,4,2,2,mixed,-0.08888888359069824,0.14374998211860657,0.05674342105263158,False,0
regression_loops_posthoc__tree_group_audit__blend_0.25__cost_1__no_favorable_group,53948,2,Rock1-130-A,03_Rock1-130-A_comp.jams,508576,2,4,2,2,correction_favored,0.10891088843345642,0.3428176939487457,0.06578125,False,0
regression_loops_posthoc__tree_group_audit__blend_0.25__cost_1__no_favorable_group,54000,2,Rock1-130-A,03_Rock1-130-A_comp.jams,650321,3,3,2,2,mixed,-0.11622573435306549,0.3387256860733032,0.3344155844155844,False,0
regression_loops_posthoc__tree_group_audit__blend_0.25__cost_1__no_favorable_group,54029,2,Rock1-130-A,03_Rock1-130-A_comp.jams,722416,3,4,3,3,mixed,-0.2476363629102707,0.1153402328491211,0.44664634146341464,False,0
regression_loops_posthoc__tree_group_audit__blend_0.25__cost_1__no_favorable_group,54037,2,Rock1-130-A,03_Rock1-130-A_comp.jams,741590,2,3,4,4,mixed,-0.041552186012268066,0.19956248998641968,0.3576388888888889,False,0
regression_loops_posthoc__tree_group_audit__blend_0.25__cost_1__no_favorable_group,54038,2,Rock1-130-A,03_Rock1-130-A_comp.jams,743753,2,4,2,2,correction_favored,0.06226415932178497,0.3551020324230194,0.269281914893617,False,0
regression_loops_posthoc__tree_group_audit__blend_0.25__cost_1__no_favorable_group,54042,2,Rock1-130-A,03_Rock1-130-A_comp.jams,753980,1,3,2,2,correction_favored,0.10629181563854218,0.33718687295913696,0.5899808114035088,False,0
regression_loops_posthoc__tree_group_audit__blend_0.25__cost_1__no_favorable_group,54050,2,Rock1-130-A,03_Rock1-130-A_comp.jams,772235,3,4,3,4,regression_favored,-0.24153019487857819,-0.024366945028305054,0.606468023255814,True,-1
regression_loops_posthoc__tree_group_audit__blend_0.25__cost_1__no_favorable_group,54059,2,Rock1-130-A,03_Rock1-130-A_comp.jams,792949,3,4,2,2,mixed,-0.16583377122879028,0.3214762210845947,0.2275,False,0
regression_loops_posthoc__tree_group_audit__blend_0.25__cost_1__no_favorable_group,54086,2,Rock1-130-A,03_Rock1-130-A_comp.jams,864601,2,2,3,3,mixed,-0.0633818507194519,0.22392059862613678,0.3921875,False,0
regression_loops_posthoc__tree_group_audit__blend_0.25__cost_1__no_favorable_group,54106,2,Rock1-130-A,03_Rock1-130-A_comp.jams,915452,2,3,2,2,mixed,-0.18260419368743896,0.09176468849182129,0.20907738095238096,False,0
regression_loops_posthoc__tree_group_audit__blend_0.25__cost_1__no_favorable_group,54111,2,Rock1-130-A,03_Rock1-130-A_comp.jams,927148,1,4,3,3,correction_favored,0.07838132977485657,0.07838132977485657,0.421875,False,0
regression_loops_posthoc__tree_group_audit__blend_0.25__cost_1__no_favorable_group,55515,2,Rock2-85-F,03_Rock2-85-F_comp.jams,121919,2,4,3,3,mixed,-0.2174137532711029,0.24740123748779297,0.47790310650887574,False,0
regression_loops_posthoc__tree_group_audit__blend_0.25__cost_1__no_favorable_group,55532,2,Rock2-85-F,03_Rock2-85-F_comp.jams,169321,2,3,2,2,correction_favored,0.047171324491500854,0.35609346628189087,0.14268092105263158,False,0
regression_loops_posthoc__tree_group_audit__blend_0.25__cost_1__no_favorable_group,55675,2,Rock2-85-F,03_Rock2-85-F_comp.jams,647096,3,3,2,2,mixed,-0.05411764979362488,0.2072213590145111,0.5662715517241379,False,0
regression_loops_posthoc__tree_group_audit__blend_0.25__cost_1__no_favorable_group,55701,2,Rock2-85-F,03_Rock2-85-F_comp.jams,743834,1,3,2,2,correction_favored,0.03219634294509888,0.2614634037017822,0.5524193548387096,False,0
regression_loops_posthoc__tree_group_audit__blend_0.25__cost_1__no_favorable_group,55806,2,Rock2-85-F,03_Rock2-85-F_comp.jams,963340,3,3,4,4,correction_favored,0.06233423948287964,0.28669410943984985,0.2600806451612903,False,0
regression_loops_posthoc__tree_group_audit__blend_0.25__cost_1__no_favorable_group,55831,2,Rock2-85-F,03_Rock2-85-F_comp.jams,1018519,2,3,2,2,correction_favored,0.009553223848342896,0.3888888955116272,0.3160006830601093,False,0
regression_loops_posthoc__tree_group_audit__blend_0.25__cost_1__no_favorable_group,55836,2,Rock2-85-F,03_Rock2-85-F_comp.jams,1041888,3,4,2,2,correction_favored,0.21369540691375732,0.2802325487136841,0.125,False,0
regression_loops_posthoc__tree_group_audit__blend_0.25__cost_1__no_favorable_group,55850,2,Rock2-85-F,03_Rock2-85-F_comp.jams,1072666,1,3,2,2,mixed,-0.09144619107246399,0.3888888955116272,0.35527432126696834,False,0
regression_loops_posthoc__tree_group_audit__blend_0.25__cost_1__no_favorable_group,55855,2,Rock2-85-F,03_Rock2-85-F_comp.jams,1088794,4,4,3,3,mixed,-0.064659982919693,0.2130081057548523,0.6285460992907801,False,0
regression_loops_posthoc__tree_group_audit__blend_0.25__cost_1__no_favorable_group,55862,2,Rock2-85-F,03_Rock2-85-F_comp.jams,1117488,1,4,2,2,correction_favored,0.02630007266998291,0.3518821597099304,0.1236857476635514,False,0
regression_loops_posthoc__tree_group_audit__blend_0.25__cost_1__no_favorable_group,55863,2,Rock2-85-F,03_Rock2-85-F_comp.jams,1119278,3,3,2,3,regression_favored,-0.297783225774765,-0.002590686082839966,0.3133138020833333,True,1
regression_loops_posthoc__tree_group_audit__blend_0.25__cost_1__no_favorable_group,55873,2,Rock2-85-F,03_Rock2-85-F_comp.jams,1143186,3,4,3,3,mixed,-0.1367102414369583,0.027166277170181274,0.6683298319327731,False,0
regression_loops_posthoc__tree_group_audit__blend_0.25__cost_1__no_favorable_group,55877,2,Rock2-85-F,03_Rock2-85-F_comp.jams,1165271,2,3,2,2,correction_favored,0.03187251091003418,0.4117647409439087,0.2306219362745098,False,0
regression_loops_posthoc__tree_group_audit__blend_0.25__cost_1__no_favorable_group,55948,2,Rock2-85-F,03_Rock2-85-F_comp.jams,1369592,2,4,2,2,mixed,-0.01964285969734192,0.3958333134651184,0.06341240875912409,False,0
regression_loops_posthoc__tree_group_audit__blend_0.25__cost_1__no_favorable_group,55989,2,Rock2-85-F,03_Rock2-85-F_comp.jams,1461538,3,4,2,2,correction_favored,0.10686768591403961,0.3344718813896179,0.08918269230769231,False,0
regression_loops_posthoc__tree_group_audit__blend_0.25__cost_1__no_favorable_group,56008,2,Rock2-85-F,03_Rock2-85-F_comp.jams,1518301,3,4,3,4,regression_favored,-0.2690207362174988,-0.08436976373195648,0.4607077205882353,True,-1
regression_loops_posthoc__tree_group_audit__blend_0.25__cost_1__no_favorable_group,56035,2,Rock2-85-F,03_Rock2-85-F_comp.jams,1620182,2,4,2,2,correction_favored,0.026446282863616943,0.4973958432674408,0.4244106359649123,False,0
regression_loops_posthoc__tree_group_audit__blend_0.25__cost_1__no_favorable_group,56043,2,Rock2-85-F,03_Rock2-85-F_comp.jams,1663775,2,3,2,2,correction_favored,0.2853538393974304,0.32071608304977417,0.21875,False,0
regression_loops_posthoc__tree_group_audit__blend_0.25__cost_1__no_favorable_group,56084,2,Rock2-85-F,03_Rock2-85-F_comp.jams,1790380,2,4,2,2,correction_favored,0.18996961414813995,0.38728323578834534,0.06808035714285714,False,0
regression_loops_posthoc__tree_group_audit__blend_0.25__cost_1__no_favorable_group,56085,2,Rock2-85-F,03_Rock2-85-F_comp.jams,1792149,2,2,3,3,mixed,-0.13320079445838928,0.0422879159450531,0.3875,False,0
regression_loops_posthoc__tree_group_audit__blend_0.25__cost_1__no_favorable_group,56132,2,Rock2-85-F,03_Rock2-85-F_comp.jams,1890795,1,3,2,2,correction_favored,0.09930796921253204,0.369905948638916,0.5133208525345622,False,0
regression_loops_posthoc__tree_group_audit__blend_0.25__cost_1__no_favorable_group,56142,2,Rock2-85-F,03_Rock2-85-F_comp.jams,1912854,2,3,2,2,mixed,-0.01135188341140747,0.20278669893741608,0.32180851063829785,False,0
regression_loops_posthoc__tree_group_audit__blend_0.25__cost_1__no_favorable_group,56204,2,Rock2-85-F,03_Rock2-85-F_solo.jams,356094,1,3,2,2,mixed,-0.16192957758903503,0.22453221678733826,0.2922747461928934,False,0
regression_loops_posthoc__tree_group_audit__blend_0.25__cost_1__no_favorable_group,62103,2,Funk1-114-Ab,04_Funk1-114-Ab_comp.jams,18973,3,4,2,2,correction_favored,0.05587810277938843,0.2232658863067627,0.2270220588235294,False,0
regression_loops_posthoc__tree_group_audit__blend_0.25__cost_1__no_favorable_group,62129,2,Funk1-114-Ab,04_Funk1-114-Ab_comp.jams,111846,3,4,2,2,mixed,-0.15673980116844177,0.375,0.1963180693069307,False,0
regression_loops_posthoc__tree_group_audit__blend_0.25__cost_1__no_favorable_group,62152,2,Funk1-114-Ab,04_Funk1-114-Ab_comp.jams,204383,3,2,3,3,mixed,-0.07518798112869263,0.17731162905693054,0.32471264367816094,False,0
regression_loops_posthoc__tree_group_audit__blend_0.25__cost_1__no_favorable_group,62266,2,Funk1-114-Ab,04_Funk1-114-Ab_comp.jams,621934,3,4,3,3,mixed,-0.16959992051124573,0.39335179328918457,0.5237418831168831,False,0
regression_loops_posthoc__tree_group_audit__blend_0.25__cost_1__no_favorable_group,62322,2,Funk1-114-Ab,04_Funk1-114-Ab_comp.jams,835569,2,2,3,3,mixed,-0.5102040767669678,0.14659994840621948,0.3985283430232558,False,0
regression_loops_posthoc__tree_group_audit__blend_0.25__cost_1__no_favorable_group,62380,2,Funk1-114-Ab,04_Funk1-114-Ab_comp.jams,1051163,3,4,3,3,mixed,-0.017761647701263428,0.239215686917305,0.5350694444444445,False,0
regression_loops_posthoc__tree_group_audit__blend_0.25__cost_1__no_favorable_group,62383,2,Funk1-114-Ab,04_Funk1-114-Ab_comp.jams,1061533,0,3,2,2,mixed,-0.02660427987575531,0.15351620316505432,0.21498842592592593,False,0
regression_loops_posthoc__tree_group_audit__blend_0.25__cost_1__no_favorable_group,65495,2,Jazz1-200-B,04_Jazz1-200-B_comp.jams,79281,2,4,2,2,correction_favored,0.020069211721420288,0.30311381816864014,0.09140625,False,0
regression_loops_posthoc__tree_group_audit__blend_0.25__cost_1__no_favorable_group,65513,2,Jazz1-200-B,04_Jazz1-200-B_comp.jams,132026,1,3,2,2,mixed,-0.1230224221944809,0.1668129861354828,0.7359775641025641,False,0
regression_loops_posthoc__tree_group_audit__blend_0.25__cost_1__no_favorable_group,65524,2,Jazz1-200-B,04_Jazz1-200-B_comp.jams,165307,1,4,3,3,mixed,-0.3858661651611328,0.2783251404762268,0.36177884615384615,False,0
regression_loops_posthoc__tree_group_audit__blend_0.25__cost_1__no_favorable_group,65533,2,Jazz1-200-B,04_Jazz1-200-B_comp.jams,184486,2,4,3,4,regression_favored,-0.0969618558883667,-0.0969618558883667,0.421875,True,0
regression_loops_posthoc__tree_group_audit__blend_0.25__cost_1__no_favorable_group,65544,2,Jazz1-200-B,04_Jazz1-200-B_comp.jams,220713,0,4,2,2,mixed,-0.13349078595638275,0.3125,0.2160207423580786,False,0
regression_loops_posthoc__tree_group_audit__blend_0.25__cost_1__no_favorable_group,65584,2,Jazz1-200-B,04_Jazz1-200-B_comp.jams,357637,4,4,2,2,mixed,-0.17224879562854767,0.3934760093688965,0.2874445266272189,False,0
regression_loops_posthoc__tree_group_audit__blend_0.25__cost_1__no_favorable_group,65623,2,Jazz1-200-B,04_Jazz1-200-B_comp.jams,452123,0,3,2,2,mixed,-0.11812102794647217,0.20227272808551788,0.6022185114503816,False,0
regression_loops_posthoc__tree_group_audit__blend_0.25__cost_1__no_favorable_group,65627,2,Jazz1-200-B,04_Jazz1-200-B_comp.jams,463208,0,4,2,2,mixed,-0.139938086271286,0.3526785671710968,0.11462053571428571,False,0
regression_loops_posthoc__tree_group_audit__blend_0.25__cost_1__no_favorable_group,65646,2,Jazz1-200-B,04_Jazz1-200-B_comp.jams,515853,3,4,3,4,regression_favored,-0.10811170935630798,-0.035630226135253906,0.41015625,True,-1
regression_loops_posthoc__tree_group_audit__blend_0.25__cost_1__no_favorable_group,65908,2,Jazz2-110-Bb,04_Jazz2-110-Bb_comp.jams,385761,1,4,2,2,mixed,-0.08264462649822235,0.38220423460006714,0.40774183417085424,False,0
regression_loops_posthoc__tree_group_audit__blend_0.25__cost_1__no_favorable_group,66011,2,Jazz2-110-Bb,04_Jazz2-110-Bb_comp.jams,735410,3,3,2,2,mixed,-0.3369016647338867,0.06470218300819397,0.5366417253521126,False,0
regression_loops_posthoc__tree_group_audit__blend_0.25__cost_1__no_favorable_group,66033,2,Jazz2-110-Bb,04_Jazz2-110-Bb_comp.jams,816521,3,2,3,3,mixed,-0.1953611820936203,0.13998565077781677,0.1640625,False,0
regression_loops_posthoc__tree_group_audit__blend_0.25__cost_1__no_favorable_group,66074,2,Jazz2-110-Bb,04_Jazz2-110-Bb_comp.jams,1009846,4,4,2,2,mixed,-0.12384715676307678,0.48515772819519043,0.5177469135802469,False,0
regression_loops_posthoc__tree_group_audit__blend_0.25__cost_1__no_favorable_group,66117,2,Jazz2-110-Bb,04_Jazz2-110-Bb_comp.jams,1156014,3,3,2,2,mixed,-0.05767399072647095,0.15910178422927856,0.6773373983739838,False,0
regression_loops_posthoc__tree_group_audit__blend_0.25__cost_1__no_favorable_group,67794,2,Rock1-130-A,04_Rock1-130-A_comp.jams,397836,2,4,2,2,correction_favored,0.0908285528421402,0.4859335422515869,0.5931664937759336,False,0
regression_loops_posthoc__tree_group_audit__blend_0.25__cost_1__no_favorable_group,67831,2,Rock1-130-A,04_Rock1-130-A_comp.jams,487955,2,4,2,2,mixed,-0.041614919900894165,0.3008546829223633,0.06510416666666667,False,0
regression_loops_posthoc__tree_group_audit__blend_0.25__cost_1__no_favorable_group,67867,2,Rock1-130-A,04_Rock1-130-A_comp.jams,591098,2,2,3,2,regression_favored,-0.21726617217063904,-0.06365834176540375,0.3879354508196721,True,1
regression_loops_posthoc__tree_group_audit__blend_0.25__cost_1__no_favorable_group,67893,2,Rock1-130-A,04_Rock1-130-A_comp.jams,671715,1,3,2,2,correction_favored,0.039821773767471313,0.39072126150131226,0.3428819444444444,False,0
regression_loops_posthoc__tree_group_audit__blend_0.25__cost_1__no_favorable_group,68085,2,Rock1-130-A,04_Rock1-130-A_solo.jams,671730,2,3,2,2,correction_favored,0.04259708523750305,0.5714285969734192,0.6643542531120332,False,0
regression_loops_posthoc__tree_group_audit__blend_0.25__cost_1__no_favorable_group,68090,2,Rock1-130-A,04_Rock1-130-A_solo.jams,681925,2,3,2,2,mixed,-0.024779558181762695,0.4999999701976776,0.6949282786885246,False,0
regression_loops_posthoc__tree_group_audit__blend_0.25__cost_1__no_favorable_group,68095,2,Rock1-130-A,04_Rock1-130-A_solo.jams,692144,2,3,2,2,correction_favored,0.05759391188621521,0.6000000238418579,0.6680005081300813,False,0
regression_loops_posthoc__tree_group_audit__blend_0.25__cost_1__no_favorable_group,69527,2,Rock2-85-F,04_Rock2-85-F_comp.jams,435596,1,4,3,4,regression_favored,-0.2762805223464966,-0.14014895260334015,0.20833333333333334,True,0
regression_loops_posthoc__tree_group_audit__blend_0.25__cost_1__no_favorable_group,69556,2,Rock2-85-F,04_Rock2-85-F_comp.jams,526421,1,4,2,2,mixed,-0.006734013557434082,0.3526785671710968,0.23684210526315788,False,0
regression_loops_posthoc__tree_group_audit__blend_0.25__cost_1__no_favorable_group,69571,2,Rock2-85-F,04_Rock2-85-F_comp.jams,560160,1,4,2,2,correction_favored,0.1423666924238205,0.28196555376052856,0.33370535714285715,False,0
regression_loops_posthoc__tree_group_audit__blend_0.25__cost_1__no_favorable_group,69578,2,Rock2-85-F,04_Rock2-85-F_comp.jams,575308,1,4,2,2,correction_favored,0.016304731369018555,0.32679739594459534,0.35825892857142855,False,0
regression_loops_posthoc__tree_group_audit__blend_0.25__cost_1__no_favorable_group,69585,2,Rock2-85-F,04_Rock2-85-F_comp.jams,590481,1,3,2,2,mixed,-0.035326093435287476,0.12065748870372772,0.6015625,False,0
regression_loops_posthoc__tree_group_audit__blend_0.25__cost_1__no_favorable_group,69594,2,Rock2-85-F,04_Rock2-85-F_comp.jams,622231,1,2,3,3,mixed,-0.27281948924064636,0.08421051502227783,0.22307981927710843,False,0
regression_loops_posthoc__tree_group_audit__blend_0.25__cost_1__no_favorable_group,69612,2,Rock2-85-F,04_Rock2-85-F_comp.jams,668877,1,4,2,2,correction_favored,0.07249999046325684,0.3504273295402527,0.09746503496503496,False,0
regression_loops_posthoc__tree_group_audit__blend_0.25__cost_1__no_favorable_group,69624,2,Rock2-85-F,04_Rock2-85-F_comp.jams,699479,1,3,2,2,correction_favored,0.013943344354629517,0.3216705918312073,0.5457677165354331,False,0
regression_loops_posthoc__tree_group_audit__blend_0.25__cost_1__no_favorable_group,69631,2,Rock2-85-F,04_Rock2-85-F_comp.jams,716871,1,4,3,3,mixed,-0.08058607578277588,0.028564125299453735,0.4575892857142857,False,0
regression_loops_posthoc__tree_group_audit__blend_0.25__cost_1__no_favorable_group,69637,2,Rock2-85-F,04_Rock2-85-F_comp.jams,731322,1,3,2,2,mixed,-0.05139519274234772,0.27283746004104614,0.43916223404255317,False,0
regression_loops_posthoc__tree_group_audit__blend_0.25__cost_1__no_favorable_group,69662,2,Rock2-85-F,04_Rock2-85-F_comp.jams,808418,1,3,2,2,mixed,-0.18651530146598816,0.02205747365951538,0.5005208333333333,False,0
regression_loops_posthoc__tree_group_audit__blend_0.25__cost_1__no_favorable_group,69748,2,Rock2-85-F,04_Rock2-85-F_comp.jams,1009957,1,4,2,2,correction_favored,0.025675669312477112,0.45502644777297974,0.6009672619047619,False,0
regression_loops_posthoc__tree_group_audit__blend_0.25__cost_1__no_favorable_group,69757,2,Rock2-85-F,04_Rock2-85-F_comp.jams,1040311,1,4,2,2,mixed,-0.11553029716014862,0.40412843227386475,0.2882440476190476,False,0
regression_loops_posthoc__tree_group_audit__blend_0.25__cost_1__no_favorable_group,69779,2,Rock2-85-F,04_Rock2-85-F_comp.jams,1089065,1,4,2,2,mixed,-0.033950626850128174,0.39455780386924744,0.25129573170731706,False,0
regression_loops_posthoc__tree_group_audit__blend_0.25__cost_1__no_favorable_group,69808,2,Rock2-85-F,04_Rock2-85-F_comp.jams,1215021,1,3,2,2,correction_favored,0.07620114088058472,0.3196403384208679,0.687,False,0
regression_loops_posthoc__tree_group_audit__blend_0.25__cost_1__no_favorable_group,69883,2,Rock2-85-F,04_Rock2-85-F_comp.jams,1462568,1,4,3,4,regression_favored,-0.17790532112121582,-0.17790532112121582,0.34375,True,0
regression_loops_posthoc__tree_group_audit__blend_0.25__cost_1__no_favorable_group,69895,2,Rock2-85-F,04_Rock2-85-F_comp.jams,1509995,1,4,2,2,correction_favored,0.027972012758255005,0.30000001192092896,0.3584085051546392,False,0
regression_loops_posthoc__tree_group_audit__blend_0.25__cost_1__no_favorable_group,69902,2,Rock2-85-F,04_Rock2-85-F_comp.jams,1524614,1,4,3,4,regression_favored,-0.1262195110321045,-0.1262195110321045,0.4375,True,0
regression_loops_posthoc__tree_group_audit__blend_0.25__cost_1__no_favorable_group,69926,2,Rock2-85-F,04_Rock2-85-F_comp.jams,1586252,1,4,3,3,mixed,-0.11493834853172302,0.03327867388725281,0.53125,False,0
regression_loops_posthoc__tree_group_audit__blend_0.25__cost_1__no_favorable_group,69955,2,Rock2-85-F,04_Rock2-85-F_comp.jams,1663268,1,4,3,4,regression_favored,-0.13053296506404877,-0.10683901607990265,0.6484375,True,0
regression_loops_posthoc__tree_group_audit__blend_0.25__cost_1__no_favorable_group,69969,2,Rock2-85-F,04_Rock2-85-F_comp.jams,1694477,1,3,2,2,correction_favored,0.14525140821933746,0.3102174699306488,0.44056748466257667,False,0
regression_loops_posthoc__tree_group_audit__blend_0.25__cost_1__no_favorable_group,69978,2,Rock2-85-F,04_Rock2-85-F_comp.jams,1712227,0,3,2,2,correction_favored,0.14788039028644562,0.32309865951538086,0.6818181818181818,False,0
regression_loops_posthoc__tree_group_audit__blend_0.25__cost_1__no_favorable_group,70005,2,Rock2-85-F,04_Rock2-85-F_comp.jams,1789684,1,4,3,3,mixed,-0.1028260737657547,0.06521739065647125,0.4524553571428571,False,0
regression_loops_posthoc__tree_group_audit__blend_0.25__cost_1__no_favorable_group,70012,2,Rock2-85-F,04_Rock2-85-F_comp.jams,1805078,1,3,2,2,mixed,-0.0383455753326416,0.002406015992164612,0.62890625,False,0
regression_loops_posthoc__tree_group_audit__blend_0.25__cost_1__no_favorable_group,70027,2,Rock2-85-F,04_Rock2-85-F_comp.jams,1835048,1,3,2,2,mixed,-0.09974521398544312,0.14369036257266998,0.33816964285714285,False,0
regression_loops_posthoc__tree_group_audit__blend_0.25__cost_1__no_favorable_group,70035,2,Rock2-85-F,04_Rock2-85-F_comp.jams,1851411,1,4,3,4,regression_favored,-0.12300319969654083,-0.04017215967178345,0.5364583333333334,True,0
regression_loops_posthoc__tree_group_audit__blend_0.25__cost_1__no_favorable_group,70066,2,Rock2-85-F,04_Rock2-85-F_comp.jams,1914019,1,3,2,2,correction_favored,0.033771663904190063,0.377228319644928,0.4771341463414634,False,0
regression_loops_posthoc__tree_group_audit__blend_0.25__cost_1__no_favorable_group,70096,2,Rock2-85-F,04_Rock2-85-F_comp.jams,1974786,1,3,2,2,correction_favored,0.07526794075965881,0.26138532161712646,0.512125,False,0
regression_loops_posthoc__tree_group_audit__blend_0.25__cost_1__no_favorable_group,70130,2,Rock2-85-F,04_Rock2-85-F_solo.jams,371799,2,3,4,4,mixed,-0.07457339763641357,0.055598437786102295,0.0625,False,0
regression_loops_posthoc__tree_group_audit__blend_0.25__cost_1__no_favorable_group,70141,2,Rock2-85-F,04_Rock2-85-F_solo.jams,402679,2,2,3,3,mixed,-0.04932805895805359,0.17595148086547852,0.3535610465116279,False,0
regression_loops_posthoc__tree_group_audit__blend_0.25__cost_1__no_favorable_group,70226,2,Rock2-85-F,04_Rock2-85-F_solo.jams,1308585,2,2,3,3,mixed,-0.27203649282455444,0.3294117748737335,0.2911184210526316,False,0
regression_loops_posthoc__tree_group_audit__blend_0.25__cost_1__no_favorable_group,2148,4,Funk2-108-Eb,00_Funk2-108-Eb_comp.jams,4,4,3,4,4,mixed,-0.2215454876422882,0.06338027119636536,0.21887807377049182,False,0
regression_loops_posthoc__tree_group_audit__blend_0.25__cost_1__no_favorable_group,2160,4,Funk2-108-Eb,00_Funk2-108-Eb_comp.jams,37692,4,3,4,4,mixed,-0.020289838314056396,0.11794871091842651,0.059375,False,0
regression_loops_posthoc__tree_group_audit__blend_0.25__cost_1__no_favorable_group,2166,4,Funk2-108-Eb,00_Funk2-108-Eb_comp.jams,57270,4,3,5,5,mixed,-0.485714316368103,0.07692307233810425,0.05133928571428571,False,0
regression_loops_posthoc__tree_group_audit__blend_0.25__cost_1__no_favorable_group,2182,4,Funk2-108-Eb,00_Funk2-108-Eb_comp.jams,97071,2,3,2,2,correction_favored,0.0999174416065216,0.21543574333190918,0.5185546875,False,0
regression_loops_posthoc__tree_group_audit__blend_0.25__cost_1__no_favorable_group,2192,4,Funk2-108-Eb,00_Funk2-108-Eb_comp.jams,117069,3,2,3,3,mixed,-0.03949934244155884,0.18665769696235657,0.3386656746031746,False,0
regression_loops_posthoc__tree_group_audit__blend_0.25__cost_1__no_favorable_group,2221,4,Funk2-108-Eb,00_Funk2-108-Eb_comp.jams,196176,4,4,3,3,mixed,-0.2886405885219574,0.11156570911407471,0.6301305970149254,False,0
regression_loops_posthoc__tree_group_audit__blend_0.25__cost_1__no_favorable_group,2224,4,Funk2-108-Eb,00_Funk2-108-Eb_comp.jams,202606,5,3,4,4,correction_favored,0.1324041783809662,0.3375382125377655,0.213125,False,0
regression_loops_posthoc__tree_group_audit__blend_0.25__cost_1__no_favorable_group,2256,4,Funk2-108-Eb,00_Funk2-108-Eb_comp.jams,269218,5,3,4,4,mixed,-0.2570422291755676,0.38827836513519287,0.23461354961832062,False,0
regression_loops_posthoc__tree_group_audit__blend_0.25__cost_1__no_favorable_group,2261,4,Funk2-108-Eb,00_Funk2-108-Eb_comp.jams,294058,4,3,4,4,mixed,-0.16086432337760925,0.1899852603673935,0.200625,False,0
regression_loops_posthoc__tree_group_audit__blend_0.25__cost_1__no_favorable_group,2269,4,Funk2-108-Eb,00_Funk2-108-Eb_comp.jams,331674,4,2,4,2,regression_favored,-0.4583333432674408,0.0,0.0584375,True,-1
regression_loops_posthoc__tree_group_audit__blend_0.25__cost_1__no_favorable_group,2289,4,Funk2-108-Eb,00_Funk2-108-Eb_comp.jams,399617,3,3,2,2,mixed,-0.18466900289058685,0.14022141695022583,0.36242138364779874,False,0
regression_loops_posthoc__tree_group_audit__blend_0.25__cost_1__no_favorable_group,2372,4,Funk2-108-Eb,00_Funk2-108-Eb_comp.jams,644989,4,3,2,2,mixed,-0.0424489825963974,0.1748802214860916,0.584375,False,0
regression_loops_posthoc__tree_group_audit__blend_0.25__cost_1__no_favorable_group,2385,4,Funk2-108-Eb,00_Funk2-108-Eb_comp.jams,686109,3,2,3,3,mixed,-0.17621006071567535,0.03335157036781311,0.4264856557377049,False,0
regression_loops_posthoc__tree_group_audit__blend_0.25__cost_1__no_favorable_group,2418,4,Funk2-108-Eb,00_Funk2-108-Eb_comp.jams,770056,4,3,2,2,mixed,-0.08796297013759613,0.1623517870903015,0.6315104166666666,False,0
regression_loops_posthoc__tree_group_audit__blend_0.25__cost_1__no_favorable_group,2420,4,Funk2-108-Eb,00_Funk2-108-Eb_comp.jams,777960,1,2,3,2,regression_favored,-0.23011362552642822,-0.14703556895256042,0.3203125,True,0
regression_loops_posthoc__tree_group_audit__blend_0.25__cost_1__no_favorable_group,2428,4,Funk2-108-Eb,00_Funk2-108-Eb_comp.jams,801694,4,2,3,3,mixed,-0.019607841968536377,0.30165913701057434,0.2849107142857143,False,0
regression_loops_posthoc__tree_group_audit__blend_0.25__cost_1__no_favorable_group,2447,4,Funk2-108-Eb,00_Funk2-108-Eb_comp.jams,859117,6,3,4,4,mixed,-0.10326084494590759,0.2538275718688965,0.1575741525423729,False,0
regression_loops_posthoc__tree_group_audit__blend_0.25__cost_1__no_favorable_group,2459,4,Funk2-108-Eb,00_Funk2-108-Eb_comp.jams,893819,5,3,4,4,mixed,-0.2509346008300781,0.2173374891281128,0.11825980392156862,False,0
regression_loops_posthoc__tree_group_audit__blend_0.25__cost_1__no_favorable_group,2474,4,Funk2-108-Eb,00_Funk2-108-Eb_comp.jams,928752,3,3,4,4,mixed,-0.2064264714717865,0.2657534182071686,0.16546875,False,0
regression_loops_posthoc__tree_group_audit__blend_0.25__cost_1__no_favorable_group,2512,4,Funk2-108-Eb,00_Funk2-108-Eb_comp.jams,1010690,5,3,4,4,mixed,-0.1617647111415863,0.21176470816135406,0.12715022935779816,False,0
regression_loops_posthoc__tree_group_audit__blend_0.25__cost_1__no_favorable_group,2539,4,Funk2-108-Eb,00_Funk2-108-Eb_comp.jams,1064423,5,3,4,4,correction_favored,0.1269565373659134,0.1481788158416748,0.1953125,False,0
regression_loops_posthoc__tree_group_audit__blend_0.25__cost_1__no_favorable_group,2554,4,Funk2-108-Eb,00_Funk2-108-Eb_comp.jams,1124360,4,3,2,2,correction_favored,0.06788793206214905,0.25709715485572815,0.4930268595041322,False,0
regression_loops_posthoc__tree_group_audit__blend_0.25__cost_1__no_favorable_group,2566,4,Funk2-108-Eb,00_Funk2-108-Eb_comp.jams,1170495,0,3,2,2,mixed,-0.03973013162612915,0.28042328357696533,0.27808887283236994,False,0
regression_loops_posthoc__tree_group_audit__blend_0.25__cost_1__no_favorable_group,2582,4,Funk2-108-Eb,00_Funk2-108-Eb_comp.jams,1223578,4,3,2,2,mixed,-0.1360023021697998,0.09280706942081451,0.35453869047619047,False,0
regression_loops_posthoc__tree_group_audit__blend_0.25__cost_1__no_favorable_group,2583,4,Funk2-108-Eb,00_Funk2-108-Eb_comp.jams,1225435,0,3,2,2,mixed,-0.12937061488628387,0.10694444179534912,0.578998447204969,False,0
regression_loops_posthoc__tree_group_audit__blend_0.25__cost_1__no_favorable_group,2619,4,Funk2-108-Eb,00_Funk2-108-Eb_comp.jams,1311304,1,2,3,3,correction_favored,0.03936123847961426,0.03936123847961426,0.09375,False,0
regression_loops_posthoc__tree_group_audit__blend_0.25__cost_1__no_favorable_group,2639,4,Funk2-108-Eb,00_Funk2-108-Eb_comp.jams,1359512,5,3,2,2,mixed,-0.1666666567325592,0.11716504395008087,0.4488011006289308,False,0
regression_loops_posthoc__tree_group_audit__blend_0.25__cost_1__no_favorable_group,2653,4,Funk2-108-Eb,00_Funk2-108-Eb_comp.jams,1409229,4,3,4,4,mixed,-0.18317151069641113,0.2666666805744171,0.1258491847826087,False,0
regression_loops_posthoc__tree_group_audit__blend_0.25__cost_1__no_favorable_group,2660,4,Funk2-108-Eb,00_Funk2-108-Eb_comp.jams,1428173,4,3,2,2,mixed,-0.16010114550590515,0.1189458966255188,0.4550970873786408,False,0
regression_loops_posthoc__tree_group_audit__blend_0.25__cost_1__no_favorable_group,2674,4,Funk2-108-Eb,00_Funk2-108-Eb_comp.jams,1482611,5,3,5,5,mixed,-0.2521008253097534,0.07692308723926544,0.023848684210526317,False,0
regression_loops_posthoc__tree_group_audit__blend_0.25__cost_1__no_favorable_group,2680,4,Funk2-108-Eb,00_Funk2-108-Eb_comp.jams,1495178,4,3,2,2,mixed,-0.19323670864105225,0.08552317321300507,0.4540127840909091,False,0
regression_loops_posthoc__tree_group_audit__blend_0.25__cost_1__no_favorable_group,2684,4,Funk2-108-Eb,00_Funk2-108-Eb_comp.jams,1519790,4,3,2,2,mixed,-0.19173553586006165,0.11682727932929993,0.3788422131147541,False,0
regression_loops_posthoc__tree_group_audit__blend_0.25__cost_1__no_favorable_group,2689,4,Funk2-108-Eb,00_Funk2-108-Eb_comp.jams,1536806,4,3,2,2,mixed,-0.174122154712677,0.09499022364616394,0.44294354838709676,False,0
regression_loops_posthoc__tree_group_audit__blend_0.25__cost_1__no_favorable_group,2693,4,Funk2-108-Eb,00_Funk2-108-Eb_comp.jams,1556110,4,3,2,3,regression_favored,-0.2052927017211914,-0.0009298622608184814,0.278125,True,0
regression_loops_posthoc__tree_group_audit__blend_0.25__cost_1__no_favorable_group,5084,4,Jazz1-130-D,00_Jazz1-130-D_comp.jams,53600,2,3,4,4,correction_favored,0.11533240973949432,0.22866344451904297,0.1953125,False,0
regression_loops_posthoc__tree_group_audit__blend_0.25__cost_1__no_favorable_group,5091,4,Jazz1-130-D,00_Jazz1-130-D_comp.jams,72908,3,3,5,3,regression_favored,-0.2190476357936859,-0.07499998807907104,0.065625,True,1
regression_loops_posthoc__tree_group_audit__blend_0.25__cost_1__no_favorable_group,5108,4,Jazz1-130-D,00_Jazz1-130-D_comp.jams,141017,5,3,4,4,mixed,-0.03333333134651184,0.3399999737739563,0.13692434210526316,False,0
regression_loops_posthoc__tree_group_audit__blend_0.25__cost_1__no_favorable_group,5126,4,Jazz1-130-D,00_Jazz1-130-D_comp.jams,181524,3,3,2,2,mixed,-0.1147233098745346,0.06022544205188751,0.581023185483871,False,0
regression_loops_posthoc__tree_group_audit__blend_0.25__cost_1__no_favorable_group,5141,4,Jazz1-130-D,00_Jazz1-130-D_comp.jams,215602,1,3,2,2,mixed,-0.009803920984268188,0.2662026882171631,0.315270390070922,False,0
regression_loops_posthoc__tree_group_audit__blend_0.25__cost_1__no_favorable_group,5183,4,Jazz1-130-D,00_Jazz1-130-D_comp.jams,358751,3,3,4,4,correction_favored,0.06659507751464844,0.3371126353740692,0.22083333333333333,False,0
regression_loops_posthoc__tree_group_audit__blend_0.25__cost_1__no_favorable_group,5196,4,Jazz1-130-D,00_Jazz1-130-D_comp.jams,385973,3,3,4,4,mixed,-0.20074766874313354,0.3464611768722534,0.2298228346456693,False,0
regression_loops_posthoc__tree_group_audit__blend_0.25__cost_1__no_favorable_group,5220,4,Jazz1-130-D,00_Jazz1-130-D_comp.jams,438337,0,3,2,2,mixed,-0.10377359390258789,0.20946399867534637,0.3524038461538462,False,0
regression_loops_posthoc__tree_group_audit__blend_0.25__cost_1__no_favorable_group,5278,4,Jazz1-130-D,00_Jazz1-130-D_comp.jams,642024,2,3,2,2,mixed,-0.19354839622974396,0.01791936159133911,0.44011976047904194,False,0
regression_loops_posthoc__tree_group_audit__blend_0.25__cost_1__no_favorable_group,5298,4,Jazz1-130-D,00_Jazz1-130-D_comp.jams,704898,5,3,5,3,regression_favored,-0.2666666805744171,-0.1850000023841858,0.0859375,True,-1
regression_loops_posthoc__tree_group_audit__blend_0.25__cost_1__no_favorable_group,5307,4,Jazz1-130-D,00_Jazz1-130-D_comp.jams,734380,4,4,3,3,mixed,-0.04580897092819214,0.5295982956886292,0.4340734649122807,False,0
regression_loops_posthoc__tree_group_audit__blend_0.25__cost_1__no_favorable_group,5360,4,Jazz1-130-D,00_Jazz1-130-D_comp.jams,866681,1,3,2,2,correction_favored,0.005945295095443726,0.3377496004104614,0.4696557971014493,False,0
regression_loops_posthoc__tree_group_audit__blend_0.25__cost_1__no_favorable_group,5382,4,Jazz1-130-D,00_Jazz1-130-D_comp.jams,928205,3,3,2,2,mixed,-0.24137930572032928,0.08709093928337097,0.344281462585034,False,0
regression_loops_posthoc__tree_group_audit__blend_0.25__cost_1__no_favorable_group,6890,4,Jazz3-137-Eb,00_Jazz3-137-Eb_comp.jams,69767,3,3,2,3,regression_favored,-0.27489176392555237,-0.08663854002952576,0.5093201754385965,True,1
regression_loops_posthoc__tree_group_audit__blend_0.25__cost_1__no_favorable_group,6912,4,Jazz3-137-Eb,00_Jazz3-137-Eb_comp.jams,146553,4,3,2,2,mixed,-0.19507388770580292,0.10574790835380554,0.3352272727272727,False,0
regression_loops_posthoc__tree_group_audit__blend_0.25__cost_1__no_favorable_group,6939,4,Jazz3-137-Eb,00_Jazz3-137-Eb_comp.jams,224202,3,3,2,2,mixed,-0.20598912239074707,0.1683332473039627,0.3507486979166667,False,0
regression_loops_posthoc__tree_group_audit__blend_0.25__cost_1__no_favorable_group,6940,4,Jazz3-137-Eb,00_Jazz3-137-Eb_comp.jams,242640,4,3,2,3,regression_favored,-0.28125879168510437,-0.017000585794448853,0.44510508849557523,True,0
regression_loops_posthoc__tree_group_audit__blend_0.25__cost_1__no_favorable_group,6944,4,Jazz3-137-Eb,00_Jazz3-137-Eb_comp.jams,270128,3,3,2,2,mixed,-0.19568966329097748,0.2541666626930237,0.35961174242424243,False,0
regression_loops_posthoc__tree_group_audit__blend_0.25__cost_1__no_favorable_group,6951,4,Jazz3-137-Eb,00_Jazz3-137-Eb_comp.jams,301583,2,3,2,2,mixed,-0.16515837609767914,0.2346542477607727,0.229375,False,0
regression_loops_posthoc__tree_group_audit__blend_0.25__cost_1__no_favorable_group,6974,4,Jazz3-137-Eb,00_Jazz3-137-Eb_comp.jams,378887,2,2,3,3,mixed,-0.19722884893417358,0.12772446870803833,0.2691627358490566,False,0
regression_loops_posthoc__tree_group_audit__blend_0.25__cost_1__no_favorable_group,7053,4,Jazz3-137-Eb,00_Jazz3-137-Eb_comp.jams,670232,3,3,2,2,mixed,-0.09335574507713318,0.3261948823928833,0.45933948863636365,False,0
regression_loops_posthoc__tree_group_audit__blend_0.25__cost_1__no_favorable_group,7055,4,Jazz3-137-Eb,00_Jazz3-137-Eb_comp.jams,688038,4,3,2,2,correction_favored,0.03529411554336548,0.42133331298828125,0.18046875,False,0
regression_loops_posthoc__tree_group_audit__blend_0.25__cost_1__no_favorable_group,7064,4,Jazz3-137-Eb,00_Jazz3-137-Eb_comp.jams,715483,1,2,3,3,correction_favored,0.10270774364471436,0.24514305591583252,0.08423913043478261,False,0
regression_loops_posthoc__tree_group_audit__blend_0.25__cost_1__no_favorable_group,7088,4,Jazz3-137-Eb,00_Jazz3-137-Eb_comp.jams,841521,3,3,2,2,correction_favored,0.07830995321273804,0.11100384593009949,0.1953125,False,0
regression_loops_posthoc__tree_group_audit__blend_0.25__cost_1__no_favorable_group,7127,4,Jazz3-137-Eb,00_Jazz3-137-Eb_comp.jams,1001716,2,2,3,3,mixed,-0.11533176898956299,0.10163804888725281,0.5010775862068966,False,0
regression_loops_posthoc__tree_group_audit__blend_0.25__cost_1__no_favorable_group,7158,4,Jazz3-137-Eb,00_Jazz3-137-Eb_comp.jams,1131996,3,3,2,3,regression_favored,-0.0467056930065155,-0.0467056930065155,0.296875,True,1
regression_loops_posthoc__tree_group_audit__blend_0.25__cost_1__no_favorable_group,7196,4,Jazz3-137-Eb,00_Jazz3-137-Eb_solo.jams,5,2,3,2,2,correction_favored,0.06500837206840515,0.33264458179473877,0.23304115853658536,False,0
regression_loops_posthoc__tree_group_audit__blend_0.25__cost_1__no_favorable_group,7317,4,Jazz3-137-Eb,00_Jazz3-137-Eb_solo.jams,588921,1,3,2,2,mixed,-0.14175400137901306,0.07588759809732437,0.39575381679389315,False,0
regression_loops_posthoc__tree_group_audit__blend_0.25__cost_1__no_favorable_group,7321,4,Jazz3-137-Eb,00_Jazz3-137-Eb_solo.jams,598843,1,3,2,2,mixed,-0.026883959770202637,0.31599998474121094,0.4100654069767442,False,0
regression_loops_posthoc__tree_group_audit__blend_0.25__cost_1__no_favorable_group,7323,4,Jazz3-137-Eb,00_Jazz3-137-Eb_solo.jams,607947,1,3,2,2,mixed,-0.09814324975013733,0.31599998474121094,0.43153901734104044,False,0
regression_loops_posthoc__tree_group_audit__blend_0.25__cost_1__no_favorable_group,7337,4,Jazz3-137-Eb,00_Jazz3-137-Eb_solo.jams,734420,1,3,2,2,mixed,-0.04688394069671631,0.30235934257507324,0.3856608072916667,False,0
regression_loops_posthoc__tree_group_audit__blend_0.25__cost_1__no_favorable_group,8688,4,Rock1-90-C#,00_Rock1-90-C#_comp.jams,4,5,3,4,4,mixed,-0.16765107214450836,0.32655829191207886,0.21625,False,0
regression_loops_posthoc__tree_group_audit__blend_0.25__cost_1__no_favorable_group,8701,4,Rock1-90-C#,00_Rock1-90-C#_comp.jams,29373,4,3,4,4,correction_favored,0.051627397537231445,0.2990456223487854,0.19886363636363635,False,0
regression_loops_posthoc__tree_group_audit__blend_0.25__cost_1__no_favorable_group,8726,4,Rock1-90-C#,00_Rock1-90-C#_comp.jams,85746,4,3,2,2,mixed,-0.1009242832660675,0.22089286148548126,0.4475556930693069,False,0
regression_loops_posthoc__tree_group_audit__blend_0.25__cost_1__no_favorable_group,8730,4,Rock1-90-C#,00_Rock1-90-C#_comp.jams,93647,4,3,2,2,correction_favored,0.016065984964370728,0.140916109085083,0.6959635416666666,False,0
regression_loops_posthoc__tree_group_audit__blend_0.25__cost_1__no_favorable_group,8739,4,Rock1-90-C#,00_Rock1-90-C#_comp.jams,115570,5,3,5,5,mixed,-0.1515151411294937,0.0023529380559921265,0.1046875,False,0
regression_loops_posthoc__tree_group_audit__blend_0.25__cost_1__no_favorable_group,8775,4,Rock1-90-C#,00_Rock1-90-C#_comp.jams,205699,5,3,4,4,mixed,-0.07836088538169861,0.31518983840942383,0.2447076612903226,False,0
regression_loops_posthoc__tree_group_audit__blend_0.25__cost_1__no_favorable_group,8788,4,Rock1-90-C#,00_Rock1-90-C#_comp.jams,234854,5,3,5,3,regression_favored,-0.45333331823349,-0.07692307233810425,0.056573275862068964,True,-1
regression_loops_posthoc__tree_group_audit__blend_0.25__cost_1__no_favorable_group,8797,4,Rock1-90-C#,00_Rock1-90-C#_comp.jams,256792,3,2,3,3,mixed,-0.06138741970062256,0.21706195175647736,0.20098039215686275,False,0
regression_loops_posthoc__tree_group_audit__blend_0.25__cost_1__no_favorable_group,8801,4,Rock1-90-C#,00_Rock1-90-C#_comp.jams,265212,4,3,4,3,regression_favored,-0.07300511002540588,-0.037037044763565063,0.109375,True,-1
regression_loops_posthoc__tree_group_audit__blend_0.25__cost_1__no_favorable_group,8851,4,Rock1-90-C#,00_Rock1-90-C#_comp.jams,382717,3,2,3,3,mixed,-0.08538264036178589,0.06834006309509277,0.30029296875,False,0
regression_loops_posthoc__tree_group_audit__blend_0.25__cost_1__no_favorable_group,8874,4,Rock1-90-C#,00_Rock1-90-C#_comp.jams,438480,5,3,4,4,mixed,-0.057008713483810425,0.26530611515045166,0.19131944444444443,False,0
regression_loops_posthoc__tree_group_audit__blend_0.25__cost_1__no_favorable_group,8875,4,Rock1-90-C#,00_Rock1-90-C#_comp.jams,440270,0,3,2,2,mixed,-0.08314606547355652,0.22628097236156464,0.5306299603174603,False,0
regression_loops_posthoc__tree_group_audit__blend_0.25__cost_1__no_favorable_group,8901,4,Rock1-90-C#,00_Rock1-90-C#_comp.jams,501347,6,4,5,5,mixed,-0.07331377267837524,0.09052631258964539,0.196875,False,0
regression_loops_posthoc__tree_group_audit__blend_0.25__cost_1__no_favorable_group,8909,4,Rock1-90-C#,00_Rock1-90-C#_comp.jams,522477,4,3,5,3,regression_favored,-0.4155844449996948,-0.07692308723926544,0.043198529411764705,True,0
regression_loops_posthoc__tree_group_audit__blend_0.25__cost_1__no_favorable_group,8940,4,Rock1-90-C#,00_Rock1-90-C#_comp.jams,586398,6,3,4,4,correction_favored,0.09388333559036255,0.09388333559036255,0.109375,False,0
regression_loops_posthoc__tree_group_audit__blend_0.25__cost_1__no_favorable_group,8954,4,Rock1-90-C#,00_Rock1-90-C#_comp.jams,615332,4,3,5,3,regression_favored,-0.3636363744735718,-0.12820515036582947,0.052734375,True,0
regression_loops_posthoc__tree_group_audit__blend_0.25__cost_1__no_favorable_group,8965,4,Rock1-90-C#,00_Rock1-90-C#_comp.jams,637185,3,3,2,3,regression_favored,-0.21847505867481232,-0.011680155992507935,0.41513480392156865,True,1
regression_loops_posthoc__tree_group_audit__blend_0.25__cost_1__no_favorable_group,8981,4,Rock1-90-C#,00_Rock1-90-C#_comp.jams,674948,4,3,5,3,regression_favored,-0.34415584802627563,0.0,0.028125,True,0
regression_loops_posthoc__tree_group_audit__blend_0.25__cost_1__no_favorable_group,9004,4,Rock1-90-C#,00_Rock1-90-C#_comp.jams,736184,5,3,4,4,correction_favored,0.013888895511627197,0.1768421083688736,0.2604166666666667,False,0
regression_loops_posthoc__tree_group_audit__blend_0.25__cost_1__no_favorable_group,9024,4,Rock1-90-C#,00_Rock1-90-C#_comp.jams,781031,3,3,4,4,mixed,-0.08864864706993103,0.10140055418014526,0.1907051282051282,False,0
regression_loops_posthoc__tree_group_audit__blend_0.25__cost_1__no_favorable_group,9075,4,Rock1-90-C#,00_Rock1-90-C#_comp.jams,901871,5,3,4,4,mixed,-0.05339804291725159,0.25998225808143616,0.11655405405405406,False,0
regression_loops_posthoc__tree_group_audit__blend_0.25__cost_1__no_favorable_group,9088,4,Rock1-90-C#,00_Rock1-90-C#_comp.jams,932199,0,3,2,2,mixed,-0.12163960933685303,0.15669725835323334,0.44580853174603174,False,0
regression_loops_posthoc__tree_group_audit__blend_0.25__cost_1__no_favorable_group,9108,4,Rock1-90-C#,00_Rock1-90-C#_comp.jams,990732,4,3,4,4,mixed,-0.21654929220676422,0.34390243887901306,0.1793064024390244,False,0
regression_loops_posthoc__tree_group_audit__blend_0.25__cost_1__no_favorable_group,9140,4,Rock1-90-C#,00_Rock1-90-C#_comp.jams,1056298,5,2,4,4,mixed,-0.20129869878292084,0.11080710589885712,0.08648255813953488,False,0
regression_loops_posthoc__tree_group_audit__blend_0.25__cost_1__no_favorable_group,9165,4,Rock1-90-C#,00_Rock1-90-C#_comp.jams,1108285,6,3,4,4,mixed,-0.03988867998123169,0.1640816330909729,0.14375,False,0
regression_loops_posthoc__tree_group_audit__blend_0.25__cost_1__no_favorable_group,9173,4,Rock1-90-C#,00_Rock1-90-C#_comp.jams,1124568,1,2,3,2,regression_favored,-0.07319268584251404,-0.07319268584251404,0.21875,True,0
regression_loops_posthoc__tree_group_audit__blend_0.25__cost_1__no_favorable_group,9176,4,Rock1-90-C#,00_Rock1-90-C#_comp.jams,1130282,5,3,2,2,mixed,-0.009736448526382446,0.12241670489311218,0.47681451612903225,False,0
regression_loops_posthoc__tree_group_audit__blend_0.25__cost_1__no_favorable_group,9184,4,Rock1-90-C#,00_Rock1-90-C#_comp.jams,1145732,6,3,4,4,mixed,-0.09316769242286682,0.3239726126194,0.13349780701754385,False,0
regression_loops_posthoc__tree_group_audit__blend_0.25__cost_1__no_favorable_group,9191,4,Rock1-90-C#,00_Rock1-90-C#_comp.jams,1160385,5,3,2,2,mixed,-0.2065051943063736,0.13751250505447388,0.4934593023255814,False,0
regression_loops_posthoc__tree_group_audit__blend_0.25__cost_1__no_favorable_group,9196,4,Rock1-90-C#,00_Rock1-90-C#_comp.jams,1175051,6,3,4,4,correction_favored,0.044965773820877075,0.3876337707042694,0.2579166666666667,False,0
regression_loops_posthoc__tree_group_audit__blend_0.25__cost_1__no_favorable_group,9211,4,Rock1-90-C#,00_Rock1-90-C#_comp.jams,1204658,6,3,2,2,correction_favored,0.0999174416065216,0.2725995182991028,0.46634615384615385,False,0
regression_loops_posthoc__tree_group_audit__blend_0.25__cost_1__no_favorable_group,9250,4,Rock1-90-C#,00_Rock1-90-C#_comp.jams,1286816,1,3,2,3,regression_favored,-0.2439933717250824,-0.04153817892074585,0.4793462643678161,True,0
regression_loops_posthoc__tree_group_audit__blend_0.25__cost_1__no_favorable_group,9296,4,Rock1-90-C#,00_Rock1-90-C#_comp.jams,1382162,5,3,2,3,regression_favored,-0.25655171275138855,-0.013026177883148193,0.62548828125,True,0
regression_loops_posthoc__tree_group_audit__blend_0.25__cost_1__no_favorable_group,9367,4,Rock1-90-C#,00_Rock1-90-C#_solo.jams,168710,1,3,2,2,mixed,-0.16335587203502655,0.10822512209415436,0.49800531914893614,False,0
regression_loops_posthoc__tree_group_audit__blend_0.25__cost_1__no_favorable_group,9469,4,Rock1-90-C#,00_Rock1-90-C#_solo.jams,468042,2,4,3,4,regression_favored,-0.1017129123210907,-0.021255433559417725,0.6744791666666666,True,0
regression_loops_posthoc__tree_group_audit__blend_0.25__cost_1__no_favorable_group,9498,4,Rock1-90-C#,00_Rock1-90-C#_solo.jams,572589,2,2,3,3,mixed,-0.21965256333351135,0.02557229995727539,0.6019931102362205,False,0
regression_loops_posthoc__tree_group_audit__blend_0.25__cost_1__no_favorable_group,9505,4,Rock1-90-C#,00_Rock1-90-C#_solo.jams,587219,2,4,2,2,mixed,-0.10625620186328888,0.4083484411239624,0.318299672489083,False,0
regression_loops_posthoc__tree_group_audit__blend_0.25__cost_1__no_favorable_group,9527,4,Rock1-90-C#,00_Rock1-90-C#_solo.jams,645296,2,4,2,2,mixed,-0.21043124794960022,0.111111119389534,0.2550095419847328,False,0
regression_loops_posthoc__tree_group_audit__blend_0.25__cost_1__no_favorable_group,14191,4,SS2-107-Ab,00_SS2-107-Ab_comp.jams,290204,1,3,2,2,mixed,-0.2939665913581848,0.1696428656578064,0.4789970930232558,False,0
regression_loops_posthoc__tree_group_audit__blend_0.25__cost_1__no_favorable_group,14215,4,SS2-107-Ab,00_SS2-107-Ab_comp.jams,384844,3,3,2,3,regression_favored,-0.2860962748527527,-0.004300057888031006,0.1875,True,1
regression_loops_posthoc__tree_group_audit__blend_0.25__cost_1__no_favorable_group,14331,4,SS2-107-Ab,00_SS2-107-Ab_comp.jams,704730,3,3,2,3,regression_favored,-0.3664483428001404,-0.015053749084472656,0.2855263157894737,True,1
regression_loops_posthoc__tree_group_audit__blend_0.25__cost_1__no_favorable_group,14373,4,SS2-107-Ab,00_SS2-107-Ab_comp.jams,834213,1,3,2,3,regression_favored,-0.2208828181028366,-0.004495501518249512,0.546875,True,0
regression_loops_posthoc__tree_group_audit__blend_0.25__cost_1__no_favorable_group,14439,4,SS2-107-Ab,00_SS2-107-Ab_comp.jams,1001541,1,3,2,2,mixed,-0.1317647099494934,0.25803467631340027,0.42273622047244097,False,0
regression_loops_posthoc__tree_group_audit__blend_0.25__cost_1__no_favorable_group,14485,4,SS2-107-Ab,00_SS2-107-Ab_comp.jams,1132586,1,2,3,3,mixed,-0.26100584864616394,0.0354250967502594,0.4964320866141732,False,0
regression_loops_posthoc__tree_group_audit__blend_0.25__cost_1__no_favorable_group,14598,4,SS2-107-Ab,00_SS2-107-Ab_comp.jams,1497124,1,3,2,2,mixed,-0.2626751661300659,0.15529954433441162,0.4411114386792453,False,0
regression_loops_posthoc__tree_group_audit__blend_0.25__cost_1__no_favorable_group,14627,4,SS2-107-Ab,00_SS2-107-Ab_comp.jams,1571601,0,3,2,2,mixed,-0.23374612629413605,0.12244898080825806,0.48011363636363635,False,0
regression_loops_posthoc__tree_group_audit__blend_0.25__cost_1__no_favorable_group,14631,4,SS2-107-Ab,00_SS2-107-Ab_solo.jams,5,1,2,4,2,regression_favored,-0.4461538791656494,0.0,0.049479166666666664,True,0
regression_loops_posthoc__tree_group_audit__blend_0.25__cost_1__no_favorable_group,14849,4,SS2-107-Ab,00_SS2-107-Ab_solo.jams,1038666,2,2,3,3,mixed,-0.13999632000923157,0.037007659673690796,0.39748475609756095,False,0
regression_loops_posthoc__tree_group_audit__blend_0.25__cost_1__no_favorable_group,18899,4,Funk2-108-Eb,01_Funk2-108-Eb_comp.jams,244956,4,3,4,4,mixed,-0.2460317462682724,0.06969696283340454,0.07723721590909091,False,0
regression_loops_posthoc__tree_group_audit__blend_0.25__cost_1__no_favorable_group,18908,4,Funk2-108-Eb,01_Funk2-108-Eb_comp.jams,281714,4,3,4,4,mixed,-0.00765305757522583,0.10278746485710144,0.2916666666666667,False,0
regression_loops_posthoc__tree_group_audit__blend_0.25__cost_1__no_favorable_group,18935,4,Funk2-108-Eb,01_Funk2-108-Eb_comp.jams,392634,1,3,2,2,mixed,-0.03973013162612915,0.20276498794555664,0.3312136627906977,False,0
regression_loops_posthoc__tree_group_audit__blend_0.25__cost_1__no_favorable_group,18957,4,Funk2-108-Eb,01_Funk2-108-Eb_comp.jams,478918,1,3,2,2,mixed,-0.12591780722141266,0.08553458750247955,0.5749577702702703,False,0
regression_loops_posthoc__tree_group_audit__blend_0.25__cost_1__no_favorable_group,18969,4,Funk2-108-Eb,01_Funk2-108-Eb_comp.jams,538817,2,3,2,3,regression_favored,-0.2652825713157654,-0.05533596873283386,0.2621527777777778,True,-1
regression_loops_posthoc__tree_group_audit__blend_0.25__cost_1__no_favorable_group,19018,4,Funk2-108-Eb,01_Funk2-108-Eb_comp.jams,815639,2,3,2,2,mixed,-0.2044817954301834,0.10471834242343903,0.3998523622047244,False,0
regression_loops_posthoc__tree_group_audit__blend_0.25__cost_1__no_favorable_group,19077,4,Funk2-108-Eb,01_Funk2-108-Eb_comp.jams,1090502,2,4,3,3,mixed,-0.1105121374130249,0.3237653374671936,0.5822981366459627,False,0
regression_loops_posthoc__tree_group_audit__blend_0.25__cost_1__no_favorable_group,19095,4,Funk2-108-Eb,01_Funk2-108-Eb_comp.jams,1188594,4,3,2,3,regression_favored,-0.07232847809791565,-0.07232847809791565,0.453125,True,0
regression_loops_posthoc__tree_group_audit__blend_0.25__cost_1__no_favorable_group,19098,4,Funk2-108-Eb,01_Funk2-108-Eb_comp.jams,1206807,3,3,5,5,unsupported,-0.125,-0.08510637283325195,0.0,False,0
regression_loops_posthoc__tree_group_audit__blend_0.25__cost_1__no_favorable_group,19099,4,Funk2-108-Eb,01_Funk2-108-Eb_comp.jams,1208601,1,2,3,3,correction_favored,0.005097448825836182,0.005097448825836182,0.265625,False,0
regression_loops_posthoc__tree_group_audit__blend_0.25__cost_1__no_favorable_group,19107,4,Funk2-108-Eb,01_Funk2-108-Eb_comp.jams,1243752,4,4,3,3,mixed,-0.09085485339164734,0.1091049313545227,0.728546626984127,False,0
regression_loops_posthoc__tree_group_audit__blend_0.25__cost_1__no_favorable_group,19134,4,Funk2-108-Eb,01_Funk2-108-Eb_comp.jams,1353562,3,2,3,3,mixed,-0.08361205458641052,0.48884379863739014,0.42063737623762376,False,0
regression_loops_posthoc__tree_group_audit__blend_0.25__cost_1__no_favorable_group,19170,4,Funk2-108-Eb,01_Funk2-108-Eb_comp.jams,1519179,3,3,2,2,mixed,-0.12381197512149811,0.12299466133117676,0.363556338028169,False,0
regression_loops_posthoc__tree_group_audit__blend_0.25__cost_1__no_favorable_group,19443,4,Funk2-108-Eb,01_Funk2-108-Eb_solo.jams,1464458,1,2,3,2,regression_favored,-0.17983964085578918,-0.0074243247509002686,0.34957107843137253,True,0
regression_loops_posthoc__tree_group_audit__blend_0.25__cost_1__no_favorable_group,19454,4,Funk2-108-Eb,01_Funk2-108-Eb_solo.jams,1518635,1,3,2,2,mixed,-0.24362817406654358,0.12984080612659454,0.1550925925925926,False,0
regression_loops_posthoc__tree_group_audit__blend_0.25__cost_1__no_favorable_group,21402,4,Jazz1-130-D,01_Jazz1-130-D_comp.jams,73418,2,3,2,2,mixed,-0.16691359877586365,0.12092265486717224,0.4095052083333333,False,0
regression_loops_posthoc__tree_group_audit__blend_0.25__cost_1__no_favorable_group,21437,4,Jazz1-130-D,01_Jazz1-130-D_comp.jams,346035,2,2,3,2,regression_favored,-0.21316705644130707,-0.037665605545043945,0.4166239754098361,True,1
regression_loops_posthoc__tree_group_audit__blend_0.25__cost_1__no_favorable_group,21457,4,Jazz1-130-D,01_Jazz1-130-D_comp.jams,406639,1,2,3,3,correction_favored,0.06452059745788574,0.3140350878238678,0.3927752293577982,False,0
regression_loops_posthoc__tree_group_audit__blend_0.25__cost_1__no_favorable_group,21477,4,Jazz1-130-D,01_Jazz1-130-D_comp.jams,460991,2,3,2,2,mixed,-0.1068839430809021,0.1979166716337204,0.38548259493670883,False,0
regression_loops_posthoc__tree_group_audit__blend_0.25__cost_1__no_favorable_group,21493,4,Jazz1-130-D,01_Jazz1-130-D_comp.jams,523047,2,3,2,3,regression_favored,-0.15626855194568634,-0.08860757946968079,0.5290178571428571,True,-1
regression_loops_posthoc__tree_group_audit__blend_0.25__cost_1__no_favorable_group,21529,4,Jazz1-130-D,01_Jazz1-130-D_comp.jams,704915,2,2,3,3,mixed,-0.040362805128097534,0.11831814050674438,0.16276041666666666,False,0
regression_loops_posthoc__tree_group_audit__blend_0.25__cost_1__no_favorable_group,21538,4,Jazz1-130-D,01_Jazz1-130-D_comp.jams,724421,2,2,3,3,correction_favored,0.010341733694076538,0.09104207158088684,0.3333333333333333,False,0
regression_loops_posthoc__tree_group_audit__blend_0.25__cost_1__no_favorable_group,21576,4,Jazz1-130-D,01_Jazz1-130-D_comp.jams,866294,2,3,2,2,mixed,-0.04489603638648987,0.06110715866088867,0.5213815789473685,False,0
regression_loops_posthoc__tree_group_audit__blend_0.25__cost_1__no_favorable_group,21598,4,Jazz1-130-D,01_Jazz1-130-D_solo.jams,5,0,2,3,2,regression_favored,-0.1863403618335724,-0.14270269870758057,0.5078125,True,0
regression_loops_posthoc__tree_group_audit__blend_0.25__cost_1__no_favorable_group,23065,4,Jazz3-137-Eb,01_Jazz3-137-Eb_comp.jams,19862,2,3,2,3,regression_favored,-0.18798665702342987,-0.1440986841917038,0.28125,True,-1
regression_loops_posthoc__tree_group_audit__blend_0.25__cost_1__no_favorable_group,23067,4,Jazz3-137-Eb,01_Jazz3-137-Eb_comp.jams,31020,1,3,2,2,mixed,-0.10403500497341156,0.23385369777679443,0.18909671532846714,False,0
regression_loops_posthoc__tree_group_audit__blend_0.25__cost_1__no_favorable_group,23070,4,Jazz3-137-Eb,01_Jazz3-137-Eb_comp.jams,58255,2,3,2,2,mixed,-0.11987152695655823,0.08351682126522064,0.24841772151898733,False,0
regression_loops_posthoc__tree_group_audit__blend_0.25__cost_1__no_favorable_group,23134,4,Jazz3-137-Eb,01_Jazz3-137-Eb_comp.jams,281985,1,2,3,3,mixed,-0.04000002145767212,0.06935334205627441,0.20625,False,0
regression_loops_posthoc__tree_group_audit__blend_0.25__cost_1__no_favorable_group,23136,4,Jazz3-137-Eb,01_Jazz3-137-Eb_comp.jams,288579,1,3,2,2,mixed,-0.19518718123435974,0.07071918249130249,0.4552671370967742,False,0
regression_loops_posthoc__tree_group_audit__blend_0.25__cost_1__no_favorable_group,23138,4,Jazz3-137-Eb,01_Jazz3-137-Eb_comp.jams,300307,3,2,3,3,correction_favored,0.03518611192703247,0.2391287088394165,0.5431034482758621,False,0
regression_loops_posthoc__tree_group_audit__blend_0.25__cost_1__no_favorable_group,23160,4,Jazz3-137-Eb,01_Jazz3-137-Eb_comp.jams,386851,2,2,3,3,mixed,-0.15797099471092224,0.10270693898200989,0.4880514705882353,False,0
regression_loops_posthoc__tree_group_audit__blend_0.25__cost_1__no_favorable_group,23169,4,Jazz3-137-Eb,01_Jazz3-137-Eb_comp.jams,443703,3,3,2,2,mixed,-0.1347276270389557,0.179817333817482,0.21792763157894737,False,0
regression_loops_posthoc__tree_group_audit__blend_0.25__cost_1__no_favorable_group,23181,4,Jazz3-137-Eb,01_Jazz3-137-Eb_comp.jams,494752,2,2,3,3,correction_favored,0.08858686685562134,0.4176470637321472,0.6512096774193549,False,0
regression_loops_posthoc__tree_group_audit__blend_0.25__cost_1__no_favorable_group,23188,4,Jazz3-137-Eb,01_Jazz3-137-Eb_comp.jams,521697,1,2,3,2,regression_favored,-0.14453747868537903,-0.03493693470954895,0.29389880952380953,True,0
regression_loops_posthoc__tree_group_audit__blend_0.25__cost_1__no_favorable_group,23213,4,Jazz3-137-Eb,01_Jazz3-137-Eb_comp.jams,648882,2,3,2,2,mixed,-0.18670077621936798,0.3497717082500458,0.15782461240310078,False,0
regression_loops_posthoc__tree_group_audit__blend_0.25__cost_1__no_favorable_group,23219,4,Jazz3-137-Eb,01_Jazz3-137-Eb_comp.jams,676732,2,3,2,3,regression_favored,-0.23086901009082794,-0.018248170614242554,0.3069982394366197,True,-1
regression_loops_posthoc__tree_group_audit__blend_0.25__cost_1__no_favorable_group,23227,4,Jazz3-137-Eb,01_Jazz3-137-Eb_comp.jams,725754,2,3,2,2,mixed,-0.1590413749217987,0.27566808462142944,0.18660201149425287,False,0
regression_loops_posthoc__tree_group_audit__blend_0.25__cost_1__no_favorable_group,23258,4,Jazz3-137-Eb,01_Jazz3-137-Eb_comp.jams,831356,3,3,2,2,mixed,-0.2187180072069168,0.032085567712783813,0.388625,False,0
regression_loops_posthoc__tree_group_audit__blend_0.25__cost_1__no_favorable_group,23295,4,Jazz3-137-Eb,01_Jazz3-137-Eb_comp.jams,976735,2,2,3,3,mixed,-0.18030455708503723,0.11319756507873535,0.20220588235294118,False,0
regression_loops_posthoc__tree_group_audit__blend_0.25__cost_1__no_favorable_group,23351,4,Jazz3-137-Eb,01_Jazz3-137-Eb_comp.jams,1189657,2,3,2,2,mixed,-0.07910750806331635,0.3438016474246979,0.26689532520325204,False,0
regression_loops_posthoc__tree_group_audit__blend_0.25__cost_1__no_favorable_group,23362,4,Jazz3-137-Eb,01_Jazz3-137-Eb_comp.jams,1227953,2,3,2,2,mixed,-0.12669683992862701,0.27246686816215515,0.2651209677419355,False,0
regression_loops_posthoc__tree_group_audit__blend_0.25__cost_1__no_favorable_group,24570,4,Rock1-90-C#,01_Rock1-90-C#_comp.jams,144876,3,4,3,3,correction_favored,0.1090909093618393,0.1090909093618393,0.84375,False,0
regression_loops_posthoc__tree_group_audit__blend_0.25__cost_1__no_favorable_group,24608,4,Rock1-90-C#,01_Rock1-90-C#_comp.jams,219910,1,2,3,3,mixed,-0.1866777241230011,0.049607276916503906,0.5899077868852459,False,0
regression_loops_posthoc__tree_group_audit__blend_0.25__cost_1__no_favorable_group,24615,4,Rock1-90-C#,01_Rock1-90-C#_comp.jams,234248,2,3,4,4,mixed,-0.26050424575805664,0.2753683924674988,0.17148760330578514,False,0
regression_loops_posthoc__tree_group_audit__blend_0.25__cost_1__no_favorable_group,24629,4,Rock1-90-C#,01_Rock1-90-C#_comp.jams,262573,2,2,3,3,mixed,-0.06480485200881958,0.060703545808792114,0.17578125,False,0
regression_loops_posthoc__tree_group_audit__blend_0.25__cost_1__no_favorable_group,24726,4,Rock1-90-C#,01_Rock1-90-C#_comp.jams,468969,5,3,4,4,mixed,-0.10476191341876984,0.26233088970184326,0.18425324675324675,False,0
regression_loops_posthoc__tree_group_audit__blend_0.25__cost_1__no_favorable_group,24743,4,Rock1-90-C#,01_Rock1-90-C#_comp.jams,501643,3,2,3,3,mixed,-0.2485279142856598,0.005097448825836182,0.35108695652173916,False,0
regression_loops_posthoc__tree_group_audit__blend_0.25__cost_1__no_favorable_group,24769,4,Rock1-90-C#,01_Rock1-90-C#_comp.jams,551715,0,3,2,2,correction_favored,0.04938270151615143,0.3045006990432739,0.5691964285714286,False,0
regression_loops_posthoc__tree_group_audit__blend_0.25__cost_1__no_favorable_group,24780,4,Rock1-90-C#,01_Rock1-90-C#_comp.jams,573901,3,2,3,3,correction_favored,0.03927987813949585,0.2032085508108139,0.26997180451127817,False,0
regression_loops_posthoc__tree_group_audit__blend_0.25__cost_1__no_favorable_group,24801,4,Rock1-90-C#,01_Rock1-90-C#_comp.jams,616679,3,2,3,3,mixed,-0.052727341651916504,0.2729329466819763,0.27364309210526316,False,0
regression_loops_posthoc__tree_group_audit__blend_0.25__cost_1__no_favorable_group,24854,4,Rock1-90-C#,01_Rock1-90-C#_comp.jams,734331,4,3,4,4,mixed,-0.3683544397354126,0.2530985176563263,0.21831191588785046,False,0
regression_loops_posthoc__tree_group_audit__blend_0.25__cost_1__no_favorable_group,24870,4,Rock1-90-C#,01_Rock1-90-C#_comp.jams,779709,2,3,2,2,mixed,-0.11505618691444397,0.13951924443244934,0.5235699152542372,False,0
regression_loops_posthoc__tree_group_audit__blend_0.25__cost_1__no_favorable_group,24884,4,Rock1-90-C#,01_Rock1-90-C#_comp.jams,808190,4,3,4,4,mixed,-0.0053012073040008545,0.2619222402572632,0.24515086206896552,False,0
regression_loops_posthoc__tree_group_audit__blend_0.25__cost_1__no_favorable_group,24929,4,Rock1-90-C#,01_Rock1-90-C#_comp.jams,896546,4,3,4,4,mixed,-0.16190475225448608,0.3282608389854431,0.1797648514851485,False,0
regression_loops_posthoc__tree_group_audit__blend_0.25__cost_1__no_favorable_group,24944,4,Rock1-90-C#,01_Rock1-90-C#_comp.jams,925131,4,3,4,4,mixed,-0.1746031641960144,0.23465067148208618,0.1869212962962963,False,0
regression_loops_posthoc__tree_group_audit__blend_0.25__cost_1__no_favorable_group,24976,4,Rock1-90-C#,01_Rock1-90-C#_comp.jams,1015010,5,3,4,4,mixed,-0.049107134342193604,0.2796885073184967,0.22488839285714285,False,0
regression_loops_posthoc__tree_group_audit__blend_0.25__cost_1__no_favorable_group,24997,4,Rock1-90-C#,01_Rock1-90-C#_comp.jams,1058539,3,3,2,2,mixed,-0.16537325084209442,0.014414429664611816,0.44694767441860467,False,0
regression_loops_posthoc__tree_group_audit__blend_0.25__cost_1__no_favorable_group,25034,4,Rock1-90-C#,01_Rock1-90-C#_comp.jams,1131344,4,3,4,4,mixed,-0.28169015049934387,0.3083004057407379,0.19047619047619047,False,0
regression_loops_posthoc__tree_group_audit__blend_0.25__cost_1__no_favorable_group,25045,4,Rock1-90-C#,01_Rock1-90-C#_comp.jams,1154599,4,3,4,4,correction_favored,0.1310344934463501,0.4214975833892822,0.28203125,False,0
regression_loops_posthoc__tree_group_audit__blend_0.25__cost_1__no_favorable_group,25048,4,Rock1-90-C#,01_Rock1-90-C#_comp.jams,1160229,3,3,2,3,regression_favored,-0.16095931828022003,-0.046400874853134155,0.80234375,True,1
regression_loops_posthoc__tree_group_audit__blend_0.25__cost_1__no_favorable_group,25086,4,Rock1-90-C#,01_Rock1-90-C#_comp.jams,1249864,4,3,4,4,mixed,-0.016018331050872803,0.3007175624370575,0.18881777108433734,False,0
regression_loops_posthoc__tree_group_audit__blend_0.25__cost_1__no_favorable_group,25145,4,Rock1-90-C#,01_Rock1-90-C#_comp.jams,1366089,4,3,4,4,correction_favored,0.0555555522441864,0.29451286792755127,0.11328125,False,0
regression_loops_posthoc__tree_group_audit__blend_0.25__cost_1__no_favorable_group,25160,4,Rock1-90-C#,01_Rock1-90-C#_comp.jams,1396487,4,3,4,4,correction_favored,0.0694444477558136,0.27728205919265747,0.284423828125,False,0
regression_loops_posthoc__tree_group_audit__blend_0.25__cost_1__no_favorable_group,29695,4,SS2-107-Ab,01_SS2-107-Ab_comp.jams,135490,2,3,4,3,regression_favored,-0.1345323920249939,-0.1345323920249939,0.28125,True,0
regression_loops_posthoc__tree_group_audit__blend_0.25__cost_1__no_favorable_group,29764,4,SS2-107-Ab,01_SS2-107-Ab_comp.jams,383873,1,3,2,2,mixed,-0.16733244061470032,0.07601949572563171,0.1840277777777778,False,0
regression_loops_posthoc__tree_group_audit__blend_0.25__cost_1__no_favorable_group,29786,4,SS2-107-Ab,01_SS2-107-Ab_comp.jams,482425,4,3,5,3,regression_favored,-0.19327731430530548,-0.10106383264064789,0.09375,True,0
regression_loops_posthoc__tree_group_audit__blend_0.25__cost_1__no_favorable_group,29797,4,SS2-107-Ab,01_SS2-107-Ab_comp.jams,531624,1,3,2,2,mixed,-0.19588744640350342,0.19048409163951874,0.27314814814814814,False,0
regression_loops_posthoc__tree_group_audit__blend_0.25__cost_1__no_favorable_group,29818,4,SS2-107-Ab,01_SS2-107-Ab_comp.jams,611936,1,3,2,2,mixed,-0.14935065805912018,0.20252883434295654,0.5049087389380531,False,0
regression_loops_posthoc__tree_group_audit__blend_0.25__cost_1__no_favorable_group,29837,4,SS2-107-Ab,01_SS2-107-Ab_comp.jams,688382,2,3,2,2,mixed,-0.3122835159301758,0.13776734471321106,0.45488664215686275,False,0
regression_loops_posthoc__tree_group_audit__blend_0.25__cost_1__no_favorable_group,29903,4,SS2-107-Ab,01_SS2-107-Ab_comp.jams,957987,1,2,3,2,regression_favored,-0.030434787273406982,-0.030434787273406982,0.25,True,0
regression_loops_posthoc__tree_group_audit__blend_0.25__cost_1__no_favorable_group,29906,4,SS2-107-Ab,01_SS2-107-Ab_comp.jams,976721,2,2,3,2,regression_favored,-0.25042134523391724,-0.0737423300743103,0.3841145833333333,True,1
regression_loops_posthoc__tree_group_audit__blend_0.25__cost_1__no_favorable_group,29939,4,SS2-107-Ab,01_SS2-107-Ab_comp.jams,1100381,4,3,2,2,mixed,-0.1641845852136612,0.1288515329360962,0.2713068181818182,False,0
regression_loops_posthoc__tree_group_audit__blend_0.25__cost_1__no_favorable_group,29961,4,SS2-107-Ab,01_SS2-107-Ab_comp.jams,1199961,3,4,3,3,mixed,-0.06666666269302368,0.39024391770362854,0.5345510563380281,False,0
regression_loops_posthoc__tree_group_audit__blend_0.25__cost_1__no_favorable_group,29973,4,SS2-107-Ab,01_SS2-107-Ab_comp.jams,1249872,0,3,2,2,mixed,-0.09595958888530731,0.15377657115459442,0.5507632488479263,False,0
regression_loops_posthoc__tree_group_audit__blend_0.25__cost_1__no_favorable_group,29991,4,SS2-107-Ab,01_SS2-107-Ab_comp.jams,1334312,0,2,3,2,regression_favored,-0.2770761251449585,-0.13704347610473633,0.4265625,True,0
regression_loops_posthoc__tree_group_audit__blend_0.25__cost_1__no_favorable_group,29998,4,SS2-107-Ab,01_SS2-107-Ab_comp.jams,1372084,1,3,2,2,mixed,-0.1019948422908783,0.19504645466804504,0.22348484848484848,False,0
regression_loops_posthoc__tree_group_audit__blend_0.25__cost_1__no_favorable_group,30111,4,SS2-107-Ab,01_SS2-107-Ab_solo.jams,184590,1,2,3,3,correction_favored,0.004412561655044556,0.041676610708236694,0.109375,False,0
regression_loops_posthoc__tree_group_audit__blend_0.25__cost_1__no_favorable_group,30121,4,SS2-107-Ab,01_SS2-107-Ab_solo.jams,206836,0,3,2,2,mixed,-0.03083246946334839,0.3298245668411255,0.27623355263157895,False,0
regression_loops_posthoc__tree_group_audit__blend_0.25__cost_1__no_favorable_group,30207,4,SS2-107-Ab,01_SS2-107-Ab_solo.jams,518689,1,3,2,2,mixed,-0.09193067252635956,0.18871250748634338,0.32958984375,False,0
regression_loops_posthoc__tree_group_audit__blend_0.25__cost_1__no_favorable_group,30317,4,SS2-107-Ab,01_SS2-107-Ab_solo.jams,965051,0,3,2,2,mixed,-0.03082415461540222,0.27790698409080505,0.5009317660550459,False,0
regression_loops_posthoc__tree_group_audit__blend_0.25__cost_1__no_favorable_group,30465,4,SS2-107-Ab,01_SS2-107-Ab_solo.jams,1496251,2,2,3,3,correction_favored,0.04046905040740967,0.14834007620811462,0.3125,False,0
regression_loops_posthoc__tree_group_audit__blend_0.25__cost_1__no_favorable_group,34433,4,Funk2-108-Eb,02_Funk2-108-Eb_comp.jams,134500,1,2,3,3,correction_favored,0.004618555307388306,0.004618555307388306,0.140625,False,0
regression_loops_posthoc__tree_group_audit__blend_0.25__cost_1__no_favorable_group,34496,4,Funk2-108-Eb,02_Funk2-108-Eb_comp.jams,342740,3,2,3,3,mixed,-0.05437171459197998,0.17268043756484985,0.33341733870967744,False,0
regression_loops_posthoc__tree_group_audit__blend_0.25__cost_1__no_favorable_group,34505,4,Funk2-108-Eb,02_Funk2-108-Eb_comp.jams,410463,2,2,3,3,mixed,-0.23647934198379517,0.032043278217315674,0.44598917322834647,False,0
regression_loops_posthoc__tree_group_audit__blend_0.25__cost_1__no_favorable_group,34560,4,Funk2-108-Eb,02_Funk2-108-Eb_comp.jams,587378,1,3,2,2,mixed,-0.15779294073581696,0.12841002643108368,0.42129984662576686,False,0
regression_loops_posthoc__tree_group_audit__blend_0.25__cost_1__no_favorable_group,34567,4,Funk2-108-Eb,02_Funk2-108-Eb_comp.jams,636197,3,3,2,2,mixed,-0.15053048729896545,0.2500791847705841,0.4639050387596899,False,0
regression_loops_posthoc__tree_group_audit__blend_0.25__cost_1__no_favorable_group,34591,4,Funk2-108-Eb,02_Funk2-108-Eb_comp.jams,729500,2,3,2,2,mixed,-0.10108810663223267,0.1974678635597229,0.31911599099099097,False,0
regression_loops_posthoc__tree_group_audit__blend_0.25__cost_1__no_favorable_group,34610,4,Funk2-108-Eb,02_Funk2-108-Eb_comp.jams,821898,3,3,2,2,mixed,-0.1865692138671875,0.16545641422271729,0.3554137323943662,False,0
regression_loops_posthoc__tree_group_audit__blend_0.25__cost_1__no_favorable_group,34691,4,Funk2-108-Eb,02_Funk2-108-Eb_comp.jams,1055099,0,3,2,2,mixed,-0.3054187297821045,0.07944388687610626,0.37364969135802467,False,0
regression_loops_posthoc__tree_group_audit__blend_0.25__cost_1__no_favorable_group,34719,4,Funk2-108-Eb,02_Funk2-108-Eb_comp.jams,1176049,2,3,4,4,mixed,-0.15528395771980286,0.13130736351013184,0.0890625,False,0
regression_loops_posthoc__tree_group_audit__blend_0.25__cost_1__no_favorable_group,34790,4,Funk2-108-Eb,02_Funk2-108-Eb_comp.jams,1372302,1,3,2,2,mixed,-0.1666666567325592,0.307692289352417,0.3801636266094421,False,0
regression_loops_posthoc__tree_group_audit__blend_0.25__cost_1__no_favorable_group,34792,4,Funk2-108-Eb,02_Funk2-108-Eb_comp.jams,1397148,3,4,2,2,mixed,-0.16578947007656097,0.3416267931461334,0.3020089285714286,False,0
regression_loops_posthoc__tree_group_audit__blend_0.25__cost_1__no_favorable_group,34796,4,Funk2-108-Eb,02_Funk2-108-Eb_comp.jams,1432896,1,3,2,2,mixed,-0.11379310488700867,0.11553030461072922,0.4234834558823529,False,0
regression_loops_posthoc__tree_group_audit__blend_0.25__cost_1__no_favorable_group,34799,4,Funk2-108-Eb,02_Funk2-108-Eb_comp.jams,1470967,3,4,3,3,mixed,-0.13204145431518555,0.0014652013778686523,0.4140625,False,0
regression_loops_posthoc__tree_group_audit__blend_0.25__cost_1__no_favorable_group,36755,4,Jazz1-130-D,02_Jazz1-130-D_comp.jams,113748,3,3,2,2,mixed,-0.2807881832122803,0.1666666865348816,0.39168848167539266,False,0
regression_loops_posthoc__tree_group_audit__blend_0.25__cost_1__no_favorable_group,36759,4,Jazz1-130-D,02_Jazz1-130-D_comp.jams,141513,4,3,2,2,mixed,-0.19155924022197723,0.24209770560264587,0.3542410714285714,False,0
regression_loops_posthoc__tree_group_audit__blend_0.25__cost_1__no_favorable_group,36792,4,Jazz1-130-D,02_Jazz1-130-D_comp.jams,276888,2,3,2,2,mixed,-0.12068966031074524,0.2932533621788025,0.4264867841409692,False,0
regression_loops_posthoc__tree_group_audit__blend_0.25__cost_1__no_favorable_group,36807,4,Jazz1-130-D,02_Jazz1-130-D_comp.jams,345818,4,3,2,2,mixed,-0.16091953217983246,0.14648401737213135,0.26614583333333336,False,0
regression_loops_posthoc__tree_group_audit__blend_0.25__cost_1__no_favorable_group,36820,4,Jazz1-130-D,02_Jazz1-130-D_comp.jams,379725,3,2,3,3,mixed,-0.15011441707611084,0.05914050340652466,0.18449519230769232,False,0
regression_loops_posthoc__tree_group_audit__blend_0.25__cost_1__no_favorable_group,36831,4,Jazz1-130-D,02_Jazz1-130-D_comp.jams,400365,2,3,2,2,correction_favored,0.0788530558347702,0.30727195739746094,0.587654532967033,False,0
regression_loops_posthoc__tree_group_audit__blend_0.25__cost_1__no_favorable_group,36860,4,Jazz1-130-D,02_Jazz1-130-D_comp.jams,470631,2,3,2,2,mixed,-0.25775399804115295,0.0462745726108551,0.43535539215686275,False,0
regression_loops_posthoc__tree_group_audit__blend_0.25__cost_1__no_favorable_group,36919,4,Jazz1-130-D,02_Jazz1-130-D_comp.jams,766595,2,3,2,2,mixed,-0.3593922257423401,0.09019608795642853,0.10653409090909091,False,0
regression_loops_posthoc__tree_group_audit__blend_0.25__cost_1__no_favorable_group,36923,4,Jazz1-130-D,02_Jazz1-130-D_comp.jams,794800,4,2,3,2,regression_favored,-0.30723267793655396,-0.11963307857513428,0.271875,True,0
regression_loops_posthoc__tree_group_audit__blend_0.25__cost_1__no_favorable_group,37005,4,Jazz1-130-D,02_Jazz1-130-D_solo.jams,101526,1,2,3,3,mixed,-0.0028153061866760254,0.11375433206558228,0.5136217948717948,False,0
regression_loops_posthoc__tree_group_audit__blend_0.25__cost_1__no_favorable_group,38608,4,Jazz3-137-Eb,02_Jazz3-137-Eb_comp.jams,32023,2,2,3,3,correction_favored,0.08022776246070862,0.2034013569355011,0.23697916666666666,False,0
regression_loops_posthoc__tree_group_audit__blend_0.25__cost_1__no_favorable_group,38681,4,Jazz3-137-Eb,02_Jazz3-137-Eb_comp.jams,289872,3,3,4,4,mixed,-0.2448979765176773,0.2620689868927002,0.10363520408163265,False,0
regression_loops_posthoc__tree_group_audit__blend_0.25__cost_1__no_favorable_group,38698,4,Jazz3-137-Eb,02_Jazz3-137-Eb_comp.jams,360258,2,2,3,3,mixed,-0.18368902802467346,0.11957672238349915,0.21704826732673269,False,0
regression_loops_posthoc__tree_group_audit__blend_0.25__cost_1__no_favorable_group,38701,4,Jazz3-137-Eb,02_Jazz3-137-Eb_comp.jams,366712,2,3,5,3,regression_favored,-0.11889863014221191,-0.11889863014221191,0.078125,True,0
regression_loops_posthoc__tree_group_audit__blend_0.25__cost_1__no_favorable_group,38720,4,Jazz3-137-Eb,02_Jazz3-137-Eb_comp.jams,457441,0,2,3,2,regression_favored,-0.12400756776332855,-0.12400756776332855,0.171875,True,0
regression_loops_posthoc__tree_group_audit__blend_0.25__cost_1__no_favorable_group,38754,4,Jazz3-137-Eb,02_Jazz3-137-Eb_comp.jams,574410,1,2,3,2,regression_favored,-0.24970999360084534,-0.2186322808265686,0.3515625,True,0
regression_loops_posthoc__tree_group_audit__blend_0.25__cost_1__no_favorable_group,38772,4,Jazz3-137-Eb,02_Jazz3-137-Eb_comp.jams,669640,1,2,3,3,correction_favored,0.05463320016860962,0.1231137216091156,0.125,False,0
regression_loops_posthoc__tree_group_audit__blend_0.25__cost_1__no_favorable_group,38780,4,Jazz3-137-Eb,02_Jazz3-137-Eb_comp.jams,714347,1,3,2,3,regression_favored,-0.2537679076194763,-0.04776647686958313,0.08348214285714285,True,0
regression_loops_posthoc__tree_group_audit__blend_0.25__cost_1__no_favorable_group,38800,4,Jazz3-137-Eb,02_Jazz3-137-Eb_comp.jams,773416,1,2,3,3,mixed,-0.11479440331459045,0.022203773260116577,0.35131048387096775,False,0
regression_loops_posthoc__tree_group_audit__blend_0.25__cost_1__no_favorable_group,38808,4,Jazz3-137-Eb,02_Jazz3-137-Eb_comp.jams,823179,2,2,3,3,mixed,-0.02307337522506714,0.2511715292930603,0.17273509174311927,False,0
regression_loops_posthoc__tree_group_audit__blend_0.25__cost_1__no_favorable_group,38850,4,Jazz3-137-Eb,02_Jazz3-137-Eb_comp.jams,926804,1,2,3,2,regression_favored,-0.05766695737838745,-0.05766695737838745,0.328125,True,0
regression_loops_posthoc__tree_group_audit__blend_0.25__cost_1__no_favorable_group,38876,4,Jazz3-137-Eb,02_Jazz3-137-Eb_comp.jams,1023985,3,3,2,2,mixed,-0.057068079710006714,0.05005753040313721,0.1484375,False,0
regression_loops_posthoc__tree_group_audit__blend_0.25__cost_1__no_favorable_group,38899,4,Jazz3-137-Eb,02_Jazz3-137-Eb_comp.jams,1099862,3,3,2,2,mixed,-0.0443820059299469,0.21053947508335114,0.44130434782608696,False,0
regression_loops_posthoc__tree_group_audit__blend_0.25__cost_1__no_favorable_group,38913,4,Jazz3-137-Eb,02_Jazz3-137-Eb_comp.jams,1131600,2,3,2,2,correction_favored,0.09104247391223907,0.3097795248031616,0.6383413461538462,False,0
regression_loops_posthoc__tree_group_audit__blend_0.25__cost_1__no_favorable_group,38914,4,Jazz3-137-Eb,02_Jazz3-137-Eb_comp.jams,1133526,1,2,3,3,mixed,-0.08813747763633728,0.10599741339683533,0.43359375,False,0
regression_loops_posthoc__tree_group_audit__blend_0.25__cost_1__no_favorable_group,40385,4,Rock1-90-C#,02_Rock1-90-C#_comp.jams,235736,2,3,2,2,mixed,-0.2862745523452759,0.12123289704322815,0.2584821428571429,False,0
regression_loops_posthoc__tree_group_audit__blend_0.25__cost_1__no_favorable_group,40457,4,Rock1-90-C#,02_Rock1-90-C#_comp.jams,500279,3,3,2,2,mixed,-0.24762395024299622,0.047181546688079834,0.12129934210526316,False,0
regression_loops_posthoc__tree_group_audit__blend_0.25__cost_1__no_favorable_group,40486,4,Rock1-90-C#,02_Rock1-90-C#_comp.jams,573379,3,3,2,2,mixed,-0.29376792907714844,0.014270603656768799,0.11429073033707865,False,0
regression_loops_posthoc__tree_group_audit__blend_0.25__cost_1__no_favorable_group,40534,4,Rock1-90-C#,02_Rock1-90-C#_comp.jams,773003,1,3,2,2,mixed,-0.26800549030303955,0.16223999857902527,0.6123991935483871,False,0
regression_loops_posthoc__tree_group_audit__blend_0.25__cost_1__no_favorable_group,40594,4,Rock1-90-C#,02_Rock1-90-C#_comp.jams,971365,6,3,4,4,correction_favored,0.05457910895347595,0.24175825715065002,0.1857638888888889,False,0
regression_loops_posthoc__tree_group_audit__blend_0.25__cost_1__no_favorable_group,44751,4,SS2-107-Ab,02_SS2-107-Ab_comp.jams,175056,3,3,2,2,mixed,-0.20238658785820007,0.13737373054027557,0.4310825892857143,False,0
regression_loops_posthoc__tree_group_audit__blend_0.25__cost_1__no_favorable_group,44813,4,SS2-107-Ab,02_SS2-107-Ab_comp.jams,309302,1,2,3,2,regression_favored,-0.07048186659812927,-0.07048186659812927,0.234375,True,0
regression_loops_posthoc__tree_group_audit__blend_0.25__cost_1__no_favorable_group,44837,4,SS2-107-Ab,02_SS2-107-Ab_comp.jams,372130,3,3,2,2,mixed,-0.21900160610675812,0.05170068144798279,0.40904017857142855,False,0
regression_loops_posthoc__tree_group_audit__blend_0.25__cost_1__no_favorable_group,44940,4,SS2-107-Ab,02_SS2-107-Ab_comp.jams,706577,3,3,2,3,regression_favored,-0.0650542825460434,-0.0650542825460434,0.640625,True,1
regression_loops_posthoc__tree_group_audit__blend_0.25__cost_1__no_favorable_group,44967,4,SS2-107-Ab,02_SS2-107-Ab_comp.jams,766455,4,3,2,2,correction_favored,0.005071014165878296,0.24402809143066406,0.4179047131147541,False,0
regression_loops_posthoc__tree_group_audit__blend_0.25__cost_1__no_favorable_group,44978,4,SS2-107-Ab,02_SS2-107-Ab_comp.jams,789501,2,3,2,2,mixed,-0.17956656217575073,0.2096634954214096,0.3003562176165803,False,0
regression_loops_posthoc__tree_group_audit__blend_0.25__cost_1__no_favorable_group,45058,4,SS2-107-Ab,02_SS2-107-Ab_comp.jams,965892,3,2,3,2,regression_favored,-0.33237794041633606,-0.11771363019943237,0.48365384615384616,True,-1
regression_loops_posthoc__tree_group_audit__blend_0.25__cost_1__no_favorable_group,45069,4,SS2-107-Ab,02_SS2-107-Ab_comp.jams,989694,2,3,2,2,mixed,-0.09710146486759186,0.20697887241840363,0.373546511627907,False,0
regression_loops_posthoc__tree_group_audit__blend_0.25__cost_1__no_favorable_group,45098,4,SS2-107-Ab,02_SS2-107-Ab_comp.jams,1064480,3,3,4,4,mixed,-0.08487805724143982,0.15526315569877625,0.1439525462962963,False,0
regression_loops_posthoc__tree_group_audit__blend_0.25__cost_1__no_favorable_group,45164,4,SS2-107-Ab,02_SS2-107-Ab_comp.jams,1279754,0,3,2,2,mixed,-0.08432744443416595,0.14302325248718262,0.5139938186813187,False,0
regression_loops_posthoc__tree_group_audit__blend_0.25__cost_1__no_favorable_group,49182,4,Funk2-108-Eb,03_Funk2-108-Eb_comp.jams,37573,1,3,2,2,mixed,-0.2056277096271515,0.2211538553237915,0.16565148305084745,False,0
regression_loops_posthoc__tree_group_audit__blend_0.25__cost_1__no_favorable_group,49201,4,Funk2-108-Eb,03_Funk2-108-Eb_comp.jams,97466,3,3,4,4,mixed,-0.2362355887889862,0.291437566280365,0.11835488505747127,False,0
regression_loops_posthoc__tree_group_audit__blend_0.25__cost_1__no_favorable_group,49209,4,Funk2-108-Eb,03_Funk2-108-Eb_comp.jams,116520,2,3,2,2,mixed,-0.08770053088665009,0.0263117253780365,0.6106770833333334,False,0
regression_loops_posthoc__tree_group_audit__blend_0.25__cost_1__no_favorable_group,49217,4,Funk2-108-Eb,03_Funk2-108-Eb_comp.jams,146603,3,3,4,4,correction_favored,0.13075882196426392,0.317293256521225,0.2673076923076923,False,0
regression_loops_posthoc__tree_group_audit__blend_0.25__cost_1__no_favorable_group,49237,4,Funk2-108-Eb,03_Funk2-108-Eb_comp.jams,244268,3,3,5,3,regression_favored,-0.485714316368103,0.0,0.04097877358490566,True,1
regression_loops_posthoc__tree_group_audit__blend_0.25__cost_1__no_favorable_group,49270,4,Funk2-108-Eb,03_Funk2-108-Eb_comp.jams,392738,4,4,3,3,mixed,-0.11904764175415039,0.022480636835098267,0.478515625,False,0
regression_loops_posthoc__tree_group_audit__blend_0.25__cost_1__no_favorable_group,49287,4,Funk2-108-Eb,03_Funk2-108-Eb_comp.jams,439988,2,3,5,3,regression_favored,-0.3484162986278534,-0.13508063554763794,0.052083333333333336,True,0
regression_loops_posthoc__tree_group_audit__blend_0.25__cost_1__no_favorable_group,49356,4,Funk2-108-Eb,03_Funk2-108-Eb_comp.jams,729540,3,2,3,3,correction_favored,0.0016409754753112793,0.22119814157485962,0.6266698473282443,False,0
regression_loops_posthoc__tree_group_audit__blend_0.25__cost_1__no_favorable_group,49364,4,Funk2-108-Eb,03_Funk2-108-Eb_comp.jams,759691,4,4,3,3,mixed,-0.0729188621044159,0.33821260929107666,0.6903782894736842,False,0
regression_loops_posthoc__tree_group_audit__blend_0.25__cost_1__no_favorable_group,49386,4,Funk2-108-Eb,03_Funk2-108-Eb_comp.jams,833364,3,3,2,2,mixed,-0.008559465408325195,0.3117058575153351,0.3755165289256198,False,0
regression_loops_posthoc__tree_group_audit__blend_0.25__cost_1__no_favorable_group,49414,4,Funk2-108-Eb,03_Funk2-108-Eb_comp.jams,930328,2,3,2,3,regression_favored,-0.3164983093738556,-0.2388102412223816,0.234375,True,-1
regression_loops_posthoc__tree_group_audit__blend_0.25__cost_1__no_favorable_group,49441,4,Funk2-108-Eb,03_Funk2-108-Eb_comp.jams,1049361,3,3,2,2,mixed,-0.18300652503967285,0.07338017225265503,0.14583333333333334,False,0
regression_loops_posthoc__tree_group_audit__blend_0.25__cost_1__no_favorable_group,49459,4,Funk2-108-Eb,03_Funk2-108-Eb_comp.jams,1127284,1,2,3,3,mixed,-0.1386125087738037,0.017574936151504517,0.3553779069767442,False,0
regression_loops_posthoc__tree_group_audit__blend_0.25__cost_1__no_favorable_group,49509,4,Funk2-108-Eb,03_Funk2-108-Eb_comp.jams,1310977,3,3,2,2,mixed,-0.06470587849617004,0.23623909056186676,0.4138986013986014,False,0
regression_loops_posthoc__tree_group_audit__blend_0.25__cost_1__no_favorable_group,49542,4,Funk2-108-Eb,03_Funk2-108-Eb_comp.jams,1423915,3,3,2,2,mixed,-0.19913418591022491,0.20467835664749146,0.43417744252873564,False,0
regression_loops_posthoc__tree_group_audit__blend_0.25__cost_1__no_favorable_group,51484,4,Jazz1-130-D,03_Jazz1-130-D_comp.jams,328528,0,3,2,2,mixed,-0.15483151376247406,0.2063492089509964,0.6443195812807881,False,0
regression_loops_posthoc__tree_group_audit__blend_0.25__cost_1__no_favorable_group,51544,4,Jazz1-130-D,03_Jazz1-130-D_comp.jams,589303,3,3,2,2,mixed,-0.16470587253570557,0.2057851254940033,0.15084134615384615,False,0
regression_loops_posthoc__tree_group_audit__blend_0.25__cost_1__no_favorable_group,51612,4,Jazz1-130-D,03_Jazz1-130-D_comp.jams,893148,1,3,2,2,mixed,-0.024882018566131592,0.2585858702659607,0.1840572033898305,False,0
regression_loops_posthoc__tree_group_audit__blend_0.25__cost_1__no_favorable_group,53017,4,Jazz3-137-Eb,03_Jazz3-137-Eb_comp.jams,308706,2,3,2,2,mixed,-0.19348566234111786,0.1895604282617569,0.2249119718309859,False,0
regression_loops_posthoc__tree_group_audit__blend_0.25__cost_1__no_favorable_group,53063,4,Jazz3-137-Eb,03_Jazz3-137-Eb_comp.jams,514403,4,3,4,4,mixed,-0.010647743940353394,0.05335968732833862,0.1640625,False,0
regression_loops_posthoc__tree_group_audit__blend_0.25__cost_1__no_favorable_group,53078,4,Jazz3-137-Eb,03_Jazz3-137-Eb_comp.jams,595505,0,3,2,2,mixed,-0.11240720748901367,0.29803919792175293,0.5083728902953587,False,0
regression_loops_posthoc__tree_group_audit__blend_0.25__cost_1__no_favorable_group,53095,4,Jazz3-137-Eb,03_Jazz3-137-Eb_comp.jams,706192,3,3,4,3,regression_favored,-0.1599804162979126,-0.07967031002044678,0.265625,True,1
regression_loops_posthoc__tree_group_audit__blend_0.25__cost_1__no_favorable_group,53179,4,Jazz3-137-Eb,03_Jazz3-137-Eb_comp.jams,1099599,2,4,2,2,mixed,-0.18252825736999512,0.21118882298469543,0.18802083333333333,False,0
regression_loops_posthoc__tree_group_audit__blend_0.25__cost_1__no_favorable_group,54326,4,Rock1-90-C#,03_Rock1-90-C#_comp.jams,219155,2,3,2,2,mixed,-0.13300582766532898,0.10364963114261627,0.16824127906976744,False,0
regression_loops_posthoc__tree_group_audit__blend_0.25__cost_1__no_favorable_group,54412,4,Rock1-90-C#,03_Rock1-90-C#_comp.jams,426267,2,4,3,4,regression_favored,-0.08837208151817322,-0.08837208151817322,0.484375,True,0
regression_loops_posthoc__tree_group_audit__blend_0.25__cost_1__no_favorable_group,54441,4,Rock1-90-C#,03_Rock1-90-C#_comp.jams,500238,3,3,4,4,mixed,-0.2857142686843872,0.3483462631702423,0.21058768656716417,False,0
regression_loops_posthoc__tree_group_audit__blend_0.25__cost_1__no_favorable_group,54455,4,Rock1-90-C#,03_Rock1-90-C#_comp.jams,528427,2,3,4,4,mixed,-0.19078105688095093,0.31864672899246216,0.23869243421052633,False,0
regression_loops_posthoc__tree_group_audit__blend_0.25__cost_1__no_favorable_group,54472,4,Rock1-90-C#,03_Rock1-90-C#_comp.jams,573525,3,3,2,2,correction_favored,0.02196332812309265,0.21282050013542175,0.24388586956521738,False,0
regression_loops_posthoc__tree_group_audit__blend_0.25__cost_1__no_favorable_group,54508,4,Rock1-90-C#,03_Rock1-90-C#_comp.jams,646413,2,3,2,3,regression_favored,-0.09750296175479889,-0.09750296175479889,0.265625,True,-1
regression_loops_posthoc__tree_group_audit__blend_0.25__cost_1__no_favorable_group,54542,4,Rock1-90-C#,03_Rock1-90-C#_comp.jams,734616,4,3,4,3,regression_favored,-0.0942029058933258,-0.0942029058933258,0.28125,True,-1
regression_loops_posthoc__tree_group_audit__blend_0.25__cost_1__no_favorable_group,54572,4,Rock1-90-C#,03_Rock1-90-C#_comp.jams,808344,3,3,4,4,mixed,-0.11775362491607666,0.10980811715126038,0.09375,False,0
regression_loops_posthoc__tree_group_audit__blend_0.25__cost_1__no_favorable_group,54588,4,Rock1-90-C#,03_Rock1-90-C#_comp.jams,852013,2,3,2,2,correction_favored,0.023012563586235046,0.14420713484287262,0.3940972222222222,False,0
regression_loops_posthoc__tree_group_audit__blend_0.25__cost_1__no_favorable_group,54619,4,Rock1-90-C#,03_Rock1-90-C#_comp.jams,925439,2,2,3,2,regression_favored,-0.1816301792860031,-0.16540542244911194,0.234375,True,1
regression_loops_posthoc__tree_group_audit__blend_0.25__cost_1__no_favorable_group,54623,4,Rock1-90-C#,03_Rock1-90-C#_comp.jams,940945,2,2,3,3,mixed,-0.033623456954956055,0.19542455673217773,0.4958169291338583,False,0
regression_loops_posthoc__tree_group_audit__blend_0.25__cost_1__no_favorable_group,54634,4,Rock1-90-C#,03_Rock1-90-C#_comp.jams,970414,2,2,3,2,regression_favored,-0.11814671754837036,-0.007223665714263916,0.484375,True,1
regression_loops_posthoc__tree_group_audit__blend_0.25__cost_1__no_favorable_group,54654,4,Rock1-90-C#,03_Rock1-90-C#_comp.jams,1015338,3,3,4,4,mixed,-0.06533575057983398,0.246348574757576,0.2151930894308943,False,0
regression_loops_posthoc__tree_group_audit__blend_0.25__cost_1__no_favorable_group,54663,4,Rock1-90-C#,03_Rock1-90-C#_comp.jams,1045453,2,2,3,3,correction_favored,0.07048556208610535,0.27364233136177063,0.5884596456692913,False,0
regression_loops_posthoc__tree_group_audit__blend_0.25__cost_1__no_favorable_group,54711,4,Rock1-90-C#,03_Rock1-90-C#_comp.jams,1144928,2,3,2,2,correction_favored,0.004420861601829529,0.2702816128730774,0.478,False,0
regression_loops_posthoc__tree_group_audit__blend_0.25__cost_1__no_favorable_group,58392,4,SS2-107-Ab,03_SS2-107-Ab_comp.jams,110290,3,3,2,2,mixed,-0.04313725233078003,0.34810125827789307,0.38488051470588236,False,0
regression_loops_posthoc__tree_group_audit__blend_0.25__cost_1__no_favorable_group,58393,4,SS2-107-Ab,03_SS2-107-Ab_comp.jams,112071,2,3,4,4,mixed,-0.13968254625797272,0.12271061539649963,0.1015625,False,0
regression_loops_posthoc__tree_group_audit__blend_0.25__cost_1__no_favorable_group,58410,4,SS2-107-Ab,03_SS2-107-Ab_comp.jams,148966,3,3,4,4,correction_favored,0.06707319617271423,0.2137254774570465,0.2294921875,False,0
regression_loops_posthoc__tree_group_audit__blend_0.25__cost_1__no_favorable_group,58424,4,SS2-107-Ab,03_SS2-107-Ab_comp.jams,181888,3,2,3,2,regression_favored,-0.01821860671043396,-0.01821860671043396,0.0625,True,-1
regression_loops_posthoc__tree_group_audit__blend_0.25__cost_1__no_favorable_group,58436,4,SS2-107-Ab,03_SS2-107-Ab_comp.jams,210221,3,3,2,2,correction_favored,0.046896547079086304,0.21545666456222534,0.38925137362637363,False,0
regression_loops_posthoc__tree_group_audit__blend_0.25__cost_1__no_favorable_group,58446,4,SS2-107-Ab,03_SS2-107-Ab_comp.jams,229942,2,3,2,2,mixed,-0.32831263542175293,0.09681792557239532,0.510911312849162,False,0
regression_loops_posthoc__tree_group_audit__blend_0.25__cost_1__no_favorable_group,58455,4,SS2-107-Ab,03_SS2-107-Ab_comp.jams,259525,2,3,2,2,mixed,-0.12349912524223328,0.12145869433879852,0.5253537735849056,False,0
regression_loops_posthoc__tree_group_audit__blend_0.25__cost_1__no_favorable_group,58458,4,SS2-107-Ab,03_SS2-107-Ab_comp.jams,266500,2,3,2,2,correction_favored,0.007575780153274536,0.1778074949979782,0.5737847222222222,False,0
regression_loops_posthoc__tree_group_audit__blend_0.25__cost_1__no_favorable_group,58474,4,SS2-107-Ab,03_SS2-107-Ab_comp.jams,309802,5,3,4,4,correction_favored,0.1250983476638794,0.3258722424507141,0.30334051724137934,False,0
regression_loops_posthoc__tree_group_audit__blend_0.25__cost_1__no_favorable_group,58497,4,SS2-107-Ab,03_SS2-107-Ab_comp.jams,364913,3,3,2,2,mixed,-0.07024791836738586,0.15694716572761536,0.2015625,False,0
regression_loops_posthoc__tree_group_audit__blend_0.25__cost_1__no_favorable_group,58514,4,SS2-107-Ab,03_SS2-107-Ab_comp.jams,407321,2,3,2,2,mixed,-0.04313725233078003,0.33108827471733093,0.21537422839506173,False,0
regression_loops_posthoc__tree_group_audit__blend_0.25__cost_1__no_favorable_group,58523,4,SS2-107-Ab,03_SS2-107-Ab_comp.jams,427833,2,3,2,2,mixed,-0.07457342743873596,0.024983882904052734,0.3046875,False,0
regression_loops_posthoc__tree_group_audit__blend_0.25__cost_1__no_favorable_group,58541,4,SS2-107-Ab,03_SS2-107-Ab_comp.jams,493756,1,3,2,2,mixed,-0.08506494760513306,0.28106507658958435,0.20021802325581395,False,0
regression_loops_posthoc__tree_group_audit__blend_0.25__cost_1__no_favorable_group,58553,4,SS2-107-Ab,03_SS2-107-Ab_comp.jams,525523,2,3,2,2,mixed,-0.1678321808576584,0.1298651248216629,0.41051136363636365,False,0
regression_loops_posthoc__tree_group_audit__blend_0.25__cost_1__no_favorable_group,58568,4,SS2-107-Ab,03_SS2-107-Ab_comp.jams,563032,2,3,2,2,mixed,-0.012104779481887817,0.3075268566608429,0.2900978915662651,False,0
regression_loops_posthoc__tree_group_audit__blend_0.25__cost_1__no_favorable_group,58578,4,SS2-107-Ab,03_SS2-107-Ab_comp.jams,593870,2,2,3,3,mixed,-0.13286715745925903,0.23619049787521362,0.5349842767295597,False,0
regression_loops_posthoc__tree_group_audit__blend_0.25__cost_1__no_favorable_group,58593,4,SS2-107-Ab,03_SS2-107-Ab_comp.jams,625799,3,3,2,3,regression_favored,-0.16385743021965027,-0.00044305622577667236,0.6310369318181818,True,1
regression_loops_posthoc__tree_group_audit__blend_0.25__cost_1__no_favorable_group,58599,4,SS2-107-Ab,03_SS2-107-Ab_comp.jams,643944,4,3,4,4,mixed,-0.057915061712265015,0.14574900269508362,0.18157327586206898,False,0
regression_loops_posthoc__tree_group_audit__blend_0.25__cost_1__no_favorable_group,58616,4,SS2-107-Ab,03_SS2-107-Ab_comp.jams,680400,3,3,2,2,mixed,-0.05911371111869812,0.042059242725372314,0.7354910714285714,False,0
regression_loops_posthoc__tree_group_audit__blend_0.25__cost_1__no_favorable_group,58630,4,SS2-107-Ab,03_SS2-107-Ab_comp.jams,724514,2,3,2,2,mixed,-0.20401757955551147,0.0207785964012146,0.6541193181818182,False,0
regression_loops_posthoc__tree_group_audit__blend_0.25__cost_1__no_favorable_group,58638,4,SS2-107-Ab,03_SS2-107-Ab_comp.jams,754401,2,3,2,2,mixed,-0.2550821900367737,0.1843022257089615,0.31162655279503104,False,0
regression_loops_posthoc__tree_group_audit__blend_0.25__cost_1__no_favorable_group,58649,4,SS2-107-Ab,03_SS2-107-Ab_comp.jams,804204,3,3,4,4,correction_favored,0.038176029920578,0.18640534579753876,0.1636904761904762,False,0
regression_loops_posthoc__tree_group_audit__blend_0.25__cost_1__no_favorable_group,58684,4,SS2-107-Ab,03_SS2-107-Ab_comp.jams,902852,3,3,2,2,mixed,-0.023490339517593384,0.1923818737268448,0.40970685840707965,False,0
regression_loops_posthoc__tree_group_audit__blend_0.25__cost_1__no_favorable_group,58708,4,SS2-107-Ab,03_SS2-107-Ab_comp.jams,959377,2,3,2,2,mixed,-0.06162466108798981,0.24225863814353943,0.25714760638297873,False,0
regression_loops_posthoc__tree_group_audit__blend_0.25__cost_1__no_favorable_group,58733,4,SS2-107-Ab,03_SS2-107-Ab_comp.jams,1020797,2,3,2,2,mixed,-0.1589258313179016,0.04354137182235718,0.6090984513274337,False,0
regression_loops_posthoc__tree_group_audit__blend_0.25__cost_1__no_favorable_group,58735,4,SS2-107-Ab,03_SS2-107-Ab_comp.jams,1026370,2,3,2,2,correction_favored,0.04280656576156616,0.2148795872926712,0.8191207627118644,False,0
regression_loops_posthoc__tree_group_audit__blend_0.25__cost_1__no_favorable_group,58738,4,SS2-107-Ab,03_SS2-107-Ab_comp.jams,1038523,2,2,3,3,mixed,-0.04928860068321228,0.10205313563346863,0.36576704545454547,False,0
regression_loops_posthoc__tree_group_audit__blend_0.25__cost_1__no_favorable_group,58761,4,SS2-107-Ab,03_SS2-107-Ab_comp.jams,1100107,1,3,2,2,mixed,-0.10098521411418915,0.1827053278684616,0.35684419014084506,False,0
regression_loops_posthoc__tree_group_audit__blend_0.25__cost_1__no_favorable_group,58777,4,SS2-107-Ab,03_SS2-107-Ab_comp.jams,1137108,2,3,2,2,mixed,-0.07910750806331635,0.09755939245223999,0.3252840909090909,False,0
regression_loops_posthoc__tree_group_audit__blend_0.25__cost_1__no_favorable_group,58784,4,SS2-107-Ab,03_SS2-107-Ab_comp.jams,1156774,3,3,4,4,correction_favored,0.09438773989677429,0.2806122303009033,0.3023097826086957,False,0
regression_loops_posthoc__tree_group_audit__blend_0.25__cost_1__no_favorable_group,58810,4,SS2-107-Ab,03_SS2-107-Ab_comp.jams,1219257,2,3,2,2,mixed,-0.03288200497627258,0.059824734926223755,0.55078125,False,0
regression_loops_posthoc__tree_group_audit__blend_0.25__cost_1__no_favorable_group,58814,4,SS2-107-Ab,03_SS2-107-Ab_comp.jams,1236913,2,2,3,3,mixed,-0.056649625301361084,0.2850041687488556,0.47739955357142855,False,0
regression_loops_posthoc__tree_group_audit__blend_0.25__cost_1__no_favorable_group,58820,4,SS2-107-Ab,03_SS2-107-Ab_comp.jams,1256238,3,2,3,3,correction_favored,0.05882352590560913,0.4173126518726349,0.5452620967741936,False,0
regression_loops_posthoc__tree_group_audit__blend_0.25__cost_1__no_favorable_group,58826,4,SS2-107-Ab,03_SS2-107-Ab_comp.jams,1286049,1,3,2,2,mixed,-0.11686956882476807,0.16538460552692413,0.13232421875,False,0
regression_loops_posthoc__tree_group_audit__blend_0.25__cost_1__no_favorable_group,58829,4,SS2-107-Ab,03_SS2-107-Ab_comp.jams,1299342,4,4,3,3,mixed,-0.05574911832809448,0.1538461446762085,0.6774691358024691,False,0
regression_loops_posthoc__tree_group_audit__blend_0.25__cost_1__no_favorable_group,58848,4,SS2-107-Ab,03_SS2-107-Ab_comp.jams,1354017,2,3,2,2,mixed,-0.10464000701904297,0.18459102511405945,0.45249277456647397,False,0
regression_loops_posthoc__tree_group_audit__blend_0.25__cost_1__no_favorable_group,58855,4,SS2-107-Ab,03_SS2-107-Ab_comp.jams,1368163,2,3,2,2,mixed,-0.2913608253002167,0.12298506498336792,0.4456588669950739,False,0
regression_loops_posthoc__tree_group_audit__blend_0.25__cost_1__no_favorable_group,58864,4,SS2-107-Ab,03_SS2-107-Ab_comp.jams,1397293,5,3,4,4,correction_favored,0.12903223931789398,0.2766798734664917,0.37109375,False,0
regression_loops_posthoc__tree_group_audit__blend_0.25__cost_1__no_favorable_group,58881,4,SS2-107-Ab,03_SS2-107-Ab_comp.jams,1435066,3,3,2,2,mixed,-0.08505262434482574,0.22854633629322052,0.4660744863013699,False,0
regression_loops_posthoc__tree_group_audit__blend_0.25__cost_1__no_favorable_group,58909,4,SS2-107-Ab,03_SS2-107-Ab_comp.jams,1513621,1,3,2,2,mixed,-0.043609023094177246,0.27263009548187256,0.4893867924528302,False,0
regression_loops_posthoc__tree_group_audit__blend_0.25__cost_1__no_favorable_group,58921,4,SS2-107-Ab,03_SS2-107-Ab_comp.jams,1552356,2,3,2,2,mixed,-0.09176471829414368,0.2706552743911743,0.22681051587301587,False,0
regression_loops_posthoc__tree_group_audit__blend_0.25__cost_1__no_favorable_group,62614,4,Funk2-108-Eb,04_Funk2-108-Eb_comp.jams,178859,2,2,3,3,mixed,-0.19105690717697144,0.23076924681663513,0.2876333841463415,False,0
regression_loops_posthoc__tree_group_audit__blend_0.25__cost_1__no_favorable_group,62639,4,Funk2-108-Eb,04_Funk2-108-Eb_comp.jams,276297,2,2,3,3,mixed,-0.11390602588653564,0.07320526242256165,0.5039893617021277,False,0
regression_loops_posthoc__tree_group_audit__blend_0.25__cost_1__no_favorable_group,62646,4,Funk2-108-Eb,04_Funk2-108-Eb_comp.jams,313704,2,2,3,2,regression_favored,-0.24375000596046448,-0.037293463945388794,0.2558262711864407,True,1
regression_loops_posthoc__tree_group_audit__blend_0.25__cost_1__no_favorable_group,62656,4,Funk2-108-Eb,04_Funk2-108-Eb_comp.jams,375594,3,2,3,3,correction_favored,0.10369566082954407,0.28867998719215393,0.4207001879699248,False,0
regression_loops_posthoc__tree_group_audit__blend_0.25__cost_1__no_favorable_group,62683,4,Funk2-108-Eb,04_Funk2-108-Eb_comp.jams,473450,2,3,2,2,mixed,-0.12171867489814758,0.15022523701190948,0.2734375,False,0
regression_loops_posthoc__tree_group_audit__blend_0.25__cost_1__no_favorable_group,62687,4,Funk2-108-Eb,04_Funk2-108-Eb_comp.jams,489998,3,3,4,3,regression_favored,-0.28306877613067627,-0.28306877613067627,0.09375,True,1
regression_loops_posthoc__tree_group_audit__blend_0.25__cost_1__no_favorable_group,62693,4,Funk2-108-Eb,04_Funk2-108-Eb_comp.jams,508304,1,3,2,2,mixed,-0.13767580687999725,0.14122381806373596,0.2689873417721519,False,0
regression_loops_posthoc__tree_group_audit__blend_0.25__cost_1__no_favorable_group,62694,4,Funk2-108-Eb,04_Funk2-108-Eb_comp.jams,510198,2,3,2,2,correction_favored,0.014687776565551758,0.24553491175174713,0.5026041666666666,False,0
regression_loops_posthoc__tree_group_audit__blend_0.25__cost_1__no_favorable_group,62761,4,Funk2-108-Eb,04_Funk2-108-Eb_comp.jams,753794,3,3,2,2,correction_favored,0.17272727191448212,0.18967179954051971,0.15625,False,0
regression_loops_posthoc__tree_group_audit__blend_0.25__cost_1__no_favorable_group,62776,4,Funk2-108-Eb,04_Funk2-108-Eb_comp.jams,803613,2,3,2,2,mixed,-0.020185023546218872,0.08304500579833984,0.34191176470588236,False,0
regression_loops_posthoc__tree_group_audit__blend_0.25__cost_1__no_favorable_group,62812,4,Funk2-108-Eb,04_Funk2-108-Eb_comp.jams,925964,3,2,3,3,mixed,-0.10264551639556885,0.11942139267921448,0.22978940217391305,False,0
regression_loops_posthoc__tree_group_audit__blend_0.25__cost_1__no_favorable_group,62837,4,Funk2-108-Eb,04_Funk2-108-Eb_comp.jams,997761,2,3,2,2,correction_favored,0.004659831523895264,0.20018604397773743,0.47547901459854014,False,0
regression_loops_posthoc__tree_group_audit__blend_0.25__cost_1__no_favorable_group,62841,4,Funk2-108-Eb,04_Funk2-108-Eb_comp.jams,1016341,2,3,2,2,correction_favored,0.07492217421531677,0.20078694820404053,0.4862012987012987,False,0
regression_loops_posthoc__tree_group_audit__blend_0.25__cost_1__no_favorable_group,62842,4,Funk2-108-Eb,04_Funk2-108-Eb_comp.jams,1018168,1,3,2,2,mixed,-0.028265923261642456,0.20606060326099396,0.22691761363636365,False,0
regression_loops_posthoc__tree_group_audit__blend_0.25__cost_1__no_favorable_group,62845,4,Funk2-108-Eb,04_Funk2-108-Eb_comp.jams,1025515,3,3,4,4,correction_favored,0.14392805099487305,0.14392805099487305,0.265625,False,0
regression_loops_posthoc__tree_group_audit__blend_0.25__cost_1__no_favorable_group,62861,4,Funk2-108-Eb,04_Funk2-108-Eb_comp.jams,1098938,3,4,3,3,mixed,-0.018148213624954224,0.4374999701976776,0.35714285714285715,False,0
regression_loops_posthoc__tree_group_audit__blend_0.25__cost_1__no_favorable_group,62908,4,Funk2-108-Eb,04_Funk2-108-Eb_comp.jams,1269438,3,3,2,2,mixed,-0.08983996510505676,0.13039767742156982,0.39150280898876405,False,0
regression_loops_posthoc__tree_group_audit__blend_0.25__cost_1__no_favorable_group,62913,4,Funk2-108-Eb,04_Funk2-108-Eb_comp.jams,1285924,2,3,2,2,mixed,-0.11359025537967682,0.3542395234107971,0.2324501811594203,False,0
regression_loops_posthoc__tree_group_audit__blend_0.25__cost_1__no_favorable_group,62916,4,Funk2-108-Eb,04_Funk2-108-Eb_comp.jams,1299104,0,3,2,2,mixed,-0.16986948251724243,0.2857142686843872,0.36421130952380953,False,0
regression_loops_posthoc__tree_group_audit__blend_0.25__cost_1__no_favorable_group,62944,4,Funk2-108-Eb,04_Funk2-108-Eb_comp.jams,1403968,3,2,3,3,correction_favored,0.0707390308380127,0.3214804232120514,0.5062056737588653,False,0
regression_loops_posthoc__tree_group_audit__blend_0.25__cost_1__no_favorable_group,65119,4,Jazz1-130-D,04_Jazz1-130-D_comp.jams,122981,4,3,4,3,regression_favored,-0.045042216777801514,-0.015696227550506592,0.19791666666666666,True,-1
regression_loops_posthoc__tree_group_audit__blend_0.25__cost_1__no_favorable_group,65138,4,Jazz1-130-D,04_Jazz1-130-D_comp.jams,182665,4,3,4,4,mixed,-0.25791212916374207,0.13684210181236267,0.24569389763779528,False,0
regression_loops_posthoc__tree_group_audit__blend_0.25__cost_1__no_favorable_group,65154,4,Jazz1-130-D,04_Jazz1-130-D_comp.jams,245669,3,3,2,2,mixed,-0.25963491201400757,0.4285714626312256,0.35930934873949577,False,0
regression_loops_posthoc__tree_group_audit__blend_0.25__cost_1__no_favorable_group,65191,4,Jazz1-130-D,04_Jazz1-130-D_comp.jams,385850,4,3,4,4,mixed,-0.2065727710723877,0.178571417927742,0.2353515625,False,0
regression_loops_posthoc__tree_group_audit__blend_0.25__cost_1__no_favorable_group,65267,4,Jazz1-130-D,04_Jazz1-130-D_comp.jams,630105,4,4,3,3,mixed,-0.15384617447853088,0.043670088052749634,0.4694940476190476,False,0
regression_loops_posthoc__tree_group_audit__blend_0.25__cost_1__no_favorable_group,65293,4,Jazz1-130-D,04_Jazz1-130-D_comp.jams,711373,4,3,2,3,regression_favored,-0.3017098903656006,-0.10875332355499268,0.22395833333333334,True,0
regression_loops_posthoc__tree_group_audit__blend_0.25__cost_1__no_favorable_group,65315,4,Jazz1-130-D,04_Jazz1-130-D_comp.jams,772677,4,3,2,2,mixed,-0.14651237428188324,0.07914894819259644,0.0498046875,False,0
regression_loops_posthoc__tree_group_audit__blend_0.25__cost_1__no_favorable_group,65330,4,Jazz1-130-D,04_Jazz1-130-D_comp.jams,807497,1,3,2,2,mixed,-0.08211787045001984,0.19588443636894226,0.3373447204968944,False,0
regression_loops_posthoc__tree_group_audit__blend_0.25__cost_1__no_favorable_group,65339,4,Jazz1-130-D,04_Jazz1-130-D_comp.jams,833187,4,3,4,4,mixed,-0.14931505918502808,0.20909090340137482,0.301625,False,0
regression_loops_posthoc__tree_group_audit__blend_0.25__cost_1__no_favorable_group,65365,4,Jazz1-130-D,04_Jazz1-130-D_comp.jams,908383,4,4,3,3,mixed,-0.05721163749694824,0.21209099888801575,0.8295673076923077,False,0
regression_loops_posthoc__tree_group_audit__blend_0.25__cost_1__no_favorable_group,66683,4,Jazz3-137-Eb,04_Jazz3-137-Eb_comp.jams,7,1,2,4,2,regression_favored,-0.2916666567325592,-0.2916666567325592,0.1875,True,0
regression_loops_posthoc__tree_group_audit__blend_0.25__cost_1__no_favorable_group,66693,4,Jazz3-137-Eb,04_Jazz3-137-Eb_comp.jams,29916,4,4,3,3,mixed,-0.16065573692321777,0.06644740700721741,0.7071814903846154,False,0
regression_loops_posthoc__tree_group_audit__blend_0.25__cost_1__no_favorable_group,66731,4,Jazz3-137-Eb,04_Jazz3-137-Eb_comp.jams,192654,3,3,2,2,mixed,-0.17328570783138275,0.08955223858356476,0.4401595744680851,False,0
regression_loops_posthoc__tree_group_audit__blend_0.25__cost_1__no_favorable_group,66753,4,Jazz3-137-Eb,04_Jazz3-137-Eb_comp.jams,289492,4,3,4,4,mixed,-0.2608107924461365,0.1164465844631195,0.09135584677419355,False,0
regression_loops_posthoc__tree_group_audit__blend_0.25__cost_1__no_favorable_group,66771,4,Jazz3-137-Eb,04_Jazz3-137-Eb_comp.jams,339408,4,4,3,3,correction_favored,0.0203130841255188,0.22830188274383545,0.6701388888888888,False,0
regression_loops_posthoc__tree_group_audit__blend_0.25__cost_1__no_favorable_group,66780,4,Jazz3-137-Eb,04_Jazz3-137-Eb_comp.jams,360047,4,3,2,2,mixed,-0.0750507116317749,0.15789471566677094,0.4568326271186441,False,0
regression_loops_posthoc__tree_group_audit__blend_0.25__cost_1__no_favorable_group,66788,4,Jazz3-137-Eb,04_Jazz3-137-Eb_comp.jams,395660,4,4,3,3,mixed,-0.196363627910614,0.04710960388183594,0.52587890625,False,0
regression_loops_posthoc__tree_group_audit__blend_0.25__cost_1__no_favorable_group,66797,4,Jazz3-137-Eb,04_Jazz3-137-Eb_comp.jams,423714,3,3,2,2,mixed,-0.22117039561271667,0.014090031385421753,0.2563344594594595,False,0
regression_loops_posthoc__tree_group_audit__blend_0.25__cost_1__no_favorable_group,66825,4,Jazz3-137-Eb,04_Jazz3-137-Eb_comp.jams,532521,3,3,4,3,regression_favored,-0.21605277061462402,-0.024561405181884766,0.06473214285714286,True,1
regression_loops_posthoc__tree_group_audit__blend_0.25__cost_1__no_favorable_group,66859,4,Jazz3-137-Eb,04_Jazz3-137-Eb_comp.jams,648521,4,3,4,3,regression_favored,-0.19597069919109344,-0.04801097512245178,0.2265625,True,-1
regression_loops_posthoc__tree_group_audit__blend_0.25__cost_1__no_favorable_group,66872,4,Jazz3-137-Eb,04_Jazz3-137-Eb_comp.jams,688163,3,4,3,3,correction_favored,0.024271845817565918,0.1623859703540802,0.58125,False,0
regression_loops_posthoc__tree_group_audit__blend_0.25__cost_1__no_favorable_group,66898,4,Jazz3-137-Eb,04_Jazz3-137-Eb_comp.jams,783806,3,3,2,3,regression_favored,-0.12293852865695953,-0.12293852865695953,0.171875,True,1
regression_loops_posthoc__tree_group_audit__blend_0.25__cost_1__no_favorable_group,66920,4,Jazz3-137-Eb,04_Jazz3-137-Eb_comp.jams,867903,4,3,4,4,mixed,-0.09546060860157013,0.10144926607608795,0.185,False,0
regression_loops_posthoc__tree_group_audit__blend_0.25__cost_1__no_favorable_group,66926,4,Jazz3-137-Eb,04_Jazz3-137-Eb_comp.jams,881473,4,3,4,4,correction_favored,0.18018019199371338,0.18018019199371338,0.140625,False,0
regression_loops_posthoc__tree_group_audit__blend_0.25__cost_1__no_favorable_group,66945,4,Jazz3-137-Eb,04_Jazz3-137-Eb_comp.jams,920690,4,4,3,4,regression_favored,-0.1281634271144867,-0.1281634271144867,0.4375,True,1
regression_loops_posthoc__tree_group_audit__blend_0.25__cost_1__no_favorable_group,66977,4,Jazz3-137-Eb,04_Jazz3-137-Eb_comp.jams,1023818,3,4,3,4,regression_favored,-0.19999998807907104,-0.16502374410629272,0.65625,True,-1
regression_loops_posthoc__tree_group_audit__blend_0.25__cost_1__no_favorable_group,66982,4,Jazz3-137-Eb,04_Jazz3-137-Eb_comp.jams,1036030,2,3,2,2,mixed,-0.24585966765880585,0.07311321794986725,0.3572591145833333,False,0
regression_loops_posthoc__tree_group_audit__blend_0.25__cost_1__no_favorable_group,66988,4,Jazz3-137-Eb,04_Jazz3-137-Eb_comp.jams,1056199,3,3,2,2,mixed,-0.2150377780199051,0.23024730384349823,0.239125,False,0
regression_loops_posthoc__tree_group_audit__blend_0.25__cost_1__no_favorable_group,67012,4,Jazz3-137-Eb,04_Jazz3-137-Eb_comp.jams,1159060,4,4,3,3,correction_favored,0.07207000255584717,0.2549248933792114,0.7542613636363636,False,0
regression_loops_posthoc__tree_group_audit__blend_0.25__cost_1__no_favorable_group,68175,4,Rock1-90-C#,04_Rock1-90-C#_comp.jams,102159,3,3,2,2,mixed,-0.07750865817070007,0.2092628926038742,0.061197916666666664,False,0
regression_loops_posthoc__tree_group_audit__blend_0.25__cost_1__no_favorable_group,68196,4,Rock1-90-C#,04_Rock1-90-C#_comp.jams,175992,2,3,2,2,mixed,-0.047384604811668396,0.3065934181213379,0.2779657643312102,False,0
regression_loops_posthoc__tree_group_audit__blend_0.25__cost_1__no_favorable_group,68239,4,Rock1-90-C#,04_Rock1-90-C#_comp.jams,294626,3,3,4,4,mixed,-0.10182121396064758,0.09544160962104797,0.14713541666666666,False,0
regression_loops_posthoc__tree_group_audit__blend_0.25__cost_1__no_favorable_group,68248,4,Rock1-90-C#,04_Rock1-90-C#_comp.jams,324746,2,3,2,3,regression_favored,-0.43499165773391724,-0.08936256170272827,0.16019570707070707,True,-1
regression_loops_posthoc__tree_group_audit__blend_0.25__cost_1__no_favorable_group,68254,4,Rock1-90-C#,04_Rock1-90-C#_comp.jams,338972,3,3,2,2,mixed,-0.20456068217754364,0.06043955683708191,0.15381944444444445,False,0
regression_loops_posthoc__tree_group_audit__blend_0.25__cost_1__no_favorable_group,68289,4,Rock1-90-C#,04_Rock1-90-C#_comp.jams,439718,3,2,3,3,mixed,-0.0199146568775177,0.34782397747039795,0.4381510416666667,False,0
regression_loops_posthoc__tree_group_audit__blend_0.25__cost_1__no_favorable_group,68323,4,Rock1-90-C#,04_Rock1-90-C#_comp.jams,529374,4,3,4,4,correction_favored,0.026027381420135498,0.20000000298023224,0.16964285714285715,False,0
regression_loops_posthoc__tree_group_audit__blend_0.25__cost_1__no_favorable_group,68337,4,Rock1-90-C#,04_Rock1-90-C#_comp.jams,557210,3,3,2,3,regression_favored,-0.07959093153476715,-0.0197298526763916,0.396875,True,1
regression_loops_posthoc__tree_group_audit__blend_0.25__cost_1__no_favorable_group,68387,4,Rock1-90-C#,04_Rock1-90-C#_comp.jams,659478,2,3,2,2,mixed,-0.052216753363609314,0.2860472798347473,0.44558189655172414,False,0
regression_loops_posthoc__tree_group_audit__blend_0.25__cost_1__no_favorable_group,68446,4,Rock1-90-C#,04_Rock1-90-C#_comp.jams,851769,3,3,4,4,correction_favored,0.019893914461135864,0.2629969120025635,0.2916666666666667,False,0
regression_loops_posthoc__tree_group_audit__blend_0.25__cost_1__no_favorable_group,68494,4,Rock1-90-C#,04_Rock1-90-C#_comp.jams,970087,3,3,2,2,mixed,-0.04313725233078003,0.25033503770828247,0.3639112903225806,False,0
regression_loops_posthoc__tree_group_audit__blend_0.25__cost_1__no_favorable_group,68611,4,Rock1-90-C#,04_Rock1-90-C#_comp.jams,1250331,2,3,2,2,mixed,-0.1573943793773651,0.057575762271881104,0.41241197183098594,False,0
regression_loops_posthoc__tree_group_audit__blend_0.25__cost_1__no_favorable_group,68631,4,Rock1-90-C#,04_Rock1-90-C#_comp.jams,1291826,4,3,4,4,mixed,-0.2616822123527527,0.16320617496967316,0.13407258064516128,False,0
regression_loops_posthoc__tree_group_audit__blend_0.25__cost_1__no_favorable_group,68642,4,Rock1-90-C#,04_Rock1-90-C#_comp.jams,1322031,4,3,4,4,correction_favored,0.20229555666446686,0.4226803779602051,0.2509973404255319,False,0
regression_loops_posthoc__tree_group_audit__blend_0.25__cost_1__no_favorable_group,72396,4,SS2-107-Ab,04_SS2-107-Ab_comp.jams,49687,2,3,2,3,regression_favored,-0.08721962571144104,-0.03943023085594177,0.27734375,True,-1
regression_loops_posthoc__tree_group_audit__blend_0.25__cost_1__no_favorable_group,72450,4,SS2-107-Ab,04_SS2-107-Ab_comp.jams,247930,1,3,2,2,mixed,-0.16099773347377777,0.14454977214336395,0.49322916666666666,False,0
regression_loops_posthoc__tree_group_audit__blend_0.25__cost_1__no_favorable_group,72475,4,SS2-107-Ab,04_SS2-107-Ab_comp.jams,346513,2,2,3,2,regression_favored,-0.17199665307998657,-0.028241991996765137,0.5248046875,True,1
regression_loops_posthoc__tree_group_audit__blend_0.25__cost_1__no_favorable_group,72591,4,SS2-107-Ab,04_SS2-107-Ab_comp.jams,742284,1,2,3,3,mixed,-0.14243806898593903,0.05053764581680298,0.5753073770491803,False,0
regression_loops_posthoc__tree_group_audit__blend_0.25__cost_1__no_favorable_group,72730,4,SS2-107-Ab,04_SS2-107-Ab_comp.jams,1187451,2,3,2,3,regression_favored,-0.3824293315410614,-0.0011709630489349365,0.27744391025641024,True,-1
regression_loops_posthoc__tree_group_audit__blend_0.25__cost_1__no_favorable_group,72751,4,SS2-107-Ab,04_SS2-107-Ab_comp.jams,1249123,1,2,3,3,mixed,-0.17069098353385925,0.053430646657943726,0.21951219512195122,False,0
regression_loops_posthoc__tree_group_audit__blend_0.25__cost_1__no_favorable_group,72753,4,SS2-107-Ab,04_SS2-107-Ab_comp.jams,1256187,1,3,2,2,mixed,-0.19700638949871063,0.13662156462669373,0.536509900990099,False,0
regression_loops_posthoc__tree_group_audit__blend_0.25__cost_1__no_favorable_group,72759,4,SS2-107-Ab,04_SS2-107-Ab_comp.jams,1268971,0,2,3,3,correction_favored,0.08048707246780396,0.2531628906726837,0.25597426470588236,False,0
regression_loops_posthoc__tree_group_audit__blend_0.25__cost_1__no_favorable_group,72769,4,SS2-107-Ab,04_SS2-107-Ab_comp.jams,1310097,1,3,2,2,mixed,-0.21504703164100647,0.20370370149612427,0.4396391369047619,False,0
regression_loops_posthoc__tree_group_audit__blend_0.25__cost_1__no_favorable_group,72789,4,SS2-107-Ab,04_SS2-107-Ab_comp.jams,1423775,1,3,2,2,mixed,-0.10271459817886353,0.306782603263855,0.49240860849056606,False,0
regression_loops_posthoc__tree_group_audit__blend_0.25__cost_1__no_favorable_group,72794,4,SS2-107-Ab,04_SS2-107-Ab_comp.jams,1435867,2,2,3,3,mixed,-0.11527854204177856,0.16122585535049438,0.4890292553191489,False,0
regression_loops_posthoc__group_audit__cost_1.15__no_favorable_group,715,0,BN2-166-Ab,00_BN2-166-Ab_comp.jams,549345,3,4,3,3,mixed,-0.2234192192554474,0.4694167673587799,0.5229116586538461,False,0
regression_loops_posthoc__group_audit__cost_1.15__no_favorable_group,737,0,BN2-166-Ab,00_BN2-166-Ab_comp.jams,622208,3,4,2,2,mixed,-0.10622251033782959,0.27798742055892944,0.31208517699115046,False,0
regression_loops_posthoc__group_audit__cost_1.15__no_favorable_group,755,0,BN2-166-Ab,00_BN2-166-Ab_comp.jams,677783,5,3,4,4,mixed,-0.003855884075164795,0.1507936418056488,0.1658653846153846,False,0
regression_loops_posthoc__group_audit__cost_1.15__no_favorable_group,760,0,BN2-166-Ab,00_BN2-166-Ab_comp.jams,709555,3,3,4,4,correction_favored,0.037037044763565063,0.25471699237823486,0.234375,False,0
regression_loops_posthoc__group_audit__cost_1.15__no_favorable_group,7407,0,Jazz3-150-C,00_Jazz3-150-C_comp.jams,106489,2,3,2,2,mixed,-0.20852917432785034,0.300245076417923,0.4972067039106145,False,0
regression_loops_posthoc__group_audit__cost_1.15__no_favorable_group,7476,0,Jazz3-150-C,00_Jazz3-150-C_comp.jams,325620,2,3,2,2,mixed,-0.05521287024021149,0.13482987880706787,0.39427083333333335,False,0
regression_loops_posthoc__group_audit__cost_1.15__no_favorable_group,7484,0,Jazz3-150-C,00_Jazz3-150-C_comp.jams,345289,4,4,3,3,mixed,-0.32995498180389404,0.14328357577323914,0.49701544943820225,False,0
regression_loops_posthoc__group_audit__cost_1.15__no_favorable_group,7493,0,Jazz3-150-C,00_Jazz3-150-C_comp.jams,369876,3,3,2,3,regression_favored,-0.311956524848938,-0.011023864150047302,0.6049311926605505,True,1
regression_loops_posthoc__group_audit__cost_1.15__no_favorable_group,7532,0,Jazz3-150-C,00_Jazz3-150-C_comp.jams,486239,2,3,2,2,mixed,-0.0757167786359787,0.15605928003787994,0.3836969339622642,False,0
regression_loops_posthoc__group_audit__cost_1.15__no_favorable_group,7559,0,Jazz3-150-C,00_Jazz3-150-C_comp.jams,545730,3,2,4,2,regression_favored,-0.27586209774017334,0.0,0.006944444444444444,True,0
regression_loops_posthoc__group_audit__cost_1.15__no_favorable_group,7573,0,Jazz3-150-C,00_Jazz3-150-C_comp.jams,599658,4,3,4,3,regression_favored,-0.24712343513965607,-0.05294385552406311,0.078125,True,-1
regression_loops_posthoc__group_audit__cost_1.15__no_favorable_group,7600,0,Jazz3-150-C,00_Jazz3-150-C_comp.jams,705177,1,3,2,2,mixed,-0.11172762513160706,0.2661645710468292,0.24371693121693122,False,0
regression_loops_posthoc__group_audit__cost_1.15__no_favorable_group,7629,0,Jazz3-150-C,00_Jazz3-150-C_comp.jams,811527,4,4,3,3,mixed,-0.13953489065170288,0.19330669939517975,0.6341683884297521,False,0
regression_loops_posthoc__group_audit__cost_1.15__no_favorable_group,7668,0,Jazz3-150-C,00_Jazz3-150-C_comp.jams,911307,3,3,4,3,regression_favored,-0.24712343513965607,-0.005324810743331909,0.078125,True,1
regression_loops_posthoc__group_audit__cost_1.15__no_favorable_group,7716,0,Jazz3-150-C,00_Jazz3-150-C_comp.jams,1032874,3,2,3,3,mixed,-0.27344632148742676,0.01759013533592224,0.20893595041322313,False,0
regression_loops_posthoc__group_audit__cost_1.15__no_favorable_group,7725,0,Jazz3-150-C,00_Jazz3-150-C_comp.jams,1058407,5,4,3,3,mixed,-0.06253141164779663,0.37922707200050354,0.6221751412429378,False,0
regression_loops_posthoc__group_audit__cost_1.15__no_favorable_group,7976,0,Jazz3-150-C,00_Jazz3-150-C_solo.jams,774878,1,2,3,3,mixed,-0.06926408410072327,0.12624585628509521,0.3985054347826087,False,0
regression_loops_posthoc__group_audit__cost_1.15__no_favorable_group,9643,0,Rock2-142-D,00_Rock2-142-D_comp.jams,19528,5,2,4,4,mixed,-0.38461539149284363,0.07792207598686218,0.03782894736842105,False,0
regression_loops_posthoc__group_audit__cost_1.15__no_favorable_group,9682,0,Rock2-142-D,00_Rock2-142-D_comp.jams,108595,5,2,3,3,mixed,-0.09380462765693665,0.07547715306282043,0.267578125,False,0
regression_loops_posthoc__group_audit__cost_1.15__no_favorable_group,9694,0,Rock2-142-D,00_Rock2-142-D_comp.jams,136526,3,4,3,3,correction_favored,0.13114753365516663,0.2636059522628784,0.5733695652173914,False,0
regression_loops_posthoc__group_audit__cost_1.15__no_favorable_group,9699,0,Rock2-142-D,00_Rock2-142-D_comp.jams,150043,2,3,2,2,mixed,-0.14686283469200134,0.28985506296157837,0.45366612554112556,False,0
regression_loops_posthoc__group_audit__cost_1.15__no_favorable_group,9769,0,Rock2-142-D,00_Rock2-142-D_comp.jams,317201,5,3,4,3,regression_favored,-0.3545183539390564,-0.030433207750320435,0.10338541666666666,True,0
regression_loops_posthoc__group_audit__cost_1.15__no_favorable_group,9790,0,Rock2-142-D,00_Rock2-142-D_comp.jams,384200,4,3,4,3,regression_favored,-0.3730822801589966,-0.014618843793869019,0.162109375,True,-1
regression_loops_posthoc__group_audit__cost_1.15__no_favorable_group,9808,0,Rock2-142-D,00_Rock2-142-D_comp.jams,434602,5,4,2,2,correction_favored,0.02181817591190338,0.2978436350822449,0.140625,False,0
regression_loops_posthoc__group_audit__cost_1.15__no_favorable_group,9851,0,Rock2-142-D,00_Rock2-142-D_comp.jams,531543,1,4,2,2,mixed,-0.16539588570594788,0.12727272510528564,0.39588815789473686,False,0
regression_loops_posthoc__group_audit__cost_1.15__no_favorable_group,9866,0,Rock2-142-D,00_Rock2-142-D_comp.jams,566788,4,3,2,2,correction_favored,0.15029089152812958,0.37477636337280273,0.5001481042654028,False,0
regression_loops_posthoc__group_audit__cost_1.15__no_favorable_group,9868,0,Rock2-142-D,00_Rock2-142-D_comp.jams,570756,4,4,5,5,mixed,-0.038461536169052124,0.5102040767669678,0.11297401685393259,False,0
regression_loops_posthoc__group_audit__cost_1.15__no_favorable_group,9927,0,Rock2-142-D,00_Rock2-142-D_comp.jams,717408,4,3,4,4,mixed,-0.2528248429298401,0.007731959223747253,0.10798611111111112,False,0
regression_loops_posthoc__group_audit__cost_1.15__no_favorable_group,9936,0,Rock2-142-D,00_Rock2-142-D_comp.jams,740214,3,4,3,3,mixed,-0.23443222045898438,0.06857141852378845,0.673233695652174,False,0
regression_loops_posthoc__group_audit__cost_1.15__no_favorable_group,9954,0,Rock2-142-D,00_Rock2-142-D_comp.jams,778192,4,2,5,2,regression_favored,-0.523809552192688,-0.3492063581943512,0.12986111111111112,True,0
regression_loops_posthoc__group_audit__cost_1.15__no_favorable_group,9966,0,Rock2-142-D,00_Rock2-142-D_comp.jams,801749,2,3,2,2,mixed,-0.052910059690475464,0.30064988136291504,0.5803084061135371,False,0
regression_loops_posthoc__group_audit__cost_1.15__no_favorable_group,9977,0,Rock2-142-D,00_Rock2-142-D_comp.jams,829739,4,4,3,3,mixed,-0.1618775576353073,0.24671052396297455,0.7236328125,False,0
regression_loops_posthoc__group_audit__cost_1.15__no_favorable_group,9999,0,Rock2-142-D,00_Rock2-142-D_comp.jams,884688,3,4,2,2,mixed,-0.011594220995903015,0.3270588219165802,0.21310975609756097,False,0
regression_loops_posthoc__group_audit__cost_1.15__no_favorable_group,10013,0,Rock2-142-D,00_Rock2-142-D_comp.jams,914601,3,2,4,2,regression_favored,-0.46153849363327026,-0.1428571343421936,0.01171875,True,0
regression_loops_posthoc__group_audit__cost_1.15__no_favorable_group,10025,0,Rock2-142-D,00_Rock2-142-D_comp.jams,941681,5,3,4,4,mixed,-0.2309124618768692,0.020212769508361816,0.11458333333333333,False,0
regression_loops_posthoc__group_audit__cost_1.15__no_favorable_group,10031,0,Rock2-142-D,00_Rock2-142-D_comp.jams,957018,4,3,2,2,mixed,-0.21484866738319397,0.08558659255504608,0.6075973053892215,False,0
regression_loops_posthoc__group_audit__cost_1.15__no_favorable_group,10079,0,Rock2-142-D,00_Rock2-142-D_comp.jams,1072067,3,2,5,2,regression_favored,-0.5,0.0,0.020432692307692308,True,0
regression_loops_posthoc__group_audit__cost_1.15__no_favorable_group,10120,0,Rock2-142-D,00_Rock2-142-D_comp.jams,1159792,1,3,2,2,mixed,-0.23931622505187988,0.17972350120544434,0.6063311688311688,False,0
regression_loops_posthoc__group_audit__cost_1.15__no_favorable_group,10183,0,Rock2-142-D,00_Rock2-142-D_solo.jams,177734,2,4,2,2,mixed,-0.059092968702316284,0.3684210479259491,0.4619879201680672,False,0
regression_loops_posthoc__group_audit__cost_1.15__no_favorable_group,12285,0,Rock3-148-C,00_Rock3-148-C_comp.jams,19772,4,3,4,4,mixed,-0.14047618210315704,0.021376177668571472,0.2859375,False,0
regression_loops_posthoc__group_audit__cost_1.15__no_favorable_group,12309,0,Rock3-148-C,00_Rock3-148-C_comp.jams,80683,5,3,4,3,regression_favored,-0.09790050983428955,-0.09790050983428955,0.46875,True,0
regression_loops_posthoc__group_audit__cost_1.15__no_favorable_group,12322,0,Rock3-148-C,00_Rock3-148-C_comp.jams,108070,5,3,4,4,mixed,-0.18214285373687744,0.062499985098838806,0.125,False,0
regression_loops_posthoc__group_audit__cost_1.15__no_favorable_group,12328,0,Rock3-148-C,00_Rock3-148-C_comp.jams,124605,4,3,5,5,mixed,-0.025263160467147827,0.3584018647670746,0.16747359154929578,False,0
regression_loops_posthoc__group_audit__cost_1.15__no_favorable_group,12331,0,Rock3-148-C,00_Rock3-148-C_comp.jams,135205,3,3,2,2,mixed,-0.002567678689956665,0.2322826236486435,0.6446238151658767,False,0
regression_loops_posthoc__group_audit__cost_1.15__no_favorable_group,12333,0,Rock3-148-C,00_Rock3-148-C_comp.jams,139459,5,3,2,2,correction_favored,0.033846139907836914,0.4573863744735718,0.4040898617511521,False,0
regression_loops_posthoc__group_audit__cost_1.15__no_favorable_group,12356,0,Rock3-148-C,00_Rock3-148-C_comp.jams,189632,3,4,3,4,regression_favored,-0.04285714030265808,-0.008151590824127197,0.62109375,True,-1
regression_loops_posthoc__group_audit__cost_1.15__no_favorable_group,12360,0,Rock3-148-C,00_Rock3-148-C_comp.jams,198690,3,3,2,2,mixed,-0.23333331942558289,0.26891210675239563,0.5753791841004184,False,0
regression_loops_posthoc__group_audit__cost_1.15__no_favorable_group,12362,0,Rock3-148-C,00_Rock3-148-C_comp.jams,203498,4,4,3,3,correction_favored,0.11346995830535889,0.3770558834075928,0.4979707792207792,False,0
regression_loops_posthoc__group_audit__cost_1.15__no_favorable_group,12390,0,Rock3-148-C,00_Rock3-148-C_comp.jams,269354,3,2,3,3,mixed,-0.16428571939468384,0.16877344250679016,0.34466145833333334,False,0
regression_loops_posthoc__group_audit__cost_1.15__no_favorable_group,12394,0,Rock3-148-C,00_Rock3-148-C_comp.jams,282206,4,3,2,2,mixed,-0.03319501876831055,0.27765509486198425,0.19939630681818182,False,0
regression_loops_posthoc__group_audit__cost_1.15__no_favorable_group,12401,0,Rock3-148-C,00_Rock3-148-C_comp.jams,296119,4,2,3,3,mixed,-0.136183500289917,0.17608696222305298,0.29480698529411764,False,0
regression_loops_posthoc__group_audit__cost_1.15__no_favorable_group,12408,0,Rock3-148-C,00_Rock3-148-C_comp.jams,309660,1,4,2,2,mixed,-0.11638203263282776,0.24137932062149048,0.3332855504587156,False,0
regression_loops_posthoc__group_audit__cost_1.15__no_favorable_group,12429,0,Rock3-148-C,00_Rock3-148-C_comp.jams,352625,3,4,5,5,correction_favored,0.2055748999118805,0.41363635659217834,0.25735294117647056,False,0
regression_loops_posthoc__group_audit__cost_1.15__no_favorable_group,12436,0,Rock3-148-C,00_Rock3-148-C_comp.jams,367543,5,4,3,3,mixed,-0.23546670377254486,0.02998065948486328,0.609375,False,0
regression_loops_posthoc__group_audit__cost_1.15__no_favorable_group,12457,0,Rock3-148-C,00_Rock3-148-C_comp.jams,412056,3,3,4,4,mixed,-0.13199873268604279,0.09647059440612793,0.13020833333333334,False,0
regression_loops_posthoc__group_audit__cost_1.15__no_favorable_group,12483,0,Rock3-148-C,00_Rock3-148-C_comp.jams,465369,5,3,4,3,regression_favored,-0.12709496915340424,-0.041666656732559204,0.12215909090909091,True,0
regression_loops_posthoc__group_audit__cost_1.15__no_favorable_group,12494,0,Rock3-148-C,00_Rock3-148-C_comp.jams,487214,4,4,3,3,correction_favored,0.06448087096214294,0.18271473050117493,0.3515625,False,0
regression_loops_posthoc__group_audit__cost_1.15__no_favorable_group,12499,0,Rock3-148-C,00_Rock3-148-C_comp.jams,497208,3,3,2,2,correction_favored,0.08962525427341461,0.32869431376457214,0.5358455882352942,False,0
regression_loops_posthoc__group_audit__cost_1.15__no_favorable_group,12510,0,Rock3-148-C,00_Rock3-148-C_comp.jams,519216,6,4,2,2,correction_favored,0.04114490747451782,0.3055555522441864,0.19761439732142858,False,0
regression_loops_posthoc__group_audit__cost_1.15__no_favorable_group,12512,0,Rock3-148-C,00_Rock3-148-C_comp.jams,523387,6,3,4,3,regression_favored,-0.2044728547334671,-0.2044728547334671,0.203125,True,0
regression_loops_posthoc__group_audit__cost_1.15__no_favorable_group,12527,0,Rock3-148-C,00_Rock3-148-C_comp.jams,554587,4,3,2,2,correction_favored,0.08771929889917374,0.4119318127632141,0.5837673611111112,False,0
regression_loops_posthoc__group_audit__cost_1.15__no_favorable_group,12528,0,Rock3-148-C,00_Rock3-148-C_comp.jams,559123,5,3,2,2,mixed,-0.07180069386959076,0.24000488221645355,0.5709727112676056,False,0
regression_loops_posthoc__group_audit__cost_1.15__no_favorable_group,12531,0,Rock3-148-C,00_Rock3-148-C_comp.jams,567817,5,3,2,2,correction_favored,0.08954021334648132,0.4134615659713745,0.4552744708994709,False,0
regression_loops_posthoc__group_audit__cost_1.15__no_favorable_group,12547,0,Rock3-148-C,00_Rock3-148-C_comp.jams,604866,5,2,3,2,regression_favored,-0.2714914381504059,-0.05391237139701843,0.35735887096774194,True,0
regression_loops_posthoc__group_audit__cost_1.15__no_favorable_group,12552,0,Rock3-148-C,00_Rock3-148-C_comp.jams,617081,5,3,4,4,mixed,-0.2612951993942261,0.09011629223823547,0.1748046875,False,0
regression_loops_posthoc__group_audit__cost_1.15__no_favorable_group,12559,0,Rock3-148-C,00_Rock3-148-C_comp.jams,631168,4,2,3,3,mixed,-0.02850574254989624,0.18571573495864868,0.17696629213483145,False,0
regression_loops_posthoc__group_audit__cost_1.15__no_favorable_group,12590,0,Rock3-148-C,00_Rock3-148-C_comp.jams,711432,4,3,2,2,correction_favored,0.15369173884391785,0.37850069999694824,0.44212962962962965,False,0
regression_loops_posthoc__group_audit__cost_1.15__no_favorable_group,12595,0,Rock3-148-C,00_Rock3-148-C_comp.jams,723778,3,2,3,2,regression_favored,-0.20437213778495789,-0.03303426504135132,0.3484375,True,-1
regression_loops_posthoc__group_audit__cost_1.15__no_favorable_group,12645,0,Rock3-148-C,00_Rock3-148-C_comp.jams,834981,4,3,2,2,mixed,-0.1666666567325592,0.22861164808273315,0.5345622119815668,False,0
regression_loops_posthoc__group_audit__cost_1.15__no_favorable_group,12647,0,Rock3-148-C,00_Rock3-148-C_comp.jams,838781,4,3,2,2,correction_favored,0.012151896953582764,0.22261983156204224,0.429625,False,0
regression_loops_posthoc__group_audit__cost_1.15__no_favorable_group,12654,0,Rock3-148-C,00_Rock3-148-C_comp.jams,853048,5,3,2,2,correction_favored,0.13913941383361816,0.33180874586105347,0.5657552083333334,False,0
regression_loops_posthoc__group_audit__cost_1.15__no_favorable_group,12687,0,Rock3-148-C,00_Rock3-148-C_comp.jams,917684,3,3,2,2,correction_favored,0.05399751663208008,0.3152981400489807,0.5926809210526316,False,0
regression_loops_posthoc__group_audit__cost_1.15__no_favorable_group,12702,0,Rock3-148-C,00_Rock3-148-C_comp.jams,947626,5,3,4,3,regression_favored,-0.2289077639579773,-0.0225791335105896,0.14415322580645162,True,0
regression_loops_posthoc__group_audit__cost_1.15__no_favorable_group,12715,0,Rock3-148-C,00_Rock3-148-C_comp.jams,976146,5,3,2,2,mixed,-0.05454544723033905,0.3776041865348816,0.5050491266375546,False,0
regression_loops_posthoc__group_audit__cost_1.15__no_favorable_group,12727,0,Rock3-148-C,00_Rock3-148-C_comp.jams,1002494,3,3,2,2,mixed,-0.11356465518474579,0.13720929622650146,0.464692679558011,False,0
regression_loops_posthoc__group_audit__cost_1.15__no_favorable_group,12735,0,Rock3-148-C,00_Rock3-148-C_comp.jams,1020454,6,4,3,3,mixed,-0.20905379951000214,0.03768995404243469,0.4875529661016949,False,0
regression_loops_posthoc__group_audit__cost_1.15__no_favorable_group,12741,0,Rock3-148-C,00_Rock3-148-C_comp.jams,1033393,4,4,3,3,mixed,-0.12645085155963898,0.13013508915901184,0.3933189655172414,False,0
regression_loops_posthoc__group_audit__cost_1.15__no_favorable_group,12745,0,Rock3-148-C,00_Rock3-148-C_comp.jams,1042389,5,3,2,2,mixed,-0.1410256326198578,0.2539234757423401,0.6058728448275862,False,0
regression_loops_posthoc__group_audit__cost_1.15__no_favorable_group,12751,0,Rock3-148-C,00_Rock3-148-C_comp.jams,1054843,5,3,2,2,correction_favored,0.06212902069091797,0.3456747233867645,0.5146827889447236,False,0
regression_loops_posthoc__group_audit__cost_1.15__no_favorable_group,12757,0,Rock3-148-C,00_Rock3-148-C_comp.jams,1068889,6,3,2,2,correction_favored,0.04016423225402832,0.3408340811729431,0.34967672413793105,False,0
regression_loops_posthoc__group_audit__cost_1.15__no_favorable_group,12771,0,Rock3-148-C,00_Rock3-148-C_comp.jams,1098916,5,2,4,4,mixed,-0.3388157784938812,0.16083917021751404,0.02322635135135135,False,0
regression_loops_posthoc__group_audit__cost_1.15__no_favorable_group,12788,0,Rock3-148-C,00_Rock3-148-C_comp.jams,1134847,4,2,4,4,unsupported,-0.34090909361839294,-0.34090909361839294,0.0,False,0
regression_loops_posthoc__group_audit__cost_1.15__no_favorable_group,12800,0,Rock3-148-C,00_Rock3-148-C_solo.jams,37490,3,3,4,4,mixed,-0.19090908765792847,0.16346153616905212,0.21807065217391305,False,0
regression_loops_posthoc__group_audit__cost_1.15__no_favorable_group,12808,0,Rock3-148-C,00_Rock3-148-C_solo.jams,65296,3,3,4,4,mixed,-0.28333333134651184,0.23148149251937866,0.20610119047619047,False,0
regression_loops_posthoc__group_audit__cost_1.15__no_favorable_group,12826,0,Rock3-148-C,00_Rock3-148-C_solo.jams,180820,3,3,4,4,mixed,-0.08189001679420471,0.15082958340644836,0.21614583333333334,False,0
regression_loops_posthoc__group_audit__cost_1.15__no_favorable_group,12855,0,Rock3-148-C,00_Rock3-148-C_solo.jams,340001,2,3,2,2,mixed,-0.375,0.49390918016433716,0.42498703319502074,False,0
regression_loops_posthoc__group_audit__cost_1.15__no_favorable_group,12871,0,Rock3-148-C,00_Rock3-148-C_solo.jams,501943,2,3,2,2,mixed,-0.30203166604042053,0.1314934939146042,0.27094594594594595,False,0
regression_loops_posthoc__group_audit__cost_1.15__no_favorable_group,12876,0,Rock3-148-C,00_Rock3-148-C_solo.jams,554452,2,3,2,2,mixed,-0.1820981800556183,0.3733566999435425,0.43824728260869567,False,0
regression_loops_posthoc__group_audit__cost_1.15__no_favorable_group,12880,0,Rock3-148-C,00_Rock3-148-C_solo.jams,590461,2,3,2,2,mixed,-0.012448489665985107,0.4212454557418823,0.4633441943127962,False,0
regression_loops_posthoc__group_audit__cost_1.15__no_favorable_group,12888,0,Rock3-148-C,00_Rock3-148-C_solo.jams,717179,1,3,2,2,mixed,-0.10755693912506104,0.19586941599845886,0.310612922705314,False,0
regression_loops_posthoc__group_audit__cost_1.15__no_favorable_group,12894,0,Rock3-148-C,00_Rock3-148-C_solo.jams,769605,1,3,2,2,mixed,-0.05253414809703827,0.22433629631996155,0.30353743654822335,False,0
regression_loops_posthoc__group_audit__cost_1.15__no_favorable_group,13065,0,SS1-68-E,00_SS1-68-E_comp.jams,274747,0,3,2,2,mixed,-0.010197937488555908,0.22253315150737762,0.3297018348623853,False,0
regression_loops_posthoc__group_audit__cost_1.15__no_favorable_group,13179,0,SS1-68-E,00_SS1-68-E_comp.jams,686319,2,4,3,4,regression_favored,-0.24000000953674316,-0.03580990433692932,0.3274147727272727,True,0
regression_loops_posthoc__group_audit__cost_1.15__no_favorable_group,13249,0,SS1-68-E,00_SS1-68-E_comp.jams,908307,1,3,2,2,mixed,-0.15290507674217224,0.15813758969306946,0.5346200980392157,False,0
regression_loops_posthoc__group_audit__cost_1.15__no_favorable_group,13417,0,SS1-68-E,00_SS1-68-E_comp.jams,1402788,4,3,4,4,mixed,-0.05627119541168213,0.3054569959640503,0.1951388888888889,False,0
regression_loops_posthoc__group_audit__cost_1.15__no_favorable_group,13774,0,SS1-68-E,00_SS1-68-E_solo.jams,684359,2,4,3,3,mixed,-0.11712473630905151,0.02425748109817505,0.48046875,False,0
regression_loops_posthoc__group_audit__cost_1.15__no_favorable_group,13820,0,SS1-68-E,00_SS1-68-E_solo.jams,816794,3,3,4,4,correction_favored,0.044361621141433716,0.23671095073223114,0.3075284090909091,False,0
regression_loops_posthoc__group_audit__cost_1.15__no_favorable_group,13859,0,SS1-68-E,00_SS1-68-E_solo.jams,911478,2,4,3,3,mixed,-0.11422863602638245,0.082339346408844,0.7674479166666667,False,0
regression_loops_posthoc__group_audit__cost_1.15__no_favorable_group,13910,0,SS1-68-E,00_SS1-68-E_solo.jams,1304878,2,3,4,4,mixed,-0.028508245944976807,0.03874167799949646,0.3177083333333333,False,0
regression_loops_posthoc__group_audit__cost_1.15__no_favorable_group,13977,0,SS1-68-E,00_SS1-68-E_solo.jams,1555876,2,4,2,2,correction_favored,0.052188560366630554,0.35902637243270874,0.11654874213836477,False,0
regression_loops_posthoc__group_audit__cost_1.15__no_favorable_group,13996,0,SS1-68-E,00_SS1-68-E_solo.jams,1595875,3,3,2,2,correction_favored,0.034067749977111816,0.31432315707206726,0.43054759174311924,False,0
regression_loops_posthoc__group_audit__cost_1.15__no_favorable_group,14061,0,SS1-68-E,00_SS1-68-E_solo.jams,1790220,1,3,2,2,mixed,-0.023085206747055054,0.3282491862773895,0.22398560209424084,False,0
regression_loops_posthoc__group_audit__cost_1.15__no_favorable_group,17276,0,BN2-166-Ab,01_BN2-166-Ab_comp.jams,5,5,3,4,4,mixed,-0.2666666507720947,0.4285714626312256,0.21170774647887325,False,0
regression_loops_posthoc__group_audit__cost_1.15__no_favorable_group,17296,0,BN2-166-Ab,01_BN2-166-Ab_comp.jams,46693,2,3,2,2,mixed,-0.059812143445014954,0.14807690680027008,0.59033203125,False,0
regression_loops_posthoc__group_audit__cost_1.15__no_favorable_group,17297,0,BN2-166-Ab,01_BN2-166-Ab_comp.jams,55052,2,3,2,2,mixed,-0.1406666785478592,0.16909711062908173,0.27451727642276424,False,0
regression_loops_posthoc__group_audit__cost_1.15__no_favorable_group,17321,0,BN2-166-Ab,01_BN2-166-Ab_comp.jams,126213,4,3,4,4,mixed,-0.20949718356132507,0.10502821207046509,0.2541360294117647,False,0
regression_loops_posthoc__group_audit__cost_1.15__no_favorable_group,17329,0,BN2-166-Ab,01_BN2-166-Ab_comp.jams,151977,4,4,3,4,regression_favored,-0.2702702581882477,-0.0009819865226745605,0.589905753968254,True,1
regression_loops_posthoc__group_audit__cost_1.15__no_favorable_group,17339,0,BN2-166-Ab,01_BN2-166-Ab_comp.jams,174942,3,3,2,2,mixed,-0.16544266045093536,0.26461538672447205,0.3587673611111111,False,0
regression_loops_posthoc__group_audit__cost_1.15__no_favorable_group,17341,0,BN2-166-Ab,01_BN2-166-Ab_comp.jams,183373,1,3,2,2,mixed,-0.11799848079681396,0.21792036294937134,0.28045685279187815,False,0
regression_loops_posthoc__group_audit__cost_1.15__no_favorable_group,17363,0,BN2-166-Ab,01_BN2-166-Ab_comp.jams,255442,4,3,4,4,correction_favored,0.0033444762229919434,0.3032113313674927,0.20222355769230768,False,0
regression_loops_posthoc__group_audit__cost_1.15__no_favorable_group,17384,0,BN2-166-Ab,01_BN2-166-Ab_comp.jams,343590,4,3,4,4,mixed,-0.07897794246673584,0.20192307233810425,0.23648648648648649,False,0
regression_loops_posthoc__group_audit__cost_1.15__no_favorable_group,17391,0,BN2-166-Ab,01_BN2-166-Ab_comp.jams,359184,3,4,3,3,mixed,-0.0014765560626983643,0.12709833681583405,0.3667763157894737,False,0
regression_loops_posthoc__group_audit__cost_1.15__no_favorable_group,17413,0,BN2-166-Ab,01_BN2-166-Ab_comp.jams,438684,4,4,3,3,mixed,-0.26885244250297546,0.39033186435699463,0.551058743169399,False,0
regression_loops_posthoc__group_audit__cost_1.15__no_favorable_group,17420,0,BN2-166-Ab,01_BN2-166-Ab_comp.jams,469374,3,3,4,3,regression_favored,-0.4667760729789734,-0.15103760361671448,0.2177734375,True,1
regression_loops_posthoc__group_audit__cost_1.15__no_favorable_group,17425,0,BN2-166-Ab,01_BN2-166-Ab_comp.jams,492029,1,4,2,2,correction_favored,0.07692308723926544,0.3555120825767517,0.17998511904761905,False,0
regression_loops_posthoc__group_audit__cost_1.15__no_favorable_group,17446,0,BN2-166-Ab,01_BN2-166-Ab_comp.jams,557912,3,3,4,4,mixed,-0.1818181872367859,0.23657141625881195,0.16262335526315788,False,0
regression_loops_posthoc__group_audit__cost_1.15__no_favorable_group,17472,0,BN2-166-Ab,01_BN2-166-Ab_comp.jams,621349,3,4,3,3,mixed,-0.23366063833236694,0.06033238768577576,0.7696078431372549,False,0
regression_loops_posthoc__group_audit__cost_1.15__no_favorable_group,17495,0,BN2-166-Ab,01_BN2-166-Ab_comp.jams,684721,4,4,3,3,mixed,-0.1511688232421875,0.35384616255760193,0.5577598314606742,False,0
regression_loops_posthoc__group_audit__cost_1.15__no_favorable_group,17500,0,BN2-166-Ab,01_BN2-166-Ab_comp.jams,701138,2,4,2,2,mixed,-0.1592261791229248,0.3499999940395355,0.3574134199134199,False,0
regression_loops_posthoc__group_audit__cost_1.15__no_favorable_group,17513,0,BN2-166-Ab,01_BN2-166-Ab_comp.jams,748397,2,4,2,2,mixed,-0.045913055539131165,0.3999999761581421,0.19365923236514523,False,0
regression_loops_posthoc__group_audit__cost_1.15__no_favorable_group,17521,0,BN2-166-Ab,01_BN2-166-Ab_comp.jams,789833,5,4,3,3,mixed,-0.271858274936676,0.08331084251403809,0.5943651574803149,False,0
regression_loops_posthoc__group_audit__cost_1.15__no_favorable_group,17526,0,BN2-166-Ab,01_BN2-166-Ab_comp.jams,812795,3,4,3,3,mixed,-0.1744627058506012,0.3015872836112976,0.5382035340314136,False,0
regression_loops_posthoc__group_audit__cost_1.15__no_favorable_group,17568,0,BN2-166-Ab,01_BN2-166-Ab_comp.jams,948748,3,4,3,3,mixed,-0.21410830318927765,0.19649122655391693,0.5348790322580645,False,0
regression_loops_posthoc__group_audit__cost_1.15__no_favorable_group,17579,0,BN2-166-Ab,01_BN2-166-Ab_comp.jams,980012,4,3,4,3,regression_favored,-0.4293915033340454,-0.1793363392353058,0.24724264705882354,True,-1
regression_loops_posthoc__group_audit__cost_1.15__no_favorable_group,17585,0,BN2-166-Ab,01_BN2-166-Ab_comp.jams,1002348,4,3,4,4,mixed,-0.001994013786315918,0.022773802280426025,0.3828125,False,0
regression_loops_posthoc__group_audit__cost_1.15__no_favorable_group,17589,0,BN2-166-Ab,01_BN2-166-Ab_comp.jams,1010993,5,3,4,3,regression_favored,-0.19333332777023315,-0.02978724241256714,0.20442708333333334,True,0
regression_loops_posthoc__group_audit__cost_1.15__no_favorable_group,23508,0,Jazz3-150-C,01_Jazz3-150-C_comp.jams,18220,3,4,3,3,mixed,-0.14529168605804443,0.3500000238418579,0.5631540697674419,False,0
regression_loops_posthoc__group_audit__cost_1.15__no_favorable_group,23541,0,Jazz3-150-C,01_Jazz3-150-C_comp.jams,205761,0,3,2,2,mixed,-0.03583180904388428,0.28698062896728516,0.31480135658914726,False,0
regression_loops_posthoc__group_audit__cost_1.15__no_favorable_group,23574,0,Jazz3-150-C,01_Jazz3-150-C_comp.jams,370335,3,4,3,3,mixed,-0.15675827860832214,0.3322980999946594,0.5285087719298246,False,0
regression_loops_posthoc__group_audit__cost_1.15__no_favorable_group,23580,0,Jazz3-150-C,01_Jazz3-150-C_comp.jams,405339,2,4,3,3,mixed,-0.1401209533214569,0.31936246156692505,0.60453216374269,False,0
regression_loops_posthoc__group_audit__cost_1.15__no_favorable_group,23594,0,Jazz3-150-C,01_Jazz3-150-C_comp.jams,476496,3,3,2,2,mixed,-0.06302021443843842,0.18290600180625916,0.28620049504950495,False,0
regression_loops_posthoc__group_audit__cost_1.15__no_favorable_group,23629,0,Jazz3-150-C,01_Jazz3-150-C_comp.jams,687803,2,2,3,3,mixed,-0.17126193642616272,0.21217390894889832,0.568359375,False,0
regression_loops_posthoc__group_audit__cost_1.15__no_favorable_group,23635,0,Jazz3-150-C,01_Jazz3-150-C_comp.jams,723046,2,2,3,3,mixed,-0.3636363446712494,0.42307692766189575,0.38221153846153844,False,0
regression_loops_posthoc__group_audit__cost_1.15__no_favorable_group,23665,0,Jazz3-150-C,01_Jazz3-150-C_comp.jams,933830,3,2,3,3,mixed,-0.41258740425109863,0.3936651945114136,0.37815738341968913,False,0
regression_loops_posthoc__group_audit__cost_1.15__no_favorable_group,25416,0,Rock2-142-D,01_Rock2-142-D_comp.jams,131112,2,4,3,3,mixed,-0.21048468351364136,0.2075098752975464,0.6561541411042945,False,0
regression_loops_posthoc__group_audit__cost_1.15__no_favorable_group,25544,0,Rock2-142-D,01_Rock2-142-D_comp.jams,429103,4,3,4,4,mixed,-0.20214566588401794,0.109333336353302,0.14253826530612246,False,0
regression_loops_posthoc__group_audit__cost_1.15__no_favorable_group,25575,0,Rock2-142-D,01_Rock2-142-D_comp.jams,502269,2,4,3,3,mixed,-0.1985294073820114,0.0638432502746582,0.5697037337662337,False,0
regression_loops_posthoc__group_audit__cost_1.15__no_favorable_group,25608,0,Rock2-142-D,01_Rock2-142-D_comp.jams,577557,3,4,3,3,mixed,-0.11861471831798553,0.2467212975025177,0.423828125,False,0
regression_loops_posthoc__group_audit__cost_1.15__no_favorable_group,25632,0,Rock2-142-D,01_Rock2-142-D_comp.jams,625348,2,4,3,3,mixed,-0.16939890384674072,0.042505860328674316,0.559875,False,0
regression_loops_posthoc__group_audit__cost_1.15__no_favorable_group,25645,0,Rock2-142-D,01_Rock2-142-D_comp.jams,652479,4,3,4,4,mixed,-0.2824302315711975,0.0020010769367218018,0.12201286764705882,False,0
regression_loops_posthoc__group_audit__cost_1.15__no_favorable_group,25646,0,Rock2-142-D,01_Rock2-142-D_comp.jams,654246,2,3,2,2,mixed,-0.239925354719162,0.13731370866298676,0.26931014150943394,False,0
regression_loops_posthoc__group_audit__cost_1.15__no_favorable_group,25671,0,Rock2-142-D,01_Rock2-142-D_comp.jams,728041,3,4,3,3,mixed,-0.13799622654914856,0.3015872836112976,0.6665645424836601,False,0
regression_loops_posthoc__group_audit__cost_1.15__no_favorable_group,25737,0,Rock2-142-D,01_Rock2-142-D_comp.jams,875794,4,3,4,4,mixed,-0.12452828884124756,0.1666666865348816,0.19555921052631578,False,0
regression_loops_posthoc__group_audit__cost_1.15__no_favorable_group,28100,0,Rock3-148-C,01_Rock3-148-C_comp.jams,108016,2,3,4,4,mixed,-0.14782607555389404,0.022959619760513306,0.2109375,False,0
regression_loops_posthoc__group_audit__cost_1.15__no_favorable_group,28127,0,Rock3-148-C,01_Rock3-148-C_comp.jams,215174,2,3,2,2,mixed,-0.08976835012435913,0.296875,0.2777173913043478,False,0
regression_loops_posthoc__group_audit__cost_1.15__no_favorable_group,28133,0,Rock3-148-C,01_Rock3-148-C_comp.jams,250184,2,4,3,3,mixed,-0.12196710705757141,0.2142857164144516,0.7494036259541985,False,0
regression_loops_posthoc__group_audit__cost_1.15__no_favorable_group,28146,0,Rock3-148-C,01_Rock3-148-C_comp.jams,277031,0,3,2,2,mixed,-0.1244850605726242,0.1686800867319107,0.578125,False,0
regression_loops_posthoc__group_audit__cost_1.15__no_favorable_group,28148,0,Rock3-148-C,01_Rock3-148-C_comp.jams,286309,1,3,4,4,mixed,-0.2750000059604645,0.19817401468753815,0.22428097345132744,False,0
regression_loops_posthoc__group_audit__cost_1.15__no_favorable_group,28180,0,Rock3-148-C,01_Rock3-148-C_comp.jams,367035,1,2,3,3,mixed,-0.104189932346344,0.23623186349868774,0.3139391447368421,False,0
regression_loops_posthoc__group_audit__cost_1.15__no_favorable_group,28220,0,Rock3-148-C,01_Rock3-148-C_comp.jams,478284,2,2,3,3,mixed,-0.14359977841377258,0.19461697340011597,0.1603732638888889,False,0
regression_loops_posthoc__group_audit__cost_1.15__no_favorable_group,28222,0,Rock3-148-C,01_Rock3-148-C_comp.jams,482415,1,3,2,2,correction_favored,0.06474599242210388,0.27157801389694214,0.5883861940298507,False,0
regression_loops_posthoc__group_audit__cost_1.15__no_favorable_group,28243,0,Rock3-148-C,01_Rock3-148-C_comp.jams,536721,2,4,3,3,mixed,-0.21231451630592346,0.10601827502250671,0.5865478515625,False,0
regression_loops_posthoc__group_audit__cost_1.15__no_favorable_group,28251,0,Rock3-148-C,01_Rock3-148-C_comp.jams,572059,2,4,3,3,mixed,-0.13107481598854065,0.2499999850988388,0.5914493865030674,False,0
regression_loops_posthoc__group_audit__cost_1.15__no_favorable_group,28265,0,Rock3-148-C,01_Rock3-148-C_comp.jams,616857,2,3,2,2,mixed,-0.018098756670951843,0.3549571633338928,0.3614817415730337,False,0
regression_loops_posthoc__group_audit__cost_1.15__no_favorable_group,28269,0,Rock3-148-C,01_Rock3-148-C_comp.jams,625810,2,2,3,3,mixed,-0.057952165603637695,0.11216601729393005,0.17255434782608695,False,0
regression_loops_posthoc__group_audit__cost_1.15__no_favorable_group,28298,0,Rock3-148-C,01_Rock3-148-C_comp.jams,707021,2,2,3,3,mixed,-0.061274513602256775,0.21142594516277313,0.35,False,0
regression_loops_posthoc__group_audit__cost_1.15__no_favorable_group,28309,0,Rock3-148-C,01_Rock3-148-C_comp.jams,751391,2,2,3,3,correction_favored,0.018147140741348267,0.3592132329940796,0.6394127155172413,False,0
regression_loops_posthoc__group_audit__cost_1.15__no_favorable_group,28318,0,Rock3-148-C,01_Rock3-148-C_comp.jams,787278,1,4,2,2,mixed,-0.06508563458919525,0.34334415197372437,0.19243951612903226,False,0
regression_loops_posthoc__group_audit__cost_1.15__no_favorable_group,28331,0,Rock3-148-C,01_Rock3-148-C_comp.jams,823060,2,4,3,3,correction_favored,0.06633186340332031,0.274944543838501,0.42588141025641024,False,0
regression_loops_posthoc__group_audit__cost_1.15__no_favorable_group,28344,0,Rock3-148-C,01_Rock3-148-C_comp.jams,849074,1,3,2,2,mixed,-0.0812564492225647,0.23580306768417358,0.47715336134453784,False,0
regression_loops_posthoc__group_audit__cost_1.15__no_favorable_group,28347,0,Rock3-148-C,01_Rock3-148-C_comp.jams,858568,2,3,4,4,mixed,-0.23157893121242523,0.07758620381355286,0.26752533783783783,False,0
regression_loops_posthoc__group_audit__cost_1.15__no_favorable_group,28365,0,Rock3-148-C,01_Rock3-148-C_comp.jams,908763,2,2,3,3,mixed,-0.055751651525497437,0.2600470781326294,0.44518849206349204,False,0
regression_loops_posthoc__group_audit__cost_1.15__no_favorable_group,28376,0,Rock3-148-C,01_Rock3-148-C_comp.jams,930742,2,4,3,4,regression_favored,-0.05391502380371094,-0.05106383562088013,0.734375,True,0
regression_loops_posthoc__group_audit__cost_1.15__no_favorable_group,28405,0,Rock3-148-C,01_Rock3-148-C_comp.jams,1002228,2,2,3,3,correction_favored,0.02142810821533203,0.3300497233867645,0.5248081140350878,False,0
regression_loops_posthoc__group_audit__cost_1.15__no_favorable_group,28415,0,Rock3-148-C,01_Rock3-148-C_comp.jams,1036710,2,4,3,3,mixed,-0.11798334121704102,0.1818181872367859,0.6098090277777778,False,0
regression_loops_posthoc__group_audit__cost_1.15__no_favorable_group,28436,0,Rock3-148-C,01_Rock3-148-C_comp.jams,1083182,2,3,4,3,regression_favored,-0.004300802946090698,-0.004300802946090698,0.21875,True,0
regression_loops_posthoc__group_audit__cost_1.15__no_favorable_group,28454,0,Rock3-148-C,01_Rock3-148-C_comp.jams,1135166,2,2,4,4,mixed,-0.5718954205513,0.11764705181121826,0.045048701298701296,False,0
regression_loops_posthoc__group_audit__cost_1.15__no_favorable_group,28790,0,SS1-68-E,01_SS1-68-E_comp.jams,311941,1,2,3,3,mixed,-0.1999095380306244,0.10883191227912903,0.4418402777777778,False,0
regression_loops_posthoc__group_audit__cost_1.15__no_favorable_group,28842,0,SS1-68-E,01_SS1-68-E_comp.jams,428960,3,3,4,3,regression_favored,-0.20000000298023224,0.0,0.09022177419354839,True,1
regression_loops_posthoc__group_audit__cost_1.15__no_favorable_group,28899,0,SS1-68-E,01_SS1-68-E_comp.jams,582500,2,2,3,3,mixed,-0.11447811126708984,0.08915439248085022,0.2699353448275862,False,0
regression_loops_posthoc__group_audit__cost_1.15__no_favorable_group,28983,0,SS1-68-E,01_SS1-68-E_comp.jams,779500,1,4,3,3,mixed,-0.11123964190483093,0.023425132036209106,0.687744140625,False,0
regression_loops_posthoc__group_audit__cost_1.15__no_favorable_group,29057,0,SS1-68-E,01_SS1-68-E_comp.jams,959527,2,3,2,2,mixed,-0.12795032560825348,0.2639250159263611,0.5151209677419355,False,0
regression_loops_posthoc__group_audit__cost_1.15__no_favorable_group,29198,0,SS1-68-E,01_SS1-68-E_comp.jams,1324601,3,3,4,3,regression_favored,-0.33615821599960327,-0.1460520327091217,0.2734375,True,1
regression_loops_posthoc__group_audit__cost_1.15__no_favorable_group,29231,0,SS1-68-E,01_SS1-68-E_comp.jams,1401419,4,3,4,4,mixed,-0.28870970010757446,0.0713043361902237,0.21236795774647887,False,0
regression_loops_posthoc__group_audit__cost_1.15__no_favorable_group,29256,0,SS1-68-E,01_SS1-68-E_comp.jams,1466982,2,4,3,4,regression_favored,-0.12756183743476868,-0.12756183743476868,0.4375,True,0
regression_loops_posthoc__group_audit__cost_1.15__no_favorable_group,29337,0,SS1-68-E,01_SS1-68-E_comp.jams,1671114,1,3,2,2,correction_favored,0.06502817571163177,0.31976744532585144,0.6908550613496932,False,0
regression_loops_posthoc__group_audit__cost_1.15__no_favorable_group,29421,0,SS1-68-E,01_SS1-68-E_solo.jams,38824,1,3,4,3,regression_favored,-0.4223954379558563,-0.11985686421394348,0.05048076923076923,True,0
regression_loops_posthoc__group_audit__cost_1.15__no_favorable_group,29452,0,SS1-68-E,01_SS1-68-E_solo.jams,429901,1,3,2,2,mixed,-0.042834892868995667,0.22318841516971588,0.16347064393939395,False,0
regression_loops_posthoc__group_audit__cost_1.15__no_favorable_group,33024,0,BN2-166-Ab,02_BN2-166-Ab_comp.jams,64315,2,2,3,3,mixed,-0.10344827175140381,0.5058479309082031,0.5271577380952381,False,0
regression_loops_posthoc__group_audit__cost_1.15__no_favorable_group,33080,0,BN2-166-Ab,02_BN2-166-Ab_comp.jams,255635,2,3,4,3,regression_favored,-0.12965920567512512,-0.12965920567512512,0.1875,True,0
regression_loops_posthoc__group_audit__cost_1.15__no_favorable_group,33111,0,BN2-166-Ab,02_BN2-166-Ab_comp.jams,383528,3,3,4,3,regression_favored,-0.18690094351768494,-0.10294118523597717,0.125,True,1
regression_loops_posthoc__group_audit__cost_1.15__no_favorable_group,33136,0,BN2-166-Ab,02_BN2-166-Ab_comp.jams,454941,2,2,4,2,regression_favored,-0.4444444477558136,-0.12955975532531738,0.017269736842105265,True,1
regression_loops_posthoc__group_audit__cost_1.15__no_favorable_group,33198,0,BN2-166-Ab,02_BN2-166-Ab_comp.jams,709024,2,3,2,2,mixed,-0.15984654426574707,0.07028424739837646,0.07667824074074074,False,0
regression_loops_posthoc__group_audit__cost_1.15__no_favorable_group,33235,0,BN2-166-Ab,02_BN2-166-Ab_comp.jams,861135,3,2,3,3,mixed,-0.31347960233688354,0.328743577003479,0.25550717213114754,False,0
regression_loops_posthoc__group_audit__cost_1.15__no_favorable_group,33285,0,BN2-166-Ab,02_BN2-166-Ab_comp.jams,1013396,2,2,3,2,regression_favored,-0.21344038844108582,-0.10019305348396301,0.3159722222222222,True,1
regression_loops_posthoc__group_audit__cost_1.15__no_favorable_group,39144,0,Jazz3-150-C,02_Jazz3-150-C_comp.jams,124127,4,3,4,4,mixed,-0.25190451741218567,0.03304773569107056,0.17578125,False,0
regression_loops_posthoc__group_audit__cost_1.15__no_favorable_group,39170,0,Jazz3-150-C,02_Jazz3-150-C_comp.jams,194445,2,3,2,2,mixed,-0.17484067380428314,0.052713170647621155,0.1875,False,0
regression_loops_posthoc__group_audit__cost_1.15__no_favorable_group,39197,0,Jazz3-150-C,02_Jazz3-150-C_comp.jams,266191,1,3,2,2,mixed,-0.27709123492240906,0.291472852230072,0.26964285714285713,False,0
regression_loops_posthoc__group_audit__cost_1.15__no_favorable_group,39349,0,Jazz3-150-C,02_Jazz3-150-C_comp.jams,618699,3,3,2,2,correction_favored,0.036414578557014465,0.15695248544216156,0.128125,False,0
regression_loops_posthoc__group_audit__cost_1.15__no_favorable_group,39390,0,Jazz3-150-C,02_Jazz3-150-C_comp.jams,724089,4,3,4,4,mixed,-0.24214734137058258,0.22735242545604706,0.132421875,False,0
regression_loops_posthoc__group_audit__cost_1.15__no_favorable_group,39405,0,Jazz3-150-C,02_Jazz3-150-C_comp.jams,757882,4,3,2,2,mixed,-0.09490509331226349,0.18317309021949768,0.26165865384615383,False,0
regression_loops_posthoc__group_audit__cost_1.15__no_favorable_group,39465,0,Jazz3-150-C,02_Jazz3-150-C_comp.jams,900355,4,3,2,2,mixed,-0.026582956314086914,0.09808041155338287,0.33779761904761907,False,0
regression_loops_posthoc__group_audit__cost_1.15__no_favorable_group,39501,0,Jazz3-150-C,02_Jazz3-150-C_comp.jams,988210,2,3,4,4,mixed,-0.285714328289032,0.03295668959617615,0.094375,False,0
regression_loops_posthoc__group_audit__cost_1.15__no_favorable_group,39766,0,Jazz3-150-C,02_Jazz3-150-C_solo.jams,859879,1,3,2,2,correction_favored,0.019736848771572113,0.3754858672618866,0.4928508254716981,False,0
regression_loops_posthoc__group_audit__cost_1.15__no_favorable_group,40893,0,Rock2-142-D,02_Rock2-142-D_comp.jams,5,2,2,4,2,regression_favored,-0.38596490025520325,0.0,0.13922050561797752,True,1
regression_loops_posthoc__group_audit__cost_1.15__no_favorable_group,41074,0,Rock2-142-D,02_Rock2-142-D_comp.jams,543141,3,2,3,3,mixed,-0.16244900226593018,0.18840578198432922,0.296875,False,0
regression_loops_posthoc__group_audit__cost_1.15__no_favorable_group,41089,0,Rock2-142-D,02_Rock2-142-D_comp.jams,577912,4,2,4,2,regression_favored,-0.31594204902648926,-0.09230770170688629,0.048125,True,-1
regression_loops_posthoc__group_audit__cost_1.15__no_favorable_group,41136,0,Rock2-142-D,02_Rock2-142-D_comp.jams,700069,3,2,3,3,mixed,-0.048215776681900024,0.1876506209373474,0.58,False,0
regression_loops_posthoc__group_audit__cost_1.15__no_favorable_group,41213,0,Rock2-142-D,02_Rock2-142-D_comp.jams,923641,4,2,4,2,regression_favored,-0.44147157669067383,0.0,0.01726017441860465,True,-1
regression_loops_posthoc__group_audit__cost_1.15__no_favorable_group,41242,0,Rock2-142-D,02_Rock2-142-D_comp.jams,997545,3,3,4,4,mixed,-0.17038358747959137,0.31168830394744873,0.25012019230769234,False,0
regression_loops_posthoc__group_audit__cost_1.15__no_favorable_group,42973,0,Rock3-148-C,02_Rock3-148-C_comp.jams,28673,4,3,4,3,regression_favored,-0.369047611951828,-0.14516130089759827,0.15625,True,-1
regression_loops_posthoc__group_audit__cost_1.15__no_favorable_group,43001,0,Rock3-148-C,02_Rock3-148-C_comp.jams,99814,5,3,4,4,mixed,-0.1119544506072998,0.01388084888458252,0.1943359375,False,0
regression_loops_posthoc__group_audit__cost_1.15__no_favorable_group,43030,0,Rock3-148-C,02_Rock3-148-C_comp.jams,169505,5,3,4,4,mixed,-0.3414634168148041,0.06093190610408783,0.13403799019607843,False,0
regression_loops_posthoc__group_audit__cost_1.15__no_favorable_group,43058,0,Rock3-148-C,02_Rock3-148-C_comp.jams,234363,4,3,4,4,mixed,-0.0294339656829834,0.20060333609580994,0.24348958333333334,False,0
regression_loops_posthoc__group_audit__cost_1.15__no_favorable_group,43075,0,Rock3-148-C,02_Rock3-148-C_comp.jams,270166,5,4,3,3,mixed,-0.11735525727272034,0.27047619223594666,0.47066717791411045,False,0
regression_loops_posthoc__group_audit__cost_1.15__no_favorable_group,43079,0,Rock3-148-C,02_Rock3-148-C_comp.jams,279033,1,3,2,2,mixed,-0.035239920020103455,0.2901921272277832,0.6157786885245902,False,0
regression_loops_posthoc__group_audit__cost_1.15__no_favorable_group,43086,0,Rock3-148-C,02_Rock3-148-C_comp.jams,295441,3,2,3,3,correction_favored,0.008547008037567139,0.1734693944454193,0.303125,False,0
regression_loops_posthoc__group_audit__cost_1.15__no_favorable_group,43092,0,Rock3-148-C,02_Rock3-148-C_comp.jams,313516,4,4,3,3,mixed,-0.011839687824249268,0.17515036463737488,0.6460280373831776,False,0
regression_loops_posthoc__group_audit__cost_1.15__no_favorable_group,43105,0,Rock3-148-C,02_Rock3-148-C_comp.jams,340296,4,2,4,4,mixed,-0.16923077404499054,0.028340071439743042,0.012152777777777778,False,0
regression_loops_posthoc__group_audit__cost_1.15__no_favorable_group,43111,0,Rock3-148-C,02_Rock3-148-C_comp.jams,354487,3,3,2,2,correction_favored,0.1347435563802719,0.390503853559494,0.5168547453703703,False,0
regression_loops_posthoc__group_audit__cost_1.15__no_favorable_group,43117,0,Rock3-148-C,02_Rock3-148-C_comp.jams,367487,2,3,2,2,mixed,-0.0363716185092926,0.26627981662750244,0.5848983990147784,False,0
regression_loops_posthoc__group_audit__cost_1.15__no_favorable_group,43121,0,Rock3-148-C,02_Rock3-148-C_comp.jams,384833,4,4,3,3,mixed,-0.0026011765003204346,0.03495064377784729,0.4875,False,0
regression_loops_posthoc__group_audit__cost_1.15__no_favorable_group,43161,0,Rock3-148-C,02_Rock3-148-C_comp.jams,473026,1,3,2,2,mixed,-0.00868314504623413,0.2409254014492035,0.4580479452054795,False,0
regression_loops_posthoc__group_audit__cost_1.15__no_favorable_group,43166,0,Rock3-148-C,02_Rock3-148-C_comp.jams,483504,4,3,4,3,regression_favored,-0.260720431804657,-0.015645354986190796,0.18221507352941177,True,-1
regression_loops_posthoc__group_audit__cost_1.15__no_favorable_group,43175,0,Rock3-148-C,02_Rock3-148-C_comp.jams,502376,4,3,4,3,regression_favored,-0.2211538404226303,-0.007281571626663208,0.14756944444444445,True,-1
regression_loops_posthoc__group_audit__cost_1.15__no_favorable_group,43211,0,Rock3-148-C,02_Rock3-148-C_comp.jams,571984,3,4,3,3,mixed,-0.20772740244865417,0.07598921656608582,0.6013144841269841,False,0
regression_loops_posthoc__group_audit__cost_1.15__no_favorable_group,43221,0,Rock3-148-C,02_Rock3-148-C_comp.jams,599208,4,3,4,4,mixed,-0.24746452271938324,0.19481980800628662,0.2684659090909091,False,0
regression_loops_posthoc__group_audit__cost_1.15__no_favorable_group,43235,0,Rock3-148-C,02_Rock3-148-C_comp.jams,627842,4,3,4,4,mixed,-0.10943397879600525,0.15930721163749695,0.23115808823529413,False,0
regression_loops_posthoc__group_audit__cost_1.15__no_favorable_group,43242,0,Rock3-148-C,02_Rock3-148-C_comp.jams,644462,5,4,3,3,mixed,-0.11293262243270874,0.12449797987937927,0.5752403846153846,False,0
regression_loops_posthoc__group_audit__cost_1.15__no_favorable_group,43268,0,Rock3-148-C,02_Rock3-148-C_comp.jams,703355,3,3,2,2,correction_favored,0.09090909361839294,0.4908638000488281,0.46087072649572647,False,0
regression_loops_posthoc__group_audit__cost_1.15__no_favorable_group,43296,0,Rock3-148-C,02_Rock3-148-C_comp.jams,769828,4,3,4,4,mixed,-0.2470669448375702,0.1657407283782959,0.17351973684210525,False,0
regression_loops_posthoc__group_audit__cost_1.15__no_favorable_group,43303,0,Rock3-148-C,02_Rock3-148-C_comp.jams,787187,4,2,4,2,regression_favored,-0.380952388048172,-0.14999999105930328,0.01711309523809524,True,-1
regression_loops_posthoc__group_audit__cost_1.15__no_favorable_group,43330,0,Rock3-148-C,02_Rock3-148-C_comp.jams,845163,2,3,2,2,correction_favored,0.069721519947052,0.3068181872367859,0.571625,False,0
regression_loops_posthoc__group_audit__cost_1.15__no_favorable_group,43346,0,Rock3-148-C,02_Rock3-148-C_comp.jams,885077,5,3,4,4,mixed,-0.3300492763519287,0.05882352590560913,0.20075334821428573,False,0
regression_loops_posthoc__group_audit__cost_1.15__no_favorable_group,43396,0,Rock3-148-C,02_Rock3-148-C_comp.jams,997480,1,3,2,2,correction_favored,0.20086635649204254,0.4429175555706024,0.4348404255319149,False,0
regression_loops_posthoc__group_audit__cost_1.15__no_favorable_group,43429,0,Rock3-148-C,02_Rock3-148-C_comp.jams,1072724,2,3,4,4,mixed,-0.27266961336135864,0.1261538565158844,0.06716720779220779,False,0
regression_loops_posthoc__group_audit__cost_1.15__no_favorable_group,43865,0,SS1-68-E,02_SS1-68-E_comp.jams,624205,1,4,2,2,mixed,-0.428663432598114,0.17482516169548035,0.3665364583333333,False,0
regression_loops_posthoc__group_audit__cost_1.15__no_favorable_group,43872,0,SS1-68-E,02_SS1-68-E_comp.jams,651451,1,3,2,2,mixed,-0.07641330361366272,0.2860944867134094,0.40691489361702127,False,0
regression_loops_posthoc__group_audit__cost_1.15__no_favorable_group,44104,0,SS1-68-E,02_SS1-68-E_comp.jams,1300132,1,4,3,3,mixed,-0.16606929898262024,0.2792208194732666,0.46064814814814814,False,0
regression_loops_posthoc__group_audit__cost_1.15__no_favorable_group,44127,0,SS1-68-E,02_SS1-68-E_comp.jams,1378631,1,4,3,4,regression_favored,-0.02563890814781189,-0.0016963481903076172,0.5,True,0
regression_loops_posthoc__group_audit__cost_1.15__no_favorable_group,44144,0,SS1-68-E,02_SS1-68-E_comp.jams,1424022,0,3,2,2,mixed,-0.10900256037712097,0.3236684501171112,0.4513608870967742,False,0
regression_loops_posthoc__group_audit__cost_1.15__no_favorable_group,44188,0,SS1-68-E,02_SS1-68-E_comp.jams,1544776,1,4,3,3,mixed,-0.09553351998329163,0.33457016944885254,0.5079365079365079,False,0
regression_loops_posthoc__group_audit__cost_1.15__no_favorable_group,44350,0,SS1-68-E,02_SS1-68-E_solo.jams,333732,1,4,2,2,mixed,-0.11159217357635498,0.3571428656578064,0.3553743961352657,False,0
regression_loops_posthoc__group_audit__cost_1.15__no_favorable_group,44590,0,SS1-68-E,02_SS1-68-E_solo.jams,1529920,1,3,2,2,correction_favored,0.017543859779834747,0.34706994891166687,0.5218603286384976,False,0
regression_loops_posthoc__group_audit__cost_1.15__no_favorable_group,47968,0,BN2-166-Ab,03_BN2-166-Ab_comp.jams,12,4,2,4,2,regression_favored,-0.5961538553237915,-0.0615384578704834,0.05353860294117647,True,-1
regression_loops_posthoc__group_audit__cost_1.15__no_favorable_group,47974,0,BN2-166-Ab,03_BN2-166-Ab_comp.jams,15631,3,4,3,4,regression_favored,-0.2636873722076416,-0.09686699509620667,0.5170200892857143,True,-1
regression_loops_posthoc__group_audit__cost_1.15__no_favorable_group,47987,0,BN2-166-Ab,03_BN2-166-Ab_comp.jams,55853,4,4,2,2,mixed,-0.26381272077560425,0.18250000476837158,0.4554429945054945,False,0
regression_loops_posthoc__group_audit__cost_1.15__no_favorable_group,47992,0,BN2-166-Ab,03_BN2-166-Ab_comp.jams,72224,4,4,2,2,mixed,-0.1271086037158966,0.37142857909202576,0.49710648148148145,False,0
regression_loops_posthoc__group_audit__cost_1.15__no_favorable_group,48004,0,BN2-166-Ab,03_BN2-166-Ab_comp.jams,125964,2,4,2,2,mixed,-0.09909327328205109,0.11470586061477661,0.1291920731707317,False,0
regression_loops_posthoc__group_audit__cost_1.15__no_favorable_group,48011,0,BN2-166-Ab,03_BN2-166-Ab_comp.jams,159267,1,4,2,2,mixed,-0.13825847208499908,0.3571428656578064,0.41228070175438597,False,0
regression_loops_posthoc__group_audit__cost_1.15__no_favorable_group,48013,0,BN2-166-Ab,03_BN2-166-Ab_comp.jams,182893,4,4,2,2,mixed,-0.2669371962547302,0.26860255002975464,0.40814623786407767,False,0
regression_loops_posthoc__group_audit__cost_1.15__no_favorable_group,48014,0,BN2-166-Ab,03_BN2-166-Ab_comp.jams,200262,4,4,2,2,mixed,-0.22208163142204285,0.24500000476837158,0.44313858695652175,False,0
regression_loops_posthoc__group_audit__cost_1.15__no_favorable_group,48036,0,BN2-166-Ab,03_BN2-166-Ab_comp.jams,286879,1,3,2,2,mixed,-0.046930938959121704,0.38265305757522583,0.4696514423076923,False,0
regression_loops_posthoc__group_audit__cost_1.15__no_favorable_group,48042,0,BN2-166-Ab,03_BN2-166-Ab_comp.jams,326707,4,4,2,2,mixed,-0.3246295154094696,0.07460318505764008,0.3649467054263566,False,0
regression_loops_posthoc__group_audit__cost_1.15__no_favorable_group,48077,0,BN2-166-Ab,03_BN2-166-Ab_comp.jams,454432,3,3,4,4,mixed,-0.19792497158050537,0.4000000059604645,0.2190448113207547,False,0
regression_loops_posthoc__group_audit__cost_1.15__no_favorable_group,48081,0,BN2-166-Ab,03_BN2-166-Ab_comp.jams,470748,1,4,2,2,mixed,-0.1374582052230835,0.3333333432674408,0.3313969017094017,False,0
regression_loops_posthoc__group_audit__cost_1.15__no_favorable_group,48090,0,BN2-166-Ab,03_BN2-166-Ab_comp.jams,509257,4,2,4,2,regression_favored,-0.395256906747818,-0.0625,0.11235119047619048,True,-1
regression_loops_posthoc__group_audit__cost_1.15__no_favorable_group,48096,0,BN2-166-Ab,03_BN2-166-Ab_comp.jams,525512,3,4,2,2,mixed,-0.14989648759365082,0.2712550759315491,0.11657608695652173,False,0
regression_loops_posthoc__group_audit__cost_1.15__no_favorable_group,48128,0,BN2-166-Ab,03_BN2-166-Ab_comp.jams,622726,2,4,2,2,mixed,-0.11759799718856812,0.4113207459449768,0.20220170454545455,False,0
regression_loops_posthoc__group_audit__cost_1.15__no_favorable_group,48141,0,BN2-166-Ab,03_BN2-166-Ab_comp.jams,670270,1,4,2,2,mixed,-0.10921801626682281,0.30000001192092896,0.5213564410480349,False,0
regression_loops_posthoc__group_audit__cost_1.15__no_favorable_group,48143,0,BN2-166-Ab,03_BN2-166-Ab_comp.jams,694137,4,4,3,3,mixed,-0.13513514399528503,0.19209040701389313,0.5842391304347826,False,0
regression_loops_posthoc__group_audit__cost_1.15__no_favorable_group,48147,0,BN2-166-Ab,03_BN2-166-Ab_comp.jams,710123,4,4,3,4,regression_favored,-0.3773854970932007,-0.3773854970932007,0.3125,True,1
regression_loops_posthoc__group_audit__cost_1.15__no_favorable_group,48151,0,BN2-166-Ab,03_BN2-166-Ab_comp.jams,733579,3,3,2,2,mixed,-0.2302483767271042,0.186824768781662,0.4289158950617284,False,0
regression_loops_posthoc__group_audit__cost_1.15__no_favorable_group,48167,0,BN2-166-Ab,03_BN2-166-Ab_comp.jams,797444,1,4,2,2,mixed,-0.13068296015262604,0.29192546010017395,0.3263781055900621,False,0
regression_loops_posthoc__group_audit__cost_1.15__no_favorable_group,48170,0,BN2-166-Ab,03_BN2-166-Ab_comp.jams,821651,3,4,2,4,regression_favored,-0.4029565453529358,-0.06685082614421844,0.3365502450980392,True,0
regression_loops_posthoc__group_audit__cost_1.15__no_favorable_group,48172,0,BN2-166-Ab,03_BN2-166-Ab_comp.jams,836774,4,4,2,2,mixed,-0.2336120307445526,0.252136766910553,0.37223704268292684,False,0
regression_loops_posthoc__group_audit__cost_1.15__no_favorable_group,48193,0,BN2-166-Ab,03_BN2-166-Ab_comp.jams,908522,4,3,4,4,mixed,-0.1041666716337204,0.21000000834465027,0.24270833333333333,False,0
regression_loops_posthoc__group_audit__cost_1.15__no_favorable_group,48203,0,BN2-166-Ab,03_BN2-166-Ab_comp.jams,948693,4,2,4,2,regression_favored,-0.5527949929237366,-0.06493508815765381,0.05589978448275862,True,-1
regression_loops_posthoc__group_audit__cost_1.15__no_favorable_group,48210,0,BN2-166-Ab,03_BN2-166-Ab_comp.jams,980979,1,4,2,2,mixed,-0.40422362089157104,0.23076924681663513,0.13936335403726707,False,0
regression_loops_posthoc__group_audit__cost_1.15__no_favorable_group,48217,0,BN2-166-Ab,03_BN2-166-Ab_comp.jams,1004130,3,4,3,4,regression_favored,-0.23702186346054077,-0.1768040955066681,0.675,True,-1
regression_loops_posthoc__group_audit__cost_1.15__no_favorable_group,53399,0,Jazz3-150-C,03_Jazz3-150-C_comp.jams,122976,2,3,2,2,mixed,-0.20731183886528015,0.16521738469600677,0.34458841463414636,False,0
regression_loops_posthoc__group_audit__cost_1.15__no_favorable_group,53401,0,Jazz3-150-C,03_Jazz3-150-C_comp.jams,140674,3,4,3,3,mixed,-0.17935483157634735,0.14850744605064392,0.55546875,False,0
regression_loops_posthoc__group_audit__cost_1.15__no_favorable_group,53409,0,Jazz3-150-C,03_Jazz3-150-C_comp.jams,169839,3,4,2,2,mixed,-0.18327759206295013,0.2828224301338196,0.2138975155279503,False,0
regression_loops_posthoc__group_audit__cost_1.15__no_favorable_group,53535,0,Jazz3-150-C,03_Jazz3-150-C_comp.jams,735146,3,4,3,3,mixed,-0.1318785548210144,0.38333335518836975,0.46928094660194175,False,0
regression_loops_posthoc__group_audit__cost_1.15__no_favorable_group,53542,0,Jazz3-150-C,03_Jazz3-150-C_comp.jams,770149,3,4,3,3,mixed,-0.1674242466688156,0.295945942401886,0.3950681279620853,False,0
regression_loops_posthoc__group_audit__cost_1.15__no_favorable_group,53554,0,Jazz3-150-C,03_Jazz3-150-C_comp.jams,861252,1,4,2,2,mixed,-0.08548790216445923,0.3194444477558136,0.23424479166666667,False,0
regression_loops_posthoc__group_audit__cost_1.15__no_favorable_group,53586,0,Jazz3-150-C,03_Jazz3-150-C_comp.jams,1005082,3,3,2,3,regression_favored,-0.19467705488204956,-0.0004482269287109375,0.181640625,True,1
regression_loops_posthoc__group_audit__cost_1.15__no_favorable_group,53594,0,Jazz3-150-C,03_Jazz3-150-C_comp.jams,1033601,3,4,3,3,mixed,-0.1705685555934906,0.35384616255760193,0.5356221330275229,False,0
regression_loops_posthoc__group_audit__cost_1.15__no_favorable_group,54974,0,Rock2-142-D,03_Rock2-142-D_comp.jams,149148,2,4,3,3,mixed,-0.045353978872299194,0.20995023846626282,0.6471354166666666,False,0
regression_loops_posthoc__group_audit__cost_1.15__no_favorable_group,55039,0,Rock2-142-D,03_Rock2-142-D_comp.jams,346636,3,4,3,3,mixed,-0.12597401440143585,0.1399286985397339,0.6022196261682243,False,0
regression_loops_posthoc__group_audit__cost_1.15__no_favorable_group,55054,0,Rock2-142-D,03_Rock2-142-D_comp.jams,400226,2,4,2,2,correction_favored,0.10774411261081696,0.34276729822158813,0.1205868320610687,False,0
regression_loops_posthoc__group_audit__cost_1.15__no_favorable_group,55120,0,Rock2-142-D,03_Rock2-142-D_comp.jams,587046,1,2,3,2,regression_favored,-0.13070696592330933,-0.016651779413223267,0.3805147058823529,True,0
regression_loops_posthoc__group_audit__cost_1.15__no_favorable_group,55129,0,Rock2-142-D,03_Rock2-142-D_comp.jams,614439,2,2,4,2,regression_favored,-0.2747252583503723,-0.050420165061950684,0.03125,True,1
regression_loops_posthoc__group_audit__cost_1.15__no_favorable_group,55182,0,Rock2-142-D,03_Rock2-142-D_comp.jams,754848,1,3,2,2,mixed,-0.1972968727350235,0.06715524196624756,0.3331953642384106,False,0
regression_loops_posthoc__group_audit__cost_1.15__no_favorable_group,55256,0,Rock2-142-D,03_Rock2-142-D_comp.jams,979876,3,3,4,4,mixed,-0.48899370431900024,0.011904746294021606,0.1474514563106796,False,0
regression_loops_posthoc__group_audit__cost_1.15__no_favorable_group,55268,0,Rock2-142-D,03_Rock2-142-D_comp.jams,1005817,2,4,3,3,mixed,-0.19291914999485016,0.021043777465820312,0.8093497983870968,False,0
regression_loops_posthoc__group_audit__cost_1.15__no_favorable_group,56871,0,Rock3-148-C,03_Rock3-148-C_comp.jams,18388,4,4,3,3,mixed,-0.01611882448196411,0.23320312798023224,0.6514616935483871,False,0
regression_loops_posthoc__group_audit__cost_1.15__no_favorable_group,56880,0,Rock3-148-C,03_Rock3-148-C_comp.jams,35607,3,2,4,2,regression_favored,-0.37460318207740784,-0.3033381700515747,0.0625,True,0
regression_loops_posthoc__group_audit__cost_1.15__no_favorable_group,56895,0,Rock3-148-C,03_Rock3-148-C_comp.jams,71131,2,3,2,2,mixed,-0.007368415594100952,0.15987655520439148,0.4875553097345133,False,0
regression_loops_posthoc__group_audit__cost_1.15__no_favorable_group,56930,0,Rock3-148-C,03_Rock3-148-C_comp.jams,159757,4,3,4,4,mixed,-0.3240330219268799,0.06525737047195435,0.16253221649484537,False,0
regression_loops_posthoc__group_audit__cost_1.15__no_favorable_group,56978,0,Rock3-148-C,03_Rock3-148-C_comp.jams,266733,2,3,4,3,regression_favored,-0.2874999940395355,-0.07542216777801514,0.15178571428571427,True,0
regression_loops_posthoc__group_audit__cost_1.15__no_favorable_group,56993,0,Rock3-148-C,03_Rock3-148-C_comp.jams,302608,2,4,3,3,mixed,-0.048911094665527344,0.0985027551651001,0.7327755905511811,False,0
regression_loops_posthoc__group_audit__cost_1.15__no_favorable_group,57010,0,Rock3-148-C,03_Rock3-148-C_comp.jams,339228,2,2,5,2,regression_favored,-0.3956044316291809,0.0,0.017780172413793104,True,1
regression_loops_posthoc__group_audit__cost_1.15__no_favorable_group,57018,0,Rock3-148-C,03_Rock3-148-C_comp.jams,357120,3,4,3,3,mixed,-0.18336161971092224,0.2327672392129898,0.5482177734375,False,0
regression_loops_posthoc__group_audit__cost_1.15__no_favorable_group,57046,0,Rock3-148-C,03_Rock3-148-C_comp.jams,429650,2,4,3,3,mixed,-0.24262294173240662,0.07414156198501587,0.6843475877192983,False,0
regression_loops_posthoc__group_audit__cost_1.15__no_favorable_group,57054,0,Rock3-148-C,03_Rock3-148-C_comp.jams,447149,3,3,4,4,mixed,-0.06481480598449707,0.10107335448265076,0.19444444444444445,False,0
regression_loops_posthoc__group_audit__cost_1.15__no_favorable_group,57071,0,Rock3-148-C,03_Rock3-148-C_comp.jams,482855,2,3,2,2,correction_favored,0.0414901077747345,0.26644736528396606,0.6117021276595744,False,0
regression_loops_posthoc__group_audit__cost_1.15__no_favorable_group,57093,0,Rock3-148-C,03_Rock3-148-C_comp.jams,528445,4,3,4,3,regression_favored,-0.05279552936553955,-0.03140577673912048,0.390625,True,-1
regression_loops_posthoc__group_audit__cost_1.15__no_favorable_group,57107,0,Rock3-148-C,03_Rock3-148-C_comp.jams,554979,4,4,3,3,mixed,-0.1625215709209442,0.028584718704223633,0.6177083333333333,False,0
regression_loops_posthoc__group_audit__cost_1.15__no_favorable_group,57120,0,Rock3-148-C,03_Rock3-148-C_comp.jams,590634,2,3,4,3,regression_favored,-0.15625,-0.15625,0.1875,True,0
regression_loops_posthoc__group_audit__cost_1.15__no_favorable_group,57142,0,Rock3-148-C,03_Rock3-148-C_comp.jams,643797,4,3,4,4,mixed,-0.23749998211860657,0.11764706671237946,0.159625,False,0
regression_loops_posthoc__group_audit__cost_1.15__no_favorable_group,57179,0,Rock3-148-C,03_Rock3-148-C_comp.jams,731377,3,4,3,3,mixed,-0.1304161250591278,0.06824249029159546,0.60546875,False,0
regression_loops_posthoc__group_audit__cost_1.15__no_favorable_group,57214,0,Rock3-148-C,03_Rock3-148-C_comp.jams,813929,4,3,4,4,mixed,-0.018679291009902954,0.12475760281085968,0.18055555555555555,False,0
regression_loops_posthoc__group_audit__cost_1.15__no_favorable_group,57227,0,Rock3-148-C,03_Rock3-148-C_comp.jams,841098,3,2,4,2,regression_favored,-0.44117647409439087,0.0,0.008765243902439025,True,0
regression_loops_posthoc__group_audit__cost_1.15__no_favorable_group,57241,0,Rock3-148-C,03_Rock3-148-C_comp.jams,874615,1,4,2,2,correction_favored,0.020618543028831482,0.3212341368198395,0.12389605978260869,False,0
regression_loops_posthoc__group_audit__cost_1.15__no_favorable_group,57250,0,Rock3-148-C,03_Rock3-148-C_comp.jams,892769,1,3,2,2,mixed,-0.05950096249580383,0.12977445125579834,0.49440104166666665,False,0
regression_loops_posthoc__group_audit__cost_1.15__no_favorable_group,57255,0,Rock3-148-C,03_Rock3-148-C_comp.jams,904141,2,3,2,2,mixed,-0.13565956056118011,0.24199388921260834,0.6404194078947368,False,0
regression_loops_posthoc__group_audit__cost_1.15__no_favorable_group,57267,0,Rock3-148-C,03_Rock3-148-C_comp.jams,929638,3,3,2,2,correction_favored,0.003610670566558838,0.19201520085334778,0.34146341463414637,False,0
regression_loops_posthoc__group_audit__cost_1.15__no_favorable_group,57301,0,Rock3-148-C,03_Rock3-148-C_comp.jams,1018757,3,4,3,3,mixed,-0.06905093789100647,0.2017819583415985,0.5459929435483871,False,0
regression_loops_posthoc__group_audit__cost_1.15__no_favorable_group,57324,0,Rock3-148-C,03_Rock3-148-C_comp.jams,1072184,3,3,2,2,mixed,-0.07992327213287354,0.19248944520950317,0.3789427570093458,False,0
regression_loops_posthoc__group_audit__cost_1.15__no_favorable_group,57465,0,SS1-68-E,03_SS1-68-E_comp.jams,41342,2,4,2,2,mixed,-0.16913044452667236,0.2352941334247589,0.45681698312236285,False,0
regression_loops_posthoc__group_audit__cost_1.15__no_favorable_group,57505,0,SS1-68-E,03_SS1-68-E_comp.jams,138199,0,3,2,2,mixed,-0.040909089148044586,0.36513763666152954,0.6304284037558685,False,0
regression_loops_posthoc__group_audit__cost_1.15__no_favorable_group,57632,0,SS1-68-E,03_SS1-68-E_comp.jams,429740,2,4,2,2,mixed,-0.2347826063632965,0.2938005328178406,0.41293668122270744,False,0
regression_loops_posthoc__group_audit__cost_1.15__no_favorable_group,57718,0,SS1-68-E,03_SS1-68-E_comp.jams,651461,2,3,2,2,mixed,-0.2939794063568115,0.15678271651268005,0.36237582781456956,False,0
regression_loops_posthoc__group_audit__cost_1.15__no_favorable_group,57776,0,SS1-68-E,03_SS1-68-E_comp.jams,793487,0,3,2,2,mixed,-0.03429311513900757,0.1277310848236084,0.7673163659793815,False,0
regression_loops_posthoc__group_audit__cost_1.15__no_favorable_group,57779,0,SS1-68-E,03_SS1-68-E_comp.jams,805918,3,3,4,3,regression_favored,-0.10842753946781158,-0.06372550129890442,0.265625,True,1
regression_loops_posthoc__group_audit__cost_1.15__no_favorable_group,57908,0,SS1-68-E,03_SS1-68-E_comp.jams,1129289,2,4,2,2,mixed,-0.11177864670753479,0.35232383012771606,0.45549242424242425,False,0
regression_loops_posthoc__group_audit__cost_1.15__no_favorable_group,57921,0,SS1-68-E,03_SS1-68-E_comp.jams,1168689,2,4,3,4,regression_favored,-0.22174599766731262,-0.05260148644447327,0.3317307692307692,True,0
regression_loops_posthoc__group_audit__cost_1.15__no_favorable_group,58038,0,SS1-68-E,03_SS1-68-E_comp.jams,1507531,2,3,4,4,mixed,-0.07830658555030823,0.02537652850151062,0.296875,False,0
regression_loops_posthoc__group_audit__cost_1.15__no_favorable_group,58095,0,SS1-68-E,03_SS1-68-E_comp.jams,1674712,2,4,2,2,mixed,-0.2169254571199417,0.26860255002975464,0.4058277027027027,False,0
regression_loops_posthoc__group_audit__cost_1.15__no_favorable_group,61278,0,BN2-166-Ab,04_BN2-166-Ab_comp.jams,6,3,2,4,4,mixed,-0.5692307949066162,0.07692307233810425,0.025967261904761906,False,0
regression_loops_posthoc__group_audit__cost_1.15__no_favorable_group,61301,0,BN2-166-Ab,04_BN2-166-Ab_comp.jams,72586,4,4,2,2,mixed,-0.086319699883461,0.3499999940395355,0.29096798780487804,False,0
regression_loops_posthoc__group_audit__cost_1.15__no_favorable_group,61309,0,BN2-166-Ab,04_BN2-166-Ab_comp.jams,96700,4,4,3,4,regression_favored,-0.3525618314743042,-0.12382005155086517,0.39453125,True,1
regression_loops_posthoc__group_audit__cost_1.15__no_favorable_group,61348,0,BN2-166-Ab,04_BN2-166-Ab_comp.jams,237882,2,4,3,4,regression_favored,-0.11145809292793274,-0.11145809292793274,0.53125,True,0
regression_loops_posthoc__group_audit__cost_1.15__no_favorable_group,61371,0,BN2-166-Ab,04_BN2-166-Ab_comp.jams,326951,3,4,3,4,regression_favored,-0.24544009566307068,-0.0939922034740448,0.617827868852459,True,-1
regression_loops_posthoc__group_audit__cost_1.15__no_favorable_group,61379,0,BN2-166-Ab,04_BN2-166-Ab_comp.jams,352178,3,4,2,2,mixed,-0.24768519401550293,0.12804879248142242,0.17310049019607843,False,0
regression_loops_posthoc__group_audit__cost_1.15__no_favorable_group,61383,0,BN2-166-Ab,04_BN2-166-Ab_comp.jams,364742,3,4,2,2,mixed,-0.1468799114227295,0.06741572916507721,0.12167553191489362,False,0
regression_loops_posthoc__group_audit__cost_1.15__no_favorable_group,61400,0,BN2-166-Ab,04_BN2-166-Ab_comp.jams,422218,4,4,3,3,mixed,-0.1340388059616089,0.3015872836112976,0.571311773255814,False,0
regression_loops_posthoc__group_audit__cost_1.15__no_favorable_group,61403,0,BN2-166-Ab,04_BN2-166-Ab_comp.jams,437310,2,4,3,3,mixed,-0.2338998019695282,0.007253378629684448,0.686219262295082,False,0
regression_loops_posthoc__group_audit__cost_1.15__no_favorable_group,61422,0,BN2-166-Ab,04_BN2-166-Ab_comp.jams,492073,4,2,3,3,mixed,-0.17307692766189575,0.5346153974533081,0.6220100308641975,False,0
regression_loops_posthoc__group_audit__cost_1.15__no_favorable_group,61426,0,BN2-166-Ab,04_BN2-166-Ab_comp.jams,508872,4,4,3,3,mixed,-0.3834640085697174,0.18928571045398712,0.3204152960526316,False,0
regression_loops_posthoc__group_audit__cost_1.15__no_favorable_group,61429,0,BN2-166-Ab,04_BN2-166-Ab_comp.jams,524687,4,4,3,3,mixed,-0.18695464730262756,0.08484849333763123,0.4565829918032787,False,0
regression_loops_posthoc__group_audit__cost_1.15__no_favorable_group,61451,0,BN2-166-Ab,04_BN2-166-Ab_comp.jams,597904,4,3,4,4,mixed,-0.1871013343334198,0.38311687111854553,0.18833333333333332,False,0
regression_loops_posthoc__group_audit__cost_1.15__no_favorable_group,61458,0,BN2-166-Ab,04_BN2-166-Ab_comp.jams,631830,2,4,3,4,regression_favored,-0.19895893335342407,-0.15469613671302795,0.71875,True,0
regression_loops_posthoc__group_audit__cost_1.15__no_favorable_group,61469,0,BN2-166-Ab,04_BN2-166-Ab_comp.jams,669754,2,4,2,2,mixed,-0.2774083614349365,0.2931034564971924,0.2616995073891626,False,0
regression_loops_posthoc__group_audit__cost_1.15__no_favorable_group,61476,0,BN2-166-Ab,04_BN2-166-Ab_comp.jams,692493,3,4,3,3,mixed,-0.1340411901473999,0.017919063568115234,0.6710188356164384,False,0
regression_loops_posthoc__group_audit__cost_1.15__no_favorable_group,61480,0,BN2-166-Ab,04_BN2-166-Ab_comp.jams,707562,4,4,2,2,mixed,-0.0625,0.1172901839017868,0.20399305555555555,False,0
regression_loops_posthoc__group_audit__cost_1.15__no_favorable_group,61488,0,BN2-166-Ab,04_BN2-166-Ab_comp.jams,733027,3,4,3,3,mixed,-0.0512634813785553,0.3846890330314636,0.5535945595854922,False,0
regression_loops_posthoc__group_audit__cost_1.15__no_favorable_group,61494,0,BN2-166-Ab,04_BN2-166-Ab_comp.jams,764738,1,4,2,2,mixed,-0.226328507065773,0.27272725105285645,0.1956457345971564,False,0
regression_loops_posthoc__group_audit__cost_1.15__no_favorable_group,61499,0,BN2-166-Ab,04_BN2-166-Ab_comp.jams,788199,4,3,2,2,mixed,-0.11372178792953491,0.1439909189939499,0.41460561497326204,False,0
regression_loops_posthoc__group_audit__cost_1.15__no_favorable_group,61522,0,BN2-166-Ab,04_BN2-166-Ab_comp.jams,861510,2,3,2,2,mixed,-0.07692307233810425,0.3372093141078949,0.47271341463414634,False,0
regression_loops_posthoc__group_audit__cost_1.15__no_favorable_group,61525,0,BN2-166-Ab,04_BN2-166-Ab_comp.jams,875207,3,4,2,2,mixed,-0.019819825887680054,0.04255318641662598,0.125,False,0
regression_loops_posthoc__group_audit__cost_1.15__no_favorable_group,61531,0,BN2-166-Ab,04_BN2-166-Ab_comp.jams,909378,3,4,3,3,mixed,-0.29638218879699707,0.027950286865234375,0.4618252840909091,False,0
regression_loops_posthoc__group_audit__cost_1.15__no_favorable_group,61537,0,BN2-166-Ab,04_BN2-166-Ab_comp.jams,931105,4,2,4,2,regression_favored,-0.3791208863258362,-0.1428571492433548,0.03125,True,-1
regression_loops_posthoc__group_audit__cost_1.15__no_favorable_group,61542,0,BN2-166-Ab,04_BN2-166-Ab_comp.jams,946310,4,4,2,2,mixed,-0.019819825887680054,0.024242430925369263,0.146875,False,0
regression_loops_posthoc__group_audit__cost_1.15__no_favorable_group,61555,0,BN2-166-Ab,04_BN2-166-Ab_comp.jams,980569,1,3,2,2,mixed,-0.2929864227771759,0.25939178466796875,0.26770355504587157,False,0
regression_loops_posthoc__group_audit__cost_1.15__no_favorable_group,67151,0,Jazz3-150-C,04_Jazz3-150-C_comp.jams,8,2,2,4,2,regression_favored,-0.4769231081008911,-0.05882352590560913,0.14213709677419356,True,1
regression_loops_posthoc__group_audit__cost_1.15__no_favorable_group,67178,0,Jazz3-150-C,04_Jazz3-150-C_comp.jams,87507,2,4,2,2,mixed,-0.3251042366027832,0.1818181872367859,0.3853365384615385,False,0
regression_loops_posthoc__group_audit__cost_1.15__no_favorable_group,67182,0,Jazz3-150-C,04_Jazz3-150-C_comp.jams,100942,3,4,3,3,mixed,-0.2842172682285309,0.011656194925308228,0.5012019230769231,False,0
regression_loops_posthoc__group_audit__cost_1.15__no_favorable_group,67195,0,Jazz3-150-C,04_Jazz3-150-C_comp.jams,134640,2,4,2,2,mixed,-0.08825162053108215,0.44285714626312256,0.3702182112068966,False,0
regression_loops_posthoc__group_audit__cost_1.15__no_favorable_group,67220,0,Jazz3-150-C,04_Jazz3-150-C_comp.jams,223027,2,4,3,3,mixed,-0.08204945921897888,0.03737705945968628,0.4036458333333333,False,0
regression_loops_posthoc__group_audit__cost_1.15__no_favorable_group,67233,0,Jazz3-150-C,04_Jazz3-150-C_comp.jams,294741,3,3,2,2,mixed,-0.14781363308429718,0.14294171333312988,0.4046195652173913,False,0
regression_loops_posthoc__group_audit__cost_1.15__no_favorable_group,67264,0,Jazz3-150-C,04_Jazz3-150-C_comp.jams,381259,4,4,2,2,mixed,-0.40155261754989624,0.09311740100383759,0.3266103316326531,False,0
regression_loops_posthoc__group_audit__cost_1.15__no_favorable_group,67316,0,Jazz3-150-C,04_Jazz3-150-C_comp.jams,529318,3,4,2,4,regression_favored,-0.3010175824165344,-0.09665697813034058,0.34209280303030304,True,0
regression_loops_posthoc__group_audit__cost_1.15__no_favorable_group,67326,0,Jazz3-150-C,04_Jazz3-150-C_comp.jams,577112,3,3,2,2,mixed,-0.17102137207984924,0.18694689869880676,0.49273255813953487,False,0
regression_loops_posthoc__group_audit__cost_1.15__no_favorable_group,67334,0,Jazz3-150-C,04_Jazz3-150-C_comp.jams,611620,3,4,2,2,mixed,-0.3012925982475281,0.1978609710931778,0.21714984939759036,False,0
regression_loops_posthoc__group_audit__cost_1.15__no_favorable_group,67367,0,Jazz3-150-C,04_Jazz3-150-C_comp.jams,716443,3,3,2,2,mixed,-0.12205858528614044,0.11341401934623718,0.46118551587301587,False,0
regression_loops_posthoc__group_audit__cost_1.15__no_favorable_group,67370,0,Jazz3-150-C,04_Jazz3-150-C_comp.jams,734693,1,3,2,2,mixed,-0.23095376789569855,0.3404255211353302,0.25711633663366334,False,0
regression_loops_posthoc__group_audit__cost_1.15__no_favorable_group,67401,0,Jazz3-150-C,04_Jazz3-150-C_comp.jams,881994,3,4,3,3,mixed,-0.11312216520309448,0.36538463830947876,0.50097049689441,False,0
regression_loops_posthoc__group_audit__cost_1.15__no_favorable_group,67474,0,Jazz3-150-C,04_Jazz3-150-C_comp.jams,1110294,3,2,4,4,mixed,-0.5873015522956848,0.006993025541305542,0.10540471311475409,False,0
regression_loops_posthoc__group_audit__cost_1.15__no_favorable_group,68833,0,Rock2-142-D,04_Rock2-142-D_comp.jams,5,1,2,4,2,regression_favored,-0.5666666626930237,-0.13913044333457947,0.0928485576923077,True,0
regression_loops_posthoc__group_audit__cost_1.15__no_favorable_group,68883,0,Rock2-142-D,04_Rock2-142-D_comp.jams,140823,3,3,4,3,regression_favored,-0.17209909856319427,0.0,0.018229166666666668,True,1
regression_loops_posthoc__group_audit__cost_1.15__no_favorable_group,68915,0,Rock2-142-D,04_Rock2-142-D_comp.jams,213680,2,4,3,3,mixed,-0.09927359223365784,0.09877622127532959,0.6879058441558441,False,0
regression_loops_posthoc__group_audit__cost_1.15__no_favorable_group,68946,0,Rock2-142-D,04_Rock2-142-D_comp.jams,297088,4,3,4,3,regression_favored,-0.397579163312912,-0.023537099361419678,0.17366071428571428,True,-1
regression_loops_posthoc__group_audit__cost_1.15__no_favorable_group,68987,0,Rock2-142-D,04_Rock2-142-D_comp.jams,420536,4,3,4,4,mixed,-0.10943394899368286,0.2361111044883728,0.1865625,False,0
regression_loops_posthoc__group_audit__cost_1.15__no_favorable_group,68998,0,Rock2-142-D,04_Rock2-142-D_comp.jams,446812,5,3,4,3,regression_favored,-0.13263937830924988,-0.13263937830924988,0.296875,True,0
regression_loops_posthoc__group_audit__cost_1.15__no_favorable_group,69024,0,Rock2-142-D,04_Rock2-142-D_comp.jams,513169,5,3,4,4,mixed,-0.021996617317199707,0.1343669295310974,0.22686298076923078,False,0
regression_loops_posthoc__group_audit__cost_1.15__no_favorable_group,69056,0,Rock2-142-D,04_Rock2-142-D_comp.jams,586862,3,4,3,3,mixed,-0.1744627058506012,0.09691253304481506,0.6957070707070707,False,0
regression_loops_posthoc__group_audit__cost_1.15__no_favorable_group,69095,0,Rock2-142-D,04_Rock2-142-D_comp.jams,688960,5,3,4,4,mixed,-0.09837177395820618,0.14353811740875244,0.2237367021276596,False,0
regression_loops_posthoc__group_audit__cost_1.15__no_favorable_group,69106,0,Rock2-142-D,04_Rock2-142-D_comp.jams,716766,2,2,4,4,mixed,-0.23461195826530457,0.07792207598686218,0.02533783783783784,False,0
regression_loops_posthoc__group_audit__cost_1.15__no_favorable_group,69110,0,Rock2-142-D,04_Rock2-142-D_comp.jams,727456,4,2,3,3,mixed,-0.14263321459293365,0.3911290764808655,0.22735363924050633,False,0
regression_loops_posthoc__group_audit__cost_1.15__no_favorable_group,69116,0,Rock2-142-D,04_Rock2-142-D_comp.jams,746065,3,3,2,2,mixed,-0.11490781605243683,0.21709401905536652,0.44192216981132076,False,0
regression_loops_posthoc__group_audit__cost_1.15__no_favorable_group,69124,0,Rock2-142-D,04_Rock2-142-D_comp.jams,762828,4,2,4,2,regression_favored,-0.5029239654541016,0.0,0.02006578947368421,True,-1
regression_loops_posthoc__group_audit__cost_1.15__no_favorable_group,69155,0,Rock2-142-D,04_Rock2-142-D_comp.jams,838416,4,3,4,4,mixed,-0.10640022158622742,0.20603813230991364,0.23900462962962962,False,0
regression_loops_posthoc__group_audit__cost_1.15__no_favorable_group,69163,0,Rock2-142-D,04_Rock2-142-D_comp.jams,856434,1,2,3,3,mixed,-0.20549023151397705,0.1372280716896057,0.20200892857142858,False,0
regression_loops_posthoc__group_audit__cost_1.15__no_favorable_group,69171,0,Rock2-142-D,04_Rock2-142-D_comp.jams,874936,3,3,5,5,mixed,-0.1428571343421936,0.39253538846969604,0.0908954326923077,False,0
regression_loops_posthoc__group_audit__cost_1.15__no_favorable_group,69195,0,Rock2-142-D,04_Rock2-142-D_comp.jams,941891,4,4,3,3,mixed,-0.10204946994781494,0.2053872048854828,0.6460700757575758,False,0
regression_loops_posthoc__group_audit__cost_1.15__no_favorable_group,69256,0,Rock2-142-D,04_Rock2-142-D_comp.jams,1108729,4,3,4,4,mixed,-0.2551724314689636,0.4000000059604645,0.23266734972677597,False,0
regression_loops_posthoc__group_audit__cost_1.15__no_favorable_group,69268,0,Rock2-142-D,04_Rock2-142-D_comp.jams,1137065,5,2,4,4,mixed,-0.4782608449459076,0.09090909361839294,0.007366071428571428,False,0
regression_loops_posthoc__group_audit__cost_1.15__no_favorable_group,70916,0,Rock3-148-C,04_Rock3-148-C_comp.jams,18406,3,3,4,3,regression_favored,-0.1996484100818634,-0.015837103128433228,0.190625,True,1
regression_loops_posthoc__group_audit__cost_1.15__no_favorable_group,70949,0,Rock3-148-C,04_Rock3-148-C_comp.jams,126642,5,3,4,4,mixed,-0.20820894837379456,0.12832927703857422,0.13097993827160495,False,0
regression_loops_posthoc__group_audit__cost_1.15__no_favorable_group,70975,0,Rock3-148-C,04_Rock3-148-C_comp.jams,205610,4,3,4,4,mixed,-0.30134931206703186,0.013366729021072388,0.23525943396226415,False,0
regression_loops_posthoc__group_audit__cost_1.15__no_favorable_group,71015,0,Rock3-148-C,04_Rock3-148-C_comp.jams,304570,5,4,3,3,mixed,-0.07284528017044067,0.22700470685958862,0.6686698717948718,False,0
regression_loops_posthoc__group_audit__cost_1.15__no_favorable_group,71028,0,Rock3-148-C,04_Rock3-148-C_comp.jams,331337,4,2,3,3,mixed,-0.0144730806350708,0.42456138134002686,0.5055017605633803,False,0
regression_loops_posthoc__group_audit__cost_1.15__no_favorable_group,71036,0,Rock3-148-C,04_Rock3-148-C_comp.jams,348837,4,3,4,4,mixed,-0.103658527135849,0.16929590702056885,0.19353693181818182,False,0
regression_loops_posthoc__group_audit__cost_1.15__no_favorable_group,71047,0,Rock3-148-C,04_Rock3-148-C_comp.jams,374943,4,2,4,4,mixed,-0.5,0.09774434566497803,0.04447115384615385,False,0
regression_loops_posthoc__group_audit__cost_1.15__no_favorable_group,71052,0,Rock3-148-C,04_Rock3-148-C_comp.jams,388593,2,4,3,3,mixed,-0.09884560108184814,0.230158731341362,0.4493963068181818,False,0
regression_loops_posthoc__group_audit__cost_1.15__no_favorable_group,71062,0,Rock3-148-C,04_Rock3-148-C_comp.jams,411090,4,4,3,3,mixed,-0.11360779404640198,0.1875,0.5958581349206349,False,0
regression_loops_posthoc__group_audit__cost_1.15__no_favorable_group,71097,0,Rock3-148-C,04_Rock3-148-C_comp.jams,491510,4,4,3,3,mixed,-0.3947007656097412,0.15351811051368713,0.5530399659863946,False,0
regression_loops_posthoc__group_audit__cost_1.15__no_favorable_group,71150,0,Rock3-148-C,04_Rock3-148-C_comp.jams,617335,2,3,4,4,mixed,-0.2065671682357788,0.06782945990562439,0.22464622641509435,False,0
regression_loops_posthoc__group_audit__cost_1.15__no_favorable_group,71181,0,Rock3-148-C,04_Rock3-148-C_comp.jams,696972,3,2,3,2,regression_favored,-0.234467014670372,-0.0598926842212677,0.2431640625,True,-1
regression_loops_posthoc__group_audit__cost_1.15__no_favorable_group,71189,0,Rock3-148-C,04_Rock3-148-C_comp.jams,712179,3,3,2,2,correction_favored,0.06151533126831055,0.3895619511604309,0.4339009831460674,False,0
regression_loops_posthoc__group_audit__cost_1.15__no_favorable_group,71239,0,Rock3-148-C,04_Rock3-148-C_comp.jams,876078,4,3,4,4,mixed,-0.22068965435028076,0.09239131212234497,0.11778846153846154,False,0
regression_loops_posthoc__group_audit__cost_1.15__no_favorable_group,71256,0,Rock3-148-C,04_Rock3-148-C_comp.jams,920929,4,4,3,4,regression_favored,-0.24431627988815308,-0.04334038496017456,0.690375,True,1
regression_loops_posthoc__group_audit__cost_1.15__no_favorable_group,71312,0,Rock3-148-C,04_Rock3-148-C_comp.jams,1063735,4,4,3,3,mixed,-0.23545116186141968,0.032499998807907104,0.5918526785714285,False,0
regression_loops_posthoc__group_audit__cost_1.15__no_favorable_group,71338,0,Rock3-148-C,04_Rock3-148-C_comp.jams,1126302,4,2,4,4,mixed,-0.4086538553237915,0.07792207598686218,0.04113051470588235,False,0
regression_loops_posthoc__group_audit__cost_1.15__no_favorable_group,71376,0,Rock3-148-C,04_Rock3-148-C_solo.jams,527593,2,3,2,2,mixed,-0.09375959634780884,0.2474641054868698,0.24393078512396693,False,0
regression_loops_posthoc__group_audit__cost_1.15__no_favorable_group,71447,0,SS1-68-E,04_SS1-68-E_comp.jams,39679,4,2,3,3,mixed,-0.22386202216148376,0.1151832640171051,0.2349137931034483,False,0
regression_loops_posthoc__group_audit__cost_1.15__no_favorable_group,71484,0,SS1-68-E,04_SS1-68-E_comp.jams,118576,5,3,4,3,regression_favored,-0.09562374651432037,-0.07669493556022644,0.4609375,True,0
regression_loops_posthoc__group_audit__cost_1.15__no_favorable_group,71493,0,SS1-68-E,04_SS1-68-E_comp.jams,139493,3,2,4,2,regression_favored,-0.44117647409439087,-0.2142857015132904,0.023995535714285716,True,0
regression_loops_posthoc__group_audit__cost_1.15__no_favorable_group,71633,0,SS1-68-E,04_SS1-68-E_comp.jams,468621,3,4,3,3,mixed,-0.273495614528656,0.05572754144668579,0.4908854166666667,False,0
regression_loops_posthoc__group_audit__cost_1.15__no_favorable_group,71649,0,SS1-68-E,04_SS1-68-E_comp.jams,506938,4,3,5,5,mixed,-0.1931818276643753,0.26643601059913635,0.09083104395604395,False,0
regression_loops_posthoc__group_audit__cost_1.15__no_favorable_group,71680,0,SS1-68-E,04_SS1-68-E_comp.jams,582247,4,2,4,4,mixed,-0.2799999713897705,0.16083917021751404,0.020751953125,False,0
regression_loops_posthoc__group_audit__cost_1.15__no_favorable_group,71697,0,SS1-68-E,04_SS1-68-E_comp.jams,622434,6,4,3,3,mixed,-0.182155042886734,0.012941479682922363,0.6013655462184874,False,0
regression_loops_posthoc__group_audit__cost_1.15__no_favorable_group,71742,0,SS1-68-E,04_SS1-68-E_comp.jams,739082,4,2,4,4,mixed,-0.20000000298023224,0.16083917021751404,0.016666666666666666,False,0
regression_loops_posthoc__group_audit__cost_1.15__no_favorable_group,71803,0,SS1-68-E,04_SS1-68-E_comp.jams,888263,2,3,2,2,mixed,-0.30588239431381226,0.24070486426353455,0.5515167364016736,False,0
regression_loops_posthoc__group_audit__cost_1.15__no_favorable_group,71819,0,SS1-68-E,04_SS1-68-E_comp.jams,928187,6,3,2,2,correction_favored,0.08251231908798218,0.24114833772182465,0.3609264184397163,False,0
regression_loops_posthoc__group_audit__cost_1.15__no_favorable_group,71876,0,SS1-68-E,04_SS1-68-E_comp.jams,1051208,4,3,4,4,mixed,-0.19976359605789185,0.024060159921646118,0.05644132653061224,False,0
regression_loops_posthoc__group_audit__cost_1.15__no_favorable_group,71891,0,SS1-68-E,04_SS1-68-E_comp.jams,1083217,0,3,2,2,correction_favored,0.06852616369724274,0.2633429169654846,0.5514204545454545,False,0
regression_loops_posthoc__group_audit__cost_1.15__no_favorable_group,71912,0,SS1-68-E,04_SS1-68-E_comp.jams,1127624,5,2,4,4,mixed,-0.3067227005958557,0.16083917021751404,0.022727272727272728,False,0
regression_loops_posthoc__group_audit__cost_1.15__no_favorable_group,71938,0,SS1-68-E,04_SS1-68-E_comp.jams,1184981,3,3,2,2,mixed,-0.005736514925956726,0.14427073299884796,0.2922676282051282,False,0
regression_loops_posthoc__group_audit__cost_1.15__no_favorable_group,71946,0,SS1-68-E,04_SS1-68-E_comp.jams,1204260,4,3,4,3,regression_favored,-0.1936911940574646,-0.03444504737854004,0.22135416666666666,True,-1
regression_loops_posthoc__group_audit__cost_1.15__no_favorable_group,71952,0,SS1-68-E,04_SS1-68-E_comp.jams,1216774,1,3,2,2,mixed,-0.05272895097732544,0.23878653347492218,0.5549266581632653,False,0
regression_loops_posthoc__group_audit__cost_1.15__no_favorable_group,72050,0,SS1-68-E,04_SS1-68-E_comp.jams,1440389,4,3,4,3,regression_favored,-0.2772413492202759,-0.07384985685348511,0.18994140625,True,-1
regression_loops_posthoc__group_audit__cost_1.15__no_favorable_group,72087,0,SS1-68-E,04_SS1-68-E_comp.jams,1538764,4,3,4,3,regression_favored,-0.17132587730884552,-0.17132587730884552,0.1875,True,-1
regression_loops_posthoc__group_audit__cost_1.15__no_favorable_group,72090,0,SS1-68-E,04_SS1-68-E_comp.jams,1551331,1,3,2,2,correction_favored,0.0028549134731292725,0.3385416865348816,0.35131448412698413,False,0
regression_loops_posthoc__group_audit__cost_1.15__no_favorable_group,72111,0,SS1-68-E,04_SS1-68-E_comp.jams,1595938,4,3,5,5,mixed,-0.08669354021549225,0.2496025413274765,0.08645833333333333,False,0
regression_loops_posthoc__group_audit__cost_1.15__no_favorable_group,72146,0,SS1-68-E,04_SS1-68-E_comp.jams,1674203,4,3,5,5,mixed,-0.21568629145622253,0.2910216748714447,0.1106892523364486,False,0
regression_loops_posthoc__group_audit__cost_1.15__no_favorable_group,72201,0,SS1-68-E,04_SS1-68-E_comp.jams,1797002,2,4,2,2,mixed,-0.06716907024383545,0.23148146271705627,0.23201497395833334,False,0
regression_loops_posthoc__group_audit__cost_1.15__no_favorable_group,72224,0,SS1-68-E,04_SS1-68-E_comp.jams,1848978,6,4,5,5,mixed,-0.2142857015132904,0.45916515588760376,0.14851190476190476,False,0
regression_loops_posthoc__group_audit__cost_1.15__no_favorable_group,987,1,BN3-154-E,00_BN3-154-E_comp.jams,9376,2,3,2,2,mixed,-0.2334004044532776,0.5,0.5239540289256198,False,0
regression_loops_posthoc__group_audit__cost_1.15__no_favorable_group,1017,1,BN3-154-E,00_BN3-154-E_comp.jams,120846,1,3,2,2,mixed,-0.03135886788368225,0.19165238738059998,0.3619953416149068,False,0
regression_loops_posthoc__group_audit__cost_1.15__no_favorable_group,1023,1,BN3-154-E,00_BN3-154-E_comp.jams,139453,4,3,2,2,mixed,-0.17232634127140045,0.17341642081737518,0.4252672697368421,False,0
regression_loops_posthoc__group_audit__cost_1.15__no_favorable_group,1046,1,BN3-154-E,00_BN3-154-E_comp.jams,242575,3,2,3,2,regression_favored,-0.25999999046325684,-0.042105257511138916,0.3289194915254237,True,-1
regression_loops_posthoc__group_audit__cost_1.15__no_favorable_group,1066,1,BN3-154-E,00_BN3-154-E_comp.jams,302163,3,2,3,3,mixed,-0.2074732780456543,0.12310728430747986,0.2634943181818182,False,0
regression_loops_posthoc__group_audit__cost_1.15__no_favorable_group,1072,1,BN3-154-E,00_BN3-154-E_comp.jams,319562,3,3,2,2,mixed,-0.10839203000068665,0.41111108660697937,0.49076704545454547,False,0
regression_loops_posthoc__group_audit__cost_1.15__no_favorable_group,1089,1,BN3-154-E,00_BN3-154-E_comp.jams,378628,2,3,2,2,mixed,-0.13180778920650482,0.04364559054374695,0.20625,False,0
regression_loops_posthoc__group_audit__cost_1.15__no_favorable_group,1104,1,BN3-154-E,00_BN3-154-E_comp.jams,439500,3,2,3,2,regression_favored,-0.283818781375885,-0.12554745376110077,0.32068452380952384,True,-1
regression_loops_posthoc__group_audit__cost_1.15__no_favorable_group,1157,1,BN3-154-E,00_BN3-154-E_comp.jams,592579,5,4,3,3,mixed,-0.047150880098342896,0.36332178115844727,0.593103448275862,False,0
regression_loops_posthoc__group_audit__cost_1.15__no_favorable_group,1216,1,BN3-154-E,00_BN3-154-E_comp.jams,765139,1,3,2,2,mixed,-0.3343612849712372,0.1420000046491623,0.5365566037735849,False,0
regression_loops_posthoc__group_audit__cost_1.15__no_favorable_group,1263,1,BN3-154-E,00_BN3-154-E_comp.jams,928675,2,3,2,2,mixed,-0.13255101442337036,0.31192660331726074,0.4972537878787879,False,0
regression_loops_posthoc__group_audit__cost_1.15__no_favorable_group,1279,1,BN3-154-E,00_BN3-154-E_comp.jams,988804,4,4,2,2,mixed,-0.10514624416828156,0.340531587600708,0.16358568075117372,False,0
regression_loops_posthoc__group_audit__cost_1.15__no_favorable_group,1288,1,BN3-154-E,00_BN3-154-E_comp.jams,1023886,4,4,2,2,mixed,-0.1516587734222412,0.28837209939956665,0.340546875,False,0
regression_loops_posthoc__group_audit__cost_1.15__no_favorable_group,1294,1,BN3-154-E,00_BN3-154-E_comp.jams,1040949,5,4,2,2,correction_favored,0.0036529898643493652,0.357142835855484,0.19235436893203883,False,0
regression_loops_posthoc__group_audit__cost_1.15__no_favorable_group,1375,1,BN3-154-E,00_BN3-154-E_solo.jams,137002,1,4,2,2,mixed,-0.10104997456073761,0.4288179874420166,0.2935067365269461,False,0
regression_loops_posthoc__group_audit__cost_1.15__no_favorable_group,1529,1,BN3-154-E,00_BN3-154-E_solo.jams,482332,1,3,2,2,mixed,-0.20104393362998962,0.2909604609012604,0.5370370370370371,False,0
regression_loops_posthoc__group_audit__cost_1.15__no_favorable_group,1639,1,BN3-154-E,00_BN3-154-E_solo.jams,893061,1,3,2,3,regression_favored,-0.3052675724029541,-0.06938377022743225,0.5767422566371682,True,0
regression_loops_posthoc__group_audit__cost_1.15__no_favorable_group,1658,1,BN3-154-E,00_BN3-154-E_solo.jams,962256,1,4,2,2,mixed,-0.11991791427135468,0.3499999940395355,0.3319016587677725,False,0
regression_loops_posthoc__group_audit__cost_1.15__no_favorable_group,2869,1,Funk2-119-G,00_Funk2-119-G_comp.jams,29,6,3,4,4,mixed,-0.125,0.5789473652839661,0.3425164473684211,False,0
regression_loops_posthoc__group_audit__cost_1.15__no_favorable_group,2877,1,Funk2-119-G,00_Funk2-119-G_comp.jams,17337,3,3,2,3,regression_favored,-0.19789853692054749,-0.024561405181884766,0.6307291666666667,True,1
regression_loops_posthoc__group_audit__cost_1.15__no_favorable_group,2992,1,Funk2-119-G,00_Funk2-119-G_comp.jams,312010,5,4,3,3,mixed,-0.11934158205986023,0.013031691312789917,0.6541666666666667,False,0
regression_loops_posthoc__group_audit__cost_1.15__no_favorable_group,3021,1,Funk2-119-G,00_Funk2-119-G_comp.jams,400500,4,2,3,2,regression_favored,-0.09700176119804382,-0.05980965495109558,0.328125,True,0
regression_loops_posthoc__group_audit__cost_1.15__no_favorable_group,3055,1,Funk2-119-G,00_Funk2-119-G_comp.jams,471061,0,2,3,3,mixed,-0.12031251192092896,0.09879031777381897,0.2,False,0
regression_loops_posthoc__group_audit__cost_1.15__no_favorable_group,3063,1,Funk2-119-G,00_Funk2-119-G_comp.jams,488397,4,4,5,4,regression_favored,-0.2857142686843872,-0.06060604751110077,0.16067216981132076,True,1
regression_loops_posthoc__group_audit__cost_1.15__no_favorable_group,3081,1,Funk2-119-G,00_Funk2-119-G_comp.jams,528103,3,3,2,2,mixed,-0.16802850365638733,0.03412160277366638,0.38260690789473684,False,0
regression_loops_posthoc__group_audit__cost_1.15__no_favorable_group,3103,1,Funk2-119-G,00_Funk2-119-G_comp.jams,596211,5,4,5,5,mixed,-0.06410256028175354,0.12169310450553894,0.3020833333333333,False,0
regression_loops_posthoc__group_audit__cost_1.15__no_favorable_group,3149,1,Funk2-119-G,00_Funk2-119-G_comp.jams,705316,2,3,2,2,mixed,-0.11576446890830994,0.14032940566539764,0.3719951923076923,False,0
regression_loops_posthoc__group_audit__cost_1.15__no_favorable_group,3195,1,Funk2-119-G,00_Funk2-119-G_comp.jams,822198,4,3,2,2,mixed,-0.0579524040222168,0.17126934230327606,0.49926985981308414,False,0
regression_loops_posthoc__group_audit__cost_1.15__no_favorable_group,3212,1,Funk2-119-G,00_Funk2-119-G_comp.jams,855653,3,3,2,2,mixed,-0.11268708109855652,0.38947367668151855,0.4775116822429907,False,0
regression_loops_posthoc__group_audit__cost_1.15__no_favorable_group,3223,1,Funk2-119-G,00_Funk2-119-G_comp.jams,883168,2,3,2,2,mixed,-0.12938383221626282,0.2118552029132843,0.2965561224489796,False,0
regression_loops_posthoc__group_audit__cost_1.15__no_favorable_group,3277,1,Funk2-119-G,00_Funk2-119-G_comp.jams,1023870,6,3,2,2,mixed,-0.08442288637161255,0.09846939146518707,0.3177083333333333,False,0
regression_loops_posthoc__group_audit__cost_1.15__no_favorable_group,3282,1,Funk2-119-G,00_Funk2-119-G_comp.jams,1040377,5,4,3,3,mixed,-0.207626610994339,0.2855280339717865,0.4849431818181818,False,0
regression_loops_posthoc__group_audit__cost_1.15__no_favorable_group,3293,1,Funk2-119-G,00_Funk2-119-G_comp.jams,1076653,3,2,3,3,mixed,-0.08452951908111572,0.12051078677177429,0.15,False,0
regression_loops_posthoc__group_audit__cost_1.15__no_favorable_group,3301,1,Funk2-119-G,00_Funk2-119-G_comp.jams,1094015,1,2,4,4,correction_favored,0.13333332538604736,0.13333332538604736,0.0625,False,0
regression_loops_posthoc__group_audit__cost_1.15__no_favorable_group,3309,1,Funk2-119-G,00_Funk2-119-G_comp.jams,1111583,5,2,4,4,mixed,-0.16718265414237976,0.3684210479259491,0.10501453488372094,False,0
regression_loops_posthoc__group_audit__cost_1.15__no_favorable_group,3339,1,Funk2-119-G,00_Funk2-119-G_comp.jams,1183614,2,3,2,2,correction_favored,0.03395584225654602,0.12434999644756317,0.4107142857142857,False,0
regression_loops_posthoc__group_audit__cost_1.15__no_favorable_group,3363,1,Funk2-119-G,00_Funk2-119-G_comp.jams,1233378,4,3,2,2,mixed,-0.16954286396503448,0.015082746744155884,0.49645833333333333,False,0
regression_loops_posthoc__group_audit__cost_1.15__no_favorable_group,3370,1,Funk2-119-G,00_Funk2-119-G_comp.jams,1257124,4,4,3,3,mixed,-0.12143927812576294,0.09789472818374634,0.37109375,False,0
regression_loops_posthoc__group_audit__cost_1.15__no_favorable_group,3396,1,Funk2-119-G,00_Funk2-119-G_comp.jams,1345550,4,4,2,2,mixed,-0.09468802809715271,0.3761863708496094,0.2780652866242038,False,0
regression_loops_posthoc__group_audit__cost_1.15__no_favorable_group,3402,1,Funk2-119-G,00_Funk2-119-G_comp.jams,1395654,4,3,2,2,mixed,-0.0016556382179260254,0.368177592754364,0.5691315406976745,False,0
regression_loops_posthoc__group_audit__cost_1.15__no_favorable_group,3603,1,Funk3-112-C#,00_Funk3-112-C#_comp.jams,84971,0,3,2,2,mixed,-0.03579571843147278,0.07233224809169769,0.3546401515151515,False,0
regression_loops_posthoc__group_audit__cost_1.15__no_favorable_group,3605,1,Funk3-112-C#,00_Funk3-112-C#_comp.jams,90150,2,3,2,2,mixed,-0.17080575227737427,0.051959022879600525,0.16086647727272727,False,0
regression_loops_posthoc__group_audit__cost_1.15__no_favorable_group,3641,1,Funk3-112-C#,00_Funk3-112-C#_comp.jams,172078,0,3,2,2,mixed,-0.06876976788043976,0.028698086738586426,0.8674568965517241,False,0
regression_loops_posthoc__group_audit__cost_1.15__no_favorable_group,3646,1,Funk3-112-C#,00_Funk3-112-C#_comp.jams,190521,3,3,2,2,correction_favored,0.04751653969287872,0.316710889339447,0.31026785714285715,False,0
regression_loops_posthoc__group_audit__cost_1.15__no_favorable_group,3683,1,Funk3-112-C#,00_Funk3-112-C#_comp.jams,294279,3,3,2,2,correction_favored,0.011655211448669434,0.2662721872329712,0.5770775139664804,False,0
regression_loops_posthoc__group_audit__cost_1.15__no_favorable_group,3697,1,Funk3-112-C#,00_Funk3-112-C#_comp.jams,331642,5,3,2,3,regression_favored,-0.18748125433921814,-0.0008534789085388184,0.4542885638297872,True,0
regression_loops_posthoc__group_audit__cost_1.15__no_favorable_group,3716,1,Funk3-112-C#,00_Funk3-112-C#_comp.jams,372433,3,3,2,2,mixed,-0.003311246633529663,0.20747260749340057,0.2788783482142857,False,0
regression_loops_posthoc__group_audit__cost_1.15__no_favorable_group,3736,1,Funk3-112-C#,00_Funk3-112-C#_comp.jams,424425,4,4,3,3,mixed,-0.02054610848426819,0.10732555389404297,0.7109375,False,0
regression_loops_posthoc__group_audit__cost_1.15__no_favorable_group,3762,1,Funk3-112-C#,00_Funk3-112-C#_comp.jams,502226,4,2,3,3,correction_favored,0.008114457130432129,0.18949958682060242,0.159375,False,0
regression_loops_posthoc__group_audit__cost_1.15__no_favorable_group,3771,1,Funk3-112-C#,00_Funk3-112-C#_comp.jams,519714,4,3,2,3,regression_favored,-0.2944740056991577,-0.0480591356754303,0.5161210317460317,True,0
regression_loops_posthoc__group_audit__cost_1.15__no_favorable_group,3785,1,Funk3-112-C#,00_Funk3-112-C#_comp.jams,547313,4,3,2,3,regression_favored,-0.3113136887550354,-0.12460128962993622,0.6846590909090909,True,0
regression_loops_posthoc__group_audit__cost_1.15__no_favorable_group,3790,1,Funk3-112-C#,00_Funk3-112-C#_comp.jams,560093,3,3,2,2,mixed,-0.17679467797279358,0.20454545319080353,0.29060952970297027,False,0
regression_loops_posthoc__group_audit__cost_1.15__no_favorable_group,3880,1,Funk3-112-C#,00_Funk3-112-C#_comp.jams,773921,4,4,2,2,mixed,-0.20598646998405457,0.11052630841732025,0.17,False,0
regression_loops_posthoc__group_audit__cost_1.15__no_favorable_group,3883,1,Funk3-112-C#,00_Funk3-112-C#_comp.jams,780051,4,3,2,2,mixed,-0.13554084300994873,0.18401530385017395,0.22104779411764705,False,0
regression_loops_posthoc__group_audit__cost_1.15__no_favorable_group,3934,1,Funk3-112-C#,00_Funk3-112-C#_comp.jams,910993,1,3,2,3,regression_favored,-0.2812318801879883,-0.10896159708499908,0.5350961538461538,True,0
regression_loops_posthoc__group_audit__cost_1.15__no_favorable_group,3943,1,Funk3-112-C#,00_Funk3-112-C#_comp.jams,933649,2,3,2,2,mixed,-0.0023651719093322754,0.08252012729644775,0.390625,False,0
regression_loops_posthoc__group_audit__cost_1.15__no_favorable_group,3955,1,Funk3-112-C#,00_Funk3-112-C#_comp.jams,964121,1,2,3,2,regression_favored,-0.16644686460494995,-0.08119657635688782,0.08363970588235294,True,0
regression_loops_posthoc__group_audit__cost_1.15__no_favorable_group,3968,1,Funk3-112-C#,00_Funk3-112-C#_comp.jams,991607,4,3,2,2,mixed,-0.25190290808677673,0.024201691150665283,0.25599888392857145,False,0
regression_loops_posthoc__group_audit__cost_1.15__no_favorable_group,3989,1,Funk3-112-C#,00_Funk3-112-C#_comp.jams,1050122,5,4,3,3,mixed,-0.052160173654556274,0.15931370854377747,0.6673018292682927,False,0
regression_loops_posthoc__group_audit__cost_1.15__no_favorable_group,4018,1,Funk3-112-C#,00_Funk3-112-C#_comp.jams,1110538,5,3,2,2,correction_favored,0.0,0.06792372465133667,0.1796875,False,0
regression_loops_posthoc__group_audit__cost_1.15__no_favorable_group,4071,1,Funk3-112-C#,00_Funk3-112-C#_comp.jams,1263768,5,4,2,2,mixed,-0.13048633933067322,0.14411765336990356,0.2198153409090909,False,0
regression_loops_posthoc__group_audit__cost_1.15__no_favorable_group,4096,1,Funk3-112-C#,00_Funk3-112-C#_comp.jams,1322887,6,3,2,2,mixed,-0.20227988064289093,0.09375,0.48046875,False,0
regression_loops_posthoc__group_audit__cost_1.15__no_favorable_group,4115,1,Funk3-112-C#,00_Funk3-112-C#_comp.jams,1367758,3,3,2,2,mixed,-0.0601503849029541,0.2073846310377121,0.408234126984127,False,0
regression_loops_posthoc__group_audit__cost_1.15__no_favorable_group,4127,1,Funk3-112-C#,00_Funk3-112-C#_comp.jams,1399611,4,4,2,2,mixed,-0.05291004478931427,0.2261904776096344,0.18619791666666666,False,0
regression_loops_posthoc__group_audit__cost_1.15__no_favorable_group,4138,1,Funk3-112-C#,00_Funk3-112-C#_comp.jams,1441565,5,4,3,3,mixed,-0.07365792989730835,0.2368815541267395,0.7925281954887218,False,0
regression_loops_posthoc__group_audit__cost_1.15__no_favorable_group,4141,1,Funk3-112-C#,00_Funk3-112-C#_comp.jams,1453860,5,2,3,3,mixed,-0.09487047791481018,0.253741055727005,0.2622767857142857,False,0
regression_loops_posthoc__group_audit__cost_1.15__no_favorable_group,4155,1,Funk3-112-C#,00_Funk3-112-C#_comp.jams,1489106,5,2,3,3,mixed,-0.19669947028160095,0.17919224500656128,0.2153033088235294,False,0
regression_loops_posthoc__group_audit__cost_1.15__no_favorable_group,4159,1,Funk3-112-C#,00_Funk3-112-C#_comp.jams,1500589,4,3,2,2,mixed,-0.057602331042289734,0.0184938907623291,0.7961753731343284,False,0
regression_loops_posthoc__group_audit__cost_1.15__no_favorable_group,4351,1,Funk3-112-C#,00_Funk3-112-C#_solo.jams,1477551,2,3,2,2,correction_favored,0.019415289163589478,0.45217394828796387,0.5344730941704036,False,0
regression_loops_posthoc__group_audit__cost_1.15__no_favorable_group,15751,1,SS3-98-C,00_SS3-98-C_comp.jams,49349,1,3,2,2,mixed,-0.1764705926179886,0.1966412365436554,0.4630208333333333,False,0
regression_loops_posthoc__group_audit__cost_1.15__no_favorable_group,15817,1,SS3-98-C,00_SS3-98-C_comp.jams,205622,3,3,2,2,mixed,-0.26238691806793213,0.1189039796590805,0.5735815602836879,False,0
regression_loops_posthoc__group_audit__cost_1.15__no_favorable_group,15820,1,SS3-98-C,00_SS3-98-C_comp.jams,219235,1,2,3,2,regression_favored,-0.35062479972839355,-0.15025243163108826,0.12152777777777778,True,0
regression_loops_posthoc__group_audit__cost_1.15__no_favorable_group,15931,1,SS3-98-C,00_SS3-98-C_comp.jams,498861,1,3,2,3,regression_favored,-0.28840577602386475,-0.011598750948905945,0.5191532258064516,True,0
regression_loops_posthoc__group_audit__cost_1.15__no_favorable_group,15972,1,SS3-98-C,00_SS3-98-C_comp.jams,607196,1,3,2,2,mixed,-0.2981358766555786,0.12212342023849487,0.4263268156424581,False,0
regression_loops_posthoc__group_audit__cost_1.15__no_favorable_group,16074,1,SS3-98-C,00_SS3-98-C_comp.jams,879291,3,3,2,3,regression_favored,-0.3523809313774109,-0.15205760300159454,0.6034526209677419,True,1
regression_loops_posthoc__group_audit__cost_1.15__no_favorable_group,16254,1,SS3-98-C,00_SS3-98-C_comp.jams,1362820,2,3,2,2,mixed,-0.09821495413780212,0.13175471127033234,0.5172776442307693,False,0
regression_loops_posthoc__group_audit__cost_1.15__no_favorable_group,16338,1,SS3-98-C,00_SS3-98-C_comp.jams,1579519,2,3,2,2,mixed,-0.06109827756881714,0.12801359593868256,0.3867694805194805,False,0
regression_loops_posthoc__group_audit__cost_1.15__no_favorable_group,16424,1,SS3-98-C,00_SS3-98-C_solo.jams,431828,2,3,2,2,mixed,-0.15575647354125977,0.20408856868743896,0.4968011811023622,False,0
regression_loops_posthoc__group_audit__cost_1.15__no_favorable_group,16482,1,SS3-98-C,00_SS3-98-C_solo.jams,621149,2,2,3,2,regression_favored,-0.32802677154541016,-0.009731411933898926,0.27459016393442626,True,1
regression_loops_posthoc__group_audit__cost_1.15__no_favorable_group,16554,1,SS3-98-C,00_SS3-98-C_solo.jams,864207,3,3,2,2,mixed,-0.06348684430122375,0.058009058237075806,0.24609375,False,0
regression_loops_posthoc__group_audit__cost_1.15__no_favorable_group,16566,1,SS3-98-C,00_SS3-98-C_solo.jams,889338,0,3,2,2,correction_favored,0.053058214485645294,0.2612163722515106,0.6505533854166666,False,0
regression_loops_posthoc__group_audit__cost_1.15__no_favorable_group,16577,1,SS3-98-C,00_SS3-98-C_solo.jams,918350,3,2,3,3,mixed,-0.1900826394557953,0.0732758641242981,0.49895055970149255,False,0
regression_loops_posthoc__group_audit__cost_1.15__no_favorable_group,16620,1,SS3-98-C,00_SS3-98-C_solo.jams,1013824,2,3,2,2,mixed,-0.22012072801589966,0.1345987766981125,0.3077445652173913,False,0
regression_loops_posthoc__group_audit__cost_1.15__no_favorable_group,16653,1,SS3-98-C,00_SS3-98-C_solo.jams,1094044,2,3,2,2,mixed,-0.22175496816635132,0.09887640178203583,0.4283344972067039,False,0
regression_loops_posthoc__group_audit__cost_1.15__no_favorable_group,16725,1,SS3-98-C,00_SS3-98-C_solo.jams,1330110,1,3,2,2,mixed,-0.10001766681671143,0.21578946709632874,0.5027573529411765,False,0
regression_loops_posthoc__group_audit__cost_1.15__no_favorable_group,16789,1,SS3-98-C,00_SS3-98-C_solo.jams,1546579,1,4,3,3,mixed,-0.08373591303825378,0.5714285969734192,0.4022229381443299,False,0
regression_loops_posthoc__group_audit__cost_1.15__no_favorable_group,17763,1,BN3-154-E,01_BN3-154-E_comp.jams,5,2,3,2,2,mixed,-0.04314720630645752,0.32091057300567627,0.19859601449275363,False,0
regression_loops_posthoc__group_audit__cost_1.15__no_favorable_group,17825,1,BN3-154-E,01_BN3-154-E_comp.jams,248888,1,3,2,3,regression_favored,-0.1826012134552002,-0.02220669388771057,0.5818391393442623,True,0
regression_loops_posthoc__group_audit__cost_1.15__no_favorable_group,17829,1,BN3-154-E,01_BN3-154-E_comp.jams,257674,1,3,2,2,mixed,-0.12907887995243073,0.12652438879013062,0.4114583333333333,False,0
regression_loops_posthoc__group_audit__cost_1.15__no_favorable_group,17845,1,BN3-154-E,01_BN3-154-E_comp.jams,326316,2,3,2,3,regression_favored,-0.24100856482982635,-0.05945715308189392,0.47589760638297873,True,-1
regression_loops_posthoc__group_audit__cost_1.15__no_favorable_group,17951,1,BN3-154-E,01_BN3-154-E_comp.jams,679978,2,3,2,2,mixed,-0.06954285502433777,0.1908455491065979,0.3904622395833333,False,0
regression_loops_posthoc__group_audit__cost_1.15__no_favorable_group,18019,1,BN3-154-E,01_BN3-154-E_comp.jams,937160,3,3,2,2,mixed,-0.039447516202926636,0.286910742521286,0.5025314245810056,False,0
regression_loops_posthoc__group_audit__cost_1.15__no_favorable_group,18030,1,BN3-154-E,01_BN3-154-E_comp.jams,963068,4,3,2,2,mixed,-0.2611408233642578,0.058420658111572266,0.24759615384615385,False,0
regression_loops_posthoc__group_audit__cost_1.15__no_favorable_group,18035,1,BN3-154-E,01_BN3-154-E_comp.jams,988337,1,4,2,2,mixed,-0.045888751745224,0.38682371377944946,0.1637761780104712,False,0
regression_loops_posthoc__group_audit__cost_1.15__no_favorable_group,18053,1,BN3-154-E,01_BN3-154-E_comp.jams,1048402,3,4,3,3,correction_favored,0.033631712198257446,0.3571428656578064,0.5153017241379311,False,0
regression_loops_posthoc__group_audit__cost_1.15__no_favorable_group,19463,1,Funk2-119-G,01_Funk2-119-G_comp.jams,4,2,2,3,3,mixed,-0.6571428775787354,0.21893489360809326,0.1778846153846154,False,0
regression_loops_posthoc__group_audit__cost_1.15__no_favorable_group,19465,1,Funk2-119-G,01_Funk2-119-G_comp.jams,11327,2,4,3,3,mixed,-0.05778491497039795,0.6785714030265808,0.5341842723004695,False,0
regression_loops_posthoc__group_audit__cost_1.15__no_favorable_group,19470,1,Funk2-119-G,01_Funk2-119-G_comp.jams,30034,0,2,3,3,correction_favored,0.036728113889694214,0.036728113889694214,0.34375,False,0
regression_loops_posthoc__group_audit__cost_1.15__no_favorable_group,19486,1,Funk2-119-G,01_Funk2-119-G_comp.jams,100135,2,4,3,3,mixed,-0.006791174411773682,0.7101449370384216,0.5642538265306123,False,0
regression_loops_posthoc__group_audit__cost_1.15__no_favorable_group,19505,1,Funk2-119-G,01_Funk2-119-G_comp.jams,167490,1,2,3,3,mixed,-0.12931036949157715,0.26530614495277405,0.3302556818181818,False,0
regression_loops_posthoc__group_audit__cost_1.15__no_favorable_group,19528,1,Funk2-119-G,01_Funk2-119-G_comp.jams,255972,3,4,2,2,mixed,-0.23775510489940643,0.2390488088130951,0.2569444444444444,False,0
regression_loops_posthoc__group_audit__cost_1.15__no_favorable_group,19530,1,Funk2-119-G,01_Funk2-119-G_comp.jams,265334,0,3,2,2,mixed,-0.17989417910575867,0.17038357257843018,0.6225421348314607,False,0
regression_loops_posthoc__group_audit__cost_1.15__no_favorable_group,19700,1,Funk2-119-G,01_Funk2-119-G_comp.jams,951678,2,4,3,3,correction_favored,0.08919763565063477,0.3818182051181793,0.45209703947368424,False,0
regression_loops_posthoc__group_audit__cost_1.15__no_favorable_group,19710,1,Funk2-119-G,01_Funk2-119-G_comp.jams,979359,3,4,2,2,mixed,-0.05076742172241211,0.3959459364414215,0.4369212962962963,False,0
regression_loops_posthoc__group_audit__cost_1.15__no_favorable_group,19721,1,Funk2-119-G,01_Funk2-119-G_comp.jams,1040061,3,4,3,3,mixed,-0.016813695430755615,0.38947367668151855,0.516549059139785,False,0
regression_loops_posthoc__group_audit__cost_1.15__no_favorable_group,19726,1,Funk2-119-G,01_Funk2-119-G_comp.jams,1055590,1,3,2,2,correction_favored,0.027088463306427002,0.10397878289222717,0.29296875,False,0
regression_loops_posthoc__group_audit__cost_1.15__no_favorable_group,19729,1,Funk2-119-G,01_Funk2-119-G_comp.jams,1067806,3,4,3,3,correction_favored,0.049300044775009155,0.637499988079071,0.5169207317073171,False,0
regression_loops_posthoc__group_audit__cost_1.15__no_favorable_group,19776,1,Funk2-119-G,01_Funk2-119-G_comp.jams,1245279,2,4,2,2,mixed,-0.09476584196090698,0.30279651284217834,0.17402777777777778,False,0
regression_loops_posthoc__group_audit__cost_1.15__no_favorable_group,19791,1,Funk2-119-G,01_Funk2-119-G_comp.jams,1329194,3,3,2,2,mixed,-0.026978492736816406,0.14813187718391418,0.5051673228346457,False,0
regression_loops_posthoc__group_audit__cost_1.15__no_favorable_group,20053,1,Funk3-112-C#,01_Funk3-112-C#_comp.jams,160271,3,3,2,3,regression_favored,-0.2156040221452713,-0.06478425860404968,0.5124362244897959,True,1
regression_loops_posthoc__group_audit__cost_1.15__no_favorable_group,20058,1,Funk3-112-C#,01_Funk3-112-C#_comp.jams,177424,3,2,3,3,mixed,-0.1461412012577057,0.317460298538208,0.4951761744966443,False,0
regression_loops_posthoc__group_audit__cost_1.15__no_favorable_group,20095,1,Funk3-112-C#,01_Funk3-112-C#_comp.jams,347919,2,3,2,2,mixed,-0.06080922484397888,0.14142051339149475,0.3784722222222222,False,0
regression_loops_posthoc__group_audit__cost_1.15__no_favorable_group,20133,1,Funk3-112-C#,01_Funk3-112-C#_comp.jams,531578,2,3,2,2,mixed,-0.25271689891815186,0.1320754885673523,0.5058247041420119,False,0
regression_loops_posthoc__group_audit__cost_1.15__no_favorable_group,20139,1,Funk3-112-C#,01_Funk3-112-C#_comp.jams,544742,0,3,2,2,mixed,-0.14562873542308807,0.18522727489471436,0.4244791666666667,False,0
regression_loops_posthoc__group_audit__cost_1.15__no_favorable_group,20159,1,Funk3-112-C#,01_Funk3-112-C#_comp.jams,661604,2,4,3,3,correction_favored,0.040343910455703735,0.6571428775787354,0.48125,False,0
regression_loops_posthoc__group_audit__cost_1.15__no_favorable_group,20172,1,Funk3-112-C#,01_Funk3-112-C#_comp.jams,737822,2,3,2,3,regression_favored,-0.2760695219039917,-0.08745601773262024,0.346875,True,-1
regression_loops_posthoc__group_audit__cost_1.15__no_favorable_group,20192,1,Funk3-112-C#,01_Funk3-112-C#_comp.jams,821602,3,4,2,2,mixed,-0.3481520414352417,0.08101266622543335,0.17299107142857142,False,0
regression_loops_posthoc__group_audit__cost_1.15__no_favorable_group,20273,1,Funk3-112-C#,01_Funk3-112-C#_comp.jams,1105739,3,4,3,3,mixed,-0.10445606708526611,0.6342711448669434,0.4107142857142857,False,0
regression_loops_posthoc__group_audit__cost_1.15__no_favorable_group,20279,1,Funk3-112-C#,01_Funk3-112-C#_comp.jams,1122659,3,2,3,3,mixed,-0.18987664580345154,0.18333333730697632,0.21946022727272727,False,0
regression_loops_posthoc__group_audit__cost_1.15__no_favorable_group,20296,1,Funk3-112-C#,01_Funk3-112-C#_comp.jams,1198205,2,3,2,2,correction_favored,0.17357397079467773,0.38891276717185974,0.20635775862068967,False,0
regression_loops_posthoc__group_audit__cost_1.15__no_favorable_group,20300,1,Funk3-112-C#,01_Funk3-112-C#_comp.jams,1222984,2,3,2,2,mixed,-0.17045456171035767,0.14733096957206726,0.3713182471264368,False,0
regression_loops_posthoc__group_audit__cost_1.15__no_favorable_group,20321,1,Funk3-112-C#,01_Funk3-112-C#_comp.jams,1299884,3,3,2,2,mixed,-0.14961783587932587,0.03235979378223419,0.6081730769230769,False,0
regression_loops_posthoc__group_audit__cost_1.15__no_favorable_group,20324,1,Funk3-112-C#,01_Funk3-112-C#_comp.jams,1305704,1,3,2,2,mixed,-0.0019103288650512695,0.2496936321258545,0.5201416015625,False,0
regression_loops_posthoc__group_audit__cost_1.15__no_favorable_group,20345,1,Funk3-112-C#,01_Funk3-112-C#_comp.jams,1388564,3,4,3,3,mixed,-0.1727326512336731,0.6521739363670349,0.3632454128440367,False,0
regression_loops_posthoc__group_audit__cost_1.15__no_favorable_group,20349,1,Funk3-112-C#,01_Funk3-112-C#_comp.jams,1406296,2,3,2,2,mixed,-0.10160428285598755,0.26153847575187683,0.3412143640350877,False,0
regression_loops_posthoc__group_audit__cost_1.15__no_favorable_group,20367,1,Funk3-112-C#,01_Funk3-112-C#_comp.jams,1506158,2,4,3,3,mixed,-0.10886919498443604,0.21313431859016418,0.7016782407407407,False,0
regression_loops_posthoc__group_audit__cost_1.15__no_favorable_group,20438,1,Funk3-112-C#,01_Funk3-112-C#_solo.jams,558234,1,3,2,2,mixed,-0.1771787852048874,0.00887247920036316,0.40077554744525545,False,0
regression_loops_posthoc__group_audit__cost_1.15__no_favorable_group,31393,1,SS3-98-C,01_SS3-98-C_comp.jams,40983,2,3,2,3,regression_favored,-0.2517738938331604,-0.07937681674957275,0.6104433760683761,True,-1
regression_loops_posthoc__group_audit__cost_1.15__no_favorable_group,31410,1,SS3-98-C,01_SS3-98-C_comp.jams,76749,2,4,2,2,mixed,-0.27456995844841003,0.28373703360557556,0.15550595238095238,False,0
regression_loops_posthoc__group_audit__cost_1.15__no_favorable_group,31416,1,SS3-98-C,01_SS3-98-C_comp.jams,90139,2,3,2,2,mixed,-0.08337384462356567,0.15223214030265808,0.20256696428571427,False,0
regression_loops_posthoc__group_audit__cost_1.15__no_favorable_group,31450,1,SS3-98-C,01_SS3-98-C_comp.jams,162536,1,3,2,2,mixed,-0.11698630452156067,0.05365660786628723,0.34356831395348836,False,0
regression_loops_posthoc__group_audit__cost_1.15__no_favorable_group,31454,1,SS3-98-C,01_SS3-98-C_comp.jams,170122,2,2,3,2,regression_favored,-0.1641315370798111,-0.06967966258525848,0.43154761904761907,True,1
regression_loops_posthoc__group_audit__cost_1.15__no_favorable_group,31458,1,SS3-98-C,01_SS3-98-C_comp.jams,183578,2,3,2,2,mixed,-0.040958911180496216,0.1448933482170105,0.4655539772727273,False,0
regression_loops_posthoc__group_audit__cost_1.15__no_favorable_group,31479,1,SS3-98-C,01_SS3-98-C_comp.jams,232147,1,3,2,2,mixed,-0.14602705836296082,0.08489184081554413,0.3765076754385965,False,0
regression_loops_posthoc__group_audit__cost_1.15__no_favorable_group,31482,1,SS3-98-C,01_SS3-98-C_comp.jams,238566,2,3,2,2,mixed,-0.14184506237506866,0.09618902206420898,0.3863985655737705,False,0
regression_loops_posthoc__group_audit__cost_1.15__no_favorable_group,31487,1,SS3-98-C,01_SS3-98-C_comp.jams,249663,1,3,2,2,mixed,-0.04334113001823425,0.19961240887641907,0.5861778846153847,False,0
regression_loops_posthoc__group_audit__cost_1.15__no_favorable_group,31488,1,SS3-98-C,01_SS3-98-C_comp.jams,251545,1,2,3,2,regression_favored,-0.048526883125305176,-0.04345792531967163,0.296875,True,0
regression_loops_posthoc__group_audit__cost_1.15__no_favorable_group,31490,1,SS3-98-C,01_SS3-98-C_comp.jams,256098,2,3,2,2,correction_favored,0.02102428674697876,0.18839460611343384,0.5024207746478874,False,0
regression_loops_posthoc__group_audit__cost_1.15__no_favorable_group,31497,1,SS3-98-C,01_SS3-98-C_comp.jams,271694,1,3,2,2,mixed,-0.06550803780555725,0.22421053051948547,0.5134882478632479,False,0
regression_loops_posthoc__group_audit__cost_1.15__no_favorable_group,31503,1,SS3-98-C,01_SS3-98-C_comp.jams,284113,1,4,2,2,mixed,-0.21574267745018005,0.2467532455921173,0.22401685393258428,False,0
regression_loops_posthoc__group_audit__cost_1.15__no_favorable_group,31507,1,SS3-98-C,01_SS3-98-C_comp.jams,291732,2,3,2,2,mixed,-0.10970821976661682,0.09359869360923767,0.375,False,0
regression_loops_posthoc__group_audit__cost_1.15__no_favorable_group,31510,1,SS3-98-C,01_SS3-98-C_comp.jams,297624,2,3,2,2,mixed,-0.05404135584831238,0.1530364453792572,0.5440625,False,0
regression_loops_posthoc__group_audit__cost_1.15__no_favorable_group,31557,1,SS3-98-C,01_SS3-98-C_comp.jams,400436,2,3,2,2,mixed,-0.12368464469909668,0.19326241314411163,0.45561079545454547,False,0
regression_loops_posthoc__group_audit__cost_1.15__no_favorable_group,31568,1,SS3-98-C,01_SS3-98-C_comp.jams,425644,1,3,2,2,correction_favored,0.025229141116142273,0.19477123022079468,0.42150297619047616,False,0
regression_loops_posthoc__group_audit__cost_1.15__no_favorable_group,31603,1,SS3-98-C,01_SS3-98-C_comp.jams,499632,1,2,3,3,mixed,-0.12197309732437134,0.0868978202342987,0.1111111111111111,False,0
regression_loops_posthoc__group_audit__cost_1.15__no_favorable_group,31613,1,SS3-98-C,01_SS3-98-C_comp.jams,519785,3,2,3,3,mixed,-0.10232524573802948,0.0771428644657135,0.1828125,False,0
regression_loops_posthoc__group_audit__cost_1.15__no_favorable_group,31617,1,SS3-98-C,01_SS3-98-C_comp.jams,527988,2,3,2,2,mixed,-0.06783215701580048,0.07140886783599854,0.6156914893617021,False,0
regression_loops_posthoc__group_audit__cost_1.15__no_favorable_group,31645,1,SS3-98-C,01_SS3-98-C_comp.jams,588693,2,3,2,2,mixed,-0.19781169295310974,0.09723889827728271,0.5429137323943662,False,0
regression_loops_posthoc__group_audit__cost_1.15__no_favorable_group,31654,1,SS3-98-C,01_SS3-98-C_comp.jams,608615,1,4,2,2,mixed,-0.1992219090461731,0.31333333253860474,0.25037924757281554,False,0
regression_loops_posthoc__group_audit__cost_1.15__no_favorable_group,31659,1,SS3-98-C,01_SS3-98-C_comp.jams,622690,1,3,2,2,mixed,-0.02818813920021057,0.17300698161125183,0.616015625,False,0
regression_loops_posthoc__group_audit__cost_1.15__no_favorable_group,31662,1,SS3-98-C,01_SS3-98-C_comp.jams,629986,3,2,3,3,mixed,-0.14070433378219604,0.16813187301158905,0.22265625,False,0
regression_loops_posthoc__group_audit__cost_1.15__no_favorable_group,31667,1,SS3-98-C,01_SS3-98-C_comp.jams,642473,0,3,2,2,correction_favored,0.014012455940246582,0.14918357133865356,0.5100446428571429,False,0
regression_loops_posthoc__group_audit__cost_1.15__no_favorable_group,31670,1,SS3-98-C,01_SS3-98-C_comp.jams,649341,3,3,2,2,mixed,-0.04570308327674866,0.2601439356803894,0.4182967557251908,False,0
regression_loops_posthoc__group_audit__cost_1.15__no_favorable_group,31676,1,SS3-98-C,01_SS3-98-C_comp.jams,661249,2,2,3,3,mixed,-0.08510187268257141,0.040825098752975464,0.2328125,False,0
regression_loops_posthoc__group_audit__cost_1.15__no_favorable_group,31680,1,SS3-98-C,01_SS3-98-C_comp.jams,669295,2,2,3,2,regression_favored,-0.2547609210014343,-0.009820356965065002,0.30514705882352944,True,1
regression_loops_posthoc__group_audit__cost_1.15__no_favorable_group,31686,1,SS3-98-C,01_SS3-98-C_comp.jams,681353,2,2,3,2,regression_favored,-0.01562616229057312,-0.01562616229057312,0.203125,True,1
regression_loops_posthoc__group_audit__cost_1.15__no_favorable_group,31693,1,SS3-98-C,01_SS3-98-C_comp.jams,695405,2,2,3,3,mixed,-0.17811059951782227,0.03509137034416199,0.12849813432835822,False,0
regression_loops_posthoc__group_audit__cost_1.15__no_favorable_group,31697,1,SS3-98-C,01_SS3-98-C_comp.jams,703122,3,2,3,2,regression_favored,-0.26831090450286865,-0.013286709785461426,0.19584517045454544,True,-1
regression_loops_posthoc__group_audit__cost_1.15__no_favorable_group,31700,1,SS3-98-C,01_SS3-98-C_comp.jams,709133,2,2,3,2,regression_favored,-0.2483002245426178,-0.10521134734153748,0.279296875,True,1
regression_loops_posthoc__group_audit__cost_1.15__no_favorable_group,31703,1,SS3-98-C,01_SS3-98-C_comp.jams,715442,2,2,3,3,mixed,-0.24430641531944275,0.019657164812088013,0.26596467391304346,False,0
regression_loops_posthoc__group_audit__cost_1.15__no_favorable_group,31731,1,SS3-98-C,01_SS3-98-C_comp.jams,778370,2,3,2,2,mixed,-0.12437409162521362,0.1295807957649231,0.498046875,False,0
regression_loops_posthoc__group_audit__cost_1.15__no_favorable_group,31734,1,SS3-98-C,01_SS3-98-C_comp.jams,790717,1,3,2,2,mixed,-0.10698902606964111,0.03397566080093384,0.3010670731707317,False,0
regression_loops_posthoc__group_audit__cost_1.15__no_favorable_group,31760,1,SS3-98-C,01_SS3-98-C_comp.jams,853002,3,3,2,2,mixed,-0.15639328956604004,0.14149679243564606,0.55546875,False,0
regression_loops_posthoc__group_audit__cost_1.15__no_favorable_group,31766,1,SS3-98-C,01_SS3-98-C_comp.jams,866022,3,4,2,2,correction_favored,0.04698146879673004,0.3333333134651184,0.21165966386554622,False,0
regression_loops_posthoc__group_audit__cost_1.15__no_favorable_group,31781,1,SS3-98-C,01_SS3-98-C_comp.jams,898219,2,3,2,2,mixed,-0.22193506360054016,0.04976576566696167,0.4102359693877551,False,0
regression_loops_posthoc__group_audit__cost_1.15__no_favorable_group,31792,1,SS3-98-C,01_SS3-98-C_comp.jams,920029,3,3,2,2,mixed,-0.19170060753822327,0.1194169819355011,0.5584969008264463,False,0
regression_loops_posthoc__group_audit__cost_1.15__no_favorable_group,31828,1,SS3-98-C,01_SS3-98-C_comp.jams,994124,1,3,2,2,mixed,-0.19336384534835815,0.1260504126548767,0.473930027173913,False,0
regression_loops_posthoc__group_audit__cost_1.15__no_favorable_group,31832,1,SS3-98-C,01_SS3-98-C_comp.jams,1013750,1,3,2,2,mixed,-0.04143853485584259,0.12529762089252472,0.5139266304347826,False,0
regression_loops_posthoc__group_audit__cost_1.15__no_favorable_group,31843,1,SS3-98-C,01_SS3-98-C_comp.jams,1041413,1,3,2,2,mixed,-0.074745774269104,0.12025518715381622,0.47021484375,False,0
regression_loops_posthoc__group_audit__cost_1.15__no_favorable_group,31846,1,SS3-98-C,01_SS3-98-C_comp.jams,1047824,2,4,3,3,mixed,-0.25784027576446533,0.10878750681877136,0.24369959677419356,False,0
regression_loops_posthoc__group_audit__cost_1.15__no_favorable_group,31858,1,SS3-98-C,01_SS3-98-C_comp.jams,1075319,2,2,3,2,regression_favored,-0.24974200129508972,-0.009223401546478271,0.31979166666666664,True,1
regression_loops_posthoc__group_audit__cost_1.15__no_favorable_group,31868,1,SS3-98-C,01_SS3-98-C_comp.jams,1096332,0,2,3,3,mixed,-0.17407256364822388,0.11074653267860413,0.2046875,False,0
regression_loops_posthoc__group_audit__cost_1.15__no_favorable_group,31888,1,SS3-98-C,01_SS3-98-C_comp.jams,1140925,1,2,3,3,mixed,-0.26831090450286865,0.049705684185028076,0.2162298387096774,False,0
regression_loops_posthoc__group_audit__cost_1.15__no_favorable_group,31891,1,SS3-98-C,01_SS3-98-C_comp.jams,1147266,1,2,3,3,mixed,-0.0695798248052597,0.06561148166656494,0.259765625,False,0
regression_loops_posthoc__group_audit__cost_1.15__no_favorable_group,31900,1,SS3-98-C,01_SS3-98-C_comp.jams,1168846,1,2,3,3,mixed,-0.14073818922042847,0.16980324685573578,0.11160714285714286,False,0
regression_loops_posthoc__group_audit__cost_1.15__no_favorable_group,31908,1,SS3-98-C,01_SS3-98-C_comp.jams,1187295,0,3,2,2,mixed,-0.02419459819793701,0.2237762212753296,0.3880208333333333,False,0
regression_loops_posthoc__group_audit__cost_1.15__no_favorable_group,31924,1,SS3-98-C,01_SS3-98-C_comp.jams,1222069,2,2,3,2,regression_favored,-0.10390757024288177,-0.06065857410430908,0.2421875,True,1
regression_loops_posthoc__group_audit__cost_1.15__no_favorable_group,31926,1,SS3-98-C,01_SS3-98-C_comp.jams,1226904,1,3,2,2,mixed,-0.032085567712783813,0.22899262607097626,0.3972997572815534,False,0
regression_loops_posthoc__group_audit__cost_1.15__no_favorable_group,31936,1,SS3-98-C,01_SS3-98-C_comp.jams,1248949,1,2,4,4,mixed,-0.176384836435318,0.21141836047172546,0.08305921052631579,False,0
regression_loops_posthoc__group_audit__cost_1.15__no_favorable_group,31939,1,SS3-98-C,01_SS3-98-C_comp.jams,1255428,2,2,3,3,mixed,-0.20759014785289764,0.00014513731002807617,0.2627840909090909,False,0
regression_loops_posthoc__group_audit__cost_1.15__no_favorable_group,31943,1,SS3-98-C,01_SS3-98-C_comp.jams,1262875,1,2,3,3,mixed,-0.15860214829444885,0.032379791140556335,0.309375,False,0
regression_loops_posthoc__group_audit__cost_1.15__no_favorable_group,31958,1,SS3-98-C,01_SS3-98-C_comp.jams,1297740,3,3,2,2,mixed,-0.12998154759407043,0.14551393687725067,0.406005859375,False,0
regression_loops_posthoc__group_audit__cost_1.15__no_favorable_group,31961,1,SS3-98-C,01_SS3-98-C_comp.jams,1304111,2,2,3,2,regression_favored,-0.20945338904857635,-0.06638073921203613,0.3609913793103448,True,1
regression_loops_posthoc__group_audit__cost_1.15__no_favorable_group,31971,1,SS3-98-C,01_SS3-98-C_comp.jams,1324482,2,2,3,3,mixed,-0.17448125779628754,0.07115384936332703,0.24881114130434784,False,0
regression_loops_posthoc__group_audit__cost_1.15__no_favorable_group,31980,1,SS3-98-C,01_SS3-98-C_comp.jams,1344362,1,3,2,2,mixed,-0.2130124866962433,0.03608354926109314,0.4235576923076923,False,0
regression_loops_posthoc__group_audit__cost_1.15__no_favorable_group,31982,1,SS3-98-C,01_SS3-98-C_comp.jams,1349895,3,2,3,3,mixed,-0.2772942781448364,0.029522746801376343,0.3200892857142857,False,0
regression_loops_posthoc__group_audit__cost_1.15__no_favorable_group,32016,1,SS3-98-C,01_SS3-98-C_comp.jams,1426044,3,3,2,2,mixed,-0.010076135396957397,0.19912537932395935,0.41646161417322836,False,0
regression_loops_posthoc__group_audit__cost_1.15__no_favorable_group,32019,1,SS3-98-C,01_SS3-98-C_comp.jams,1432403,1,3,2,2,correction_favored,0.018460333347320557,0.15376678109169006,0.6427951388888888,False,0
regression_loops_posthoc__group_audit__cost_1.15__no_favorable_group,32022,1,SS3-98-C,01_SS3-98-C_comp.jams,1438433,2,2,3,3,mixed,-0.13974358141422272,0.0937417596578598,0.2127403846153846,False,0
regression_loops_posthoc__group_audit__cost_1.15__no_favorable_group,32028,1,SS3-98-C,01_SS3-98-C_comp.jams,1452212,2,2,3,3,mixed,-0.22527039051055908,0.03201219439506531,0.20126146788990826,False,0
regression_loops_posthoc__group_audit__cost_1.15__no_favorable_group,32044,1,SS3-98-C,01_SS3-98-C_comp.jams,1485521,2,3,2,2,mixed,-0.1111111044883728,0.22937853634357452,0.49253048780487807,False,0
regression_loops_posthoc__group_audit__cost_1.15__no_favorable_group,32061,1,SS3-98-C,01_SS3-98-C_comp.jams,1519825,2,2,3,3,mixed,-0.2141706794500351,0.06600721180438995,0.3189174107142857,False,0
regression_loops_posthoc__group_audit__cost_1.15__no_favorable_group,32064,1,SS3-98-C,01_SS3-98-C_comp.jams,1526036,2,2,3,3,mixed,-0.14767931401729584,0.08633774518966675,0.13829787234042554,False,0
regression_loops_posthoc__group_audit__cost_1.15__no_favorable_group,32068,1,SS3-98-C,01_SS3-98-C_comp.jams,1534148,2,2,3,2,regression_favored,-0.2257043868303299,-0.1485268771648407,0.306640625,True,1
regression_loops_posthoc__group_audit__cost_1.15__no_favorable_group,32077,1,SS3-98-C,01_SS3-98-C_comp.jams,1553062,1,3,2,2,mixed,-0.043906569480895996,0.17647060751914978,0.48997641509433965,False,0
regression_loops_posthoc__group_audit__cost_1.15__no_favorable_group,32121,1,SS3-98-C,01_SS3-98-C_comp.jams,1642933,2,2,3,2,regression_favored,-0.2321460247039795,-0.011242598295211792,0.328125,True,1
regression_loops_posthoc__group_audit__cost_1.15__no_favorable_group,32127,1,SS3-98-C,01_SS3-98-C_comp.jams,1654156,2,2,3,3,mixed,-0.10390757024288177,0.12134292721748352,0.2465277777777778,False,0
regression_loops_posthoc__group_audit__cost_1.15__no_favorable_group,32134,1,SS3-98-C,01_SS3-98-C_comp.jams,1669021,3,2,3,3,mixed,-0.23934976756572723,0.1197691261768341,0.17640625,False,0
regression_loops_posthoc__group_audit__cost_1.15__no_favorable_group,32137,1,SS3-98-C,01_SS3-98-C_comp.jams,1674405,3,2,3,2,regression_favored,-0.06642335653305054,-0.06642335653305054,0.40625,True,-1
regression_loops_posthoc__group_audit__cost_1.15__no_favorable_group,32155,1,SS3-98-C,01_SS3-98-C_comp.jams,1709475,3,3,2,2,mixed,-0.06324911117553711,0.229411780834198,0.5557215073529411,False,0
regression_loops_posthoc__group_audit__cost_1.15__no_favorable_group,32237,1,SS3-98-C,01_SS3-98-C_solo.jams,309287,1,3,2,2,correction_favored,0.0796053409576416,0.34965476393699646,0.5565655048076923,False,0
regression_loops_posthoc__group_audit__cost_1.15__no_favorable_group,33419,1,BN3-154-E,02_BN3-154-E_comp.jams,164082,2,3,2,3,regression_favored,-0.2830967605113983,-0.01376369595527649,0.2649793388429752,True,-1
regression_loops_posthoc__group_audit__cost_1.15__no_favorable_group,33429,1,BN3-154-E,02_BN3-154-E_comp.jams,189465,1,3,2,2,mixed,-0.263969749212265,0.12878787517547607,0.19632227891156462,False,0
regression_loops_posthoc__group_audit__cost_1.15__no_favorable_group,33466,1,BN3-154-E,02_BN3-154-E_comp.jams,317099,3,2,3,3,mixed,-0.13038766384124756,0.13703516125679016,0.1414695945945946,False,0
regression_loops_posthoc__group_audit__cost_1.15__no_favorable_group,33498,1,BN3-154-E,02_BN3-154-E_comp.jams,394770,2,3,2,2,mixed,-0.14699923992156982,0.23076923191547394,0.40588662790697677,False,0
regression_loops_posthoc__group_audit__cost_1.15__no_favorable_group,33542,1,BN3-154-E,02_BN3-154-E_comp.jams,515650,3,3,2,2,mixed,-0.13920269906520844,0.09803922474384308,0.5111053719008265,False,0
regression_loops_posthoc__group_audit__cost_1.15__no_favorable_group,33551,1,BN3-154-E,02_BN3-154-E_comp.jams,533993,3,3,2,2,mixed,-0.061904773116111755,0.07888232171535492,0.6991112385321101,False,0
regression_loops_posthoc__group_audit__cost_1.15__no_favorable_group,33556,1,BN3-154-E,02_BN3-154-E_comp.jams,551628,3,3,2,3,regression_favored,-0.2207573652267456,-0.004814863204956055,0.3061266447368421,True,1
regression_loops_posthoc__group_audit__cost_1.15__no_favorable_group,33683,1,BN3-154-E,02_BN3-154-E_comp.jams,893805,3,4,2,2,mixed,-0.15132497251033783,0.2617218494415283,0.2659298780487805,False,0
regression_loops_posthoc__group_audit__cost_1.15__no_favorable_group,33722,1,BN3-154-E,02_BN3-154-E_comp.jams,1002509,3,3,2,2,mixed,-0.24174213409423828,0.1641097217798233,0.5820057189542484,False,0
regression_loops_posthoc__group_audit__cost_1.15__no_favorable_group,33734,1,BN3-154-E,02_BN3-154-E_comp.jams,1040594,3,3,2,3,regression_favored,-0.2894911766052246,-0.038206636905670166,0.3616727941176471,True,1
regression_loops_posthoc__group_audit__cost_1.15__no_favorable_group,34935,1,Funk2-119-G,02_Funk2-119-G_comp.jams,23,2,2,4,4,mixed,-0.3507549464702606,0.34959352016448975,0.1154513888888889,False,0
regression_loops_posthoc__group_audit__cost_1.15__no_favorable_group,34971,1,Funk2-119-G,02_Funk2-119-G_comp.jams,89175,1,3,2,2,mixed,-0.2117357850074768,0.1525423675775528,0.45720108695652173,False,0
regression_loops_posthoc__group_audit__cost_1.15__no_favorable_group,35002,1,Funk2-119-G,02_Funk2-119-G_comp.jams,212302,4,3,4,4,correction_favored,0.11466982960700989,0.1997254490852356,0.3359375,False,0
regression_loops_posthoc__group_audit__cost_1.15__no_favorable_group,35027,1,Funk2-119-G,02_Funk2-119-G_comp.jams,311111,2,4,2,2,mixed,-0.0451882928609848,0.3333333432674408,0.13399621212121213,False,0
regression_loops_posthoc__group_audit__cost_1.15__no_favorable_group,35039,1,Funk2-119-G,02_Funk2-119-G_comp.jams,378218,2,2,3,3,mixed,-0.1442786157131195,0.10085469484329224,0.2821691176470588,False,0
regression_loops_posthoc__group_audit__cost_1.15__no_favorable_group,35069,1,Funk2-119-G,02_Funk2-119-G_comp.jams,490048,3,4,3,3,mixed,-0.08628213405609131,0.31590908765792847,0.6827256944444444,False,0
regression_loops_posthoc__group_audit__cost_1.15__no_favorable_group,35138,1,Funk2-119-G,02_Funk2-119-G_comp.jams,710665,2,3,2,2,mixed,-0.13584157824516296,0.18784314393997192,0.20642784552845528,False,0
regression_loops_posthoc__group_audit__cost_1.15__no_favorable_group,35189,1,Funk2-119-G,02_Funk2-119-G_comp.jams,890336,3,2,3,3,mixed,-0.13636362552642822,0.27747881412506104,0.24463619402985073,False,0
regression_loops_posthoc__group_audit__cost_1.15__no_favorable_group,35268,1,Funk2-119-G,02_Funk2-119-G_comp.jams,1245657,2,2,3,3,mixed,-0.1799629032611847,0.294642835855484,0.4720612582781457,False,0
regression_loops_posthoc__group_audit__cost_1.15__no_favorable_group,35583,1,Funk3-112-C#,02_Funk3-112-C#_comp.jams,310342,2,2,3,2,regression_favored,-0.31905606389045715,-0.060374915599823,0.3485991379310345,True,1
regression_loops_posthoc__group_audit__cost_1.15__no_favorable_group,35644,1,Funk3-112-C#,02_Funk3-112-C#_comp.jams,514596,1,2,3,3,mixed,-0.30420172214508057,0.05614784359931946,0.24128605769230768,False,0
regression_loops_posthoc__group_audit__cost_1.15__no_favorable_group,35664,1,Funk3-112-C#,02_Funk3-112-C#_comp.jams,607344,2,3,2,2,mixed,-0.08429118990898132,0.16730768978595734,0.2699652777777778,False,0
regression_loops_posthoc__group_audit__cost_1.15__no_favorable_group,35782,1,Funk3-112-C#,02_Funk3-112-C#_comp.jams,1133222,2,2,3,3,mixed,-0.13652074337005615,0.13245034217834473,0.45515752032520324,False,0
regression_loops_posthoc__group_audit__cost_1.15__no_favorable_group,35857,1,Funk3-112-C#,02_Funk3-112-C#_comp.jams,1347223,2,2,3,3,mixed,-0.27603238821029663,0.015176206827163696,0.3650968309859155,False,0
regression_loops_posthoc__group_audit__cost_1.15__no_favorable_group,35918,1,Funk3-112-C#,02_Funk3-112-C#_solo.jams,107445,2,3,2,2,mixed,-0.0566006600856781,0.5384615659713745,0.43041764018691586,False,0
regression_loops_posthoc__group_audit__cost_1.15__no_favorable_group,35977,1,Funk3-112-C#,02_Funk3-112-C#_solo.jams,414204,2,4,2,2,mixed,-0.1508975476026535,0.24722221493721008,0.44938858695652173,False,0
regression_loops_posthoc__group_audit__cost_1.15__no_favorable_group,35996,1,Funk3-112-C#,02_Funk3-112-C#_solo.jams,509533,2,4,2,2,mixed,-0.24175824224948883,0.21842104196548462,0.26291322314049587,False,0
regression_loops_posthoc__group_audit__cost_1.15__no_favorable_group,36014,1,Funk3-112-C#,02_Funk3-112-C#_solo.jams,591370,2,4,2,2,mixed,-0.17325274646282196,0.2818532884120941,0.3775921658986175,False,0
regression_loops_posthoc__group_audit__cost_1.15__no_favorable_group,36026,1,Funk3-112-C#,02_Funk3-112-C#_solo.jams,627755,2,4,2,2,mixed,-0.17084942758083344,0.29411762952804565,0.26186963519313305,False,0
regression_loops_posthoc__group_audit__cost_1.15__no_favorable_group,36037,1,Funk3-112-C#,02_Funk3-112-C#_solo.jams,757929,2,3,2,2,mixed,-0.14654803276062012,0.09464922547340393,0.5261390186915887,False,0
regression_loops_posthoc__group_audit__cost_1.15__no_favorable_group,36069,1,Funk3-112-C#,02_Funk3-112-C#_solo.jams,920454,2,3,2,2,mixed,-0.0016153156757354736,0.21028724312782288,0.4747740963855422,False,0
regression_loops_posthoc__group_audit__cost_1.15__no_favorable_group,36125,1,Funk3-112-C#,02_Funk3-112-C#_solo.jams,1134019,2,4,2,2,mixed,-0.08389119803905487,0.2950310707092285,0.19053030303030302,False,0
regression_loops_posthoc__group_audit__cost_1.15__no_favorable_group,36145,1,Funk3-112-C#,02_Funk3-112-C#_solo.jams,1193453,2,4,3,3,mixed,-0.04126986861228943,0.142011821269989,0.392578125,False,0
regression_loops_posthoc__group_audit__cost_1.15__no_favorable_group,36161,1,Funk3-112-C#,02_Funk3-112-C#_solo.jams,1261104,1,4,2,2,mixed,-0.14444655179977417,0.20372094213962555,0.29388297872340424,False,0
regression_loops_posthoc__group_audit__cost_1.15__no_favorable_group,36166,1,Funk3-112-C#,02_Funk3-112-C#_solo.jams,1311287,1,3,2,2,mixed,-0.1460045576095581,0.05886617302894592,0.4365131578947368,False,0
regression_loops_posthoc__group_audit__cost_1.15__no_favorable_group,36183,1,Funk3-112-C#,02_Funk3-112-C#_solo.jams,1383475,1,3,2,2,mixed,-0.11809268593788147,0.15330150723457336,0.2839395491803279,False,0
regression_loops_posthoc__group_audit__cost_1.15__no_favorable_group,36191,1,Funk3-112-C#,02_Funk3-112-C#_solo.jams,1430274,2,3,2,2,mixed,-0.10877618193626404,0.2193732112646103,0.5828001968503937,False,0
regression_loops_posthoc__group_audit__cost_1.15__no_favorable_group,36213,1,Funk3-112-C#,02_Funk3-112-C#_solo.jams,1487838,2,2,3,3,mixed,-0.04864567518234253,0.22188806533813477,0.3252840909090909,False,0
regression_loops_posthoc__group_audit__cost_1.15__no_favorable_group,46588,1,SS3-98-C,02_SS3-98-C_comp.jams,68564,2,2,3,3,mixed,-0.34343433380126953,0.15717801451683044,0.4594655797101449,False,0
regression_loops_posthoc__group_audit__cost_1.15__no_favorable_group,46591,1,SS3-98-C,02_SS3-98-C_comp.jams,81257,3,3,4,4,mixed,-0.33681315183639526,0.18318966031074524,0.18774801587301587,False,0
regression_loops_posthoc__group_audit__cost_1.15__no_favorable_group,46620,1,SS3-98-C,02_SS3-98-C_comp.jams,148696,3,2,3,3,mixed,-0.009769588708877563,0.20326340198516846,0.3053977272727273,False,0
regression_loops_posthoc__group_audit__cost_1.15__no_favorable_group,46628,1,SS3-98-C,02_SS3-98-C_comp.jams,177169,2,2,3,3,mixed,-0.1090908944606781,0.20282667875289917,0.4083333333333333,False,0
regression_loops_posthoc__group_audit__cost_1.15__no_favorable_group,46722,1,SS3-98-C,02_SS3-98-C_comp.jams,419993,2,3,2,2,mixed,-0.03535684943199158,0.21568627655506134,0.351,False,0
regression_loops_posthoc__group_audit__cost_1.15__no_favorable_group,46743,1,SS3-98-C,02_SS3-98-C_comp.jams,472022,3,2,3,3,mixed,-0.25672876834869385,0.043205589056015015,0.4142775229357798,False,0
regression_loops_posthoc__group_audit__cost_1.15__no_favorable_group,46751,1,SS3-98-C,02_SS3-98-C_comp.jams,499263,2,2,3,3,mixed,-0.1840062141418457,0.06777629256248474,0.2888719512195122,False,0
regression_loops_posthoc__group_audit__cost_1.15__no_favorable_group,46901,1,SS3-98-C,02_SS3-98-C_comp.jams,865360,3,3,2,2,mixed,-0.25135791301727295,0.12179487943649292,0.5679209183673469,False,0
regression_loops_posthoc__group_audit__cost_1.15__no_favorable_group,46955,1,SS3-98-C,02_SS3-98-C_comp.jams,1013859,3,2,3,3,mixed,-0.11434978246688843,0.0868978202342987,0.08258928571428571,False,0
regression_loops_posthoc__group_audit__cost_1.15__no_favorable_group,46988,1,SS3-98-C,02_SS3-98-C_comp.jams,1093265,3,2,3,3,mixed,-0.16928571462631226,0.06336086988449097,0.13035714285714287,False,0
regression_loops_posthoc__group_audit__cost_1.15__no_favorable_group,47008,1,SS3-98-C,02_SS3-98-C_comp.jams,1147894,2,2,3,3,mixed,-0.3405529856681824,0.007469654083251953,0.31919642857142855,False,0
regression_loops_posthoc__group_audit__cost_1.15__no_favorable_group,47039,1,SS3-98-C,02_SS3-98-C_comp.jams,1227569,2,3,2,2,mixed,-0.04966270923614502,0.523809552192688,0.5125651041666667,False,0
regression_loops_posthoc__group_audit__cost_1.15__no_favorable_group,47168,1,SS3-98-C,02_SS3-98-C_comp.jams,1579622,3,2,3,3,mixed,-0.27272728085517883,0.18095239996910095,0.412148178807947,False,0
regression_loops_posthoc__group_audit__cost_1.15__no_favorable_group,47227,1,SS3-98-C,02_SS3-98-C_comp.jams,1710839,2,3,2,2,mixed,-0.08607044816017151,0.042301177978515625,0.5525056306306306,False,0
regression_loops_posthoc__group_audit__cost_1.15__no_favorable_group,48432,1,BN3-154-E,03_BN3-154-E_comp.jams,275481,4,4,3,3,mixed,-0.08757442235946655,0.15596845746040344,0.47252155172413796,False,0
regression_loops_posthoc__group_audit__cost_1.15__no_favorable_group,48454,1,BN3-154-E,03_BN3-154-E_comp.jams,411158,4,4,2,2,mixed,-0.24282999336719513,0.27562862634658813,0.2995265151515151,False,0
regression_loops_posthoc__group_audit__cost_1.15__no_favorable_group,48471,1,BN3-154-E,03_BN3-154-E_comp.jams,508976,1,3,2,2,mixed,-0.20189520716667175,0.036874204874038696,0.41360294117647056,False,0
regression_loops_posthoc__group_audit__cost_1.15__no_favorable_group,48484,1,BN3-154-E,03_BN3-154-E_comp.jams,567353,4,4,3,4,regression_favored,-0.16737589240074158,-0.1230168342590332,0.609375,True,1
regression_loops_posthoc__group_audit__cost_1.15__no_favorable_group,48515,1,BN3-154-E,03_BN3-154-E_comp.jams,704467,3,3,2,3,regression_favored,-0.2920556664466858,-0.03951570391654968,0.20847039473684212,True,1
regression_loops_posthoc__group_audit__cost_1.15__no_favorable_group,48534,1,BN3-154-E,03_BN3-154-E_comp.jams,792959,3,4,2,2,mixed,-0.17107437551021576,0.29625290632247925,0.21256291946308725,False,0
regression_loops_posthoc__group_audit__cost_1.15__no_favorable_group,48544,1,BN3-154-E,03_BN3-154-E_comp.jams,842250,3,4,3,3,correction_favored,0.0003255009651184082,0.4476190209388733,0.4279003267973856,False,0
regression_loops_posthoc__group_audit__cost_1.15__no_favorable_group,48551,1,BN3-154-E,03_BN3-154-E_comp.jams,868440,3,3,2,2,mixed,-0.2624284625053406,0.24285712838172913,0.4159458705357143,False,0
regression_loops_posthoc__group_audit__cost_1.15__no_favorable_group,48556,1,BN3-154-E,03_BN3-154-E_comp.jams,901491,4,4,3,3,mixed,-0.38306230306625366,0.12243807315826416,0.3039772727272727,False,0
regression_loops_posthoc__group_audit__cost_1.15__no_favorable_group,48567,1,BN3-154-E,03_BN3-154-E_comp.jams,945682,4,4,2,2,mixed,-0.20598646998405457,0.3178294599056244,0.17134661835748793,False,0
regression_loops_posthoc__group_audit__cost_1.15__no_favorable_group,49736,1,Funk2-119-G,03_Funk2-119-G_comp.jams,56685,3,4,2,2,correction_favored,0.17474490404129028,0.2100054919719696,0.07421875,False,0
regression_loops_posthoc__group_audit__cost_1.15__no_favorable_group,49740,1,Funk2-119-G,03_Funk2-119-G_comp.jams,100394,3,4,3,3,mixed,-0.13700705766677856,0.26923078298568726,0.5491929945054945,False,0
regression_loops_posthoc__group_audit__cost_1.15__no_favorable_group,49743,1,Funk2-119-G,03_Funk2-119-G_comp.jams,110976,3,3,2,2,mixed,-0.10760869085788727,0.20241212844848633,0.4667207792207792,False,0
regression_loops_posthoc__group_audit__cost_1.15__no_favorable_group,49754,1,Funk2-119-G,03_Funk2-119-G_comp.jams,178089,3,2,3,3,mixed,-0.21878108382225037,0.2551724314689636,0.3342548076923077,False,0
regression_loops_posthoc__group_audit__cost_1.15__no_favorable_group,49771,1,Funk2-119-G,03_Funk2-119-G_comp.jams,245151,3,2,3,3,mixed,-0.6326530575752258,0.1666666567325592,0.3078125,False,0
regression_loops_posthoc__group_audit__cost_1.15__no_favorable_group,49774,1,Funk2-119-G,03_Funk2-119-G_comp.jams,266843,4,4,3,3,mixed,-0.06953254342079163,0.6785714030265808,0.5296285377358491,False,0
regression_loops_posthoc__group_audit__cost_1.15__no_favorable_group,49816,1,Funk2-119-G,03_Funk2-119-G_comp.jams,445021,4,4,3,3,mixed,-0.08818680047988892,0.4285714030265808,0.4679144385026738,False,0
regression_loops_posthoc__group_audit__cost_1.15__no_favorable_group,49849,1,Funk2-119-G,03_Funk2-119-G_comp.jams,580350,2,3,2,2,mixed,-0.2519395053386688,0.04010024666786194,0.5454661885245902,False,0
regression_loops_posthoc__group_audit__cost_1.15__no_favorable_group,49900,1,Funk2-119-G,03_Funk2-119-G_comp.jams,909339,1,2,3,3,mixed,-0.03974360227584839,0.018234163522720337,0.18229166666666666,False,0
regression_loops_posthoc__group_audit__cost_1.15__no_favorable_group,49909,1,Funk2-119-G,03_Funk2-119-G_comp.jams,953081,3,2,3,2,regression_favored,-0.3863636255264282,-0.01568886637687683,0.30709134615384615,True,-1
regression_loops_posthoc__group_audit__cost_1.15__no_favorable_group,49930,1,Funk2-119-G,03_Funk2-119-G_comp.jams,1111001,2,3,2,2,mixed,-0.17625418305397034,0.11529916524887085,0.416015625,False,0
regression_loops_posthoc__group_audit__cost_1.15__no_favorable_group,49979,1,Funk2-119-G,03_Funk2-119-G_comp.jams,1262977,2,3,2,2,mixed,-0.07828283309936523,0.1874125897884369,0.45681594488188976,False,0
regression_loops_posthoc__group_audit__cost_1.15__no_favorable_group,50025,1,Funk2-119-G,03_Funk2-119-G_comp.jams,1393989,2,3,2,3,regression_favored,-0.3171239495277405,-0.029930323362350464,0.24067540322580644,True,-1
regression_loops_posthoc__group_audit__cost_1.15__no_favorable_group,50229,1,Funk3-112-C#,03_Funk3-112-C#_comp.jams,271912,1,3,2,2,mixed,-0.2117357850074768,0.12177987396717072,0.4593978102189781,False,0
regression_loops_posthoc__group_audit__cost_1.15__no_favorable_group,50235,1,Funk3-112-C#,03_Funk3-112-C#_comp.jams,283869,3,4,3,3,mixed,-0.1033971905708313,0.08623549342155457,0.7469308035714286,False,0
regression_loops_posthoc__group_audit__cost_1.15__no_favorable_group,50249,1,Funk3-112-C#,03_Funk3-112-C#_comp.jams,318459,2,4,2,2,correction_favored,0.07857140898704529,0.24549764394760132,0.1640625,False,0
regression_loops_posthoc__group_audit__cost_1.15__no_favorable_group,50261,1,Funk3-112-C#,03_Funk3-112-C#_comp.jams,341990,1,3,2,3,regression_favored,-0.1792420595884323,-0.037428632378578186,0.6959134615384616,True,0
regression_loops_posthoc__group_audit__cost_1.15__no_favorable_group,50294,1,Funk3-112-C#,03_Funk3-112-C#_comp.jams,455800,2,3,2,3,regression_favored,-0.1122806966304779,-0.07069852948188782,0.240625,True,-1
regression_loops_posthoc__group_audit__cost_1.15__no_favorable_group,50307,1,Funk3-112-C#,03_Funk3-112-C#_comp.jams,508216,0,3,2,2,mixed,-0.1497005969285965,0.14818182587623596,0.5212696335078534,False,0
regression_loops_posthoc__group_audit__cost_1.15__no_favorable_group,50349,1,Funk3-112-C#,03_Funk3-112-C#_comp.jams,710144,2,4,2,2,mixed,-0.0490168035030365,0.4694167971611023,0.3912133891213389,False,0
regression_loops_posthoc__group_audit__cost_1.15__no_favorable_group,50365,1,Funk3-112-C#,03_Funk3-112-C#_comp.jams,768605,2,2,3,2,regression_favored,-0.23701441287994385,-0.06596249341964722,0.33515625,True,1
regression_loops_posthoc__group_audit__cost_1.15__no_favorable_group,50395,1,Funk3-112-C#,03_Funk3-112-C#_comp.jams,898712,2,4,2,2,mixed,-0.08376249670982361,0.44864338636398315,0.3213778409090909,False,0
regression_loops_posthoc__group_audit__cost_1.15__no_favorable_group,50444,1,Funk3-112-C#,03_Funk3-112-C#_comp.jams,1083275,2,3,2,2,mixed,-0.008077383041381836,0.18216785788536072,0.38885309278350516,False,0
regression_loops_posthoc__group_audit__cost_1.15__no_favorable_group,50492,1,Funk3-112-C#,03_Funk3-112-C#_comp.jams,1288846,2,2,3,2,regression_favored,-0.38063907623291016,-0.09214091300964355,0.20572916666666666,True,1
regression_loops_posthoc__group_audit__cost_1.15__no_favorable_group,60035,1,SS3-98-C,03_SS3-98-C_comp.jams,77497,0,3,2,2,correction_favored,0.016678929328918457,0.22937853634357452,0.5619212962962963,False,0
regression_loops_posthoc__group_audit__cost_1.15__no_favorable_group,60066,1,SS3-98-C,03_SS3-98-C_comp.jams,143628,3,3,2,2,mixed,-0.07316279411315918,0.059081315994262695,0.5212628865979382,False,0
regression_loops_posthoc__group_audit__cost_1.15__no_favorable_group,60086,1,SS3-98-C,03_SS3-98-C_comp.jams,183783,3,4,2,2,mixed,-0.14061394333839417,0.2927400469779968,0.38311011904761905,False,0
regression_loops_posthoc__group_audit__cost_1.15__no_favorable_group,60118,1,SS3-98-C,03_SS3-98-C_comp.jams,269915,1,3,2,2,mixed,-0.00047129392623901367,0.17542384564876556,0.4475556930693069,False,0
regression_loops_posthoc__group_audit__cost_1.15__no_favorable_group,60128,1,SS3-98-C,03_SS3-98-C_comp.jams,291541,3,4,2,2,mixed,-0.21574269235134125,0.287815123796463,0.20837220149253732,False,0
regression_loops_posthoc__group_audit__cost_1.15__no_favorable_group,60148,1,SS3-98-C,03_SS3-98-C_comp.jams,336945,3,2,3,2,regression_favored,-0.3830134868621826,-0.06465515494346619,0.27471823770491804,True,-1
regression_loops_posthoc__group_audit__cost_1.15__no_favorable_group,60185,1,SS3-98-C,03_SS3-98-C_comp.jams,413708,2,2,3,3,mixed,-0.061607152223587036,0.1689128577709198,0.1484375,False,0
regression_loops_posthoc__group_audit__cost_1.15__no_favorable_group,60242,1,SS3-98-C,03_SS3-98-C_comp.jams,552609,2,3,2,2,mixed,-0.11662715673446655,0.1401769518852234,0.4764404296875,False,0
regression_loops_posthoc__group_audit__cost_1.15__no_favorable_group,60253,1,SS3-98-C,03_SS3-98-C_comp.jams,573823,3,2,3,3,mixed,-0.10762330889701843,0.16849815845489502,0.1328125,False,0
regression_loops_posthoc__group_audit__cost_1.15__no_favorable_group,60254,1,SS3-98-C,03_SS3-98-C_comp.jams,575802,0,2,3,3,mixed,-0.14147982001304626,0.10881543159484863,0.140625,False,0
regression_loops_posthoc__group_audit__cost_1.15__no_favorable_group,60324,1,SS3-98-C,03_SS3-98-C_comp.jams,727753,2,3,2,2,mixed,-0.0788334310054779,0.2801966071128845,0.4293785310734463,False,0
regression_loops_posthoc__group_audit__cost_1.15__no_favorable_group,60343,1,SS3-98-C,03_SS3-98-C_comp.jams,769446,3,3,2,3,regression_favored,-0.2595710754394531,-0.07458823919296265,0.24048913043478262,True,1
regression_loops_posthoc__group_audit__cost_1.15__no_favorable_group,60352,1,SS3-98-C,03_SS3-98-C_comp.jams,789562,3,3,2,2,mixed,-0.08242367208003998,0.2254117727279663,0.2530757874015748,False,0
regression_loops_posthoc__group_audit__cost_1.15__no_favorable_group,60370,1,SS3-98-C,03_SS3-98-C_comp.jams,829641,3,4,2,2,mixed,-0.21133975684642792,0.4315245449542999,0.19578931924882628,False,0
regression_loops_posthoc__group_audit__cost_1.15__no_favorable_group,60377,1,SS3-98-C,03_SS3-98-C_comp.jams,843408,1,2,3,3,mixed,-0.1194295883178711,0.26904207468032837,0.16927083333333334,False,0
regression_loops_posthoc__group_audit__cost_1.15__no_favorable_group,60402,1,SS3-98-C,03_SS3-98-C_comp.jams,897095,2,3,2,2,mixed,-0.09142658114433289,0.11839480698108673,0.5744047619047619,False,0
regression_loops_posthoc__group_audit__cost_1.15__no_favorable_group,60411,1,SS3-98-C,03_SS3-98-C_comp.jams,917013,1,3,2,2,mixed,-0.039788663387298584,0.12009802460670471,0.4444986979166667,False,0
regression_loops_posthoc__group_audit__cost_1.15__no_favorable_group,60428,1,SS3-98-C,03_SS3-98-C_comp.jams,953499,2,3,2,2,mixed,-0.13273753225803375,0.041999369859695435,0.5242883663366337,False,0
regression_loops_posthoc__group_audit__cost_1.15__no_favorable_group,60435,1,SS3-98-C,03_SS3-98-C_comp.jams,967217,0,3,2,2,mixed,-0.11229294538497925,0.07047146558761597,0.5479254201680672,False,0
regression_loops_posthoc__group_audit__cost_1.15__no_favorable_group,60442,1,SS3-98-C,03_SS3-98-C_comp.jams,984365,2,3,2,2,mixed,-0.08221118152141571,0.11813187599182129,0.4916834677419355,False,0
regression_loops_posthoc__group_audit__cost_1.15__no_favorable_group,60443,1,SS3-98-C,03_SS3-98-C_comp.jams,986573,3,4,2,2,mixed,-0.179406076669693,0.38449612259864807,0.14888649425287356,False,0
regression_loops_posthoc__group_audit__cost_1.15__no_favorable_group,60473,1,SS3-98-C,03_SS3-98-C_comp.jams,1060828,2,3,2,2,mixed,-0.03972497582435608,0.21932773292064667,0.277551775147929,False,0
regression_loops_posthoc__group_audit__cost_1.15__no_favorable_group,60514,1,SS3-98-C,03_SS3-98-C_comp.jams,1168999,2,3,4,4,mixed,-0.140382319688797,0.103515625,0.18359375,False,0
regression_loops_posthoc__group_audit__cost_1.15__no_favorable_group,60551,1,SS3-98-C,03_SS3-98-C_comp.jams,1257706,3,2,3,3,mixed,-0.17011277377605438,0.23333334922790527,0.14309210526315788,False,0
regression_loops_posthoc__group_audit__cost_1.15__no_favorable_group,60584,1,SS3-98-C,03_SS3-98-C_comp.jams,1349453,2,4,2,2,correction_favored,0.10256411135196686,0.47930285334587097,0.20819444444444443,False,0
regression_loops_posthoc__group_audit__cost_1.15__no_favorable_group,60609,1,SS3-98-C,03_SS3-98-C_comp.jams,1417092,2,3,2,2,correction_favored,0.023445844650268555,0.1470116376876831,0.5515046296296297,False,0
regression_loops_posthoc__group_audit__cost_1.15__no_favorable_group,60615,1,SS3-98-C,03_SS3-98-C_comp.jams,1428469,0,3,2,2,mixed,-0.08080807328224182,0.2023928314447403,0.627428756476684,False,0
regression_loops_posthoc__group_audit__cost_1.15__no_favorable_group,60641,1,SS3-98-C,03_SS3-98-C_comp.jams,1479853,2,3,2,2,mixed,-0.07054710388183594,0.1663603037595749,0.42728838582677164,False,0
regression_loops_posthoc__group_audit__cost_1.15__no_favorable_group,60701,1,SS3-98-C,03_SS3-98-C_comp.jams,1632922,3,2,3,3,mixed,-0.14147983491420746,0.17252089083194733,0.16370192307692308,False,0
regression_loops_posthoc__group_audit__cost_1.15__no_favorable_group,60712,1,SS3-98-C,03_SS3-98-C_comp.jams,1654448,3,4,2,2,mixed,-0.18990111351013184,0.2998236417770386,0.21166237113402062,False,0
regression_loops_posthoc__group_audit__cost_1.15__no_favorable_group,60722,1,SS3-98-C,03_SS3-98-C_comp.jams,1673780,1,3,2,2,mixed,-0.029793739318847656,0.21348313987255096,0.4297935520361991,False,0
regression_loops_posthoc__group_audit__cost_1.15__no_favorable_group,60729,1,SS3-98-C,03_SS3-98-C_comp.jams,1688044,1,3,2,2,mixed,-0.13540063798427582,0.18191488087177277,0.4094387755102041,False,0
regression_loops_posthoc__group_audit__cost_1.15__no_favorable_group,60734,1,SS3-98-C,03_SS3-98-C_comp.jams,1697675,2,3,2,2,mixed,-0.17469708621501923,0.1066666692495346,0.512396694214876,False,0
regression_loops_posthoc__group_audit__cost_1.15__no_favorable_group,60741,1,SS3-98-C,03_SS3-98-C_comp.jams,1712973,2,3,2,2,mixed,-0.12012012302875519,0.08290818333625793,0.3793478260869565,False,0
regression_loops_posthoc__group_audit__cost_1.15__no_favorable_group,61680,1,BN3-154-E,04_BN3-154-E_comp.jams,8,0,3,2,2,correction_favored,0.023996010422706604,0.2659379839897156,0.19196428571428573,False,0
regression_loops_posthoc__group_audit__cost_1.15__no_favorable_group,61681,1,BN3-154-E,04_BN3-154-E_comp.jams,1800,0,2,3,2,regression_favored,-0.20540155470371246,-0.1225806474685669,0.1484375,True,0
regression_loops_posthoc__group_audit__cost_1.15__no_favorable_group,61700,1,BN3-154-E,04_BN3-154-E_comp.jams,59914,4,4,3,3,mixed,-0.030653804540634155,0.09244295954704285,0.31893382352941174,False,0
regression_loops_posthoc__group_audit__cost_1.15__no_favorable_group,61709,1,BN3-154-E,04_BN3-154-E_comp.jams,78252,3,3,2,2,mixed,-0.020232468843460083,0.6000000238418579,0.5447789634146342,False,0
regression_loops_posthoc__group_audit__cost_1.15__no_favorable_group,61717,1,BN3-154-E,04_BN3-154-E_comp.jams,121031,2,4,3,3,mixed,-0.22041994333267212,0.11424288153648376,0.2505787037037037,False,0
regression_loops_posthoc__group_audit__cost_1.15__no_favorable_group,61721,1,BN3-154-E,04_BN3-154-E_comp.jams,136876,3,3,2,2,correction_favored,0.0855478048324585,0.27657550573349,0.2734375,False,0
regression_loops_posthoc__group_audit__cost_1.15__no_favorable_group,61748,1,BN3-154-E,04_BN3-154-E_comp.jams,215701,3,3,2,2,mixed,-0.22665026783943176,0.2350427508354187,0.46282327586206895,False,0
regression_loops_posthoc__group_audit__cost_1.15__no_favorable_group,61765,1,BN3-154-E,04_BN3-154-E_comp.jams,292950,1,4,2,2,mixed,-0.06569115817546844,0.29206350445747375,0.25179425837320574,False,0
regression_loops_posthoc__group_audit__cost_1.15__no_favorable_group,61820,1,BN3-154-E,04_BN3-154-E_comp.jams,496355,0,3,2,2,mixed,-0.04855071008205414,0.3352002799510956,0.24116071428571428,False,0
regression_loops_posthoc__group_audit__cost_1.15__no_favorable_group,61846,1,BN3-154-E,04_BN3-154-E_comp.jams,593951,0,2,3,3,mixed,-0.16309754550457,0.1601809859275818,0.121875,False,0
regression_loops_posthoc__group_audit__cost_1.15__no_favorable_group,61893,1,BN3-154-E,04_BN3-154-E_comp.jams,765308,1,4,3,3,mixed,-0.305757075548172,0.2053682804107666,0.3819444444444444,False,0
regression_loops_posthoc__group_audit__cost_1.15__no_favorable_group,61900,1,BN3-154-E,04_BN3-154-E_comp.jams,791320,0,3,2,2,mixed,-0.14549019932746887,0.1773483008146286,0.34795258620689656,False,0
regression_loops_posthoc__group_audit__cost_1.15__no_favorable_group,61914,1,BN3-154-E,04_BN3-154-E_comp.jams,869515,0,3,2,3,regression_favored,-0.3207508325576782,-0.11054128408432007,0.2936046511627907,True,0
regression_loops_posthoc__group_audit__cost_1.15__no_favorable_group,61919,1,BN3-154-E,04_BN3-154-E_comp.jams,902168,1,3,2,2,mixed,-0.18583914637565613,0.026720643043518066,0.46720157657657657,False,0
regression_loops_posthoc__group_audit__cost_1.15__no_favorable_group,61951,1,BN3-154-E,04_BN3-154-E_comp.jams,1038596,1,4,3,3,mixed,-0.017373859882354736,0.11885470151901245,0.52734375,False,0
regression_loops_posthoc__group_audit__cost_1.15__no_favorable_group,63173,1,Funk2-119-G,04_Funk2-119-G_comp.jams,56929,1,2,3,2,regression_favored,-0.2553064227104187,-0.06989246606826782,0.01953125,True,0
regression_loops_posthoc__group_audit__cost_1.15__no_favorable_group,63184,1,Funk2-119-G,04_Funk2-119-G_comp.jams,106644,2,3,2,2,mixed,-0.25592097640037537,0.09647059440612793,0.5572916666666666,False,0
regression_loops_posthoc__group_audit__cost_1.15__no_favorable_group,63197,1,Funk2-119-G,04_Funk2-119-G_comp.jams,156042,3,4,3,3,mixed,-0.05116280913352966,0.6043956279754639,0.49494263285024154,False,0
regression_loops_posthoc__group_audit__cost_1.15__no_favorable_group,63211,1,Funk2-119-G,04_Funk2-119-G_comp.jams,195953,3,4,3,3,mixed,-0.07692307233810425,0.6930946707725525,0.44557669082125606,False,0
regression_loops_posthoc__group_audit__cost_1.15__no_favorable_group,63213,1,Funk2-119-G,04_Funk2-119-G_comp.jams,211604,4,4,3,3,mixed,-0.14873471856117249,0.05835920572280884,0.5130413385826772,False,0
regression_loops_posthoc__group_audit__cost_1.15__no_favorable_group,63242,1,Funk2-119-G,04_Funk2-119-G_comp.jams,341491,2,3,2,2,mixed,-0.15521080791950226,0.17267552018165588,0.6208923969072165,False,0
regression_loops_posthoc__group_audit__cost_1.15__no_favorable_group,63266,1,Funk2-119-G,04_Funk2-119-G_comp.jams,429335,2,2,3,3,mixed,-0.00027933716773986816,0.3219626843929291,0.16145833333333334,False,0
regression_loops_posthoc__group_audit__cost_1.15__no_favorable_group,63278,1,Funk2-119-G,04_Funk2-119-G_comp.jams,462249,2,2,3,3,mixed,-0.08336097002029419,0.16899767518043518,0.35446428571428573,False,0
regression_loops_posthoc__group_audit__cost_1.15__no_favorable_group,63310,1,Funk2-119-G,04_Funk2-119-G_comp.jams,564084,3,4,2,2,mixed,-0.21898497641086578,0.23650793731212616,0.2506281407035176,False,0
regression_loops_posthoc__group_audit__cost_1.15__no_favorable_group,63327,1,Funk2-119-G,04_Funk2-119-G_comp.jams,618742,1,3,2,2,mixed,-0.19174230098724365,0.1331683099269867,0.49595771144278605,False,0
regression_loops_posthoc__group_audit__cost_1.15__no_favorable_group,63342,1,Funk2-119-G,04_Funk2-119-G_comp.jams,684892,3,2,3,3,mixed,-0.09550410509109497,0.060869574546813965,0.15364583333333334,False,0
regression_loops_posthoc__group_audit__cost_1.15__no_favorable_group,63393,1,Funk2-119-G,04_Funk2-119-G_comp.jams,900808,2,3,2,3,regression_favored,-0.22671352326869965,-0.013467997312545776,0.28854166666666664,True,-1
regression_loops_posthoc__group_audit__cost_1.15__no_favorable_group,63414,1,Funk2-119-G,04_Funk2-119-G_comp.jams,985949,3,2,3,3,mixed,-0.1592019498348236,0.10408434271812439,0.19970703125,False,0
regression_loops_posthoc__group_audit__cost_1.15__no_favorable_group,63421,1,Funk2-119-G,04_Funk2-119-G_comp.jams,1022538,4,4,3,3,mixed,-0.1416407823562622,0.17761194705963135,0.7389823717948718,False,0
regression_loops_posthoc__group_audit__cost_1.15__no_favorable_group,63435,1,Funk2-119-G,04_Funk2-119-G_comp.jams,1088463,2,3,2,2,mixed,-0.09447413682937622,0.11874833703041077,0.5630165289256198,False,0
regression_loops_posthoc__group_audit__cost_1.15__no_favorable_group,63438,1,Funk2-119-G,04_Funk2-119-G_comp.jams,1094685,0,3,2,2,mixed,-0.06506884098052979,0.18233619630336761,0.5793783422459893,False,0
regression_loops_posthoc__group_audit__cost_1.15__no_favorable_group,63461,1,Funk2-119-G,04_Funk2-119-G_comp.jams,1152744,2,3,2,2,mixed,-0.15414507687091827,0.02850167453289032,0.5273731203007519,False,0
regression_loops_posthoc__group_audit__cost_1.15__no_favorable_group,63469,1,Funk2-119-G,04_Funk2-119-G_comp.jams,1178032,3,4,2,2,correction_favored,0.042307689785957336,0.2256728708744049,0.06351902173913043,False,0
regression_loops_posthoc__group_audit__cost_1.15__no_favorable_group,63493,1,Funk2-119-G,04_Funk2-119-G_comp.jams,1244719,2,3,2,2,mixed,-0.3397778868675232,0.0013053417205810547,0.32864583333333336,False,0
regression_loops_posthoc__group_audit__cost_1.15__no_favorable_group,63498,1,Funk2-119-G,04_Funk2-119-G_comp.jams,1262265,3,3,2,3,regression_favored,-0.1958884745836258,-0.006383955478668213,0.336376404494382,True,1
regression_loops_posthoc__group_audit__cost_1.15__no_favorable_group,63516,1,Funk2-119-G,04_Funk2-119-G_comp.jams,1322576,4,4,3,4,regression_favored,-0.26710158586502075,-0.11603721976280212,0.6274271844660194,True,1
regression_loops_posthoc__group_audit__cost_1.15__no_favorable_group,63521,1,Funk2-119-G,04_Funk2-119-G_comp.jams,1334516,4,3,2,2,mixed,-0.08715513348579407,0.1075858473777771,0.40896739130434784,False,0
regression_loops_posthoc__group_audit__cost_1.15__no_favorable_group,63527,1,Funk2-119-G,04_Funk2-119-G_comp.jams,1353590,3,3,2,3,regression_favored,-0.1695891171693802,-0.015896350145339966,0.6495833333333333,True,1
regression_loops_posthoc__group_audit__cost_1.15__no_favorable_group,63532,1,Funk2-119-G,04_Funk2-119-G_comp.jams,1376004,1,3,2,2,correction_favored,0.08691728115081787,0.24610590934753418,0.5628324468085106,False,0
regression_loops_posthoc__group_audit__cost_1.15__no_favorable_group,63778,1,Funk3-112-C#,04_Funk3-112-C#_comp.jams,53864,3,4,3,3,correction_favored,0.055370211601257324,0.3694852888584137,0.5713098404255319,False,0
regression_loops_posthoc__group_audit__cost_1.15__no_favorable_group,63809,1,Funk3-112-C#,04_Funk3-112-C#_comp.jams,173879,2,3,2,3,regression_favored,-0.08969825506210327,-0.006881996989250183,0.6755275974025974,True,-1
regression_loops_posthoc__group_audit__cost_1.15__no_favorable_group,63811,1,Funk3-112-C#,04_Funk3-112-C#_comp.jams,179019,1,3,2,2,mixed,-0.11578947305679321,0.22937853634357452,0.5923219086021505,False,0
regression_loops_posthoc__group_audit__cost_1.15__no_favorable_group,63853,1,Funk3-112-C#,04_Funk3-112-C#_comp.jams,327974,2,3,2,2,mixed,-0.18496884405612946,0.21249999105930328,0.6200420673076923,False,0
regression_loops_posthoc__group_audit__cost_1.15__no_favorable_group,63877,1,Funk3-112-C#,04_Funk3-112-C#_comp.jams,413810,4,3,4,4,mixed,-0.10409992933273315,0.28183919191360474,0.39493110236220474,False,0
regression_loops_posthoc__group_audit__cost_1.15__no_favorable_group,63910,1,Funk3-112-C#,04_Funk3-112-C#_comp.jams,508259,4,2,3,2,regression_favored,-0.14892612397670746,-0.08452951908111572,0.109375,True,0
regression_loops_posthoc__group_audit__cost_1.15__no_favorable_group,63923,1,Funk3-112-C#,04_Funk3-112-C#_comp.jams,542324,3,3,2,2,mixed,-0.00041115283966064453,0.14317111670970917,0.5865709459459459,False,0
regression_loops_posthoc__group_audit__cost_1.15__no_favorable_group,63924,1,Funk3-112-C#,04_Funk3-112-C#_comp.jams,544146,2,2,3,3,mixed,-0.05989769101142883,0.16360226273536682,0.3497314453125,False,0
regression_loops_posthoc__group_audit__cost_1.15__no_favorable_group,63927,1,Funk3-112-C#,04_Funk3-112-C#_comp.jams,550210,2,4,3,3,correction_favored,0.05759337544441223,0.1901361048221588,0.4088541666666667,False,0
regression_loops_posthoc__group_audit__cost_1.15__no_favorable_group,63940,1,Funk3-112-C#,04_Funk3-112-C#_comp.jams,586396,3,3,2,2,mixed,-0.077251136302948,0.021406397223472595,0.541875,False,0
regression_loops_posthoc__group_audit__cost_1.15__no_favorable_group,63955,1,Funk3-112-C#,04_Funk3-112-C#_comp.jams,633653,2,3,2,2,mixed,-0.00038264691829681396,0.04913131892681122,0.4795673076923077,False,0
regression_loops_posthoc__group_audit__cost_1.15__no_favorable_group,63957,1,Funk3-112-C#,04_Funk3-112-C#_comp.jams,637665,2,2,3,3,mixed,-0.10096067190170288,0.06632256507873535,0.13898026315789475,False,0
regression_loops_posthoc__group_audit__cost_1.15__no_favorable_group,63961,1,Funk3-112-C#,04_Funk3-112-C#_comp.jams,645612,2,3,2,2,mixed,-0.08252197504043579,0.031383395195007324,0.6653125,False,0
regression_loops_posthoc__group_audit__cost_1.15__no_favorable_group,63963,1,Funk3-112-C#,04_Funk3-112-C#_comp.jams,651079,2,3,2,2,mixed,-0.07043477892875671,0.054265230894088745,0.5758522727272727,False,0
regression_loops_posthoc__group_audit__cost_1.15__no_favorable_group,63975,1,Funk3-112-C#,04_Funk3-112-C#_comp.jams,679995,1,3,2,2,correction_favored,0.05330151319503784,0.22304478287696838,0.3064236111111111,False,0
regression_loops_posthoc__group_audit__cost_1.15__no_favorable_group,64009,1,Funk3-112-C#,04_Funk3-112-C#_comp.jams,787576,3,3,2,2,correction_favored,0.005899637937545776,0.10542328655719757,0.3722278225806452,False,0
regression_loops_posthoc__group_audit__cost_1.15__no_favorable_group,64048,1,Funk3-112-C#,04_Funk3-112-C#_comp.jams,904695,2,4,3,3,mixed,-0.048701316118240356,0.365217387676239,0.49301470588235297,False,0
regression_loops_posthoc__group_audit__cost_1.15__no_favorable_group,64059,1,Funk3-112-C#,04_Funk3-112-C#_comp.jams,934344,2,3,2,3,regression_favored,-0.10876226425170898,-0.008501291275024414,0.5955882352941176,True,-1
regression_loops_posthoc__group_audit__cost_1.15__no_favorable_group,64165,1,Funk3-112-C#,04_Funk3-112-C#_comp.jams,1246616,1,3,2,2,mixed,-0.012387603521347046,0.26401984691619873,0.24932065217391305,False,0
regression_loops_posthoc__group_audit__cost_1.15__no_favorable_group,64180,1,Funk3-112-C#,04_Funk3-112-C#_comp.jams,1282499,2,4,3,3,correction_favored,0.08933115005493164,0.24818402528762817,0.6260416666666667,False,0
regression_loops_posthoc__group_audit__cost_1.15__no_favorable_group,64185,1,Funk3-112-C#,04_Funk3-112-C#_comp.jams,1298220,2,4,2,2,mixed,-0.1428571343421936,0.3698781728744507,0.2580378605769231,False,0
regression_loops_posthoc__group_audit__cost_1.15__no_favorable_group,64189,1,Funk3-112-C#,04_Funk3-112-C#_comp.jams,1306503,3,4,3,3,mixed,-0.04449421167373657,0.4272727072238922,0.4096765350877193,False,0
regression_loops_posthoc__group_audit__cost_1.15__no_favorable_group,73856,1,SS3-98-C,04_SS3-98-C_comp.jams,26125,1,3,2,2,mixed,-0.2610229253768921,0.17499999701976776,0.5691840277777778,False,0
regression_loops_posthoc__group_audit__cost_1.15__no_favorable_group,73920,1,SS3-98-C,04_SS3-98-C_comp.jams,216538,4,2,3,3,mixed,-0.29548943042755127,0.15384617447853088,0.2974826388888889,False,0
regression_loops_posthoc__group_audit__cost_1.15__no_favorable_group,73927,1,SS3-98-C,04_SS3-98-C_comp.jams,232802,1,3,2,2,mixed,-0.11051271855831146,0.1603078544139862,0.4808282208588957,False,0
regression_loops_posthoc__group_audit__cost_1.15__no_favorable_group,73935,1,SS3-98-C,04_SS3-98-C_comp.jams,252604,1,3,2,2,mixed,-0.09135076403617859,0.14035089313983917,0.32615649606299213,False,0
regression_loops_posthoc__group_audit__cost_1.15__no_favorable_group,73965,1,SS3-98-C,04_SS3-98-C_comp.jams,345571,1,3,2,2,mixed,-0.13221463561058044,0.5,0.5657351321585903,False,0
regression_loops_posthoc__group_audit__cost_1.15__no_favorable_group,74101,1,SS3-98-C,04_SS3-98-C_comp.jams,755725,2,2,3,2,regression_favored,-0.3384615182876587,-0.12730872631072998,0.24698464912280702,True,1
regression_loops_posthoc__group_audit__cost_1.15__no_favorable_group,74139,1,SS3-98-C,04_SS3-98-C_comp.jams,878168,1,2,3,2,regression_favored,-0.4018435776233673,-0.13989247381687164,0.346875,True,0
regression_loops_posthoc__group_audit__cost_1.15__no_favorable_group,74187,1,SS3-98-C,04_SS3-98-C_comp.jams,998606,1,3,2,2,mixed,-0.3049623370170593,0.19280874729156494,0.5652111872146118,False,0
regression_loops_posthoc__group_audit__cost_1.15__no_favorable_group,74238,1,SS3-98-C,04_SS3-98-C_comp.jams,1147033,1,3,2,3,regression_favored,-0.21496492624282837,-0.06302690505981445,0.5714285714285714,True,0
regression_loops_posthoc__group_audit__cost_1.15__no_favorable_group,74250,1,SS3-98-C,04_SS3-98-C_comp.jams,1188234,3,2,3,2,regression_favored,-0.3266468048095703,-0.019003748893737793,0.34111842105263157,True,-1
regression_loops_posthoc__group_audit__cost_1.15__no_favorable_group,74254,1,SS3-98-C,04_SS3-98-C_comp.jams,1209450,1,3,2,3,regression_favored,-0.31169915199279785,0.0,0.5600863821138211,True,0
regression_loops_posthoc__group_audit__cost_1.15__no_favorable_group,74337,1,SS3-98-C,04_SS3-98-C_comp.jams,1458577,3,4,2,2,mixed,-0.01532679796218872,0.4833333492279053,0.3810763888888889,False,0
regression_loops_posthoc__group_audit__cost_1.15__no_favorable_group,74387,1,SS3-98-C,04_SS3-98-C_comp.jams,1606684,1,3,2,2,mixed,-0.16356198489665985,0.22580644488334656,0.5959629828326181,False,0
regression_loops_posthoc__group_audit__cost_1.15__no_favorable_group,1729,2,Funk1-114-Ab,00_Funk1-114-Ab_comp.jams,48906,3,2,3,3,mixed,-0.2531452178955078,0.026102721691131592,0.34698275862068967,False,0
regression_loops_posthoc__group_audit__cost_1.15__no_favorable_group,1745,2,Funk1-114-Ab,00_Funk1-114-Ab_comp.jams,103420,5,4,3,3,mixed,-0.16019955277442932,0.08117184042930603,0.6222718253968254,False,0
regression_loops_posthoc__group_audit__cost_1.15__no_favorable_group,1760,2,Funk1-114-Ab,00_Funk1-114-Ab_comp.jams,152765,0,3,2,2,correction_favored,0.13092979788780212,0.3606302738189697,0.6549613402061856,False,0
regression_loops_posthoc__group_audit__cost_1.15__no_favorable_group,1847,2,Funk1-114-Ab,00_Funk1-114-Ab_comp.jams,383865,1,3,2,2,mixed,-0.052584439516067505,0.2397846132516861,0.21649305555555556,False,0
regression_loops_posthoc__group_audit__cost_1.15__no_favorable_group,1866,2,Funk1-114-Ab,00_Funk1-114-Ab_comp.jams,451648,4,2,3,3,mixed,-0.027739256620407104,0.376437783241272,0.4324557086614173,False,0
regression_loops_posthoc__group_audit__cost_1.15__no_favorable_group,1941,2,Funk1-114-Ab,00_Funk1-114-Ab_comp.jams,784616,4,3,2,2,mixed,-0.010141074657440186,0.2799227833747864,0.32980150214592274,False,0
regression_loops_posthoc__group_audit__cost_1.15__no_favorable_group,1944,2,Funk1-114-Ab,00_Funk1-114-Ab_comp.jams,794778,1,4,2,2,mixed,-0.021072804927825928,0.30519479513168335,0.32784722222222223,False,0
regression_loops_posthoc__group_audit__cost_1.15__no_favorable_group,1950,2,Funk1-114-Ab,00_Funk1-114-Ab_comp.jams,807471,4,3,2,3,regression_favored,-0.13853566348552704,-0.042729198932647705,0.7067657766990292,True,0
regression_loops_posthoc__group_audit__cost_1.15__no_favorable_group,1958,2,Funk1-114-Ab,00_Funk1-114-Ab_comp.jams,825105,1,3,2,2,mixed,-0.05576923489570618,0.16567164659500122,0.6453619909502263,False,0
regression_loops_posthoc__group_audit__cost_1.15__no_favorable_group,1981,2,Funk1-114-Ab,00_Funk1-114-Ab_comp.jams,882426,5,4,5,5,mixed,-0.44090908765792847,0.046875,0.128515625,False,0
regression_loops_posthoc__group_audit__cost_1.15__no_favorable_group,5494,2,Jazz1-200-B,00_Jazz1-200-B_comp.jams,13471,2,2,3,2,regression_favored,-0.04868549108505249,-0.032800137996673584,0.1875,True,1
regression_loops_posthoc__group_audit__cost_1.15__no_favorable_group,5504,2,Jazz1-200-B,00_Jazz1-200-B_comp.jams,61859,3,2,3,3,mixed,-0.3166830539703369,0.08163264393806458,0.2178622159090909,False,0
regression_loops_posthoc__group_audit__cost_1.15__no_favorable_group,5549,2,Jazz1-200-B,00_Jazz1-200-B_comp.jams,204484,3,2,3,3,mixed,-0.19863946735858917,0.2110726684331894,0.3439922480620155,False,0
regression_loops_posthoc__group_audit__cost_1.15__no_favorable_group,5566,2,Jazz1-200-B,00_Jazz1-200-B_comp.jams,290639,5,4,3,3,mixed,-0.2738358974456787,0.07233625650405884,0.7266260162601627,False,0
regression_loops_posthoc__group_audit__cost_1.15__no_favorable_group,5571,2,Jazz1-200-B,00_Jazz1-200-B_comp.jams,311549,5,4,3,3,mixed,-0.1932457685470581,0.7538461685180664,0.46293780193236717,False,0
regression_loops_posthoc__group_audit__cost_1.15__no_favorable_group,5610,2,Jazz1-200-B,00_Jazz1-200-B_comp.jams,475329,4,4,5,4,regression_favored,-0.21904762089252472,-0.16308242082595825,0.1171875,True,1
regression_loops_posthoc__group_audit__cost_1.15__no_favorable_group,5629,2,Jazz1-200-B,00_Jazz1-200-B_comp.jams,516788,2,4,2,2,mixed,-0.01279139518737793,0.4117647409439087,0.2086187214611872,False,0
regression_loops_posthoc__group_audit__cost_1.15__no_favorable_group,5645,2,Jazz1-200-B,00_Jazz1-200-B_comp.jams,576015,3,4,3,4,regression_favored,-0.390625,-0.20680850744247437,0.6664186507936508,True,-1
regression_loops_posthoc__group_audit__cost_1.15__no_favorable_group,5792,2,Jazz2-110-Bb,00_Jazz2-110-Bb_comp.jams,63526,4,4,3,4,regression_favored,-0.3446507155895233,-0.04422950744628906,0.564,True,1
regression_loops_posthoc__group_audit__cost_1.15__no_favorable_group,5908,2,Jazz2-110-Bb,00_Jazz2-110-Bb_comp.jams,446722,3,4,3,3,mixed,-0.31707316637039185,0.08278387784957886,0.5219951923076923,False,0
regression_loops_posthoc__group_audit__cost_1.15__no_favorable_group,5939,2,Jazz2-110-Bb,00_Jazz2-110-Bb_comp.jams,576264,2,2,3,3,mixed,-0.10974538326263428,0.03670886158943176,0.1015625,False,0
regression_loops_posthoc__group_audit__cost_1.15__no_favorable_group,6052,2,Jazz2-110-Bb,00_Jazz2-110-Bb_comp.jams,854749,4,4,5,4,regression_favored,-0.38787877559661865,-0.034722208976745605,0.0673828125,True,1
regression_loops_posthoc__group_audit__cost_1.15__no_favorable_group,6069,2,Jazz2-110-Bb,00_Jazz2-110-Bb_comp.jams,936146,2,2,3,3,mixed,-0.03326612710952759,0.2438049614429474,0.12723214285714285,False,0
regression_loops_posthoc__group_audit__cost_1.15__no_favorable_group,6120,2,Jazz2-110-Bb,00_Jazz2-110-Bb_comp.jams,1058815,4,4,3,3,mixed,-0.16738513112068176,0.13386407494544983,0.478515625,False,0
regression_loops_posthoc__group_audit__cost_1.15__no_favorable_group,6148,2,Jazz2-110-Bb,00_Jazz2-110-Bb_comp.jams,1120676,4,4,3,3,mixed,-0.1629689484834671,0.13786765933036804,0.4592013888888889,False,0
regression_loops_posthoc__group_audit__cost_1.15__no_favorable_group,6154,2,Jazz2-110-Bb,00_Jazz2-110-Bb_comp.jams,1142137,2,4,3,3,mixed,-0.208091601729393,0.039952993392944336,0.5668247767857143,False,0
regression_loops_posthoc__group_audit__cost_1.15__no_favorable_group,6185,2,Jazz2-110-Bb,00_Jazz2-110-Bb_comp.jams,1250457,2,3,2,2,mixed,-0.03874814510345459,0.16866198182106018,0.23129111842105263,False,0
regression_loops_posthoc__group_audit__cost_1.15__no_favorable_group,6190,2,Jazz2-110-Bb,00_Jazz2-110-Bb_comp.jams,1265244,2,4,3,3,mixed,-0.1807379424571991,0.11433172225952148,0.5259259259259259,False,0
regression_loops_posthoc__group_audit__cost_1.15__no_favorable_group,6195,2,Jazz2-110-Bb,00_Jazz2-110-Bb_comp.jams,1288018,4,4,3,3,mixed,-0.14385724067687988,0.12097561359405518,0.48943345323741005,False,0
regression_loops_posthoc__group_audit__cost_1.15__no_favorable_group,6235,2,Jazz2-110-Bb,00_Jazz2-110-Bb_comp.jams,1409923,2,4,3,4,regression_favored,-0.16840457916259766,-0.06569191813468933,0.7002840909090909,True,0
regression_loops_posthoc__group_audit__cost_1.15__no_favorable_group,6248,2,Jazz2-110-Bb,00_Jazz2-110-Bb_comp.jams,1435210,2,4,2,2,correction_favored,0.04160246253013611,0.3266666531562805,0.5017857142857143,False,0
regression_loops_posthoc__group_audit__cost_1.15__no_favorable_group,6291,2,Jazz2-110-Bb,00_Jazz2-110-Bb_comp.jams,1521904,0,3,2,2,mixed,-0.05774804949760437,0.20365168154239655,0.7262260765550239,False,0
regression_loops_posthoc__group_audit__cost_1.15__no_favorable_group,8062,2,Rock1-130-A,00_Rock1-130-A_comp.jams,68497,5,4,3,3,mixed,-0.13510286808013916,0.16633664071559906,0.5828518907563025,False,0
regression_loops_posthoc__group_audit__cost_1.15__no_favorable_group,8082,2,Rock1-130-A,00_Rock1-130-A_comp.jams,113340,2,2,3,2,regression_favored,-0.11303743720054626,-0.006837606430053711,0.0546875,True,1
regression_loops_posthoc__group_audit__cost_1.15__no_favorable_group,8095,2,Rock1-130-A,00_Rock1-130-A_comp.jams,143573,3,4,5,4,regression_favored,-0.27016130089759827,-0.15909090638160706,0.15625,True,0
regression_loops_posthoc__group_audit__cost_1.15__no_favorable_group,8128,2,Rock1-130-A,00_Rock1-130-A_comp.jams,238913,2,3,2,2,correction_favored,0.009611189365386963,0.2814771831035614,0.5831339712918661,False,0
regression_loops_posthoc__group_audit__cost_1.15__no_favorable_group,8151,2,Rock1-130-A,00_Rock1-130-A_comp.jams,298649,2,3,5,5,mixed,-0.1428571343421936,0.013574659824371338,0.0390625,False,0
regression_loops_posthoc__group_audit__cost_1.15__no_favorable_group,8190,2,Rock1-130-A,00_Rock1-130-A_comp.jams,410951,3,3,2,2,mixed,-0.04352617263793945,0.19587628543376923,0.47860054347826086,False,0
regression_loops_posthoc__group_audit__cost_1.15__no_favorable_group,8192,2,Rock1-130-A,00_Rock1-130-A_comp.jams,416352,3,4,3,4,regression_favored,-0.2347480058670044,-0.005813956260681152,0.6153169014084507,True,-1
regression_loops_posthoc__group_audit__cost_1.15__no_favorable_group,8208,2,Rock1-130-A,00_Rock1-130-A_comp.jams,446560,2,4,3,4,regression_favored,-0.17178761959075928,-0.17178761959075928,0.421875,True,0
regression_loops_posthoc__group_audit__cost_1.15__no_favorable_group,8221,2,Rock1-130-A,00_Rock1-130-A_comp.jams,477514,2,3,2,2,correction_favored,0.040254220366477966,0.3213338255882263,0.5221560846560847,False,0
regression_loops_posthoc__group_audit__cost_1.15__no_favorable_group,8251,2,Rock1-130-A,00_Rock1-130-A_comp.jams,554770,4,4,3,3,mixed,-0.053778499364852905,0.18544889986515045,0.4884672619047619,False,0
regression_loops_posthoc__group_audit__cost_1.15__no_favorable_group,8264,2,Rock1-130-A,00_Rock1-130-A_comp.jams,585811,4,4,3,4,regression_favored,-0.22826474905014038,-0.013914912939071655,0.4566627358490566,True,1
regression_loops_posthoc__group_audit__cost_1.15__no_favorable_group,8278,2,Rock1-130-A,00_Rock1-130-A_comp.jams,620697,5,4,5,5,mixed,-0.35885167121887207,0.017857134342193604,0.13701923076923078,False,0
regression_loops_posthoc__group_audit__cost_1.15__no_favorable_group,8288,2,Rock1-130-A,00_Rock1-130-A_comp.jams,645846,4,4,3,3,correction_favored,0.08406850695610046,0.29827314615249634,0.5610795454545454,False,0
regression_loops_posthoc__group_audit__cost_1.15__no_favorable_group,8300,2,Rock1-130-A,00_Rock1-130-A_comp.jams,671940,5,4,5,5,mixed,-0.08391609787940979,0.10294117033481598,0.115234375,False,0
regression_loops_posthoc__group_audit__cost_1.15__no_favorable_group,8307,2,Rock1-130-A,00_Rock1-130-A_comp.jams,687209,4,4,3,3,mixed,-0.12609818577766418,0.06521739065647125,0.46064814814814814,False,0
regression_loops_posthoc__group_audit__cost_1.15__no_favorable_group,8311,2,Rock1-130-A,00_Rock1-130-A_comp.jams,701699,5,4,5,5,mixed,-0.14575865864753723,0.12053573131561279,0.27455357142857145,False,0
regression_loops_posthoc__group_audit__cost_1.15__no_favorable_group,8316,2,Rock1-130-A,00_Rock1-130-A_comp.jams,712024,3,2,3,3,mixed,-0.09620785713195801,0.08403360843658447,0.08391203703703703,False,0
regression_loops_posthoc__group_audit__cost_1.15__no_favorable_group,8319,2,Rock1-130-A,00_Rock1-130-A_comp.jams,718481,4,4,3,4,regression_favored,-0.13765504956245422,-0.016678720712661743,0.5086805555555556,True,1
regression_loops_posthoc__group_audit__cost_1.15__no_favorable_group,8326,2,Rock1-130-A,00_Rock1-130-A_comp.jams,733863,3,4,2,2,correction_favored,0.03328840434551239,0.3571428656578064,0.3015292553191489,False,0
regression_loops_posthoc__group_audit__cost_1.15__no_favorable_group,8340,2,Rock1-130-A,00_Rock1-130-A_comp.jams,769439,2,3,2,2,correction_favored,0.022306367754936218,0.4117647409439087,0.5058772935779816,False,0
regression_loops_posthoc__group_audit__cost_1.15__no_favorable_group,8342,2,Rock1-130-A,00_Rock1-130-A_comp.jams,773135,3,4,5,5,mixed,-0.41234225034713745,0.0654761791229248,0.12825520833333334,False,0
regression_loops_posthoc__group_audit__cost_1.15__no_favorable_group,8380,2,Rock1-130-A,00_Rock1-130-A_comp.jams,864539,5,4,3,3,mixed,-0.20036581158638,0.05117645859718323,0.5199854651162791,False,0
regression_loops_posthoc__group_audit__cost_1.15__no_favorable_group,8386,2,Rock1-130-A,00_Rock1-130-A_comp.jams,880522,3,4,2,2,mixed,-0.03337262570858002,0.3235293924808502,0.49142156862745096,False,0
regression_loops_posthoc__group_audit__cost_1.15__no_favorable_group,8398,2,Rock1-130-A,00_Rock1-130-A_comp.jams,914779,3,4,3,3,mixed,-0.11361686885356903,0.06308221817016602,0.4806547619047619,False,0
regression_loops_posthoc__group_audit__cost_1.15__no_favorable_group,8576,2,Rock1-130-A,00_Rock1-130-A_solo.jams,509698,1,4,3,3,mixed,-0.10524365305900574,0.5263158082962036,0.3654119318181818,False,0
regression_loops_posthoc__group_audit__cost_1.15__no_favorable_group,10400,2,Rock2-85-F,00_Rock2-85-F_comp.jams,30652,5,4,3,3,mixed,-0.13445377349853516,0.12894946336746216,0.5818865740740741,False,0
regression_loops_posthoc__group_audit__cost_1.15__no_favorable_group,10438,2,Rock2-85-F,00_Rock2-85-F_comp.jams,114191,5,4,3,3,mixed,-0.1137736439704895,0.09957388043403625,0.5636160714285714,False,0
regression_loops_posthoc__group_audit__cost_1.15__no_favorable_group,10486,2,Rock2-85-F,00_Rock2-85-F_comp.jams,217265,6,4,5,5,mixed,-0.1944444477558136,0.1087719202041626,0.087890625,False,0
regression_loops_posthoc__group_audit__cost_1.15__no_favorable_group,10491,2,Rock2-85-F,00_Rock2-85-F_comp.jams,232782,2,3,2,2,mixed,-0.010957926511764526,0.26138147711753845,0.5027043269230769,False,0
regression_loops_posthoc__group_audit__cost_1.15__no_favorable_group,10493,2,Rock2-85-F,00_Rock2-85-F_comp.jams,240308,5,4,2,2,mixed,-0.0937499850988388,0.18333332240581512,0.044221698113207544,False,0
regression_loops_posthoc__group_audit__cost_1.15__no_favorable_group,10544,2,Rock2-85-F,00_Rock2-85-F_comp.jams,357552,3,4,2,2,mixed,-0.011605411767959595,0.4117647111415863,0.3258333333333333,False,0
regression_loops_posthoc__group_audit__cost_1.15__no_favorable_group,10546,2,Rock2-85-F,00_Rock2-85-F_comp.jams,365070,4,4,3,3,mixed,-0.08415219187736511,0.2158474624156952,0.5830965909090909,False,0
regression_loops_posthoc__group_audit__cost_1.15__no_favorable_group,10565,2,Rock2-85-F,00_Rock2-85-F_comp.jams,402491,4,3,2,2,mixed,-0.012182086706161499,0.3888888955116272,0.31171085858585856,False,0
regression_loops_posthoc__group_audit__cost_1.15__no_favorable_group,10651,2,Rock2-85-F,00_Rock2-85-F_comp.jams,581815,2,4,2,2,mixed,-0.007662832736968994,0.36513158679008484,0.18500664893617022,False,0
regression_loops_posthoc__group_audit__cost_1.15__no_favorable_group,10699,2,Rock2-85-F,00_Rock2-85-F_comp.jams,690821,1,3,2,2,correction_favored,0.05462399125099182,0.3789013624191284,0.46771816037735847,False,0
regression_loops_posthoc__group_audit__cost_1.15__no_favorable_group,10704,2,Rock2-85-F,00_Rock2-85-F_comp.jams,701404,3,3,2,2,correction_favored,0.10294117033481598,0.46000003814697266,0.5956619198312236,False,0
regression_loops_posthoc__group_audit__cost_1.15__no_favorable_group,10709,2,Rock2-85-F,00_Rock2-85-F_comp.jams,715868,2,2,3,3,mixed,-0.05269354581832886,0.2040623426437378,0.3133820564516129,False,0
regression_loops_posthoc__group_audit__cost_1.15__no_favorable_group,10716,2,Rock2-85-F,00_Rock2-85-F_comp.jams,737521,1,4,3,3,mixed,-0.11527034640312195,0.621052622795105,0.4908854166666667,False,0
regression_loops_posthoc__group_audit__cost_1.15__no_favorable_group,10754,2,Rock2-85-F,00_Rock2-85-F_comp.jams,815500,3,2,3,3,mixed,-0.0317460298538208,0.12576064467430115,0.13802083333333334,False,0
regression_loops_posthoc__group_audit__cost_1.15__no_favorable_group,10771,2,Rock2-85-F,00_Rock2-85-F_comp.jams,849254,4,3,2,3,regression_favored,-0.204039067029953,-0.08675861358642578,0.7686170212765957,True,0
regression_loops_posthoc__group_audit__cost_1.15__no_favorable_group,10787,2,Rock2-85-F,00_Rock2-85-F_comp.jams,893381,2,2,3,3,mixed,-0.004884004592895508,0.08144795894622803,0.1796875,False,0
regression_loops_posthoc__group_audit__cost_1.15__no_favorable_group,10795,2,Rock2-85-F,00_Rock2-85-F_comp.jams,909469,2,2,3,3,mixed,-0.07857143878936768,0.0674988329410553,0.13802083333333334,False,0
regression_loops_posthoc__group_audit__cost_1.15__no_favorable_group,10803,2,Rock2-85-F,00_Rock2-85-F_comp.jams,925592,5,4,5,4,regression_favored,-0.38787877559661865,-0.1640625,0.06473214285714286,True,-1
regression_loops_posthoc__group_audit__cost_1.15__no_favorable_group,10807,2,Rock2-85-F,00_Rock2-85-F_comp.jams,933278,3,4,5,5,mixed,-0.4523809552192688,0.2785714268684387,0.13421052631578947,False,0
regression_loops_posthoc__group_audit__cost_1.15__no_favorable_group,10819,2,Rock2-85-F,00_Rock2-85-F_comp.jams,956726,3,2,3,3,mixed,-0.07163742184638977,0.14577430486679077,0.15009469696969696,False,0
regression_loops_posthoc__group_audit__cost_1.15__no_favorable_group,10824,2,Rock2-85-F,00_Rock2-85-F_comp.jams,966829,3,4,2,2,mixed,-0.056565672159194946,0.35227274894714355,0.3396892655367232,False,0
regression_loops_posthoc__group_audit__cost_1.15__no_favorable_group,10828,2,Rock2-85-F,00_Rock2-85-F_comp.jams,974341,3,4,3,3,mixed,-0.15610860288143158,0.04629306495189667,0.5674019607843137,False,0
regression_loops_posthoc__group_audit__cost_1.15__no_favorable_group,10833,2,Rock2-85-F,00_Rock2-85-F_comp.jams,988873,2,4,3,3,mixed,-0.07090187072753906,0.16834676265716553,0.6831507731958762,False,0
regression_loops_posthoc__group_audit__cost_1.15__no_favorable_group,10845,2,Rock2-85-F,00_Rock2-85-F_comp.jams,1026454,4,4,3,4,regression_favored,-0.3314718008041382,-0.10350917279720306,0.47366898148148145,True,1
regression_loops_posthoc__group_audit__cost_1.15__no_favorable_group,10846,2,Rock2-85-F,00_Rock2-85-F_comp.jams,1028255,2,3,2,2,correction_favored,0.14097201824188232,0.14531171321868896,0.1796875,False,0
regression_loops_posthoc__group_audit__cost_1.15__no_favorable_group,10855,2,Rock2-85-F,00_Rock2-85-F_comp.jams,1050058,4,4,3,3,mixed,-0.089005246758461,0.14144736528396606,0.47484756097560976,False,0
regression_loops_posthoc__group_audit__cost_1.15__no_favorable_group,10862,2,Rock2-85-F,00_Rock2-85-F_comp.jams,1065221,5,4,5,4,regression_favored,-0.19411765038967133,-0.023148149251937866,0.251953125,True,-1
regression_loops_posthoc__group_audit__cost_1.15__no_favorable_group,10866,2,Rock2-85-F,00_Rock2-85-F_comp.jams,1074155,6,4,5,5,mixed,-0.41333335638046265,0.109375,0.09780092592592593,False,0
regression_loops_posthoc__group_audit__cost_1.15__no_favorable_group,10884,2,Rock2-85-F,00_Rock2-85-F_comp.jams,1112449,5,4,5,5,mixed,-0.16470588743686676,0.014423072338104248,0.2578125,False,0
regression_loops_posthoc__group_audit__cost_1.15__no_favorable_group,10901,2,Rock2-85-F,00_Rock2-85-F_comp.jams,1151660,5,4,5,5,mixed,-0.3938879668712616,0.03999999165534973,0.09307065217391304,False,0
regression_loops_posthoc__group_audit__cost_1.15__no_favorable_group,10919,2,Rock2-85-F,00_Rock2-85-F_comp.jams,1191390,5,4,3,4,regression_favored,-0.24220624566078186,-0.09633141756057739,0.4056712962962963,True,0
regression_loops_posthoc__group_audit__cost_1.15__no_favorable_group,10922,2,Rock2-85-F,00_Rock2-85-F_comp.jams,1198666,5,2,3,3,mixed,-0.0819811224937439,0.1649305522441864,0.09834558823529412,False,0
regression_loops_posthoc__group_audit__cost_1.15__no_favorable_group,10928,2,Rock2-85-F,00_Rock2-85-F_comp.jams,1214453,4,4,5,4,regression_favored,-0.2430555820465088,-0.028340071439743042,0.04296875,True,1
regression_loops_posthoc__group_audit__cost_1.15__no_favorable_group,10971,2,Rock2-85-F,00_Rock2-85-F_comp.jams,1330301,4,4,3,4,regression_favored,-0.15461236238479614,-0.055038124322891235,0.7296875,True,1
regression_loops_posthoc__group_audit__cost_1.15__no_favorable_group,11026,2,Rock2-85-F,00_Rock2-85-F_comp.jams,1463484,5,4,5,5,mixed,-0.4888889193534851,0.17142857611179352,0.10208333333333333,False,0
regression_loops_posthoc__group_audit__cost_1.15__no_favorable_group,11034,2,Rock2-85-F,00_Rock2-85-F_comp.jams,1486560,3,4,3,3,mixed,-0.24222035706043243,0.33583956956863403,0.5639378834355828,False,0
regression_loops_posthoc__group_audit__cost_1.15__no_favorable_group,11044,2,Rock2-85-F,00_Rock2-85-F_comp.jams,1510340,2,2,3,3,mixed,-0.0257856547832489,0.18208372592926025,0.16517857142857142,False,0
regression_loops_posthoc__group_audit__cost_1.15__no_favorable_group,11062,2,Rock2-85-F,00_Rock2-85-F_comp.jams,1549314,3,2,3,3,correction_favored,0.005166471004486084,0.13648544251918793,0.19270833333333334,False,0
regression_loops_posthoc__group_audit__cost_1.15__no_favorable_group,11076,2,Rock2-85-F,00_Rock2-85-F_comp.jams,1579251,5,4,5,4,regression_favored,-0.403225839138031,-0.024038463830947876,0.16538915094339623,True,-1
regression_loops_posthoc__group_audit__cost_1.15__no_favorable_group,11080,2,Rock2-85-F,00_Rock2-85-F_comp.jams,1587527,3,4,5,4,regression_favored,-0.3938879668712616,-0.00961536169052124,0.12708333333333333,True,0
regression_loops_posthoc__group_audit__cost_1.15__no_favorable_group,11122,2,Rock2-85-F,00_Rock2-85-F_comp.jams,1674312,4,2,3,3,mixed,-0.13924050331115723,0.0890817940235138,0.3798076923076923,False,0
regression_loops_posthoc__group_audit__cost_1.15__no_favorable_group,11130,2,Rock2-85-F,00_Rock2-85-F_comp.jams,1697208,2,3,2,2,mixed,-0.05906049907207489,0.19118942320346832,0.7004042288557214,False,0
regression_loops_posthoc__group_audit__cost_1.15__no_favorable_group,11136,2,Rock2-85-F,00_Rock2-85-F_comp.jams,1712130,5,4,5,5,mixed,-0.45555558800697327,0.027210891246795654,0.1751994680851064,False,0
regression_loops_posthoc__group_audit__cost_1.15__no_favorable_group,11146,2,Rock2-85-F,00_Rock2-85-F_comp.jams,1735848,2,2,3,3,mixed,-0.03835827112197876,0.144965261220932,0.29739583333333336,False,0
regression_loops_posthoc__group_audit__cost_1.15__no_favorable_group,11149,2,Rock2-85-F,00_Rock2-85-F_comp.jams,1742720,3,3,2,2,mixed,-0.051908403635025024,0.2774725556373596,0.46568627450980393,False,0
regression_loops_posthoc__group_audit__cost_1.15__no_favorable_group,11164,2,Rock2-85-F,00_Rock2-85-F_comp.jams,1774570,6,4,5,4,regression_favored,-0.18666666746139526,-0.0952380895614624,0.22395833333333334,True,0
regression_loops_posthoc__group_audit__cost_1.15__no_favorable_group,11172,2,Rock2-85-F,00_Rock2-85-F_comp.jams,1790667,5,3,2,2,correction_favored,0.04881167411804199,0.2480587214231491,0.488375,False,0
regression_loops_posthoc__group_audit__cost_1.15__no_favorable_group,11176,2,Rock2-85-F,00_Rock2-85-F_comp.jams,1798477,5,4,5,5,mixed,-0.313043475151062,0.178571417927742,0.12729779411764705,False,0
regression_loops_posthoc__group_audit__cost_1.15__no_favorable_group,11204,2,Rock2-85-F,00_Rock2-85-F_comp.jams,1858892,5,4,3,4,regression_favored,-0.191814586520195,-0.07640981674194336,0.5905257936507936,True,0
regression_loops_posthoc__group_audit__cost_1.15__no_favorable_group,11208,2,Rock2-85-F,00_Rock2-85-F_comp.jams,1867010,5,4,5,5,mixed,-0.2964426875114441,0.049107134342193604,0.2041903409090909,False,0
regression_loops_posthoc__group_audit__cost_1.15__no_favorable_group,11260,2,Rock2-85-F,00_Rock2-85-F_comp.jams,1975936,6,4,3,3,correction_favored,0.14319249987602234,0.252031147480011,0.3851102941176471,False,0
regression_loops_posthoc__group_audit__cost_1.15__no_favorable_group,11264,2,Rock2-85-F,00_Rock2-85-F_comp.jams,1983627,5,3,5,5,mixed,-0.13360324501991272,0.009803920984268188,0.109375,False,0
regression_loops_posthoc__group_audit__cost_1.15__no_favorable_group,18352,2,Funk1-114-Ab,01_Funk1-114-Ab_comp.jams,79644,3,4,3,3,mixed,-0.21924526989459991,0.04466843605041504,0.51796875,False,0
regression_loops_posthoc__group_audit__cost_1.15__no_favorable_group,18355,2,Funk1-114-Ab,01_Funk1-114-Ab_comp.jams,87774,3,3,2,2,correction_favored,0.03999999165534973,0.5384615659713745,0.5382982336956522,False,0
regression_loops_posthoc__group_audit__cost_1.15__no_favorable_group,18357,2,Funk1-114-Ab,01_Funk1-114-Ab_comp.jams,91488,1,3,2,2,correction_favored,0.03893442451953888,0.2032724916934967,0.7039546460176991,False,0
regression_loops_posthoc__group_audit__cost_1.15__no_favorable_group,18377,2,Funk1-114-Ab,01_Funk1-114-Ab_comp.jams,180949,3,3,2,2,correction_favored,0.07189542055130005,0.5384615659713745,0.5172464622641509,False,0
regression_loops_posthoc__group_audit__cost_1.15__no_favorable_group,18381,2,Funk1-114-Ab,01_Funk1-114-Ab_comp.jams,198153,3,3,2,2,mixed,-0.11126436293125153,0.1856343150138855,0.3544520547945205,False,0
regression_loops_posthoc__group_audit__cost_1.15__no_favorable_group,18404,2,Funk1-114-Ab,01_Funk1-114-Ab_comp.jams,301889,2,3,2,2,mixed,-0.1273568719625473,0.1606076955795288,0.09791666666666667,False,0
regression_loops_posthoc__group_audit__cost_1.15__no_favorable_group,18405,2,Funk1-114-Ab,01_Funk1-114-Ab_comp.jams,307490,3,3,2,2,mixed,-0.05752754211425781,0.19506368041038513,0.5288851351351351,False,0
regression_loops_posthoc__group_audit__cost_1.15__no_favorable_group,18409,2,Funk1-114-Ab,01_Funk1-114-Ab_comp.jams,324109,3,2,3,3,mixed,-0.180548295378685,0.051535993814468384,0.24483471074380164,False,0
regression_loops_posthoc__group_audit__cost_1.15__no_favorable_group,18413,2,Funk1-114-Ab,01_Funk1-114-Ab_comp.jams,346498,1,2,3,2,regression_favored,-0.30053192377090454,-0.024882882833480835,0.2806712962962963,True,0
regression_loops_posthoc__group_audit__cost_1.15__no_favorable_group,18415,2,Funk1-114-Ab,01_Funk1-114-Ab_comp.jams,352701,0,3,2,2,mixed,-0.17146164178848267,0.2142857164144516,0.13538171140939598,False,0
regression_loops_posthoc__group_audit__cost_1.15__no_favorable_group,18417,2,Funk1-114-Ab,01_Funk1-114-Ab_comp.jams,358750,2,3,2,2,mixed,-0.1671469807624817,0.16822688281536102,0.3490981543624161,False,0
regression_loops_posthoc__group_audit__cost_1.15__no_favorable_group,18418,2,Funk1-114-Ab,01_Funk1-114-Ab_comp.jams,365264,3,2,3,2,regression_favored,-0.12434077262878418,-0.12434077262878418,0.28125,True,-1
regression_loops_posthoc__group_audit__cost_1.15__no_favorable_group,18421,2,Funk1-114-Ab,01_Funk1-114-Ab_comp.jams,371791,2,3,2,2,mixed,-0.028409093618392944,0.4570136070251465,0.38901869158878505,False,0
regression_loops_posthoc__group_audit__cost_1.15__no_favorable_group,18432,2,Funk1-114-Ab,01_Funk1-114-Ab_comp.jams,401464,3,3,2,2,mixed,-0.046102821826934814,0.1964285671710968,0.5803674768518519,False,0
regression_loops_posthoc__group_audit__cost_1.15__no_favorable_group,18439,2,Funk1-114-Ab,01_Funk1-114-Ab_comp.jams,429487,1,3,2,2,mixed,-0.11230799555778503,0.1656200885772705,0.08090277777777778,False,0
regression_loops_posthoc__group_audit__cost_1.15__no_favorable_group,18485,2,Funk1-114-Ab,01_Funk1-114-Ab_comp.jams,610144,3,3,2,2,correction_favored,0.053238674998283386,0.3541681170463562,0.49967277486910994,False,0
regression_loops_posthoc__group_audit__cost_1.15__no_favorable_group,18590,2,Funk1-114-Ab,01_Funk1-114-Ab_comp.jams,1044881,2,2,3,3,mixed,-0.4166666865348816,0.08815959095954895,0.5454661885245902,False,0
regression_loops_posthoc__group_audit__cost_1.15__no_favorable_group,18591,2,Funk1-114-Ab,01_Funk1-114-Ab_comp.jams,1051417,2,3,2,2,correction_favored,0.05602040886878967,0.39537665247917175,0.41324626865671643,False,0
regression_loops_posthoc__group_audit__cost_1.15__no_favorable_group,18595,2,Funk1-114-Ab,01_Funk1-114-Ab_comp.jams,1068007,2,2,3,3,mixed,-0.2671394944190979,0.10408022999763489,0.26217830882352944,False,0
regression_loops_posthoc__group_audit__cost_1.15__no_favorable_group,18609,2,Funk1-114-Ab,01_Funk1-114-Ab_solo.jams,57189,2,4,2,2,correction_favored,0.005968540906906128,0.2323886752128601,0.10496794871794872,False,0
regression_loops_posthoc__group_audit__cost_1.15__no_favorable_group,18797,2,Funk1-114-Ab,01_Funk1-114-Ab_solo.jams,904475,1,3,2,2,correction_favored,0.07283949851989746,0.31188809871673584,0.10471491228070176,False,0
regression_loops_posthoc__group_audit__cost_1.15__no_favorable_group,18834,2,Funk1-114-Ab,01_Funk1-114-Ab_solo.jams,1044365,1,3,2,2,mixed,-0.15888269245624542,0.18182998895645142,0.3863237359550562,False,0
regression_loops_posthoc__group_audit__cost_1.15__no_favorable_group,22193,2,Jazz2-110-Bb,01_Jazz2-110-Bb_comp.jams,425336,3,4,3,3,mixed,-0.2500000298023224,0.09693193435668945,0.6686507936507936,False,0
regression_loops_posthoc__group_audit__cost_1.15__no_favorable_group,22249,2,Jazz2-110-Bb,01_Jazz2-110-Bb_comp.jams,649054,2,4,3,4,regression_favored,-0.24097561836242676,-0.1370786726474762,0.69921875,True,0
regression_loops_posthoc__group_audit__cost_1.15__no_favorable_group,22252,2,Jazz2-110-Bb,01_Jazz2-110-Bb_comp.jams,665940,3,4,3,3,mixed,-0.09282734990119934,0.07618042826652527,0.5,False,0
regression_loops_posthoc__group_audit__cost_1.15__no_favorable_group,22329,2,Jazz2-110-Bb,01_Jazz2-110-Bb_comp.jams,986129,1,4,2,2,mixed,-0.09427608549594879,0.4117647409439087,0.18965022935779816,False,0
regression_loops_posthoc__group_audit__cost_1.15__no_favorable_group,22376,2,Jazz2-110-Bb,01_Jazz2-110-Bb_comp.jams,1129713,4,4,5,4,regression_favored,-0.32027649879455566,-0.32027649879455566,0.03125,True,1
regression_loops_posthoc__group_audit__cost_1.15__no_favorable_group,22388,2,Jazz2-110-Bb,01_Jazz2-110-Bb_comp.jams,1194475,4,4,3,3,mixed,-0.3201868236064911,0.07771772146224976,0.6325974770642202,False,0
regression_loops_posthoc__group_audit__cost_1.15__no_favorable_group,22407,2,Jazz2-110-Bb,01_Jazz2-110-Bb_comp.jams,1290451,4,4,3,3,mixed,-0.2899729013442993,0.09724238514900208,0.4963942307692308,False,0
regression_loops_posthoc__group_audit__cost_1.15__no_favorable_group,22422,2,Jazz2-110-Bb,01_Jazz2-110-Bb_comp.jams,1322440,3,4,3,3,mixed,-0.09542307257652283,0.4143810272216797,0.7487980769230769,False,0
regression_loops_posthoc__group_audit__cost_1.15__no_favorable_group,22454,2,Jazz2-110-Bb,01_Jazz2-110-Bb_comp.jams,1484466,4,4,3,4,regression_favored,-0.25292107462882996,-0.012871265411376953,0.5611979166666666,True,1
regression_loops_posthoc__group_audit__cost_1.15__no_favorable_group,22555,2,Jazz2-110-Bb,01_Jazz2-110-Bb_solo.jams,830553,1,4,3,4,regression_favored,-0.331088662147522,-0.07686170935630798,0.5967987804878049,True,0
regression_loops_posthoc__group_audit__cost_1.15__no_favorable_group,23893,2,Rock1-130-A,01_Rock1-130-A_comp.jams,101024,2,4,3,4,regression_favored,-0.2075471580028534,-0.003831416368484497,0.5459558823529411,True,0
regression_loops_posthoc__group_audit__cost_1.15__no_favorable_group,23910,2,Rock1-130-A,01_Rock1-130-A_comp.jams,152423,2,4,3,3,mixed,-0.34176206588745117,0.014066487550735474,0.4049258474576271,False,0
regression_loops_posthoc__group_audit__cost_1.15__no_favorable_group,23924,2,Rock1-130-A,01_Rock1-130-A_comp.jams,182837,3,4,3,3,mixed,-0.19091245532035828,0.07092660665512085,0.45202020202020204,False,0
regression_loops_posthoc__group_audit__cost_1.15__no_favorable_group,23931,2,Rock1-130-A,01_Rock1-130-A_comp.jams,213916,2,4,2,2,correction_favored,0.1508951336145401,0.24931129813194275,0.06610576923076923,False,0
regression_loops_posthoc__group_audit__cost_1.15__no_favorable_group,23940,2,Rock1-130-A,01_Rock1-130-A_comp.jams,237698,0,3,2,2,mixed,-0.03175494074821472,0.3303983211517334,0.4096327319587629,False,0
regression_loops_posthoc__group_audit__cost_1.15__no_favorable_group,23953,2,Rock1-130-A,01_Rock1-130-A_comp.jams,267247,2,2,3,3,mixed,-0.2261904776096344,0.0779467523097992,0.3888888888888889,False,0
regression_loops_posthoc__group_audit__cost_1.15__no_favorable_group,23962,2,Rock1-130-A,01_Rock1-130-A_comp.jams,295073,3,4,3,3,mixed,-0.2050771415233612,0.28900253772735596,0.5482170245398773,False,0
regression_loops_posthoc__group_audit__cost_1.15__no_favorable_group,23975,2,Rock1-130-A,01_Rock1-130-A_comp.jams,326596,1,4,3,3,mixed,-0.19366666674613953,0.10156860947608948,0.5837844488188977,False,0
regression_loops_posthoc__group_audit__cost_1.15__no_favorable_group,23997,2,Rock1-130-A,01_Rock1-130-A_comp.jams,376517,3,4,5,4,regression_favored,-0.21904762089252472,-0.0873015969991684,0.09375,True,0
regression_loops_posthoc__group_audit__cost_1.15__no_favorable_group,24018,2,Rock1-130-A,01_Rock1-130-A_comp.jams,426814,2,4,3,3,mixed,-0.07444413006305695,0.17688722908496857,0.46899801587301587,False,0
regression_loops_posthoc__group_audit__cost_1.15__no_favorable_group,24028,2,Rock1-130-A,01_Rock1-130-A_comp.jams,447943,0,2,3,3,mixed,-0.21370068192481995,0.13383838534355164,0.26721938775510207,False,0
regression_loops_posthoc__group_audit__cost_1.15__no_favorable_group,24036,2,Rock1-130-A,01_Rock1-130-A_comp.jams,466814,2,4,3,3,mixed,-0.06808321177959442,0.15802724659442902,0.5015190972222222,False,0
regression_loops_posthoc__group_audit__cost_1.15__no_favorable_group,24077,2,Rock1-130-A,01_Rock1-130-A_comp.jams,591252,3,4,3,3,mixed,-0.14123579859733582,0.011375010013580322,0.5848917322834646,False,0
regression_loops_posthoc__group_audit__cost_1.15__no_favorable_group,24125,2,Rock1-130-A,01_Rock1-130-A_comp.jams,702212,4,4,6,4,regression_favored,-0.2777777910232544,-0.25,0.0703125,True,1
regression_loops_posthoc__group_audit__cost_1.15__no_favorable_group,24148,2,Rock1-130-A,01_Rock1-130-A_comp.jams,753287,3,4,5,5,mixed,-0.20588235557079315,0.020408153533935547,0.1171875,False,0
regression_loops_posthoc__group_audit__cost_1.15__no_favorable_group,24162,2,Rock1-130-A,01_Rock1-130-A_comp.jams,792526,1,4,3,3,mixed,-0.19252726435661316,0.1346990168094635,0.49625,False,0
regression_loops_posthoc__group_audit__cost_1.15__no_favorable_group,24195,2,Rock1-130-A,01_Rock1-130-A_comp.jams,865290,4,4,3,3,mixed,-0.12491801381111145,0.11555555462837219,0.5965485074626866,False,0
regression_loops_posthoc__group_audit__cost_1.15__no_favorable_group,24225,2,Rock1-130-A,01_Rock1-130-A_comp.jams,935166,2,3,2,2,correction_favored,0.014151722192764282,0.2624248266220093,0.2903481012658228,False,0
regression_loops_posthoc__group_audit__cost_1.15__no_favorable_group,24226,2,Rock1-130-A,01_Rock1-130-A_comp.jams,937112,2,2,3,2,regression_favored,-0.2755274474620819,-0.0023192763328552246,0.2981991525423729,True,1
regression_loops_posthoc__group_audit__cost_1.15__no_favorable_group,24235,2,Rock1-130-A,01_Rock1-130-A_comp.jams,955133,3,4,3,3,mixed,-0.09736095368862152,0.09400707483291626,0.3923611111111111,False,0
regression_loops_posthoc__group_audit__cost_1.15__no_favorable_group,26279,2,Rock2-85-F,01_Rock2-85-F_comp.jams,294292,3,4,3,4,regression_favored,-0.09179599583148956,-0.06207573413848877,0.6510416666666666,True,-1
regression_loops_posthoc__group_audit__cost_1.15__no_favorable_group,26471,2,Rock2-85-F,01_Rock2-85-F_comp.jams,715616,3,4,5,5,mixed,-0.030000001192092896,0.08403362333774567,0.1015625,False,0
regression_loops_posthoc__group_audit__cost_1.15__no_favorable_group,26479,2,Rock2-85-F,01_Rock2-85-F_comp.jams,749310,2,2,3,3,mixed,-0.10964828729629517,0.10314375162124634,0.2315340909090909,False,0
regression_loops_posthoc__group_audit__cost_1.15__no_favorable_group,26501,2,Rock2-85-F,01_Rock2-85-F_comp.jams,793931,4,2,3,3,mixed,-0.07152089476585388,0.23431016504764557,0.29625,False,0
regression_loops_posthoc__group_audit__cost_1.15__no_favorable_group,26524,2,Rock2-85-F,01_Rock2-85-F_comp.jams,839668,2,4,3,3,mixed,-0.2028093934059143,0.03695651888847351,0.5354166666666667,False,0
regression_loops_posthoc__group_audit__cost_1.15__no_favorable_group,26525,2,Rock2-85-F,01_Rock2-85-F_comp.jams,841678,2,2,3,3,mixed,-0.03548389673233032,0.10699465870857239,0.033854166666666664,False,0
regression_loops_posthoc__group_audit__cost_1.15__no_favorable_group,26540,2,Rock2-85-F,01_Rock2-85-F_comp.jams,872870,3,2,3,3,mixed,-0.018691599369049072,0.17326797544956207,0.3631628787878788,False,0
regression_loops_posthoc__group_audit__cost_1.15__no_favorable_group,26562,2,Rock2-85-F,01_Rock2-85-F_comp.jams,917481,1,3,2,2,correction_favored,0.039821773767471313,0.2701149582862854,0.4644097222222222,False,0
regression_loops_posthoc__group_audit__cost_1.15__no_favorable_group,26563,2,Rock2-85-F,01_Rock2-85-F_comp.jams,919543,4,2,3,3,mixed,-0.11151513457298279,0.1783415526151657,0.1483739837398374,False,0
regression_loops_posthoc__group_audit__cost_1.15__no_favorable_group,26612,2,Rock2-85-F,01_Rock2-85-F_comp.jams,1042041,2,4,2,2,correction_favored,0.09080187976360321,0.43359375,0.06282216494845361,False,0
regression_loops_posthoc__group_audit__cost_1.15__no_favorable_group,26613,2,Rock2-85-F,01_Rock2-85-F_comp.jams,1043864,3,4,3,3,mixed,-0.11832460761070251,0.038001418113708496,0.578125,False,0
regression_loops_posthoc__group_audit__cost_1.15__no_favorable_group,26703,2,Rock2-85-F,01_Rock2-85-F_comp.jams,1289697,3,3,2,2,mixed,-0.12818613648414612,0.054137468338012695,0.2741477272727273,False,0
regression_loops_posthoc__group_audit__cost_1.15__no_favorable_group,26764,2,Rock2-85-F,01_Rock2-85-F_comp.jams,1447502,3,4,3,3,mixed,-0.0969618707895279,0.1308668553829193,0.6268939393939394,False,0
regression_loops_posthoc__group_audit__cost_1.15__no_favorable_group,26880,2,Rock2-85-F,01_Rock2-85-F_comp.jams,1741995,2,4,2,2,correction_favored,0.0943894237279892,0.35227271914482117,0.11574074074074074,False,0
regression_loops_posthoc__group_audit__cost_1.15__no_favorable_group,26903,2,Rock2-85-F,01_Rock2-85-F_comp.jams,1788302,3,3,2,2,mixed,-0.028745204210281372,0.2586206793785095,0.3510584677419355,False,0
regression_loops_posthoc__group_audit__cost_1.15__no_favorable_group,33961,2,Funk1-114-Ab,02_Funk1-114-Ab_comp.jams,181247,2,2,3,2,regression_favored,-0.16066211462020874,-0.05815109610557556,0.3489583333333333,True,1
regression_loops_posthoc__group_audit__cost_1.15__no_favorable_group,34203,2,Funk1-114-Ab,02_Funk1-114-Ab_comp.jams,981918,2,4,3,3,mixed,-0.13700535893440247,0.2195121943950653,0.499870867768595,False,0
regression_loops_posthoc__group_audit__cost_1.15__no_favorable_group,37212,2,Jazz1-200-B,02_Jazz1-200-B_comp.jams,101428,3,3,2,2,correction_favored,0.05230012536048889,0.3291770815849304,0.4008233532934132,False,0
regression_loops_posthoc__group_audit__cost_1.15__no_favorable_group,37319,2,Jazz1-200-B,02_Jazz1-200-B_comp.jams,385082,4,2,3,2,regression_favored,-0.202621728181839,-0.035161733627319336,0.24776785714285715,True,0
regression_loops_posthoc__group_audit__cost_1.15__no_favorable_group,37329,2,Jazz1-200-B,02_Jazz1-200-B_comp.jams,410446,2,2,3,3,mixed,-0.11633989214897156,0.10147058963775635,0.11150568181818182,False,0
regression_loops_posthoc__group_audit__cost_1.15__no_favorable_group,37332,2,Jazz1-200-B,02_Jazz1-200-B_comp.jams,418739,1,3,2,2,mixed,-0.07264110445976257,0.2436998188495636,0.35139266304347827,False,0
regression_loops_posthoc__group_audit__cost_1.15__no_favorable_group,37426,2,Jazz1-200-B,02_Jazz1-200-B_comp.jams,629667,2,2,3,2,regression_favored,-0.3298701345920563,-0.1860877424478531,0.34509698275862066,True,1
regression_loops_posthoc__group_audit__cost_1.15__no_favorable_group,37589,2,Jazz2-110-Bb,02_Jazz2-110-Bb_comp.jams,231559,1,3,2,2,correction_favored,0.02563658356666565,0.32797107100486755,0.3183388157894737,False,0
regression_loops_posthoc__group_audit__cost_1.15__no_favorable_group,37600,2,Jazz2-110-Bb,02_Jazz2-110-Bb_comp.jams,263725,4,4,3,3,mixed,-0.1189267486333847,0.09693194925785065,0.678760593220339,False,0
regression_loops_posthoc__group_audit__cost_1.15__no_favorable_group,37639,2,Jazz2-110-Bb,02_Jazz2-110-Bb_comp.jams,384976,4,4,3,3,mixed,-0.19222071766853333,0.5029239654541016,0.5779033687943262,False,0
regression_loops_posthoc__group_audit__cost_1.15__no_favorable_group,37668,2,Jazz2-110-Bb,02_Jazz2-110-Bb_comp.jams,481683,3,4,3,3,mixed,-0.19769439101219177,0.3577464818954468,0.3796768707482993,False,0
regression_loops_posthoc__group_audit__cost_1.15__no_favorable_group,37697,2,Jazz2-110-Bb,02_Jazz2-110-Bb_comp.jams,545500,3,4,3,3,mixed,-0.1488058865070343,0.028564095497131348,0.5615234375,False,0
regression_loops_posthoc__group_audit__cost_1.15__no_favorable_group,37739,2,Jazz2-110-Bb,02_Jazz2-110-Bb_comp.jams,661909,2,2,3,2,regression_favored,-0.012658238410949707,-0.012658238410949707,0.140625,True,1
regression_loops_posthoc__group_audit__cost_1.15__no_favorable_group,37774,2,Jazz2-110-Bb,02_Jazz2-110-Bb_comp.jams,744610,0,3,2,2,mixed,-0.017361104488372803,0.26834455132484436,0.41824324324324325,False,0
regression_loops_posthoc__group_audit__cost_1.15__no_favorable_group,37778,2,Jazz2-110-Bb,02_Jazz2-110-Bb_comp.jams,770251,4,4,3,3,mixed,-0.2650713324546814,0.14133647084236145,0.6262400793650794,False,0
regression_loops_posthoc__group_audit__cost_1.15__no_favorable_group,37782,2,Jazz2-110-Bb,02_Jazz2-110-Bb_comp.jams,788576,3,4,3,4,regression_favored,-0.3361344635486603,-0.07382351160049438,0.5307203389830508,True,-1
regression_loops_posthoc__group_audit__cost_1.15__no_favorable_group,37793,2,Jazz2-110-Bb,02_Jazz2-110-Bb_comp.jams,820715,4,4,3,3,mixed,-0.061357200145721436,0.5032894611358643,0.35225866336633666,False,0
regression_loops_posthoc__group_audit__cost_1.15__no_favorable_group,37828,2,Jazz2-110-Bb,02_Jazz2-110-Bb_comp.jams,931364,2,4,3,3,mixed,-0.24763637781143188,0.014701485633850098,0.5115740740740741,False,0
regression_loops_posthoc__group_audit__cost_1.15__no_favorable_group,37839,2,Jazz2-110-Bb,02_Jazz2-110-Bb_comp.jams,962308,3,4,3,3,mixed,-0.0806846022605896,0.1904761791229248,0.4730392156862745,False,0
regression_loops_posthoc__group_audit__cost_1.15__no_favorable_group,37939,2,Jazz2-110-Bb,02_Jazz2-110-Bb_comp.jams,1218360,2,2,3,3,mixed,-0.17317208647727966,0.0771382749080658,0.15113146551724138,False,0
regression_loops_posthoc__group_audit__cost_1.15__no_favorable_group,37943,2,Jazz2-110-Bb,02_Jazz2-110-Bb_comp.jams,1226665,0,3,2,2,correction_favored,0.05206462740898132,0.31994926929473877,0.5524193548387096,False,0
regression_loops_posthoc__group_audit__cost_1.15__no_favorable_group,37965,2,Jazz2-110-Bb,02_Jazz2-110-Bb_comp.jams,1290267,2,4,3,3,mixed,-0.10584408044815063,0.20885765552520752,0.4170258620689655,False,0
regression_loops_posthoc__group_audit__cost_1.15__no_favorable_group,37981,2,Jazz2-110-Bb,02_Jazz2-110-Bb_comp.jams,1325160,4,4,3,4,regression_favored,-0.2921348214149475,-0.029185861349105835,0.39199862637362637,True,1
regression_loops_posthoc__group_audit__cost_1.15__no_favorable_group,38004,2,Jazz2-110-Bb,02_Jazz2-110-Bb_comp.jams,1408721,2,3,2,2,mixed,-0.08344069123268127,0.1116773784160614,0.1736111111111111,False,0
regression_loops_posthoc__group_audit__cost_1.15__no_favorable_group,38027,2,Jazz2-110-Bb,02_Jazz2-110-Bb_comp.jams,1465510,3,3,2,2,correction_favored,0.14583495259284973,0.35919731855392456,0.7202743902439024,False,0
regression_loops_posthoc__group_audit__cost_1.15__no_favorable_group,39819,2,Rock1-130-A,02_Rock1-130-A_comp.jams,8,2,2,3,3,mixed,-0.21317024528980255,0.06836506724357605,0.2780877976190476,False,0
regression_loops_posthoc__group_audit__cost_1.15__no_favorable_group,39833,2,Rock1-130-A,02_Rock1-130-A_comp.jams,32738,2,2,3,3,mixed,-0.16643837094306946,0.039271265268325806,0.26801470588235293,False,0
regression_loops_posthoc__group_audit__cost_1.15__no_favorable_group,39857,2,Rock1-130-A,02_Rock1-130-A_comp.jams,112286,4,4,3,3,mixed,-0.09090909361839294,0.1473897397518158,0.5960181451612904,False,0
regression_loops_posthoc__group_audit__cost_1.15__no_favorable_group,39915,2,Rock1-130-A,02_Rock1-130-A_comp.jams,305561,2,2,3,3,mixed,-0.16274864971637726,0.054576754570007324,0.45159313725490197,False,0
regression_loops_posthoc__group_audit__cost_1.15__no_favorable_group,39984,2,Rock1-130-A,02_Rock1-130-A_comp.jams,478957,3,2,3,3,mixed,-0.06982392072677612,0.16155758500099182,0.09661989795918367,False,0
regression_loops_posthoc__group_audit__cost_1.15__no_favorable_group,40023,2,Rock1-130-A,02_Rock1-130-A_comp.jams,632038,2,2,3,3,mixed,-0.2138713151216507,0.11354206502437592,0.37566489361702127,False,0
regression_loops_posthoc__group_audit__cost_1.15__no_favorable_group,40059,2,Rock1-130-A,02_Rock1-130-A_comp.jams,722915,3,4,3,4,regression_favored,-0.22892597317695618,-0.04596272110939026,0.616375,True,-1
regression_loops_posthoc__group_audit__cost_1.15__no_favorable_group,40102,2,Rock1-130-A,02_Rock1-130-A_comp.jams,844695,2,3,2,2,correction_favored,0.0990196019411087,0.3573119044303894,0.5843178353658537,False,0
regression_loops_posthoc__group_audit__cost_1.15__no_favorable_group,40117,2,Rock1-130-A,02_Rock1-130-A_comp.jams,877458,1,2,3,2,regression_favored,-0.2665594220161438,-0.1272493600845337,0.2713541666666667,True,0
regression_loops_posthoc__group_audit__cost_1.15__no_favorable_group,40119,2,Rock1-130-A,02_Rock1-130-A_comp.jams,886924,3,4,3,4,regression_favored,-0.09810426831245422,-0.09810426831245422,0.28125,True,-1
regression_loops_posthoc__group_audit__cost_1.15__no_favorable_group,40136,2,Rock1-130-A,02_Rock1-130-A_comp.jams,928336,4,4,3,3,mixed,-0.1818181872367859,0.07911044359207153,0.6109871031746031,False,0
regression_loops_posthoc__group_audit__cost_1.15__no_favorable_group,41477,2,Rock2-85-F,02_Rock2-85-F_comp.jams,217864,3,2,3,2,regression_favored,-0.3231167793273926,-0.032549142837524414,0.39923720472440943,True,-1
regression_loops_posthoc__group_audit__cost_1.15__no_favorable_group,41556,2,Rock2-85-F,02_Rock2-85-F_comp.jams,487938,1,3,2,2,correction_favored,0.05296871066093445,0.43243247270584106,0.4684734513274336,False,0
regression_loops_posthoc__group_audit__cost_1.15__no_favorable_group,41584,2,Rock2-85-F,02_Rock2-85-F_comp.jams,560824,3,2,3,3,mixed,-0.12353532016277313,0.16831737756729126,0.4662964876033058,False,0
regression_loops_posthoc__group_audit__cost_1.15__no_favorable_group,41595,2,Rock2-85-F,02_Rock2-85-F_comp.jams,591677,3,2,3,3,mixed,-0.1116071492433548,0.0935516357421875,0.4822916666666667,False,0
regression_loops_posthoc__group_audit__cost_1.15__no_favorable_group,41767,2,Rock2-85-F,02_Rock2-85-F_comp.jams,1152648,4,2,3,3,mixed,-0.19665023684501648,0.09773662686347961,0.22739955357142858,False,0
regression_loops_posthoc__group_audit__cost_1.15__no_favorable_group,41772,2,Rock2-85-F,02_Rock2-85-F_comp.jams,1183840,3,2,3,2,regression_favored,-0.2628762722015381,-0.04364904761314392,0.1806640625,True,-1
regression_loops_posthoc__group_audit__cost_1.15__no_favorable_group,41845,2,Rock2-85-F,02_Rock2-85-F_comp.jams,1432563,3,4,3,3,mixed,-0.14564943313598633,0.17250001430511475,0.5783547794117647,False,0
regression_loops_posthoc__group_audit__cost_1.15__no_favorable_group,41912,2,Rock2-85-F,02_Rock2-85-F_comp.jams,1588798,4,2,3,3,mixed,-0.17972350120544434,0.07797229290008545,0.3860176282051282,False,0
regression_loops_posthoc__group_audit__cost_1.15__no_favorable_group,41951,2,Rock2-85-F,02_Rock2-85-F_comp.jams,1712919,3,4,3,3,mixed,-0.1532343327999115,0.37828946113586426,0.6285282258064516,False,0
regression_loops_posthoc__group_audit__cost_1.15__no_favorable_group,41978,2,Rock2-85-F,02_Rock2-85-F_comp.jams,1774190,1,4,3,4,regression_favored,-0.04364702105522156,-0.023005545139312744,0.75,True,0
regression_loops_posthoc__group_audit__cost_1.15__no_favorable_group,42005,2,Rock2-85-F,02_Rock2-85-F_comp.jams,1851574,2,4,3,3,mixed,-0.14257052540779114,0.1624850630760193,0.5529891304347826,False,0
regression_loops_posthoc__group_audit__cost_1.15__no_favorable_group,42014,2,Rock2-85-F,02_Rock2-85-F_comp.jams,1898698,3,4,3,3,mixed,-0.20967742800712585,0.3477477431297302,0.5604292168674698,False,0
regression_loops_posthoc__group_audit__cost_1.15__no_favorable_group,42041,2,Rock2-85-F,02_Rock2-85-F_comp.jams,1961050,1,4,2,2,correction_favored,0.0020242929458618164,0.35853976011276245,0.0790264423076923,False,0
regression_loops_posthoc__group_audit__cost_1.15__no_favorable_group,48802,2,Funk1-114-Ab,03_Funk1-114-Ab_comp.jams,209742,3,4,3,3,mixed,-0.28131312131881714,0.41486069560050964,0.5755208333333334,False,0
regression_loops_posthoc__group_audit__cost_1.15__no_favorable_group,48816,2,Funk1-114-Ab,03_Funk1-114-Ab_comp.jams,267051,1,3,2,2,mixed,-0.09894737601280212,0.11259311437606812,0.38640625,False,0
regression_loops_posthoc__group_audit__cost_1.15__no_favorable_group,48826,2,Funk1-114-Ab,03_Funk1-114-Ab_comp.jams,298439,1,4,2,2,correction_favored,0.04294827580451965,0.26455026865005493,0.35089476495726496,False,0
regression_loops_posthoc__group_audit__cost_1.15__no_favorable_group,48984,2,Funk1-114-Ab,03_Funk1-114-Ab_comp.jams,870674,3,4,3,3,mixed,-0.17770780622959137,0.3272971510887146,0.5850866336633663,False,0
regression_loops_posthoc__group_audit__cost_1.15__no_favorable_group,49015,2,Funk1-114-Ab,03_Funk1-114-Ab_comp.jams,1030137,2,4,3,3,mixed,-0.045682668685913086,0.7333333492279053,0.4563210227272727,False,0
regression_loops_posthoc__group_audit__cost_1.15__no_favorable_group,51763,2,Jazz1-200-B,03_Jazz1-200-B_comp.jams,13844,3,4,3,3,mixed,-0.29189613461494446,0.05270653963088989,0.27734375,False,0
regression_loops_posthoc__group_audit__cost_1.15__no_favorable_group,51793,2,Jazz1-200-B,03_Jazz1-200-B_comp.jams,225052,4,4,3,3,mixed,-0.23432835936546326,0.5325077772140503,0.28498641304347827,False,0
regression_loops_posthoc__group_audit__cost_1.15__no_favorable_group,51804,2,Jazz1-200-B,03_Jazz1-200-B_comp.jams,266563,4,2,3,3,mixed,-0.14240506291389465,0.10931015014648438,0.422490157480315,False,0
regression_loops_posthoc__group_audit__cost_1.15__no_favorable_group,51866,2,Jazz1-200-B,03_Jazz1-200-B_comp.jams,552462,3,4,2,2,mixed,-0.0165289044380188,0.3836671710014343,0.2589045698924731,False,0
regression_loops_posthoc__group_audit__cost_1.15__no_favorable_group,51874,2,Jazz1-200-B,03_Jazz1-200-B_comp.jams,609201,4,4,3,3,mixed,-0.33495932817459106,0.5064935088157654,0.2747395833333333,False,0
regression_loops_posthoc__group_audit__cost_1.15__no_favorable_group,51963,2,Jazz2-110-Bb,03_Jazz2-110-Bb_comp.jams,23283,4,4,3,3,mixed,-0.24456164240837097,0.10343426465988159,0.36946358267716534,False,0
regression_loops_posthoc__group_audit__cost_1.15__no_favorable_group,51982,2,Jazz2-110-Bb,03_Jazz2-110-Bb_comp.jams,90572,0,4,2,2,mixed,-0.11436951160430908,0.32674771547317505,0.1432528409090909,False,0
regression_loops_posthoc__group_audit__cost_1.15__no_favorable_group,51983,2,Jazz2-110-Bb,03_Jazz2-110-Bb_comp.jams,96552,3,4,3,4,regression_favored,-0.12945589423179626,-0.12945589423179626,0.421875,True,-1
regression_loops_posthoc__group_audit__cost_1.15__no_favorable_group,52023,2,Jazz2-110-Bb,03_Jazz2-110-Bb_comp.jams,230539,4,4,3,3,mixed,-0.15681272745132446,0.385793000459671,0.5619848901098901,False,0
regression_loops_posthoc__group_audit__cost_1.15__no_favorable_group,52081,2,Jazz2-110-Bb,03_Jazz2-110-Bb_comp.jams,473240,4,4,3,3,mixed,-0.2734878957271576,0.13377925753593445,0.37971443965517243,False,0
regression_loops_posthoc__group_audit__cost_1.15__no_favorable_group,52108,2,Jazz2-110-Bb,03_Jazz2-110-Bb_comp.jams,548324,0,2,3,3,mixed,-0.07602307200431824,0.13749998807907104,0.37541482300884954,False,0
regression_loops_posthoc__group_audit__cost_1.15__no_favorable_group,52140,2,Jazz2-110-Bb,03_Jazz2-110-Bb_comp.jams,647628,3,4,3,3,mixed,-0.11319723725318909,0.4736842215061188,0.3607201986754967,False,0
regression_loops_posthoc__group_audit__cost_1.15__no_favorable_group,52169,2,Jazz2-110-Bb,03_Jazz2-110-Bb_comp.jams,769862,4,4,3,3,mixed,-0.4426111876964569,0.4655870795249939,0.29173259493670883,False,0
regression_loops_posthoc__group_audit__cost_1.15__no_favorable_group,52198,2,Jazz2-110-Bb,03_Jazz2-110-Bb_comp.jams,865248,4,4,3,3,mixed,-0.2584269940853119,0.33538728952407837,0.31117021276595747,False,0
regression_loops_posthoc__group_audit__cost_1.15__no_favorable_group,52215,2,Jazz2-110-Bb,03_Jazz2-110-Bb_comp.jams,962707,4,4,3,3,mixed,-0.26590266823768616,0.003159552812576294,0.2140625,False,0
regression_loops_posthoc__group_audit__cost_1.15__no_favorable_group,52287,2,Jazz2-110-Bb,03_Jazz2-110-Bb_comp.jams,1203651,3,3,2,2,mixed,-0.06203562021255493,0.14847472310066223,0.7815061475409836,False,0
regression_loops_posthoc__group_audit__cost_1.15__no_favorable_group,52295,2,Jazz2-110-Bb,03_Jazz2-110-Bb_comp.jams,1243272,4,4,3,3,mixed,-0.3442508578300476,0.05475038290023804,0.38935467479674796,False,0
regression_loops_posthoc__group_audit__cost_1.15__no_favorable_group,52355,2,Jazz2-110-Bb,03_Jazz2-110-Bb_comp.jams,1443845,4,4,3,4,regression_favored,-0.2121882140636444,-0.2121882140636444,0.453125,True,1
regression_loops_posthoc__group_audit__cost_1.15__no_favorable_group,53782,2,Rock1-130-A,03_Rock1-130-A_comp.jams,102637,3,4,3,3,mixed,-0.06385120749473572,0.133941650390625,0.5662715517241379,False,0
regression_loops_posthoc__group_audit__cost_1.15__no_favorable_group,53824,2,Rock1-130-A,03_Rock1-130-A_comp.jams,214273,3,4,3,3,mixed,-0.11555379629135132,0.11041456460952759,0.6158234126984127,False,0
regression_loops_posthoc__group_audit__cost_1.15__no_favorable_group,53849,2,Rock1-130-A,03_Rock1-130-A_comp.jams,273669,1,4,2,2,correction_favored,0.09080187976360321,0.43359375,0.07258357558139535,False,0
regression_loops_posthoc__group_audit__cost_1.15__no_favorable_group,53850,2,Rock1-130-A,03_Rock1-130-A_comp.jams,275636,2,2,3,3,mixed,-0.3038981556892395,0.039154112339019775,0.28802083333333334,False,0
regression_loops_posthoc__group_audit__cost_1.15__no_favorable_group,53870,2,Rock1-130-A,03_Rock1-130-A_comp.jams,325102,2,4,3,3,mixed,-0.1371762603521347,0.15217390656471252,0.43213619402985076,False,0
regression_loops_posthoc__group_audit__cost_1.15__no_favorable_group,53882,2,Rock1-130-A,03_Rock1-130-A_comp.jams,358103,2,4,2,2,correction_favored,0.05222436785697937,0.523809552192688,0.39226190476190476,False,0
regression_loops_posthoc__group_audit__cost_1.15__no_favorable_group,53886,2,Rock1-130-A,03_Rock1-130-A_comp.jams,367766,4,4,3,3,mixed,-0.25277087092399597,0.02805955708026886,0.6025390625,False,0
regression_loops_posthoc__group_audit__cost_1.15__no_favorable_group,53908,2,Rock1-130-A,03_Rock1-130-A_comp.jams,417648,3,4,3,3,mixed,-0.21229121088981628,0.24369505047798157,0.39188762626262624,False,0
regression_loops_posthoc__group_audit__cost_1.15__no_favorable_group,53922,2,Rock1-130-A,03_Rock1-130-A_comp.jams,447335,2,4,3,3,mixed,-0.12765955924987793,0.17617648839950562,0.5428059895833334,False,0
regression_loops_posthoc__group_audit__cost_1.15__no_favorable_group,53932,2,Rock1-130-A,03_Rock1-130-A_comp.jams,467223,3,4,3,3,mixed,-0.171502023935318,0.16385135054588318,0.5878182870370371,False,0
regression_loops_posthoc__group_audit__cost_1.15__no_favorable_group,53948,2,Rock1-130-A,03_Rock1-130-A_comp.jams,508576,2,4,3,4,regression_favored,-0.05424624681472778,-0.053021714091300964,0.5703125,True,0
regression_loops_posthoc__group_audit__cost_1.15__no_favorable_group,54000,2,Rock1-130-A,03_Rock1-130-A_comp.jams,650321,3,3,2,2,mixed,-0.11622573435306549,0.3387256860733032,0.3344155844155844,False,0
regression_loops_posthoc__group_audit__cost_1.15__no_favorable_group,54029,2,Rock1-130-A,03_Rock1-130-A_comp.jams,722416,3,4,3,3,mixed,-0.2476363629102707,0.1153402328491211,0.44664634146341464,False,0
regression_loops_posthoc__group_audit__cost_1.15__no_favorable_group,54037,2,Rock1-130-A,03_Rock1-130-A_comp.jams,741590,2,3,2,2,mixed,-0.01837196946144104,0.08958934247493744,0.24876644736842105,False,0
regression_loops_posthoc__group_audit__cost_1.15__no_favorable_group,54038,2,Rock1-130-A,03_Rock1-130-A_comp.jams,743753,2,4,2,2,correction_favored,0.06226415932178497,0.3551020324230194,0.269281914893617,False,0
regression_loops_posthoc__group_audit__cost_1.15__no_favorable_group,54042,2,Rock1-130-A,03_Rock1-130-A_comp.jams,753980,1,3,2,2,correction_favored,0.10629181563854218,0.33718687295913696,0.5899808114035088,False,0
regression_loops_posthoc__group_audit__cost_1.15__no_favorable_group,54050,2,Rock1-130-A,03_Rock1-130-A_comp.jams,772235,3,4,3,4,regression_favored,-0.24153019487857819,-0.024366945028305054,0.606468023255814,True,-1
regression_loops_posthoc__group_audit__cost_1.15__no_favorable_group,54059,2,Rock1-130-A,03_Rock1-130-A_comp.jams,792949,3,4,2,2,mixed,-0.16583377122879028,0.3214762210845947,0.2275,False,0
regression_loops_posthoc__group_audit__cost_1.15__no_favorable_group,54086,2,Rock1-130-A,03_Rock1-130-A_comp.jams,864601,2,2,3,3,mixed,-0.0633818507194519,0.22392059862613678,0.3921875,False,0
regression_loops_posthoc__group_audit__cost_1.15__no_favorable_group,54106,2,Rock1-130-A,03_Rock1-130-A_comp.jams,915452,2,3,2,2,mixed,-0.18260419368743896,0.09176468849182129,0.20907738095238096,False,0
regression_loops_posthoc__group_audit__cost_1.15__no_favorable_group,54111,2,Rock1-130-A,03_Rock1-130-A_comp.jams,927148,1,4,3,3,correction_favored,0.07838132977485657,0.07838132977485657,0.421875,False,0
regression_loops_posthoc__group_audit__cost_1.15__no_favorable_group,55515,2,Rock2-85-F,03_Rock2-85-F_comp.jams,121919,2,4,3,3,mixed,-0.2174137532711029,0.24740123748779297,0.47790310650887574,False,0
regression_loops_posthoc__group_audit__cost_1.15__no_favorable_group,55532,2,Rock2-85-F,03_Rock2-85-F_comp.jams,169321,2,3,2,2,correction_favored,0.047171324491500854,0.35609346628189087,0.14268092105263158,False,0
regression_loops_posthoc__group_audit__cost_1.15__no_favorable_group,55645,2,Rock2-85-F,03_Rock2-85-F_comp.jams,543810,2,4,2,2,correction_favored,0.2179752141237259,0.2179752141237259,0.0625,False,0
regression_loops_posthoc__group_audit__cost_1.15__no_favorable_group,55701,2,Rock2-85-F,03_Rock2-85-F_comp.jams,743834,1,3,2,2,correction_favored,0.03219634294509888,0.2614634037017822,0.5524193548387096,False,0
regression_loops_posthoc__group_audit__cost_1.15__no_favorable_group,55831,2,Rock2-85-F,03_Rock2-85-F_comp.jams,1018519,2,3,2,2,correction_favored,0.009553223848342896,0.3888888955116272,0.3160006830601093,False,0
regression_loops_posthoc__group_audit__cost_1.15__no_favorable_group,55836,2,Rock2-85-F,03_Rock2-85-F_comp.jams,1041888,3,4,2,2,correction_favored,0.21369540691375732,0.2802325487136841,0.125,False,0
regression_loops_posthoc__group_audit__cost_1.15__no_favorable_group,55855,2,Rock2-85-F,03_Rock2-85-F_comp.jams,1088794,4,4,3,3,mixed,-0.064659982919693,0.2130081057548523,0.6285460992907801,False,0
regression_loops_posthoc__group_audit__cost_1.15__no_favorable_group,55862,2,Rock2-85-F,03_Rock2-85-F_comp.jams,1117488,1,4,2,2,correction_favored,0.02630007266998291,0.3518821597099304,0.1236857476635514,False,0
regression_loops_posthoc__group_audit__cost_1.15__no_favorable_group,55877,2,Rock2-85-F,03_Rock2-85-F_comp.jams,1165271,2,3,2,2,correction_favored,0.03187251091003418,0.4117647409439087,0.2306219362745098,False,0
regression_loops_posthoc__group_audit__cost_1.15__no_favorable_group,55940,2,Rock2-85-F,03_Rock2-85-F_comp.jams,1336841,3,4,5,5,mixed,-0.38749998807907104,0.17142857611179352,0.038125,False,0
regression_loops_posthoc__group_audit__cost_1.15__no_favorable_group,55948,2,Rock2-85-F,03_Rock2-85-F_comp.jams,1369592,2,4,2,2,mixed,-0.01964285969734192,0.3958333134651184,0.06341240875912409,False,0
regression_loops_posthoc__group_audit__cost_1.15__no_favorable_group,55966,2,Rock2-85-F,03_Rock2-85-F_comp.jams,1416382,3,4,3,3,mixed,-0.02628934383392334,0.14660733938217163,0.318359375,False,0
regression_loops_posthoc__group_audit__cost_1.15__no_favorable_group,55989,2,Rock2-85-F,03_Rock2-85-F_comp.jams,1461538,3,4,2,2,correction_favored,0.10686768591403961,0.3344718813896179,0.08918269230769231,False,0
regression_loops_posthoc__group_audit__cost_1.15__no_favorable_group,56008,2,Rock2-85-F,03_Rock2-85-F_comp.jams,1518301,3,4,3,4,regression_favored,-0.2690207362174988,-0.08436976373195648,0.4607077205882353,True,-1
regression_loops_posthoc__group_audit__cost_1.15__no_favorable_group,56035,2,Rock2-85-F,03_Rock2-85-F_comp.jams,1620182,2,4,2,2,correction_favored,0.026446282863616943,0.4973958432674408,0.4244106359649123,False,0
regression_loops_posthoc__group_audit__cost_1.15__no_favorable_group,56043,2,Rock2-85-F,03_Rock2-85-F_comp.jams,1663775,2,3,2,2,correction_favored,0.2853538393974304,0.32071608304977417,0.21875,False,0
regression_loops_posthoc__group_audit__cost_1.15__no_favorable_group,56084,2,Rock2-85-F,03_Rock2-85-F_comp.jams,1790380,2,4,2,2,correction_favored,0.18996961414813995,0.38728323578834534,0.06808035714285714,False,0
regression_loops_posthoc__group_audit__cost_1.15__no_favorable_group,56132,2,Rock2-85-F,03_Rock2-85-F_comp.jams,1890795,1,3,2,2,correction_favored,0.09930796921253204,0.369905948638916,0.5133208525345622,False,0
regression_loops_posthoc__group_audit__cost_1.15__no_favorable_group,56142,2,Rock2-85-F,03_Rock2-85-F_comp.jams,1912854,2,3,2,2,mixed,-0.01135188341140747,0.20278669893741608,0.32180851063829785,False,0
regression_loops_posthoc__group_audit__cost_1.15__no_favorable_group,56204,2,Rock2-85-F,03_Rock2-85-F_solo.jams,356094,1,3,2,2,mixed,-0.16192957758903503,0.22453221678733826,0.2922747461928934,False,0
regression_loops_posthoc__group_audit__cost_1.15__no_favorable_group,62103,2,Funk1-114-Ab,04_Funk1-114-Ab_comp.jams,18973,3,4,3,3,mixed,-0.18518519401550293,0.07692310214042664,0.5859375,False,0
regression_loops_posthoc__group_audit__cost_1.15__no_favorable_group,62129,2,Funk1-114-Ab,04_Funk1-114-Ab_comp.jams,111846,3,4,3,3,mixed,-0.08801695704460144,0.006128221750259399,0.609375,False,0
regression_loops_posthoc__group_audit__cost_1.15__no_favorable_group,62152,2,Funk1-114-Ab,04_Funk1-114-Ab_comp.jams,204383,3,2,3,3,mixed,-0.07518798112869263,0.17731162905693054,0.32471264367816094,False,0
regression_loops_posthoc__group_audit__cost_1.15__no_favorable_group,62229,2,Funk1-114-Ab,04_Funk1-114-Ab_comp.jams,480707,0,3,2,2,correction_favored,0.021868139505386353,0.2851276397705078,0.4292534722222222,False,0
regression_loops_posthoc__group_audit__cost_1.15__no_favorable_group,62253,2,Funk1-114-Ab,04_Funk1-114-Ab_comp.jams,585925,1,3,2,2,correction_favored,0.02988642454147339,0.21102942526340485,0.019097222222222224,False,0
regression_loops_posthoc__group_audit__cost_1.15__no_favorable_group,62266,2,Funk1-114-Ab,04_Funk1-114-Ab_comp.jams,621934,3,4,3,3,mixed,-0.16959992051124573,0.39335179328918457,0.5237418831168831,False,0
regression_loops_posthoc__group_audit__cost_1.15__no_favorable_group,62380,2,Funk1-114-Ab,04_Funk1-114-Ab_comp.jams,1051163,3,4,3,3,mixed,-0.017761647701263428,0.239215686917305,0.5350694444444445,False,0
regression_loops_posthoc__group_audit__cost_1.15__no_favorable_group,62383,2,Funk1-114-Ab,04_Funk1-114-Ab_comp.jams,1061533,0,3,5,5,unsupported,0.0,0.0,0.0,False,0
regression_loops_posthoc__group_audit__cost_1.15__no_favorable_group,65495,2,Jazz1-200-B,04_Jazz1-200-B_comp.jams,79281,2,4,3,3,mixed,-0.38596493005752563,0.24740123748779297,0.4994612068965517,False,0
regression_loops_posthoc__group_audit__cost_1.15__no_favorable_group,65584,2,Jazz1-200-B,04_Jazz1-200-B_comp.jams,357637,4,4,2,2,mixed,-0.17224879562854767,0.3934760093688965,0.2874445266272189,False,0
regression_loops_posthoc__group_audit__cost_1.15__no_favorable_group,65623,2,Jazz1-200-B,04_Jazz1-200-B_comp.jams,452123,0,3,2,2,mixed,-0.11812102794647217,0.20227272808551788,0.6022185114503816,False,0
regression_loops_posthoc__group_audit__cost_1.15__no_favorable_group,65646,2,Jazz1-200-B,04_Jazz1-200-B_comp.jams,515853,3,4,3,4,regression_favored,-0.10811170935630798,-0.035630226135253906,0.41015625,True,-1
regression_loops_posthoc__group_audit__cost_1.15__no_favorable_group,65904,2,Jazz2-110-Bb,04_Jazz2-110-Bb_comp.jams,362422,3,4,3,3,mixed,-0.1096099317073822,0.4345237910747528,0.5380608974358975,False,0
regression_loops_posthoc__group_audit__cost_1.15__no_favorable_group,65908,2,Jazz2-110-Bb,04_Jazz2-110-Bb_comp.jams,385761,1,4,2,2,mixed,-0.08264462649822235,0.38220423460006714,0.40774183417085424,False,0
regression_loops_posthoc__group_audit__cost_1.15__no_favorable_group,66074,2,Jazz2-110-Bb,04_Jazz2-110-Bb_comp.jams,1009846,4,4,2,2,mixed,-0.12384715676307678,0.48515772819519043,0.5177469135802469,False,0
regression_loops_posthoc__group_audit__cost_1.15__no_favorable_group,66111,2,Jazz2-110-Bb,04_Jazz2-110-Bb_comp.jams,1122145,4,4,3,4,regression_favored,-0.39092910289764404,-0.3479107618331909,0.5364583333333334,True,1
regression_loops_posthoc__group_audit__cost_1.15__no_favorable_group,66205,2,Jazz2-110-Bb,04_Jazz2-110-Bb_comp.jams,1435057,3,4,3,3,mixed,-0.07181480526924133,0.05032725632190704,0.15625,False,0
regression_loops_posthoc__group_audit__cost_1.15__no_favorable_group,67794,2,Rock1-130-A,04_Rock1-130-A_comp.jams,397836,2,4,2,2,correction_favored,0.0908285528421402,0.4859335422515869,0.5931664937759336,False,0
regression_loops_posthoc__group_audit__cost_1.15__no_favorable_group,67831,2,Rock1-130-A,04_Rock1-130-A_comp.jams,487955,2,4,2,2,mixed,-0.041614919900894165,0.3008546829223633,0.06510416666666667,False,0
regression_loops_posthoc__group_audit__cost_1.15__no_favorable_group,67867,2,Rock1-130-A,04_Rock1-130-A_comp.jams,591098,2,2,3,2,regression_favored,-0.21726617217063904,-0.06365834176540375,0.3879354508196721,True,1
regression_loops_posthoc__group_audit__cost_1.15__no_favorable_group,67887,2,Rock1-130-A,04_Rock1-130-A_comp.jams,651020,3,4,3,3,mixed,-0.08784100413322449,0.2483370304107666,0.60791015625,False,0
regression_loops_posthoc__group_audit__cost_1.15__no_favorable_group,67893,2,Rock1-130-A,04_Rock1-130-A_comp.jams,671715,1,3,2,2,correction_favored,0.039821773767471313,0.39072126150131226,0.3428819444444444,False,0
regression_loops_posthoc__group_audit__cost_1.15__no_favorable_group,67906,2,Rock1-130-A,04_Rock1-130-A_comp.jams,711836,1,2,3,2,regression_favored,-0.23120103776454926,-0.23120103776454926,0.34375,True,0
regression_loops_posthoc__group_audit__cost_1.15__no_favorable_group,68085,2,Rock1-130-A,04_Rock1-130-A_solo.jams,671730,2,3,2,2,correction_favored,0.04259708523750305,0.5714285969734192,0.6643542531120332,False,0
regression_loops_posthoc__group_audit__cost_1.15__no_favorable_group,69401,2,Rock2-85-F,04_Rock2-85-F_comp.jams,45819,1,4,2,2,correction_favored,0.07962962985038757,0.30344825983047485,0.5212902046783626,False,0
regression_loops_posthoc__group_audit__cost_1.15__no_favorable_group,69527,2,Rock2-85-F,04_Rock2-85-F_comp.jams,435596,1,4,3,4,regression_favored,-0.2762805223464966,-0.14014895260334015,0.20833333333333334,True,0
regression_loops_posthoc__group_audit__cost_1.15__no_favorable_group,69556,2,Rock2-85-F,04_Rock2-85-F_comp.jams,526421,1,4,2,2,mixed,-0.006734013557434082,0.3526785671710968,0.23684210526315788,False,0
regression_loops_posthoc__group_audit__cost_1.15__no_favorable_group,69571,2,Rock2-85-F,04_Rock2-85-F_comp.jams,560160,1,4,3,3,mixed,-0.20045292377471924,0.027812421321868896,0.4879701327433628,False,0
regression_loops_posthoc__group_audit__cost_1.15__no_favorable_group,69578,2,Rock2-85-F,04_Rock2-85-F_comp.jams,575308,1,4,2,2,correction_favored,0.016304731369018555,0.32679739594459534,0.35825892857142855,False,0
regression_loops_posthoc__group_audit__cost_1.15__no_favorable_group,69594,2,Rock2-85-F,04_Rock2-85-F_comp.jams,622231,1,2,3,3,mixed,-0.27281948924064636,0.08421051502227783,0.22307981927710843,False,0
regression_loops_posthoc__group_audit__cost_1.15__no_favorable_group,69612,2,Rock2-85-F,04_Rock2-85-F_comp.jams,668877,1,4,2,2,correction_favored,0.07249999046325684,0.3504273295402527,0.09746503496503496,False,0
regression_loops_posthoc__group_audit__cost_1.15__no_favorable_group,69624,2,Rock2-85-F,04_Rock2-85-F_comp.jams,699479,1,3,2,2,correction_favored,0.013943344354629517,0.3216705918312073,0.5457677165354331,False,0
regression_loops_posthoc__group_audit__cost_1.15__no_favorable_group,69631,2,Rock2-85-F,04_Rock2-85-F_comp.jams,716871,1,4,3,3,mixed,-0.08058607578277588,0.028564125299453735,0.4575892857142857,False,0
regression_loops_posthoc__group_audit__cost_1.15__no_favorable_group,69637,2,Rock2-85-F,04_Rock2-85-F_comp.jams,731322,1,3,2,2,mixed,-0.05139519274234772,0.27283746004104614,0.43916223404255317,False,0
regression_loops_posthoc__group_audit__cost_1.15__no_favorable_group,69748,2,Rock2-85-F,04_Rock2-85-F_comp.jams,1009957,1,4,2,2,correction_favored,0.025675669312477112,0.45502644777297974,0.6009672619047619,False,0
regression_loops_posthoc__group_audit__cost_1.15__no_favorable_group,69757,2,Rock2-85-F,04_Rock2-85-F_comp.jams,1040311,1,4,2,2,mixed,-0.11553029716014862,0.40412843227386475,0.2882440476190476,False,0
regression_loops_posthoc__group_audit__cost_1.15__no_favorable_group,69779,2,Rock2-85-F,04_Rock2-85-F_comp.jams,1089065,1,4,2,2,mixed,-0.033950626850128174,0.39455780386924744,0.25129573170731706,False,0
regression_loops_posthoc__group_audit__cost_1.15__no_favorable_group,69808,2,Rock2-85-F,04_Rock2-85-F_comp.jams,1215021,1,3,2,2,correction_favored,0.07620114088058472,0.3196403384208679,0.687,False,0
regression_loops_posthoc__group_audit__cost_1.15__no_favorable_group,69817,2,Rock2-85-F,04_Rock2-85-F_comp.jams,1246275,1,2,3,3,mixed,-0.1526639461517334,0.12708702683448792,0.33581349206349204,False,0
regression_loops_posthoc__group_audit__cost_1.15__no_favorable_group,69883,2,Rock2-85-F,04_Rock2-85-F_comp.jams,1462568,1,4,3,4,regression_favored,-0.17790532112121582,-0.17790532112121582,0.34375,True,0
regression_loops_posthoc__group_audit__cost_1.15__no_favorable_group,69895,2,Rock2-85-F,04_Rock2-85-F_comp.jams,1509995,1,4,3,4,regression_favored,-0.18942676484584808,-0.0028780698776245117,0.49583333333333335,True,0
regression_loops_posthoc__group_audit__cost_1.15__no_favorable_group,69902,2,Rock2-85-F,04_Rock2-85-F_comp.jams,1524614,1,4,3,4,regression_favored,-0.1262195110321045,-0.1262195110321045,0.4375,True,0
regression_loops_posthoc__group_audit__cost_1.15__no_favorable_group,69926,2,Rock2-85-F,04_Rock2-85-F_comp.jams,1586252,1,4,3,3,mixed,-0.11493834853172302,0.03327867388725281,0.53125,False,0
regression_loops_posthoc__group_audit__cost_1.15__no_favorable_group,69955,2,Rock2-85-F,04_Rock2-85-F_comp.jams,1663268,1,4,3,4,regression_favored,-0.13053296506404877,-0.10683901607990265,0.6484375,True,0
regression_loops_posthoc__group_audit__cost_1.15__no_favorable_group,69969,2,Rock2-85-F,04_Rock2-85-F_comp.jams,1694477,1,3,2,2,correction_favored,0.14525140821933746,0.3102174699306488,0.44056748466257667,False,0
regression_loops_posthoc__group_audit__cost_1.15__no_favorable_group,69978,2,Rock2-85-F,04_Rock2-85-F_comp.jams,1712227,0,3,2,2,correction_favored,0.14788039028644562,0.32309865951538086,0.6818181818181818,False,0
regression_loops_posthoc__group_audit__cost_1.15__no_favorable_group,70005,2,Rock2-85-F,04_Rock2-85-F_comp.jams,1789684,1,4,3,3,mixed,-0.1028260737657547,0.06521739065647125,0.4524553571428571,False,0
regression_loops_posthoc__group_audit__cost_1.15__no_favorable_group,70012,2,Rock2-85-F,04_Rock2-85-F_comp.jams,1805078,1,3,5,5,correction_favored,0.05165289342403412,0.12802767753601074,0.11979166666666667,False,0
regression_loops_posthoc__group_audit__cost_1.15__no_favorable_group,70027,2,Rock2-85-F,04_Rock2-85-F_comp.jams,1835048,1,3,2,2,mixed,-0.09974521398544312,0.14369036257266998,0.33816964285714285,False,0
regression_loops_posthoc__group_audit__cost_1.15__no_favorable_group,70035,2,Rock2-85-F,04_Rock2-85-F_comp.jams,1851411,1,4,3,4,regression_favored,-0.12300319969654083,-0.04017215967178345,0.5364583333333334,True,0
regression_loops_posthoc__group_audit__cost_1.15__no_favorable_group,70066,2,Rock2-85-F,04_Rock2-85-F_comp.jams,1914019,1,3,2,2,correction_favored,0.033771663904190063,0.377228319644928,0.4771341463414634,False,0
regression_loops_posthoc__group_audit__cost_1.15__no_favorable_group,70096,2,Rock2-85-F,04_Rock2-85-F_comp.jams,1974786,1,3,2,2,correction_favored,0.07526794075965881,0.26138532161712646,0.512125,False,0
regression_loops_posthoc__group_audit__cost_1.15__no_favorable_group,70141,2,Rock2-85-F,04_Rock2-85-F_solo.jams,402679,2,2,3,3,mixed,-0.04932805895805359,0.17595148086547852,0.3535610465116279,False,0
regression_loops_posthoc__group_audit__cost_1.15__no_favorable_group,70226,2,Rock2-85-F,04_Rock2-85-F_solo.jams,1308585,2,2,3,3,mixed,-0.27203649282455444,0.3294117748737335,0.2911184210526316,False,0
regression_loops_posthoc__group_audit__cost_1.15__no_favorable_group,2148,4,Funk2-108-Eb,00_Funk2-108-Eb_comp.jams,4,4,3,4,4,mixed,-0.2215454876422882,0.06338027119636536,0.21887807377049182,False,0
regression_loops_posthoc__group_audit__cost_1.15__no_favorable_group,2160,4,Funk2-108-Eb,00_Funk2-108-Eb_comp.jams,37692,4,3,4,4,mixed,-0.020289838314056396,0.11794871091842651,0.059375,False,0
regression_loops_posthoc__group_audit__cost_1.15__no_favorable_group,2166,4,Funk2-108-Eb,00_Funk2-108-Eb_comp.jams,57270,4,3,5,5,mixed,-0.485714316368103,0.07692307233810425,0.05133928571428571,False,0
regression_loops_posthoc__group_audit__cost_1.15__no_favorable_group,2174,4,Funk2-108-Eb,00_Funk2-108-Eb_comp.jams,74057,4,3,5,3,regression_favored,-0.3333333134651184,-0.04255318641662598,0.06589673913043478,True,0
regression_loops_posthoc__group_audit__cost_1.15__no_favorable_group,2182,4,Funk2-108-Eb,00_Funk2-108-Eb_comp.jams,97071,2,3,2,2,correction_favored,0.0999174416065216,0.21543574333190918,0.5185546875,False,0
regression_loops_posthoc__group_audit__cost_1.15__no_favorable_group,2197,4,Funk2-108-Eb,00_Funk2-108-Eb_comp.jams,134759,3,3,4,4,mixed,-0.15686273574829102,0.0992647111415863,0.10014204545454546,False,0
regression_loops_posthoc__group_audit__cost_1.15__no_favorable_group,2224,4,Funk2-108-Eb,00_Funk2-108-Eb_comp.jams,202606,5,3,4,4,correction_favored,0.1324041783809662,0.3375382125377655,0.213125,False,0
regression_loops_posthoc__group_audit__cost_1.15__no_favorable_group,2256,4,Funk2-108-Eb,00_Funk2-108-Eb_comp.jams,269218,5,3,4,4,mixed,-0.2570422291755676,0.38827836513519287,0.23461354961832062,False,0
regression_loops_posthoc__group_audit__cost_1.15__no_favorable_group,2261,4,Funk2-108-Eb,00_Funk2-108-Eb_comp.jams,294058,4,3,4,4,mixed,-0.16086432337760925,0.1899852603673935,0.200625,False,0
regression_loops_posthoc__group_audit__cost_1.15__no_favorable_group,2266,4,Funk2-108-Eb,00_Funk2-108-Eb_comp.jams,312004,3,3,2,2,mixed,-0.27303463220596313,0.1278870850801468,0.2927807486631016,False,0
regression_loops_posthoc__group_audit__cost_1.15__no_favorable_group,2289,4,Funk2-108-Eb,00_Funk2-108-Eb_comp.jams,399617,3,3,2,2,mixed,-0.18466900289058685,0.14022141695022583,0.36242138364779874,False,0
regression_loops_posthoc__group_audit__cost_1.15__no_favorable_group,2313,4,Funk2-108-Eb,00_Funk2-108-Eb_comp.jams,465243,4,3,4,3,regression_favored,-0.10553410649299622,-0.03030303120613098,0.13020833333333334,True,-1
regression_loops_posthoc__group_audit__cost_1.15__no_favorable_group,2319,4,Funk2-108-Eb,00_Funk2-108-Eb_comp.jams,483974,4,3,4,3,regression_favored,-0.13664597272872925,-0.018375247716903687,0.19140625,True,-1
regression_loops_posthoc__group_audit__cost_1.15__no_favorable_group,2322,4,Funk2-108-Eb,00_Funk2-108-Eb_comp.jams,490302,5,3,4,4,correction_favored,0.2195122092962265,0.284231036901474,0.19791666666666666,False,0
regression_loops_posthoc__group_audit__cost_1.15__no_favorable_group,2325,4,Funk2-108-Eb,00_Funk2-108-Eb_comp.jams,496455,5,3,4,4,mixed,-0.22770561277866364,0.104347825050354,0.07467296511627906,False,0
regression_loops_posthoc__group_audit__cost_1.15__no_favorable_group,2372,4,Funk2-108-Eb,00_Funk2-108-Eb_comp.jams,644989,4,3,2,2,mixed,-0.0424489825963974,0.1748802214860916,0.584375,False,0
regression_loops_posthoc__group_audit__cost_1.15__no_favorable_group,2404,4,Funk2-108-Eb,00_Funk2-108-Eb_comp.jams,740097,5,3,2,2,mixed,-0.11900825798511505,0.11855101585388184,0.4873046875,False,0
regression_loops_posthoc__group_audit__cost_1.15__no_favorable_group,2418,4,Funk2-108-Eb,00_Funk2-108-Eb_comp.jams,770056,4,3,2,2,mixed,-0.08796297013759613,0.1623517870903015,0.6315104166666666,False,0
regression_loops_posthoc__group_audit__cost_1.15__no_favorable_group,2420,4,Funk2-108-Eb,00_Funk2-108-Eb_comp.jams,777960,1,2,3,2,regression_favored,-0.23011362552642822,-0.14703556895256042,0.3203125,True,0
regression_loops_posthoc__group_audit__cost_1.15__no_favorable_group,2433,4,Funk2-108-Eb,00_Funk2-108-Eb_comp.jams,821666,6,3,4,4,mixed,-0.13716110587120056,0.1430894136428833,0.08125,False,0
regression_loops_posthoc__group_audit__cost_1.15__no_favorable_group,2447,4,Funk2-108-Eb,00_Funk2-108-Eb_comp.jams,859117,6,3,4,4,mixed,-0.10326084494590759,0.2538275718688965,0.1575741525423729,False,0
regression_loops_posthoc__group_audit__cost_1.15__no_favorable_group,2459,4,Funk2-108-Eb,00_Funk2-108-Eb_comp.jams,893819,5,3,4,4,mixed,-0.2509346008300781,0.2173374891281128,0.11825980392156862,False,0
regression_loops_posthoc__group_audit__cost_1.15__no_favorable_group,2467,4,Funk2-108-Eb,00_Funk2-108-Eb_comp.jams,912479,5,3,4,4,mixed,-0.1785714328289032,0.12686039507389069,0.0744201030927835,False,0
regression_loops_posthoc__group_audit__cost_1.15__no_favorable_group,2474,4,Funk2-108-Eb,00_Funk2-108-Eb_comp.jams,928752,3,3,4,4,mixed,-0.2064264714717865,0.2657534182071686,0.16546875,False,0
regression_loops_posthoc__group_audit__cost_1.15__no_favorable_group,2494,4,Funk2-108-Eb,00_Funk2-108-Eb_comp.jams,972907,4,3,2,2,mixed,-0.1872391700744629,0.058402955532073975,0.3585069444444444,False,0
regression_loops_posthoc__group_audit__cost_1.15__no_favorable_group,2512,4,Funk2-108-Eb,00_Funk2-108-Eb_comp.jams,1010690,5,3,4,4,mixed,-0.1617647111415863,0.21176470816135406,0.12715022935779816,False,0
regression_loops_posthoc__group_audit__cost_1.15__no_favorable_group,2531,4,Funk2-108-Eb,00_Funk2-108-Eb_comp.jams,1048547,5,3,4,4,mixed,-0.27881622314453125,0.16965943574905396,0.08523882113821138,False,0
regression_loops_posthoc__group_audit__cost_1.15__no_favorable_group,2539,4,Funk2-108-Eb,00_Funk2-108-Eb_comp.jams,1064423,5,3,4,4,correction_favored,0.1269565373659134,0.1481788158416748,0.1953125,False,0
regression_loops_posthoc__group_audit__cost_1.15__no_favorable_group,2551,4,Funk2-108-Eb,00_Funk2-108-Eb_comp.jams,1107715,5,3,4,4,mixed,-0.15625,0.3210526406764984,0.1771875,False,0
regression_loops_posthoc__group_audit__cost_1.15__no_favorable_group,2554,4,Funk2-108-Eb,00_Funk2-108-Eb_comp.jams,1124360,4,3,2,2,correction_favored,0.06788793206214905,0.25709715485572815,0.4930268595041322,False,0
regression_loops_posthoc__group_audit__cost_1.15__no_favorable_group,2561,4,Funk2-108-Eb,00_Funk2-108-Eb_comp.jams,1152222,4,3,5,3,regression_favored,-0.40808823704719543,-0.045112788677215576,0.0765625,True,0
regression_loops_posthoc__group_audit__cost_1.15__no_favorable_group,2566,4,Funk2-108-Eb,00_Funk2-108-Eb_comp.jams,1170495,0,3,2,2,mixed,-0.03973013162612915,0.28042328357696533,0.27808887283236994,False,0
regression_loops_posthoc__group_audit__cost_1.15__no_favorable_group,2574,4,Funk2-108-Eb,00_Funk2-108-Eb_comp.jams,1206927,4,3,5,3,regression_favored,-0.48750001192092896,0.0,0.06295955882352941,True,0
regression_loops_posthoc__group_audit__cost_1.15__no_favorable_group,2582,4,Funk2-108-Eb,00_Funk2-108-Eb_comp.jams,1223578,4,3,2,2,mixed,-0.1360023021697998,0.09280706942081451,0.35453869047619047,False,0
regression_loops_posthoc__group_audit__cost_1.15__no_favorable_group,2583,4,Funk2-108-Eb,00_Funk2-108-Eb_comp.jams,1225435,0,3,2,2,mixed,-0.12937061488628387,0.10694444179534912,0.578998447204969,False,0
regression_loops_posthoc__group_audit__cost_1.15__no_favorable_group,2613,4,Funk2-108-Eb,00_Funk2-108-Eb_comp.jams,1299075,4,3,4,4,mixed,-0.25,0.307692289352417,0.12077205882352941,False,0
regression_loops_posthoc__group_audit__cost_1.15__no_favorable_group,2619,4,Funk2-108-Eb,00_Funk2-108-Eb_comp.jams,1311304,1,2,3,3,correction_favored,0.03936123847961426,0.03936123847961426,0.09375,False,0
regression_loops_posthoc__group_audit__cost_1.15__no_favorable_group,2639,4,Funk2-108-Eb,00_Funk2-108-Eb_comp.jams,1359512,5,3,2,2,mixed,-0.1666666567325592,0.11716504395008087,0.4488011006289308,False,0
regression_loops_posthoc__group_audit__cost_1.15__no_favorable_group,2653,4,Funk2-108-Eb,00_Funk2-108-Eb_comp.jams,1409229,4,3,4,4,mixed,-0.18317151069641113,0.2666666805744171,0.1258491847826087,False,0
regression_loops_posthoc__group_audit__cost_1.15__no_favorable_group,2660,4,Funk2-108-Eb,00_Funk2-108-Eb_comp.jams,1428173,4,3,2,2,mixed,-0.16010114550590515,0.1189458966255188,0.4550970873786408,False,0
regression_loops_posthoc__group_audit__cost_1.15__no_favorable_group,2665,4,Funk2-108-Eb,00_Funk2-108-Eb_comp.jams,1439537,4,3,5,3,regression_favored,-0.4155844449996948,0.0,0.028645833333333332,True,0
regression_loops_posthoc__group_audit__cost_1.15__no_favorable_group,2674,4,Funk2-108-Eb,00_Funk2-108-Eb_comp.jams,1482611,5,3,5,5,mixed,-0.2521008253097534,0.07692308723926544,0.023848684210526317,False,0
regression_loops_posthoc__group_audit__cost_1.15__no_favorable_group,2680,4,Funk2-108-Eb,00_Funk2-108-Eb_comp.jams,1495178,4,3,2,2,mixed,-0.19323670864105225,0.08552317321300507,0.4540127840909091,False,0
regression_loops_posthoc__group_audit__cost_1.15__no_favorable_group,2684,4,Funk2-108-Eb,00_Funk2-108-Eb_comp.jams,1519790,4,3,2,2,mixed,-0.19173553586006165,0.11682727932929993,0.3788422131147541,False,0
regression_loops_posthoc__group_audit__cost_1.15__no_favorable_group,2689,4,Funk2-108-Eb,00_Funk2-108-Eb_comp.jams,1536806,4,3,2,2,mixed,-0.174122154712677,0.09499022364616394,0.44294354838709676,False,0
regression_loops_posthoc__group_audit__cost_1.15__no_favorable_group,2693,4,Funk2-108-Eb,00_Funk2-108-Eb_comp.jams,1556110,4,3,2,3,regression_favored,-0.2052927017211914,-0.0009298622608184814,0.278125,True,0
regression_loops_posthoc__group_audit__cost_1.15__no_favorable_group,5084,4,Jazz1-130-D,00_Jazz1-130-D_comp.jams,53600,2,3,4,4,correction_favored,0.11533240973949432,0.22866344451904297,0.1953125,False,0
regression_loops_posthoc__group_audit__cost_1.15__no_favorable_group,5091,4,Jazz1-130-D,00_Jazz1-130-D_comp.jams,72908,3,3,5,3,regression_favored,-0.2190476357936859,-0.07499998807907104,0.065625,True,1
regression_loops_posthoc__group_audit__cost_1.15__no_favorable_group,5108,4,Jazz1-130-D,00_Jazz1-130-D_comp.jams,141017,5,3,4,4,mixed,-0.03333333134651184,0.3399999737739563,0.13692434210526316,False,0
regression_loops_posthoc__group_audit__cost_1.15__no_favorable_group,5126,4,Jazz1-130-D,00_Jazz1-130-D_comp.jams,181524,3,3,2,2,mixed,-0.1147233098745346,0.06022544205188751,0.581023185483871,False,0
regression_loops_posthoc__group_audit__cost_1.15__no_favorable_group,5141,4,Jazz1-130-D,00_Jazz1-130-D_comp.jams,215602,1,3,2,2,mixed,-0.009803920984268188,0.2662026882171631,0.315270390070922,False,0
regression_loops_posthoc__group_audit__cost_1.15__no_favorable_group,5147,4,Jazz1-130-D,00_Jazz1-130-D_comp.jams,235580,5,3,4,4,mixed,-0.05718475580215454,0.23846152424812317,0.1689732142857143,False,0
regression_loops_posthoc__group_audit__cost_1.15__no_favorable_group,5166,4,Jazz1-130-D,00_Jazz1-130-D_comp.jams,297574,5,3,5,3,regression_favored,-0.15901455283164978,-0.12007169425487518,0.096875,True,-1
regression_loops_posthoc__group_audit__cost_1.15__no_favorable_group,5183,4,Jazz1-130-D,00_Jazz1-130-D_comp.jams,358751,3,3,4,4,correction_favored,0.06659507751464844,0.3371126353740692,0.22083333333333333,False,0
regression_loops_posthoc__group_audit__cost_1.15__no_favorable_group,5196,4,Jazz1-130-D,00_Jazz1-130-D_comp.jams,385973,3,3,4,4,mixed,-0.20074766874313354,0.3464611768722534,0.2298228346456693,False,0
regression_loops_posthoc__group_audit__cost_1.15__no_favorable_group,5210,4,Jazz1-130-D,00_Jazz1-130-D_comp.jams,416188,1,2,3,3,correction_favored,0.0,0.1128542423248291,0.17410714285714285,False,0
regression_loops_posthoc__group_audit__cost_1.15__no_favorable_group,5220,4,Jazz1-130-D,00_Jazz1-130-D_comp.jams,438337,0,3,2,2,mixed,-0.10377359390258789,0.20946399867534637,0.3524038461538462,False,0
regression_loops_posthoc__group_audit__cost_1.15__no_favorable_group,5236,4,Jazz1-130-D,00_Jazz1-130-D_comp.jams,479712,3,3,2,2,mixed,-0.08939975500106812,0.05142331123352051,0.54609375,False,0
regression_loops_posthoc__group_audit__cost_1.15__no_favorable_group,5278,4,Jazz1-130-D,00_Jazz1-130-D_comp.jams,642024,2,3,2,2,mixed,-0.19354839622974396,0.01791936159133911,0.44011976047904194,False,0
regression_loops_posthoc__group_audit__cost_1.15__no_favorable_group,5285,4,Jazz1-130-D,00_Jazz1-130-D_comp.jams,672060,4,3,4,4,mixed,-0.1496598720550537,0.3202531933784485,0.12133487654320987,False,0
regression_loops_posthoc__group_audit__cost_1.15__no_favorable_group,5298,4,Jazz1-130-D,00_Jazz1-130-D_comp.jams,704898,5,3,4,4,mixed,-0.07301588356494904,0.30635207891464233,0.20919296116504854,False,0
regression_loops_posthoc__group_audit__cost_1.15__no_favorable_group,5303,4,Jazz1-130-D,00_Jazz1-130-D_comp.jams,725185,5,3,4,4,correction_favored,0.06969696283340454,0.2495894879102707,0.14564732142857142,False,0
regression_loops_posthoc__group_audit__cost_1.15__no_favorable_group,5307,4,Jazz1-130-D,00_Jazz1-130-D_comp.jams,734380,4,4,3,3,mixed,-0.04580897092819214,0.5295982956886292,0.4340734649122807,False,0
regression_loops_posthoc__group_audit__cost_1.15__no_favorable_group,5311,4,Jazz1-130-D,00_Jazz1-130-D_comp.jams,744788,3,3,2,2,mixed,-0.23933209478855133,0.1575188934803009,0.23077876984126985,False,0
regression_loops_posthoc__group_audit__cost_1.15__no_favorable_group,5360,4,Jazz1-130-D,00_Jazz1-130-D_comp.jams,866681,1,3,2,2,correction_favored,0.005945295095443726,0.3377496004104614,0.4696557971014493,False,0
regression_loops_posthoc__group_audit__cost_1.15__no_favorable_group,5382,4,Jazz1-130-D,00_Jazz1-130-D_comp.jams,928205,3,3,2,2,mixed,-0.24137930572032928,0.08709093928337097,0.344281462585034,False,0
regression_loops_posthoc__group_audit__cost_1.15__no_favorable_group,6877,4,Jazz3-137-Eb,00_Jazz3-137-Eb_comp.jams,19743,4,3,4,4,mixed,-0.060322850942611694,0.22749821841716766,0.1514945652173913,False,0
regression_loops_posthoc__group_audit__cost_1.15__no_favorable_group,6886,4,Jazz3-137-Eb,00_Jazz3-137-Eb_comp.jams,50129,3,3,4,4,correction_favored,0.07897436618804932,0.20672784745693207,0.05803571428571429,False,0
regression_loops_posthoc__group_audit__cost_1.15__no_favorable_group,6890,4,Jazz3-137-Eb,00_Jazz3-137-Eb_comp.jams,69767,3,3,2,3,regression_favored,-0.27489176392555237,-0.08663854002952576,0.5093201754385965,True,1
regression_loops_posthoc__group_audit__cost_1.15__no_favorable_group,6912,4,Jazz3-137-Eb,00_Jazz3-137-Eb_comp.jams,146553,4,3,2,2,mixed,-0.19507388770580292,0.10574790835380554,0.3352272727272727,False,0
regression_loops_posthoc__group_audit__cost_1.15__no_favorable_group,6935,4,Jazz3-137-Eb,00_Jazz3-137-Eb_comp.jams,204639,4,3,5,3,regression_favored,-0.1666666567325592,-0.0011820495128631592,0.06640625,True,0
regression_loops_posthoc__group_audit__cost_1.15__no_favorable_group,6939,4,Jazz3-137-Eb,00_Jazz3-137-Eb_comp.jams,224202,3,3,2,2,mixed,-0.20598912239074707,0.1683332473039627,0.3507486979166667,False,0
regression_loops_posthoc__group_audit__cost_1.15__no_favorable_group,6940,4,Jazz3-137-Eb,00_Jazz3-137-Eb_comp.jams,242640,4,3,2,3,regression_favored,-0.28125879168510437,-0.017000585794448853,0.44510508849557523,True,0
regression_loops_posthoc__group_audit__cost_1.15__no_favorable_group,6944,4,Jazz3-137-Eb,00_Jazz3-137-Eb_comp.jams,270128,3,3,2,2,mixed,-0.19568966329097748,0.2541666626930237,0.35961174242424243,False,0
regression_loops_posthoc__group_audit__cost_1.15__no_favorable_group,6951,4,Jazz3-137-Eb,00_Jazz3-137-Eb_comp.jams,301583,2,3,2,2,mixed,-0.16515837609767914,0.2346542477607727,0.229375,False,0
regression_loops_posthoc__group_audit__cost_1.15__no_favorable_group,6978,4,Jazz3-137-Eb,00_Jazz3-137-Eb_comp.jams,397624,2,3,2,2,mixed,-0.09239298105239868,0.03979805111885071,0.3828125,False,0
regression_loops_posthoc__group_audit__cost_1.15__no_favorable_group,6981,4,Jazz3-137-Eb,00_Jazz3-137-Eb_comp.jams,424291,4,3,4,4,mixed,-0.011707305908203125,0.24450744688510895,0.08491847826086957,False,0
regression_loops_posthoc__group_audit__cost_1.15__no_favorable_group,6998,4,Jazz3-137-Eb,00_Jazz3-137-Eb_comp.jams,482337,5,3,4,4,correction_favored,0.0272044837474823,0.24290083348751068,0.236328125,False,0
regression_loops_posthoc__group_audit__cost_1.15__no_favorable_group,7023,4,Jazz3-137-Eb,00_Jazz3-137-Eb_comp.jams,579231,3,3,2,2,mixed,-0.26687875390052795,0.03917819261550903,0.4245211693548387,False,0
regression_loops_posthoc__group_audit__cost_1.15__no_favorable_group,7032,4,Jazz3-137-Eb,00_Jazz3-137-Eb_comp.jams,597903,5,3,2,2,mixed,-0.0706012099981308,0.2234904170036316,0.5053790983606558,False,0
regression_loops_posthoc__group_audit__cost_1.15__no_favorable_group,7045,4,Jazz3-137-Eb,00_Jazz3-137-Eb_comp.jams,635382,4,3,4,4,correction_favored,0.11335402727127075,0.40504586696624756,0.14479166666666668,False,0
regression_loops_posthoc__group_audit__cost_1.15__no_favorable_group,7053,4,Jazz3-137-Eb,00_Jazz3-137-Eb_comp.jams,670232,3,3,2,2,mixed,-0.09335574507713318,0.3261948823928833,0.45933948863636365,False,0
regression_loops_posthoc__group_audit__cost_1.15__no_favorable_group,7055,4,Jazz3-137-Eb,00_Jazz3-137-Eb_comp.jams,688038,4,3,2,2,correction_favored,0.03529411554336548,0.42133331298828125,0.18046875,False,0
regression_loops_posthoc__group_audit__cost_1.15__no_favorable_group,7064,4,Jazz3-137-Eb,00_Jazz3-137-Eb_comp.jams,715483,1,2,3,3,correction_favored,0.10270774364471436,0.24514305591583252,0.08423913043478261,False,0
regression_loops_posthoc__group_audit__cost_1.15__no_favorable_group,7088,4,Jazz3-137-Eb,00_Jazz3-137-Eb_comp.jams,841521,3,3,2,2,correction_favored,0.07830995321273804,0.11100384593009949,0.1953125,False,0
regression_loops_posthoc__group_audit__cost_1.15__no_favorable_group,7196,4,Jazz3-137-Eb,00_Jazz3-137-Eb_solo.jams,5,2,3,2,2,correction_favored,0.06500837206840515,0.33264458179473877,0.23304115853658536,False,0
regression_loops_posthoc__group_audit__cost_1.15__no_favorable_group,7317,4,Jazz3-137-Eb,00_Jazz3-137-Eb_solo.jams,588921,1,3,2,2,mixed,-0.14175400137901306,0.07588759809732437,0.39575381679389315,False,0
regression_loops_posthoc__group_audit__cost_1.15__no_favorable_group,7321,4,Jazz3-137-Eb,00_Jazz3-137-Eb_solo.jams,598843,1,3,2,2,mixed,-0.026883959770202637,0.31599998474121094,0.4100654069767442,False,0
regression_loops_posthoc__group_audit__cost_1.15__no_favorable_group,7323,4,Jazz3-137-Eb,00_Jazz3-137-Eb_solo.jams,607947,1,3,2,2,mixed,-0.09814324975013733,0.31599998474121094,0.43153901734104044,False,0
regression_loops_posthoc__group_audit__cost_1.15__no_favorable_group,7337,4,Jazz3-137-Eb,00_Jazz3-137-Eb_solo.jams,734420,1,3,2,2,mixed,-0.04688394069671631,0.30235934257507324,0.3856608072916667,False,0
regression_loops_posthoc__group_audit__cost_1.15__no_favorable_group,8688,4,Rock1-90-C#,00_Rock1-90-C#_comp.jams,4,5,3,4,4,mixed,-0.16765107214450836,0.32655829191207886,0.21625,False,0
regression_loops_posthoc__group_audit__cost_1.15__no_favorable_group,8701,4,Rock1-90-C#,00_Rock1-90-C#_comp.jams,29373,4,3,4,4,correction_favored,0.051627397537231445,0.2990456223487854,0.19886363636363635,False,0
regression_loops_posthoc__group_audit__cost_1.15__no_favorable_group,8726,4,Rock1-90-C#,00_Rock1-90-C#_comp.jams,85746,4,3,2,2,mixed,-0.1009242832660675,0.22089286148548126,0.4475556930693069,False,0
regression_loops_posthoc__group_audit__cost_1.15__no_favorable_group,8730,4,Rock1-90-C#,00_Rock1-90-C#_comp.jams,93647,4,3,2,2,correction_favored,0.016065984964370728,0.140916109085083,0.6959635416666666,False,0
regression_loops_posthoc__group_audit__cost_1.15__no_favorable_group,8739,4,Rock1-90-C#,00_Rock1-90-C#_comp.jams,115570,5,3,5,5,mixed,-0.1515151411294937,0.0023529380559921265,0.1046875,False,0
regression_loops_posthoc__group_audit__cost_1.15__no_favorable_group,8765,4,Rock1-90-C#,00_Rock1-90-C#_comp.jams,181448,3,3,2,2,mixed,-0.055610910058021545,0.14754100143909454,0.5871350364963503,False,0
regression_loops_posthoc__group_audit__cost_1.15__no_favorable_group,8775,4,Rock1-90-C#,00_Rock1-90-C#_comp.jams,205699,5,3,4,4,mixed,-0.07836088538169861,0.31518983840942383,0.2447076612903226,False,0
regression_loops_posthoc__group_audit__cost_1.15__no_favorable_group,8780,4,Rock1-90-C#,00_Rock1-90-C#_comp.jams,216076,0,3,2,2,mixed,-0.005155742168426514,0.2033492922782898,0.7013190954773869,False,0
regression_loops_posthoc__group_audit__cost_1.15__no_favorable_group,8788,4,Rock1-90-C#,00_Rock1-90-C#_comp.jams,234854,5,3,4,4,mixed,-0.12950339913368225,0.3821733891963959,0.21027260638297873,False,0
regression_loops_posthoc__group_audit__cost_1.15__no_favorable_group,8801,4,Rock1-90-C#,00_Rock1-90-C#_comp.jams,265212,4,3,4,3,regression_favored,-0.07300511002540588,-0.037037044763565063,0.109375,True,-1
regression_loops_posthoc__group_audit__cost_1.15__no_favorable_group,8811,4,Rock1-90-C#,00_Rock1-90-C#_comp.jams,287789,5,3,4,4,mixed,-0.14814814925193787,0.05794301629066467,0.1069078947368421,False,0
regression_loops_posthoc__group_audit__cost_1.15__no_favorable_group,8824,4,Rock1-90-C#,00_Rock1-90-C#_comp.jams,317714,5,3,4,3,regression_favored,-0.14542651176452637,-0.054455459117889404,0.04017857142857143,True,0
regression_loops_posthoc__group_audit__cost_1.15__no_favorable_group,8837,4,Rock1-90-C#,00_Rock1-90-C#_comp.jams,346319,4,3,4,4,mixed,-0.010958880186080933,0.1872410774230957,0.08948863636363637,False,0
regression_loops_posthoc__group_audit__cost_1.15__no_favorable_group,8874,4,Rock1-90-C#,00_Rock1-90-C#_comp.jams,438480,5,3,4,4,mixed,-0.057008713483810425,0.26530611515045166,0.19131944444444443,False,0
regression_loops_posthoc__group_audit__cost_1.15__no_favorable_group,8875,4,Rock1-90-C#,00_Rock1-90-C#_comp.jams,440270,0,3,2,2,mixed,-0.08314606547355652,0.22628097236156464,0.5306299603174603,False,0
regression_loops_posthoc__group_audit__cost_1.15__no_favorable_group,8884,4,Rock1-90-C#,00_Rock1-90-C#_comp.jams,460594,6,3,2,3,regression_favored,-0.3393566608428955,-0.04438436031341553,0.278125,True,0
regression_loops_posthoc__group_audit__cost_1.15__no_favorable_group,8901,4,Rock1-90-C#,00_Rock1-90-C#_comp.jams,501347,6,4,5,5,mixed,-0.07331377267837524,0.09052631258964539,0.196875,False,0
regression_loops_posthoc__group_audit__cost_1.15__no_favorable_group,8909,4,Rock1-90-C#,00_Rock1-90-C#_comp.jams,522477,4,3,4,4,correction_favored,0.08771929144859314,0.34146344661712646,0.2248263888888889,False,0
regression_loops_posthoc__group_audit__cost_1.15__no_favorable_group,8918,4,Rock1-90-C#,00_Rock1-90-C#_comp.jams,541340,0,3,2,2,mixed,-0.04803922772407532,0.19548872113227844,0.6503048780487805,False,0
regression_loops_posthoc__group_audit__cost_1.15__no_favorable_group,8922,4,Rock1-90-C#,00_Rock1-90-C#_comp.jams,551075,4,3,4,4,mixed,-0.05851064622402191,0.09549625217914581,0.15078125,False,0
regression_loops_posthoc__group_audit__cost_1.15__no_favorable_group,8940,4,Rock1-90-C#,00_Rock1-90-C#_comp.jams,586398,6,3,4,4,correction_favored,0.09388333559036255,0.09388333559036255,0.109375,False,0
regression_loops_posthoc__group_audit__cost_1.15__no_favorable_group,8954,4,Rock1-90-C#,00_Rock1-90-C#_comp.jams,615332,4,3,4,4,mixed,-0.3392857015132904,0.05194807052612305,0.14694940476190477,False,0
regression_loops_posthoc__group_audit__cost_1.15__no_favorable_group,8965,4,Rock1-90-C#,00_Rock1-90-C#_comp.jams,637185,3,3,2,3,regression_favored,-0.21847505867481232,-0.011680155992507935,0.41513480392156865,True,1
regression_loops_posthoc__group_audit__cost_1.15__no_favorable_group,8981,4,Rock1-90-C#,00_Rock1-90-C#_comp.jams,674948,4,3,4,4,mixed,-0.220445454120636,0.17655500769615173,0.148840206185567,False,0
regression_loops_posthoc__group_audit__cost_1.15__no_favorable_group,8991,4,Rock1-90-C#,00_Rock1-90-C#_comp.jams,704239,4,3,4,4,mixed,-0.2857142686843872,0.32934778928756714,0.19444444444444445,False,0
regression_loops_posthoc__group_audit__cost_1.15__no_favorable_group,9004,4,Rock1-90-C#,00_Rock1-90-C#_comp.jams,736184,5,3,4,4,correction_favored,0.013888895511627197,0.1768421083688736,0.2604166666666667,False,0
regression_loops_posthoc__group_audit__cost_1.15__no_favorable_group,9020,4,Rock1-90-C#,00_Rock1-90-C#_comp.jams,771873,5,3,4,4,mixed,-0.3009345829486847,0.110047847032547,0.17918882978723405,False,0
regression_loops_posthoc__group_audit__cost_1.15__no_favorable_group,9024,4,Rock1-90-C#,00_Rock1-90-C#_comp.jams,781031,3,3,4,4,mixed,-0.08864864706993103,0.10140055418014526,0.1907051282051282,False,0
regression_loops_posthoc__group_audit__cost_1.15__no_favorable_group,9055,4,Rock1-90-C#,00_Rock1-90-C#_comp.jams,852406,5,3,4,4,mixed,-0.06864988803863525,0.3069073557853699,0.1728078358208955,False,0
regression_loops_posthoc__group_audit__cost_1.15__no_favorable_group,9058,4,Rock1-90-C#,00_Rock1-90-C#_comp.jams,859444,5,3,4,3,regression_favored,-0.17329908907413483,-0.08669354021549225,0.13169642857142858,True,0
regression_loops_posthoc__group_audit__cost_1.15__no_favorable_group,9061,4,Rock1-90-C#,00_Rock1-90-C#_comp.jams,867202,4,3,4,4,mixed,-0.12058822810649872,0.0698954164981842,0.09875,False,0
regression_loops_posthoc__group_audit__cost_1.15__no_favorable_group,9066,4,Rock1-90-C#,00_Rock1-90-C#_comp.jams,879807,4,3,2,2,mixed,-0.09757474064826965,0.18079492449760437,0.476978550295858,False,0
regression_loops_posthoc__group_audit__cost_1.15__no_favorable_group,9075,4,Rock1-90-C#,00_Rock1-90-C#_comp.jams,901871,5,3,4,4,mixed,-0.05339804291725159,0.25998225808143616,0.11655405405405406,False,0
regression_loops_posthoc__group_audit__cost_1.15__no_favorable_group,9087,4,Rock1-90-C#,00_Rock1-90-C#_comp.jams,930230,1,3,2,2,mixed,-0.18689154088497162,0.15207374095916748,0.4556878306878307,False,0
regression_loops_posthoc__group_audit__cost_1.15__no_favorable_group,9088,4,Rock1-90-C#,00_Rock1-90-C#_comp.jams,932199,0,3,2,2,mixed,-0.12163960933685303,0.15669725835323334,0.44580853174603174,False,0
regression_loops_posthoc__group_audit__cost_1.15__no_favorable_group,9091,4,Rock1-90-C#,00_Rock1-90-C#_comp.jams,939370,2,3,2,2,mixed,-0.13708512485027313,0.11230124533176422,0.4633384146341463,False,0
regression_loops_posthoc__group_audit__cost_1.15__no_favorable_group,9099,4,Rock1-90-C#,00_Rock1-90-C#_comp.jams,969198,6,3,4,4,mixed,-0.05288463830947876,0.3602484166622162,0.17606314432989692,False,0
regression_loops_posthoc__group_audit__cost_1.15__no_favorable_group,9108,4,Rock1-90-C#,00_Rock1-90-C#_comp.jams,990732,4,3,4,4,mixed,-0.21654929220676422,0.34390243887901306,0.1793064024390244,False,0
regression_loops_posthoc__group_audit__cost_1.15__no_favorable_group,9116,4,Rock1-90-C#,00_Rock1-90-C#_comp.jams,1006298,4,3,4,3,regression_favored,-0.1070706844329834,-0.054455459117889404,0.0390625,True,-1
regression_loops_posthoc__group_audit__cost_1.15__no_favorable_group,9133,4,Rock1-90-C#,00_Rock1-90-C#_comp.jams,1042615,6,4,5,5,mixed,-0.09999999403953552,0.5284091234207153,0.11960227272727272,False,0
regression_loops_posthoc__group_audit__cost_1.15__no_favorable_group,9140,4,Rock1-90-C#,00_Rock1-90-C#_comp.jams,1056298,5,2,4,4,mixed,-0.20129869878292084,0.11080710589885712,0.08648255813953488,False,0
regression_loops_posthoc__group_audit__cost_1.15__no_favorable_group,9146,4,Rock1-90-C#,00_Rock1-90-C#_comp.jams,1070981,4,3,2,2,correction_favored,0.05567789077758789,0.09330630302429199,0.296875,False,0
regression_loops_posthoc__group_audit__cost_1.15__no_favorable_group,9154,4,Rock1-90-C#,00_Rock1-90-C#_comp.jams,1087078,4,3,4,4,mixed,-0.2760472595691681,0.04347828030586243,0.04525862068965517,False,0
regression_loops_posthoc__group_audit__cost_1.15__no_favorable_group,9165,4,Rock1-90-C#,00_Rock1-90-C#_comp.jams,1108285,6,3,4,4,mixed,-0.03988867998123169,0.1640816330909729,0.14375,False,0
regression_loops_posthoc__group_audit__cost_1.15__no_favorable_group,9176,4,Rock1-90-C#,00_Rock1-90-C#_comp.jams,1130282,5,3,2,2,mixed,-0.009736448526382446,0.12241670489311218,0.47681451612903225,False,0
regression_loops_posthoc__group_audit__cost_1.15__no_favorable_group,9184,4,Rock1-90-C#,00_Rock1-90-C#_comp.jams,1145732,6,3,4,4,mixed,-0.09316769242286682,0.3239726126194,0.13349780701754385,False,0
regression_loops_posthoc__group_audit__cost_1.15__no_favorable_group,9191,4,Rock1-90-C#,00_Rock1-90-C#_comp.jams,1160385,5,3,2,2,mixed,-0.2065051943063736,0.13751250505447388,0.4934593023255814,False,0
regression_loops_posthoc__group_audit__cost_1.15__no_favorable_group,9196,4,Rock1-90-C#,00_Rock1-90-C#_comp.jams,1175051,6,3,4,4,correction_favored,0.044965773820877075,0.3876337707042694,0.2579166666666667,False,0
regression_loops_posthoc__group_audit__cost_1.15__no_favorable_group,9211,4,Rock1-90-C#,00_Rock1-90-C#_comp.jams,1204658,6,3,2,2,correction_favored,0.0999174416065216,0.2725995182991028,0.46634615384615385,False,0
regression_loops_posthoc__group_audit__cost_1.15__no_favorable_group,9237,4,Rock1-90-C#,00_Rock1-90-C#_comp.jams,1255525,3,3,2,2,mixed,-0.09121465682983398,0.18736569583415985,0.595735497237569,False,0
regression_loops_posthoc__group_audit__cost_1.15__no_favorable_group,9296,4,Rock1-90-C#,00_Rock1-90-C#_comp.jams,1382162,5,3,2,3,regression_favored,-0.25655171275138855,-0.013026177883148193,0.62548828125,True,0
regression_loops_posthoc__group_audit__cost_1.15__no_favorable_group,9331,4,Rock1-90-C#,00_Rock1-90-C#_solo.jams,71163,2,3,2,2,correction_favored,0.017094016075134277,0.26358896493911743,0.5894886363636364,False,0
regression_loops_posthoc__group_audit__cost_1.15__no_favorable_group,9367,4,Rock1-90-C#,00_Rock1-90-C#_solo.jams,168710,1,3,2,2,mixed,-0.16335587203502655,0.10822512209415436,0.49800531914893614,False,0
regression_loops_posthoc__group_audit__cost_1.15__no_favorable_group,9429,4,Rock1-90-C#,00_Rock1-90-C#_solo.jams,367878,2,3,2,2,mixed,-0.27781620621681213,0.13527947664260864,0.5944711538461539,False,0
regression_loops_posthoc__group_audit__cost_1.15__no_favorable_group,9446,4,Rock1-90-C#,00_Rock1-90-C#_solo.jams,411033,2,3,2,2,mixed,-0.04081633687019348,0.15573769807815552,0.5964781746031746,False,0
regression_loops_posthoc__group_audit__cost_1.15__no_favorable_group,9469,4,Rock1-90-C#,00_Rock1-90-C#_solo.jams,468042,2,4,3,4,regression_favored,-0.1017129123210907,-0.021255433559417725,0.6744791666666666,True,0
regression_loops_posthoc__group_audit__cost_1.15__no_favorable_group,9505,4,Rock1-90-C#,00_Rock1-90-C#_solo.jams,587219,2,4,2,2,mixed,-0.10625620186328888,0.4083484411239624,0.318299672489083,False,0
regression_loops_posthoc__group_audit__cost_1.15__no_favorable_group,9527,4,Rock1-90-C#,00_Rock1-90-C#_solo.jams,645296,2,4,2,2,mixed,-0.21043124794960022,0.111111119389534,0.2550095419847328,False,0
regression_loops_posthoc__group_audit__cost_1.15__no_favorable_group,14191,4,SS2-107-Ab,00_SS2-107-Ab_comp.jams,290204,1,3,2,2,mixed,-0.2939665913581848,0.1696428656578064,0.4789970930232558,False,0
regression_loops_posthoc__group_audit__cost_1.15__no_favorable_group,14215,4,SS2-107-Ab,00_SS2-107-Ab_comp.jams,384844,3,3,2,3,regression_favored,-0.2860962748527527,-0.004300057888031006,0.1875,True,1
regression_loops_posthoc__group_audit__cost_1.15__no_favorable_group,14373,4,SS2-107-Ab,00_SS2-107-Ab_comp.jams,834213,1,3,2,3,regression_favored,-0.2208828181028366,-0.004495501518249512,0.546875,True,0
regression_loops_posthoc__group_audit__cost_1.15__no_favorable_group,14395,4,SS2-107-Ab,00_SS2-107-Ab_comp.jams,892794,1,3,2,2,mixed,-0.31808942556381226,0.05590061843395233,0.2131076388888889,False,0
regression_loops_posthoc__group_audit__cost_1.15__no_favorable_group,14430,4,SS2-107-Ab,00_SS2-107-Ab_comp.jams,963836,1,3,2,2,mixed,-0.2226414978504181,0.18796992301940918,0.41491477272727273,False,0
regression_loops_posthoc__group_audit__cost_1.15__no_favorable_group,14439,4,SS2-107-Ab,00_SS2-107-Ab_comp.jams,1001541,1,3,2,2,mixed,-0.1317647099494934,0.25803467631340027,0.42273622047244097,False,0
regression_loops_posthoc__group_audit__cost_1.15__no_favorable_group,14450,4,SS2-107-Ab,00_SS2-107-Ab_comp.jams,1033928,1,3,2,2,mixed,-0.20117239654064178,0.1305403858423233,0.5728902284263959,False,0
regression_loops_posthoc__group_audit__cost_1.15__no_favorable_group,14455,4,SS2-107-Ab,00_SS2-107-Ab_comp.jams,1046413,0,3,2,2,mixed,-0.193584606051445,0.1472645103931427,0.5060206422018348,False,0
regression_loops_posthoc__group_audit__cost_1.15__no_favorable_group,14501,4,SS2-107-Ab,00_SS2-107-Ab_comp.jams,1175855,1,3,2,2,mixed,-0.16347379982471466,0.3333333730697632,0.3776398401826484,False,0
regression_loops_posthoc__group_audit__cost_1.15__no_favorable_group,14539,4,SS2-107-Ab,00_SS2-107-Ab_comp.jams,1298798,2,4,2,2,mixed,-0.05645450949668884,0.45194804668426514,0.4220770474137931,False,0
regression_loops_posthoc__group_audit__cost_1.15__no_favorable_group,14567,4,SS2-107-Ab,00_SS2-107-Ab_comp.jams,1416432,2,3,2,2,correction_favored,0.16767676174640656,0.1839839220046997,0.34375,False,0
regression_loops_posthoc__group_audit__cost_1.15__no_favorable_group,14598,4,SS2-107-Ab,00_SS2-107-Ab_comp.jams,1497124,1,3,2,2,mixed,-0.2626751661300659,0.15529954433441162,0.4411114386792453,False,0
regression_loops_posthoc__group_audit__cost_1.15__no_favorable_group,14627,4,SS2-107-Ab,00_SS2-107-Ab_comp.jams,1571601,0,3,2,2,mixed,-0.23374612629413605,0.12244898080825806,0.48011363636363635,False,0
regression_loops_posthoc__group_audit__cost_1.15__no_favorable_group,14631,4,SS2-107-Ab,00_SS2-107-Ab_solo.jams,5,1,2,3,3,correction_favored,0.013305604457855225,0.41731345653533936,0.46336206896551724,False,0
regression_loops_posthoc__group_audit__cost_1.15__no_favorable_group,14636,4,SS2-107-Ab,00_SS2-107-Ab_solo.jams,13093,1,3,2,2,mixed,-0.08895769715309143,0.1375124752521515,0.5606060606060606,False,0
regression_loops_posthoc__group_audit__cost_1.15__no_favorable_group,18861,4,Funk2-108-Eb,01_Funk2-108-Eb_comp.jams,79421,3,3,5,3,regression_favored,-0.2014184445142746,-0.2014184445142746,0.046875,True,1
regression_loops_posthoc__group_audit__cost_1.15__no_favorable_group,18864,4,Funk2-108-Eb,01_Funk2-108-Eb_comp.jams,97583,0,3,2,2,mixed,-0.16510847210884094,0.02582034468650818,0.447265625,False,0
regression_loops_posthoc__group_audit__cost_1.15__no_favorable_group,18891,4,Funk2-108-Eb,01_Funk2-108-Eb_comp.jams,208631,2,3,4,4,mixed,-0.3521624207496643,0.19387757778167725,0.05716765873015873,False,0
regression_loops_posthoc__group_audit__cost_1.15__no_favorable_group,18899,4,Funk2-108-Eb,01_Funk2-108-Eb_comp.jams,244956,4,3,4,4,mixed,-0.2460317462682724,0.06969696283340454,0.07723721590909091,False,0
regression_loops_posthoc__group_audit__cost_1.15__no_favorable_group,18908,4,Funk2-108-Eb,01_Funk2-108-Eb_comp.jams,281714,4,3,4,4,mixed,-0.00765305757522583,0.10278746485710144,0.2916666666666667,False,0
regression_loops_posthoc__group_audit__cost_1.15__no_favorable_group,18935,4,Funk2-108-Eb,01_Funk2-108-Eb_comp.jams,392634,1,3,2,2,mixed,-0.03973013162612915,0.20276498794555664,0.3312136627906977,False,0
regression_loops_posthoc__group_audit__cost_1.15__no_favorable_group,18952,4,Funk2-108-Eb,01_Funk2-108-Eb_comp.jams,460283,3,3,4,4,mixed,-0.06982871890068054,0.018264830112457275,0.1328125,False,0
regression_loops_posthoc__group_audit__cost_1.15__no_favorable_group,18956,4,Funk2-108-Eb,01_Funk2-108-Eb_comp.jams,477143,3,3,2,2,mixed,-0.13222262263298035,0.013530120253562927,0.47833508403361347,False,0
regression_loops_posthoc__group_audit__cost_1.15__no_favorable_group,18957,4,Funk2-108-Eb,01_Funk2-108-Eb_comp.jams,478918,1,3,2,2,mixed,-0.12591780722141266,0.08553458750247955,0.5749577702702703,False,0
regression_loops_posthoc__group_audit__cost_1.15__no_favorable_group,18959,4,Funk2-108-Eb,01_Funk2-108-Eb_comp.jams,484805,4,3,5,5,mixed,-0.07619047909975052,0.00952380895614624,0.046875,False,0
regression_loops_posthoc__group_audit__cost_1.15__no_favorable_group,18963,4,Funk2-108-Eb,01_Funk2-108-Eb_comp.jams,502813,3,3,2,2,mixed,-0.10600781440734863,0.07660454511642456,0.4215448943661972,False,0
regression_loops_posthoc__group_audit__cost_1.15__no_favorable_group,18969,4,Funk2-108-Eb,01_Funk2-108-Eb_comp.jams,538817,2,3,2,3,regression_favored,-0.2652825713157654,-0.05533596873283386,0.2621527777777778,True,-1
regression_loops_posthoc__group_audit__cost_1.15__no_favorable_group,19018,4,Funk2-108-Eb,01_Funk2-108-Eb_comp.jams,815639,2,3,2,2,mixed,-0.2044817954301834,0.10471834242343903,0.3998523622047244,False,0
regression_loops_posthoc__group_audit__cost_1.15__no_favorable_group,19026,4,Funk2-108-Eb,01_Funk2-108-Eb_comp.jams,863971,2,3,2,2,mixed,-0.3717647194862366,0.12063491344451904,0.14211309523809523,False,0
regression_loops_posthoc__group_audit__cost_1.15__no_favorable_group,19048,4,Funk2-108-Eb,01_Funk2-108-Eb_comp.jams,968447,2,3,2,2,mixed,-0.3125,0.18518517911434174,0.3845016891891892,False,0
regression_loops_posthoc__group_audit__cost_1.15__no_favorable_group,19072,4,Funk2-108-Eb,01_Funk2-108-Eb_comp.jams,1065672,2,3,5,3,regression_favored,-0.34224599599838257,-0.0009671151638031006,0.09791666666666667,True,0
regression_loops_posthoc__group_audit__cost_1.15__no_favorable_group,19090,4,Funk2-108-Eb,01_Funk2-108-Eb_comp.jams,1162265,0,3,2,2,mixed,-0.1849214732646942,0.14761905372142792,0.3551925505050505,False,0
regression_loops_posthoc__group_audit__cost_1.15__no_favorable_group,19098,4,Funk2-108-Eb,01_Funk2-108-Eb_comp.jams,1206807,3,3,5,5,unsupported,-0.125,-0.08510637283325195,0.0,False,0
regression_loops_posthoc__group_audit__cost_1.15__no_favorable_group,19117,4,Funk2-108-Eb,01_Funk2-108-Eb_comp.jams,1273797,1,3,2,2,mixed,-0.167832151055336,0.04387769103050232,0.5012842465753424,False,0
regression_loops_posthoc__group_audit__cost_1.15__no_favorable_group,19128,4,Funk2-108-Eb,01_Funk2-108-Eb_comp.jams,1323234,3,3,2,2,mixed,-0.09918862581253052,0.06337887048721313,0.2799479166666667,False,0
regression_loops_posthoc__group_audit__cost_1.15__no_favorable_group,19131,4,Funk2-108-Eb,01_Funk2-108-Eb_comp.jams,1341534,1,3,2,2,correction_favored,0.11656346917152405,0.1288515329360962,0.1328125,False,0
regression_loops_posthoc__group_audit__cost_1.15__no_favorable_group,19139,4,Funk2-108-Eb,01_Funk2-108-Eb_comp.jams,1372553,0,3,2,2,mixed,-0.15393377840518951,0.15864525735378265,0.4799458661417323,False,0
regression_loops_posthoc__group_audit__cost_1.15__no_favorable_group,19170,4,Funk2-108-Eb,01_Funk2-108-Eb_comp.jams,1519179,3,3,2,2,mixed,-0.12381197512149811,0.12299466133117676,0.363556338028169,False,0
regression_loops_posthoc__group_audit__cost_1.15__no_favorable_group,19450,4,Funk2-108-Eb,01_Funk2-108-Eb_solo.jams,1494258,1,3,2,2,mixed,-0.3086049556732178,0.18666665256023407,0.23145833333333332,False,0
regression_loops_posthoc__group_audit__cost_1.15__no_favorable_group,19454,4,Funk2-108-Eb,01_Funk2-108-Eb_solo.jams,1518635,1,3,2,2,mixed,-0.24362817406654358,0.12984080612659454,0.1550925925925926,False,0
regression_loops_posthoc__group_audit__cost_1.15__no_favorable_group,21402,4,Jazz1-130-D,01_Jazz1-130-D_comp.jams,73418,2,3,2,2,mixed,-0.16691359877586365,0.12092265486717224,0.4095052083333333,False,0
regression_loops_posthoc__group_audit__cost_1.15__no_favorable_group,21477,4,Jazz1-130-D,01_Jazz1-130-D_comp.jams,460991,2,3,2,2,mixed,-0.1068839430809021,0.1979166716337204,0.38548259493670883,False,0
regression_loops_posthoc__group_audit__cost_1.15__no_favorable_group,21493,4,Jazz1-130-D,01_Jazz1-130-D_comp.jams,523047,2,3,2,3,regression_favored,-0.15626855194568634,-0.08860757946968079,0.5290178571428571,True,-1
regression_loops_posthoc__group_audit__cost_1.15__no_favorable_group,21504,4,Jazz1-130-D,01_Jazz1-130-D_comp.jams,590746,2,3,2,2,mixed,-0.14084377884864807,0.46666666865348816,0.4178110986547085,False,0
regression_loops_posthoc__group_audit__cost_1.15__no_favorable_group,21529,4,Jazz1-130-D,01_Jazz1-130-D_comp.jams,704915,2,2,3,3,mixed,-0.040362805128097534,0.11831814050674438,0.16276041666666666,False,0
regression_loops_posthoc__group_audit__cost_1.15__no_favorable_group,21576,4,Jazz1-130-D,01_Jazz1-130-D_comp.jams,866294,2,3,2,2,mixed,-0.04489603638648987,0.06110715866088867,0.5213815789473685,False,0
regression_loops_posthoc__group_audit__cost_1.15__no_favorable_group,23067,4,Jazz3-137-Eb,01_Jazz3-137-Eb_comp.jams,31020,1,3,2,2,mixed,-0.10403500497341156,0.23385369777679443,0.18909671532846714,False,0
regression_loops_posthoc__group_audit__cost_1.15__no_favorable_group,23070,4,Jazz3-137-Eb,01_Jazz3-137-Eb_comp.jams,58255,2,3,2,2,mixed,-0.11987152695655823,0.08351682126522064,0.24841772151898733,False,0
regression_loops_posthoc__group_audit__cost_1.15__no_favorable_group,23090,4,Jazz3-137-Eb,01_Jazz3-137-Eb_comp.jams,134752,0,3,2,2,mixed,-0.17531344294548035,0.04889228940010071,0.4007657284768212,False,0
regression_loops_posthoc__group_audit__cost_1.15__no_favorable_group,23127,4,Jazz3-137-Eb,01_Jazz3-137-Eb_comp.jams,262719,3,3,2,2,mixed,-0.11359025537967682,0.0791616439819336,0.2515625,False,0
regression_loops_posthoc__group_audit__cost_1.15__no_favorable_group,23134,4,Jazz3-137-Eb,01_Jazz3-137-Eb_comp.jams,281985,1,2,3,3,mixed,-0.04000002145767212,0.06935334205627441,0.20625,False,0
regression_loops_posthoc__group_audit__cost_1.15__no_favorable_group,23136,4,Jazz3-137-Eb,01_Jazz3-137-Eb_comp.jams,288579,1,3,2,2,mixed,-0.19518718123435974,0.07071918249130249,0.4552671370967742,False,0
regression_loops_posthoc__group_audit__cost_1.15__no_favorable_group,23169,4,Jazz3-137-Eb,01_Jazz3-137-Eb_comp.jams,443703,3,3,4,4,correction_favored,0.06905370950698853,0.06905370950698853,0.078125,False,0
regression_loops_posthoc__group_audit__cost_1.15__no_favorable_group,23172,4,Jazz3-137-Eb,01_Jazz3-137-Eb_comp.jams,463332,3,3,2,2,mixed,-0.11382262408733368,0.11570782959461212,0.095703125,False,0
regression_loops_posthoc__group_audit__cost_1.15__no_favorable_group,23195,4,Jazz3-137-Eb,01_Jazz3-137-Eb_comp.jams,571966,2,3,2,2,mixed,-0.17892158031463623,0.23849765956401825,0.2046875,False,0
regression_loops_posthoc__group_audit__cost_1.15__no_favorable_group,23213,4,Jazz3-137-Eb,01_Jazz3-137-Eb_comp.jams,648882,2,3,2,2,mixed,-0.18670077621936798,0.3497717082500458,0.15782461240310078,False,0
regression_loops_posthoc__group_audit__cost_1.15__no_favorable_group,23219,4,Jazz3-137-Eb,01_Jazz3-137-Eb_comp.jams,676732,2,3,2,3,regression_favored,-0.23086901009082794,-0.018248170614242554,0.3069982394366197,True,-1
regression_loops_posthoc__group_audit__cost_1.15__no_favorable_group,23225,4,Jazz3-137-Eb,01_Jazz3-137-Eb_comp.jams,714044,1,3,2,2,mixed,-0.19568964838981628,0.13807246088981628,0.4100985221674877,False,0
regression_loops_posthoc__group_audit__cost_1.15__no_favorable_group,23227,4,Jazz3-137-Eb,01_Jazz3-137-Eb_comp.jams,725754,2,3,2,2,mixed,-0.1590413749217987,0.27566808462142944,0.18660201149425287,False,0
regression_loops_posthoc__group_audit__cost_1.15__no_favorable_group,23258,4,Jazz3-137-Eb,01_Jazz3-137-Eb_comp.jams,831356,3,3,2,2,mixed,-0.2187180072069168,0.032085567712783813,0.388625,False,0
regression_loops_posthoc__group_audit__cost_1.15__no_favorable_group,23319,4,Jazz3-137-Eb,01_Jazz3-137-Eb_comp.jams,1082215,2,3,2,2,mixed,-0.19377164542675018,0.0511803925037384,0.1796875,False,0
regression_loops_posthoc__group_audit__cost_1.15__no_favorable_group,23325,4,Jazz3-137-Eb,01_Jazz3-137-Eb_comp.jams,1099699,0,3,2,2,mixed,-0.16608643531799316,0.3571428656578064,0.34175531914893614,False,0
regression_loops_posthoc__group_audit__cost_1.15__no_favorable_group,23351,4,Jazz3-137-Eb,01_Jazz3-137-Eb_comp.jams,1189657,2,3,2,2,mixed,-0.07910750806331635,0.3438016474246979,0.26689532520325204,False,0
regression_loops_posthoc__group_audit__cost_1.15__no_favorable_group,23362,4,Jazz3-137-Eb,01_Jazz3-137-Eb_comp.jams,1227953,2,3,2,2,mixed,-0.12669683992862701,0.27246686816215515,0.2651209677419355,False,0
regression_loops_posthoc__group_audit__cost_1.15__no_favorable_group,24534,4,Rock1-90-C#,01_Rock1-90-C#_comp.jams,74111,3,3,4,4,mixed,-0.2539556920528412,0.3087843656539917,0.13874421296296297,False,0
regression_loops_posthoc__group_audit__cost_1.15__no_favorable_group,24615,4,Rock1-90-C#,01_Rock1-90-C#_comp.jams,234248,2,3,4,4,mixed,-0.26050424575805664,0.2753683924674988,0.17148760330578514,False,0
regression_loops_posthoc__group_audit__cost_1.15__no_favorable_group,24629,4,Rock1-90-C#,01_Rock1-90-C#_comp.jams,262573,2,2,3,3,mixed,-0.06480485200881958,0.060703545808792114,0.17578125,False,0
regression_loops_posthoc__group_audit__cost_1.15__no_favorable_group,24710,4,Rock1-90-C#,01_Rock1-90-C#_comp.jams,425129,4,3,2,2,correction_favored,0.0057471394538879395,0.3353070914745331,0.265625,False,0
regression_loops_posthoc__group_audit__cost_1.15__no_favorable_group,24726,4,Rock1-90-C#,01_Rock1-90-C#_comp.jams,468969,5,3,4,4,mixed,-0.10476191341876984,0.26233088970184326,0.18425324675324675,False,0
regression_loops_posthoc__group_audit__cost_1.15__no_favorable_group,24769,4,Rock1-90-C#,01_Rock1-90-C#_comp.jams,551715,0,3,2,2,correction_favored,0.04938270151615143,0.3045006990432739,0.5691964285714286,False,0
regression_loops_posthoc__group_audit__cost_1.15__no_favorable_group,24854,4,Rock1-90-C#,01_Rock1-90-C#_comp.jams,734331,4,3,4,4,mixed,-0.3683544397354126,0.2530985176563263,0.21831191588785046,False,0
regression_loops_posthoc__group_audit__cost_1.15__no_favorable_group,24868,4,Rock1-90-C#,01_Rock1-90-C#_comp.jams,775844,0,3,2,2,mixed,-0.15087927877902985,0.1071428582072258,0.613828125,False,0
regression_loops_posthoc__group_audit__cost_1.15__no_favorable_group,24870,4,Rock1-90-C#,01_Rock1-90-C#_comp.jams,779709,2,3,2,2,mixed,-0.11505618691444397,0.13951924443244934,0.5235699152542372,False,0
regression_loops_posthoc__group_audit__cost_1.15__no_favorable_group,24884,4,Rock1-90-C#,01_Rock1-90-C#_comp.jams,808190,4,3,4,4,mixed,-0.0053012073040008545,0.2619222402572632,0.24515086206896552,False,0
regression_loops_posthoc__group_audit__cost_1.15__no_favorable_group,24929,4,Rock1-90-C#,01_Rock1-90-C#_comp.jams,896546,4,3,4,4,mixed,-0.16190475225448608,0.3282608389854431,0.1797648514851485,False,0
regression_loops_posthoc__group_audit__cost_1.15__no_favorable_group,24944,4,Rock1-90-C#,01_Rock1-90-C#_comp.jams,925131,4,3,4,4,mixed,-0.1746031641960144,0.23465067148208618,0.1869212962962963,False,0
regression_loops_posthoc__group_audit__cost_1.15__no_favorable_group,24947,4,Rock1-90-C#,01_Rock1-90-C#_comp.jams,939716,3,3,4,4,mixed,-0.3365079462528229,0.03344482183456421,0.16629464285714285,False,0
regression_loops_posthoc__group_audit__cost_1.15__no_favorable_group,24976,4,Rock1-90-C#,01_Rock1-90-C#_comp.jams,1015010,5,3,4,4,mixed,-0.049107134342193604,0.2796885073184967,0.22488839285714285,False,0
regression_loops_posthoc__group_audit__cost_1.15__no_favorable_group,24989,4,Rock1-90-C#,01_Rock1-90-C#_comp.jams,1042690,2,3,2,2,mixed,-0.030799999833106995,0.2943692207336426,0.4909771126760563,False,0
regression_loops_posthoc__group_audit__cost_1.15__no_favorable_group,24996,4,Rock1-90-C#,01_Rock1-90-C#_comp.jams,1056573,2,3,2,2,mixed,-0.044575273990631104,0.16841578483581543,0.479736328125,False,0
regression_loops_posthoc__group_audit__cost_1.15__no_favorable_group,25034,4,Rock1-90-C#,01_Rock1-90-C#_comp.jams,1131344,4,3,4,4,mixed,-0.28169015049934387,0.3083004057407379,0.19047619047619047,False,0
regression_loops_posthoc__group_audit__cost_1.15__no_favorable_group,25045,4,Rock1-90-C#,01_Rock1-90-C#_comp.jams,1154599,4,3,4,4,correction_favored,0.1310344934463501,0.4214975833892822,0.28203125,False,0
regression_loops_posthoc__group_audit__cost_1.15__no_favorable_group,25048,4,Rock1-90-C#,01_Rock1-90-C#_comp.jams,1160229,3,3,2,3,regression_favored,-0.16095931828022003,-0.046400874853134155,0.80234375,True,1
regression_loops_posthoc__group_audit__cost_1.15__no_favorable_group,25086,4,Rock1-90-C#,01_Rock1-90-C#_comp.jams,1249864,4,3,4,4,mixed,-0.016018331050872803,0.3007175624370575,0.18881777108433734,False,0
regression_loops_posthoc__group_audit__cost_1.15__no_favorable_group,25137,4,Rock1-90-C#,01_Rock1-90-C#_comp.jams,1350903,2,3,2,2,mixed,-0.2101806253194809,0.20367437601089478,0.24367252066115702,False,0
regression_loops_posthoc__group_audit__cost_1.15__no_favorable_group,25160,4,Rock1-90-C#,01_Rock1-90-C#_comp.jams,1396487,4,3,4,4,correction_favored,0.0694444477558136,0.27728205919265747,0.284423828125,False,0
regression_loops_posthoc__group_audit__cost_1.15__no_favorable_group,29680,4,SS2-107-Ab,01_SS2-107-Ab_comp.jams,87452,3,3,2,2,correction_favored,0.1288515329360962,0.1288515329360962,0.140625,False,0
regression_loops_posthoc__group_audit__cost_1.15__no_favorable_group,29695,4,SS2-107-Ab,01_SS2-107-Ab_comp.jams,135490,2,3,4,3,regression_favored,-0.1345323920249939,-0.1345323920249939,0.28125,True,0
regression_loops_posthoc__group_audit__cost_1.15__no_favorable_group,29764,4,SS2-107-Ab,01_SS2-107-Ab_comp.jams,383873,1,3,2,2,mixed,-0.16733244061470032,0.07601949572563171,0.1840277777777778,False,0
regression_loops_posthoc__group_audit__cost_1.15__no_favorable_group,29786,4,SS2-107-Ab,01_SS2-107-Ab_comp.jams,482425,4,3,5,3,regression_favored,-0.19327731430530548,-0.10106383264064789,0.09375,True,0
regression_loops_posthoc__group_audit__cost_1.15__no_favorable_group,29797,4,SS2-107-Ab,01_SS2-107-Ab_comp.jams,531624,1,3,2,2,mixed,-0.19588744640350342,0.19048409163951874,0.27314814814814814,False,0
regression_loops_posthoc__group_audit__cost_1.15__no_favorable_group,29818,4,SS2-107-Ab,01_SS2-107-Ab_comp.jams,611936,1,3,2,2,mixed,-0.14935065805912018,0.20252883434295654,0.5049087389380531,False,0
regression_loops_posthoc__group_audit__cost_1.15__no_favorable_group,29837,4,SS2-107-Ab,01_SS2-107-Ab_comp.jams,688382,2,3,2,2,mixed,-0.3122835159301758,0.13776734471321106,0.45488664215686275,False,0
regression_loops_posthoc__group_audit__cost_1.15__no_favorable_group,29939,4,SS2-107-Ab,01_SS2-107-Ab_comp.jams,1100381,4,3,2,2,mixed,-0.1641845852136612,0.1288515329360962,0.2713068181818182,False,0
regression_loops_posthoc__group_audit__cost_1.15__no_favorable_group,29973,4,SS2-107-Ab,01_SS2-107-Ab_comp.jams,1249872,0,3,2,2,mixed,-0.09595958888530731,0.15377657115459442,0.5507632488479263,False,0
regression_loops_posthoc__group_audit__cost_1.15__no_favorable_group,29998,4,SS2-107-Ab,01_SS2-107-Ab_comp.jams,1372084,1,3,2,2,mixed,-0.1019948422908783,0.19504645466804504,0.22348484848484848,False,0
regression_loops_posthoc__group_audit__cost_1.15__no_favorable_group,30111,4,SS2-107-Ab,01_SS2-107-Ab_solo.jams,184590,1,2,3,3,correction_favored,0.004412561655044556,0.041676610708236694,0.109375,False,0
regression_loops_posthoc__group_audit__cost_1.15__no_favorable_group,30121,4,SS2-107-Ab,01_SS2-107-Ab_solo.jams,206836,0,3,2,2,mixed,-0.03083246946334839,0.3298245668411255,0.27623355263157895,False,0
regression_loops_posthoc__group_audit__cost_1.15__no_favorable_group,30207,4,SS2-107-Ab,01_SS2-107-Ab_solo.jams,518689,1,3,2,2,mixed,-0.09193067252635956,0.18871250748634338,0.32958984375,False,0
regression_loops_posthoc__group_audit__cost_1.15__no_favorable_group,30212,4,SS2-107-Ab,01_SS2-107-Ab_solo.jams,538182,1,3,2,2,mixed,-0.2256932258605957,0.13757747411727905,0.20202464788732394,False,0
regression_loops_posthoc__group_audit__cost_1.15__no_favorable_group,30316,4,SS2-107-Ab,01_SS2-107-Ab_solo.jams,963238,1,3,2,2,mixed,-0.08421498537063599,0.22920109331607819,0.3250910194174757,False,0
regression_loops_posthoc__group_audit__cost_1.15__no_favorable_group,30317,4,SS2-107-Ab,01_SS2-107-Ab_solo.jams,965051,0,3,2,2,mixed,-0.03082415461540222,0.27790698409080505,0.5009317660550459,False,0
regression_loops_posthoc__group_audit__cost_1.15__no_favorable_group,30465,4,SS2-107-Ab,01_SS2-107-Ab_solo.jams,1496251,2,2,3,3,correction_favored,0.04046905040740967,0.14834007620811462,0.3125,False,0
regression_loops_posthoc__group_audit__cost_1.15__no_favorable_group,34433,4,Funk2-108-Eb,02_Funk2-108-Eb_comp.jams,134500,1,2,3,3,correction_favored,0.004618555307388306,0.004618555307388306,0.140625,False,0
regression_loops_posthoc__group_audit__cost_1.15__no_favorable_group,34519,4,Funk2-108-Eb,02_Funk2-108-Eb_comp.jams,442205,1,3,2,2,mixed,-0.272988498210907,0.41333332657814026,0.406654792746114,False,0
regression_loops_posthoc__group_audit__cost_1.15__no_favorable_group,34546,4,Funk2-108-Eb,02_Funk2-108-Eb_comp.jams,539487,4,3,4,4,mixed,-0.0882352888584137,0.08858445286750793,0.04044117647058824,False,0
regression_loops_posthoc__group_audit__cost_1.15__no_favorable_group,34560,4,Funk2-108-Eb,02_Funk2-108-Eb_comp.jams,587378,1,3,2,2,mixed,-0.15779294073581696,0.12841002643108368,0.42129984662576686,False,0
regression_loops_posthoc__group_audit__cost_1.15__no_favorable_group,34567,4,Funk2-108-Eb,02_Funk2-108-Eb_comp.jams,636197,3,3,2,2,mixed,-0.15053048729896545,0.2500791847705841,0.4639050387596899,False,0
regression_loops_posthoc__group_audit__cost_1.15__no_favorable_group,34573,4,Funk2-108-Eb,02_Funk2-108-Eb_comp.jams,679093,2,3,2,2,mixed,-0.19683076441287994,0.18163934350013733,0.4373641304347826,False,0
regression_loops_posthoc__group_audit__cost_1.15__no_favorable_group,34591,4,Funk2-108-Eb,02_Funk2-108-Eb_comp.jams,729500,2,3,2,2,mixed,-0.10108810663223267,0.1974678635597229,0.31911599099099097,False,0
regression_loops_posthoc__group_audit__cost_1.15__no_favorable_group,34610,4,Funk2-108-Eb,02_Funk2-108-Eb_comp.jams,821898,3,3,2,2,mixed,-0.1865692138671875,0.16545641422271729,0.3554137323943662,False,0
regression_loops_posthoc__group_audit__cost_1.15__no_favorable_group,34691,4,Funk2-108-Eb,02_Funk2-108-Eb_comp.jams,1055099,0,3,2,2,mixed,-0.3054187297821045,0.07944388687610626,0.37364969135802467,False,0
regression_loops_posthoc__group_audit__cost_1.15__no_favorable_group,34775,4,Funk2-108-Eb,02_Funk2-108-Eb_comp.jams,1323790,3,3,2,2,mixed,-0.24640806019306183,0.19067564606666565,0.40420673076923075,False,0
regression_loops_posthoc__group_audit__cost_1.15__no_favorable_group,34790,4,Funk2-108-Eb,02_Funk2-108-Eb_comp.jams,1372302,1,3,2,2,mixed,-0.1666666567325592,0.307692289352417,0.3801636266094421,False,0
regression_loops_posthoc__group_audit__cost_1.15__no_favorable_group,34792,4,Funk2-108-Eb,02_Funk2-108-Eb_comp.jams,1397148,3,4,2,2,mixed,-0.16578947007656097,0.3416267931461334,0.3020089285714286,False,0
regression_loops_posthoc__group_audit__cost_1.15__no_favorable_group,34796,4,Funk2-108-Eb,02_Funk2-108-Eb_comp.jams,1432896,1,3,2,2,mixed,-0.11379310488700867,0.11553030461072922,0.4234834558823529,False,0
regression_loops_posthoc__group_audit__cost_1.15__no_favorable_group,36755,4,Jazz1-130-D,02_Jazz1-130-D_comp.jams,113748,3,3,2,2,mixed,-0.2807881832122803,0.1666666865348816,0.39168848167539266,False,0
regression_loops_posthoc__group_audit__cost_1.15__no_favorable_group,36759,4,Jazz1-130-D,02_Jazz1-130-D_comp.jams,141513,4,3,2,2,mixed,-0.19155924022197723,0.24209770560264587,0.3542410714285714,False,0
regression_loops_posthoc__group_audit__cost_1.15__no_favorable_group,36792,4,Jazz1-130-D,02_Jazz1-130-D_comp.jams,276888,2,3,2,2,mixed,-0.12068966031074524,0.2932533621788025,0.4264867841409692,False,0
regression_loops_posthoc__group_audit__cost_1.15__no_favorable_group,36807,4,Jazz1-130-D,02_Jazz1-130-D_comp.jams,345818,4,3,2,2,mixed,-0.16091953217983246,0.14648401737213135,0.26614583333333336,False,0
regression_loops_posthoc__group_audit__cost_1.15__no_favorable_group,36831,4,Jazz1-130-D,02_Jazz1-130-D_comp.jams,400365,2,3,2,2,correction_favored,0.0788530558347702,0.30727195739746094,0.587654532967033,False,0
regression_loops_posthoc__group_audit__cost_1.15__no_favorable_group,36860,4,Jazz1-130-D,02_Jazz1-130-D_comp.jams,470631,2,3,2,2,mixed,-0.25775399804115295,0.0462745726108551,0.43535539215686275,False,0
regression_loops_posthoc__group_audit__cost_1.15__no_favorable_group,36898,4,Jazz1-130-D,02_Jazz1-130-D_comp.jams,685486,3,3,2,2,mixed,-0.12209634482860565,0.14166668057441711,0.41453598484848486,False,0
regression_loops_posthoc__group_audit__cost_1.15__no_favorable_group,36919,4,Jazz1-130-D,02_Jazz1-130-D_comp.jams,766595,2,3,2,2,mixed,-0.3593922257423401,0.09019608795642853,0.10653409090909091,False,0
regression_loops_posthoc__group_audit__cost_1.15__no_favorable_group,38681,4,Jazz3-137-Eb,02_Jazz3-137-Eb_comp.jams,289872,3,3,4,4,mixed,-0.2448979765176773,0.2620689868927002,0.10363520408163265,False,0
regression_loops_posthoc__group_audit__cost_1.15__no_favorable_group,38701,4,Jazz3-137-Eb,02_Jazz3-137-Eb_comp.jams,366712,2,3,5,3,regression_favored,-0.11889863014221191,-0.11889863014221191,0.078125,True,0
regression_loops_posthoc__group_audit__cost_1.15__no_favorable_group,38710,4,Jazz3-137-Eb,02_Jazz3-137-Eb_comp.jams,406762,3,3,2,2,mixed,-0.24125875532627106,0.17532995343208313,0.37473958333333335,False,0
regression_loops_posthoc__group_audit__cost_1.15__no_favorable_group,38720,4,Jazz3-137-Eb,02_Jazz3-137-Eb_comp.jams,457441,0,2,3,2,regression_favored,-0.12400756776332855,-0.12400756776332855,0.171875,True,0
regression_loops_posthoc__group_audit__cost_1.15__no_favorable_group,38770,4,Jazz3-137-Eb,02_Jazz3-137-Eb_comp.jams,618275,2,3,2,2,mixed,-0.2519223988056183,0.16903312504291534,0.3393920068027211,False,0
regression_loops_posthoc__group_audit__cost_1.15__no_favorable_group,38772,4,Jazz3-137-Eb,02_Jazz3-137-Eb_comp.jams,669640,1,2,3,3,correction_favored,0.05463320016860962,0.1231137216091156,0.125,False,0
regression_loops_posthoc__group_audit__cost_1.15__no_favorable_group,38780,4,Jazz3-137-Eb,02_Jazz3-137-Eb_comp.jams,714347,1,3,2,3,regression_favored,-0.2537679076194763,-0.04776647686958313,0.08348214285714285,True,0
regression_loops_posthoc__group_audit__cost_1.15__no_favorable_group,38808,4,Jazz3-137-Eb,02_Jazz3-137-Eb_comp.jams,823179,2,2,3,3,mixed,-0.02307337522506714,0.2511715292930603,0.17273509174311927,False,0
regression_loops_posthoc__group_audit__cost_1.15__no_favorable_group,38812,4,Jazz3-137-Eb,02_Jazz3-137-Eb_comp.jams,831087,2,3,4,4,mixed,-0.17346937954425812,0.19044844806194305,0.072265625,False,0
regression_loops_posthoc__group_audit__cost_1.15__no_favorable_group,38816,4,Jazz3-137-Eb,02_Jazz3-137-Eb_comp.jams,850822,2,3,2,2,mixed,-0.1803429275751114,0.15717646479606628,0.471484375,False,0
regression_loops_posthoc__group_audit__cost_1.15__no_favorable_group,38850,4,Jazz3-137-Eb,02_Jazz3-137-Eb_comp.jams,926804,1,2,3,2,regression_favored,-0.05766695737838745,-0.05766695737838745,0.328125,True,0
regression_loops_posthoc__group_audit__cost_1.15__no_favorable_group,38876,4,Jazz3-137-Eb,02_Jazz3-137-Eb_comp.jams,1023985,3,3,2,2,mixed,-0.057068079710006714,0.05005753040313721,0.1484375,False,0
regression_loops_posthoc__group_audit__cost_1.15__no_favorable_group,38913,4,Jazz3-137-Eb,02_Jazz3-137-Eb_comp.jams,1131600,2,3,2,2,correction_favored,0.09104247391223907,0.3097795248031616,0.6383413461538462,False,0
regression_loops_posthoc__group_audit__cost_1.15__no_favorable_group,38925,4,Jazz3-137-Eb,02_Jazz3-137-Eb_comp.jams,1171067,3,3,2,2,mixed,-0.04939422011375427,0.2220495343208313,0.2911458333333333,False,0
regression_loops_posthoc__group_audit__cost_1.15__no_favorable_group,40385,4,Rock1-90-C#,02_Rock1-90-C#_comp.jams,235736,2,3,2,2,mixed,-0.2862745523452759,0.12123289704322815,0.2584821428571429,False,0
regression_loops_posthoc__group_audit__cost_1.15__no_favorable_group,40448,4,Rock1-90-C#,02_Rock1-90-C#_comp.jams,470511,2,3,2,2,mixed,-0.1575532853603363,0.16674962639808655,0.36929086538461536,False,0
regression_loops_posthoc__group_audit__cost_1.15__no_favorable_group,40471,4,Rock1-90-C#,02_Rock1-90-C#_comp.jams,529587,3,3,2,2,mixed,-0.09090907871723175,0.2888888716697693,0.33421052631578946,False,0
regression_loops_posthoc__group_audit__cost_1.15__no_favorable_group,40530,4,Rock1-90-C#,02_Rock1-90-C#_comp.jams,765442,3,3,4,4,correction_favored,0.029471516609191895,0.27105262875556946,0.171875,False,0
regression_loops_posthoc__group_audit__cost_1.15__no_favorable_group,40534,4,Rock1-90-C#,02_Rock1-90-C#_comp.jams,773003,1,3,2,2,mixed,-0.26800549030303955,0.16223999857902527,0.6123991935483871,False,0
regression_loops_posthoc__group_audit__cost_1.15__no_favorable_group,40594,4,Rock1-90-C#,02_Rock1-90-C#_comp.jams,971365,6,3,4,4,correction_favored,0.05457910895347595,0.24175825715065002,0.1857638888888889,False,0
regression_loops_posthoc__group_audit__cost_1.15__no_favorable_group,40709,4,Rock1-90-C#,02_Rock1-90-C#_comp.jams,1322714,2,3,4,4,correction_favored,0.0065934062004089355,0.08165431022644043,0.2421875,False,0
regression_loops_posthoc__group_audit__cost_1.15__no_favorable_group,44761,4,SS2-107-Ab,02_SS2-107-Ab_comp.jams,198253,2,3,2,2,correction_favored,0.15299855172634125,0.20808733999729156,0.2890625,False,0
regression_loops_posthoc__group_audit__cost_1.15__no_favorable_group,44813,4,SS2-107-Ab,02_SS2-107-Ab_comp.jams,309302,1,2,3,2,regression_favored,-0.07048186659812927,-0.07048186659812927,0.234375,True,0
regression_loops_posthoc__group_audit__cost_1.15__no_favorable_group,44837,4,SS2-107-Ab,02_SS2-107-Ab_comp.jams,372130,3,3,2,2,mixed,-0.21900160610675812,0.05170068144798279,0.40904017857142855,False,0
regression_loops_posthoc__group_audit__cost_1.15__no_favorable_group,44870,4,SS2-107-Ab,02_SS2-107-Ab_comp.jams,457996,2,3,2,2,mixed,-0.20598912239074707,0.3877550959587097,0.40800957207207206,False,0
regression_loops_posthoc__group_audit__cost_1.15__no_favorable_group,44924,4,SS2-107-Ab,02_SS2-107-Ab_comp.jams,668081,4,3,2,2,mixed,-0.10279011726379395,0.23096774518489838,0.40805288461538464,False,0
regression_loops_posthoc__group_audit__cost_1.15__no_favorable_group,44940,4,SS2-107-Ab,02_SS2-107-Ab_comp.jams,706577,3,3,4,4,mixed,-0.22972972691059113,0.0787172019481659,0.039375,False,0
regression_loops_posthoc__group_audit__cost_1.15__no_favorable_group,44962,4,SS2-107-Ab,02_SS2-107-Ab_comp.jams,755219,2,3,2,2,mixed,-0.16676047444343567,0.19412443041801453,0.3417866492146597,False,0
regression_loops_posthoc__group_audit__cost_1.15__no_favorable_group,44967,4,SS2-107-Ab,02_SS2-107-Ab_comp.jams,766455,4,3,2,2,correction_favored,0.005071014165878296,0.24402809143066406,0.4179047131147541,False,0
regression_loops_posthoc__group_audit__cost_1.15__no_favorable_group,44978,4,SS2-107-Ab,02_SS2-107-Ab_comp.jams,789501,2,3,2,2,mixed,-0.17956656217575073,0.2096634954214096,0.3003562176165803,False,0
regression_loops_posthoc__group_audit__cost_1.15__no_favorable_group,44992,4,SS2-107-Ab,02_SS2-107-Ab_comp.jams,828407,3,3,4,4,mixed,-0.04672330617904663,0.26485148072242737,0.090625,False,0
regression_loops_posthoc__group_audit__cost_1.15__no_favorable_group,45069,4,SS2-107-Ab,02_SS2-107-Ab_comp.jams,989694,2,3,2,2,mixed,-0.09710146486759186,0.20697887241840363,0.373546511627907,False,0
regression_loops_posthoc__group_audit__cost_1.15__no_favorable_group,45098,4,SS2-107-Ab,02_SS2-107-Ab_comp.jams,1064480,3,3,4,4,mixed,-0.08487805724143982,0.15526315569877625,0.1439525462962963,False,0
regression_loops_posthoc__group_audit__cost_1.15__no_favorable_group,45164,4,SS2-107-Ab,02_SS2-107-Ab_comp.jams,1279754,0,3,2,2,mixed,-0.08432744443416595,0.14302325248718262,0.5139938186813187,False,0
regression_loops_posthoc__group_audit__cost_1.15__no_favorable_group,45172,4,SS2-107-Ab,02_SS2-107-Ab_comp.jams,1310050,2,3,2,2,mixed,-0.12642893195152283,0.12521441280841827,0.368,False,0
regression_loops_posthoc__group_audit__cost_1.15__no_favorable_group,45233,4,SS2-107-Ab,02_SS2-107-Ab_comp.jams,1508937,2,3,4,4,mixed,-0.10567516088485718,0.1538461446762085,0.1015625,False,0
regression_loops_posthoc__group_audit__cost_1.15__no_favorable_group,49171,4,Funk2-108-Eb,03_Funk2-108-Eb_comp.jams,6,3,3,4,4,mixed,-0.24817873537540436,0.05827069282531738,0.2903409090909091,False,0
regression_loops_posthoc__group_audit__cost_1.15__no_favorable_group,49182,4,Funk2-108-Eb,03_Funk2-108-Eb_comp.jams,37573,1,3,2,2,mixed,-0.2056277096271515,0.2211538553237915,0.16565148305084745,False,0
regression_loops_posthoc__group_audit__cost_1.15__no_favorable_group,49194,4,Funk2-108-Eb,03_Funk2-108-Eb_comp.jams,72727,3,3,4,4,correction_favored,0.04738461971282959,0.35672515630722046,0.12023305084745763,False,0
regression_loops_posthoc__group_audit__cost_1.15__no_favorable_group,49201,4,Funk2-108-Eb,03_Funk2-108-Eb_comp.jams,97466,3,3,4,4,mixed,-0.2362355887889862,0.291437566280365,0.11835488505747127,False,0
regression_loops_posthoc__group_audit__cost_1.15__no_favorable_group,49209,4,Funk2-108-Eb,03_Funk2-108-Eb_comp.jams,116520,2,3,2,2,mixed,-0.08770053088665009,0.0263117253780365,0.6106770833333334,False,0
regression_loops_posthoc__group_audit__cost_1.15__no_favorable_group,49217,4,Funk2-108-Eb,03_Funk2-108-Eb_comp.jams,146603,3,3,4,4,correction_favored,0.13075882196426392,0.317293256521225,0.2673076923076923,False,0
regression_loops_posthoc__group_audit__cost_1.15__no_favorable_group,49226,4,Funk2-108-Eb,03_Funk2-108-Eb_comp.jams,195718,3,3,4,4,mixed,-0.3159722089767456,0.18764302134513855,0.12231182795698925,False,0
regression_loops_posthoc__group_audit__cost_1.15__no_favorable_group,49237,4,Funk2-108-Eb,03_Funk2-108-Eb_comp.jams,244268,3,3,5,3,regression_favored,-0.485714316368103,0.0,0.04097877358490566,True,1
regression_loops_posthoc__group_audit__cost_1.15__no_favorable_group,49287,4,Funk2-108-Eb,03_Funk2-108-Eb_comp.jams,439988,2,3,4,4,correction_favored,0.13731062412261963,0.3238866329193115,0.31640625,False,0
regression_loops_posthoc__group_audit__cost_1.15__no_favorable_group,49293,4,Funk2-108-Eb,03_Funk2-108-Eb_comp.jams,463949,4,3,4,4,mixed,-0.2730158865451813,0.1473684310913086,0.10340073529411764,False,0
regression_loops_posthoc__group_audit__cost_1.15__no_favorable_group,49306,4,Funk2-108-Eb,03_Funk2-108-Eb_comp.jams,538274,4,3,4,3,regression_favored,-0.0788293182849884,-0.0788293182849884,0.296875,True,-1
regression_loops_posthoc__group_audit__cost_1.15__no_favorable_group,49348,4,Funk2-108-Eb,03_Funk2-108-Eb_comp.jams,699119,2,3,2,2,mixed,-0.1611068695783615,0.31873685121536255,0.41842022613065327,False,0
regression_loops_posthoc__group_audit__cost_1.15__no_favorable_group,49353,4,Funk2-108-Eb,03_Funk2-108-Eb_comp.jams,709899,4,3,5,3,regression_favored,-0.18421052396297455,-0.08788157999515533,0.140625,True,0
regression_loops_posthoc__group_audit__cost_1.15__no_favorable_group,49368,4,Funk2-108-Eb,03_Funk2-108-Eb_comp.jams,784489,3,3,4,4,mixed,-0.3057166635990143,0.17105263471603394,0.13596754807692307,False,0
regression_loops_posthoc__group_audit__cost_1.15__no_favorable_group,49386,4,Funk2-108-Eb,03_Funk2-108-Eb_comp.jams,833364,3,3,2,2,mixed,-0.008559465408325195,0.3117058575153351,0.3755165289256198,False,0
regression_loops_posthoc__group_audit__cost_1.15__no_favorable_group,49407,4,Funk2-108-Eb,03_Funk2-108-Eb_comp.jams,899948,2,3,2,2,mixed,-0.011857718229293823,0.09155251085758209,0.5329861111111112,False,0
regression_loops_posthoc__group_audit__cost_1.15__no_favorable_group,49416,4,Funk2-108-Eb,03_Funk2-108-Eb_comp.jams,954294,4,3,5,3,regression_favored,-0.13475178182125092,-0.13475178182125092,0.046875,True,0
regression_loops_posthoc__group_audit__cost_1.15__no_favorable_group,49428,4,Funk2-108-Eb,03_Funk2-108-Eb_comp.jams,996624,2,3,2,2,mixed,-0.08264464139938354,0.13188406825065613,0.533125,False,0
regression_loops_posthoc__group_audit__cost_1.15__no_favorable_group,49441,4,Funk2-108-Eb,03_Funk2-108-Eb_comp.jams,1049361,3,3,2,2,mixed,-0.18300652503967285,0.07338017225265503,0.14583333333333334,False,0
regression_loops_posthoc__group_audit__cost_1.15__no_favorable_group,49509,4,Funk2-108-Eb,03_Funk2-108-Eb_comp.jams,1310977,3,3,2,2,mixed,-0.06470587849617004,0.23623909056186676,0.4138986013986014,False,0
regression_loops_posthoc__group_audit__cost_1.15__no_favorable_group,49542,4,Funk2-108-Eb,03_Funk2-108-Eb_comp.jams,1423915,3,3,2,2,mixed,-0.19913418591022491,0.20467835664749146,0.43417744252873564,False,0
regression_loops_posthoc__group_audit__cost_1.15__no_favorable_group,49546,4,Funk2-108-Eb,03_Funk2-108-Eb_comp.jams,1444916,3,3,2,2,mixed,-0.18694858253002167,0.009863018989562988,0.44221698113207547,False,0
regression_loops_posthoc__group_audit__cost_1.15__no_favorable_group,49558,4,Funk2-108-Eb,03_Funk2-108-Eb_comp.jams,1494789,5,3,4,4,mixed,-0.0016350746154785156,0.07407405972480774,0.125,False,0
regression_loops_posthoc__group_audit__cost_1.15__no_favorable_group,49565,4,Funk2-108-Eb,03_Funk2-108-Eb_comp.jams,1513975,3,3,2,3,regression_favored,-0.31501054763793945,-0.056351616978645325,0.3607142857142857,True,1
regression_loops_posthoc__group_audit__cost_1.15__no_favorable_group,51475,4,Jazz1-130-D,03_Jazz1-130-D_comp.jams,285277,2,3,2,2,mixed,-0.051715344190597534,0.46666666865348816,0.44490521327014215,False,0
regression_loops_posthoc__group_audit__cost_1.15__no_favorable_group,51484,4,Jazz1-130-D,03_Jazz1-130-D_comp.jams,328528,0,3,2,2,mixed,-0.15483151376247406,0.2063492089509964,0.6443195812807881,False,0
regression_loops_posthoc__group_audit__cost_1.15__no_favorable_group,51544,4,Jazz1-130-D,03_Jazz1-130-D_comp.jams,589303,3,3,2,2,mixed,-0.16470587253570557,0.2057851254940033,0.15084134615384615,False,0
regression_loops_posthoc__group_audit__cost_1.15__no_favorable_group,51585,4,Jazz1-130-D,03_Jazz1-130-D_comp.jams,807066,4,3,4,4,correction_favored,0.007561415433883667,0.10336995124816895,0.125,False,0
regression_loops_posthoc__group_audit__cost_1.15__no_favorable_group,51612,4,Jazz1-130-D,03_Jazz1-130-D_comp.jams,893148,1,3,2,2,mixed,-0.024882018566131592,0.2585858702659607,0.1840572033898305,False,0
regression_loops_posthoc__group_audit__cost_1.15__no_favorable_group,52967,4,Jazz3-137-Eb,03_Jazz3-137-Eb_comp.jams,49562,2,3,2,2,mixed,-0.10269564390182495,0.17874139547348022,0.42466517857142855,False,0
regression_loops_posthoc__group_audit__cost_1.15__no_favorable_group,52995,4,Jazz3-137-Eb,03_Jazz3-137-Eb_comp.jams,187631,3,3,4,4,mixed,-0.022058844566345215,0.15208332240581512,0.052734375,False,0
regression_loops_posthoc__group_audit__cost_1.15__no_favorable_group,53017,4,Jazz3-137-Eb,03_Jazz3-137-Eb_comp.jams,308706,2,3,2,2,mixed,-0.19348566234111786,0.1895604282617569,0.2249119718309859,False,0
regression_loops_posthoc__group_audit__cost_1.15__no_favorable_group,53057,4,Jazz3-137-Eb,03_Jazz3-137-Eb_comp.jams,443915,2,3,2,2,mixed,-0.11591225862503052,0.23652991652488708,0.459716796875,False,0
regression_loops_posthoc__group_audit__cost_1.15__no_favorable_group,53078,4,Jazz3-137-Eb,03_Jazz3-137-Eb_comp.jams,595505,0,3,2,2,mixed,-0.11240720748901367,0.29803919792175293,0.5083728902953587,False,0
regression_loops_posthoc__group_audit__cost_1.15__no_favorable_group,53095,4,Jazz3-137-Eb,03_Jazz3-137-Eb_comp.jams,706192,3,3,4,3,regression_favored,-0.1599804162979126,-0.07967031002044678,0.265625,True,1
regression_loops_posthoc__group_audit__cost_1.15__no_favorable_group,53144,4,Jazz3-137-Eb,03_Jazz3-137-Eb_comp.jams,958589,4,3,4,4,mixed,-0.1682242900133133,0.10924370586872101,0.12296195652173914,False,0
regression_loops_posthoc__group_audit__cost_1.15__no_favorable_group,53179,4,Jazz3-137-Eb,03_Jazz3-137-Eb_comp.jams,1099599,2,4,2,2,mixed,-0.18252825736999512,0.21118882298469543,0.18802083333333333,False,0
regression_loops_posthoc__group_audit__cost_1.15__no_favorable_group,54326,4,Rock1-90-C#,03_Rock1-90-C#_comp.jams,219155,2,3,2,2,mixed,-0.13300582766532898,0.10364963114261627,0.16824127906976744,False,0
regression_loops_posthoc__group_audit__cost_1.15__no_favorable_group,54364,4,Rock1-90-C#,03_Rock1-90-C#_comp.jams,308289,1,3,2,2,mixed,-0.1877005398273468,0.052777767181396484,0.4425442913385827,False,0
regression_loops_posthoc__group_audit__cost_1.15__no_favorable_group,54392,4,Rock1-90-C#,03_Rock1-90-C#_comp.jams,382274,2,3,4,4,correction_favored,0.07223263382911682,0.28403669595718384,0.2261029411764706,False,0
regression_loops_posthoc__group_audit__cost_1.15__no_favorable_group,54398,4,Rock1-90-C#,03_Rock1-90-C#_comp.jams,396540,1,3,2,2,mixed,-0.326505184173584,0.10535714775323868,0.48408157276995306,False,0
regression_loops_posthoc__group_audit__cost_1.15__no_favorable_group,54412,4,Rock1-90-C#,03_Rock1-90-C#_comp.jams,426267,2,4,3,4,regression_favored,-0.08837208151817322,-0.08837208151817322,0.484375,True,0
regression_loops_posthoc__group_audit__cost_1.15__no_favorable_group,54441,4,Rock1-90-C#,03_Rock1-90-C#_comp.jams,500238,3,3,4,4,mixed,-0.2857142686843872,0.3483462631702423,0.21058768656716417,False,0
regression_loops_posthoc__group_audit__cost_1.15__no_favorable_group,54455,4,Rock1-90-C#,03_Rock1-90-C#_comp.jams,528427,2,3,4,4,mixed,-0.19078105688095093,0.31864672899246216,0.23869243421052633,False,0
regression_loops_posthoc__group_audit__cost_1.15__no_favorable_group,54472,4,Rock1-90-C#,03_Rock1-90-C#_comp.jams,573525,3,3,2,2,correction_favored,0.02196332812309265,0.21282050013542175,0.24388586956521738,False,0
regression_loops_posthoc__group_audit__cost_1.15__no_favorable_group,54633,4,Rock1-90-C#,03_Rock1-90-C#_comp.jams,968045,2,3,2,2,mixed,-0.003222331404685974,0.3002330958843231,0.4938998287671233,False,0
regression_loops_posthoc__group_audit__cost_1.15__no_favorable_group,54654,4,Rock1-90-C#,03_Rock1-90-C#_comp.jams,1015338,3,3,4,4,mixed,-0.06533575057983398,0.246348574757576,0.2151930894308943,False,0
regression_loops_posthoc__group_audit__cost_1.15__no_favorable_group,54711,4,Rock1-90-C#,03_Rock1-90-C#_comp.jams,1144928,2,3,2,2,correction_favored,0.004420861601829529,0.2702816128730774,0.478,False,0
regression_loops_posthoc__group_audit__cost_1.15__no_favorable_group,54806,4,Rock1-90-C#,03_Rock1-90-C#_solo.jams,73185,2,3,2,2,mixed,-0.11472329497337341,0.4285714626312256,0.38799342105263157,False,0
regression_loops_posthoc__group_audit__cost_1.15__no_favorable_group,58392,4,SS2-107-Ab,03_SS2-107-Ab_comp.jams,110290,3,3,2,2,mixed,-0.04313725233078003,0.34810125827789307,0.38488051470588236,False,0
regression_loops_posthoc__group_audit__cost_1.15__no_favorable_group,58393,4,SS2-107-Ab,03_SS2-107-Ab_comp.jams,112071,2,3,4,4,mixed,-0.13968254625797272,0.12271061539649963,0.1015625,False,0
regression_loops_posthoc__group_audit__cost_1.15__no_favorable_group,58402,4,SS2-107-Ab,03_SS2-107-Ab_comp.jams,130484,2,3,5,3,regression_favored,-0.2014184445142746,-0.2014184445142746,0.046875,True,0
regression_loops_posthoc__group_audit__cost_1.15__no_favorable_group,58410,4,SS2-107-Ab,03_SS2-107-Ab_comp.jams,148966,3,3,4,4,correction_favored,0.06707319617271423,0.2137254774570465,0.2294921875,False,0
regression_loops_posthoc__group_audit__cost_1.15__no_favorable_group,58424,4,SS2-107-Ab,03_SS2-107-Ab_comp.jams,181888,3,2,3,2,regression_favored,-0.01821860671043396,-0.01821860671043396,0.0625,True,-1
regression_loops_posthoc__group_audit__cost_1.15__no_favorable_group,58436,4,SS2-107-Ab,03_SS2-107-Ab_comp.jams,210221,3,3,2,2,correction_favored,0.046896547079086304,0.21545666456222534,0.38925137362637363,False,0
regression_loops_posthoc__group_audit__cost_1.15__no_favorable_group,58446,4,SS2-107-Ab,03_SS2-107-Ab_comp.jams,229942,2,3,2,2,mixed,-0.32831263542175293,0.09681792557239532,0.510911312849162,False,0
regression_loops_posthoc__group_audit__cost_1.15__no_favorable_group,58458,4,SS2-107-Ab,03_SS2-107-Ab_comp.jams,266500,2,3,2,2,correction_favored,0.007575780153274536,0.1778074949979782,0.5737847222222222,False,0
regression_loops_posthoc__group_audit__cost_1.15__no_favorable_group,58474,4,SS2-107-Ab,03_SS2-107-Ab_comp.jams,309802,5,3,4,4,correction_favored,0.1250983476638794,0.3258722424507141,0.30334051724137934,False,0
regression_loops_posthoc__group_audit__cost_1.15__no_favorable_group,58497,4,SS2-107-Ab,03_SS2-107-Ab_comp.jams,364913,3,3,2,2,mixed,-0.07024791836738586,0.15694716572761536,0.2015625,False,0
regression_loops_posthoc__group_audit__cost_1.15__no_favorable_group,58514,4,SS2-107-Ab,03_SS2-107-Ab_comp.jams,407321,2,3,2,2,mixed,-0.04313725233078003,0.33108827471733093,0.21537422839506173,False,0
regression_loops_posthoc__group_audit__cost_1.15__no_favorable_group,58523,4,SS2-107-Ab,03_SS2-107-Ab_comp.jams,427833,2,3,2,2,mixed,-0.07457342743873596,0.024983882904052734,0.3046875,False,0
regression_loops_posthoc__group_audit__cost_1.15__no_favorable_group,58526,4,SS2-107-Ab,03_SS2-107-Ab_comp.jams,444711,3,3,4,4,mixed,-0.24593715369701385,0.29118773341178894,0.08759014423076923,False,0
regression_loops_posthoc__group_audit__cost_1.15__no_favorable_group,58541,4,SS2-107-Ab,03_SS2-107-Ab_comp.jams,493756,1,3,2,2,mixed,-0.08506494760513306,0.28106507658958435,0.20021802325581395,False,0
regression_loops_posthoc__group_audit__cost_1.15__no_favorable_group,58553,4,SS2-107-Ab,03_SS2-107-Ab_comp.jams,525523,2,3,2,2,mixed,-0.1678321808576584,0.1298651248216629,0.41051136363636365,False,0
regression_loops_posthoc__group_audit__cost_1.15__no_favorable_group,58568,4,SS2-107-Ab,03_SS2-107-Ab_comp.jams,563032,2,3,2,2,mixed,-0.012104779481887817,0.3075268566608429,0.2900978915662651,False,0
regression_loops_posthoc__group_audit__cost_1.15__no_favorable_group,58593,4,SS2-107-Ab,03_SS2-107-Ab_comp.jams,625799,3,3,2,3,regression_favored,-0.16385743021965027,-0.00044305622577667236,0.6310369318181818,True,1
regression_loops_posthoc__group_audit__cost_1.15__no_favorable_group,58599,4,SS2-107-Ab,03_SS2-107-Ab_comp.jams,643944,4,3,4,4,mixed,-0.057915061712265015,0.14574900269508362,0.18157327586206898,False,0
regression_loops_posthoc__group_audit__cost_1.15__no_favorable_group,58616,4,SS2-107-Ab,03_SS2-107-Ab_comp.jams,680400,3,3,2,2,mixed,-0.05911371111869812,0.042059242725372314,0.7354910714285714,False,0
regression_loops_posthoc__group_audit__cost_1.15__no_favorable_group,58638,4,SS2-107-Ab,03_SS2-107-Ab_comp.jams,754401,2,3,2,2,mixed,-0.2550821900367737,0.1843022257089615,0.31162655279503104,False,0
regression_loops_posthoc__group_audit__cost_1.15__no_favorable_group,58649,4,SS2-107-Ab,03_SS2-107-Ab_comp.jams,804204,3,3,4,4,correction_favored,0.038176029920578,0.18640534579753876,0.1636904761904762,False,0
regression_loops_posthoc__group_audit__cost_1.15__no_favorable_group,58659,4,SS2-107-Ab,03_SS2-107-Ab_comp.jams,829484,1,3,2,2,mixed,-0.17276662588119507,0.1412307620048523,0.5862707345971564,False,0
regression_loops_posthoc__group_audit__cost_1.15__no_favorable_group,58684,4,SS2-107-Ab,03_SS2-107-Ab_comp.jams,902852,3,3,2,2,mixed,-0.023490339517593384,0.1923818737268448,0.40970685840707965,False,0
regression_loops_posthoc__group_audit__cost_1.15__no_favorable_group,58708,4,SS2-107-Ab,03_SS2-107-Ab_comp.jams,959377,2,3,2,2,mixed,-0.06162466108798981,0.24225863814353943,0.25714760638297873,False,0
regression_loops_posthoc__group_audit__cost_1.15__no_favorable_group,58733,4,SS2-107-Ab,03_SS2-107-Ab_comp.jams,1020797,2,3,2,2,mixed,-0.1589258313179016,0.04354137182235718,0.6090984513274337,False,0
regression_loops_posthoc__group_audit__cost_1.15__no_favorable_group,58735,4,SS2-107-Ab,03_SS2-107-Ab_comp.jams,1026370,2,3,2,2,correction_favored,0.04280656576156616,0.2148795872926712,0.8191207627118644,False,0
regression_loops_posthoc__group_audit__cost_1.15__no_favorable_group,58761,4,SS2-107-Ab,03_SS2-107-Ab_comp.jams,1100107,1,3,2,2,mixed,-0.10098521411418915,0.1827053278684616,0.35684419014084506,False,0
regression_loops_posthoc__group_audit__cost_1.15__no_favorable_group,58784,4,SS2-107-Ab,03_SS2-107-Ab_comp.jams,1156774,3,3,4,4,correction_favored,0.09438773989677429,0.2806122303009033,0.3023097826086957,False,0
regression_loops_posthoc__group_audit__cost_1.15__no_favorable_group,58810,4,SS2-107-Ab,03_SS2-107-Ab_comp.jams,1219257,2,3,2,2,mixed,-0.03288200497627258,0.059824734926223755,0.55078125,False,0
regression_loops_posthoc__group_audit__cost_1.15__no_favorable_group,58820,4,SS2-107-Ab,03_SS2-107-Ab_comp.jams,1256238,3,2,3,3,correction_favored,0.05882352590560913,0.4173126518726349,0.5452620967741936,False,0
regression_loops_posthoc__group_audit__cost_1.15__no_favorable_group,58826,4,SS2-107-Ab,03_SS2-107-Ab_comp.jams,1286049,1,3,2,2,mixed,-0.11686956882476807,0.16538460552692413,0.13232421875,False,0
regression_loops_posthoc__group_audit__cost_1.15__no_favorable_group,58848,4,SS2-107-Ab,03_SS2-107-Ab_comp.jams,1354017,2,3,2,2,mixed,-0.10464000701904297,0.18459102511405945,0.45249277456647397,False,0
regression_loops_posthoc__group_audit__cost_1.15__no_favorable_group,58855,4,SS2-107-Ab,03_SS2-107-Ab_comp.jams,1368163,2,3,2,2,mixed,-0.2913608253002167,0.12298506498336792,0.4456588669950739,False,0
regression_loops_posthoc__group_audit__cost_1.15__no_favorable_group,58864,4,SS2-107-Ab,03_SS2-107-Ab_comp.jams,1397293,5,3,4,4,correction_favored,0.12903223931789398,0.2766798734664917,0.37109375,False,0
regression_loops_posthoc__group_audit__cost_1.15__no_favorable_group,58881,4,SS2-107-Ab,03_SS2-107-Ab_comp.jams,1435066,3,3,2,2,mixed,-0.08505262434482574,0.22854633629322052,0.4660744863013699,False,0
regression_loops_posthoc__group_audit__cost_1.15__no_favorable_group,58889,4,SS2-107-Ab,03_SS2-107-Ab_comp.jams,1454454,3,3,2,2,mixed,-0.05375252664089203,0.14648400247097015,0.3125,False,0
regression_loops_posthoc__group_audit__cost_1.15__no_favorable_group,58909,4,SS2-107-Ab,03_SS2-107-Ab_comp.jams,1513621,1,3,2,2,mixed,-0.043609023094177246,0.27263009548187256,0.4893867924528302,False,0
regression_loops_posthoc__group_audit__cost_1.15__no_favorable_group,58916,4,SS2-107-Ab,03_SS2-107-Ab_comp.jams,1532655,4,3,4,4,correction_favored,0.023148149251937866,0.1815856695175171,0.2857142857142857,False,0
regression_loops_posthoc__group_audit__cost_1.15__no_favorable_group,58921,4,SS2-107-Ab,03_SS2-107-Ab_comp.jams,1552356,2,3,2,2,mixed,-0.09176471829414368,0.2706552743911743,0.22681051587301587,False,0
regression_loops_posthoc__group_audit__cost_1.15__no_favorable_group,62632,4,Funk2-108-Eb,04_Funk2-108-Eb_comp.jams,257855,3,3,4,4,mixed,-0.03866809606552124,0.3123076856136322,0.24982040229885058,False,0
regression_loops_posthoc__group_audit__cost_1.15__no_favorable_group,62656,4,Funk2-108-Eb,04_Funk2-108-Eb_comp.jams,375594,3,2,3,3,correction_favored,0.10369566082954407,0.28867998719215393,0.4207001879699248,False,0
regression_loops_posthoc__group_audit__cost_1.15__no_favorable_group,62683,4,Funk2-108-Eb,04_Funk2-108-Eb_comp.jams,473450,2,3,2,2,mixed,-0.12171867489814758,0.15022523701190948,0.2734375,False,0
regression_loops_posthoc__group_audit__cost_1.15__no_favorable_group,62693,4,Funk2-108-Eb,04_Funk2-108-Eb_comp.jams,508304,1,3,2,2,mixed,-0.13767580687999725,0.14122381806373596,0.2689873417721519,False,0
regression_loops_posthoc__group_audit__cost_1.15__no_favorable_group,62694,4,Funk2-108-Eb,04_Funk2-108-Eb_comp.jams,510198,2,3,2,2,correction_favored,0.014687776565551758,0.24553491175174713,0.5026041666666666,False,0
regression_loops_posthoc__group_audit__cost_1.15__no_favorable_group,62698,4,Funk2-108-Eb,04_Funk2-108-Eb_comp.jams,527085,4,3,4,4,mixed,-0.23317685723304749,0.23188407719135284,0.21601159793814434,False,0
regression_loops_posthoc__group_audit__cost_1.15__no_favorable_group,62718,4,Funk2-108-Eb,04_Funk2-108-Eb_comp.jams,588463,3,3,5,3,regression_favored,-0.12632979452610016,-0.12632979452610016,0.0625,True,1
regression_loops_posthoc__group_audit__cost_1.15__no_favorable_group,62761,4,Funk2-108-Eb,04_Funk2-108-Eb_comp.jams,753794,3,3,2,2,correction_favored,0.17272727191448212,0.18967179954051971,0.15625,False,0
regression_loops_posthoc__group_audit__cost_1.15__no_favorable_group,62776,4,Funk2-108-Eb,04_Funk2-108-Eb_comp.jams,803613,2,3,2,2,mixed,-0.020185023546218872,0.08304500579833984,0.34191176470588236,False,0
regression_loops_posthoc__group_audit__cost_1.15__no_favorable_group,62783,4,Funk2-108-Eb,04_Funk2-108-Eb_comp.jams,829215,0,3,2,2,mixed,-0.20542098581790924,0.15965217351913452,0.47152944711538464,False,0
regression_loops_posthoc__group_audit__cost_1.15__no_favorable_group,62786,4,Funk2-108-Eb,04_Funk2-108-Eb_comp.jams,844791,3,3,4,4,mixed,-0.064242422580719,0.371052622795105,0.20094476744186046,False,0
regression_loops_posthoc__group_audit__cost_1.15__no_favorable_group,62796,4,Funk2-108-Eb,04_Funk2-108-Eb_comp.jams,882005,4,3,2,3,regression_favored,-0.24064171314239502,-0.09680795669555664,0.1484375,True,0
regression_loops_posthoc__group_audit__cost_1.15__no_favorable_group,62808,4,Funk2-108-Eb,04_Funk2-108-Eb_comp.jams,918021,5,3,4,4,correction_favored,0.0502152144908905,0.3180464506149292,0.2450284090909091,False,0
regression_loops_posthoc__group_audit__cost_1.15__no_favorable_group,62817,4,Funk2-108-Eb,04_Funk2-108-Eb_comp.jams,943374,4,3,4,4,mixed,-0.04591834545135498,0.33732056617736816,0.22339527027027026,False,0
regression_loops_posthoc__group_audit__cost_1.15__no_favorable_group,62821,4,Funk2-108-Eb,04_Funk2-108-Eb_comp.jams,954805,5,3,4,3,regression_favored,-0.44628697633743286,-0.11164465546607971,0.13267045454545454,True,0
regression_loops_posthoc__group_audit__cost_1.15__no_favorable_group,62837,4,Funk2-108-Eb,04_Funk2-108-Eb_comp.jams,997761,2,3,2,2,correction_favored,0.004659831523895264,0.20018604397773743,0.47547901459854014,False,0
regression_loops_posthoc__group_audit__cost_1.15__no_favorable_group,62841,4,Funk2-108-Eb,04_Funk2-108-Eb_comp.jams,1016341,2,3,2,2,correction_favored,0.07492217421531677,0.20078694820404053,0.4862012987012987,False,0
regression_loops_posthoc__group_audit__cost_1.15__no_favorable_group,62842,4,Funk2-108-Eb,04_Funk2-108-Eb_comp.jams,1018168,1,3,2,2,mixed,-0.028265923261642456,0.20606060326099396,0.22691761363636365,False,0
regression_loops_posthoc__group_audit__cost_1.15__no_favorable_group,62849,4,Funk2-108-Eb,04_Funk2-108-Eb_comp.jams,1042332,4,3,4,4,mixed,-0.18614719808101654,0.3422732949256897,0.227489406779661,False,0
regression_loops_posthoc__group_audit__cost_1.15__no_favorable_group,62858,4,Funk2-108-Eb,04_Funk2-108-Eb_comp.jams,1079285,4,3,4,4,mixed,-0.2266666740179062,0.047128111124038696,0.1630859375,False,0
regression_loops_posthoc__group_audit__cost_1.15__no_favorable_group,62861,4,Funk2-108-Eb,04_Funk2-108-Eb_comp.jams,1098938,3,4,3,3,mixed,-0.018148213624954224,0.4374999701976776,0.35714285714285715,False,0
regression_loops_posthoc__group_audit__cost_1.15__no_favorable_group,62872,4,Funk2-108-Eb,04_Funk2-108-Eb_comp.jams,1138912,3,3,5,3,regression_favored,-0.23654568195343018,-0.23654568195343018,0.078125,True,1
regression_loops_posthoc__group_audit__cost_1.15__no_favorable_group,62908,4,Funk2-108-Eb,04_Funk2-108-Eb_comp.jams,1269438,3,3,2,2,mixed,-0.08983996510505676,0.13039767742156982,0.39150280898876405,False,0
regression_loops_posthoc__group_audit__cost_1.15__no_favorable_group,62913,4,Funk2-108-Eb,04_Funk2-108-Eb_comp.jams,1285924,2,3,2,2,mixed,-0.11359025537967682,0.3542395234107971,0.2324501811594203,False,0
regression_loops_posthoc__group_audit__cost_1.15__no_favorable_group,62916,4,Funk2-108-Eb,04_Funk2-108-Eb_comp.jams,1299104,0,3,2,2,mixed,-0.16986948251724243,0.2857142686843872,0.36421130952380953,False,0
regression_loops_posthoc__group_audit__cost_1.15__no_favorable_group,62922,4,Funk2-108-Eb,04_Funk2-108-Eb_comp.jams,1324373,3,3,5,3,regression_favored,-0.07294833660125732,-0.07294833660125732,0.03125,True,1
regression_loops_posthoc__group_audit__cost_1.15__no_favorable_group,62974,4,Funk2-108-Eb,04_Funk2-108-Eb_comp.jams,1518932,4,3,4,3,regression_favored,-0.26695525646209717,-0.09774833917617798,0.15625,True,-1
regression_loops_posthoc__group_audit__cost_1.15__no_favorable_group,65138,4,Jazz1-130-D,04_Jazz1-130-D_comp.jams,182665,4,3,4,4,mixed,-0.25791212916374207,0.13684210181236267,0.24569389763779528,False,0
regression_loops_posthoc__group_audit__cost_1.15__no_favorable_group,65154,4,Jazz1-130-D,04_Jazz1-130-D_comp.jams,245669,3,3,2,2,mixed,-0.25963491201400757,0.4285714626312256,0.35930934873949577,False,0
regression_loops_posthoc__group_audit__cost_1.15__no_favorable_group,65185,4,Jazz1-130-D,04_Jazz1-130-D_comp.jams,367068,4,3,2,2,mixed,-0.20164215564727783,0.19797979295253754,0.3483231707317073,False,0
regression_loops_posthoc__group_audit__cost_1.15__no_favorable_group,65191,4,Jazz1-130-D,04_Jazz1-130-D_comp.jams,385850,4,3,4,4,mixed,-0.2065727710723877,0.178571417927742,0.2353515625,False,0
regression_loops_posthoc__group_audit__cost_1.15__no_favorable_group,65204,4,Jazz1-130-D,04_Jazz1-130-D_comp.jams,426546,4,3,4,4,mixed,-0.11806914210319519,0.20095694065093994,0.1717479674796748,False,0
regression_loops_posthoc__group_audit__cost_1.15__no_favorable_group,65232,4,Jazz1-130-D,04_Jazz1-130-D_comp.jams,507322,4,3,4,4,mixed,-0.23997969925403595,0.14038462936878204,0.27192540322580644,False,0
regression_loops_posthoc__group_audit__cost_1.15__no_favorable_group,65244,4,Jazz1-130-D,04_Jazz1-130-D_comp.jams,548776,4,3,4,4,mixed,-0.2483994960784912,0.10121458768844604,0.2362446581196581,False,0
regression_loops_posthoc__group_audit__cost_1.15__no_favorable_group,65315,4,Jazz1-130-D,04_Jazz1-130-D_comp.jams,772677,4,3,2,2,mixed,-0.14651237428188324,0.07914894819259644,0.0498046875,False,0
regression_loops_posthoc__group_audit__cost_1.15__no_favorable_group,65330,4,Jazz1-130-D,04_Jazz1-130-D_comp.jams,807497,1,3,2,2,mixed,-0.08211787045001984,0.19588443636894226,0.3373447204968944,False,0
regression_loops_posthoc__group_audit__cost_1.15__no_favorable_group,65332,4,Jazz1-130-D,04_Jazz1-130-D_comp.jams,813471,3,3,2,2,mixed,-0.27661946415901184,0.1847211867570877,0.31025,False,0
regression_loops_posthoc__group_audit__cost_1.15__no_favorable_group,65339,4,Jazz1-130-D,04_Jazz1-130-D_comp.jams,833187,4,3,4,4,mixed,-0.14931505918502808,0.20909090340137482,0.301625,False,0
regression_loops_posthoc__group_audit__cost_1.15__no_favorable_group,66697,4,Jazz3-137-Eb,04_Jazz3-137-Eb_comp.jams,39658,4,3,2,2,mixed,-0.1387755125761032,0.221856489777565,0.49769864341085274,False,0
regression_loops_posthoc__group_audit__cost_1.15__no_favorable_group,66731,4,Jazz3-137-Eb,04_Jazz3-137-Eb_comp.jams,192654,3,3,2,2,mixed,-0.17328570783138275,0.08955223858356476,0.4401595744680851,False,0
regression_loops_posthoc__group_audit__cost_1.15__no_favorable_group,66748,4,Jazz3-137-Eb,04_Jazz3-137-Eb_comp.jams,270650,4,3,4,4,mixed,-0.12980769574642181,0.26006191968917847,0.1059484649122807,False,0
regression_loops_posthoc__group_audit__cost_1.15__no_favorable_group,66753,4,Jazz3-137-Eb,04_Jazz3-137-Eb_comp.jams,289492,4,3,4,4,mixed,-0.2608107924461365,0.1164465844631195,0.09135584677419355,False,0
regression_loops_posthoc__group_audit__cost_1.15__no_favorable_group,66780,4,Jazz3-137-Eb,04_Jazz3-137-Eb_comp.jams,360047,4,3,2,2,mixed,-0.0750507116317749,0.15789471566677094,0.4568326271186441,False,0
regression_loops_posthoc__group_audit__cost_1.15__no_favorable_group,66797,4,Jazz3-137-Eb,04_Jazz3-137-Eb_comp.jams,423714,3,3,2,2,mixed,-0.22117039561271667,0.014090031385421753,0.2563344594594595,False,0
regression_loops_posthoc__group_audit__cost_1.15__no_favorable_group,66805,4,Jazz3-137-Eb,04_Jazz3-137-Eb_comp.jams,463010,4,3,4,4,mixed,-0.06329113245010376,0.11452990770339966,0.0859375,False,0
regression_loops_posthoc__group_audit__cost_1.15__no_favorable_group,66825,4,Jazz3-137-Eb,04_Jazz3-137-Eb_comp.jams,532521,3,3,4,3,regression_favored,-0.21605277061462402,-0.024561405181884766,0.06473214285714286,True,1
regression_loops_posthoc__group_audit__cost_1.15__no_favorable_group,66898,4,Jazz3-137-Eb,04_Jazz3-137-Eb_comp.jams,783806,3,3,2,3,regression_favored,-0.12293852865695953,-0.12293852865695953,0.171875,True,1
regression_loops_posthoc__group_audit__cost_1.15__no_favorable_group,66910,4,Jazz3-137-Eb,04_Jazz3-137-Eb_comp.jams,841751,4,3,4,4,mixed,-0.07915055751800537,0.22587719559669495,0.22127757352941177,False,0
regression_loops_posthoc__group_audit__cost_1.15__no_favorable_group,66920,4,Jazz3-137-Eb,04_Jazz3-137-Eb_comp.jams,867903,4,3,4,4,mixed,-0.09546060860157013,0.10144926607608795,0.185,False,0
regression_loops_posthoc__group_audit__cost_1.15__no_favorable_group,66926,4,Jazz3-137-Eb,04_Jazz3-137-Eb_comp.jams,881473,4,3,4,4,correction_favored,0.18018019199371338,0.18018019199371338,0.140625,False,0
regression_loops_posthoc__group_audit__cost_1.15__no_favorable_group,66945,4,Jazz3-137-Eb,04_Jazz3-137-Eb_comp.jams,920690,4,4,2,2,mixed,-0.04358604550361633,0.524545431137085,0.3450460829493088,False,0
regression_loops_posthoc__group_audit__cost_1.15__no_favorable_group,66982,4,Jazz3-137-Eb,04_Jazz3-137-Eb_comp.jams,1036030,2,3,2,2,mixed,-0.24585966765880585,0.07311321794986725,0.3572591145833333,False,0
regression_loops_posthoc__group_audit__cost_1.15__no_favorable_group,66988,4,Jazz3-137-Eb,04_Jazz3-137-Eb_comp.jams,1056199,3,3,2,2,mixed,-0.2150377780199051,0.23024730384349823,0.239125,False,0
regression_loops_posthoc__group_audit__cost_1.15__no_favorable_group,67139,4,Jazz3-137-Eb,04_Jazz3-137-Eb_solo.jams,1159612,2,3,2,3,regression_favored,-0.21960784494876862,-0.10426756739616394,0.084375,True,-1
regression_loops_posthoc__group_audit__cost_1.15__no_favorable_group,68142,4,Rock1-90-C#,04_Rock1-90-C#_comp.jams,1945,3,3,4,3,regression_favored,-0.24987226724624634,-0.050675660371780396,0.134375,True,1
regression_loops_posthoc__group_audit__cost_1.15__no_favorable_group,68175,4,Rock1-90-C#,04_Rock1-90-C#_comp.jams,102159,3,3,2,2,mixed,-0.07750865817070007,0.2092628926038742,0.061197916666666664,False,0
regression_loops_posthoc__group_audit__cost_1.15__no_favorable_group,68196,4,Rock1-90-C#,04_Rock1-90-C#_comp.jams,175992,2,3,2,2,mixed,-0.047384604811668396,0.3065934181213379,0.2779657643312102,False,0
regression_loops_posthoc__group_audit__cost_1.15__no_favorable_group,68239,4,Rock1-90-C#,04_Rock1-90-C#_comp.jams,294626,3,3,4,4,mixed,-0.10182121396064758,0.09544160962104797,0.14713541666666666,False,0
regression_loops_posthoc__group_audit__cost_1.15__no_favorable_group,68323,4,Rock1-90-C#,04_Rock1-90-C#_comp.jams,529374,4,3,4,4,correction_favored,0.026027381420135498,0.20000000298023224,0.16964285714285715,False,0
regression_loops_posthoc__group_audit__cost_1.15__no_favorable_group,68366,4,Rock1-90-C#,04_Rock1-90-C#_comp.jams,617120,4,2,3,3,mixed,-0.19545286893844604,0.010504812002182007,0.3804563492063492,False,0
regression_loops_posthoc__group_audit__cost_1.15__no_favorable_group,68387,4,Rock1-90-C#,04_Rock1-90-C#_comp.jams,659478,2,3,2,2,mixed,-0.052216753363609314,0.2860472798347473,0.44558189655172414,False,0
regression_loops_posthoc__group_audit__cost_1.15__no_favorable_group,68446,4,Rock1-90-C#,04_Rock1-90-C#_comp.jams,851769,3,3,4,4,correction_favored,0.019893914461135864,0.2629969120025635,0.2916666666666667,False,0
regression_loops_posthoc__group_audit__cost_1.15__no_favorable_group,68494,4,Rock1-90-C#,04_Rock1-90-C#_comp.jams,970087,3,3,2,2,mixed,-0.04313725233078003,0.25033503770828247,0.3639112903225806,False,0
regression_loops_posthoc__group_audit__cost_1.15__no_favorable_group,68506,4,Rock1-90-C#,04_Rock1-90-C#_comp.jams,1000327,4,3,4,4,mixed,-0.2322070300579071,0.371052622795105,0.1438858695652174,False,0
regression_loops_posthoc__group_audit__cost_1.15__no_favorable_group,68524,4,Rock1-90-C#,04_Rock1-90-C#_comp.jams,1056243,4,3,4,4,mixed,-0.3638095259666443,0.26006191968917847,0.125,False,0
regression_loops_posthoc__group_audit__cost_1.15__no_favorable_group,68540,4,Rock1-90-C#,04_Rock1-90-C#_comp.jams,1086873,4,3,4,4,mixed,-0.09999999403953552,0.27397260069847107,0.13147522522522523,False,0
regression_loops_posthoc__group_audit__cost_1.15__no_favorable_group,68611,4,Rock1-90-C#,04_Rock1-90-C#_comp.jams,1250331,2,3,2,2,mixed,-0.1573943793773651,0.057575762271881104,0.41241197183098594,False,0
regression_loops_posthoc__group_audit__cost_1.15__no_favorable_group,68631,4,Rock1-90-C#,04_Rock1-90-C#_comp.jams,1291826,4,3,4,4,mixed,-0.2616822123527527,0.16320617496967316,0.13407258064516128,False,0
regression_loops_posthoc__group_audit__cost_1.15__no_favorable_group,68642,4,Rock1-90-C#,04_Rock1-90-C#_comp.jams,1322031,4,3,4,4,correction_favored,0.20229555666446686,0.4226803779602051,0.2509973404255319,False,0
regression_loops_posthoc__group_audit__cost_1.15__no_favorable_group,68649,4,Rock1-90-C#,04_Rock1-90-C#_comp.jams,1336158,3,3,4,4,mixed,-0.07500001788139343,0.28593870997428894,0.16474780701754385,False,0
regression_loops_posthoc__group_audit__cost_1.15__no_favorable_group,72450,4,SS2-107-Ab,04_SS2-107-Ab_comp.jams,247930,1,3,2,2,mixed,-0.16099773347377777,0.14454977214336395,0.49322916666666666,False,0
regression_loops_posthoc__group_audit__cost_1.15__no_favorable_group,72584,4,SS2-107-Ab,04_SS2-107-Ab_comp.jams,724305,1,3,2,2,mixed,-0.3248392343521118,0.15844875574111938,0.4963235294117647,False,0
regression_loops_posthoc__group_audit__cost_1.15__no_favorable_group,72594,4,SS2-107-Ab,04_SS2-107-Ab_comp.jams,756417,1,3,2,2,mixed,-0.04860851168632507,0.16358023881912231,0.6374198717948718,False,0
regression_loops_posthoc__group_audit__cost_1.15__no_favorable_group,72682,4,SS2-107-Ab,04_SS2-107-Ab_comp.jams,1022736,1,3,2,2,mixed,-0.21142148971557617,0.0979883149266243,0.5638020833333334,False,0
regression_loops_posthoc__group_audit__cost_1.15__no_favorable_group,72753,4,SS2-107-Ab,04_SS2-107-Ab_comp.jams,1256187,1,3,2,2,mixed,-0.19700638949871063,0.13662156462669373,0.536509900990099,False,0
regression_loops_posthoc__group_audit__cost_1.15__no_favorable_group,72759,4,SS2-107-Ab,04_SS2-107-Ab_comp.jams,1268971,0,2,3,3,correction_favored,0.08048707246780396,0.2531628906726837,0.25597426470588236,False,0
regression_loops_posthoc__group_audit__cost_1.15__no_favorable_group,72761,4,SS2-107-Ab,04_SS2-107-Ab_comp.jams,1273087,0,3,2,2,mixed,-0.20471464097499847,0.10688000172376633,0.5895559210526315,False,0
regression_loops_posthoc__group_audit__cost_1.15__no_favorable_group,72769,4,SS2-107-Ab,04_SS2-107-Ab_comp.jams,1310097,1,3,2,2,mixed,-0.21504703164100647,0.20370370149612427,0.4396391369047619,False,0
regression_loops_posthoc__group_audit__cost_1.15__no_favorable_group,72789,4,SS2-107-Ab,04_SS2-107-Ab_comp.jams,1423775,1,3,2,2,mixed,-0.10271459817886353,0.306782603263855,0.49240860849056606,False,0
regression_loops_posthoc__source_count90__no_favorable_group,715,0,BN2-166-Ab,00_BN2-166-Ab_comp.jams,549345,3,4,2,4,regression_favored,-0.390300989151001,-0.390300989151001,0.21875,True,0
regression_loops_posthoc__source_count90__no_favorable_group,760,0,BN2-166-Ab,00_BN2-166-Ab_comp.jams,709555,3,3,4,4,correction_favored,0.037037044763565063,0.25471699237823486,0.234375,False,0
regression_loops_posthoc__source_count90__no_favorable_group,785,0,BN2-166-Ab,00_BN2-166-Ab_comp.jams,805715,4,3,4,4,correction_favored,0.03007107973098755,0.10153418779373169,0.31640625,False,0
regression_loops_posthoc__source_count90__no_favorable_group,7407,0,Jazz3-150-C,00_Jazz3-150-C_comp.jams,106489,2,3,2,2,mixed,-0.20852917432785034,0.300245076417923,0.4972067039106145,False,0
regression_loops_posthoc__source_count90__no_favorable_group,7417,0,Jazz3-150-C,00_Jazz3-150-C_comp.jams,140653,4,3,4,3,regression_favored,-0.12931033968925476,-0.12931033968925476,0.265625,True,-1
regression_loops_posthoc__source_count90__no_favorable_group,7445,0,Jazz3-150-C,00_Jazz3-150-C_comp.jams,205147,4,3,4,3,regression_favored,-0.046325862407684326,-0.046325862407684326,0.1875,True,-1
regression_loops_posthoc__source_count90__no_favorable_group,7462,0,Jazz3-150-C,00_Jazz3-150-C_comp.jams,298671,5,3,4,4,mixed,-0.08299240469932556,0.1931818127632141,0.3,False,0
regression_loops_posthoc__source_count90__no_favorable_group,7476,0,Jazz3-150-C,00_Jazz3-150-C_comp.jams,325620,2,3,2,2,mixed,-0.05521287024021149,0.13482987880706787,0.39427083333333335,False,0
regression_loops_posthoc__source_count90__no_favorable_group,7493,0,Jazz3-150-C,00_Jazz3-150-C_comp.jams,369876,3,3,2,3,regression_favored,-0.311956524848938,-0.011023864150047302,0.6049311926605505,True,1
regression_loops_posthoc__source_count90__no_favorable_group,7516,0,Jazz3-150-C,00_Jazz3-150-C_comp.jams,423370,4,3,2,2,mixed,-0.08461230993270874,0.08558598160743713,0.328125,False,0
regression_loops_posthoc__source_count90__no_favorable_group,7527,0,Jazz3-150-C,00_Jazz3-150-C_comp.jams,475578,4,3,2,2,mixed,-0.058653831481933594,0.08672408759593964,0.0390625,False,0
regression_loops_posthoc__source_count90__no_favorable_group,7532,0,Jazz3-150-C,00_Jazz3-150-C_comp.jams,486239,2,3,2,2,mixed,-0.0757167786359787,0.15605928003787994,0.3836969339622642,False,0
regression_loops_posthoc__source_count90__no_favorable_group,7573,0,Jazz3-150-C,00_Jazz3-150-C_comp.jams,599658,4,3,4,3,regression_favored,-0.24712343513965607,-0.05294385552406311,0.078125,True,-1
regression_loops_posthoc__source_count90__no_favorable_group,7614,0,Jazz3-150-C,00_Jazz3-150-C_comp.jams,750329,2,3,2,2,mixed,-0.026497066020965576,0.1372767686843872,0.3396875,False,0
regression_loops_posthoc__source_count90__no_favorable_group,7651,0,Jazz3-150-C,00_Jazz3-150-C_comp.jams,864275,3,3,2,2,correction_favored,0.13878607749938965,0.21648351848125458,0.25,False,0
regression_loops_posthoc__source_count90__no_favorable_group,7668,0,Jazz3-150-C,00_Jazz3-150-C_comp.jams,911307,3,3,4,3,regression_favored,-0.24712343513965607,-0.005324810743331909,0.078125,True,1
regression_loops_posthoc__source_count90__no_favorable_group,7691,0,Jazz3-150-C,00_Jazz3-150-C_comp.jams,981130,3,3,2,2,mixed,-0.08770275115966797,0.06964284181594849,0.159375,False,0
regression_loops_posthoc__source_count90__no_favorable_group,7920,0,Jazz3-150-C,00_Jazz3-150-C_solo.jams,617497,1,3,2,2,mixed,-0.10230177640914917,0.15739060938358307,0.39115767045454547,False,0
regression_loops_posthoc__source_count90__no_favorable_group,9643,0,Rock2-142-D,00_Rock2-142-D_comp.jams,19528,5,2,4,4,mixed,-0.38461539149284363,0.07792207598686218,0.03782894736842105,False,0
regression_loops_posthoc__source_count90__no_favorable_group,9694,0,Rock2-142-D,00_Rock2-142-D_comp.jams,136526,3,4,3,3,correction_favored,0.13114753365516663,0.2636059522628784,0.5733695652173914,False,0
regression_loops_posthoc__source_count90__no_favorable_group,9699,0,Rock2-142-D,00_Rock2-142-D_comp.jams,150043,2,3,2,2,mixed,-0.14686283469200134,0.28985506296157837,0.45366612554112556,False,0
regression_loops_posthoc__source_count90__no_favorable_group,9769,0,Rock2-142-D,00_Rock2-142-D_comp.jams,317201,5,3,4,3,regression_favored,-0.3545183539390564,-0.030433207750320435,0.10338541666666666,True,0
regression_loops_posthoc__source_count90__no_favorable_group,9779,0,Rock2-142-D,00_Rock2-142-D_comp.jams,345679,5,4,5,5,correction_favored,0.0,0.42533940076828003,0.1430619266055046,False,0
regression_loops_posthoc__source_count90__no_favorable_group,9790,0,Rock2-142-D,00_Rock2-142-D_comp.jams,384200,4,3,4,3,regression_favored,-0.3730822801589966,-0.014618843793869019,0.162109375,True,-1
regression_loops_posthoc__source_count90__no_favorable_group,9808,0,Rock2-142-D,00_Rock2-142-D_comp.jams,434602,5,4,2,2,correction_favored,0.02181817591190338,0.2978436350822449,0.140625,False,0
regression_loops_posthoc__source_count90__no_favorable_group,9818,0,Rock2-142-D,00_Rock2-142-D_comp.jams,461896,3,4,5,5,correction_favored,0.1965811848640442,0.4028340280056,0.28267045454545453,False,0
regression_loops_posthoc__source_count90__no_favorable_group,9825,0,Rock2-142-D,00_Rock2-142-D_comp.jams,475665,3,3,2,2,mixed,-0.11588409543037415,0.24704492092132568,0.4243364726027397,False,0
regression_loops_posthoc__source_count90__no_favorable_group,9851,0,Rock2-142-D,00_Rock2-142-D_comp.jams,531543,1,4,2,2,mixed,-0.16539588570594788,0.12727272510528564,0.39588815789473686,False,0
regression_loops_posthoc__source_count90__no_favorable_group,9866,0,Rock2-142-D,00_Rock2-142-D_comp.jams,566788,4,3,2,2,correction_favored,0.15029089152812958,0.37477636337280273,0.5001481042654028,False,0
regression_loops_posthoc__source_count90__no_favorable_group,9868,0,Rock2-142-D,00_Rock2-142-D_comp.jams,570756,4,4,3,3,correction_favored,0.100613072514534,0.10896308720111847,0.7291666666666666,False,0
regression_loops_posthoc__source_count90__no_favorable_group,9893,0,Rock2-142-D,00_Rock2-142-D_comp.jams,629212,4,3,2,2,mixed,-0.016429126262664795,0.19502168893814087,0.40217391304347827,False,0
regression_loops_posthoc__source_count90__no_favorable_group,9927,0,Rock2-142-D,00_Rock2-142-D_comp.jams,717408,4,3,4,4,mixed,-0.2528248429298401,0.007731959223747253,0.10798611111111112,False,0
regression_loops_posthoc__source_count90__no_favorable_group,9936,0,Rock2-142-D,00_Rock2-142-D_comp.jams,740214,3,4,2,2,mixed,-0.13322632014751434,0.3333333134651184,0.09300986842105263,False,0
regression_loops_posthoc__source_count90__no_favorable_group,9966,0,Rock2-142-D,00_Rock2-142-D_comp.jams,801749,2,3,2,2,mixed,-0.052910059690475464,0.30064988136291504,0.5803084061135371,False,0
regression_loops_posthoc__source_count90__no_favorable_group,9999,0,Rock2-142-D,00_Rock2-142-D_comp.jams,884688,3,4,2,2,mixed,-0.011594220995903015,0.3270588219165802,0.21310975609756097,False,0
regression_loops_posthoc__source_count90__no_favorable_group,10025,0,Rock2-142-D,00_Rock2-142-D_comp.jams,941681,5,3,4,4,mixed,-0.2309124618768692,0.020212769508361816,0.11458333333333333,False,0
regression_loops_posthoc__source_count90__no_favorable_group,10031,0,Rock2-142-D,00_Rock2-142-D_comp.jams,957018,4,3,2,2,mixed,-0.21484866738319397,0.08558659255504608,0.6075973053892215,False,0
regression_loops_posthoc__source_count90__no_favorable_group,10079,0,Rock2-142-D,00_Rock2-142-D_comp.jams,1072067,3,2,5,2,regression_favored,-0.5,0.0,0.020432692307692308,True,0
regression_loops_posthoc__source_count90__no_favorable_group,10088,0,Rock2-142-D,00_Rock2-142-D_comp.jams,1090502,3,3,2,2,mixed,-0.2757437229156494,0.0558466762304306,0.585875,False,0
regression_loops_posthoc__source_count90__no_favorable_group,10120,0,Rock2-142-D,00_Rock2-142-D_comp.jams,1159792,1,3,2,2,mixed,-0.23931622505187988,0.17972350120544434,0.6063311688311688,False,0
regression_loops_posthoc__source_count90__no_favorable_group,10183,0,Rock2-142-D,00_Rock2-142-D_solo.jams,177734,2,4,2,2,mixed,-0.059092968702316284,0.3684210479259491,0.4619879201680672,False,0
regression_loops_posthoc__source_count90__no_favorable_group,10218,0,Rock2-142-D,00_Rock2-142-D_solo.jams,299132,2,3,4,3,regression_favored,-0.1617647111415863,-0.02000477910041809,0.11979166666666667,True,0
regression_loops_posthoc__source_count90__no_favorable_group,12285,0,Rock3-148-C,00_Rock3-148-C_comp.jams,19772,4,3,4,4,mixed,-0.14047618210315704,0.021376177668571472,0.2859375,False,0
regression_loops_posthoc__source_count90__no_favorable_group,12306,0,Rock3-148-C,00_Rock3-148-C_comp.jams,66376,1,2,3,3,mixed,-0.14387446641921997,0.26407521963119507,0.27554086538461536,False,0
regression_loops_posthoc__source_count90__no_favorable_group,12309,0,Rock3-148-C,00_Rock3-148-C_comp.jams,80683,5,3,4,3,regression_favored,-0.09790050983428955,-0.09790050983428955,0.46875,True,0
regression_loops_posthoc__source_count90__no_favorable_group,12322,0,Rock3-148-C,00_Rock3-148-C_comp.jams,108070,5,3,4,4,mixed,-0.18214285373687744,0.062499985098838806,0.125,False,0
regression_loops_posthoc__source_count90__no_favorable_group,12328,0,Rock3-148-C,00_Rock3-148-C_comp.jams,124605,4,3,5,5,mixed,-0.025263160467147827,0.3584018647670746,0.16747359154929578,False,0
regression_loops_posthoc__source_count90__no_favorable_group,12331,0,Rock3-148-C,00_Rock3-148-C_comp.jams,135205,3,3,2,2,mixed,-0.002567678689956665,0.2322826236486435,0.6446238151658767,False,0
regression_loops_posthoc__source_count90__no_favorable_group,12333,0,Rock3-148-C,00_Rock3-148-C_comp.jams,139459,5,3,2,2,correction_favored,0.033846139907836914,0.4573863744735718,0.4040898617511521,False,0
regression_loops_posthoc__source_count90__no_favorable_group,12343,0,Rock3-148-C,00_Rock3-148-C_comp.jams,162241,5,4,5,5,correction_favored,0.01538461446762085,0.5106732249259949,0.16480654761904762,False,0
regression_loops_posthoc__source_count90__no_favorable_group,12356,0,Rock3-148-C,00_Rock3-148-C_comp.jams,189632,3,4,3,4,regression_favored,-0.04285714030265808,-0.008151590824127197,0.62109375,True,-1
regression_loops_posthoc__source_count90__no_favorable_group,12360,0,Rock3-148-C,00_Rock3-148-C_comp.jams,198690,3,3,2,2,mixed,-0.23333331942558289,0.26891210675239563,0.5753791841004184,False,0
regression_loops_posthoc__source_count90__no_favorable_group,12362,0,Rock3-148-C,00_Rock3-148-C_comp.jams,203498,4,4,3,3,correction_favored,0.11346995830535889,0.3770558834075928,0.4979707792207792,False,0
regression_loops_posthoc__source_count90__no_favorable_group,12390,0,Rock3-148-C,00_Rock3-148-C_comp.jams,269354,3,2,3,3,mixed,-0.16428571939468384,0.16877344250679016,0.34466145833333334,False,0
regression_loops_posthoc__source_count90__no_favorable_group,12394,0,Rock3-148-C,00_Rock3-148-C_comp.jams,282206,4,3,2,2,mixed,-0.03319501876831055,0.27765509486198425,0.19939630681818182,False,0
regression_loops_posthoc__source_count90__no_favorable_group,12401,0,Rock3-148-C,00_Rock3-148-C_comp.jams,296119,4,2,4,2,regression_favored,-0.41025641560554504,-0.14999999105930328,0.028273809523809524,True,-1
regression_loops_posthoc__source_count90__no_favorable_group,12408,0,Rock3-148-C,00_Rock3-148-C_comp.jams,309660,1,4,2,2,mixed,-0.11638203263282776,0.24137932062149048,0.3332855504587156,False,0
regression_loops_posthoc__source_count90__no_favorable_group,12429,0,Rock3-148-C,00_Rock3-148-C_comp.jams,352625,3,4,5,5,correction_favored,0.2055748999118805,0.41363635659217834,0.25735294117647056,False,0
regression_loops_posthoc__source_count90__no_favorable_group,12436,0,Rock3-148-C,00_Rock3-148-C_comp.jams,367543,5,4,2,2,mixed,-0.024075821042060852,0.07666666805744171,0.140625,False,0
regression_loops_posthoc__source_count90__no_favorable_group,12456,0,Rock3-148-C,00_Rock3-148-C_comp.jams,410279,2,2,3,3,mixed,-0.10129329562187195,0.027777761220932007,0.48660714285714285,False,0
regression_loops_posthoc__source_count90__no_favorable_group,12457,0,Rock3-148-C,00_Rock3-148-C_comp.jams,412056,3,3,4,4,mixed,-0.13199873268604279,0.09647059440612793,0.13020833333333334,False,0
regression_loops_posthoc__source_count90__no_favorable_group,12483,0,Rock3-148-C,00_Rock3-148-C_comp.jams,465369,5,3,4,3,regression_favored,-0.12709496915340424,-0.041666656732559204,0.12215909090909091,True,0
regression_loops_posthoc__source_count90__no_favorable_group,12490,0,Rock3-148-C,00_Rock3-148-C_comp.jams,479017,6,4,5,5,mixed,-0.2142857015132904,0.4846743643283844,0.15421875,False,0
regression_loops_posthoc__source_count90__no_favorable_group,12494,0,Rock3-148-C,00_Rock3-148-C_comp.jams,487214,4,4,2,2,correction_favored,0.039621010422706604,0.2841176688671112,0.2638392857142857,False,0
regression_loops_posthoc__source_count90__no_favorable_group,12499,0,Rock3-148-C,00_Rock3-148-C_comp.jams,497208,3,3,2,2,correction_favored,0.08962525427341461,0.32869431376457214,0.5358455882352942,False,0
regression_loops_posthoc__source_count90__no_favorable_group,12510,0,Rock3-148-C,00_Rock3-148-C_comp.jams,519216,6,4,2,2,correction_favored,0.04114490747451782,0.3055555522441864,0.19761439732142858,False,0
regression_loops_posthoc__source_count90__no_favorable_group,12512,0,Rock3-148-C,00_Rock3-148-C_comp.jams,523387,6,3,4,3,regression_favored,-0.2044728547334671,-0.2044728547334671,0.203125,True,0
regression_loops_posthoc__source_count90__no_favorable_group,12521,0,Rock3-148-C,00_Rock3-148-C_comp.jams,540632,2,2,3,2,regression_favored,-0.1236572414636612,-0.1236572414636612,0.515625,True,1
regression_loops_posthoc__source_count90__no_favorable_group,12527,0,Rock3-148-C,00_Rock3-148-C_comp.jams,554587,4,3,2,2,correction_favored,0.08771929889917374,0.4119318127632141,0.5837673611111112,False,0
regression_loops_posthoc__source_count90__no_favorable_group,12528,0,Rock3-148-C,00_Rock3-148-C_comp.jams,559123,5,3,2,2,mixed,-0.07180069386959076,0.24000488221645355,0.5709727112676056,False,0
regression_loops_posthoc__source_count90__no_favorable_group,12531,0,Rock3-148-C,00_Rock3-148-C_comp.jams,567817,5,3,2,2,correction_favored,0.08954021334648132,0.4134615659713745,0.4552744708994709,False,0
regression_loops_posthoc__source_count90__no_favorable_group,12540,0,Rock3-148-C,00_Rock3-148-C_comp.jams,589860,5,4,5,5,mixed,-0.0625,0.4761905074119568,0.16851635514018692,False,0
regression_loops_posthoc__source_count90__no_favorable_group,12547,0,Rock3-148-C,00_Rock3-148-C_comp.jams,604866,5,2,3,2,regression_favored,-0.2714914381504059,-0.05391237139701843,0.35735887096774194,True,0
regression_loops_posthoc__source_count90__no_favorable_group,12552,0,Rock3-148-C,00_Rock3-148-C_comp.jams,617081,5,3,4,4,mixed,-0.2612951993942261,0.09011629223823547,0.1748046875,False,0
regression_loops_posthoc__source_count90__no_favorable_group,12559,0,Rock3-148-C,00_Rock3-148-C_comp.jams,631168,4,2,3,3,mixed,-0.02850574254989624,0.18571573495864868,0.17696629213483145,False,0
regression_loops_posthoc__source_count90__no_favorable_group,12590,0,Rock3-148-C,00_Rock3-148-C_comp.jams,711432,4,3,2,2,correction_favored,0.15369173884391785,0.37850069999694824,0.44212962962962965,False,0
regression_loops_posthoc__source_count90__no_favorable_group,12595,0,Rock3-148-C,00_Rock3-148-C_comp.jams,723778,3,2,3,2,regression_favored,-0.20437213778495789,-0.03303426504135132,0.3484375,True,-1
regression_loops_posthoc__source_count90__no_favorable_group,12615,0,Rock3-148-C,00_Rock3-148-C_comp.jams,765167,5,4,3,3,mixed,-0.13008934259414673,0.057947754859924316,0.5085495283018868,False,0
regression_loops_posthoc__source_count90__no_favorable_group,12619,0,Rock3-148-C,00_Rock3-148-C_comp.jams,774264,4,3,2,2,mixed,-0.04928833246231079,0.24250000715255737,0.5542328042328042,False,0
regression_loops_posthoc__source_count90__no_favorable_group,12645,0,Rock3-148-C,00_Rock3-148-C_comp.jams,834981,4,3,2,2,mixed,-0.1666666567325592,0.22861164808273315,0.5345622119815668,False,0
regression_loops_posthoc__source_count90__no_favorable_group,12647,0,Rock3-148-C,00_Rock3-148-C_comp.jams,838781,4,3,2,2,correction_favored,0.012151896953582764,0.22261983156204224,0.429625,False,0
regression_loops_posthoc__source_count90__no_favorable_group,12654,0,Rock3-148-C,00_Rock3-148-C_comp.jams,853048,5,3,2,2,correction_favored,0.13913941383361816,0.33180874586105347,0.5657552083333334,False,0
regression_loops_posthoc__source_count90__no_favorable_group,12666,0,Rock3-148-C,00_Rock3-148-C_comp.jams,877189,6,4,3,4,regression_favored,-0.19779536128044128,-0.1390315294265747,0.671875,True,0
regression_loops_posthoc__source_count90__no_favorable_group,12673,0,Rock3-148-C,00_Rock3-148-C_comp.jams,890277,3,4,3,4,regression_favored,-0.11653973162174225,-0.07073229551315308,0.5885416666666666,True,-1
regression_loops_posthoc__source_count90__no_favorable_group,12687,0,Rock3-148-C,00_Rock3-148-C_comp.jams,917684,3,3,2,2,correction_favored,0.05399751663208008,0.3152981400489807,0.5926809210526316,False,0
regression_loops_posthoc__source_count90__no_favorable_group,12702,0,Rock3-148-C,00_Rock3-148-C_comp.jams,947626,5,3,4,3,regression_favored,-0.2289077639579773,-0.0225791335105896,0.14415322580645162,True,0
regression_loops_posthoc__source_count90__no_favorable_group,12708,0,Rock3-148-C,00_Rock3-148-C_comp.jams,961220,4,2,4,2,regression_favored,-0.30824175477027893,-0.30824175477027893,0.125,True,-1
regression_loops_posthoc__source_count90__no_favorable_group,12715,0,Rock3-148-C,00_Rock3-148-C_comp.jams,976146,5,3,2,2,mixed,-0.05454544723033905,0.3776041865348816,0.5050491266375546,False,0
regression_loops_posthoc__source_count90__no_favorable_group,12725,0,Rock3-148-C,00_Rock3-148-C_comp.jams,997948,5,4,3,3,mixed,-0.01977318525314331,0.2412993311882019,0.6309988839285714,False,0
regression_loops_posthoc__source_count90__no_favorable_group,12727,0,Rock3-148-C,00_Rock3-148-C_comp.jams,1002494,3,3,2,2,mixed,-0.11356465518474579,0.13720929622650146,0.464692679558011,False,0
regression_loops_posthoc__source_count90__no_favorable_group,12741,0,Rock3-148-C,00_Rock3-148-C_comp.jams,1033393,4,4,2,2,mixed,-0.12440839409828186,0.11246050894260406,0.503125,False,0
regression_loops_posthoc__source_count90__no_favorable_group,12745,0,Rock3-148-C,00_Rock3-148-C_comp.jams,1042389,5,3,2,2,mixed,-0.1410256326198578,0.2539234757423401,0.6058728448275862,False,0
regression_loops_posthoc__source_count90__no_favorable_group,12751,0,Rock3-148-C,00_Rock3-148-C_comp.jams,1054843,5,3,2,2,correction_favored,0.06212902069091797,0.3456747233867645,0.5146827889447236,False,0
regression_loops_posthoc__source_count90__no_favorable_group,12753,0,Rock3-148-C,00_Rock3-148-C_comp.jams,1059143,3,2,3,2,regression_favored,-0.07921279966831207,-0.07921279966831207,0.515625,True,-1
regression_loops_posthoc__source_count90__no_favorable_group,12757,0,Rock3-148-C,00_Rock3-148-C_comp.jams,1068889,6,3,2,2,correction_favored,0.04016423225402832,0.3408340811729431,0.34967672413793105,False,0
regression_loops_posthoc__source_count90__no_favorable_group,12771,0,Rock3-148-C,00_Rock3-148-C_comp.jams,1098916,5,2,4,4,mixed,-0.3388157784938812,0.16083917021751404,0.02322635135135135,False,0
regression_loops_posthoc__source_count90__no_favorable_group,12788,0,Rock3-148-C,00_Rock3-148-C_comp.jams,1134847,4,2,4,4,unsupported,-0.34090909361839294,-0.34090909361839294,0.0,False,0
regression_loops_posthoc__source_count90__no_favorable_group,12800,0,Rock3-148-C,00_Rock3-148-C_solo.jams,37490,3,3,4,4,mixed,-0.19090908765792847,0.16346153616905212,0.21807065217391305,False,0
regression_loops_posthoc__source_count90__no_favorable_group,12808,0,Rock3-148-C,00_Rock3-148-C_solo.jams,65296,3,3,4,4,mixed,-0.28333333134651184,0.23148149251937866,0.20610119047619047,False,0
regression_loops_posthoc__source_count90__no_favorable_group,12855,0,Rock3-148-C,00_Rock3-148-C_solo.jams,340001,2,3,2,2,mixed,-0.375,0.49390918016433716,0.42498703319502074,False,0
regression_loops_posthoc__source_count90__no_favorable_group,12871,0,Rock3-148-C,00_Rock3-148-C_solo.jams,501943,2,3,2,2,mixed,-0.30203166604042053,0.1314934939146042,0.27094594594594595,False,0
regression_loops_posthoc__source_count90__no_favorable_group,12876,0,Rock3-148-C,00_Rock3-148-C_solo.jams,554452,2,3,2,2,mixed,-0.1820981800556183,0.3733566999435425,0.43824728260869567,False,0
regression_loops_posthoc__source_count90__no_favorable_group,13065,0,SS1-68-E,00_SS1-68-E_comp.jams,274747,0,3,2,2,mixed,-0.010197937488555908,0.22253315150737762,0.3297018348623853,False,0
regression_loops_posthoc__source_count90__no_favorable_group,13249,0,SS1-68-E,00_SS1-68-E_comp.jams,908307,1,3,2,2,mixed,-0.15290507674217224,0.15813758969306946,0.5346200980392157,False,0
regression_loops_posthoc__source_count90__no_favorable_group,13316,0,SS1-68-E,00_SS1-68-E_comp.jams,1130464,2,3,2,3,regression_favored,-0.17969736456871033,-0.08327163755893707,0.283203125,True,-1
regression_loops_posthoc__source_count90__no_favorable_group,13417,0,SS1-68-E,00_SS1-68-E_comp.jams,1402788,4,3,4,4,mixed,-0.05627119541168213,0.3054569959640503,0.1951388888888889,False,0
regression_loops_posthoc__source_count90__no_favorable_group,13524,0,SS1-68-E,00_SS1-68-E_comp.jams,1751504,3,4,2,2,mixed,-0.22178198397159576,0.09000000357627869,0.3156779661016949,False,0
regression_loops_posthoc__source_count90__no_favorable_group,13564,0,SS1-68-E,00_SS1-68-E_comp.jams,1849290,3,3,4,3,regression_favored,-0.07039403915405273,-0.07039403915405273,0.28125,True,1
regression_loops_posthoc__source_count90__no_favorable_group,13774,0,SS1-68-E,00_SS1-68-E_solo.jams,684359,2,4,3,3,mixed,-0.11712473630905151,0.02425748109817505,0.48046875,False,0
regression_loops_posthoc__source_count90__no_favorable_group,13815,0,SS1-68-E,00_SS1-68-E_solo.jams,797947,2,3,2,2,mixed,-0.20940001308918,0.02704031765460968,0.5411073825503355,False,0
regression_loops_posthoc__source_count90__no_favorable_group,13820,0,SS1-68-E,00_SS1-68-E_solo.jams,816794,3,3,4,4,correction_favored,0.044361621141433716,0.23671095073223114,0.3075284090909091,False,0
regression_loops_posthoc__source_count90__no_favorable_group,13859,0,SS1-68-E,00_SS1-68-E_solo.jams,911478,2,4,2,2,mixed,-0.05263158679008484,0.1798742115497589,0.1275077160493827,False,0
regression_loops_posthoc__source_count90__no_favorable_group,13910,0,SS1-68-E,00_SS1-68-E_solo.jams,1304878,2,3,4,4,mixed,-0.028508245944976807,0.03874167799949646,0.3177083333333333,False,0
regression_loops_posthoc__source_count90__no_favorable_group,13977,0,SS1-68-E,00_SS1-68-E_solo.jams,1555876,2,4,2,2,correction_favored,0.052188560366630554,0.35902637243270874,0.11654874213836477,False,0
regression_loops_posthoc__source_count90__no_favorable_group,13996,0,SS1-68-E,00_SS1-68-E_solo.jams,1595875,3,3,2,2,correction_favored,0.034067749977111816,0.31432315707206726,0.43054759174311924,False,0
regression_loops_posthoc__source_count90__no_favorable_group,17276,0,BN2-166-Ab,01_BN2-166-Ab_comp.jams,5,5,3,4,4,mixed,-0.2666666507720947,0.4285714626312256,0.21170774647887325,False,0
regression_loops_posthoc__source_count90__no_favorable_group,17296,0,BN2-166-Ab,01_BN2-166-Ab_comp.jams,46693,2,3,2,2,mixed,-0.059812143445014954,0.14807690680027008,0.59033203125,False,0
regression_loops_posthoc__source_count90__no_favorable_group,17297,0,BN2-166-Ab,01_BN2-166-Ab_comp.jams,55052,2,3,2,2,mixed,-0.1406666785478592,0.16909711062908173,0.27451727642276424,False,0
regression_loops_posthoc__source_count90__no_favorable_group,17315,0,BN2-166-Ab,01_BN2-166-Ab_comp.jams,102798,4,3,4,3,regression_favored,-0.1249999850988388,0.0,0.072265625,True,-1
regression_loops_posthoc__source_count90__no_favorable_group,17321,0,BN2-166-Ab,01_BN2-166-Ab_comp.jams,126213,4,3,4,4,mixed,-0.20949718356132507,0.10502821207046509,0.2541360294117647,False,0
regression_loops_posthoc__source_count90__no_favorable_group,17339,0,BN2-166-Ab,01_BN2-166-Ab_comp.jams,174942,3,3,2,2,mixed,-0.16544266045093536,0.26461538672447205,0.3587673611111111,False,0
regression_loops_posthoc__source_count90__no_favorable_group,17341,0,BN2-166-Ab,01_BN2-166-Ab_comp.jams,183373,1,3,2,2,mixed,-0.11799848079681396,0.21792036294937134,0.28045685279187815,False,0
regression_loops_posthoc__source_count90__no_favorable_group,17384,0,BN2-166-Ab,01_BN2-166-Ab_comp.jams,343590,4,3,4,4,mixed,-0.07897794246673584,0.20192307233810425,0.23648648648648649,False,0
regression_loops_posthoc__source_count90__no_favorable_group,17391,0,BN2-166-Ab,01_BN2-166-Ab_comp.jams,359184,3,4,3,3,mixed,-0.0014765560626983643,0.12709833681583405,0.3667763157894737,False,0
regression_loops_posthoc__source_count90__no_favorable_group,17446,0,BN2-166-Ab,01_BN2-166-Ab_comp.jams,557912,3,3,4,4,mixed,-0.1818181872367859,0.23657141625881195,0.16262335526315788,False,0
regression_loops_posthoc__source_count90__no_favorable_group,17472,0,BN2-166-Ab,01_BN2-166-Ab_comp.jams,621349,3,4,3,3,mixed,-0.23366063833236694,0.06033238768577576,0.7696078431372549,False,0
regression_loops_posthoc__source_count90__no_favorable_group,17495,0,BN2-166-Ab,01_BN2-166-Ab_comp.jams,684721,4,4,3,3,mixed,-0.1511688232421875,0.35384616255760193,0.5577598314606742,False,0
regression_loops_posthoc__source_count90__no_favorable_group,17513,0,BN2-166-Ab,01_BN2-166-Ab_comp.jams,748397,2,4,2,2,mixed,-0.045913055539131165,0.3999999761581421,0.19365923236514523,False,0
regression_loops_posthoc__source_count90__no_favorable_group,17515,0,BN2-166-Ab,01_BN2-166-Ab_comp.jams,757406,1,3,2,3,regression_favored,-0.13339278101921082,-0.03771045804023743,0.3828125,True,0
regression_loops_posthoc__source_count90__no_favorable_group,17526,0,BN2-166-Ab,01_BN2-166-Ab_comp.jams,812795,3,4,3,3,mixed,-0.1744627058506012,0.3015872836112976,0.5382035340314136,False,0
regression_loops_posthoc__source_count90__no_favorable_group,17579,0,BN2-166-Ab,01_BN2-166-Ab_comp.jams,980012,4,3,4,3,regression_favored,-0.4293915033340454,-0.1793363392353058,0.24724264705882354,True,-1
regression_loops_posthoc__source_count90__no_favorable_group,17585,0,BN2-166-Ab,01_BN2-166-Ab_comp.jams,1002348,4,3,4,4,mixed,-0.001994013786315918,0.022773802280426025,0.3828125,False,0
regression_loops_posthoc__source_count90__no_favorable_group,17589,0,BN2-166-Ab,01_BN2-166-Ab_comp.jams,1010993,5,3,4,3,regression_favored,-0.19333332777023315,-0.02978724241256714,0.20442708333333334,True,0
regression_loops_posthoc__source_count90__no_favorable_group,23541,0,Jazz3-150-C,01_Jazz3-150-C_comp.jams,205761,0,3,2,2,mixed,-0.03583180904388428,0.28698062896728516,0.31480135658914726,False,0
regression_loops_posthoc__source_count90__no_favorable_group,23574,0,Jazz3-150-C,01_Jazz3-150-C_comp.jams,370335,3,4,3,3,mixed,-0.15675827860832214,0.3322980999946594,0.5285087719298246,False,0
regression_loops_posthoc__source_count90__no_favorable_group,23594,0,Jazz3-150-C,01_Jazz3-150-C_comp.jams,476496,3,3,2,2,mixed,-0.06302021443843842,0.18290600180625916,0.28620049504950495,False,0
regression_loops_posthoc__source_count90__no_favorable_group,25544,0,Rock2-142-D,01_Rock2-142-D_comp.jams,429103,4,3,4,4,mixed,-0.20214566588401794,0.109333336353302,0.14253826530612246,False,0
regression_loops_posthoc__source_count90__no_favorable_group,25608,0,Rock2-142-D,01_Rock2-142-D_comp.jams,577557,3,4,3,3,mixed,-0.11861471831798553,0.2467212975025177,0.423828125,False,0
regression_loops_posthoc__source_count90__no_favorable_group,25631,0,Rock2-142-D,01_Rock2-142-D_comp.jams,623557,4,3,2,2,mixed,-0.04871600866317749,0.21809744834899902,0.41357853982300885,False,0
regression_loops_posthoc__source_count90__no_favorable_group,25645,0,Rock2-142-D,01_Rock2-142-D_comp.jams,652479,4,3,4,4,mixed,-0.2824302315711975,0.0020010769367218018,0.12201286764705882,False,0
regression_loops_posthoc__source_count90__no_favorable_group,25646,0,Rock2-142-D,01_Rock2-142-D_comp.jams,654246,2,3,2,2,mixed,-0.239925354719162,0.13731370866298676,0.26931014150943394,False,0
regression_loops_posthoc__source_count90__no_favorable_group,25671,0,Rock2-142-D,01_Rock2-142-D_comp.jams,728041,3,4,3,3,mixed,-0.13799622654914856,0.3015872836112976,0.6665645424836601,False,0
regression_loops_posthoc__source_count90__no_favorable_group,25725,0,Rock2-142-D,01_Rock2-142-D_comp.jams,848055,4,3,2,2,correction_favored,0.050281405448913574,0.12327472865581512,0.4375,False,0
regression_loops_posthoc__source_count90__no_favorable_group,25737,0,Rock2-142-D,01_Rock2-142-D_comp.jams,875794,4,3,4,4,mixed,-0.12452828884124756,0.1666666865348816,0.19555921052631578,False,0
regression_loops_posthoc__source_count90__no_favorable_group,25800,0,Rock2-142-D,01_Rock2-142-D_comp.jams,1025435,2,3,4,4,mixed,-0.05414927005767822,0.08539256453514099,0.3020833333333333,False,0
regression_loops_posthoc__source_count90__no_favorable_group,25807,0,Rock2-142-D,01_Rock2-142-D_comp.jams,1043507,2,3,2,2,correction_favored,0.014119654893875122,0.2644262909889221,0.3583096590909091,False,0
regression_loops_posthoc__source_count90__no_favorable_group,28146,0,Rock3-148-C,01_Rock3-148-C_comp.jams,277031,0,3,2,2,mixed,-0.1244850605726242,0.1686800867319107,0.578125,False,0
regression_loops_posthoc__source_count90__no_favorable_group,28148,0,Rock3-148-C,01_Rock3-148-C_comp.jams,286309,1,3,4,4,mixed,-0.2750000059604645,0.19817401468753815,0.22428097345132744,False,0
regression_loops_posthoc__source_count90__no_favorable_group,28169,0,Rock3-148-C,01_Rock3-148-C_comp.jams,340172,2,2,3,3,correction_favored,0.009711384773254395,0.047258973121643066,0.140625,False,0
regression_loops_posthoc__source_count90__no_favorable_group,28220,0,Rock3-148-C,01_Rock3-148-C_comp.jams,478284,2,2,3,3,mixed,-0.14359977841377258,0.19461697340011597,0.1603732638888889,False,0
regression_loops_posthoc__source_count90__no_favorable_group,28222,0,Rock3-148-C,01_Rock3-148-C_comp.jams,482415,1,3,2,2,correction_favored,0.06474599242210388,0.27157801389694214,0.5883861940298507,False,0
regression_loops_posthoc__source_count90__no_favorable_group,28265,0,Rock3-148-C,01_Rock3-148-C_comp.jams,616857,2,3,2,2,mixed,-0.018098756670951843,0.3549571633338928,0.3614817415730337,False,0
regression_loops_posthoc__source_count90__no_favorable_group,28267,0,Rock3-148-C,01_Rock3-148-C_comp.jams,621846,2,2,3,3,mixed,-0.13995355367660522,0.106446772813797,0.33478483606557374,False,0
regression_loops_posthoc__source_count90__no_favorable_group,28292,0,Rock3-148-C,01_Rock3-148-C_comp.jams,692558,1,2,3,2,regression_favored,-0.2656826376914978,-0.22458133101463318,0.34375,True,0
regression_loops_posthoc__source_count90__no_favorable_group,28298,0,Rock3-148-C,01_Rock3-148-C_comp.jams,707021,2,2,3,3,mixed,-0.061274513602256775,0.21142594516277313,0.35,False,0
regression_loops_posthoc__source_count90__no_favorable_group,28309,0,Rock3-148-C,01_Rock3-148-C_comp.jams,751391,2,2,3,3,correction_favored,0.018147140741348267,0.3592132329940796,0.6394127155172413,False,0
regression_loops_posthoc__source_count90__no_favorable_group,28311,0,Rock3-148-C,01_Rock3-148-C_comp.jams,764065,2,3,2,2,mixed,-0.03442448377609253,0.2694997191429138,0.29129464285714285,False,0
regression_loops_posthoc__source_count90__no_favorable_group,28318,0,Rock3-148-C,01_Rock3-148-C_comp.jams,787278,1,4,2,2,mixed,-0.06508563458919525,0.34334415197372437,0.19243951612903226,False,0
regression_loops_posthoc__source_count90__no_favorable_group,28331,0,Rock3-148-C,01_Rock3-148-C_comp.jams,823060,2,4,3,3,correction_favored,0.06633186340332031,0.274944543838501,0.42588141025641024,False,0
regression_loops_posthoc__source_count90__no_favorable_group,28347,0,Rock3-148-C,01_Rock3-148-C_comp.jams,858568,2,3,4,4,mixed,-0.23157893121242523,0.07758620381355286,0.26752533783783783,False,0
regression_loops_posthoc__source_count90__no_favorable_group,28365,0,Rock3-148-C,01_Rock3-148-C_comp.jams,908763,2,2,3,3,mixed,-0.055751651525497437,0.2600470781326294,0.44518849206349204,False,0
regression_loops_posthoc__source_count90__no_favorable_group,28376,0,Rock3-148-C,01_Rock3-148-C_comp.jams,930742,2,4,3,4,regression_favored,-0.05391502380371094,-0.05106383562088013,0.734375,True,0
regression_loops_posthoc__source_count90__no_favorable_group,28405,0,Rock3-148-C,01_Rock3-148-C_comp.jams,1002228,2,2,3,3,correction_favored,0.02142810821533203,0.3300497233867645,0.5248081140350878,False,0
regression_loops_posthoc__source_count90__no_favorable_group,28422,0,Rock3-148-C,01_Rock3-148-C_comp.jams,1051152,2,3,2,2,correction_favored,0.01061791181564331,0.20764155685901642,0.47475961538461536,False,0
regression_loops_posthoc__source_count90__no_favorable_group,28436,0,Rock3-148-C,01_Rock3-148-C_comp.jams,1083182,2,3,4,3,regression_favored,-0.004300802946090698,-0.004300802946090698,0.21875,True,0
regression_loops_posthoc__source_count90__no_favorable_group,28448,0,Rock3-148-C,01_Rock3-148-C_comp.jams,1122582,1,3,4,3,regression_favored,-0.34337350726127625,-0.34337350726127625,0.09375,True,0
regression_loops_posthoc__source_count90__no_favorable_group,28454,0,Rock3-148-C,01_Rock3-148-C_comp.jams,1135166,2,2,4,4,mixed,-0.5718954205513,0.11764705181121826,0.045048701298701296,False,0
regression_loops_posthoc__source_count90__no_favorable_group,28790,0,SS1-68-E,01_SS1-68-E_comp.jams,311941,1,2,3,3,mixed,-0.1999095380306244,0.10883191227912903,0.4418402777777778,False,0
regression_loops_posthoc__source_count90__no_favorable_group,28842,0,SS1-68-E,01_SS1-68-E_comp.jams,428960,3,3,4,3,regression_favored,-0.20000000298023224,0.0,0.09022177419354839,True,1
regression_loops_posthoc__source_count90__no_favorable_group,28852,0,SS1-68-E,01_SS1-68-E_comp.jams,453360,1,3,2,2,mixed,-0.04223604500293732,0.19555556774139404,0.4895833333333333,False,0
regression_loops_posthoc__source_count90__no_favorable_group,28899,0,SS1-68-E,01_SS1-68-E_comp.jams,582500,2,2,3,3,mixed,-0.11447811126708984,0.08915439248085022,0.2699353448275862,False,0
regression_loops_posthoc__source_count90__no_favorable_group,28983,0,SS1-68-E,01_SS1-68-E_comp.jams,779500,1,4,2,2,mixed,-0.04129530489444733,0.12004730105400085,0.07688492063492064,False,0
regression_loops_posthoc__source_count90__no_favorable_group,29057,0,SS1-68-E,01_SS1-68-E_comp.jams,959527,2,3,2,2,mixed,-0.12795032560825348,0.2639250159263611,0.5151209677419355,False,0
regression_loops_posthoc__source_count90__no_favorable_group,29198,0,SS1-68-E,01_SS1-68-E_comp.jams,1324601,3,3,4,3,regression_favored,-0.33615821599960327,-0.1460520327091217,0.2734375,True,1
regression_loops_posthoc__source_count90__no_favorable_group,29231,0,SS1-68-E,01_SS1-68-E_comp.jams,1401419,4,3,4,4,mixed,-0.28870970010757446,0.0713043361902237,0.21236795774647887,False,0
regression_loops_posthoc__source_count90__no_favorable_group,29256,0,SS1-68-E,01_SS1-68-E_comp.jams,1466982,2,4,3,4,regression_favored,-0.12756183743476868,-0.12756183743476868,0.4375,True,0
regression_loops_posthoc__source_count90__no_favorable_group,29286,0,SS1-68-E,01_SS1-68-E_comp.jams,1557084,3,3,4,3,regression_favored,-0.03572314977645874,-0.03572314977645874,0.265625,True,1
regression_loops_posthoc__source_count90__no_favorable_group,29421,0,SS1-68-E,01_SS1-68-E_solo.jams,38824,1,3,2,2,mixed,-0.0684303343296051,0.10784313082695007,0.1715625,False,0
regression_loops_posthoc__source_count90__no_favorable_group,29452,0,SS1-68-E,01_SS1-68-E_solo.jams,429901,1,3,2,2,mixed,-0.042834892868995667,0.22318841516971588,0.16347064393939395,False,0
regression_loops_posthoc__source_count90__no_favorable_group,33198,0,BN2-166-Ab,02_BN2-166-Ab_comp.jams,709024,2,3,2,2,mixed,-0.15984654426574707,0.07028424739837646,0.07667824074074074,False,0
regression_loops_posthoc__source_count90__no_favorable_group,39144,0,Jazz3-150-C,02_Jazz3-150-C_comp.jams,124127,4,3,4,4,mixed,-0.25190451741218567,0.03304773569107056,0.17578125,False,0
regression_loops_posthoc__source_count90__no_favorable_group,39189,0,Jazz3-150-C,02_Jazz3-150-C_comp.jams,240945,2,3,2,2,mixed,-0.0605560839176178,0.22580645978450775,0.26326650943396224,False,0
regression_loops_posthoc__source_count90__no_favorable_group,39349,0,Jazz3-150-C,02_Jazz3-150-C_comp.jams,618699,3,3,2,2,correction_favored,0.036414578557014465,0.15695248544216156,0.128125,False,0
regression_loops_posthoc__source_count90__no_favorable_group,39390,0,Jazz3-150-C,02_Jazz3-150-C_comp.jams,724089,4,3,4,4,mixed,-0.24214734137058258,0.22735242545604706,0.132421875,False,0
regression_loops_posthoc__source_count90__no_favorable_group,39405,0,Jazz3-150-C,02_Jazz3-150-C_comp.jams,757882,4,3,2,2,mixed,-0.09490509331226349,0.18317309021949768,0.26165865384615383,False,0
regression_loops_posthoc__source_count90__no_favorable_group,39465,0,Jazz3-150-C,02_Jazz3-150-C_comp.jams,900355,4,3,2,2,mixed,-0.026582956314086914,0.09808041155338287,0.33779761904761907,False,0
regression_loops_posthoc__source_count90__no_favorable_group,39766,0,Jazz3-150-C,02_Jazz3-150-C_solo.jams,859879,1,3,2,2,correction_favored,0.019736848771572113,0.3754858672618866,0.4928508254716981,False,0
regression_loops_posthoc__source_count90__no_favorable_group,40893,0,Rock2-142-D,02_Rock2-142-D_comp.jams,5,2,2,4,2,regression_favored,-0.38596490025520325,0.0,0.13922050561797752,True,1
regression_loops_posthoc__source_count90__no_favorable_group,40904,0,Rock2-142-D,02_Rock2-142-D_comp.jams,29305,3,3,4,4,correction_favored,0.12533792853355408,0.2604166567325592,0.3020833333333333,False,0
regression_loops_posthoc__source_count90__no_favorable_group,41048,0,Rock2-142-D,02_Rock2-142-D_comp.jams,477099,4,3,4,4,mixed,-0.0696132481098175,0.19378997385501862,0.232421875,False,0
regression_loops_posthoc__source_count90__no_favorable_group,41062,0,Rock2-142-D,02_Rock2-142-D_comp.jams,515000,2,3,2,2,mixed,-0.17165231704711914,0.2091836929321289,0.3362886235955056,False,0
regression_loops_posthoc__source_count90__no_favorable_group,41089,0,Rock2-142-D,02_Rock2-142-D_comp.jams,577912,4,2,4,2,regression_favored,-0.31594204902648926,-0.09230770170688629,0.048125,True,-1
regression_loops_posthoc__source_count90__no_favorable_group,41213,0,Rock2-142-D,02_Rock2-142-D_comp.jams,923641,4,2,4,2,regression_favored,-0.44147157669067383,0.0,0.01726017441860465,True,-1
regression_loops_posthoc__source_count90__no_favorable_group,41242,0,Rock2-142-D,02_Rock2-142-D_comp.jams,997545,3,3,4,4,mixed,-0.17038358747959137,0.31168830394744873,0.25012019230769234,False,0
regression_loops_posthoc__source_count90__no_favorable_group,41299,0,Rock2-142-D,02_Rock2-142-D_comp.jams,1147885,2,3,2,2,mixed,-0.0568561851978302,0.3253393769264221,0.37586009174311924,False,0
regression_loops_posthoc__source_count90__no_favorable_group,42973,0,Rock3-148-C,02_Rock3-148-C_comp.jams,28673,4,3,4,3,regression_favored,-0.369047611951828,-0.14516130089759827,0.15625,True,-1
regression_loops_posthoc__source_count90__no_favorable_group,42995,0,Rock3-148-C,02_Rock3-148-C_comp.jams,82175,4,3,4,3,regression_favored,-0.15576593577861786,-0.14772728085517883,0.046875,True,-1
regression_loops_posthoc__source_count90__no_favorable_group,43001,0,Rock3-148-C,02_Rock3-148-C_comp.jams,99814,5,3,4,4,mixed,-0.1119544506072998,0.01388084888458252,0.1943359375,False,0
regression_loops_posthoc__source_count90__no_favorable_group,43030,0,Rock3-148-C,02_Rock3-148-C_comp.jams,169505,5,3,4,4,mixed,-0.3414634168148041,0.06093190610408783,0.13403799019607843,False,0
regression_loops_posthoc__source_count90__no_favorable_group,43058,0,Rock3-148-C,02_Rock3-148-C_comp.jams,234363,4,3,4,4,mixed,-0.0294339656829834,0.20060333609580994,0.24348958333333334,False,0
regression_loops_posthoc__source_count90__no_favorable_group,43075,0,Rock3-148-C,02_Rock3-148-C_comp.jams,270166,5,4,3,3,mixed,-0.11735525727272034,0.27047619223594666,0.47066717791411045,False,0
regression_loops_posthoc__source_count90__no_favorable_group,43079,0,Rock3-148-C,02_Rock3-148-C_comp.jams,279033,1,3,2,2,mixed,-0.035239920020103455,0.2901921272277832,0.6157786885245902,False,0
regression_loops_posthoc__source_count90__no_favorable_group,43105,0,Rock3-148-C,02_Rock3-148-C_comp.jams,340296,4,2,4,4,mixed,-0.16923077404499054,0.028340071439743042,0.012152777777777778,False,0
regression_loops_posthoc__source_count90__no_favorable_group,43111,0,Rock3-148-C,02_Rock3-148-C_comp.jams,354487,3,3,2,2,correction_favored,0.1347435563802719,0.390503853559494,0.5168547453703703,False,0
regression_loops_posthoc__source_count90__no_favorable_group,43117,0,Rock3-148-C,02_Rock3-148-C_comp.jams,367487,2,3,2,2,mixed,-0.0363716185092926,0.26627981662750244,0.5848983990147784,False,0
regression_loops_posthoc__source_count90__no_favorable_group,43134,0,Rock3-148-C,02_Rock3-148-C_comp.jams,412290,4,3,4,3,regression_favored,-0.2703940272331238,-0.0037267208099365234,0.193359375,True,-1
regression_loops_posthoc__source_count90__no_favorable_group,43153,0,Rock3-148-C,02_Rock3-148-C_comp.jams,455271,2,3,4,4,mixed,-0.40853655338287354,0.05882352590560913,0.11447704081632654,False,0
regression_loops_posthoc__source_count90__no_favorable_group,43161,0,Rock3-148-C,02_Rock3-148-C_comp.jams,473026,1,3,2,2,mixed,-0.00868314504623413,0.2409254014492035,0.4580479452054795,False,0
regression_loops_posthoc__source_count90__no_favorable_group,43166,0,Rock3-148-C,02_Rock3-148-C_comp.jams,483504,4,3,4,3,regression_favored,-0.260720431804657,-0.015645354986190796,0.18221507352941177,True,-1
regression_loops_posthoc__source_count90__no_favorable_group,43175,0,Rock3-148-C,02_Rock3-148-C_comp.jams,502376,4,3,4,3,regression_favored,-0.2211538404226303,-0.007281571626663208,0.14756944444444445,True,-1
regression_loops_posthoc__source_count90__no_favorable_group,43211,0,Rock3-148-C,02_Rock3-148-C_comp.jams,571984,3,4,3,3,mixed,-0.20772740244865417,0.07598921656608582,0.6013144841269841,False,0
regression_loops_posthoc__source_count90__no_favorable_group,43221,0,Rock3-148-C,02_Rock3-148-C_comp.jams,599208,4,3,4,4,mixed,-0.24746452271938324,0.19481980800628662,0.2684659090909091,False,0
regression_loops_posthoc__source_count90__no_favorable_group,43235,0,Rock3-148-C,02_Rock3-148-C_comp.jams,627842,4,3,4,4,mixed,-0.10943397879600525,0.15930721163749695,0.23115808823529413,False,0
regression_loops_posthoc__source_count90__no_favorable_group,43242,0,Rock3-148-C,02_Rock3-148-C_comp.jams,644462,5,4,2,2,mixed,-0.14395132660865784,0.12469135224819183,0.15859375,False,0
regression_loops_posthoc__source_count90__no_favorable_group,43266,0,Rock3-148-C,02_Rock3-148-C_comp.jams,699084,4,2,3,3,mixed,-0.26408398151397705,0.19836831092834473,0.20607311320754718,False,0
regression_loops_posthoc__source_count90__no_favorable_group,43268,0,Rock3-148-C,02_Rock3-148-C_comp.jams,703355,3,3,2,2,correction_favored,0.09090909361839294,0.4908638000488281,0.46087072649572647,False,0
regression_loops_posthoc__source_count90__no_favorable_group,43296,0,Rock3-148-C,02_Rock3-148-C_comp.jams,769828,4,3,4,4,mixed,-0.2470669448375702,0.1657407283782959,0.17351973684210525,False,0
regression_loops_posthoc__source_count90__no_favorable_group,43303,0,Rock3-148-C,02_Rock3-148-C_comp.jams,787187,4,2,4,2,regression_favored,-0.380952388048172,-0.14999999105930328,0.01711309523809524,True,-1
regression_loops_posthoc__source_count90__no_favorable_group,43309,0,Rock3-148-C,02_Rock3-148-C_comp.jams,799964,3,2,3,2,regression_favored,-0.20204874873161316,-0.10628020763397217,0.09943181818181818,True,-1
regression_loops_posthoc__source_count90__no_favorable_group,43330,0,Rock3-148-C,02_Rock3-148-C_comp.jams,845163,2,3,2,2,correction_favored,0.069721519947052,0.3068181872367859,0.571625,False,0
regression_loops_posthoc__source_count90__no_favorable_group,43346,0,Rock3-148-C,02_Rock3-148-C_comp.jams,885077,5,3,4,4,mixed,-0.3300492763519287,0.05882352590560913,0.20075334821428573,False,0
regression_loops_posthoc__source_count90__no_favorable_group,43378,0,Rock3-148-C,02_Rock3-148-C_comp.jams,957828,3,3,4,4,mixed,-0.36479127407073975,0.0555555522441864,0.13046875,False,0
regression_loops_posthoc__source_count90__no_favorable_group,43396,0,Rock3-148-C,02_Rock3-148-C_comp.jams,997480,1,3,2,2,correction_favored,0.20086635649204254,0.4429175555706024,0.4348404255319149,False,0
regression_loops_posthoc__source_count90__no_favorable_group,43429,0,Rock3-148-C,02_Rock3-148-C_comp.jams,1072724,2,3,4,4,mixed,-0.27266961336135864,0.1261538565158844,0.06716720779220779,False,0
regression_loops_posthoc__source_count90__no_favorable_group,43438,0,Rock3-148-C,02_Rock3-148-C_comp.jams,1091078,5,2,4,4,mixed,-0.16923077404499054,0.16083917021751404,0.013980263157894737,False,0
regression_loops_posthoc__source_count90__no_favorable_group,43457,0,Rock3-148-C,02_Rock3-148-C_comp.jams,1128342,5,2,4,2,regression_favored,-0.44117647409439087,-0.24126985669136047,0.020432692307692308,True,0
regression_loops_posthoc__source_count90__no_favorable_group,43632,0,SS1-68-E,02_SS1-68-E_comp.jams,56390,1,4,3,4,regression_favored,-0.222470223903656,-0.1614198535680771,0.6197916666666666,True,0
regression_loops_posthoc__source_count90__no_favorable_group,43865,0,SS1-68-E,02_SS1-68-E_comp.jams,624205,1,4,2,2,mixed,-0.428663432598114,0.17482516169548035,0.3665364583333333,False,0
regression_loops_posthoc__source_count90__no_favorable_group,43872,0,SS1-68-E,02_SS1-68-E_comp.jams,651451,1,3,2,2,mixed,-0.07641330361366272,0.2860944867134094,0.40691489361702127,False,0
regression_loops_posthoc__source_count90__no_favorable_group,43889,0,SS1-68-E,02_SS1-68-E_comp.jams,690933,0,4,2,2,mixed,-0.209720641374588,0.24598930776119232,0.21661184210526316,False,0
regression_loops_posthoc__source_count90__no_favorable_group,44104,0,SS1-68-E,02_SS1-68-E_comp.jams,1300132,1,4,3,3,mixed,-0.16606929898262024,0.2792208194732666,0.46064814814814814,False,0
regression_loops_posthoc__source_count90__no_favorable_group,44127,0,SS1-68-E,02_SS1-68-E_comp.jams,1378631,1,4,2,2,mixed,-0.1495811641216278,0.1666666567325592,0.31173029556650245,False,0
regression_loops_posthoc__source_count90__no_favorable_group,44144,0,SS1-68-E,02_SS1-68-E_comp.jams,1424022,0,3,2,2,mixed,-0.10900256037712097,0.3236684501171112,0.4513608870967742,False,0
regression_loops_posthoc__source_count90__no_favorable_group,44157,0,SS1-68-E,02_SS1-68-E_comp.jams,1467510,1,4,2,2,mixed,-0.22668196260929108,0.10946745425462723,0.34941275167785235,False,0
regression_loops_posthoc__source_count90__no_favorable_group,44350,0,SS1-68-E,02_SS1-68-E_solo.jams,333732,1,4,2,2,mixed,-0.11159217357635498,0.3571428656578064,0.3553743961352657,False,0
regression_loops_posthoc__source_count90__no_favorable_group,44590,0,SS1-68-E,02_SS1-68-E_solo.jams,1529920,1,3,2,2,correction_favored,0.017543859779834747,0.34706994891166687,0.5218603286384976,False,0
regression_loops_posthoc__source_count90__no_favorable_group,44639,0,SS1-68-E,02_SS1-68-E_solo.jams,1704547,1,3,2,2,correction_favored,0.02834990620613098,0.2790834307670593,0.47696520618556704,False,0
regression_loops_posthoc__source_count90__no_favorable_group,47992,0,BN2-166-Ab,03_BN2-166-Ab_comp.jams,72224,4,4,2,2,mixed,-0.1271086037158966,0.37142857909202576,0.49710648148148145,False,0
regression_loops_posthoc__source_count90__no_favorable_group,48011,0,BN2-166-Ab,03_BN2-166-Ab_comp.jams,159267,1,4,2,2,mixed,-0.13825847208499908,0.3571428656578064,0.41228070175438597,False,0
regression_loops_posthoc__source_count90__no_favorable_group,48013,0,BN2-166-Ab,03_BN2-166-Ab_comp.jams,182893,4,4,2,2,mixed,-0.2669371962547302,0.26860255002975464,0.40814623786407767,False,0
regression_loops_posthoc__source_count90__no_favorable_group,48014,0,BN2-166-Ab,03_BN2-166-Ab_comp.jams,200262,4,4,2,2,mixed,-0.22208163142204285,0.24500000476837158,0.44313858695652175,False,0
regression_loops_posthoc__source_count90__no_favorable_group,48036,0,BN2-166-Ab,03_BN2-166-Ab_comp.jams,286879,1,3,2,2,mixed,-0.046930938959121704,0.38265305757522583,0.4696514423076923,False,0
regression_loops_posthoc__source_count90__no_favorable_group,48042,0,BN2-166-Ab,03_BN2-166-Ab_comp.jams,326707,4,4,2,2,mixed,-0.3246295154094696,0.07460318505764008,0.3649467054263566,False,0
regression_loops_posthoc__source_count90__no_favorable_group,48077,0,BN2-166-Ab,03_BN2-166-Ab_comp.jams,454432,3,3,4,4,mixed,-0.19792497158050537,0.4000000059604645,0.2190448113207547,False,0
regression_loops_posthoc__source_count90__no_favorable_group,48081,0,BN2-166-Ab,03_BN2-166-Ab_comp.jams,470748,1,4,2,2,mixed,-0.1374582052230835,0.3333333432674408,0.3313969017094017,False,0
regression_loops_posthoc__source_count90__no_favorable_group,48096,0,BN2-166-Ab,03_BN2-166-Ab_comp.jams,525512,3,4,3,4,regression_favored,-0.040910184383392334,-0.040910184383392334,0.609375,True,-1
regression_loops_posthoc__source_count90__no_favorable_group,48128,0,BN2-166-Ab,03_BN2-166-Ab_comp.jams,622726,2,4,2,2,mixed,-0.11759799718856812,0.4113207459449768,0.20220170454545455,False,0
regression_loops_posthoc__source_count90__no_favorable_group,48141,0,BN2-166-Ab,03_BN2-166-Ab_comp.jams,670270,1,4,2,2,mixed,-0.10921801626682281,0.30000001192092896,0.5213564410480349,False,0
regression_loops_posthoc__source_count90__no_favorable_group,48151,0,BN2-166-Ab,03_BN2-166-Ab_comp.jams,733579,3,3,2,2,mixed,-0.2302483767271042,0.186824768781662,0.4289158950617284,False,0
regression_loops_posthoc__source_count90__no_favorable_group,48167,0,BN2-166-Ab,03_BN2-166-Ab_comp.jams,797444,1,4,2,2,mixed,-0.13068296015262604,0.29192546010017395,0.3263781055900621,False,0
regression_loops_posthoc__source_count90__no_favorable_group,48179,0,BN2-166-Ab,03_BN2-166-Ab_comp.jams,859861,3,3,2,3,regression_favored,-0.26184308528900146,-0.0731707215309143,0.26186342592592593,True,1
regression_loops_posthoc__source_count90__no_favorable_group,48193,0,BN2-166-Ab,03_BN2-166-Ab_comp.jams,908522,4,3,4,4,mixed,-0.1041666716337204,0.21000000834465027,0.24270833333333333,False,0
regression_loops_posthoc__source_count90__no_favorable_group,48203,0,BN2-166-Ab,03_BN2-166-Ab_comp.jams,948693,4,2,4,2,regression_favored,-0.5527949929237366,-0.06493508815765381,0.05589978448275862,True,-1
regression_loops_posthoc__source_count90__no_favorable_group,48210,0,BN2-166-Ab,03_BN2-166-Ab_comp.jams,980979,1,4,2,2,mixed,-0.40422362089157104,0.23076924681663513,0.13936335403726707,False,0
regression_loops_posthoc__source_count90__no_favorable_group,53399,0,Jazz3-150-C,03_Jazz3-150-C_comp.jams,122976,2,3,2,2,mixed,-0.20731183886528015,0.16521738469600677,0.34458841463414636,False,0
regression_loops_posthoc__source_count90__no_favorable_group,53409,0,Jazz3-150-C,03_Jazz3-150-C_comp.jams,169839,3,4,2,2,mixed,-0.18327759206295013,0.2828224301338196,0.2138975155279503,False,0
regression_loops_posthoc__source_count90__no_favorable_group,53414,0,Jazz3-150-C,03_Jazz3-150-C_comp.jams,208649,3,3,2,2,correction_favored,0.09583672881126404,0.3998016119003296,0.544625946969697,False,0
regression_loops_posthoc__source_count90__no_favorable_group,53535,0,Jazz3-150-C,03_Jazz3-150-C_comp.jams,735146,3,4,2,4,regression_favored,-0.014521196484565735,-0.014521196484565735,0.25,True,0
regression_loops_posthoc__source_count90__no_favorable_group,53546,0,Jazz3-150-C,03_Jazz3-150-C_comp.jams,803990,3,3,2,2,correction_favored,0.16227230429649353,0.3131207823753357,0.4318181818181818,False,0
regression_loops_posthoc__source_count90__no_favorable_group,53554,0,Jazz3-150-C,03_Jazz3-150-C_comp.jams,861252,1,4,2,2,mixed,-0.08548790216445923,0.3194444477558136,0.23424479166666667,False,0
regression_loops_posthoc__source_count90__no_favorable_group,53586,0,Jazz3-150-C,03_Jazz3-150-C_comp.jams,1005082,3,3,2,3,regression_favored,-0.19467705488204956,-0.0004482269287109375,0.181640625,True,1
regression_loops_posthoc__source_count90__no_favorable_group,53594,0,Jazz3-150-C,03_Jazz3-150-C_comp.jams,1033601,3,4,3,3,mixed,-0.1705685555934906,0.35384616255760193,0.5356221330275229,False,0
regression_loops_posthoc__source_count90__no_favorable_group,53603,0,Jazz3-150-C,03_Jazz3-150-C_comp.jams,1085081,3,3,2,2,mixed,-0.14984124898910522,0.04175606369972229,0.359375,False,0
regression_loops_posthoc__source_count90__no_favorable_group,54954,0,Rock2-142-D,03_Rock2-142-D_comp.jams,92232,2,4,2,2,mixed,-0.0625,0.24097329378128052,0.058119158878504676,False,0
regression_loops_posthoc__source_count90__no_favorable_group,54997,0,Rock2-142-D,03_Rock2-142-D_comp.jams,196641,2,3,2,2,mixed,-0.2991172671318054,0.06690871715545654,0.1268262987012987,False,0
regression_loops_posthoc__source_count90__no_favorable_group,55054,0,Rock2-142-D,03_Rock2-142-D_comp.jams,400226,2,4,2,2,correction_favored,0.10774411261081696,0.34276729822158813,0.1205868320610687,False,0
regression_loops_posthoc__source_count90__no_favorable_group,55182,0,Rock2-142-D,03_Rock2-142-D_comp.jams,754848,1,3,2,2,mixed,-0.1972968727350235,0.06715524196624756,0.3331953642384106,False,0
regression_loops_posthoc__source_count90__no_favorable_group,55256,0,Rock2-142-D,03_Rock2-142-D_comp.jams,979876,3,3,4,4,mixed,-0.48899370431900024,0.011904746294021606,0.1474514563106796,False,0
regression_loops_posthoc__source_count90__no_favorable_group,55268,0,Rock2-142-D,03_Rock2-142-D_comp.jams,1005817,2,4,3,3,mixed,-0.19291914999485016,0.021043777465820312,0.8093497983870968,False,0
regression_loops_posthoc__source_count90__no_favorable_group,55292,0,Rock2-142-D,03_Rock2-142-D_comp.jams,1061391,4,3,2,2,mixed,-0.0757167786359787,0.026356607675552368,0.40625,False,0
regression_loops_posthoc__source_count90__no_favorable_group,56880,0,Rock3-148-C,03_Rock3-148-C_comp.jams,35607,3,2,4,2,regression_favored,-0.37460318207740784,-0.3033381700515747,0.0625,True,0
regression_loops_posthoc__source_count90__no_favorable_group,56895,0,Rock3-148-C,03_Rock3-148-C_comp.jams,71131,2,3,2,2,mixed,-0.007368415594100952,0.15987655520439148,0.4875553097345133,False,0
regression_loops_posthoc__source_count90__no_favorable_group,56930,0,Rock3-148-C,03_Rock3-148-C_comp.jams,159757,4,3,4,4,mixed,-0.3240330219268799,0.06525737047195435,0.16253221649484537,False,0
regression_loops_posthoc__source_count90__no_favorable_group,56978,0,Rock3-148-C,03_Rock3-148-C_comp.jams,266733,2,3,4,3,regression_favored,-0.2874999940395355,-0.07542216777801514,0.15178571428571427,True,0
regression_loops_posthoc__source_count90__no_favorable_group,57010,0,Rock3-148-C,03_Rock3-148-C_comp.jams,339228,2,2,5,2,regression_favored,-0.3956044316291809,0.0,0.017780172413793104,True,1
regression_loops_posthoc__source_count90__no_favorable_group,57018,0,Rock3-148-C,03_Rock3-148-C_comp.jams,357120,3,4,2,2,mixed,-0.032114461064338684,0.08030302822589874,0.091796875,False,0
regression_loops_posthoc__source_count90__no_favorable_group,57054,0,Rock3-148-C,03_Rock3-148-C_comp.jams,447149,3,3,4,4,mixed,-0.06481480598449707,0.10107335448265076,0.19444444444444445,False,0
regression_loops_posthoc__source_count90__no_favorable_group,57120,0,Rock3-148-C,03_Rock3-148-C_comp.jams,590634,2,3,4,3,regression_favored,-0.15625,-0.15625,0.1875,True,0
regression_loops_posthoc__source_count90__no_favorable_group,57142,0,Rock3-148-C,03_Rock3-148-C_comp.jams,643797,4,3,4,4,mixed,-0.23749998211860657,0.11764706671237946,0.159625,False,0
regression_loops_posthoc__source_count90__no_favorable_group,57214,0,Rock3-148-C,03_Rock3-148-C_comp.jams,813929,4,3,4,4,mixed,-0.018679291009902954,0.12475760281085968,0.18055555555555555,False,0
regression_loops_posthoc__source_count90__no_favorable_group,57227,0,Rock3-148-C,03_Rock3-148-C_comp.jams,841098,3,2,4,2,regression_favored,-0.44117647409439087,0.0,0.008765243902439025,True,0
regression_loops_posthoc__source_count90__no_favorable_group,57241,0,Rock3-148-C,03_Rock3-148-C_comp.jams,874615,1,4,2,2,correction_favored,0.020618543028831482,0.3212341368198395,0.12389605978260869,False,0
regression_loops_posthoc__source_count90__no_favorable_group,57250,0,Rock3-148-C,03_Rock3-148-C_comp.jams,892769,1,3,2,2,mixed,-0.05950096249580383,0.12977445125579834,0.49440104166666665,False,0
regression_loops_posthoc__source_count90__no_favorable_group,57255,0,Rock3-148-C,03_Rock3-148-C_comp.jams,904141,2,3,2,2,mixed,-0.13565956056118011,0.24199388921260834,0.6404194078947368,False,0
regression_loops_posthoc__source_count90__no_favorable_group,57267,0,Rock3-148-C,03_Rock3-148-C_comp.jams,929638,3,3,2,2,correction_favored,0.003610670566558838,0.19201520085334778,0.34146341463414637,False,0
regression_loops_posthoc__source_count90__no_favorable_group,57324,0,Rock3-148-C,03_Rock3-148-C_comp.jams,1072184,3,3,2,2,mixed,-0.07992327213287354,0.19248944520950317,0.3789427570093458,False,0
regression_loops_posthoc__source_count90__no_favorable_group,57465,0,SS1-68-E,03_SS1-68-E_comp.jams,41342,2,4,2,2,mixed,-0.16913044452667236,0.2352941334247589,0.45681698312236285,False,0
regression_loops_posthoc__source_count90__no_favorable_group,57479,0,SS1-68-E,03_SS1-68-E_comp.jams,79071,4,3,4,4,mixed,-0.04316547513008118,0.15176290273666382,0.16875,False,0
regression_loops_posthoc__source_count90__no_favorable_group,57505,0,SS1-68-E,03_SS1-68-E_comp.jams,138199,0,3,2,2,mixed,-0.040909089148044586,0.36513763666152954,0.6304284037558685,False,0
regression_loops_posthoc__source_count90__no_favorable_group,57512,0,SS1-68-E,03_SS1-68-E_comp.jams,155881,3,3,2,2,correction_favored,0.04784047603607178,0.2230483442544937,0.40027947154471544,False,0
regression_loops_posthoc__source_count90__no_favorable_group,57529,0,SS1-68-E,03_SS1-68-E_comp.jams,193810,2,3,2,2,mixed,-0.12740139663219452,0.28280141949653625,0.5171257062146892,False,0
regression_loops_posthoc__source_count90__no_favorable_group,57632,0,SS1-68-E,03_SS1-68-E_comp.jams,429740,2,4,2,2,mixed,-0.2347826063632965,0.2938005328178406,0.41293668122270744,False,0
regression_loops_posthoc__source_count90__no_favorable_group,57677,0,SS1-68-E,03_SS1-68-E_comp.jams,539464,0,3,2,2,mixed,-0.1190476194024086,0.21632756292819977,0.6462872706422018,False,0
regression_loops_posthoc__source_count90__no_favorable_group,57718,0,SS1-68-E,03_SS1-68-E_comp.jams,651461,2,3,2,2,mixed,-0.2939794063568115,0.15678271651268005,0.36237582781456956,False,0
regression_loops_posthoc__source_count90__no_favorable_group,57755,0,SS1-68-E,03_SS1-68-E_comp.jams,741777,3,3,2,2,mixed,-0.2649241089820862,0.0022686421871185303,0.22088068181818182,False,0
regression_loops_posthoc__source_count90__no_favorable_group,57776,0,SS1-68-E,03_SS1-68-E_comp.jams,793487,0,3,2,2,mixed,-0.03429311513900757,0.1277310848236084,0.7673163659793815,False,0
regression_loops_posthoc__source_count90__no_favorable_group,57779,0,SS1-68-E,03_SS1-68-E_comp.jams,805918,3,3,4,3,regression_favored,-0.10842753946781158,-0.06372550129890442,0.265625,True,1
regression_loops_posthoc__source_count90__no_favorable_group,57873,0,SS1-68-E,03_SS1-68-E_comp.jams,1039968,1,3,2,2,mixed,-0.0926966667175293,0.2438117116689682,0.4701834862385321,False,0
regression_loops_posthoc__source_count90__no_favorable_group,57908,0,SS1-68-E,03_SS1-68-E_comp.jams,1129289,2,4,2,2,mixed,-0.11177864670753479,0.35232383012771606,0.45549242424242425,False,0
regression_loops_posthoc__source_count90__no_favorable_group,57921,0,SS1-68-E,03_SS1-68-E_comp.jams,1168689,2,4,2,2,mixed,-0.24723854660987854,0.12337660789489746,0.23833069620253164,False,0
regression_loops_posthoc__source_count90__no_favorable_group,58038,0,SS1-68-E,03_SS1-68-E_comp.jams,1507531,2,3,4,4,mixed,-0.07830658555030823,0.02537652850151062,0.296875,False,0
regression_loops_posthoc__source_count90__no_favorable_group,58095,0,SS1-68-E,03_SS1-68-E_comp.jams,1674712,2,4,2,2,mixed,-0.2169254571199417,0.26860255002975464,0.4058277027027027,False,0
regression_loops_posthoc__source_count90__no_favorable_group,61336,0,BN2-166-Ab,04_BN2-166-Ab_comp.jams,182920,3,3,4,3,regression_favored,-0.03474441170692444,-0.03474441170692444,0.3125,True,1
regression_loops_posthoc__source_count90__no_favorable_group,61348,0,BN2-166-Ab,04_BN2-166-Ab_comp.jams,237882,2,4,3,4,regression_favored,-0.11145809292793274,-0.11145809292793274,0.53125,True,0
regression_loops_posthoc__source_count90__no_favorable_group,61379,0,BN2-166-Ab,04_BN2-166-Ab_comp.jams,352178,3,4,2,2,mixed,-0.24768519401550293,0.12804879248142242,0.17310049019607843,False,0
regression_loops_posthoc__source_count90__no_favorable_group,61400,0,BN2-166-Ab,04_BN2-166-Ab_comp.jams,422218,4,4,2,4,regression_favored,-0.16591306030750275,-0.04405902326107025,0.20572916666666666,True,1
regression_loops_posthoc__source_count90__no_favorable_group,61429,0,BN2-166-Ab,04_BN2-166-Ab_comp.jams,524687,4,4,3,3,mixed,-0.18695464730262756,0.08484849333763123,0.4565829918032787,False,0
regression_loops_posthoc__source_count90__no_favorable_group,61451,0,BN2-166-Ab,04_BN2-166-Ab_comp.jams,597904,4,3,4,4,mixed,-0.1871013343334198,0.38311687111854553,0.18833333333333332,False,0
regression_loops_posthoc__source_count90__no_favorable_group,61463,0,BN2-166-Ab,04_BN2-166-Ab_comp.jams,652925,4,3,2,3,regression_favored,-0.05472490191459656,-0.05472490191459656,0.234375,True,0
regression_loops_posthoc__source_count90__no_favorable_group,61469,0,BN2-166-Ab,04_BN2-166-Ab_comp.jams,669754,2,4,2,2,mixed,-0.2774083614349365,0.2931034564971924,0.2616995073891626,False,0
regression_loops_posthoc__source_count90__no_favorable_group,61488,0,BN2-166-Ab,04_BN2-166-Ab_comp.jams,733027,3,4,3,3,mixed,-0.0512634813785553,0.3846890330314636,0.5535945595854922,False,0
regression_loops_posthoc__source_count90__no_favorable_group,61499,0,BN2-166-Ab,04_BN2-166-Ab_comp.jams,788199,4,3,2,2,mixed,-0.11372178792953491,0.1439909189939499,0.41460561497326204,False,0
regression_loops_posthoc__source_count90__no_favorable_group,61522,0,BN2-166-Ab,04_BN2-166-Ab_comp.jams,861510,2,3,2,2,mixed,-0.07692307233810425,0.3372093141078949,0.47271341463414634,False,0
regression_loops_posthoc__source_count90__no_favorable_group,61525,0,BN2-166-Ab,04_BN2-166-Ab_comp.jams,875207,3,4,2,2,mixed,-0.019819825887680054,0.04255318641662598,0.125,False,0
regression_loops_posthoc__source_count90__no_favorable_group,61542,0,BN2-166-Ab,04_BN2-166-Ab_comp.jams,946310,4,4,2,2,mixed,-0.019819825887680054,0.024242430925369263,0.146875,False,0
regression_loops_posthoc__source_count90__no_favorable_group,67151,0,Jazz3-150-C,04_Jazz3-150-C_comp.jams,8,2,2,4,2,regression_favored,-0.4769231081008911,-0.05882352590560913,0.14213709677419356,True,1
regression_loops_posthoc__source_count90__no_favorable_group,67178,0,Jazz3-150-C,04_Jazz3-150-C_comp.jams,87507,2,4,2,2,mixed,-0.3251042366027832,0.1818181872367859,0.3853365384615385,False,0
regression_loops_posthoc__source_count90__no_favorable_group,67195,0,Jazz3-150-C,04_Jazz3-150-C_comp.jams,134640,2,4,2,2,mixed,-0.08825162053108215,0.44285714626312256,0.3702182112068966,False,0
regression_loops_posthoc__source_count90__no_favorable_group,67220,0,Jazz3-150-C,04_Jazz3-150-C_comp.jams,223027,2,4,3,3,mixed,-0.08204945921897888,0.03737705945968628,0.4036458333333333,False,0
regression_loops_posthoc__source_count90__no_favorable_group,67233,0,Jazz3-150-C,04_Jazz3-150-C_comp.jams,294741,3,3,2,2,mixed,-0.14781363308429718,0.14294171333312988,0.4046195652173913,False,0
regression_loops_posthoc__source_count90__no_favorable_group,67264,0,Jazz3-150-C,04_Jazz3-150-C_comp.jams,381259,4,4,2,2,mixed,-0.40155261754989624,0.09311740100383759,0.3266103316326531,False,0
regression_loops_posthoc__source_count90__no_favorable_group,67326,0,Jazz3-150-C,04_Jazz3-150-C_comp.jams,577112,3,3,2,2,mixed,-0.17102137207984924,0.18694689869880676,0.49273255813953487,False,0
regression_loops_posthoc__source_count90__no_favorable_group,67367,0,Jazz3-150-C,04_Jazz3-150-C_comp.jams,716443,3,3,2,2,mixed,-0.12205858528614044,0.11341401934623718,0.46118551587301587,False,0
regression_loops_posthoc__source_count90__no_favorable_group,67370,0,Jazz3-150-C,04_Jazz3-150-C_comp.jams,734693,1,3,2,2,mixed,-0.23095376789569855,0.3404255211353302,0.25711633663366334,False,0
regression_loops_posthoc__source_count90__no_favorable_group,67474,0,Jazz3-150-C,04_Jazz3-150-C_comp.jams,1110294,3,2,4,4,mixed,-0.5873015522956848,0.006993025541305542,0.10540471311475409,False,0
regression_loops_posthoc__source_count90__no_favorable_group,68833,0,Rock2-142-D,04_Rock2-142-D_comp.jams,5,1,2,4,2,regression_favored,-0.5666666626930237,-0.13913044333457947,0.0928485576923077,True,0
regression_loops_posthoc__source_count90__no_favorable_group,68883,0,Rock2-142-D,04_Rock2-142-D_comp.jams,140823,3,3,4,3,regression_favored,-0.17209909856319427,0.0,0.018229166666666668,True,1
regression_loops_posthoc__source_count90__no_favorable_group,68915,0,Rock2-142-D,04_Rock2-142-D_comp.jams,213680,2,4,2,2,correction_favored,0.125,0.36294102668762207,0.09401041666666667,False,0
regression_loops_posthoc__source_count90__no_favorable_group,68946,0,Rock2-142-D,04_Rock2-142-D_comp.jams,297088,4,3,4,3,regression_favored,-0.397579163312912,-0.023537099361419678,0.17366071428571428,True,-1
regression_loops_posthoc__source_count90__no_favorable_group,68963,0,Rock2-142-D,04_Rock2-142-D_comp.jams,344915,4,4,3,4,regression_favored,-0.21404653787612915,-0.06188288331031799,0.8544407894736842,True,1
regression_loops_posthoc__source_count90__no_favorable_group,68987,0,Rock2-142-D,04_Rock2-142-D_comp.jams,420536,4,3,4,4,mixed,-0.10943394899368286,0.2361111044883728,0.1865625,False,0
regression_loops_posthoc__source_count90__no_favorable_group,68998,0,Rock2-142-D,04_Rock2-142-D_comp.jams,446812,5,3,4,3,regression_favored,-0.13263937830924988,-0.13263937830924988,0.296875,True,0
regression_loops_posthoc__source_count90__no_favorable_group,69024,0,Rock2-142-D,04_Rock2-142-D_comp.jams,513169,5,3,4,4,mixed,-0.021996617317199707,0.1343669295310974,0.22686298076923078,False,0
regression_loops_posthoc__source_count90__no_favorable_group,69095,0,Rock2-142-D,04_Rock2-142-D_comp.jams,688960,5,3,4,4,mixed,-0.09837177395820618,0.14353811740875244,0.2237367021276596,False,0
regression_loops_posthoc__source_count90__no_favorable_group,69106,0,Rock2-142-D,04_Rock2-142-D_comp.jams,716766,2,2,4,4,mixed,-0.23461195826530457,0.07792207598686218,0.02533783783783784,False,0
regression_loops_posthoc__source_count90__no_favorable_group,69116,0,Rock2-142-D,04_Rock2-142-D_comp.jams,746065,3,3,2,2,mixed,-0.11490781605243683,0.21709401905536652,0.44192216981132076,False,0
regression_loops_posthoc__source_count90__no_favorable_group,69124,0,Rock2-142-D,04_Rock2-142-D_comp.jams,762828,4,2,4,2,regression_favored,-0.5029239654541016,0.0,0.02006578947368421,True,-1
regression_loops_posthoc__source_count90__no_favorable_group,69138,0,Rock2-142-D,04_Rock2-142-D_comp.jams,791325,6,4,5,5,mixed,-0.192307710647583,0.5532233715057373,0.19128024193548387,False,0
regression_loops_posthoc__source_count90__no_favorable_group,69155,0,Rock2-142-D,04_Rock2-142-D_comp.jams,838416,4,3,4,4,mixed,-0.10640022158622742,0.20603813230991364,0.23900462962962962,False,0
regression_loops_posthoc__source_count90__no_favorable_group,69168,0,Rock2-142-D,04_Rock2-142-D_comp.jams,867266,4,4,5,5,correction_favored,0.1111111044883728,0.3530701696872711,0.18548387096774194,False,0
regression_loops_posthoc__source_count90__no_favorable_group,69171,0,Rock2-142-D,04_Rock2-142-D_comp.jams,874936,3,3,5,5,mixed,-0.1428571343421936,0.39253538846969604,0.0908954326923077,False,0
regression_loops_posthoc__source_count90__no_favorable_group,69195,0,Rock2-142-D,04_Rock2-142-D_comp.jams,941891,4,4,3,3,mixed,-0.10204946994781494,0.2053872048854828,0.6460700757575758,False,0
regression_loops_posthoc__source_count90__no_favorable_group,69256,0,Rock2-142-D,04_Rock2-142-D_comp.jams,1108729,4,3,4,4,mixed,-0.2551724314689636,0.4000000059604645,0.23266734972677597,False,0
regression_loops_posthoc__source_count90__no_favorable_group,69268,0,Rock2-142-D,04_Rock2-142-D_comp.jams,1137065,5,2,4,4,mixed,-0.4782608449459076,0.09090909361839294,0.007366071428571428,False,0
regression_loops_posthoc__source_count90__no_favorable_group,70916,0,Rock3-148-C,04_Rock3-148-C_comp.jams,18406,3,3,4,3,regression_favored,-0.1996484100818634,-0.015837103128433228,0.190625,True,1
regression_loops_posthoc__source_count90__no_favorable_group,70931,0,Rock3-148-C,04_Rock3-148-C_comp.jams,62606,4,2,3,2,regression_favored,-0.2556605041027069,-0.04846802353858948,0.40124393203883496,True,0
regression_loops_posthoc__source_count90__no_favorable_group,70949,0,Rock3-148-C,04_Rock3-148-C_comp.jams,126642,5,3,4,4,mixed,-0.20820894837379456,0.12832927703857422,0.13097993827160495,False,0
regression_loops_posthoc__source_count90__no_favorable_group,70975,0,Rock3-148-C,04_Rock3-148-C_comp.jams,205610,4,3,4,4,mixed,-0.30134931206703186,0.013366729021072388,0.23525943396226415,False,0
regression_loops_posthoc__source_count90__no_favorable_group,71028,0,Rock3-148-C,04_Rock3-148-C_comp.jams,331337,4,2,3,3,mixed,-0.0144730806350708,0.42456138134002686,0.5055017605633803,False,0
regression_loops_posthoc__source_count90__no_favorable_group,71036,0,Rock3-148-C,04_Rock3-148-C_comp.jams,348837,4,3,4,4,mixed,-0.103658527135849,0.16929590702056885,0.19353693181818182,False,0
regression_loops_posthoc__source_count90__no_favorable_group,71047,0,Rock3-148-C,04_Rock3-148-C_comp.jams,374943,4,2,4,4,mixed,-0.5,0.09774434566497803,0.04447115384615385,False,0
regression_loops_posthoc__source_count90__no_favorable_group,71052,0,Rock3-148-C,04_Rock3-148-C_comp.jams,388593,2,4,3,3,mixed,-0.09884560108184814,0.230158731341362,0.4493963068181818,False,0
regression_loops_posthoc__source_count90__no_favorable_group,71150,0,Rock3-148-C,04_Rock3-148-C_comp.jams,617335,2,3,4,4,mixed,-0.2065671682357788,0.06782945990562439,0.22464622641509435,False,0
regression_loops_posthoc__source_count90__no_favorable_group,71177,0,Rock3-148-C,04_Rock3-148-C_comp.jams,684499,3,2,3,2,regression_favored,-0.22987860441207886,-0.0656149685382843,0.3763020833333333,True,-1
regression_loops_posthoc__source_count90__no_favorable_group,71181,0,Rock3-148-C,04_Rock3-148-C_comp.jams,696972,3,2,4,2,regression_favored,-0.45263156294822693,-0.07692308723926544,0.06619318181818182,True,0
regression_loops_posthoc__source_count90__no_favorable_group,71214,0,Rock3-148-C,04_Rock3-148-C_comp.jams,804527,4,3,4,3,regression_favored,-0.22167597711086273,-0.09154191613197327,0.21651785714285715,True,-1
regression_loops_posthoc__source_count90__no_favorable_group,71239,0,Rock3-148-C,04_Rock3-148-C_comp.jams,876078,4,3,4,4,mixed,-0.22068965435028076,0.09239131212234497,0.11778846153846154,False,0
regression_loops_posthoc__source_count90__no_favorable_group,71250,0,Rock3-148-C,04_Rock3-148-C_comp.jams,903518,4,4,5,5,correction_favored,0.21111109852790833,0.43103450536727905,0.2865566037735849,False,0
regression_loops_posthoc__source_count90__no_favorable_group,71271,0,Rock3-148-C,04_Rock3-148-C_comp.jams,961961,3,2,3,2,regression_favored,-0.20192772150039673,-0.05227270722389221,0.2417279411764706,True,-1
regression_loops_posthoc__source_count90__no_favorable_group,71338,0,Rock3-148-C,04_Rock3-148-C_comp.jams,1126302,4,2,4,4,mixed,-0.4086538553237915,0.07792207598686218,0.04113051470588235,False,0
regression_loops_posthoc__source_count90__no_favorable_group,71447,0,SS1-68-E,04_SS1-68-E_comp.jams,39679,4,2,3,3,mixed,-0.22386202216148376,0.1151832640171051,0.2349137931034483,False,0
regression_loops_posthoc__source_count90__no_favorable_group,71484,0,SS1-68-E,04_SS1-68-E_comp.jams,118576,5,3,4,3,regression_favored,-0.09562374651432037,-0.07669493556022644,0.4609375,True,0
regression_loops_posthoc__source_count90__no_favorable_group,71493,0,SS1-68-E,04_SS1-68-E_comp.jams,139493,3,2,4,2,regression_favored,-0.44117647409439087,-0.2142857015132904,0.023995535714285716,True,0
regression_loops_posthoc__source_count90__no_favorable_group,71552,0,SS1-68-E,04_SS1-68-E_comp.jams,272610,5,3,5,5,correction_favored,0.05962732434272766,0.19999998807907104,0.16875,False,0
regression_loops_posthoc__source_count90__no_favorable_group,71607,0,SS1-68-E,04_SS1-68-E_comp.jams,408880,2,3,4,3,regression_favored,-0.13427157700061798,-0.093990758061409,0.15625,True,0
regression_loops_posthoc__source_count90__no_favorable_group,71642,0,SS1-68-E,04_SS1-68-E_comp.jams,487557,4,3,2,2,mixed,-0.09123820066452026,0.116451695561409,0.5174278846153846,False,0
regression_loops_posthoc__source_count90__no_favorable_group,71649,0,SS1-68-E,04_SS1-68-E_comp.jams,506938,4,3,5,5,mixed,-0.1931818276643753,0.26643601059913635,0.09083104395604395,False,0
regression_loops_posthoc__source_count90__no_favorable_group,71657,0,SS1-68-E,04_SS1-68-E_comp.jams,527056,4,3,2,3,regression_favored,-0.16815921664237976,-0.02474769949913025,0.48138297872340424,True,0
regression_loops_posthoc__source_count90__no_favorable_group,71680,0,SS1-68-E,04_SS1-68-E_comp.jams,582247,4,2,4,4,mixed,-0.2799999713897705,0.16083917021751404,0.020751953125,False,0
regression_loops_posthoc__source_count90__no_favorable_group,71742,0,SS1-68-E,04_SS1-68-E_comp.jams,739082,4,2,4,4,mixed,-0.20000000298023224,0.16083917021751404,0.016666666666666666,False,0
regression_loops_posthoc__source_count90__no_favorable_group,71803,0,SS1-68-E,04_SS1-68-E_comp.jams,888263,2,3,2,2,mixed,-0.30588239431381226,0.24070486426353455,0.5515167364016736,False,0
regression_loops_posthoc__source_count90__no_favorable_group,71815,0,SS1-68-E,04_SS1-68-E_comp.jams,919105,5,3,2,2,mixed,-0.05657142400741577,0.16634203493595123,0.48572976878612717,False,0
regression_loops_posthoc__source_count90__no_favorable_group,71819,0,SS1-68-E,04_SS1-68-E_comp.jams,928187,6,3,2,2,correction_favored,0.08251231908798218,0.24114833772182465,0.3609264184397163,False,0
regression_loops_posthoc__source_count90__no_favorable_group,71876,0,SS1-68-E,04_SS1-68-E_comp.jams,1051208,4,3,4,4,mixed,-0.19976359605789185,0.024060159921646118,0.05644132653061224,False,0
regression_loops_posthoc__source_count90__no_favorable_group,71891,0,SS1-68-E,04_SS1-68-E_comp.jams,1083217,0,3,2,2,correction_favored,0.06852616369724274,0.2633429169654846,0.5514204545454545,False,0
regression_loops_posthoc__source_count90__no_favorable_group,71912,0,SS1-68-E,04_SS1-68-E_comp.jams,1127624,5,2,4,4,mixed,-0.3067227005958557,0.16083917021751404,0.022727272727272728,False,0
regression_loops_posthoc__source_count90__no_favorable_group,71938,0,SS1-68-E,04_SS1-68-E_comp.jams,1184981,3,3,2,2,mixed,-0.005736514925956726,0.14427073299884796,0.2922676282051282,False,0
regression_loops_posthoc__source_count90__no_favorable_group,71946,0,SS1-68-E,04_SS1-68-E_comp.jams,1204260,4,3,4,3,regression_favored,-0.1936911940574646,-0.03444504737854004,0.22135416666666666,True,-1
regression_loops_posthoc__source_count90__no_favorable_group,71952,0,SS1-68-E,04_SS1-68-E_comp.jams,1216774,1,3,2,2,mixed,-0.05272895097732544,0.23878653347492218,0.5549266581632653,False,0
regression_loops_posthoc__source_count90__no_favorable_group,72050,0,SS1-68-E,04_SS1-68-E_comp.jams,1440389,4,3,4,3,regression_favored,-0.2772413492202759,-0.07384985685348511,0.18994140625,True,-1
regression_loops_posthoc__source_count90__no_favorable_group,72087,0,SS1-68-E,04_SS1-68-E_comp.jams,1538764,4,3,4,3,regression_favored,-0.17132587730884552,-0.17132587730884552,0.1875,True,-1
regression_loops_posthoc__source_count90__no_favorable_group,72090,0,SS1-68-E,04_SS1-68-E_comp.jams,1551331,1,3,2,2,correction_favored,0.0028549134731292725,0.3385416865348816,0.35131448412698413,False,0
regression_loops_posthoc__source_count90__no_favorable_group,72111,0,SS1-68-E,04_SS1-68-E_comp.jams,1595938,4,3,5,5,mixed,-0.08669354021549225,0.2496025413274765,0.08645833333333333,False,0
regression_loops_posthoc__source_count90__no_favorable_group,72146,0,SS1-68-E,04_SS1-68-E_comp.jams,1674203,4,3,5,5,mixed,-0.21568629145622253,0.2910216748714447,0.1106892523364486,False,0
regression_loops_posthoc__source_count90__no_favorable_group,72201,0,SS1-68-E,04_SS1-68-E_comp.jams,1797002,2,4,2,2,mixed,-0.06716907024383545,0.23148146271705627,0.23201497395833334,False,0
regression_loops_posthoc__source_count90__no_favorable_group,987,1,BN3-154-E,00_BN3-154-E_comp.jams,9376,2,3,2,2,mixed,-0.2334004044532776,0.5,0.5239540289256198,False,0
regression_loops_posthoc__source_count90__no_favorable_group,1017,1,BN3-154-E,00_BN3-154-E_comp.jams,120846,1,3,2,2,mixed,-0.03135886788368225,0.19165238738059998,0.3619953416149068,False,0
regression_loops_posthoc__source_count90__no_favorable_group,1023,1,BN3-154-E,00_BN3-154-E_comp.jams,139453,4,3,2,2,mixed,-0.17232634127140045,0.17341642081737518,0.4252672697368421,False,0
regression_loops_posthoc__source_count90__no_favorable_group,1072,1,BN3-154-E,00_BN3-154-E_comp.jams,319562,3,3,2,2,mixed,-0.10839203000068665,0.41111108660697937,0.49076704545454547,False,0
regression_loops_posthoc__source_count90__no_favorable_group,1089,1,BN3-154-E,00_BN3-154-E_comp.jams,378628,2,3,2,2,mixed,-0.13180778920650482,0.04364559054374695,0.20625,False,0
regression_loops_posthoc__source_count90__no_favorable_group,1157,1,BN3-154-E,00_BN3-154-E_comp.jams,592579,5,4,3,3,mixed,-0.047150880098342896,0.36332178115844727,0.593103448275862,False,0
regression_loops_posthoc__source_count90__no_favorable_group,1216,1,BN3-154-E,00_BN3-154-E_comp.jams,765139,1,3,2,2,mixed,-0.3343612849712372,0.1420000046491623,0.5365566037735849,False,0
regression_loops_posthoc__source_count90__no_favorable_group,1263,1,BN3-154-E,00_BN3-154-E_comp.jams,928675,2,3,2,2,mixed,-0.13255101442337036,0.31192660331726074,0.4972537878787879,False,0
regression_loops_posthoc__source_count90__no_favorable_group,1279,1,BN3-154-E,00_BN3-154-E_comp.jams,988804,4,4,2,2,mixed,-0.10514624416828156,0.340531587600708,0.16358568075117372,False,0
regression_loops_posthoc__source_count90__no_favorable_group,1288,1,BN3-154-E,00_BN3-154-E_comp.jams,1023886,4,4,3,3,mixed,-0.042624861001968384,0.46666663885116577,0.3053977272727273,False,0
regression_loops_posthoc__source_count90__no_favorable_group,1294,1,BN3-154-E,00_BN3-154-E_comp.jams,1040949,5,4,2,2,correction_favored,0.0036529898643493652,0.357142835855484,0.19235436893203883,False,0
regression_loops_posthoc__source_count90__no_favorable_group,1375,1,BN3-154-E,00_BN3-154-E_solo.jams,137002,1,4,2,2,mixed,-0.10104997456073761,0.4288179874420166,0.2935067365269461,False,0
regression_loops_posthoc__source_count90__no_favorable_group,1529,1,BN3-154-E,00_BN3-154-E_solo.jams,482332,1,3,2,2,mixed,-0.20104393362998962,0.2909604609012604,0.5370370370370371,False,0
regression_loops_posthoc__source_count90__no_favorable_group,1639,1,BN3-154-E,00_BN3-154-E_solo.jams,893061,1,3,2,3,regression_favored,-0.3052675724029541,-0.06938377022743225,0.5767422566371682,True,0
regression_loops_posthoc__source_count90__no_favorable_group,1658,1,BN3-154-E,00_BN3-154-E_solo.jams,962256,1,4,3,3,correction_favored,0.0059930384159088135,0.0059930384159088135,0.359375,False,0
regression_loops_posthoc__source_count90__no_favorable_group,2877,1,Funk2-119-G,00_Funk2-119-G_comp.jams,17337,3,3,2,3,regression_favored,-0.19789853692054749,-0.024561405181884766,0.6307291666666667,True,1
regression_loops_posthoc__source_count90__no_favorable_group,2896,1,Funk2-119-G,00_Funk2-119-G_comp.jams,65459,6,2,3,2,regression_favored,-0.29609572887420654,-0.02040320634841919,0.2623355263157895,True,0
regression_loops_posthoc__source_count90__no_favorable_group,2992,1,Funk2-119-G,00_Funk2-119-G_comp.jams,312010,5,4,3,3,mixed,-0.11934158205986023,0.013031691312789917,0.6541666666666667,False,0
regression_loops_posthoc__source_count90__no_favorable_group,3021,1,Funk2-119-G,00_Funk2-119-G_comp.jams,400500,4,2,3,2,regression_favored,-0.09700176119804382,-0.05980965495109558,0.328125,True,0
regression_loops_posthoc__source_count90__no_favorable_group,3055,1,Funk2-119-G,00_Funk2-119-G_comp.jams,471061,0,2,3,3,mixed,-0.12031251192092896,0.09879031777381897,0.2,False,0
regression_loops_posthoc__source_count90__no_favorable_group,3074,1,Funk2-119-G,00_Funk2-119-G_comp.jams,510350,4,2,3,3,mixed,-0.17407257854938507,0.02692967653274536,0.1690340909090909,False,0
regression_loops_posthoc__source_count90__no_favorable_group,3089,1,Funk2-119-G,00_Funk2-119-G_comp.jams,543481,3,2,3,2,regression_favored,-0.13744673132896423,-0.04482610523700714,0.4739583333333333,True,-1
regression_loops_posthoc__source_count90__no_favorable_group,3092,1,Funk2-119-G,00_Funk2-119-G_comp.jams,561736,5,4,3,3,correction_favored,0.07304397225379944,0.2961876690387726,0.6666277985074627,False,0
regression_loops_posthoc__source_count90__no_favorable_group,3095,1,Funk2-119-G,00_Funk2-119-G_comp.jams,578745,6,4,6,4,regression_favored,-0.375,-0.375,0.0625,True,-1
regression_loops_posthoc__source_count90__no_favorable_group,3103,1,Funk2-119-G,00_Funk2-119-G_comp.jams,596211,5,4,5,5,mixed,-0.06410256028175354,0.12169310450553894,0.3020833333333333,False,0
regression_loops_posthoc__source_count90__no_favorable_group,3110,1,Funk2-119-G,00_Funk2-119-G_comp.jams,610613,1,2,5,2,regression_favored,-0.42619046568870544,-0.1931818276643753,0.16666666666666666,True,0
regression_loops_posthoc__source_count90__no_favorable_group,3121,1,Funk2-119-G,00_Funk2-119-G_comp.jams,633744,6,4,3,3,mixed,-0.18153449892997742,0.0245685875415802,0.662078373015873,False,0
regression_loops_posthoc__source_count90__no_favorable_group,3195,1,Funk2-119-G,00_Funk2-119-G_comp.jams,822198,4,3,2,2,mixed,-0.0579524040222168,0.17126934230327606,0.49926985981308414,False,0
regression_loops_posthoc__source_count90__no_favorable_group,3212,1,Funk2-119-G,00_Funk2-119-G_comp.jams,855653,3,3,2,2,mixed,-0.11268708109855652,0.38947367668151855,0.4775116822429907,False,0
regression_loops_posthoc__source_count90__no_favorable_group,3247,1,Funk2-119-G,00_Funk2-119-G_comp.jams,950692,5,4,5,5,mixed,-0.071428582072258,0.19369369745254517,0.11909722222222222,False,0
regression_loops_posthoc__source_count90__no_favorable_group,3282,1,Funk2-119-G,00_Funk2-119-G_comp.jams,1040377,5,4,3,3,mixed,-0.207626610994339,0.2855280339717865,0.4849431818181818,False,0
regression_loops_posthoc__source_count90__no_favorable_group,3293,1,Funk2-119-G,00_Funk2-119-G_comp.jams,1076653,3,2,3,3,mixed,-0.08452951908111572,0.12051078677177429,0.15,False,0
regression_loops_posthoc__source_count90__no_favorable_group,3301,1,Funk2-119-G,00_Funk2-119-G_comp.jams,1094015,1,2,5,2,regression_favored,-0.21975307166576385,-0.12962962687015533,0.234375,True,0
regression_loops_posthoc__source_count90__no_favorable_group,3339,1,Funk2-119-G,00_Funk2-119-G_comp.jams,1183614,2,3,2,2,correction_favored,0.03395584225654602,0.12434999644756317,0.4107142857142857,False,0
regression_loops_posthoc__source_count90__no_favorable_group,3344,1,Funk2-119-G,00_Funk2-119-G_comp.jams,1195149,2,2,3,3,mixed,-0.14147982001304626,0.017127811908721924,0.1484375,False,0
regression_loops_posthoc__source_count90__no_favorable_group,3363,1,Funk2-119-G,00_Funk2-119-G_comp.jams,1233378,4,3,2,2,mixed,-0.16954286396503448,0.015082746744155884,0.49645833333333333,False,0
regression_loops_posthoc__source_count90__no_favorable_group,3370,1,Funk2-119-G,00_Funk2-119-G_comp.jams,1257124,4,4,3,3,mixed,-0.12143927812576294,0.09789472818374634,0.37109375,False,0
regression_loops_posthoc__source_count90__no_favorable_group,3375,1,Funk2-119-G,00_Funk2-119-G_comp.jams,1273269,2,2,3,2,regression_favored,-0.19088292121887207,-0.1278054118156433,0.4765625,True,1
regression_loops_posthoc__source_count90__no_favorable_group,3396,1,Funk2-119-G,00_Funk2-119-G_comp.jams,1345550,4,4,3,3,mixed,-0.124627023935318,0.10601401329040527,0.4107142857142857,False,0
regression_loops_posthoc__source_count90__no_favorable_group,3641,1,Funk3-112-C#,00_Funk3-112-C#_comp.jams,172078,0,3,2,2,mixed,-0.06876976788043976,0.028698086738586426,0.8674568965517241,False,0
regression_loops_posthoc__source_count90__no_favorable_group,3646,1,Funk3-112-C#,00_Funk3-112-C#_comp.jams,190521,3,3,2,2,correction_favored,0.04751653969287872,0.316710889339447,0.31026785714285715,False,0
regression_loops_posthoc__source_count90__no_favorable_group,3683,1,Funk3-112-C#,00_Funk3-112-C#_comp.jams,294279,3,3,2,2,correction_favored,0.011655211448669434,0.2662721872329712,0.5770775139664804,False,0
regression_loops_posthoc__source_count90__no_favorable_group,3716,1,Funk3-112-C#,00_Funk3-112-C#_comp.jams,372433,3,3,2,2,mixed,-0.003311246633529663,0.20747260749340057,0.2788783482142857,False,0
regression_loops_posthoc__source_count90__no_favorable_group,3736,1,Funk3-112-C#,00_Funk3-112-C#_comp.jams,424425,4,4,3,3,mixed,-0.02054610848426819,0.10732555389404297,0.7109375,False,0
regression_loops_posthoc__source_count90__no_favorable_group,3762,1,Funk3-112-C#,00_Funk3-112-C#_comp.jams,502226,4,2,3,3,correction_favored,0.008114457130432129,0.18949958682060242,0.159375,False,0
regression_loops_posthoc__source_count90__no_favorable_group,3771,1,Funk3-112-C#,00_Funk3-112-C#_comp.jams,519714,4,3,2,3,regression_favored,-0.2944740056991577,-0.0480591356754303,0.5161210317460317,True,0
regression_loops_posthoc__source_count90__no_favorable_group,3790,1,Funk3-112-C#,00_Funk3-112-C#_comp.jams,560093,3,3,2,2,mixed,-0.17679467797279358,0.20454545319080353,0.29060952970297027,False,0
regression_loops_posthoc__source_count90__no_favorable_group,3800,1,Funk3-112-C#,00_Funk3-112-C#_comp.jams,583946,5,4,3,3,mixed,-0.08639708161354065,0.08436796069145203,0.6658854166666667,False,0
regression_loops_posthoc__source_count90__no_favorable_group,3818,1,Funk3-112-C#,00_Funk3-112-C#_comp.jams,620720,4,4,3,3,mixed,-0.16339744627475739,0.0011827349662780762,0.8019701086956522,False,0
regression_loops_posthoc__source_count90__no_favorable_group,3860,1,Funk3-112-C#,00_Funk3-112-C#_comp.jams,727514,2,2,3,2,regression_favored,-0.04281780123710632,-0.03700408339500427,0.3359375,True,1
regression_loops_posthoc__source_count90__no_favorable_group,3880,1,Funk3-112-C#,00_Funk3-112-C#_comp.jams,773921,4,4,3,3,correction_favored,0.007520139217376709,0.6114130616188049,0.4963107638888889,False,0
regression_loops_posthoc__source_count90__no_favorable_group,3883,1,Funk3-112-C#,00_Funk3-112-C#_comp.jams,780051,4,3,2,2,mixed,-0.13554084300994873,0.18401530385017395,0.22104779411764705,False,0
regression_loops_posthoc__source_count90__no_favorable_group,3897,1,Funk3-112-C#,00_Funk3-112-C#_comp.jams,815422,3,4,2,4,regression_favored,-0.18937602639198303,-0.0443396270275116,0.18359375,True,0
regression_loops_posthoc__source_count90__no_favorable_group,3934,1,Funk3-112-C#,00_Funk3-112-C#_comp.jams,910993,1,3,2,3,regression_favored,-0.2812318801879883,-0.10896159708499908,0.5350961538461538,True,0
regression_loops_posthoc__source_count90__no_favorable_group,3939,1,Funk3-112-C#,00_Funk3-112-C#_comp.jams,922195,4,4,3,3,mixed,-0.05694374442100525,0.34015345573425293,0.5482758620689655,False,0
regression_loops_posthoc__source_count90__no_favorable_group,3943,1,Funk3-112-C#,00_Funk3-112-C#_comp.jams,933649,2,3,2,2,mixed,-0.0023651719093322754,0.08252012729644775,0.390625,False,0
regression_loops_posthoc__source_count90__no_favorable_group,3952,1,Funk3-112-C#,00_Funk3-112-C#_comp.jams,957333,3,4,3,3,mixed,-0.03381642699241638,0.150247722864151,0.46728515625,False,0
regression_loops_posthoc__source_count90__no_favorable_group,3955,1,Funk3-112-C#,00_Funk3-112-C#_comp.jams,964121,1,2,3,2,regression_favored,-0.16644686460494995,-0.08119657635688782,0.08363970588235294,True,0
regression_loops_posthoc__source_count90__no_favorable_group,3968,1,Funk3-112-C#,00_Funk3-112-C#_comp.jams,991607,4,3,2,2,mixed,-0.25190290808677673,0.024201691150665283,0.25599888392857145,False,0
regression_loops_posthoc__source_count90__no_favorable_group,3979,1,Funk3-112-C#,00_Funk3-112-C#_comp.jams,1027622,5,4,3,3,mixed,-0.05725526809692383,0.13694915175437927,0.4603174603174603,False,0
regression_loops_posthoc__source_count90__no_favorable_group,3989,1,Funk3-112-C#,00_Funk3-112-C#_comp.jams,1050122,5,4,2,2,mixed,-0.09331104159355164,0.2739834189414978,0.09739191729323309,False,0
regression_loops_posthoc__source_count90__no_favorable_group,4018,1,Funk3-112-C#,00_Funk3-112-C#_comp.jams,1110538,5,3,2,2,correction_favored,0.0,0.06792372465133667,0.1796875,False,0
regression_loops_posthoc__source_count90__no_favorable_group,4042,1,Funk3-112-C#,00_Funk3-112-C#_comp.jams,1181263,1,2,3,2,regression_favored,-0.15913593769073486,-0.15913593769073486,0.25,True,0
regression_loops_posthoc__source_count90__no_favorable_group,4054,1,Funk3-112-C#,00_Funk3-112-C#_comp.jams,1211727,3,2,3,2,regression_favored,-0.25623655319213867,-0.0004297494888305664,0.1125,True,-1
regression_loops_posthoc__source_count90__no_favorable_group,4071,1,Funk3-112-C#,00_Funk3-112-C#_comp.jams,1263768,5,4,3,3,mixed,-0.009249597787857056,0.3212670087814331,0.4404296875,False,0
regression_loops_posthoc__source_count90__no_favorable_group,4096,1,Funk3-112-C#,00_Funk3-112-C#_comp.jams,1322887,6,3,2,2,mixed,-0.20227988064289093,0.09375,0.48046875,False,0
regression_loops_posthoc__source_count90__no_favorable_group,4115,1,Funk3-112-C#,00_Funk3-112-C#_comp.jams,1367758,3,3,2,2,mixed,-0.0601503849029541,0.2073846310377121,0.408234126984127,False,0
regression_loops_posthoc__source_count90__no_favorable_group,4127,1,Funk3-112-C#,00_Funk3-112-C#_comp.jams,1399611,4,4,3,3,correction_favored,0.008630543947219849,0.6777777671813965,0.5375158629441624,False,0
regression_loops_posthoc__source_count90__no_favorable_group,4138,1,Funk3-112-C#,00_Funk3-112-C#_comp.jams,1441565,5,4,3,3,mixed,-0.07365792989730835,0.2368815541267395,0.7925281954887218,False,0
regression_loops_posthoc__source_count90__no_favorable_group,4141,1,Funk3-112-C#,00_Funk3-112-C#_comp.jams,1453860,5,2,3,3,mixed,-0.09487047791481018,0.253741055727005,0.2622767857142857,False,0
regression_loops_posthoc__source_count90__no_favorable_group,4155,1,Funk3-112-C#,00_Funk3-112-C#_comp.jams,1489106,5,2,3,3,mixed,-0.19669947028160095,0.17919224500656128,0.2153033088235294,False,0
regression_loops_posthoc__source_count90__no_favorable_group,4159,1,Funk3-112-C#,00_Funk3-112-C#_comp.jams,1500589,4,3,2,2,mixed,-0.057602331042289734,0.0184938907623291,0.7961753731343284,False,0
regression_loops_posthoc__source_count90__no_favorable_group,4351,1,Funk3-112-C#,00_Funk3-112-C#_solo.jams,1477551,2,3,2,2,correction_favored,0.019415289163589478,0.45217394828796387,0.5344730941704036,False,0
regression_loops_posthoc__source_count90__no_favorable_group,15751,1,SS3-98-C,00_SS3-98-C_comp.jams,49349,1,3,2,2,mixed,-0.1764705926179886,0.1966412365436554,0.4630208333333333,False,0
regression_loops_posthoc__source_count90__no_favorable_group,15817,1,SS3-98-C,00_SS3-98-C_comp.jams,205622,3,3,2,2,mixed,-0.26238691806793213,0.1189039796590805,0.5735815602836879,False,0
regression_loops_posthoc__source_count90__no_favorable_group,15820,1,SS3-98-C,00_SS3-98-C_comp.jams,219235,1,2,3,2,regression_favored,-0.35062479972839355,-0.15025243163108826,0.12152777777777778,True,0
regression_loops_posthoc__source_count90__no_favorable_group,15931,1,SS3-98-C,00_SS3-98-C_comp.jams,498861,1,3,2,3,regression_favored,-0.28840577602386475,-0.011598750948905945,0.5191532258064516,True,0
regression_loops_posthoc__source_count90__no_favorable_group,15972,1,SS3-98-C,00_SS3-98-C_comp.jams,607196,1,3,2,2,mixed,-0.2981358766555786,0.12212342023849487,0.4263268156424581,False,0
regression_loops_posthoc__source_count90__no_favorable_group,16074,1,SS3-98-C,00_SS3-98-C_comp.jams,879291,3,3,2,3,regression_favored,-0.3523809313774109,-0.15205760300159454,0.6034526209677419,True,1
regression_loops_posthoc__source_count90__no_favorable_group,16254,1,SS3-98-C,00_SS3-98-C_comp.jams,1362820,2,3,2,2,mixed,-0.09821495413780212,0.13175471127033234,0.5172776442307693,False,0
regression_loops_posthoc__source_count90__no_favorable_group,16338,1,SS3-98-C,00_SS3-98-C_comp.jams,1579519,2,3,2,2,mixed,-0.06109827756881714,0.12801359593868256,0.3867694805194805,False,0
regression_loops_posthoc__source_count90__no_favorable_group,16424,1,SS3-98-C,00_SS3-98-C_solo.jams,431828,2,3,2,2,mixed,-0.15575647354125977,0.20408856868743896,0.4968011811023622,False,0
regression_loops_posthoc__source_count90__no_favorable_group,16482,1,SS3-98-C,00_SS3-98-C_solo.jams,621149,2,2,3,2,regression_favored,-0.32802677154541016,-0.009731411933898926,0.27459016393442626,True,1
regression_loops_posthoc__source_count90__no_favorable_group,16550,1,SS3-98-C,00_SS3-98-C_solo.jams,837171,3,3,2,2,mixed,-0.2076568603515625,0.07888492941856384,0.36365327380952384,False,0
regression_loops_posthoc__source_count90__no_favorable_group,16554,1,SS3-98-C,00_SS3-98-C_solo.jams,864207,3,3,2,2,mixed,-0.06348684430122375,0.058009058237075806,0.24609375,False,0
regression_loops_posthoc__source_count90__no_favorable_group,16566,1,SS3-98-C,00_SS3-98-C_solo.jams,889338,0,3,2,2,correction_favored,0.053058214485645294,0.2612163722515106,0.6505533854166666,False,0
regression_loops_posthoc__source_count90__no_favorable_group,16577,1,SS3-98-C,00_SS3-98-C_solo.jams,918350,3,2,3,3,mixed,-0.1900826394557953,0.0732758641242981,0.49895055970149255,False,0
regression_loops_posthoc__source_count90__no_favorable_group,16620,1,SS3-98-C,00_SS3-98-C_solo.jams,1013824,2,3,2,2,mixed,-0.22012072801589966,0.1345987766981125,0.3077445652173913,False,0
regression_loops_posthoc__source_count90__no_favorable_group,16653,1,SS3-98-C,00_SS3-98-C_solo.jams,1094044,2,3,2,2,mixed,-0.22175496816635132,0.09887640178203583,0.4283344972067039,False,0
regression_loops_posthoc__source_count90__no_favorable_group,16711,1,SS3-98-C,00_SS3-98-C_solo.jams,1297222,1,2,3,2,regression_favored,-0.1310531198978424,-0.1310531198978424,0.34375,True,0
regression_loops_posthoc__source_count90__no_favorable_group,16725,1,SS3-98-C,00_SS3-98-C_solo.jams,1330110,1,3,2,2,mixed,-0.10001766681671143,0.21578946709632874,0.5027573529411765,False,0
regression_loops_posthoc__source_count90__no_favorable_group,16789,1,SS3-98-C,00_SS3-98-C_solo.jams,1546579,1,4,3,3,mixed,-0.08373591303825378,0.5714285969734192,0.4022229381443299,False,0
regression_loops_posthoc__source_count90__no_favorable_group,17763,1,BN3-154-E,01_BN3-154-E_comp.jams,5,2,3,2,2,mixed,-0.04314720630645752,0.32091057300567627,0.19859601449275363,False,0
regression_loops_posthoc__source_count90__no_favorable_group,17785,1,BN3-154-E,01_BN3-154-E_comp.jams,96391,3,4,3,3,mixed,-0.017543882131576538,0.13409292697906494,0.6089691558441559,False,0
regression_loops_posthoc__source_count90__no_favorable_group,17825,1,BN3-154-E,01_BN3-154-E_comp.jams,248888,1,3,2,3,regression_favored,-0.1826012134552002,-0.02220669388771057,0.5818391393442623,True,0
regression_loops_posthoc__source_count90__no_favorable_group,17829,1,BN3-154-E,01_BN3-154-E_comp.jams,257674,1,3,2,2,mixed,-0.12907887995243073,0.12652438879013062,0.4114583333333333,False,0
regression_loops_posthoc__source_count90__no_favorable_group,17845,1,BN3-154-E,01_BN3-154-E_comp.jams,326316,2,3,2,3,regression_favored,-0.24100856482982635,-0.05945715308189392,0.47589760638297873,True,-1
regression_loops_posthoc__source_count90__no_favorable_group,17951,1,BN3-154-E,01_BN3-154-E_comp.jams,679978,2,3,2,2,mixed,-0.06954285502433777,0.1908455491065979,0.3904622395833333,False,0
regression_loops_posthoc__source_count90__no_favorable_group,18019,1,BN3-154-E,01_BN3-154-E_comp.jams,937160,3,3,2,2,mixed,-0.039447516202926636,0.286910742521286,0.5025314245810056,False,0
regression_loops_posthoc__source_count90__no_favorable_group,18030,1,BN3-154-E,01_BN3-154-E_comp.jams,963068,4,3,2,2,mixed,-0.2611408233642578,0.058420658111572266,0.24759615384615385,False,0
regression_loops_posthoc__source_count90__no_favorable_group,18035,1,BN3-154-E,01_BN3-154-E_comp.jams,988337,1,4,2,2,mixed,-0.045888751745224,0.38682371377944946,0.1637761780104712,False,0
regression_loops_posthoc__source_count90__no_favorable_group,18053,1,BN3-154-E,01_BN3-154-E_comp.jams,1048402,3,4,3,3,correction_favored,0.033631712198257446,0.3571428656578064,0.5153017241379311,False,0
regression_loops_posthoc__source_count90__no_favorable_group,19465,1,Funk2-119-G,01_Funk2-119-G_comp.jams,11327,2,4,3,3,mixed,-0.05778491497039795,0.6785714030265808,0.5341842723004695,False,0
regression_loops_posthoc__source_count90__no_favorable_group,19480,1,Funk2-119-G,01_Funk2-119-G_comp.jams,71996,1,3,2,2,correction_favored,0.0005305111408233643,0.0005305111408233643,0.265625,False,0
regression_loops_posthoc__source_count90__no_favorable_group,19486,1,Funk2-119-G,01_Funk2-119-G_comp.jams,100135,2,4,3,3,mixed,-0.006791174411773682,0.7101449370384216,0.5642538265306123,False,0
regression_loops_posthoc__source_count90__no_favorable_group,19505,1,Funk2-119-G,01_Funk2-119-G_comp.jams,167490,1,2,3,3,mixed,-0.12931036949157715,0.26530614495277405,0.3302556818181818,False,0
regression_loops_posthoc__source_count90__no_favorable_group,19528,1,Funk2-119-G,01_Funk2-119-G_comp.jams,255972,3,4,3,3,mixed,-0.07380950450897217,0.2543478310108185,0.4537852112676056,False,0
regression_loops_posthoc__source_count90__no_favorable_group,19530,1,Funk2-119-G,01_Funk2-119-G_comp.jams,265334,0,3,2,2,mixed,-0.17989417910575867,0.17038357257843018,0.6225421348314607,False,0
regression_loops_posthoc__source_count90__no_favorable_group,19560,1,Funk2-119-G,01_Funk2-119-G_comp.jams,377989,0,3,2,2,mixed,-0.07603219151496887,0.15832480788230896,0.2442208904109589,False,0
regression_loops_posthoc__source_count90__no_favorable_group,19571,1,Funk2-119-G,01_Funk2-119-G_comp.jams,422775,0,3,2,2,mixed,-0.10156609117984772,0.1355932205915451,0.4018654336734694,False,0
regression_loops_posthoc__source_count90__no_favorable_group,19698,1,Funk2-119-G,01_Funk2-119-G_comp.jams,946032,0,3,2,2,mixed,-0.10650624334812164,0.1765434890985489,0.28856981981981983,False,0
regression_loops_posthoc__source_count90__no_favorable_group,19700,1,Funk2-119-G,01_Funk2-119-G_comp.jams,951678,2,4,3,3,correction_favored,0.08919763565063477,0.3818182051181793,0.45209703947368424,False,0
regression_loops_posthoc__source_count90__no_favorable_group,19707,1,Funk2-119-G,01_Funk2-119-G_comp.jams,972503,2,2,3,3,mixed,-0.04833069443702698,0.2129567712545395,0.31741431451612906,False,0
regression_loops_posthoc__source_count90__no_favorable_group,19710,1,Funk2-119-G,01_Funk2-119-G_comp.jams,979359,3,4,2,2,mixed,-0.05076742172241211,0.3959459364414215,0.4369212962962963,False,0
regression_loops_posthoc__source_count90__no_favorable_group,19721,1,Funk2-119-G,01_Funk2-119-G_comp.jams,1040061,3,4,3,3,mixed,-0.016813695430755615,0.38947367668151855,0.516549059139785,False,0
regression_loops_posthoc__source_count90__no_favorable_group,19726,1,Funk2-119-G,01_Funk2-119-G_comp.jams,1055590,1,3,2,2,correction_favored,0.027088463306427002,0.10397878289222717,0.29296875,False,0
regression_loops_posthoc__source_count90__no_favorable_group,19729,1,Funk2-119-G,01_Funk2-119-G_comp.jams,1067806,3,4,3,3,correction_favored,0.049300044775009155,0.637499988079071,0.5169207317073171,False,0
regression_loops_posthoc__source_count90__no_favorable_group,19776,1,Funk2-119-G,01_Funk2-119-G_comp.jams,1245279,2,4,2,2,mixed,-0.09476584196090698,0.30279651284217834,0.17402777777777778,False,0
regression_loops_posthoc__source_count90__no_favorable_group,19791,1,Funk2-119-G,01_Funk2-119-G_comp.jams,1329194,3,3,2,2,mixed,-0.026978492736816406,0.14813187718391418,0.5051673228346457,False,0
regression_loops_posthoc__source_count90__no_favorable_group,19798,1,Funk2-119-G,01_Funk2-119-G_comp.jams,1361269,2,2,3,3,mixed,-0.01848539710044861,0.21739709377288818,0.32586805555555554,False,0
regression_loops_posthoc__source_count90__no_favorable_group,19811,1,Funk2-119-G,01_Funk2-119-G_comp.jams,1417215,3,4,3,3,mixed,-0.0650080144405365,0.1078173816204071,0.6547379032258065,False,0
regression_loops_posthoc__source_count90__no_favorable_group,20041,1,Funk3-112-C#,01_Funk3-112-C#_comp.jams,117628,3,2,4,4,mixed,-0.16716419160366058,0.2142857313156128,0.04222074468085106,False,0
regression_loops_posthoc__source_count90__no_favorable_group,20053,1,Funk3-112-C#,01_Funk3-112-C#_comp.jams,160271,3,3,2,3,regression_favored,-0.2156040221452713,-0.06478425860404968,0.5124362244897959,True,1
regression_loops_posthoc__source_count90__no_favorable_group,20058,1,Funk3-112-C#,01_Funk3-112-C#_comp.jams,177424,3,2,3,3,mixed,-0.1461412012577057,0.317460298538208,0.4951761744966443,False,0
regression_loops_posthoc__source_count90__no_favorable_group,20095,1,Funk3-112-C#,01_Funk3-112-C#_comp.jams,347919,2,3,2,2,mixed,-0.06080922484397888,0.14142051339149475,0.3784722222222222,False,0
regression_loops_posthoc__source_count90__no_favorable_group,20123,1,Funk3-112-C#,01_Funk3-112-C#_comp.jams,496140,3,2,4,4,mixed,-0.1628371626138687,0.4285714626312256,0.04542410714285714,False,0
regression_loops_posthoc__source_count90__no_favorable_group,20133,1,Funk3-112-C#,01_Funk3-112-C#_comp.jams,531578,2,3,2,2,mixed,-0.25271689891815186,0.1320754885673523,0.5058247041420119,False,0
regression_loops_posthoc__source_count90__no_favorable_group,20139,1,Funk3-112-C#,01_Funk3-112-C#_comp.jams,544742,0,3,2,2,mixed,-0.14562873542308807,0.18522727489471436,0.4244791666666667,False,0
regression_loops_posthoc__source_count90__no_favorable_group,20155,1,Funk3-112-C#,01_Funk3-112-C#_comp.jams,637521,3,3,2,3,regression_favored,-0.17571060359477997,-0.04298242926597595,0.18229166666666666,True,1
regression_loops_posthoc__source_count90__no_favorable_group,20159,1,Funk3-112-C#,01_Funk3-112-C#_comp.jams,661604,2,4,3,3,correction_favored,0.040343910455703735,0.6571428775787354,0.48125,False,0
regression_loops_posthoc__source_count90__no_favorable_group,20172,1,Funk3-112-C#,01_Funk3-112-C#_comp.jams,737822,2,3,2,3,regression_favored,-0.2760695219039917,-0.08745601773262024,0.346875,True,-1
regression_loops_posthoc__source_count90__no_favorable_group,20192,1,Funk3-112-C#,01_Funk3-112-C#_comp.jams,821602,3,4,3,3,mixed,-0.15274986624717712,0.6739130616188049,0.41222677595628415,False,0
regression_loops_posthoc__source_count90__no_favorable_group,20255,1,Funk3-112-C#,01_Funk3-112-C#_comp.jams,1051487,3,2,3,3,mixed,-0.1250327229499817,0.1079675555229187,0.39259350393700787,False,0
regression_loops_posthoc__source_count90__no_favorable_group,20273,1,Funk3-112-C#,01_Funk3-112-C#_comp.jams,1105739,3,4,3,3,mixed,-0.10445606708526611,0.6342711448669434,0.4107142857142857,False,0
regression_loops_posthoc__source_count90__no_favorable_group,20279,1,Funk3-112-C#,01_Funk3-112-C#_comp.jams,1122659,3,2,3,3,mixed,-0.18987664580345154,0.18333333730697632,0.21946022727272727,False,0
regression_loops_posthoc__source_count90__no_favorable_group,20296,1,Funk3-112-C#,01_Funk3-112-C#_comp.jams,1198205,2,3,2,2,correction_favored,0.17357397079467773,0.38891276717185974,0.20635775862068967,False,0
regression_loops_posthoc__source_count90__no_favorable_group,20300,1,Funk3-112-C#,01_Funk3-112-C#_comp.jams,1222984,2,3,2,2,mixed,-0.17045456171035767,0.14733096957206726,0.3713182471264368,False,0
regression_loops_posthoc__source_count90__no_favorable_group,20306,1,Funk3-112-C#,01_Funk3-112-C#_comp.jams,1252258,3,2,4,4,mixed,-0.2589118182659149,0.2142857313156128,0.028161337209302327,False,0
regression_loops_posthoc__source_count90__no_favorable_group,20324,1,Funk3-112-C#,01_Funk3-112-C#_comp.jams,1305704,1,3,2,2,mixed,-0.0019103288650512695,0.2496936321258545,0.5201416015625,False,0
regression_loops_posthoc__source_count90__no_favorable_group,20341,1,Funk3-112-C#,01_Funk3-112-C#_comp.jams,1375282,3,2,3,2,regression_favored,-0.165029838681221,-0.13684210181236267,0.2265625,True,-1
regression_loops_posthoc__source_count90__no_favorable_group,20345,1,Funk3-112-C#,01_Funk3-112-C#_comp.jams,1388564,3,4,3,3,mixed,-0.1727326512336731,0.6521739363670349,0.3632454128440367,False,0
regression_loops_posthoc__source_count90__no_favorable_group,20349,1,Funk3-112-C#,01_Funk3-112-C#_comp.jams,1406296,2,3,2,2,mixed,-0.10160428285598755,0.26153847575187683,0.3412143640350877,False,0
regression_loops_posthoc__source_count90__no_favorable_group,20358,1,Funk3-112-C#,01_Funk3-112-C#_comp.jams,1465207,3,3,2,3,regression_favored,-0.16997791826725006,-0.16997791826725006,0.28125,True,1
regression_loops_posthoc__source_count90__no_favorable_group,20367,1,Funk3-112-C#,01_Funk3-112-C#_comp.jams,1506158,2,4,3,3,mixed,-0.10886919498443604,0.21313431859016418,0.7016782407407407,False,0
regression_loops_posthoc__source_count90__no_favorable_group,20438,1,Funk3-112-C#,01_Funk3-112-C#_solo.jams,558234,1,3,2,2,mixed,-0.1771787852048874,0.00887247920036316,0.40077554744525545,False,0
regression_loops_posthoc__source_count90__no_favorable_group,31373,1,SS3-98-C,01_SS3-98-C_comp.jams,5,2,3,4,4,correction_favored,0.0,0.550000011920929,0.2443337912087912,False,0
regression_loops_posthoc__source_count90__no_favorable_group,31393,1,SS3-98-C,01_SS3-98-C_comp.jams,40983,2,3,2,3,regression_favored,-0.2517738938331604,-0.07937681674957275,0.6104433760683761,True,-1
regression_loops_posthoc__source_count90__no_favorable_group,31406,1,SS3-98-C,01_SS3-98-C_comp.jams,69224,2,3,4,4,mixed,-0.07045453786849976,0.20307016372680664,0.3445084951456311,False,0
regression_loops_posthoc__source_count90__no_favorable_group,31410,1,SS3-98-C,01_SS3-98-C_comp.jams,76749,2,4,2,2,mixed,-0.27456995844841003,0.28373703360557556,0.15550595238095238,False,0
regression_loops_posthoc__source_count90__no_favorable_group,31416,1,SS3-98-C,01_SS3-98-C_comp.jams,90139,2,3,2,2,mixed,-0.08337384462356567,0.15223214030265808,0.20256696428571427,False,0
regression_loops_posthoc__source_count90__no_favorable_group,31425,1,SS3-98-C,01_SS3-98-C_comp.jams,109479,1,3,2,2,mixed,-0.10779944062232971,0.14110995829105377,0.4676670792079208,False,0
regression_loops_posthoc__source_count90__no_favorable_group,31450,1,SS3-98-C,01_SS3-98-C_comp.jams,162536,1,3,2,2,mixed,-0.11698630452156067,0.05365660786628723,0.34356831395348836,False,0
regression_loops_posthoc__source_count90__no_favorable_group,31454,1,SS3-98-C,01_SS3-98-C_comp.jams,170122,2,2,3,2,regression_favored,-0.1641315370798111,-0.06967966258525848,0.43154761904761907,True,1
regression_loops_posthoc__source_count90__no_favorable_group,31458,1,SS3-98-C,01_SS3-98-C_comp.jams,183578,2,3,2,2,mixed,-0.040958911180496216,0.1448933482170105,0.4655539772727273,False,0
regression_loops_posthoc__source_count90__no_favorable_group,31470,1,SS3-98-C,01_SS3-98-C_comp.jams,210014,1,3,2,2,mixed,-0.03016822040081024,0.0850953757762909,0.4654017857142857,False,0
regression_loops_posthoc__source_count90__no_favorable_group,31479,1,SS3-98-C,01_SS3-98-C_comp.jams,232147,1,3,2,2,mixed,-0.14602705836296082,0.08489184081554413,0.3765076754385965,False,0
regression_loops_posthoc__source_count90__no_favorable_group,31482,1,SS3-98-C,01_SS3-98-C_comp.jams,238566,2,3,2,2,mixed,-0.14184506237506866,0.09618902206420898,0.3863985655737705,False,0
regression_loops_posthoc__source_count90__no_favorable_group,31487,1,SS3-98-C,01_SS3-98-C_comp.jams,249663,1,3,2,2,mixed,-0.04334113001823425,0.19961240887641907,0.5861778846153847,False,0
regression_loops_posthoc__source_count90__no_favorable_group,31488,1,SS3-98-C,01_SS3-98-C_comp.jams,251545,1,2,3,2,regression_favored,-0.048526883125305176,-0.04345792531967163,0.296875,True,0
regression_loops_posthoc__source_count90__no_favorable_group,31490,1,SS3-98-C,01_SS3-98-C_comp.jams,256098,2,3,2,2,correction_favored,0.02102428674697876,0.18839460611343384,0.5024207746478874,False,0
regression_loops_posthoc__source_count90__no_favorable_group,31497,1,SS3-98-C,01_SS3-98-C_comp.jams,271694,1,3,2,2,mixed,-0.06550803780555725,0.22421053051948547,0.5134882478632479,False,0
regression_loops_posthoc__source_count90__no_favorable_group,31503,1,SS3-98-C,01_SS3-98-C_comp.jams,284113,1,4,2,2,mixed,-0.21574267745018005,0.2467532455921173,0.22401685393258428,False,0
regression_loops_posthoc__source_count90__no_favorable_group,31507,1,SS3-98-C,01_SS3-98-C_comp.jams,291732,2,3,2,2,mixed,-0.10970821976661682,0.09359869360923767,0.375,False,0
regression_loops_posthoc__source_count90__no_favorable_group,31510,1,SS3-98-C,01_SS3-98-C_comp.jams,297624,2,3,2,2,mixed,-0.05404135584831238,0.1530364453792572,0.5440625,False,0
regression_loops_posthoc__source_count90__no_favorable_group,31557,1,SS3-98-C,01_SS3-98-C_comp.jams,400436,2,3,2,2,mixed,-0.12368464469909668,0.19326241314411163,0.45561079545454547,False,0
regression_loops_posthoc__source_count90__no_favorable_group,31568,1,SS3-98-C,01_SS3-98-C_comp.jams,425644,1,3,2,2,correction_favored,0.025229141116142273,0.19477123022079468,0.42150297619047616,False,0
regression_loops_posthoc__source_count90__no_favorable_group,31571,1,SS3-98-C,01_SS3-98-C_comp.jams,433966,3,3,2,2,mixed,-0.15095704793930054,0.17794857919216156,0.40645292207792205,False,0
regression_loops_posthoc__source_count90__no_favorable_group,31577,1,SS3-98-C,01_SS3-98-C_comp.jams,445860,2,2,3,2,regression_favored,-0.22906994819641113,-0.011150792241096497,0.2747043918918919,True,1
regression_loops_posthoc__source_count90__no_favorable_group,31587,1,SS3-98-C,01_SS3-98-C_comp.jams,466845,3,2,3,3,mixed,-0.10347108542919159,0.028307706117630005,0.2894736842105263,False,0
regression_loops_posthoc__source_count90__no_favorable_group,31603,1,SS3-98-C,01_SS3-98-C_comp.jams,499632,1,2,3,3,mixed,-0.12197309732437134,0.0868978202342987,0.1111111111111111,False,0
regression_loops_posthoc__source_count90__no_favorable_group,31613,1,SS3-98-C,01_SS3-98-C_comp.jams,519785,3,2,3,3,mixed,-0.10232524573802948,0.0771428644657135,0.1828125,False,0
regression_loops_posthoc__source_count90__no_favorable_group,31617,1,SS3-98-C,01_SS3-98-C_comp.jams,527988,2,3,2,2,mixed,-0.06783215701580048,0.07140886783599854,0.6156914893617021,False,0
regression_loops_posthoc__source_count90__no_favorable_group,31645,1,SS3-98-C,01_SS3-98-C_comp.jams,588693,2,3,2,2,mixed,-0.19781169295310974,0.09723889827728271,0.5429137323943662,False,0
regression_loops_posthoc__source_count90__no_favorable_group,31654,1,SS3-98-C,01_SS3-98-C_comp.jams,608615,1,4,2,2,mixed,-0.1992219090461731,0.31333333253860474,0.25037924757281554,False,0
regression_loops_posthoc__source_count90__no_favorable_group,31656,1,SS3-98-C,01_SS3-98-C_comp.jams,616022,2,3,2,2,correction_favored,0.013237833976745605,0.224426731467247,0.39360119047619047,False,0
regression_loops_posthoc__source_count90__no_favorable_group,31659,1,SS3-98-C,01_SS3-98-C_comp.jams,622690,1,3,2,2,mixed,-0.02818813920021057,0.17300698161125183,0.616015625,False,0
regression_loops_posthoc__source_count90__no_favorable_group,31662,1,SS3-98-C,01_SS3-98-C_comp.jams,629986,3,2,3,3,mixed,-0.14070433378219604,0.16813187301158905,0.22265625,False,0
regression_loops_posthoc__source_count90__no_favorable_group,31667,1,SS3-98-C,01_SS3-98-C_comp.jams,642473,0,3,2,2,correction_favored,0.014012455940246582,0.14918357133865356,0.5100446428571429,False,0
regression_loops_posthoc__source_count90__no_favorable_group,31670,1,SS3-98-C,01_SS3-98-C_comp.jams,649341,3,3,2,2,mixed,-0.04570308327674866,0.2601439356803894,0.4182967557251908,False,0
regression_loops_posthoc__source_count90__no_favorable_group,31676,1,SS3-98-C,01_SS3-98-C_comp.jams,661249,2,2,3,3,mixed,-0.08510187268257141,0.040825098752975464,0.2328125,False,0
regression_loops_posthoc__source_count90__no_favorable_group,31680,1,SS3-98-C,01_SS3-98-C_comp.jams,669295,2,2,3,2,regression_favored,-0.2547609210014343,-0.009820356965065002,0.30514705882352944,True,1
regression_loops_posthoc__source_count90__no_favorable_group,31686,1,SS3-98-C,01_SS3-98-C_comp.jams,681353,2,2,3,2,regression_favored,-0.01562616229057312,-0.01562616229057312,0.203125,True,1
regression_loops_posthoc__source_count90__no_favorable_group,31693,1,SS3-98-C,01_SS3-98-C_comp.jams,695405,2,2,3,3,mixed,-0.17811059951782227,0.03509137034416199,0.12849813432835822,False,0
regression_loops_posthoc__source_count90__no_favorable_group,31697,1,SS3-98-C,01_SS3-98-C_comp.jams,703122,3,2,3,2,regression_favored,-0.26831090450286865,-0.013286709785461426,0.19584517045454544,True,-1
regression_loops_posthoc__source_count90__no_favorable_group,31700,1,SS3-98-C,01_SS3-98-C_comp.jams,709133,2,2,3,2,regression_favored,-0.2483002245426178,-0.10521134734153748,0.279296875,True,1
regression_loops_posthoc__source_count90__no_favorable_group,31703,1,SS3-98-C,01_SS3-98-C_comp.jams,715442,2,2,3,3,mixed,-0.24430641531944275,0.019657164812088013,0.26596467391304346,False,0
regression_loops_posthoc__source_count90__no_favorable_group,31707,1,SS3-98-C,01_SS3-98-C_comp.jams,723161,3,3,2,2,mixed,-0.07309268414974213,0.0190497487783432,0.603125,False,0
regression_loops_posthoc__source_count90__no_favorable_group,31728,1,SS3-98-C,01_SS3-98-C_comp.jams,769985,2,2,3,2,regression_favored,-0.20057719945907593,-0.04307691752910614,0.2890625,True,1
regression_loops_posthoc__source_count90__no_favorable_group,31731,1,SS3-98-C,01_SS3-98-C_comp.jams,778370,2,3,2,2,mixed,-0.12437409162521362,0.1295807957649231,0.498046875,False,0
regression_loops_posthoc__source_count90__no_favorable_group,31734,1,SS3-98-C,01_SS3-98-C_comp.jams,790717,1,3,2,2,mixed,-0.10698902606964111,0.03397566080093384,0.3010670731707317,False,0
regression_loops_posthoc__source_count90__no_favorable_group,31760,1,SS3-98-C,01_SS3-98-C_comp.jams,853002,3,3,2,2,mixed,-0.15639328956604004,0.14149679243564606,0.55546875,False,0
regression_loops_posthoc__source_count90__no_favorable_group,31766,1,SS3-98-C,01_SS3-98-C_comp.jams,866022,3,4,2,2,correction_favored,0.04698146879673004,0.3333333134651184,0.21165966386554622,False,0
regression_loops_posthoc__source_count90__no_favorable_group,31781,1,SS3-98-C,01_SS3-98-C_comp.jams,898219,2,3,2,2,mixed,-0.22193506360054016,0.04976576566696167,0.4102359693877551,False,0
regression_loops_posthoc__source_count90__no_favorable_group,31792,1,SS3-98-C,01_SS3-98-C_comp.jams,920029,3,3,2,2,mixed,-0.19170060753822327,0.1194169819355011,0.5584969008264463,False,0
regression_loops_posthoc__source_count90__no_favorable_group,31828,1,SS3-98-C,01_SS3-98-C_comp.jams,994124,1,3,2,2,mixed,-0.19336384534835815,0.1260504126548767,0.473930027173913,False,0
regression_loops_posthoc__source_count90__no_favorable_group,31832,1,SS3-98-C,01_SS3-98-C_comp.jams,1013750,1,3,2,2,mixed,-0.04143853485584259,0.12529762089252472,0.5139266304347826,False,0
regression_loops_posthoc__source_count90__no_favorable_group,31840,1,SS3-98-C,01_SS3-98-C_comp.jams,1034286,1,3,2,2,mixed,-0.000437319278717041,0.13725490868091583,0.49360795454545453,False,0
regression_loops_posthoc__source_count90__no_favorable_group,31843,1,SS3-98-C,01_SS3-98-C_comp.jams,1041413,1,3,2,2,mixed,-0.074745774269104,0.12025518715381622,0.47021484375,False,0
regression_loops_posthoc__source_count90__no_favorable_group,31846,1,SS3-98-C,01_SS3-98-C_comp.jams,1047824,2,4,3,3,mixed,-0.25784027576446533,0.10878750681877136,0.24369959677419356,False,0
regression_loops_posthoc__source_count90__no_favorable_group,31851,1,SS3-98-C,01_SS3-98-C_comp.jams,1061563,3,3,2,2,mixed,-0.1533689796924591,0.028642162680625916,0.2961856617647059,False,0
regression_loops_posthoc__source_count90__no_favorable_group,31858,1,SS3-98-C,01_SS3-98-C_comp.jams,1075319,2,2,3,2,regression_favored,-0.24974200129508972,-0.009223401546478271,0.31979166666666664,True,1
regression_loops_posthoc__source_count90__no_favorable_group,31868,1,SS3-98-C,01_SS3-98-C_comp.jams,1096332,0,2,3,3,mixed,-0.17407256364822388,0.11074653267860413,0.2046875,False,0
regression_loops_posthoc__source_count90__no_favorable_group,31888,1,SS3-98-C,01_SS3-98-C_comp.jams,1140925,1,2,3,3,mixed,-0.26831090450286865,0.049705684185028076,0.2162298387096774,False,0
regression_loops_posthoc__source_count90__no_favorable_group,31891,1,SS3-98-C,01_SS3-98-C_comp.jams,1147266,1,2,3,3,mixed,-0.0695798248052597,0.06561148166656494,0.259765625,False,0
regression_loops_posthoc__source_count90__no_favorable_group,31895,1,SS3-98-C,01_SS3-98-C_comp.jams,1156023,2,3,2,2,mixed,-0.036644577980041504,0.08690819144248962,0.34598214285714285,False,0
regression_loops_posthoc__source_count90__no_favorable_group,31900,1,SS3-98-C,01_SS3-98-C_comp.jams,1168846,1,2,3,3,mixed,-0.14073818922042847,0.16980324685573578,0.11160714285714286,False,0
regression_loops_posthoc__source_count90__no_favorable_group,31908,1,SS3-98-C,01_SS3-98-C_comp.jams,1187295,0,3,2,2,mixed,-0.02419459819793701,0.2237762212753296,0.3880208333333333,False,0
regression_loops_posthoc__source_count90__no_favorable_group,31918,1,SS3-98-C,01_SS3-98-C_comp.jams,1209181,2,3,2,2,correction_favored,0.059081315994262695,0.16727274656295776,0.4041193181818182,False,0
regression_loops_posthoc__source_count90__no_favorable_group,31924,1,SS3-98-C,01_SS3-98-C_comp.jams,1222069,2,2,3,2,regression_favored,-0.10390757024288177,-0.06065857410430908,0.2421875,True,1
regression_loops_posthoc__source_count90__no_favorable_group,31926,1,SS3-98-C,01_SS3-98-C_comp.jams,1226904,1,3,2,2,mixed,-0.032085567712783813,0.22899262607097626,0.3972997572815534,False,0
regression_loops_posthoc__source_count90__no_favorable_group,31936,1,SS3-98-C,01_SS3-98-C_comp.jams,1248949,1,2,4,4,mixed,-0.176384836435318,0.21141836047172546,0.08305921052631579,False,0
regression_loops_posthoc__source_count90__no_favorable_group,31939,1,SS3-98-C,01_SS3-98-C_comp.jams,1255428,2,2,3,3,mixed,-0.20759014785289764,0.00014513731002807617,0.2627840909090909,False,0
regression_loops_posthoc__source_count90__no_favorable_group,31943,1,SS3-98-C,01_SS3-98-C_comp.jams,1262875,1,2,3,3,mixed,-0.15860214829444885,0.032379791140556335,0.309375,False,0
regression_loops_posthoc__source_count90__no_favorable_group,31955,1,SS3-98-C,01_SS3-98-C_comp.jams,1289994,2,3,2,2,correction_favored,0.0003752410411834717,0.09272429347038269,0.5595703125,False,0
regression_loops_posthoc__source_count90__no_favorable_group,31958,1,SS3-98-C,01_SS3-98-C_comp.jams,1297740,3,3,2,2,mixed,-0.12998154759407043,0.14551393687725067,0.406005859375,False,0
regression_loops_posthoc__source_count90__no_favorable_group,31961,1,SS3-98-C,01_SS3-98-C_comp.jams,1304111,2,2,3,2,regression_favored,-0.20945338904857635,-0.06638073921203613,0.3609913793103448,True,1
regression_loops_posthoc__source_count90__no_favorable_group,31971,1,SS3-98-C,01_SS3-98-C_comp.jams,1324482,2,2,3,3,mixed,-0.17448125779628754,0.07115384936332703,0.24881114130434784,False,0
regression_loops_posthoc__source_count90__no_favorable_group,31980,1,SS3-98-C,01_SS3-98-C_comp.jams,1344362,1,3,2,2,mixed,-0.2130124866962433,0.03608354926109314,0.4235576923076923,False,0
regression_loops_posthoc__source_count90__no_favorable_group,31982,1,SS3-98-C,01_SS3-98-C_comp.jams,1349895,3,2,3,3,mixed,-0.2772942781448364,0.029522746801376343,0.3200892857142857,False,0
regression_loops_posthoc__source_count90__no_favorable_group,31989,1,SS3-98-C,01_SS3-98-C_comp.jams,1363630,3,2,3,2,regression_favored,-0.2018429934978485,-0.012179479002952576,0.3189484126984127,True,-1
regression_loops_posthoc__source_count90__no_favorable_group,31999,1,SS3-98-C,01_SS3-98-C_comp.jams,1384767,3,3,4,4,mixed,-0.06293705105781555,0.2746414542198181,0.31845238095238093,False,0
regression_loops_posthoc__source_count90__no_favorable_group,32006,1,SS3-98-C,01_SS3-98-C_comp.jams,1403858,1,3,2,2,mixed,-0.1539992094039917,0.16087685525417328,0.4679878048780488,False,0
regression_loops_posthoc__source_count90__no_favorable_group,32016,1,SS3-98-C,01_SS3-98-C_comp.jams,1426044,3,3,2,2,mixed,-0.010076135396957397,0.19912537932395935,0.41646161417322836,False,0
regression_loops_posthoc__source_count90__no_favorable_group,32019,1,SS3-98-C,01_SS3-98-C_comp.jams,1432403,1,3,2,2,correction_favored,0.018460333347320557,0.15376678109169006,0.6427951388888888,False,0
regression_loops_posthoc__source_count90__no_favorable_group,32022,1,SS3-98-C,01_SS3-98-C_comp.jams,1438433,2,2,3,3,mixed,-0.13974358141422272,0.0937417596578598,0.2127403846153846,False,0
regression_loops_posthoc__source_count90__no_favorable_group,32028,1,SS3-98-C,01_SS3-98-C_comp.jams,1452212,2,2,3,3,mixed,-0.22527039051055908,0.03201219439506531,0.20126146788990826,False,0
regression_loops_posthoc__source_count90__no_favorable_group,32031,1,SS3-98-C,01_SS3-98-C_comp.jams,1459428,2,3,2,3,regression_favored,-0.17410796880722046,-0.029184848070144653,0.5015432098765432,True,-1
regression_loops_posthoc__source_count90__no_favorable_group,32037,1,SS3-98-C,01_SS3-98-C_comp.jams,1472285,1,2,3,3,mixed,-0.04281783103942871,0.09126213192939758,0.3515625,False,0
regression_loops_posthoc__source_count90__no_favorable_group,32044,1,SS3-98-C,01_SS3-98-C_comp.jams,1485521,2,3,2,2,mixed,-0.1111111044883728,0.22937853634357452,0.49253048780487807,False,0
regression_loops_posthoc__source_count90__no_favorable_group,32048,1,SS3-98-C,01_SS3-98-C_comp.jams,1493560,3,4,3,4,regression_favored,-0.15237484872341156,-0.0027665793895721436,0.28365384615384615,True,-1
regression_loops_posthoc__source_count90__no_favorable_group,32061,1,SS3-98-C,01_SS3-98-C_comp.jams,1519825,2,2,3,3,mixed,-0.2141706794500351,0.06600721180438995,0.3189174107142857,False,0
regression_loops_posthoc__source_count90__no_favorable_group,32064,1,SS3-98-C,01_SS3-98-C_comp.jams,1526036,2,2,3,3,mixed,-0.14767931401729584,0.08633774518966675,0.13829787234042554,False,0
regression_loops_posthoc__source_count90__no_favorable_group,32068,1,SS3-98-C,01_SS3-98-C_comp.jams,1534148,2,2,3,2,regression_favored,-0.2257043868303299,-0.1485268771648407,0.306640625,True,1
regression_loops_posthoc__source_count90__no_favorable_group,32077,1,SS3-98-C,01_SS3-98-C_comp.jams,1553062,1,3,2,2,mixed,-0.043906569480895996,0.17647060751914978,0.48997641509433965,False,0
regression_loops_posthoc__source_count90__no_favorable_group,32087,1,SS3-98-C,01_SS3-98-C_comp.jams,1573335,3,2,3,3,mixed,-0.23934976756572723,0.06887051463127136,0.18393640350877194,False,0
regression_loops_posthoc__source_count90__no_favorable_group,32121,1,SS3-98-C,01_SS3-98-C_comp.jams,1642933,2,2,3,2,regression_favored,-0.2321460247039795,-0.011242598295211792,0.328125,True,1
regression_loops_posthoc__source_count90__no_favorable_group,32127,1,SS3-98-C,01_SS3-98-C_comp.jams,1654156,2,2,3,3,mixed,-0.10390757024288177,0.12134292721748352,0.2465277777777778,False,0
regression_loops_posthoc__source_count90__no_favorable_group,32134,1,SS3-98-C,01_SS3-98-C_comp.jams,1669021,3,2,3,3,mixed,-0.23934976756572723,0.1197691261768341,0.17640625,False,0
regression_loops_posthoc__source_count90__no_favorable_group,32137,1,SS3-98-C,01_SS3-98-C_comp.jams,1674405,3,2,3,2,regression_favored,-0.06642335653305054,-0.06642335653305054,0.40625,True,-1
regression_loops_posthoc__source_count90__no_favorable_group,32155,1,SS3-98-C,01_SS3-98-C_comp.jams,1709475,3,3,2,2,mixed,-0.06324911117553711,0.229411780834198,0.5557215073529411,False,0
regression_loops_posthoc__source_count90__no_favorable_group,32237,1,SS3-98-C,01_SS3-98-C_solo.jams,309287,1,3,2,2,correction_favored,0.0796053409576416,0.34965476393699646,0.5565655048076923,False,0
regression_loops_posthoc__source_count90__no_favorable_group,33419,1,BN3-154-E,02_BN3-154-E_comp.jams,164082,2,3,2,3,regression_favored,-0.2830967605113983,-0.01376369595527649,0.2649793388429752,True,-1
regression_loops_posthoc__source_count90__no_favorable_group,33429,1,BN3-154-E,02_BN3-154-E_comp.jams,189465,1,3,2,2,mixed,-0.263969749212265,0.12878787517547607,0.19632227891156462,False,0
regression_loops_posthoc__source_count90__no_favorable_group,33498,1,BN3-154-E,02_BN3-154-E_comp.jams,394770,2,3,2,2,mixed,-0.14699923992156982,0.23076923191547394,0.40588662790697677,False,0
regression_loops_posthoc__source_count90__no_favorable_group,33542,1,BN3-154-E,02_BN3-154-E_comp.jams,515650,3,3,2,2,mixed,-0.13920269906520844,0.09803922474384308,0.5111053719008265,False,0
regression_loops_posthoc__source_count90__no_favorable_group,33551,1,BN3-154-E,02_BN3-154-E_comp.jams,533993,3,3,2,2,mixed,-0.061904773116111755,0.07888232171535492,0.6991112385321101,False,0
regression_loops_posthoc__source_count90__no_favorable_group,33556,1,BN3-154-E,02_BN3-154-E_comp.jams,551628,3,3,2,3,regression_favored,-0.2207573652267456,-0.004814863204956055,0.3061266447368421,True,1
regression_loops_posthoc__source_count90__no_favorable_group,33645,1,BN3-154-E,02_BN3-154-E_comp.jams,782443,2,4,3,3,mixed,-0.2765389084815979,0.10519126057624817,0.46589781746031744,False,0
regression_loops_posthoc__source_count90__no_favorable_group,33683,1,BN3-154-E,02_BN3-154-E_comp.jams,893805,3,4,2,2,mixed,-0.15132497251033783,0.2617218494415283,0.2659298780487805,False,0
regression_loops_posthoc__source_count90__no_favorable_group,33722,1,BN3-154-E,02_BN3-154-E_comp.jams,1002509,3,3,2,2,mixed,-0.24174213409423828,0.1641097217798233,0.5820057189542484,False,0
regression_loops_posthoc__source_count90__no_favorable_group,33734,1,BN3-154-E,02_BN3-154-E_comp.jams,1040594,3,3,2,3,regression_favored,-0.2894911766052246,-0.038206636905670166,0.3616727941176471,True,1
regression_loops_posthoc__source_count90__no_favorable_group,35027,1,Funk2-119-G,02_Funk2-119-G_comp.jams,311111,2,4,3,3,correction_favored,0.044299185276031494,0.3122529983520508,0.6248282967032966,False,0
regression_loops_posthoc__source_count90__no_favorable_group,35069,1,Funk2-119-G,02_Funk2-119-G_comp.jams,490048,3,4,3,3,mixed,-0.08628213405609131,0.31590908765792847,0.6827256944444444,False,0
regression_loops_posthoc__source_count90__no_favorable_group,35115,1,Funk2-119-G,02_Funk2-119-G_comp.jams,623155,2,3,2,2,mixed,-0.11712393164634705,0.08890664577484131,0.3168402777777778,False,0
regression_loops_posthoc__source_count90__no_favorable_group,35513,1,Funk3-112-C#,02_Funk3-112-C#_comp.jams,7,3,3,4,4,correction_favored,0.12065726518630981,0.32282766699790955,0.3532608695652174,False,0
regression_loops_posthoc__source_count90__no_favorable_group,35533,1,Funk3-112-C#,02_Funk3-112-C#_comp.jams,72954,3,2,3,3,mixed,-0.2085661143064499,0.21576577425003052,0.4117063492063492,False,0
regression_loops_posthoc__source_count90__no_favorable_group,35545,1,Funk3-112-C#,02_Funk3-112-C#_comp.jams,118534,3,3,2,3,regression_favored,-0.22193507850170135,-0.22193507850170135,0.453125,True,1
regression_loops_posthoc__source_count90__no_favorable_group,35583,1,Funk3-112-C#,02_Funk3-112-C#_comp.jams,310342,2,2,3,2,regression_favored,-0.31905606389045715,-0.060374915599823,0.3485991379310345,True,1
regression_loops_posthoc__source_count90__no_favorable_group,35596,1,Funk3-112-C#,02_Funk3-112-C#_comp.jams,378688,2,2,3,3,mixed,-0.20102056860923767,0.1861187219619751,0.500309405940594,False,0
regression_loops_posthoc__source_count90__no_favorable_group,35616,1,Funk3-112-C#,02_Funk3-112-C#_comp.jams,437999,2,2,4,4,mixed,-0.16339869797229767,0.03535352647304535,0.10011574074074074,False,0
regression_loops_posthoc__source_count90__no_favorable_group,35644,1,Funk3-112-C#,02_Funk3-112-C#_comp.jams,514596,1,2,3,3,mixed,-0.30420172214508057,0.05614784359931946,0.24128605769230768,False,0
regression_loops_posthoc__source_count90__no_favorable_group,35664,1,Funk3-112-C#,02_Funk3-112-C#_comp.jams,607344,2,3,2,2,mixed,-0.08429118990898132,0.16730768978595734,0.2699652777777778,False,0
regression_loops_posthoc__source_count90__no_favorable_group,35765,1,Funk3-112-C#,02_Funk3-112-C#_comp.jams,1039257,1,2,3,3,mixed,-0.1668994426727295,0.22959697246551514,0.4696344339622642,False,0
regression_loops_posthoc__source_count90__no_favorable_group,35782,1,Funk3-112-C#,02_Funk3-112-C#_comp.jams,1133222,2,2,3,3,mixed,-0.13652074337005615,0.13245034217834473,0.45515752032520324,False,0
regression_loops_posthoc__source_count90__no_favorable_group,35802,1,Funk3-112-C#,02_Funk3-112-C#_comp.jams,1193843,2,2,3,3,mixed,-0.37942203879356384,0.0914807915687561,0.33271329365079366,False,0
regression_loops_posthoc__source_count90__no_favorable_group,35857,1,Funk3-112-C#,02_Funk3-112-C#_comp.jams,1347223,2,2,3,3,mixed,-0.27603238821029663,0.015176206827163696,0.3650968309859155,False,0
regression_loops_posthoc__source_count90__no_favorable_group,35977,1,Funk3-112-C#,02_Funk3-112-C#_solo.jams,414204,2,4,2,2,mixed,-0.1508975476026535,0.24722221493721008,0.44938858695652173,False,0
regression_loops_posthoc__source_count90__no_favorable_group,35996,1,Funk3-112-C#,02_Funk3-112-C#_solo.jams,509533,2,4,2,2,mixed,-0.24175824224948883,0.21842104196548462,0.26291322314049587,False,0
regression_loops_posthoc__source_count90__no_favorable_group,36014,1,Funk3-112-C#,02_Funk3-112-C#_solo.jams,591370,2,4,2,2,mixed,-0.17325274646282196,0.2818532884120941,0.3775921658986175,False,0
regression_loops_posthoc__source_count90__no_favorable_group,36026,1,Funk3-112-C#,02_Funk3-112-C#_solo.jams,627755,2,4,2,2,mixed,-0.17084942758083344,0.29411762952804565,0.26186963519313305,False,0
regression_loops_posthoc__source_count90__no_favorable_group,36037,1,Funk3-112-C#,02_Funk3-112-C#_solo.jams,757929,2,3,2,2,mixed,-0.14654803276062012,0.09464922547340393,0.5261390186915887,False,0
regression_loops_posthoc__source_count90__no_favorable_group,36069,1,Funk3-112-C#,02_Funk3-112-C#_solo.jams,920454,2,3,2,2,mixed,-0.0016153156757354736,0.21028724312782288,0.4747740963855422,False,0
regression_loops_posthoc__source_count90__no_favorable_group,36125,1,Funk3-112-C#,02_Funk3-112-C#_solo.jams,1134019,2,4,2,2,mixed,-0.08389119803905487,0.2950310707092285,0.19053030303030302,False,0
regression_loops_posthoc__source_count90__no_favorable_group,36145,1,Funk3-112-C#,02_Funk3-112-C#_solo.jams,1193453,2,4,3,3,mixed,-0.04126986861228943,0.142011821269989,0.392578125,False,0
regression_loops_posthoc__source_count90__no_favorable_group,36161,1,Funk3-112-C#,02_Funk3-112-C#_solo.jams,1261104,1,4,2,2,mixed,-0.14444655179977417,0.20372094213962555,0.29388297872340424,False,0
regression_loops_posthoc__source_count90__no_favorable_group,36163,1,Funk3-112-C#,02_Funk3-112-C#_solo.jams,1287825,2,2,3,2,regression_favored,-0.10989111661911011,-0.010129034519195557,0.4875,True,1
regression_loops_posthoc__source_count90__no_favorable_group,36166,1,Funk3-112-C#,02_Funk3-112-C#_solo.jams,1311287,1,3,2,2,mixed,-0.1460045576095581,0.05886617302894592,0.4365131578947368,False,0
regression_loops_posthoc__source_count90__no_favorable_group,36183,1,Funk3-112-C#,02_Funk3-112-C#_solo.jams,1383475,1,3,2,2,mixed,-0.11809268593788147,0.15330150723457336,0.2839395491803279,False,0
regression_loops_posthoc__source_count90__no_favorable_group,36191,1,Funk3-112-C#,02_Funk3-112-C#_solo.jams,1430274,2,3,2,2,mixed,-0.10877618193626404,0.2193732112646103,0.5828001968503937,False,0
regression_loops_posthoc__source_count90__no_favorable_group,36213,1,Funk3-112-C#,02_Funk3-112-C#_solo.jams,1487838,2,2,3,3,mixed,-0.04864567518234253,0.22188806533813477,0.3252840909090909,False,0
regression_loops_posthoc__source_count90__no_favorable_group,46574,1,SS3-98-C,02_SS3-98-C_comp.jams,24986,2,3,2,2,mixed,-0.1428571343421936,0.2222222238779068,0.20355113636363636,False,0
regression_loops_posthoc__source_count90__no_favorable_group,46588,1,SS3-98-C,02_SS3-98-C_comp.jams,68564,2,2,3,3,mixed,-0.34343433380126953,0.15717801451683044,0.4594655797101449,False,0
regression_loops_posthoc__source_count90__no_favorable_group,46591,1,SS3-98-C,02_SS3-98-C_comp.jams,81257,3,3,4,4,mixed,-0.33681315183639526,0.18318966031074524,0.18774801587301587,False,0
regression_loops_posthoc__source_count90__no_favorable_group,46613,1,SS3-98-C,02_SS3-98-C_comp.jams,134425,3,3,2,2,mixed,-0.17326733469963074,0.16502682864665985,0.32286352040816324,False,0
regression_loops_posthoc__source_count90__no_favorable_group,46620,1,SS3-98-C,02_SS3-98-C_comp.jams,148696,3,2,3,3,mixed,-0.009769588708877563,0.20326340198516846,0.3053977272727273,False,0
regression_loops_posthoc__source_count90__no_favorable_group,46628,1,SS3-98-C,02_SS3-98-C_comp.jams,177169,2,2,3,3,mixed,-0.1090908944606781,0.20282667875289917,0.4083333333333333,False,0
regression_loops_posthoc__source_count90__no_favorable_group,46722,1,SS3-98-C,02_SS3-98-C_comp.jams,419993,2,3,2,2,mixed,-0.03535684943199158,0.21568627655506134,0.351,False,0
regression_loops_posthoc__source_count90__no_favorable_group,46743,1,SS3-98-C,02_SS3-98-C_comp.jams,472022,3,2,3,3,mixed,-0.25672876834869385,0.043205589056015015,0.4142775229357798,False,0
regression_loops_posthoc__source_count90__no_favorable_group,46751,1,SS3-98-C,02_SS3-98-C_comp.jams,499263,2,2,3,3,mixed,-0.1840062141418457,0.06777629256248474,0.2888719512195122,False,0
regression_loops_posthoc__source_count90__no_favorable_group,46774,1,SS3-98-C,02_SS3-98-C_comp.jams,553935,3,2,3,3,mixed,-0.4219313859939575,0.02457103133201599,0.18770292207792208,False,0
regression_loops_posthoc__source_count90__no_favorable_group,46830,1,SS3-98-C,02_SS3-98-C_comp.jams,688029,3,2,3,2,regression_favored,-0.27795031666755676,-0.029439687728881836,0.27901785714285715,True,-1
regression_loops_posthoc__source_count90__no_favorable_group,46901,1,SS3-98-C,02_SS3-98-C_comp.jams,865360,3,3,2,2,mixed,-0.25135791301727295,0.12179487943649292,0.5679209183673469,False,0
regression_loops_posthoc__source_count90__no_favorable_group,46955,1,SS3-98-C,02_SS3-98-C_comp.jams,1013859,3,2,3,3,mixed,-0.11434978246688843,0.0868978202342987,0.08258928571428571,False,0
regression_loops_posthoc__source_count90__no_favorable_group,46988,1,SS3-98-C,02_SS3-98-C_comp.jams,1093265,3,2,3,3,mixed,-0.16928571462631226,0.06336086988449097,0.13035714285714287,False,0
regression_loops_posthoc__source_count90__no_favorable_group,47008,1,SS3-98-C,02_SS3-98-C_comp.jams,1147894,2,2,3,3,mixed,-0.3405529856681824,0.007469654083251953,0.31919642857142855,False,0
regression_loops_posthoc__source_count90__no_favorable_group,47039,1,SS3-98-C,02_SS3-98-C_comp.jams,1227569,2,3,2,2,mixed,-0.04966270923614502,0.523809552192688,0.5125651041666667,False,0
regression_loops_posthoc__source_count90__no_favorable_group,47059,1,SS3-98-C,02_SS3-98-C_comp.jams,1278497,2,3,2,2,mixed,-0.11349105834960938,0.0036528408527374268,0.5431640625,False,0
regression_loops_posthoc__source_count90__no_favorable_group,47123,1,SS3-98-C,02_SS3-98-C_comp.jams,1444022,3,3,4,4,mixed,-0.24856440722942352,0.17073170840740204,0.2248263888888889,False,0
regression_loops_posthoc__source_count90__no_favorable_group,47154,1,SS3-98-C,02_SS3-98-C_comp.jams,1538576,3,4,2,2,mixed,-0.2228984385728836,0.34512507915496826,0.17006714876033058,False,0
regression_loops_posthoc__source_count90__no_favorable_group,47168,1,SS3-98-C,02_SS3-98-C_comp.jams,1579622,3,2,3,3,mixed,-0.27272728085517883,0.18095239996910095,0.412148178807947,False,0
regression_loops_posthoc__source_count90__no_favorable_group,47227,1,SS3-98-C,02_SS3-98-C_comp.jams,1710839,2,3,2,2,mixed,-0.08607044816017151,0.042301177978515625,0.5525056306306306,False,0
regression_loops_posthoc__source_count90__no_favorable_group,48419,1,BN3-154-E,03_BN3-154-E_comp.jams,216725,3,4,3,3,correction_favored,0.06209948658943176,0.377136766910553,0.5473214285714286,False,0
regression_loops_posthoc__source_count90__no_favorable_group,48471,1,BN3-154-E,03_BN3-154-E_comp.jams,508976,1,3,2,2,mixed,-0.20189520716667175,0.036874204874038696,0.41360294117647056,False,0
regression_loops_posthoc__source_count90__no_favorable_group,48515,1,BN3-154-E,03_BN3-154-E_comp.jams,704467,3,3,2,3,regression_favored,-0.2920556664466858,-0.03951570391654968,0.20847039473684212,True,1
regression_loops_posthoc__source_count90__no_favorable_group,48534,1,BN3-154-E,03_BN3-154-E_comp.jams,792959,3,4,3,3,mixed,-0.0054555535316467285,0.13789579272270203,0.51,False,0
regression_loops_posthoc__source_count90__no_favorable_group,48551,1,BN3-154-E,03_BN3-154-E_comp.jams,868440,3,3,2,2,mixed,-0.2624284625053406,0.24285712838172913,0.4159458705357143,False,0
regression_loops_posthoc__source_count90__no_favorable_group,48567,1,BN3-154-E,03_BN3-154-E_comp.jams,945682,4,4,2,2,mixed,-0.20598646998405457,0.3178294599056244,0.17134661835748793,False,0
regression_loops_posthoc__source_count90__no_favorable_group,49733,1,Funk2-119-G,03_Funk2-119-G_comp.jams,40611,2,3,2,2,mixed,-0.08466190099716187,0.2222222238779068,0.3936820652173913,False,0
regression_loops_posthoc__source_count90__no_favorable_group,49736,1,Funk2-119-G,03_Funk2-119-G_comp.jams,56685,3,4,2,2,correction_favored,0.17474490404129028,0.2100054919719696,0.07421875,False,0
regression_loops_posthoc__source_count90__no_favorable_group,49740,1,Funk2-119-G,03_Funk2-119-G_comp.jams,100394,3,4,3,3,mixed,-0.13700705766677856,0.26923078298568726,0.5491929945054945,False,0
regression_loops_posthoc__source_count90__no_favorable_group,49743,1,Funk2-119-G,03_Funk2-119-G_comp.jams,110976,3,3,2,2,mixed,-0.10760869085788727,0.20241212844848633,0.4667207792207792,False,0
regression_loops_posthoc__source_count90__no_favorable_group,49754,1,Funk2-119-G,03_Funk2-119-G_comp.jams,178089,3,2,3,3,mixed,-0.21878108382225037,0.2551724314689636,0.3342548076923077,False,0
regression_loops_posthoc__source_count90__no_favorable_group,49767,1,Funk2-119-G,03_Funk2-119-G_comp.jams,222871,4,4,3,3,mixed,-0.11816823482513428,0.013189047574996948,0.7179445876288659,False,0
regression_loops_posthoc__source_count90__no_favorable_group,49774,1,Funk2-119-G,03_Funk2-119-G_comp.jams,266843,4,4,3,3,mixed,-0.06953254342079163,0.6785714030265808,0.5296285377358491,False,0
regression_loops_posthoc__source_count90__no_favorable_group,49816,1,Funk2-119-G,03_Funk2-119-G_comp.jams,445021,4,4,3,3,mixed,-0.08818680047988892,0.4285714030265808,0.4679144385026738,False,0
regression_loops_posthoc__source_count90__no_favorable_group,49849,1,Funk2-119-G,03_Funk2-119-G_comp.jams,580350,2,3,2,2,mixed,-0.2519395053386688,0.04010024666786194,0.5454661885245902,False,0
regression_loops_posthoc__source_count90__no_favorable_group,49864,1,Funk2-119-G,03_Funk2-119-G_comp.jams,662669,3,3,2,2,mixed,-0.23356010019779205,0.20000000298023224,0.39593908629441626,False,0
regression_loops_posthoc__source_count90__no_favorable_group,49871,1,Funk2-119-G,03_Funk2-119-G_comp.jams,731903,2,2,3,2,regression_favored,-0.21778205037117004,-0.21778205037117004,0.296875,True,1
regression_loops_posthoc__source_count90__no_favorable_group,49900,1,Funk2-119-G,03_Funk2-119-G_comp.jams,909339,1,2,3,3,mixed,-0.03974360227584839,0.018234163522720337,0.18229166666666666,False,0
regression_loops_posthoc__source_count90__no_favorable_group,49930,1,Funk2-119-G,03_Funk2-119-G_comp.jams,1111001,2,3,2,2,mixed,-0.17625418305397034,0.11529916524887085,0.416015625,False,0
regression_loops_posthoc__source_count90__no_favorable_group,49979,1,Funk2-119-G,03_Funk2-119-G_comp.jams,1262977,2,3,2,2,mixed,-0.07828283309936523,0.1874125897884369,0.45681594488188976,False,0
regression_loops_posthoc__source_count90__no_favorable_group,50025,1,Funk2-119-G,03_Funk2-119-G_comp.jams,1393989,2,3,2,3,regression_favored,-0.3171239495277405,-0.029930323362350464,0.24067540322580644,True,-1
regression_loops_posthoc__source_count90__no_favorable_group,50229,1,Funk3-112-C#,03_Funk3-112-C#_comp.jams,271912,1,3,2,2,mixed,-0.2117357850074768,0.12177987396717072,0.4593978102189781,False,0
regression_loops_posthoc__source_count90__no_favorable_group,50235,1,Funk3-112-C#,03_Funk3-112-C#_comp.jams,283869,3,4,3,3,mixed,-0.1033971905708313,0.08623549342155457,0.7469308035714286,False,0
regression_loops_posthoc__source_count90__no_favorable_group,50249,1,Funk3-112-C#,03_Funk3-112-C#_comp.jams,318459,2,4,3,3,mixed,-0.1568068563938141,0.3619047999382019,0.530688622754491,False,0
regression_loops_posthoc__source_count90__no_favorable_group,50261,1,Funk3-112-C#,03_Funk3-112-C#_comp.jams,341990,1,3,2,3,regression_favored,-0.1792420595884323,-0.037428632378578186,0.6959134615384616,True,0
regression_loops_posthoc__source_count90__no_favorable_group,50294,1,Funk3-112-C#,03_Funk3-112-C#_comp.jams,455800,2,3,2,3,regression_favored,-0.1122806966304779,-0.07069852948188782,0.240625,True,-1
regression_loops_posthoc__source_count90__no_favorable_group,50307,1,Funk3-112-C#,03_Funk3-112-C#_comp.jams,508216,0,3,2,2,mixed,-0.1497005969285965,0.14818182587623596,0.5212696335078534,False,0
regression_loops_posthoc__source_count90__no_favorable_group,50349,1,Funk3-112-C#,03_Funk3-112-C#_comp.jams,710144,2,4,2,2,mixed,-0.0490168035030365,0.4694167971611023,0.3912133891213389,False,0
regression_loops_posthoc__source_count90__no_favorable_group,50365,1,Funk3-112-C#,03_Funk3-112-C#_comp.jams,768605,2,2,3,2,regression_favored,-0.23701441287994385,-0.06596249341964722,0.33515625,True,1
regression_loops_posthoc__source_count90__no_favorable_group,50395,1,Funk3-112-C#,03_Funk3-112-C#_comp.jams,898712,2,4,2,2,mixed,-0.08376249670982361,0.44864338636398315,0.3213778409090909,False,0
regression_loops_posthoc__source_count90__no_favorable_group,50430,1,Funk3-112-C#,03_Funk3-112-C#_comp.jams,1039491,4,4,3,3,mixed,-0.08064350485801697,0.4153846502304077,0.5224184782608695,False,0
regression_loops_posthoc__source_count90__no_favorable_group,50444,1,Funk3-112-C#,03_Funk3-112-C#_comp.jams,1083275,2,3,2,2,mixed,-0.008077383041381836,0.18216785788536072,0.38885309278350516,False,0
regression_loops_posthoc__source_count90__no_favorable_group,50479,1,Funk3-112-C#,03_Funk3-112-C#_comp.jams,1251899,3,4,3,3,mixed,-0.16115570068359375,0.10192972421646118,0.5543402777777777,False,0
regression_loops_posthoc__source_count90__no_favorable_group,50492,1,Funk3-112-C#,03_Funk3-112-C#_comp.jams,1288846,2,2,3,2,regression_favored,-0.38063907623291016,-0.09214091300964355,0.20572916666666666,True,1
regression_loops_posthoc__source_count90__no_favorable_group,50511,1,Funk3-112-C#,03_Funk3-112-C#_comp.jams,1381913,2,3,4,4,mixed,-0.12399998307228088,0.17878788709640503,0.1841896186440678,False,0
regression_loops_posthoc__source_count90__no_favorable_group,50516,1,Funk3-112-C#,03_Funk3-112-C#_comp.jams,1405982,2,3,4,4,correction_favored,0.008657991886138916,0.2921764850616455,0.22265625,False,0
regression_loops_posthoc__source_count90__no_favorable_group,50689,1,Funk3-112-C#,03_Funk3-112-C#_solo.jams,1417257,1,2,3,2,regression_favored,-0.3095319867134094,-0.3095319867134094,0.34375,True,0
regression_loops_posthoc__source_count90__no_favorable_group,60035,1,SS3-98-C,03_SS3-98-C_comp.jams,77497,0,3,2,2,correction_favored,0.016678929328918457,0.22937853634357452,0.5619212962962963,False,0
regression_loops_posthoc__source_count90__no_favorable_group,60066,1,SS3-98-C,03_SS3-98-C_comp.jams,143628,3,3,2,2,mixed,-0.07316279411315918,0.059081315994262695,0.5212628865979382,False,0
regression_loops_posthoc__source_count90__no_favorable_group,60076,1,SS3-98-C,03_SS3-98-C_comp.jams,163276,3,3,2,3,regression_favored,-0.2599073648452759,-0.09323528409004211,0.1609375,True,1
regression_loops_posthoc__source_count90__no_favorable_group,60086,1,SS3-98-C,03_SS3-98-C_comp.jams,183783,3,4,2,2,mixed,-0.14061394333839417,0.2927400469779968,0.38311011904761905,False,0
regression_loops_posthoc__source_count90__no_favorable_group,60118,1,SS3-98-C,03_SS3-98-C_comp.jams,269915,1,3,2,2,mixed,-0.00047129392623901367,0.17542384564876556,0.4475556930693069,False,0
regression_loops_posthoc__source_count90__no_favorable_group,60128,1,SS3-98-C,03_SS3-98-C_comp.jams,291541,3,4,3,4,regression_favored,-0.12282675504684448,-0.004113525152206421,0.3385416666666667,True,-1
regression_loops_posthoc__source_count90__no_favorable_group,60148,1,SS3-98-C,03_SS3-98-C_comp.jams,336945,3,2,3,2,regression_favored,-0.3830134868621826,-0.06465515494346619,0.27471823770491804,True,-1
regression_loops_posthoc__source_count90__no_favorable_group,60185,1,SS3-98-C,03_SS3-98-C_comp.jams,413708,2,2,3,3,mixed,-0.061607152223587036,0.1689128577709198,0.1484375,False,0
regression_loops_posthoc__source_count90__no_favorable_group,60206,1,SS3-98-C,03_SS3-98-C_comp.jams,466680,3,3,2,2,mixed,-0.0026141703128814697,0.17500922083854675,0.484375,False,0
regression_loops_posthoc__source_count90__no_favorable_group,60242,1,SS3-98-C,03_SS3-98-C_comp.jams,552609,2,3,2,2,mixed,-0.11662715673446655,0.1401769518852234,0.4764404296875,False,0
regression_loops_posthoc__source_count90__no_favorable_group,60253,1,SS3-98-C,03_SS3-98-C_comp.jams,573823,3,2,3,3,mixed,-0.10762330889701843,0.16849815845489502,0.1328125,False,0
regression_loops_posthoc__source_count90__no_favorable_group,60254,1,SS3-98-C,03_SS3-98-C_comp.jams,575802,0,2,3,3,mixed,-0.14147982001304626,0.10881543159484863,0.140625,False,0
regression_loops_posthoc__source_count90__no_favorable_group,60324,1,SS3-98-C,03_SS3-98-C_comp.jams,727753,2,3,2,2,mixed,-0.0788334310054779,0.2801966071128845,0.4293785310734463,False,0
regression_loops_posthoc__source_count90__no_favorable_group,60343,1,SS3-98-C,03_SS3-98-C_comp.jams,769446,3,3,2,3,regression_favored,-0.2595710754394531,-0.07458823919296265,0.24048913043478262,True,1
regression_loops_posthoc__source_count90__no_favorable_group,60352,1,SS3-98-C,03_SS3-98-C_comp.jams,789562,3,3,2,2,mixed,-0.08242367208003998,0.2254117727279663,0.2530757874015748,False,0
regression_loops_posthoc__source_count90__no_favorable_group,60370,1,SS3-98-C,03_SS3-98-C_comp.jams,829641,3,4,2,2,mixed,-0.21133975684642792,0.4315245449542999,0.19578931924882628,False,0
regression_loops_posthoc__source_count90__no_favorable_group,60377,1,SS3-98-C,03_SS3-98-C_comp.jams,843408,1,2,3,3,mixed,-0.1194295883178711,0.26904207468032837,0.16927083333333334,False,0
regression_loops_posthoc__source_count90__no_favorable_group,60381,1,SS3-98-C,03_SS3-98-C_comp.jams,851044,2,3,2,2,mixed,-0.0362706184387207,0.2368420958518982,0.3565066425120773,False,0
regression_loops_posthoc__source_count90__no_favorable_group,60392,1,SS3-98-C,03_SS3-98-C_comp.jams,877533,4,3,4,4,mixed,-0.03506019711494446,0.30025893449783325,0.24553571428571427,False,0
regression_loops_posthoc__source_count90__no_favorable_group,60402,1,SS3-98-C,03_SS3-98-C_comp.jams,897095,2,3,2,2,mixed,-0.09142658114433289,0.11839480698108673,0.5744047619047619,False,0
regression_loops_posthoc__source_count90__no_favorable_group,60406,1,SS3-98-C,03_SS3-98-C_comp.jams,905217,2,3,4,4,mixed,-0.14434783160686493,0.1306818127632141,0.33719308035714285,False,0
regression_loops_posthoc__source_count90__no_favorable_group,60411,1,SS3-98-C,03_SS3-98-C_comp.jams,917013,1,3,2,2,mixed,-0.039788663387298584,0.12009802460670471,0.4444986979166667,False,0
regression_loops_posthoc__source_count90__no_favorable_group,60417,1,SS3-98-C,03_SS3-98-C_comp.jams,930791,1,3,2,2,mixed,-0.07067824900150299,0.11307112872600555,0.7602163461538461,False,0
regression_loops_posthoc__source_count90__no_favorable_group,60421,1,SS3-98-C,03_SS3-98-C_comp.jams,939419,3,3,2,3,regression_favored,-0.26285478472709656,-0.035517096519470215,0.30386029411764703,True,1
regression_loops_posthoc__source_count90__no_favorable_group,60427,1,SS3-98-C,03_SS3-98-C_comp.jams,951592,1,3,4,4,correction_favored,0.0047449469566345215,0.24135157465934753,0.31167763157894735,False,0
regression_loops_posthoc__source_count90__no_favorable_group,60428,1,SS3-98-C,03_SS3-98-C_comp.jams,953499,2,3,2,2,mixed,-0.13273753225803375,0.041999369859695435,0.5242883663366337,False,0
regression_loops_posthoc__source_count90__no_favorable_group,60431,1,SS3-98-C,03_SS3-98-C_comp.jams,959341,2,3,2,2,mixed,-0.17516867816448212,0.07727273553609848,0.5172155688622755,False,0
regression_loops_posthoc__source_count90__no_favorable_group,60434,1,SS3-98-C,03_SS3-98-C_comp.jams,965444,2,3,2,2,correction_favored,0.04435986280441284,0.19230768084526062,0.46950200534759357,False,0
regression_loops_posthoc__source_count90__no_favorable_group,60435,1,SS3-98-C,03_SS3-98-C_comp.jams,967217,0,3,2,2,mixed,-0.11229294538497925,0.07047146558761597,0.5479254201680672,False,0
regression_loops_posthoc__source_count90__no_favorable_group,60442,1,SS3-98-C,03_SS3-98-C_comp.jams,984365,2,3,2,2,mixed,-0.08221118152141571,0.11813187599182129,0.4916834677419355,False,0
regression_loops_posthoc__source_count90__no_favorable_group,60443,1,SS3-98-C,03_SS3-98-C_comp.jams,986573,3,4,2,2,mixed,-0.179406076669693,0.38449612259864807,0.14888649425287356,False,0
regression_loops_posthoc__source_count90__no_favorable_group,60473,1,SS3-98-C,03_SS3-98-C_comp.jams,1060828,2,3,2,2,mixed,-0.03972497582435608,0.21932773292064667,0.277551775147929,False,0
regression_loops_posthoc__source_count90__no_favorable_group,60514,1,SS3-98-C,03_SS3-98-C_comp.jams,1168999,2,3,4,4,mixed,-0.140382319688797,0.103515625,0.18359375,False,0
regression_loops_posthoc__source_count90__no_favorable_group,60537,1,SS3-98-C,03_SS3-98-C_comp.jams,1227862,3,3,2,2,mixed,-0.08037915825843811,0.17812252044677734,0.5131048387096774,False,0
regression_loops_posthoc__source_count90__no_favorable_group,60544,1,SS3-98-C,03_SS3-98-C_comp.jams,1243332,3,4,3,3,mixed,-0.060699284076690674,0.232827827334404,0.14583333333333334,False,0
regression_loops_posthoc__source_count90__no_favorable_group,60551,1,SS3-98-C,03_SS3-98-C_comp.jams,1257706,3,2,3,3,mixed,-0.17011277377605438,0.23333334922790527,0.14309210526315788,False,0
regression_loops_posthoc__source_count90__no_favorable_group,60560,1,SS3-98-C,03_SS3-98-C_comp.jams,1278036,2,4,3,3,mixed,-0.1607142835855484,0.22073578834533691,0.25901003649635035,False,0
regression_loops_posthoc__source_count90__no_favorable_group,60564,1,SS3-98-C,03_SS3-98-C_comp.jams,1297268,2,4,2,2,mixed,-0.03921222686767578,0.45737704634666443,0.30330300632911394,False,0
regression_loops_posthoc__source_count90__no_favorable_group,60579,1,SS3-98-C,03_SS3-98-C_comp.jams,1329587,3,3,2,2,correction_favored,0.013550132513046265,0.13738682866096497,0.4352083333333333,False,0
regression_loops_posthoc__source_count90__no_favorable_group,60584,1,SS3-98-C,03_SS3-98-C_comp.jams,1349453,2,4,2,2,correction_favored,0.10256411135196686,0.47930285334587097,0.20819444444444443,False,0
regression_loops_posthoc__source_count90__no_favorable_group,60600,1,SS3-98-C,03_SS3-98-C_comp.jams,1384679,2,4,3,3,mixed,-0.0377410352230072,0.24987752735614777,0.26746323529411764,False,0
regression_loops_posthoc__source_count90__no_favorable_group,60609,1,SS3-98-C,03_SS3-98-C_comp.jams,1417092,2,3,2,2,correction_favored,0.023445844650268555,0.1470116376876831,0.5515046296296297,False,0
regression_loops_posthoc__source_count90__no_favorable_group,60610,1,SS3-98-C,03_SS3-98-C_comp.jams,1418892,2,3,2,2,mixed,-0.1605088859796524,0.08599066734313965,0.3,False,0
regression_loops_posthoc__source_count90__no_favorable_group,60615,1,SS3-98-C,03_SS3-98-C_comp.jams,1428469,0,3,2,2,mixed,-0.08080807328224182,0.2023928314447403,0.627428756476684,False,0
regression_loops_posthoc__source_count90__no_favorable_group,60641,1,SS3-98-C,03_SS3-98-C_comp.jams,1479853,2,3,2,2,mixed,-0.07054710388183594,0.1663603037595749,0.42728838582677164,False,0
regression_loops_posthoc__source_count90__no_favorable_group,60648,1,SS3-98-C,03_SS3-98-C_comp.jams,1493205,2,3,4,4,correction_favored,0.15776868164539337,0.32952380180358887,0.27395833333333336,False,0
regression_loops_posthoc__source_count90__no_favorable_group,60701,1,SS3-98-C,03_SS3-98-C_comp.jams,1632922,3,2,3,3,mixed,-0.14147983491420746,0.17252089083194733,0.16370192307692308,False,0
regression_loops_posthoc__source_count90__no_favorable_group,60716,1,SS3-98-C,03_SS3-98-C_comp.jams,1661630,3,3,2,2,mixed,-0.10475949943065643,0.027876630425453186,0.6153971354166666,False,0
regression_loops_posthoc__source_count90__no_favorable_group,60722,1,SS3-98-C,03_SS3-98-C_comp.jams,1673780,1,3,2,2,mixed,-0.029793739318847656,0.21348313987255096,0.4297935520361991,False,0
regression_loops_posthoc__source_count90__no_favorable_group,60729,1,SS3-98-C,03_SS3-98-C_comp.jams,1688044,1,3,2,2,mixed,-0.13540063798427582,0.18191488087177277,0.4094387755102041,False,0
regression_loops_posthoc__source_count90__no_favorable_group,60734,1,SS3-98-C,03_SS3-98-C_comp.jams,1697675,2,3,2,2,mixed,-0.17469708621501923,0.1066666692495346,0.512396694214876,False,0
regression_loops_posthoc__source_count90__no_favorable_group,60741,1,SS3-98-C,03_SS3-98-C_comp.jams,1712973,2,3,2,2,mixed,-0.12012012302875519,0.08290818333625793,0.3793478260869565,False,0
regression_loops_posthoc__source_count90__no_favorable_group,61680,1,BN3-154-E,04_BN3-154-E_comp.jams,8,0,3,2,2,correction_favored,0.023996010422706604,0.2659379839897156,0.19196428571428573,False,0
regression_loops_posthoc__source_count90__no_favorable_group,61700,1,BN3-154-E,04_BN3-154-E_comp.jams,59914,4,4,3,3,mixed,-0.030653804540634155,0.09244295954704285,0.31893382352941174,False,0
regression_loops_posthoc__source_count90__no_favorable_group,61709,1,BN3-154-E,04_BN3-154-E_comp.jams,78252,3,3,2,2,mixed,-0.020232468843460083,0.6000000238418579,0.5447789634146342,False,0
regression_loops_posthoc__source_count90__no_favorable_group,61721,1,BN3-154-E,04_BN3-154-E_comp.jams,136876,3,3,2,2,correction_favored,0.0855478048324585,0.27657550573349,0.2734375,False,0
regression_loops_posthoc__source_count90__no_favorable_group,61725,1,BN3-154-E,04_BN3-154-E_comp.jams,155603,3,4,3,3,mixed,-0.09639698266983032,0.10819670557975769,0.491796875,False,0
regression_loops_posthoc__source_count90__no_favorable_group,61748,1,BN3-154-E,04_BN3-154-E_comp.jams,215701,3,3,2,2,mixed,-0.22665026783943176,0.2350427508354187,0.46282327586206895,False,0
regression_loops_posthoc__source_count90__no_favorable_group,61765,1,BN3-154-E,04_BN3-154-E_comp.jams,292950,1,4,2,2,mixed,-0.06569115817546844,0.29206350445747375,0.25179425837320574,False,0
regression_loops_posthoc__source_count90__no_favorable_group,61820,1,BN3-154-E,04_BN3-154-E_comp.jams,496355,0,3,2,2,mixed,-0.04855071008205414,0.3352002799510956,0.24116071428571428,False,0
regression_loops_posthoc__source_count90__no_favorable_group,61893,1,BN3-154-E,04_BN3-154-E_comp.jams,765308,1,4,3,3,mixed,-0.305757075548172,0.2053682804107666,0.3819444444444444,False,0
regression_loops_posthoc__source_count90__no_favorable_group,61900,1,BN3-154-E,04_BN3-154-E_comp.jams,791320,0,3,2,2,mixed,-0.14549019932746887,0.1773483008146286,0.34795258620689656,False,0
regression_loops_posthoc__source_count90__no_favorable_group,61914,1,BN3-154-E,04_BN3-154-E_comp.jams,869515,0,3,2,3,regression_favored,-0.3207508325576782,-0.11054128408432007,0.2936046511627907,True,0
regression_loops_posthoc__source_count90__no_favorable_group,61919,1,BN3-154-E,04_BN3-154-E_comp.jams,902168,1,3,2,2,mixed,-0.18583914637565613,0.026720643043518066,0.46720157657657657,False,0
regression_loops_posthoc__source_count90__no_favorable_group,61951,1,BN3-154-E,04_BN3-154-E_comp.jams,1038596,1,4,3,3,mixed,-0.017373859882354736,0.11885470151901245,0.52734375,False,0
regression_loops_posthoc__source_count90__no_favorable_group,63173,1,Funk2-119-G,04_Funk2-119-G_comp.jams,56929,1,2,3,2,regression_favored,-0.2553064227104187,-0.06989246606826782,0.01953125,True,0
regression_loops_posthoc__source_count90__no_favorable_group,63184,1,Funk2-119-G,04_Funk2-119-G_comp.jams,106644,2,3,2,2,mixed,-0.25592097640037537,0.09647059440612793,0.5572916666666666,False,0
regression_loops_posthoc__source_count90__no_favorable_group,63197,1,Funk2-119-G,04_Funk2-119-G_comp.jams,156042,3,4,3,3,mixed,-0.05116280913352966,0.6043956279754639,0.49494263285024154,False,0
regression_loops_posthoc__source_count90__no_favorable_group,63211,1,Funk2-119-G,04_Funk2-119-G_comp.jams,195953,3,4,3,3,mixed,-0.07692307233810425,0.6930946707725525,0.44557669082125606,False,0
regression_loops_posthoc__source_count90__no_favorable_group,63213,1,Funk2-119-G,04_Funk2-119-G_comp.jams,211604,4,4,3,3,mixed,-0.14873471856117249,0.05835920572280884,0.5130413385826772,False,0
regression_loops_posthoc__source_count90__no_favorable_group,63242,1,Funk2-119-G,04_Funk2-119-G_comp.jams,341491,2,3,2,2,mixed,-0.15521080791950226,0.17267552018165588,0.6208923969072165,False,0
regression_loops_posthoc__source_count90__no_favorable_group,63261,1,Funk2-119-G,04_Funk2-119-G_comp.jams,411417,3,3,2,3,regression_favored,-0.122748464345932,-0.02654804289340973,0.5436197916666666,True,1
regression_loops_posthoc__source_count90__no_favorable_group,63266,1,Funk2-119-G,04_Funk2-119-G_comp.jams,429335,2,2,3,3,mixed,-0.00027933716773986816,0.3219626843929291,0.16145833333333334,False,0
regression_loops_posthoc__source_count90__no_favorable_group,63278,1,Funk2-119-G,04_Funk2-119-G_comp.jams,462249,2,2,3,3,mixed,-0.08336097002029419,0.16899767518043518,0.35446428571428573,False,0
regression_loops_posthoc__source_count90__no_favorable_group,63310,1,Funk2-119-G,04_Funk2-119-G_comp.jams,564084,3,4,3,3,mixed,-0.11227291822433472,0.04379463195800781,0.409375,False,0
regression_loops_posthoc__source_count90__no_favorable_group,63327,1,Funk2-119-G,04_Funk2-119-G_comp.jams,618742,1,3,2,2,mixed,-0.19174230098724365,0.1331683099269867,0.49595771144278605,False,0
regression_loops_posthoc__source_count90__no_favorable_group,63342,1,Funk2-119-G,04_Funk2-119-G_comp.jams,684892,3,2,3,3,mixed,-0.09550410509109497,0.060869574546813965,0.15364583333333334,False,0
regression_loops_posthoc__source_count90__no_favorable_group,63414,1,Funk2-119-G,04_Funk2-119-G_comp.jams,985949,3,2,3,3,mixed,-0.1592019498348236,0.10408434271812439,0.19970703125,False,0
regression_loops_posthoc__source_count90__no_favorable_group,63421,1,Funk2-119-G,04_Funk2-119-G_comp.jams,1022538,4,4,3,3,mixed,-0.1416407823562622,0.17761194705963135,0.7389823717948718,False,0
regression_loops_posthoc__source_count90__no_favorable_group,63435,1,Funk2-119-G,04_Funk2-119-G_comp.jams,1088463,2,3,2,2,mixed,-0.09447413682937622,0.11874833703041077,0.5630165289256198,False,0
regression_loops_posthoc__source_count90__no_favorable_group,63438,1,Funk2-119-G,04_Funk2-119-G_comp.jams,1094685,0,3,2,2,mixed,-0.06506884098052979,0.18233619630336761,0.5793783422459893,False,0
regression_loops_posthoc__source_count90__no_favorable_group,63488,1,Funk2-119-G,04_Funk2-119-G_comp.jams,1228908,3,2,3,3,mixed,-0.1796875,0.15196079015731812,0.391845703125,False,0
regression_loops_posthoc__source_count90__no_favorable_group,63498,1,Funk2-119-G,04_Funk2-119-G_comp.jams,1262265,3,3,2,3,regression_favored,-0.1958884745836258,-0.006383955478668213,0.336376404494382,True,1
regression_loops_posthoc__source_count90__no_favorable_group,63532,1,Funk2-119-G,04_Funk2-119-G_comp.jams,1376004,1,3,2,2,correction_favored,0.08691728115081787,0.24610590934753418,0.5628324468085106,False,0
regression_loops_posthoc__source_count90__no_favorable_group,63778,1,Funk3-112-C#,04_Funk3-112-C#_comp.jams,53864,3,4,3,3,correction_favored,0.055370211601257324,0.3694852888584137,0.5713098404255319,False,0
regression_loops_posthoc__source_count90__no_favorable_group,63794,1,Funk3-112-C#,04_Funk3-112-C#_comp.jams,130762,3,4,3,3,mixed,-0.1607128083705902,0.2162790596485138,0.35074013157894735,False,0
regression_loops_posthoc__source_count90__no_favorable_group,63809,1,Funk3-112-C#,04_Funk3-112-C#_comp.jams,173879,2,3,2,3,regression_favored,-0.08969825506210327,-0.006881996989250183,0.6755275974025974,True,-1
regression_loops_posthoc__source_count90__no_favorable_group,63811,1,Funk3-112-C#,04_Funk3-112-C#_comp.jams,179019,1,3,2,2,mixed,-0.11578947305679321,0.22937853634357452,0.5923219086021505,False,0
regression_loops_posthoc__source_count90__no_favorable_group,63833,1,Funk3-112-C#,04_Funk3-112-C#_comp.jams,244436,3,2,3,2,regression_favored,-0.18566307425498962,-0.0313018262386322,0.162109375,True,-1
regression_loops_posthoc__source_count90__no_favorable_group,63851,1,Funk3-112-C#,04_Funk3-112-C#_comp.jams,319906,3,2,3,2,regression_favored,-0.4154292643070221,-0.0353335440158844,0.390380859375,True,-1
regression_loops_posthoc__source_count90__no_favorable_group,63853,1,Funk3-112-C#,04_Funk3-112-C#_comp.jams,327974,2,3,2,2,mixed,-0.18496884405612946,0.21249999105930328,0.6200420673076923,False,0
regression_loops_posthoc__source_count90__no_favorable_group,63854,1,Funk3-112-C#,04_Funk3-112-C#_comp.jams,342293,4,4,3,3,mixed,-0.1903914511203766,0.36000001430511475,0.47597543352601157,False,0
regression_loops_posthoc__source_count90__no_favorable_group,63877,1,Funk3-112-C#,04_Funk3-112-C#_comp.jams,413810,4,3,4,4,mixed,-0.10409992933273315,0.28183919191360474,0.39493110236220474,False,0
regression_loops_posthoc__source_count90__no_favorable_group,63890,1,Funk3-112-C#,04_Funk3-112-C#_comp.jams,449820,4,3,4,4,mixed,-0.07892978191375732,0.20710060000419617,0.4474321705426357,False,0
regression_loops_posthoc__source_count90__no_favorable_group,63897,1,Funk3-112-C#,04_Funk3-112-C#_comp.jams,472729,4,4,3,3,mixed,-0.21130506694316864,0.034523338079452515,0.5551892201834863,False,0
regression_loops_posthoc__source_count90__no_favorable_group,63910,1,Funk3-112-C#,04_Funk3-112-C#_comp.jams,508259,4,2,3,2,regression_favored,-0.14892612397670746,-0.08452951908111572,0.109375,True,0
regression_loops_posthoc__source_count90__no_favorable_group,63924,1,Funk3-112-C#,04_Funk3-112-C#_comp.jams,544146,2,2,3,3,mixed,-0.05989769101142883,0.16360226273536682,0.3497314453125,False,0
regression_loops_posthoc__source_count90__no_favorable_group,63927,1,Funk3-112-C#,04_Funk3-112-C#_comp.jams,550210,2,4,3,3,correction_favored,0.05759337544441223,0.1901361048221588,0.4088541666666667,False,0
regression_loops_posthoc__source_count90__no_favorable_group,63930,1,Funk3-112-C#,04_Funk3-112-C#_comp.jams,566779,4,4,3,3,mixed,-0.1027098000049591,0.2008674144744873,0.44007120253164556,False,0
regression_loops_posthoc__source_count90__no_favorable_group,63940,1,Funk3-112-C#,04_Funk3-112-C#_comp.jams,586396,3,3,2,2,mixed,-0.077251136302948,0.021406397223472595,0.541875,False,0
regression_loops_posthoc__source_count90__no_favorable_group,63957,1,Funk3-112-C#,04_Funk3-112-C#_comp.jams,637665,2,2,3,3,mixed,-0.10096067190170288,0.06632256507873535,0.13898026315789475,False,0
regression_loops_posthoc__source_count90__no_favorable_group,63958,1,Funk3-112-C#,04_Funk3-112-C#_comp.jams,639499,3,2,4,2,regression_favored,-0.0642722100019455,-0.0642722100019455,0.171875,True,0
regression_loops_posthoc__source_count90__no_favorable_group,63961,1,Funk3-112-C#,04_Funk3-112-C#_comp.jams,645612,2,3,2,2,mixed,-0.08252197504043579,0.031383395195007324,0.6653125,False,0
regression_loops_posthoc__source_count90__no_favorable_group,63963,1,Funk3-112-C#,04_Funk3-112-C#_comp.jams,651079,2,3,2,2,mixed,-0.07043477892875671,0.054265230894088745,0.5758522727272727,False,0
regression_loops_posthoc__source_count90__no_favorable_group,63975,1,Funk3-112-C#,04_Funk3-112-C#_comp.jams,679995,1,3,2,2,correction_favored,0.05330151319503784,0.22304478287696838,0.3064236111111111,False,0
regression_loops_posthoc__source_count90__no_favorable_group,63981,1,Funk3-112-C#,04_Funk3-112-C#_comp.jams,697211,3,3,4,4,mixed,-0.20299524068832397,0.15026456117630005,0.218875,False,0
regression_loops_posthoc__source_count90__no_favorable_group,64048,1,Funk3-112-C#,04_Funk3-112-C#_comp.jams,904695,2,4,2,2,mixed,-0.030084475874900818,0.07671958208084106,0.15625,False,0
regression_loops_posthoc__source_count90__no_favorable_group,64059,1,Funk3-112-C#,04_Funk3-112-C#_comp.jams,934344,2,3,2,3,regression_favored,-0.10876226425170898,-0.008501291275024414,0.5955882352941176,True,-1
regression_loops_posthoc__source_count90__no_favorable_group,64087,1,Funk3-112-C#,04_Funk3-112-C#_comp.jams,1016120,3,3,4,4,correction_favored,0.005986034870147705,0.2717652916908264,0.3563508064516129,False,0
regression_loops_posthoc__source_count90__no_favorable_group,64104,1,Funk3-112-C#,04_Funk3-112-C#_comp.jams,1075632,3,3,4,4,mixed,-0.015837103128433228,0.22100123763084412,0.09405048076923077,False,0
regression_loops_posthoc__source_count90__no_favorable_group,64165,1,Funk3-112-C#,04_Funk3-112-C#_comp.jams,1246616,1,3,2,2,mixed,-0.012387603521347046,0.26401984691619873,0.24932065217391305,False,0
regression_loops_posthoc__source_count90__no_favorable_group,64180,1,Funk3-112-C#,04_Funk3-112-C#_comp.jams,1282499,2,4,3,3,correction_favored,0.08933115005493164,0.24818402528762817,0.6260416666666667,False,0
regression_loops_posthoc__source_count90__no_favorable_group,64185,1,Funk3-112-C#,04_Funk3-112-C#_comp.jams,1298220,2,4,2,2,mixed,-0.1428571343421936,0.3698781728744507,0.2580378605769231,False,0
regression_loops_posthoc__source_count90__no_favorable_group,64189,1,Funk3-112-C#,04_Funk3-112-C#_comp.jams,1306503,3,4,3,3,mixed,-0.04449421167373657,0.4272727072238922,0.4096765350877193,False,0
regression_loops_posthoc__source_count90__no_favorable_group,64207,1,Funk3-112-C#,04_Funk3-112-C#_comp.jams,1358809,4,4,3,3,mixed,-0.12186381220817566,0.1427009105682373,0.4508568548387097,False,0
regression_loops_posthoc__source_count90__no_favorable_group,73856,1,SS3-98-C,04_SS3-98-C_comp.jams,26125,1,3,2,2,mixed,-0.2610229253768921,0.17499999701976776,0.5691840277777778,False,0
regression_loops_posthoc__source_count90__no_favorable_group,73904,1,SS3-98-C,04_SS3-98-C_comp.jams,162399,2,4,3,3,mixed,-0.11334612965583801,0.18888887763023376,0.32723214285714286,False,0
regression_loops_posthoc__source_count90__no_favorable_group,73920,1,SS3-98-C,04_SS3-98-C_comp.jams,216538,4,2,3,3,mixed,-0.29548943042755127,0.15384617447853088,0.2974826388888889,False,0
regression_loops_posthoc__source_count90__no_favorable_group,73927,1,SS3-98-C,04_SS3-98-C_comp.jams,232802,1,3,2,2,mixed,-0.11051271855831146,0.1603078544139862,0.4808282208588957,False,0
regression_loops_posthoc__source_count90__no_favorable_group,73935,1,SS3-98-C,04_SS3-98-C_comp.jams,252604,1,3,2,2,mixed,-0.09135076403617859,0.14035089313983917,0.32615649606299213,False,0
regression_loops_posthoc__source_count90__no_favorable_group,73942,1,SS3-98-C,04_SS3-98-C_comp.jams,270044,3,3,2,2,mixed,-0.16151006519794464,0.13973645865917206,0.2805631868131868,False,0
regression_loops_posthoc__source_count90__no_favorable_group,73965,1,SS3-98-C,04_SS3-98-C_comp.jams,345571,1,3,2,2,mixed,-0.13221463561058044,0.5,0.5657351321585903,False,0
regression_loops_posthoc__source_count90__no_favorable_group,74101,1,SS3-98-C,04_SS3-98-C_comp.jams,755725,2,2,3,2,regression_favored,-0.3384615182876587,-0.12730872631072998,0.24698464912280702,True,1
regression_loops_posthoc__source_count90__no_favorable_group,74118,1,SS3-98-C,04_SS3-98-C_comp.jams,810607,2,2,3,2,regression_favored,-0.2520295977592468,-0.04564565420150757,0.3541666666666667,True,1
regression_loops_posthoc__source_count90__no_favorable_group,74139,1,SS3-98-C,04_SS3-98-C_comp.jams,878168,1,2,3,2,regression_favored,-0.4018435776233673,-0.13989247381687164,0.346875,True,0
regression_loops_posthoc__source_count90__no_favorable_group,74187,1,SS3-98-C,04_SS3-98-C_comp.jams,998606,1,3,2,2,mixed,-0.3049623370170593,0.19280874729156494,0.5652111872146118,False,0
regression_loops_posthoc__source_count90__no_favorable_group,74238,1,SS3-98-C,04_SS3-98-C_comp.jams,1147033,1,3,2,3,regression_favored,-0.21496492624282837,-0.06302690505981445,0.5714285714285714,True,0
regression_loops_posthoc__source_count90__no_favorable_group,74250,1,SS3-98-C,04_SS3-98-C_comp.jams,1188234,3,2,3,2,regression_favored,-0.3266468048095703,-0.019003748893737793,0.34111842105263157,True,-1
regression_loops_posthoc__source_count90__no_favorable_group,74254,1,SS3-98-C,04_SS3-98-C_comp.jams,1209450,1,3,2,3,regression_favored,-0.31169915199279785,0.0,0.5600863821138211,True,0
regression_loops_posthoc__source_count90__no_favorable_group,74337,1,SS3-98-C,04_SS3-98-C_comp.jams,1458577,3,4,2,2,mixed,-0.01532679796218872,0.4833333492279053,0.3810763888888889,False,0
regression_loops_posthoc__source_count90__no_favorable_group,74387,1,SS3-98-C,04_SS3-98-C_comp.jams,1606684,1,3,2,2,mixed,-0.16356198489665985,0.22580644488334656,0.5959629828326181,False,0
regression_loops_posthoc__source_count90__no_favorable_group,1745,2,Funk1-114-Ab,00_Funk1-114-Ab_comp.jams,103420,5,4,3,3,mixed,-0.16019955277442932,0.08117184042930603,0.6222718253968254,False,0
regression_loops_posthoc__source_count90__no_favorable_group,1752,2,Funk1-114-Ab,00_Funk1-114-Ab_comp.jams,122672,4,4,3,4,regression_favored,-0.20846755802631378,-0.011473983526229858,0.6233878968253969,True,1
regression_loops_posthoc__source_count90__no_favorable_group,1760,2,Funk1-114-Ab,00_Funk1-114-Ab_comp.jams,152765,0,3,2,2,correction_favored,0.13092979788780212,0.3606302738189697,0.6549613402061856,False,0
regression_loops_posthoc__source_count90__no_favorable_group,1812,2,Funk1-114-Ab,00_Funk1-114-Ab_comp.jams,302030,5,4,3,4,regression_favored,-0.2623251676559448,-0.010344833135604858,0.6008771929824561,True,0
regression_loops_posthoc__source_count90__no_favorable_group,1944,2,Funk1-114-Ab,00_Funk1-114-Ab_comp.jams,794778,1,4,2,2,mixed,-0.021072804927825928,0.30519479513168335,0.32784722222222223,False,0
regression_loops_posthoc__source_count90__no_favorable_group,1950,2,Funk1-114-Ab,00_Funk1-114-Ab_comp.jams,807471,4,3,5,5,correction_favored,0.008021384477615356,0.19387754797935486,0.044921875,False,0
regression_loops_posthoc__source_count90__no_favorable_group,1958,2,Funk1-114-Ab,00_Funk1-114-Ab_comp.jams,825105,1,3,2,2,mixed,-0.05576923489570618,0.16567164659500122,0.6453619909502263,False,0
regression_loops_posthoc__source_count90__no_favorable_group,1981,2,Funk1-114-Ab,00_Funk1-114-Ab_comp.jams,882426,5,4,5,5,mixed,-0.44090908765792847,0.046875,0.128515625,False,0
regression_loops_posthoc__source_count90__no_favorable_group,5509,2,Jazz1-200-B,00_Jazz1-200-B_comp.jams,79505,3,4,3,3,mixed,-0.19584999978542328,0.29411762952804565,0.5558647260273972,False,0
regression_loops_posthoc__source_count90__no_favorable_group,5566,2,Jazz1-200-B,00_Jazz1-200-B_comp.jams,290639,5,4,3,3,mixed,-0.2738358974456787,0.07233625650405884,0.7266260162601627,False,0
regression_loops_posthoc__source_count90__no_favorable_group,5571,2,Jazz1-200-B,00_Jazz1-200-B_comp.jams,311549,5,4,3,3,mixed,-0.1932457685470581,0.7538461685180664,0.46293780193236717,False,0
regression_loops_posthoc__source_count90__no_favorable_group,5610,2,Jazz1-200-B,00_Jazz1-200-B_comp.jams,475329,4,4,5,4,regression_favored,-0.21904762089252472,-0.16308242082595825,0.1171875,True,1
regression_loops_posthoc__source_count90__no_favorable_group,5629,2,Jazz1-200-B,00_Jazz1-200-B_comp.jams,516788,2,4,2,2,mixed,-0.01279139518737793,0.4117647409439087,0.2086187214611872,False,0
regression_loops_posthoc__source_count90__no_favorable_group,5645,2,Jazz1-200-B,00_Jazz1-200-B_comp.jams,576015,3,4,3,4,regression_favored,-0.390625,-0.20680850744247437,0.6664186507936508,True,-1
regression_loops_posthoc__source_count90__no_favorable_group,5658,2,Jazz1-200-B,00_Jazz1-200-B_comp.jams,605896,2,3,2,2,correction_favored,0.0007554292678833008,0.2944444417953491,0.32882462686567165,False,0
regression_loops_posthoc__source_count90__no_favorable_group,5792,2,Jazz2-110-Bb,00_Jazz2-110-Bb_comp.jams,63526,4,4,3,4,regression_favored,-0.3446507155895233,-0.04422950744628906,0.564,True,1
regression_loops_posthoc__source_count90__no_favorable_group,5908,2,Jazz2-110-Bb,00_Jazz2-110-Bb_comp.jams,446722,3,4,3,3,mixed,-0.31707316637039185,0.08278387784957886,0.5219951923076923,False,0
regression_loops_posthoc__source_count90__no_favorable_group,6052,2,Jazz2-110-Bb,00_Jazz2-110-Bb_comp.jams,854749,4,4,5,4,regression_favored,-0.38787877559661865,-0.034722208976745605,0.0673828125,True,1
regression_loops_posthoc__source_count90__no_favorable_group,6120,2,Jazz2-110-Bb,00_Jazz2-110-Bb_comp.jams,1058815,4,4,3,3,mixed,-0.16738513112068176,0.13386407494544983,0.478515625,False,0
regression_loops_posthoc__source_count90__no_favorable_group,6190,2,Jazz2-110-Bb,00_Jazz2-110-Bb_comp.jams,1265244,2,4,3,3,mixed,-0.1807379424571991,0.11433172225952148,0.5259259259259259,False,0
regression_loops_posthoc__source_count90__no_favorable_group,6195,2,Jazz2-110-Bb,00_Jazz2-110-Bb_comp.jams,1288018,4,4,3,3,mixed,-0.14385724067687988,0.12097561359405518,0.48943345323741005,False,0
regression_loops_posthoc__source_count90__no_favorable_group,6235,2,Jazz2-110-Bb,00_Jazz2-110-Bb_comp.jams,1409923,2,4,2,2,correction_favored,0.0121268630027771,0.2971065640449524,0.037698412698412696,False,0
regression_loops_posthoc__source_count90__no_favorable_group,6248,2,Jazz2-110-Bb,00_Jazz2-110-Bb_comp.jams,1435210,2,4,2,2,correction_favored,0.04160246253013611,0.3266666531562805,0.5017857142857143,False,0
regression_loops_posthoc__source_count90__no_favorable_group,8128,2,Rock1-130-A,00_Rock1-130-A_comp.jams,238913,2,3,2,2,correction_favored,0.009611189365386963,0.2814771831035614,0.5831339712918661,False,0
regression_loops_posthoc__source_count90__no_favorable_group,8151,2,Rock1-130-A,00_Rock1-130-A_comp.jams,298649,2,3,5,5,mixed,-0.1428571343421936,0.013574659824371338,0.0390625,False,0
regression_loops_posthoc__source_count90__no_favorable_group,8190,2,Rock1-130-A,00_Rock1-130-A_comp.jams,410951,3,3,2,2,mixed,-0.04352617263793945,0.19587628543376923,0.47860054347826086,False,0
regression_loops_posthoc__source_count90__no_favorable_group,8192,2,Rock1-130-A,00_Rock1-130-A_comp.jams,416352,3,4,3,4,regression_favored,-0.2347480058670044,-0.005813956260681152,0.6153169014084507,True,-1
regression_loops_posthoc__source_count90__no_favorable_group,8208,2,Rock1-130-A,00_Rock1-130-A_comp.jams,446560,2,4,2,2,mixed,-0.0046296268701553345,0.3699159622192383,0.32635416666666667,False,0
regression_loops_posthoc__source_count90__no_favorable_group,8221,2,Rock1-130-A,00_Rock1-130-A_comp.jams,477514,2,3,2,2,correction_favored,0.040254220366477966,0.3213338255882263,0.5221560846560847,False,0
regression_loops_posthoc__source_count90__no_favorable_group,8264,2,Rock1-130-A,00_Rock1-130-A_comp.jams,585811,4,4,2,2,mixed,-0.06951873004436493,0.24242424964904785,0.36634290540540543,False,0
regression_loops_posthoc__source_count90__no_favorable_group,8268,2,Rock1-130-A,00_Rock1-130-A_comp.jams,594999,2,3,2,2,correction_favored,0.1509127914905548,0.3684210777282715,0.4915178571428571,False,0
regression_loops_posthoc__source_count90__no_favorable_group,8288,2,Rock1-130-A,00_Rock1-130-A_comp.jams,645846,4,4,3,3,correction_favored,0.08406850695610046,0.29827314615249634,0.5610795454545454,False,0
regression_loops_posthoc__source_count90__no_favorable_group,8319,2,Rock1-130-A,00_Rock1-130-A_comp.jams,718481,4,4,3,4,regression_favored,-0.13765504956245422,-0.016678720712661743,0.5086805555555556,True,1
regression_loops_posthoc__source_count90__no_favorable_group,8326,2,Rock1-130-A,00_Rock1-130-A_comp.jams,733863,3,4,2,2,correction_favored,0.03328840434551239,0.3571428656578064,0.3015292553191489,False,0
regression_loops_posthoc__source_count90__no_favorable_group,8340,2,Rock1-130-A,00_Rock1-130-A_comp.jams,769439,2,3,2,2,correction_favored,0.022306367754936218,0.4117647409439087,0.5058772935779816,False,0
regression_loops_posthoc__source_count90__no_favorable_group,8346,2,Rock1-130-A,00_Rock1-130-A_comp.jams,788847,4,4,2,2,mixed,-0.05812220275402069,0.28387096524238586,0.5182291666666666,False,0
regression_loops_posthoc__source_count90__no_favorable_group,8380,2,Rock1-130-A,00_Rock1-130-A_comp.jams,864539,5,4,2,2,mixed,-0.0787878930568695,0.2890322804450989,0.37109375,False,0
regression_loops_posthoc__source_count90__no_favorable_group,8386,2,Rock1-130-A,00_Rock1-130-A_comp.jams,880522,3,4,2,2,mixed,-0.03337262570858002,0.3235293924808502,0.49142156862745096,False,0
regression_loops_posthoc__source_count90__no_favorable_group,8398,2,Rock1-130-A,00_Rock1-130-A_comp.jams,914779,3,4,3,3,mixed,-0.11361686885356903,0.06308221817016602,0.4806547619047619,False,0
regression_loops_posthoc__source_count90__no_favorable_group,8406,2,Rock1-130-A,00_Rock1-130-A_comp.jams,941446,5,4,3,4,regression_favored,-0.2000795602798462,-0.0309562087059021,0.5958180147058824,True,0
regression_loops_posthoc__source_count90__no_favorable_group,8413,2,Rock1-130-A,00_Rock1-130-A_comp.jams,960690,5,4,2,2,mixed,-0.01496763527393341,0.22580645978450775,0.22199675324675325,False,0
regression_loops_posthoc__source_count90__no_favorable_group,8576,2,Rock1-130-A,00_Rock1-130-A_solo.jams,509698,1,4,3,3,mixed,-0.10524365305900574,0.5263158082962036,0.3654119318181818,False,0
regression_loops_posthoc__source_count90__no_favorable_group,10400,2,Rock2-85-F,00_Rock2-85-F_comp.jams,30652,5,4,3,3,mixed,-0.13445377349853516,0.12894946336746216,0.5818865740740741,False,0
regression_loops_posthoc__source_count90__no_favorable_group,10427,2,Rock2-85-F,00_Rock2-85-F_comp.jams,91603,5,3,4,4,correction_favored,0.04626333713531494,0.2962818145751953,0.34095982142857145,False,0
regression_loops_posthoc__source_count90__no_favorable_group,10438,2,Rock2-85-F,00_Rock2-85-F_comp.jams,114191,5,4,3,3,mixed,-0.1137736439704895,0.09957388043403625,0.5636160714285714,False,0
regression_loops_posthoc__source_count90__no_favorable_group,10486,2,Rock2-85-F,00_Rock2-85-F_comp.jams,217265,6,4,5,5,mixed,-0.1944444477558136,0.1087719202041626,0.087890625,False,0
regression_loops_posthoc__source_count90__no_favorable_group,10491,2,Rock2-85-F,00_Rock2-85-F_comp.jams,232782,2,3,2,2,mixed,-0.010957926511764526,0.26138147711753845,0.5027043269230769,False,0
regression_loops_posthoc__source_count90__no_favorable_group,10493,2,Rock2-85-F,00_Rock2-85-F_comp.jams,240308,5,4,2,2,mixed,-0.0937499850988388,0.18333332240581512,0.044221698113207544,False,0
regression_loops_posthoc__source_count90__no_favorable_group,10534,2,Rock2-85-F,00_Rock2-85-F_comp.jams,334200,6,3,2,2,correction_favored,0.022742867469787598,0.022742867469787598,0.59375,False,0
regression_loops_posthoc__source_count90__no_favorable_group,10544,2,Rock2-85-F,00_Rock2-85-F_comp.jams,357552,3,4,2,2,mixed,-0.011605411767959595,0.4117647111415863,0.3258333333333333,False,0
regression_loops_posthoc__source_count90__no_favorable_group,10565,2,Rock2-85-F,00_Rock2-85-F_comp.jams,402491,4,3,2,2,mixed,-0.012182086706161499,0.3888888955116272,0.31171085858585856,False,0
regression_loops_posthoc__source_count90__no_favorable_group,10626,2,Rock2-85-F,00_Rock2-85-F_comp.jams,529441,5,4,3,3,mixed,-0.13949842751026154,0.060496240854263306,0.4079861111111111,False,0
regression_loops_posthoc__source_count90__no_favorable_group,10651,2,Rock2-85-F,00_Rock2-85-F_comp.jams,581815,2,4,2,2,mixed,-0.007662832736968994,0.36513158679008484,0.18500664893617022,False,0
regression_loops_posthoc__source_count90__no_favorable_group,10699,2,Rock2-85-F,00_Rock2-85-F_comp.jams,690821,1,3,2,2,correction_favored,0.05462399125099182,0.3789013624191284,0.46771816037735847,False,0
regression_loops_posthoc__source_count90__no_favorable_group,10704,2,Rock2-85-F,00_Rock2-85-F_comp.jams,701404,3,3,2,2,correction_favored,0.10294117033481598,0.46000003814697266,0.5956619198312236,False,0
regression_loops_posthoc__source_count90__no_favorable_group,10716,2,Rock2-85-F,00_Rock2-85-F_comp.jams,737521,1,4,2,2,mixed,-0.049384742975234985,0.2302418053150177,0.10128348214285714,False,0
regression_loops_posthoc__source_count90__no_favorable_group,10743,2,Rock2-85-F,00_Rock2-85-F_comp.jams,793766,4,3,2,2,mixed,-0.12037189304828644,0.21710526943206787,0.7386451863354038,False,0
regression_loops_posthoc__source_count90__no_favorable_group,10803,2,Rock2-85-F,00_Rock2-85-F_comp.jams,925592,5,4,5,4,regression_favored,-0.38787877559661865,-0.1640625,0.06473214285714286,True,-1
regression_loops_posthoc__source_count90__no_favorable_group,10807,2,Rock2-85-F,00_Rock2-85-F_comp.jams,933278,3,4,5,5,mixed,-0.4523809552192688,0.2785714268684387,0.13421052631578947,False,0
regression_loops_posthoc__source_count90__no_favorable_group,10824,2,Rock2-85-F,00_Rock2-85-F_comp.jams,966829,3,4,2,2,mixed,-0.056565672159194946,0.35227274894714355,0.3396892655367232,False,0
regression_loops_posthoc__source_count90__no_favorable_group,10828,2,Rock2-85-F,00_Rock2-85-F_comp.jams,974341,3,4,3,3,mixed,-0.15610860288143158,0.04629306495189667,0.5674019607843137,False,0
regression_loops_posthoc__source_count90__no_favorable_group,10833,2,Rock2-85-F,00_Rock2-85-F_comp.jams,988873,2,4,3,3,mixed,-0.07090187072753906,0.16834676265716553,0.6831507731958762,False,0
regression_loops_posthoc__source_count90__no_favorable_group,10845,2,Rock2-85-F,00_Rock2-85-F_comp.jams,1026454,4,4,2,2,correction_favored,0.17244763672351837,0.2293885052204132,0.08333333333333333,False,0
regression_loops_posthoc__source_count90__no_favorable_group,10862,2,Rock2-85-F,00_Rock2-85-F_comp.jams,1065221,5,4,5,4,regression_favored,-0.19411765038967133,-0.023148149251937866,0.251953125,True,-1
regression_loops_posthoc__source_count90__no_favorable_group,10866,2,Rock2-85-F,00_Rock2-85-F_comp.jams,1074155,6,4,5,5,mixed,-0.41333335638046265,0.109375,0.09780092592592593,False,0
regression_loops_posthoc__source_count90__no_favorable_group,10884,2,Rock2-85-F,00_Rock2-85-F_comp.jams,1112449,5,4,5,5,mixed,-0.16470588743686676,0.014423072338104248,0.2578125,False,0
regression_loops_posthoc__source_count90__no_favorable_group,10901,2,Rock2-85-F,00_Rock2-85-F_comp.jams,1151660,5,4,5,5,mixed,-0.3938879668712616,0.03999999165534973,0.09307065217391304,False,0
regression_loops_posthoc__source_count90__no_favorable_group,10922,2,Rock2-85-F,00_Rock2-85-F_comp.jams,1198666,5,2,3,3,mixed,-0.0819811224937439,0.1649305522441864,0.09834558823529412,False,0
regression_loops_posthoc__source_count90__no_favorable_group,10928,2,Rock2-85-F,00_Rock2-85-F_comp.jams,1214453,4,4,5,4,regression_favored,-0.2430555820465088,-0.028340071439743042,0.04296875,True,1
regression_loops_posthoc__source_count90__no_favorable_group,10971,2,Rock2-85-F,00_Rock2-85-F_comp.jams,1330301,4,4,2,2,correction_favored,0.045714303851127625,0.2570902109146118,0.04329978813559322,False,0
regression_loops_posthoc__source_count90__no_favorable_group,10983,2,Rock2-85-F,00_Rock2-85-F_comp.jams,1355082,3,3,2,2,correction_favored,0.06164205074310303,0.2568815350532532,0.6277207711442786,False,0
regression_loops_posthoc__source_count90__no_favorable_group,11026,2,Rock2-85-F,00_Rock2-85-F_comp.jams,1463484,5,4,5,5,mixed,-0.4888889193534851,0.17142857611179352,0.10208333333333333,False,0
regression_loops_posthoc__source_count90__no_favorable_group,11034,2,Rock2-85-F,00_Rock2-85-F_comp.jams,1486560,3,4,3,3,mixed,-0.24222035706043243,0.33583956956863403,0.5639378834355828,False,0
regression_loops_posthoc__source_count90__no_favorable_group,11076,2,Rock2-85-F,00_Rock2-85-F_comp.jams,1579251,5,4,5,4,regression_favored,-0.403225839138031,-0.024038463830947876,0.16538915094339623,True,-1
regression_loops_posthoc__source_count90__no_favorable_group,11080,2,Rock2-85-F,00_Rock2-85-F_comp.jams,1587527,3,4,5,4,regression_favored,-0.3938879668712616,-0.00961536169052124,0.12708333333333333,True,0
regression_loops_posthoc__source_count90__no_favorable_group,11130,2,Rock2-85-F,00_Rock2-85-F_comp.jams,1697208,2,3,2,2,mixed,-0.05906049907207489,0.19118942320346832,0.7004042288557214,False,0
regression_loops_posthoc__source_count90__no_favorable_group,11136,2,Rock2-85-F,00_Rock2-85-F_comp.jams,1712130,5,4,5,5,mixed,-0.45555558800697327,0.027210891246795654,0.1751994680851064,False,0
regression_loops_posthoc__source_count90__no_favorable_group,11149,2,Rock2-85-F,00_Rock2-85-F_comp.jams,1742720,3,3,2,2,mixed,-0.051908403635025024,0.2774725556373596,0.46568627450980393,False,0
regression_loops_posthoc__source_count90__no_favorable_group,11164,2,Rock2-85-F,00_Rock2-85-F_comp.jams,1774570,6,4,5,4,regression_favored,-0.18666666746139526,-0.0952380895614624,0.22395833333333334,True,0
regression_loops_posthoc__source_count90__no_favorable_group,11176,2,Rock2-85-F,00_Rock2-85-F_comp.jams,1798477,5,4,5,5,mixed,-0.313043475151062,0.178571417927742,0.12729779411764705,False,0
regression_loops_posthoc__source_count90__no_favorable_group,11208,2,Rock2-85-F,00_Rock2-85-F_comp.jams,1867010,5,4,5,5,mixed,-0.2964426875114441,0.049107134342193604,0.2041903409090909,False,0
regression_loops_posthoc__source_count90__no_favorable_group,11260,2,Rock2-85-F,00_Rock2-85-F_comp.jams,1975936,6,4,5,5,unsupported,0.0,0.0,0.0,False,0
regression_loops_posthoc__source_count90__no_favorable_group,11264,2,Rock2-85-F,00_Rock2-85-F_comp.jams,1983627,5,3,5,5,mixed,-0.13360324501991272,0.009803920984268188,0.109375,False,0
regression_loops_posthoc__source_count90__no_favorable_group,18352,2,Funk1-114-Ab,01_Funk1-114-Ab_comp.jams,79644,3,4,3,3,mixed,-0.21924526989459991,0.04466843605041504,0.51796875,False,0
regression_loops_posthoc__source_count90__no_favorable_group,18405,2,Funk1-114-Ab,01_Funk1-114-Ab_comp.jams,307490,3,3,2,2,mixed,-0.05752754211425781,0.19506368041038513,0.5288851351351351,False,0
regression_loops_posthoc__source_count90__no_favorable_group,18415,2,Funk1-114-Ab,01_Funk1-114-Ab_comp.jams,352701,0,3,2,2,mixed,-0.17146164178848267,0.2142857164144516,0.13538171140939598,False,0
regression_loops_posthoc__source_count90__no_favorable_group,18590,2,Funk1-114-Ab,01_Funk1-114-Ab_comp.jams,1044881,2,2,3,3,mixed,-0.4166666865348816,0.08815959095954895,0.5454661885245902,False,0
regression_loops_posthoc__source_count90__no_favorable_group,18603,2,Funk1-114-Ab,01_Funk1-114-Ab_comp.jams,1101752,2,4,3,3,mixed,-0.1870608627796173,0.7954545617103577,0.5026745495495496,False,0
regression_loops_posthoc__source_count90__no_favorable_group,18609,2,Funk1-114-Ab,01_Funk1-114-Ab_solo.jams,57189,2,4,2,2,correction_favored,0.005968540906906128,0.2323886752128601,0.10496794871794872,False,0
regression_loops_posthoc__source_count90__no_favorable_group,18797,2,Funk1-114-Ab,01_Funk1-114-Ab_solo.jams,904475,1,3,2,2,correction_favored,0.07283949851989746,0.31188809871673584,0.10471491228070176,False,0
regression_loops_posthoc__source_count90__no_favorable_group,21932,2,Jazz1-200-B,01_Jazz1-200-B_solo.jams,78384,1,3,2,2,mixed,-0.07854729890823364,0.2626146674156189,0.4211836283185841,False,0
regression_loops_posthoc__source_count90__no_favorable_group,22193,2,Jazz2-110-Bb,01_Jazz2-110-Bb_comp.jams,425336,3,4,3,3,mixed,-0.2500000298023224,0.09693193435668945,0.6686507936507936,False,0
regression_loops_posthoc__source_count90__no_favorable_group,22249,2,Jazz2-110-Bb,01_Jazz2-110-Bb_comp.jams,649054,2,4,3,4,regression_favored,-0.24097561836242676,-0.1370786726474762,0.69921875,True,0
regression_loops_posthoc__source_count90__no_favorable_group,22252,2,Jazz2-110-Bb,01_Jazz2-110-Bb_comp.jams,665940,3,4,3,3,mixed,-0.09282734990119934,0.07618042826652527,0.5,False,0
regression_loops_posthoc__source_count90__no_favorable_group,22388,2,Jazz2-110-Bb,01_Jazz2-110-Bb_comp.jams,1194475,4,4,3,3,mixed,-0.3201868236064911,0.07771772146224976,0.6325974770642202,False,0
regression_loops_posthoc__source_count90__no_favorable_group,22407,2,Jazz2-110-Bb,01_Jazz2-110-Bb_comp.jams,1290451,4,4,3,3,mixed,-0.2899729013442993,0.09724238514900208,0.4963942307692308,False,0
regression_loops_posthoc__source_count90__no_favorable_group,22422,2,Jazz2-110-Bb,01_Jazz2-110-Bb_comp.jams,1322440,3,4,3,3,mixed,-0.09542307257652283,0.4143810272216797,0.7487980769230769,False,0
regression_loops_posthoc__source_count90__no_favorable_group,22454,2,Jazz2-110-Bb,01_Jazz2-110-Bb_comp.jams,1484466,4,4,3,4,regression_favored,-0.25292107462882996,-0.012871265411376953,0.5611979166666666,True,1
regression_loops_posthoc__source_count90__no_favorable_group,22555,2,Jazz2-110-Bb,01_Jazz2-110-Bb_solo.jams,830553,1,4,2,2,mixed,-0.032818540930747986,0.2088235318660736,0.05764358108108108,False,0
regression_loops_posthoc__source_count90__no_favorable_group,23893,2,Rock1-130-A,01_Rock1-130-A_comp.jams,101024,2,4,2,2,correction_favored,0.12525878846645355,0.3382352888584137,0.07320601851851852,False,0
regression_loops_posthoc__source_count90__no_favorable_group,23931,2,Rock1-130-A,01_Rock1-130-A_comp.jams,213916,2,4,2,2,correction_favored,0.1508951336145401,0.24931129813194275,0.06610576923076923,False,0
regression_loops_posthoc__source_count90__no_favorable_group,23940,2,Rock1-130-A,01_Rock1-130-A_comp.jams,237698,0,3,2,2,mixed,-0.03175494074821472,0.3303983211517334,0.4096327319587629,False,0
regression_loops_posthoc__source_count90__no_favorable_group,23962,2,Rock1-130-A,01_Rock1-130-A_comp.jams,295073,3,4,3,3,mixed,-0.2050771415233612,0.28900253772735596,0.5482170245398773,False,0
regression_loops_posthoc__source_count90__no_favorable_group,23969,2,Rock1-130-A,01_Rock1-130-A_comp.jams,313260,2,2,3,3,correction_favored,0.0,0.17410185933113098,0.06169871794871795,False,0
regression_loops_posthoc__source_count90__no_favorable_group,23975,2,Rock1-130-A,01_Rock1-130-A_comp.jams,326596,1,4,3,3,mixed,-0.19366666674613953,0.10156860947608948,0.5837844488188977,False,0
regression_loops_posthoc__source_count90__no_favorable_group,24225,2,Rock1-130-A,01_Rock1-130-A_comp.jams,935166,2,3,2,2,correction_favored,0.014151722192764282,0.2624248266220093,0.2903481012658228,False,0
regression_loops_posthoc__source_count90__no_favorable_group,24279,2,Rock1-130-A,01_Rock1-130-A_solo.jams,182282,1,2,3,2,regression_favored,-0.3666333854198456,-0.1765463799238205,0.16861979166666666,True,0
regression_loops_posthoc__source_count90__no_favorable_group,26279,2,Rock2-85-F,01_Rock2-85-F_comp.jams,294292,3,4,2,2,correction_favored,0.09651628136634827,0.40808820724487305,0.08375,False,0
regression_loops_posthoc__source_count90__no_favorable_group,26311,2,Rock2-85-F,01_Rock2-85-F_comp.jams,372319,0,2,3,2,regression_favored,-0.11961692571640015,-0.09322431683540344,0.4296875,True,0
regression_loops_posthoc__source_count90__no_favorable_group,26471,2,Rock2-85-F,01_Rock2-85-F_comp.jams,715616,3,4,5,5,mixed,-0.030000001192092896,0.08403362333774567,0.1015625,False,0
regression_loops_posthoc__source_count90__no_favorable_group,26501,2,Rock2-85-F,01_Rock2-85-F_comp.jams,793931,4,2,3,3,mixed,-0.07152089476585388,0.23431016504764557,0.29625,False,0
regression_loops_posthoc__source_count90__no_favorable_group,26525,2,Rock2-85-F,01_Rock2-85-F_comp.jams,841678,2,2,3,3,mixed,-0.03548389673233032,0.10699465870857239,0.033854166666666664,False,0
regression_loops_posthoc__source_count90__no_favorable_group,26540,2,Rock2-85-F,01_Rock2-85-F_comp.jams,872870,3,2,4,4,mixed,-0.21964284777641296,0.019230768084526062,0.06121926229508197,False,0
regression_loops_posthoc__source_count90__no_favorable_group,26612,2,Rock2-85-F,01_Rock2-85-F_comp.jams,1042041,2,4,2,2,correction_favored,0.09080187976360321,0.43359375,0.06282216494845361,False,0
regression_loops_posthoc__source_count90__no_favorable_group,26613,2,Rock2-85-F,01_Rock2-85-F_comp.jams,1043864,3,4,3,3,mixed,-0.11832460761070251,0.038001418113708496,0.578125,False,0
regression_loops_posthoc__source_count90__no_favorable_group,26674,2,Rock2-85-F,01_Rock2-85-F_comp.jams,1214044,2,4,3,3,mixed,-0.20050761103630066,0.029357552528381348,0.6512057086614174,False,0
regression_loops_posthoc__source_count90__no_favorable_group,26764,2,Rock2-85-F,01_Rock2-85-F_comp.jams,1447502,3,4,3,3,mixed,-0.0969618707895279,0.1308668553829193,0.6268939393939394,False,0
regression_loops_posthoc__source_count90__no_favorable_group,26802,2,Rock2-85-F,01_Rock2-85-F_comp.jams,1540086,3,4,3,3,mixed,-0.21664276719093323,0.043695658445358276,0.48449900793650796,False,0
regression_loops_posthoc__source_count90__no_favorable_group,26838,2,Rock2-85-F,01_Rock2-85-F_comp.jams,1616104,1,4,3,4,regression_favored,-0.275543749332428,-0.07234042882919312,0.622375,True,0
regression_loops_posthoc__source_count90__no_favorable_group,26872,2,Rock2-85-F,01_Rock2-85-F_comp.jams,1711011,1,4,3,3,mixed,-0.22096756100654602,0.033783793449401855,0.5980829831932774,False,0
regression_loops_posthoc__source_count90__no_favorable_group,26880,2,Rock2-85-F,01_Rock2-85-F_comp.jams,1741995,2,4,2,2,correction_favored,0.0943894237279892,0.35227271914482117,0.11574074074074074,False,0
regression_loops_posthoc__source_count90__no_favorable_group,26903,2,Rock2-85-F,01_Rock2-85-F_comp.jams,1788302,3,3,2,2,mixed,-0.028745204210281372,0.2586206793785095,0.3510584677419355,False,0
regression_loops_posthoc__source_count90__no_favorable_group,26934,2,Rock2-85-F,01_Rock2-85-F_comp.jams,1868073,4,3,4,4,mixed,-0.11097878217697144,0.17763973772525787,0.20362367021276595,False,0
regression_loops_posthoc__source_count90__no_favorable_group,34203,2,Funk1-114-Ab,02_Funk1-114-Ab_comp.jams,981918,2,4,3,3,mixed,-0.13700535893440247,0.2195121943950653,0.499870867768595,False,0
regression_loops_posthoc__source_count90__no_favorable_group,37332,2,Jazz1-200-B,02_Jazz1-200-B_comp.jams,418739,1,3,2,2,mixed,-0.07264110445976257,0.2436998188495636,0.35139266304347827,False,0
regression_loops_posthoc__source_count90__no_favorable_group,37600,2,Jazz2-110-Bb,02_Jazz2-110-Bb_comp.jams,263725,4,4,3,3,mixed,-0.1189267486333847,0.09693194925785065,0.678760593220339,False,0
regression_loops_posthoc__source_count90__no_favorable_group,37639,2,Jazz2-110-Bb,02_Jazz2-110-Bb_comp.jams,384976,4,4,3,3,mixed,-0.19222071766853333,0.5029239654541016,0.5779033687943262,False,0
regression_loops_posthoc__source_count90__no_favorable_group,37668,2,Jazz2-110-Bb,02_Jazz2-110-Bb_comp.jams,481683,3,4,3,3,mixed,-0.19769439101219177,0.3577464818954468,0.3796768707482993,False,0
regression_loops_posthoc__source_count90__no_favorable_group,37697,2,Jazz2-110-Bb,02_Jazz2-110-Bb_comp.jams,545500,3,4,3,3,mixed,-0.1488058865070343,0.028564095497131348,0.5615234375,False,0
regression_loops_posthoc__source_count90__no_favorable_group,37778,2,Jazz2-110-Bb,02_Jazz2-110-Bb_comp.jams,770251,4,4,3,3,mixed,-0.2650713324546814,0.14133647084236145,0.6262400793650794,False,0
regression_loops_posthoc__source_count90__no_favorable_group,37782,2,Jazz2-110-Bb,02_Jazz2-110-Bb_comp.jams,788576,3,4,3,4,regression_favored,-0.3361344635486603,-0.07382351160049438,0.5307203389830508,True,-1
regression_loops_posthoc__source_count90__no_favorable_group,37793,2,Jazz2-110-Bb,02_Jazz2-110-Bb_comp.jams,820715,4,4,3,3,mixed,-0.061357200145721436,0.5032894611358643,0.35225866336633666,False,0
regression_loops_posthoc__source_count90__no_favorable_group,37828,2,Jazz2-110-Bb,02_Jazz2-110-Bb_comp.jams,931364,2,4,3,3,mixed,-0.24763637781143188,0.014701485633850098,0.5115740740740741,False,0
regression_loops_posthoc__source_count90__no_favorable_group,37839,2,Jazz2-110-Bb,02_Jazz2-110-Bb_comp.jams,962308,3,4,3,3,mixed,-0.0806846022605896,0.1904761791229248,0.4730392156862745,False,0
regression_loops_posthoc__source_count90__no_favorable_group,37965,2,Jazz2-110-Bb,02_Jazz2-110-Bb_comp.jams,1290267,2,4,2,2,correction_favored,0.10000000894069672,0.3503991365432739,0.05374313186813187,False,0
regression_loops_posthoc__source_count90__no_favorable_group,37981,2,Jazz2-110-Bb,02_Jazz2-110-Bb_comp.jams,1325160,4,4,3,4,regression_favored,-0.2921348214149475,-0.029185861349105835,0.39199862637362637,True,1
regression_loops_posthoc__source_count90__no_favorable_group,38004,2,Jazz2-110-Bb,02_Jazz2-110-Bb_comp.jams,1408721,2,3,2,2,mixed,-0.08344069123268127,0.1116773784160614,0.1736111111111111,False,0
regression_loops_posthoc__source_count90__no_favorable_group,39819,2,Rock1-130-A,02_Rock1-130-A_comp.jams,8,2,2,3,3,mixed,-0.21317024528980255,0.06836506724357605,0.2780877976190476,False,0
regression_loops_posthoc__source_count90__no_favorable_group,39832,2,Rock1-130-A,02_Rock1-130-A_comp.jams,30942,3,3,2,2,correction_favored,0.014400005340576172,0.3387256860733032,0.3369891826923077,False,0
regression_loops_posthoc__source_count90__no_favorable_group,39833,2,Rock1-130-A,02_Rock1-130-A_comp.jams,32738,2,2,3,3,mixed,-0.16643837094306946,0.039271265268325806,0.26801470588235293,False,0
regression_loops_posthoc__source_count90__no_favorable_group,39865,2,Rock1-130-A,02_Rock1-130-A_comp.jams,143424,1,4,3,4,regression_favored,-0.29513514041900635,-0.069989413022995,0.6317934782608695,True,0
regression_loops_posthoc__source_count90__no_favorable_group,39984,2,Rock1-130-A,02_Rock1-130-A_comp.jams,478957,3,2,3,3,mixed,-0.06982392072677612,0.16155758500099182,0.09661989795918367,False,0
regression_loops_posthoc__source_count90__no_favorable_group,40023,2,Rock1-130-A,02_Rock1-130-A_comp.jams,632038,2,2,3,3,mixed,-0.2138713151216507,0.11354206502437592,0.37566489361702127,False,0
regression_loops_posthoc__source_count90__no_favorable_group,40102,2,Rock1-130-A,02_Rock1-130-A_comp.jams,844695,2,3,2,2,correction_favored,0.0990196019411087,0.3573119044303894,0.5843178353658537,False,0
regression_loops_posthoc__source_count90__no_favorable_group,40119,2,Rock1-130-A,02_Rock1-130-A_comp.jams,886924,3,4,3,4,regression_favored,-0.09810426831245422,-0.09810426831245422,0.28125,True,-1
regression_loops_posthoc__source_count90__no_favorable_group,41556,2,Rock2-85-F,02_Rock2-85-F_comp.jams,487938,1,3,2,2,correction_favored,0.05296871066093445,0.43243247270584106,0.4684734513274336,False,0
regression_loops_posthoc__source_count90__no_favorable_group,41584,2,Rock2-85-F,02_Rock2-85-F_comp.jams,560824,3,2,3,3,mixed,-0.12353532016277313,0.16831737756729126,0.4662964876033058,False,0
regression_loops_posthoc__source_count90__no_favorable_group,41772,2,Rock2-85-F,02_Rock2-85-F_comp.jams,1183840,3,2,3,2,regression_favored,-0.2628762722015381,-0.04364904761314392,0.1806640625,True,-1
regression_loops_posthoc__source_count90__no_favorable_group,41895,2,Rock2-85-F,02_Rock2-85-F_comp.jams,1556657,4,2,4,4,mixed,-0.5555555820465088,0.20879121124744415,0.11300223214285714,False,0
regression_loops_posthoc__source_count90__no_favorable_group,41978,2,Rock2-85-F,02_Rock2-85-F_comp.jams,1774190,1,4,2,2,mixed,-0.06111110746860504,0.3958333134651184,0.07355349344978165,False,0
regression_loops_posthoc__source_count90__no_favorable_group,42005,2,Rock2-85-F,02_Rock2-85-F_comp.jams,1851574,2,4,3,3,mixed,-0.14257052540779114,0.1624850630760193,0.5529891304347826,False,0
regression_loops_posthoc__source_count90__no_favorable_group,42014,2,Rock2-85-F,02_Rock2-85-F_comp.jams,1898698,3,4,3,3,mixed,-0.20967742800712585,0.3477477431297302,0.5604292168674698,False,0
regression_loops_posthoc__source_count90__no_favorable_group,42041,2,Rock2-85-F,02_Rock2-85-F_comp.jams,1961050,1,4,2,2,correction_favored,0.0020242929458618164,0.35853976011276245,0.0790264423076923,False,0
regression_loops_posthoc__source_count90__no_favorable_group,48802,2,Funk1-114-Ab,03_Funk1-114-Ab_comp.jams,209742,3,4,3,3,mixed,-0.28131312131881714,0.41486069560050964,0.5755208333333334,False,0
regression_loops_posthoc__source_count90__no_favorable_group,48817,2,Funk1-114-Ab,03_Funk1-114-Ab_comp.jams,279466,4,4,3,4,regression_favored,-0.3409842848777771,-0.006944447755813599,0.634832974137931,True,1
regression_loops_posthoc__source_count90__no_favorable_group,48826,2,Funk1-114-Ab,03_Funk1-114-Ab_comp.jams,298439,1,4,2,2,correction_favored,0.04294827580451965,0.26455026865005493,0.35089476495726496,False,0
regression_loops_posthoc__source_count90__no_favorable_group,48829,2,Funk1-114-Ab,03_Funk1-114-Ab_comp.jams,313415,4,4,3,4,regression_favored,-0.24668028950691223,-0.13445377349853516,0.6896551724137931,True,1
regression_loops_posthoc__source_count90__no_favorable_group,48936,2,Funk1-114-Ab,03_Funk1-114-Ab_comp.jams,684645,4,4,3,4,regression_favored,-0.26401370763778687,-0.03125461935997009,0.774390243902439,True,1
regression_loops_posthoc__source_count90__no_favorable_group,48984,2,Funk1-114-Ab,03_Funk1-114-Ab_comp.jams,870674,3,4,3,3,mixed,-0.17770780622959137,0.3272971510887146,0.5850866336633663,False,0
regression_loops_posthoc__source_count90__no_favorable_group,49015,2,Funk1-114-Ab,03_Funk1-114-Ab_comp.jams,1030137,2,4,3,3,mixed,-0.045682668685913086,0.7333333492279053,0.4563210227272727,False,0
regression_loops_posthoc__source_count90__no_favorable_group,49023,2,Funk1-114-Ab,03_Funk1-114-Ab_comp.jams,1067593,3,4,3,4,regression_favored,-0.35866865515708923,-0.24837195873260498,0.6725,True,-1
regression_loops_posthoc__source_count90__no_favorable_group,51793,2,Jazz1-200-B,03_Jazz1-200-B_comp.jams,225052,4,4,3,3,mixed,-0.23432835936546326,0.5325077772140503,0.28498641304347827,False,0
regression_loops_posthoc__source_count90__no_favorable_group,51866,2,Jazz1-200-B,03_Jazz1-200-B_comp.jams,552462,3,4,2,2,mixed,-0.0165289044380188,0.3836671710014343,0.2589045698924731,False,0
regression_loops_posthoc__source_count90__no_favorable_group,51874,2,Jazz1-200-B,03_Jazz1-200-B_comp.jams,609201,4,4,3,3,mixed,-0.33495932817459106,0.5064935088157654,0.2747395833333333,False,0
regression_loops_posthoc__source_count90__no_favorable_group,51963,2,Jazz2-110-Bb,03_Jazz2-110-Bb_comp.jams,23283,4,4,3,3,mixed,-0.24456164240837097,0.10343426465988159,0.36946358267716534,False,0
regression_loops_posthoc__source_count90__no_favorable_group,51982,2,Jazz2-110-Bb,03_Jazz2-110-Bb_comp.jams,90572,0,4,2,2,mixed,-0.11436951160430908,0.32674771547317505,0.1432528409090909,False,0
regression_loops_posthoc__source_count90__no_favorable_group,51983,2,Jazz2-110-Bb,03_Jazz2-110-Bb_comp.jams,96552,3,4,2,2,mixed,-0.17224879562854767,0.28125,0.2461872009569378,False,0
regression_loops_posthoc__source_count90__no_favorable_group,52140,2,Jazz2-110-Bb,03_Jazz2-110-Bb_comp.jams,647628,3,4,3,3,mixed,-0.11319723725318909,0.4736842215061188,0.3607201986754967,False,0
regression_loops_posthoc__source_count90__no_favorable_group,52169,2,Jazz2-110-Bb,03_Jazz2-110-Bb_comp.jams,769862,4,4,3,3,mixed,-0.4426111876964569,0.4655870795249939,0.29173259493670883,False,0
regression_loops_posthoc__source_count90__no_favorable_group,52198,2,Jazz2-110-Bb,03_Jazz2-110-Bb_comp.jams,865248,4,4,3,3,mixed,-0.2584269940853119,0.33538728952407837,0.31117021276595747,False,0
regression_loops_posthoc__source_count90__no_favorable_group,52215,2,Jazz2-110-Bb,03_Jazz2-110-Bb_comp.jams,962707,4,4,3,3,mixed,-0.26590266823768616,0.003159552812576294,0.2140625,False,0
regression_loops_posthoc__source_count90__no_favorable_group,52355,2,Jazz2-110-Bb,03_Jazz2-110-Bb_comp.jams,1443845,4,4,3,4,regression_favored,-0.2121882140636444,-0.2121882140636444,0.453125,True,1
regression_loops_posthoc__source_count90__no_favorable_group,53782,2,Rock1-130-A,03_Rock1-130-A_comp.jams,102637,3,4,3,3,mixed,-0.06385120749473572,0.133941650390625,0.5662715517241379,False,0
regression_loops_posthoc__source_count90__no_favorable_group,53849,2,Rock1-130-A,03_Rock1-130-A_comp.jams,273669,1,4,2,2,correction_favored,0.09080187976360321,0.43359375,0.07258357558139535,False,0
regression_loops_posthoc__source_count90__no_favorable_group,53870,2,Rock1-130-A,03_Rock1-130-A_comp.jams,325102,2,4,2,2,correction_favored,0.05274726450443268,0.2570902109146118,0.023214285714285715,False,0
regression_loops_posthoc__source_count90__no_favorable_group,53882,2,Rock1-130-A,03_Rock1-130-A_comp.jams,358103,2,4,2,2,correction_favored,0.05222436785697937,0.523809552192688,0.39226190476190476,False,0
regression_loops_posthoc__source_count90__no_favorable_group,53886,2,Rock1-130-A,03_Rock1-130-A_comp.jams,367766,4,4,3,3,mixed,-0.25277087092399597,0.02805955708026886,0.6025390625,False,0
regression_loops_posthoc__source_count90__no_favorable_group,53932,2,Rock1-130-A,03_Rock1-130-A_comp.jams,467223,3,4,2,2,mixed,-0.08888888359069824,0.14374998211860657,0.05674342105263158,False,0
regression_loops_posthoc__source_count90__no_favorable_group,53948,2,Rock1-130-A,03_Rock1-130-A_comp.jams,508576,2,4,2,2,correction_favored,0.10891088843345642,0.3428176939487457,0.06578125,False,0
regression_loops_posthoc__source_count90__no_favorable_group,54000,2,Rock1-130-A,03_Rock1-130-A_comp.jams,650321,3,3,2,2,mixed,-0.11622573435306549,0.3387256860733032,0.3344155844155844,False,0
regression_loops_posthoc__source_count90__no_favorable_group,54029,2,Rock1-130-A,03_Rock1-130-A_comp.jams,722416,3,4,3,3,mixed,-0.2476363629102707,0.1153402328491211,0.44664634146341464,False,0
regression_loops_posthoc__source_count90__no_favorable_group,54037,2,Rock1-130-A,03_Rock1-130-A_comp.jams,741590,2,3,2,2,mixed,-0.01837196946144104,0.08958934247493744,0.24876644736842105,False,0
regression_loops_posthoc__source_count90__no_favorable_group,54038,2,Rock1-130-A,03_Rock1-130-A_comp.jams,743753,2,4,2,2,correction_favored,0.06226415932178497,0.3551020324230194,0.269281914893617,False,0
regression_loops_posthoc__source_count90__no_favorable_group,54042,2,Rock1-130-A,03_Rock1-130-A_comp.jams,753980,1,3,2,2,correction_favored,0.10629181563854218,0.33718687295913696,0.5899808114035088,False,0
regression_loops_posthoc__source_count90__no_favorable_group,54050,2,Rock1-130-A,03_Rock1-130-A_comp.jams,772235,3,4,3,4,regression_favored,-0.24153019487857819,-0.024366945028305054,0.606468023255814,True,-1
regression_loops_posthoc__source_count90__no_favorable_group,54059,2,Rock1-130-A,03_Rock1-130-A_comp.jams,792949,3,4,2,2,mixed,-0.16583377122879028,0.3214762210845947,0.2275,False,0
regression_loops_posthoc__source_count90__no_favorable_group,54086,2,Rock1-130-A,03_Rock1-130-A_comp.jams,864601,2,2,3,3,mixed,-0.0633818507194519,0.22392059862613678,0.3921875,False,0
regression_loops_posthoc__source_count90__no_favorable_group,54106,2,Rock1-130-A,03_Rock1-130-A_comp.jams,915452,2,3,2,2,mixed,-0.18260419368743896,0.09176468849182129,0.20907738095238096,False,0
regression_loops_posthoc__source_count90__no_favorable_group,54111,2,Rock1-130-A,03_Rock1-130-A_comp.jams,927148,1,4,3,3,correction_favored,0.07838132977485657,0.07838132977485657,0.421875,False,0
regression_loops_posthoc__source_count90__no_favorable_group,55515,2,Rock2-85-F,03_Rock2-85-F_comp.jams,121919,2,4,3,3,mixed,-0.2174137532711029,0.24740123748779297,0.47790310650887574,False,0
regression_loops_posthoc__source_count90__no_favorable_group,55645,2,Rock2-85-F,03_Rock2-85-F_comp.jams,543810,2,4,2,2,correction_favored,0.2179752141237259,0.2179752141237259,0.0625,False,0
regression_loops_posthoc__source_count90__no_favorable_group,55675,2,Rock2-85-F,03_Rock2-85-F_comp.jams,647096,3,3,2,2,mixed,-0.05411764979362488,0.2072213590145111,0.5662715517241379,False,0
regression_loops_posthoc__source_count90__no_favorable_group,55831,2,Rock2-85-F,03_Rock2-85-F_comp.jams,1018519,2,3,2,2,correction_favored,0.009553223848342896,0.3888888955116272,0.3160006830601093,False,0
regression_loops_posthoc__source_count90__no_favorable_group,55836,2,Rock2-85-F,03_Rock2-85-F_comp.jams,1041888,3,4,2,2,correction_favored,0.21369540691375732,0.2802325487136841,0.125,False,0
regression_loops_posthoc__source_count90__no_favorable_group,55850,2,Rock2-85-F,03_Rock2-85-F_comp.jams,1072666,1,3,2,2,mixed,-0.09144619107246399,0.3888888955116272,0.35527432126696834,False,0
regression_loops_posthoc__source_count90__no_favorable_group,55855,2,Rock2-85-F,03_Rock2-85-F_comp.jams,1088794,4,4,3,3,mixed,-0.064659982919693,0.2130081057548523,0.6285460992907801,False,0
regression_loops_posthoc__source_count90__no_favorable_group,55862,2,Rock2-85-F,03_Rock2-85-F_comp.jams,1117488,1,4,2,2,correction_favored,0.02630007266998291,0.3518821597099304,0.1236857476635514,False,0
regression_loops_posthoc__source_count90__no_favorable_group,55863,2,Rock2-85-F,03_Rock2-85-F_comp.jams,1119278,3,3,2,3,regression_favored,-0.297783225774765,-0.002590686082839966,0.3133138020833333,True,1
regression_loops_posthoc__source_count90__no_favorable_group,55877,2,Rock2-85-F,03_Rock2-85-F_comp.jams,1165271,2,3,2,2,correction_favored,0.03187251091003418,0.4117647409439087,0.2306219362745098,False,0
regression_loops_posthoc__source_count90__no_favorable_group,55940,2,Rock2-85-F,03_Rock2-85-F_comp.jams,1336841,3,4,5,5,mixed,-0.38749998807907104,0.17142857611179352,0.038125,False,0
regression_loops_posthoc__source_count90__no_favorable_group,55948,2,Rock2-85-F,03_Rock2-85-F_comp.jams,1369592,2,4,2,2,mixed,-0.01964285969734192,0.3958333134651184,0.06341240875912409,False,0
regression_loops_posthoc__source_count90__no_favorable_group,55989,2,Rock2-85-F,03_Rock2-85-F_comp.jams,1461538,3,4,2,2,correction_favored,0.10686768591403961,0.3344718813896179,0.08918269230769231,False,0
regression_loops_posthoc__source_count90__no_favorable_group,56008,2,Rock2-85-F,03_Rock2-85-F_comp.jams,1518301,3,4,3,4,regression_favored,-0.2690207362174988,-0.08436976373195648,0.4607077205882353,True,-1
regression_loops_posthoc__source_count90__no_favorable_group,56035,2,Rock2-85-F,03_Rock2-85-F_comp.jams,1620182,2,4,2,2,correction_favored,0.026446282863616943,0.4973958432674408,0.4244106359649123,False,0
regression_loops_posthoc__source_count90__no_favorable_group,56043,2,Rock2-85-F,03_Rock2-85-F_comp.jams,1663775,2,3,2,2,correction_favored,0.2853538393974304,0.32071608304977417,0.21875,False,0
regression_loops_posthoc__source_count90__no_favorable_group,56084,2,Rock2-85-F,03_Rock2-85-F_comp.jams,1790380,2,4,2,2,correction_favored,0.18996961414813995,0.38728323578834534,0.06808035714285714,False,0
regression_loops_posthoc__source_count90__no_favorable_group,56085,2,Rock2-85-F,03_Rock2-85-F_comp.jams,1792149,2,2,3,3,mixed,-0.13320079445838928,0.0422879159450531,0.3875,False,0
regression_loops_posthoc__source_count90__no_favorable_group,56132,2,Rock2-85-F,03_Rock2-85-F_comp.jams,1890795,1,3,2,2,correction_favored,0.09930796921253204,0.369905948638916,0.5133208525345622,False,0
regression_loops_posthoc__source_count90__no_favorable_group,56142,2,Rock2-85-F,03_Rock2-85-F_comp.jams,1912854,2,3,2,2,mixed,-0.01135188341140747,0.20278669893741608,0.32180851063829785,False,0
regression_loops_posthoc__source_count90__no_favorable_group,56204,2,Rock2-85-F,03_Rock2-85-F_solo.jams,356094,1,3,2,2,mixed,-0.16192957758903503,0.22453221678733826,0.2922747461928934,False,0
regression_loops_posthoc__source_count90__no_favorable_group,62103,2,Funk1-114-Ab,04_Funk1-114-Ab_comp.jams,18973,3,4,3,3,mixed,-0.18518519401550293,0.07692310214042664,0.5859375,False,0
regression_loops_posthoc__source_count90__no_favorable_group,62129,2,Funk1-114-Ab,04_Funk1-114-Ab_comp.jams,111846,3,4,3,3,mixed,-0.08801695704460144,0.006128221750259399,0.609375,False,0
regression_loops_posthoc__source_count90__no_favorable_group,62266,2,Funk1-114-Ab,04_Funk1-114-Ab_comp.jams,621934,3,4,3,3,mixed,-0.16959992051124573,0.39335179328918457,0.5237418831168831,False,0
regression_loops_posthoc__source_count90__no_favorable_group,62302,2,Funk1-114-Ab,04_Funk1-114-Ab_comp.jams,753891,3,4,3,3,mixed,-0.29230767488479614,0.11246612668037415,0.6573660714285714,False,0
regression_loops_posthoc__source_count90__no_favorable_group,62324,2,Funk1-114-Ab,04_Funk1-114-Ab_comp.jams,846375,3,4,3,3,mixed,-0.23728814721107483,0.09914079308509827,0.589325221238938,False,0
regression_loops_posthoc__source_count90__no_favorable_group,62380,2,Funk1-114-Ab,04_Funk1-114-Ab_comp.jams,1051163,3,4,3,3,mixed,-0.017761647701263428,0.239215686917305,0.5350694444444445,False,0
regression_loops_posthoc__source_count90__no_favorable_group,62383,2,Funk1-114-Ab,04_Funk1-114-Ab_comp.jams,1061533,0,3,2,2,mixed,-0.02660427987575531,0.15351620316505432,0.21498842592592593,False,0
regression_loops_posthoc__source_count90__no_favorable_group,62389,2,Funk1-114-Ab,04_Funk1-114-Ab_comp.jams,1078810,2,4,3,4,regression_favored,-0.27286726236343384,-0.014824986457824707,0.37642045454545453,True,0
regression_loops_posthoc__source_count90__no_favorable_group,62396,2,Funk1-114-Ab,04_Funk1-114-Ab_comp.jams,1102203,4,4,3,3,mixed,-0.14635717868804932,0.21400247514247894,0.53671875,False,0
regression_loops_posthoc__source_count90__no_favorable_group,65495,2,Jazz1-200-B,04_Jazz1-200-B_comp.jams,79281,2,4,3,3,mixed,-0.38596493005752563,0.24740123748779297,0.4994612068965517,False,0
regression_loops_posthoc__source_count90__no_favorable_group,65584,2,Jazz1-200-B,04_Jazz1-200-B_comp.jams,357637,4,4,2,2,mixed,-0.17224879562854767,0.3934760093688965,0.2874445266272189,False,0
regression_loops_posthoc__source_count90__no_favorable_group,65623,2,Jazz1-200-B,04_Jazz1-200-B_comp.jams,452123,0,3,2,2,mixed,-0.11812102794647217,0.20227272808551788,0.6022185114503816,False,0
regression_loops_posthoc__source_count90__no_favorable_group,65627,2,Jazz1-200-B,04_Jazz1-200-B_comp.jams,463208,0,4,3,4,regression_favored,-0.28330206871032715,-0.28330206871032715,0.421875,True,0
regression_loops_posthoc__source_count90__no_favorable_group,65641,2,Jazz1-200-B,04_Jazz1-200-B_comp.jams,503226,1,4,3,4,regression_favored,-0.291302353143692,-0.004056811332702637,0.4975066489361702,True,0
regression_loops_posthoc__source_count90__no_favorable_group,65646,2,Jazz1-200-B,04_Jazz1-200-B_comp.jams,515853,3,4,3,4,regression_favored,-0.10811170935630798,-0.035630226135253906,0.41015625,True,-1
regression_loops_posthoc__source_count90__no_favorable_group,65904,2,Jazz2-110-Bb,04_Jazz2-110-Bb_comp.jams,362422,3,4,3,3,mixed,-0.1096099317073822,0.4345237910747528,0.5380608974358975,False,0
regression_loops_posthoc__source_count90__no_favorable_group,65908,2,Jazz2-110-Bb,04_Jazz2-110-Bb_comp.jams,385761,1,4,2,2,mixed,-0.08264462649822235,0.38220423460006714,0.40774183417085424,False,0
regression_loops_posthoc__source_count90__no_favorable_group,66074,2,Jazz2-110-Bb,04_Jazz2-110-Bb_comp.jams,1009846,4,4,2,2,mixed,-0.12384715676307678,0.48515772819519043,0.5177469135802469,False,0
regression_loops_posthoc__source_count90__no_favorable_group,66205,2,Jazz2-110-Bb,04_Jazz2-110-Bb_comp.jams,1435057,3,4,3,3,mixed,-0.07181480526924133,0.05032725632190704,0.15625,False,0
regression_loops_posthoc__source_count90__no_favorable_group,67794,2,Rock1-130-A,04_Rock1-130-A_comp.jams,397836,2,4,2,2,correction_favored,0.0908285528421402,0.4859335422515869,0.5931664937759336,False,0
regression_loops_posthoc__source_count90__no_favorable_group,67831,2,Rock1-130-A,04_Rock1-130-A_comp.jams,487955,2,4,2,2,mixed,-0.041614919900894165,0.3008546829223633,0.06510416666666667,False,0
regression_loops_posthoc__source_count90__no_favorable_group,67867,2,Rock1-130-A,04_Rock1-130-A_comp.jams,591098,2,2,3,2,regression_favored,-0.21726617217063904,-0.06365834176540375,0.3879354508196721,True,1
regression_loops_posthoc__source_count90__no_favorable_group,67893,2,Rock1-130-A,04_Rock1-130-A_comp.jams,671715,1,3,2,2,correction_favored,0.039821773767471313,0.39072126150131226,0.3428819444444444,False,0
regression_loops_posthoc__source_count90__no_favorable_group,68085,2,Rock1-130-A,04_Rock1-130-A_solo.jams,671730,2,3,2,2,correction_favored,0.04259708523750305,0.5714285969734192,0.6643542531120332,False,0
regression_loops_posthoc__source_count90__no_favorable_group,69527,2,Rock2-85-F,04_Rock2-85-F_comp.jams,435596,1,4,3,4,regression_favored,-0.2762805223464966,-0.14014895260334015,0.20833333333333334,True,0
regression_loops_posthoc__source_count90__no_favorable_group,69556,2,Rock2-85-F,04_Rock2-85-F_comp.jams,526421,1,4,2,2,mixed,-0.006734013557434082,0.3526785671710968,0.23684210526315788,False,0
regression_loops_posthoc__source_count90__no_favorable_group,69571,2,Rock2-85-F,04_Rock2-85-F_comp.jams,560160,1,4,3,3,mixed,-0.20045292377471924,0.027812421321868896,0.4879701327433628,False,0
regression_loops_posthoc__source_count90__no_favorable_group,69578,2,Rock2-85-F,04_Rock2-85-F_comp.jams,575308,1,4,2,2,correction_favored,0.016304731369018555,0.32679739594459534,0.35825892857142855,False,0
regression_loops_posthoc__source_count90__no_favorable_group,69585,2,Rock2-85-F,04_Rock2-85-F_comp.jams,590481,1,3,2,2,mixed,-0.035326093435287476,0.12065748870372772,0.6015625,False,0
regression_loops_posthoc__source_count90__no_favorable_group,69594,2,Rock2-85-F,04_Rock2-85-F_comp.jams,622231,1,2,3,3,mixed,-0.27281948924064636,0.08421051502227783,0.22307981927710843,False,0
regression_loops_posthoc__source_count90__no_favorable_group,69612,2,Rock2-85-F,04_Rock2-85-F_comp.jams,668877,1,4,2,2,correction_favored,0.07249999046325684,0.3504273295402527,0.09746503496503496,False,0
regression_loops_posthoc__source_count90__no_favorable_group,69631,2,Rock2-85-F,04_Rock2-85-F_comp.jams,716871,1,4,3,3,mixed,-0.08058607578277588,0.028564125299453735,0.4575892857142857,False,0
regression_loops_posthoc__source_count90__no_favorable_group,69637,2,Rock2-85-F,04_Rock2-85-F_comp.jams,731322,1,3,2,2,mixed,-0.05139519274234772,0.27283746004104614,0.43916223404255317,False,0
regression_loops_posthoc__source_count90__no_favorable_group,69748,2,Rock2-85-F,04_Rock2-85-F_comp.jams,1009957,1,4,2,2,correction_favored,0.025675669312477112,0.45502644777297974,0.6009672619047619,False,0
regression_loops_posthoc__source_count90__no_favorable_group,69757,2,Rock2-85-F,04_Rock2-85-F_comp.jams,1040311,1,4,2,2,mixed,-0.11553029716014862,0.40412843227386475,0.2882440476190476,False,0
regression_loops_posthoc__source_count90__no_favorable_group,69779,2,Rock2-85-F,04_Rock2-85-F_comp.jams,1089065,1,4,2,2,mixed,-0.033950626850128174,0.39455780386924744,0.25129573170731706,False,0
regression_loops_posthoc__source_count90__no_favorable_group,69808,2,Rock2-85-F,04_Rock2-85-F_comp.jams,1215021,1,3,2,2,correction_favored,0.07620114088058472,0.3196403384208679,0.687,False,0
regression_loops_posthoc__source_count90__no_favorable_group,69883,2,Rock2-85-F,04_Rock2-85-F_comp.jams,1462568,1,4,3,4,regression_favored,-0.17790532112121582,-0.17790532112121582,0.34375,True,0
regression_loops_posthoc__source_count90__no_favorable_group,69895,2,Rock2-85-F,04_Rock2-85-F_comp.jams,1509995,1,4,3,4,regression_favored,-0.18942676484584808,-0.0028780698776245117,0.49583333333333335,True,0
regression_loops_posthoc__source_count90__no_favorable_group,69902,2,Rock2-85-F,04_Rock2-85-F_comp.jams,1524614,1,4,3,4,regression_favored,-0.1262195110321045,-0.1262195110321045,0.4375,True,0
regression_loops_posthoc__source_count90__no_favorable_group,69926,2,Rock2-85-F,04_Rock2-85-F_comp.jams,1586252,1,4,3,3,mixed,-0.11493834853172302,0.03327867388725281,0.53125,False,0
regression_loops_posthoc__source_count90__no_favorable_group,69955,2,Rock2-85-F,04_Rock2-85-F_comp.jams,1663268,1,4,2,2,mixed,-0.04066985845565796,0.4241071343421936,0.17522321428571427,False,0
regression_loops_posthoc__source_count90__no_favorable_group,69969,2,Rock2-85-F,04_Rock2-85-F_comp.jams,1694477,1,3,2,2,correction_favored,0.14525140821933746,0.3102174699306488,0.44056748466257667,False,0
regression_loops_posthoc__source_count90__no_favorable_group,69978,2,Rock2-85-F,04_Rock2-85-F_comp.jams,1712227,0,3,2,2,correction_favored,0.14788039028644562,0.32309865951538086,0.6818181818181818,False,0
regression_loops_posthoc__source_count90__no_favorable_group,69990,2,Rock2-85-F,04_Rock2-85-F_comp.jams,1758702,1,2,3,2,regression_favored,-0.3863905072212219,-0.14501076936721802,0.2711693548387097,True,0
regression_loops_posthoc__source_count90__no_favorable_group,70005,2,Rock2-85-F,04_Rock2-85-F_comp.jams,1789684,1,4,3,3,mixed,-0.1028260737657547,0.06521739065647125,0.4524553571428571,False,0
regression_loops_posthoc__source_count90__no_favorable_group,70012,2,Rock2-85-F,04_Rock2-85-F_comp.jams,1805078,1,3,2,2,mixed,-0.0383455753326416,0.002406015992164612,0.62890625,False,0
regression_loops_posthoc__source_count90__no_favorable_group,70027,2,Rock2-85-F,04_Rock2-85-F_comp.jams,1835048,1,3,2,2,mixed,-0.09974521398544312,0.14369036257266998,0.33816964285714285,False,0
regression_loops_posthoc__source_count90__no_favorable_group,70035,2,Rock2-85-F,04_Rock2-85-F_comp.jams,1851411,1,4,3,4,regression_favored,-0.12300319969654083,-0.04017215967178345,0.5364583333333334,True,0
regression_loops_posthoc__source_count90__no_favorable_group,70066,2,Rock2-85-F,04_Rock2-85-F_comp.jams,1914019,1,3,2,2,correction_favored,0.033771663904190063,0.377228319644928,0.4771341463414634,False,0
regression_loops_posthoc__source_count90__no_favorable_group,70141,2,Rock2-85-F,04_Rock2-85-F_solo.jams,402679,2,2,3,3,mixed,-0.04932805895805359,0.17595148086547852,0.3535610465116279,False,0
regression_loops_posthoc__source_count90__no_favorable_group,70226,2,Rock2-85-F,04_Rock2-85-F_solo.jams,1308585,2,2,3,3,mixed,-0.27203649282455444,0.3294117748737335,0.2911184210526316,False,0
regression_loops_posthoc__source_count90__no_favorable_group,2148,4,Funk2-108-Eb,00_Funk2-108-Eb_comp.jams,4,4,3,4,4,mixed,-0.2215454876422882,0.06338027119636536,0.21887807377049182,False,0
regression_loops_posthoc__source_count90__no_favorable_group,2160,4,Funk2-108-Eb,00_Funk2-108-Eb_comp.jams,37692,4,3,4,4,mixed,-0.020289838314056396,0.11794871091842651,0.059375,False,0
regression_loops_posthoc__source_count90__no_favorable_group,2166,4,Funk2-108-Eb,00_Funk2-108-Eb_comp.jams,57270,4,3,5,5,mixed,-0.485714316368103,0.07692307233810425,0.05133928571428571,False,0
regression_loops_posthoc__source_count90__no_favorable_group,2174,4,Funk2-108-Eb,00_Funk2-108-Eb_comp.jams,74057,4,3,5,3,regression_favored,-0.3333333134651184,-0.04255318641662598,0.06589673913043478,True,0
regression_loops_posthoc__source_count90__no_favorable_group,2182,4,Funk2-108-Eb,00_Funk2-108-Eb_comp.jams,97071,2,3,2,2,correction_favored,0.0999174416065216,0.21543574333190918,0.5185546875,False,0
regression_loops_posthoc__source_count90__no_favorable_group,2197,4,Funk2-108-Eb,00_Funk2-108-Eb_comp.jams,134759,3,3,4,4,mixed,-0.15686273574829102,0.0992647111415863,0.10014204545454546,False,0
regression_loops_posthoc__source_count90__no_favorable_group,2224,4,Funk2-108-Eb,00_Funk2-108-Eb_comp.jams,202606,5,3,4,4,correction_favored,0.1324041783809662,0.3375382125377655,0.213125,False,0
regression_loops_posthoc__source_count90__no_favorable_group,2256,4,Funk2-108-Eb,00_Funk2-108-Eb_comp.jams,269218,5,3,4,4,mixed,-0.2570422291755676,0.38827836513519287,0.23461354961832062,False,0
regression_loops_posthoc__source_count90__no_favorable_group,2261,4,Funk2-108-Eb,00_Funk2-108-Eb_comp.jams,294058,4,3,4,4,mixed,-0.16086432337760925,0.1899852603673935,0.200625,False,0
regression_loops_posthoc__source_count90__no_favorable_group,2266,4,Funk2-108-Eb,00_Funk2-108-Eb_comp.jams,312004,3,3,2,2,mixed,-0.27303463220596313,0.1278870850801468,0.2927807486631016,False,0
regression_loops_posthoc__source_count90__no_favorable_group,2289,4,Funk2-108-Eb,00_Funk2-108-Eb_comp.jams,399617,3,3,2,2,mixed,-0.18466900289058685,0.14022141695022583,0.36242138364779874,False,0
regression_loops_posthoc__source_count90__no_favorable_group,2313,4,Funk2-108-Eb,00_Funk2-108-Eb_comp.jams,465243,4,3,4,3,regression_favored,-0.10553410649299622,-0.03030303120613098,0.13020833333333334,True,-1
regression_loops_posthoc__source_count90__no_favorable_group,2319,4,Funk2-108-Eb,00_Funk2-108-Eb_comp.jams,483974,4,3,4,3,regression_favored,-0.13664597272872925,-0.018375247716903687,0.19140625,True,-1
regression_loops_posthoc__source_count90__no_favorable_group,2322,4,Funk2-108-Eb,00_Funk2-108-Eb_comp.jams,490302,5,3,4,4,correction_favored,0.2195122092962265,0.284231036901474,0.19791666666666666,False,0
regression_loops_posthoc__source_count90__no_favorable_group,2325,4,Funk2-108-Eb,00_Funk2-108-Eb_comp.jams,496455,5,3,4,4,mixed,-0.22770561277866364,0.104347825050354,0.07467296511627906,False,0
regression_loops_posthoc__source_count90__no_favorable_group,2372,4,Funk2-108-Eb,00_Funk2-108-Eb_comp.jams,644989,4,3,2,2,mixed,-0.0424489825963974,0.1748802214860916,0.584375,False,0
regression_loops_posthoc__source_count90__no_favorable_group,2404,4,Funk2-108-Eb,00_Funk2-108-Eb_comp.jams,740097,5,3,2,2,mixed,-0.11900825798511505,0.11855101585388184,0.4873046875,False,0
regression_loops_posthoc__source_count90__no_favorable_group,2418,4,Funk2-108-Eb,00_Funk2-108-Eb_comp.jams,770056,4,3,2,2,mixed,-0.08796297013759613,0.1623517870903015,0.6315104166666666,False,0
regression_loops_posthoc__source_count90__no_favorable_group,2420,4,Funk2-108-Eb,00_Funk2-108-Eb_comp.jams,777960,1,2,3,2,regression_favored,-0.23011362552642822,-0.14703556895256042,0.3203125,True,0
regression_loops_posthoc__source_count90__no_favorable_group,2447,4,Funk2-108-Eb,00_Funk2-108-Eb_comp.jams,859117,6,3,4,4,mixed,-0.10326084494590759,0.2538275718688965,0.1575741525423729,False,0
regression_loops_posthoc__source_count90__no_favorable_group,2459,4,Funk2-108-Eb,00_Funk2-108-Eb_comp.jams,893819,5,3,4,4,mixed,-0.2509346008300781,0.2173374891281128,0.11825980392156862,False,0
regression_loops_posthoc__source_count90__no_favorable_group,2467,4,Funk2-108-Eb,00_Funk2-108-Eb_comp.jams,912479,5,3,4,4,mixed,-0.1785714328289032,0.12686039507389069,0.0744201030927835,False,0
regression_loops_posthoc__source_count90__no_favorable_group,2474,4,Funk2-108-Eb,00_Funk2-108-Eb_comp.jams,928752,3,3,4,4,mixed,-0.2064264714717865,0.2657534182071686,0.16546875,False,0
regression_loops_posthoc__source_count90__no_favorable_group,2494,4,Funk2-108-Eb,00_Funk2-108-Eb_comp.jams,972907,4,3,2,2,mixed,-0.1872391700744629,0.058402955532073975,0.3585069444444444,False,0
regression_loops_posthoc__source_count90__no_favorable_group,2512,4,Funk2-108-Eb,00_Funk2-108-Eb_comp.jams,1010690,5,3,4,4,mixed,-0.1617647111415863,0.21176470816135406,0.12715022935779816,False,0
regression_loops_posthoc__source_count90__no_favorable_group,2531,4,Funk2-108-Eb,00_Funk2-108-Eb_comp.jams,1048547,5,3,4,4,mixed,-0.27881622314453125,0.16965943574905396,0.08523882113821138,False,0
regression_loops_posthoc__source_count90__no_favorable_group,2554,4,Funk2-108-Eb,00_Funk2-108-Eb_comp.jams,1124360,4,3,2,2,correction_favored,0.06788793206214905,0.25709715485572815,0.4930268595041322,False,0
regression_loops_posthoc__source_count90__no_favorable_group,2561,4,Funk2-108-Eb,00_Funk2-108-Eb_comp.jams,1152222,4,3,5,3,regression_favored,-0.40808823704719543,-0.045112788677215576,0.0765625,True,0
regression_loops_posthoc__source_count90__no_favorable_group,2566,4,Funk2-108-Eb,00_Funk2-108-Eb_comp.jams,1170495,0,3,2,2,mixed,-0.03973013162612915,0.28042328357696533,0.27808887283236994,False,0
regression_loops_posthoc__source_count90__no_favorable_group,2574,4,Funk2-108-Eb,00_Funk2-108-Eb_comp.jams,1206927,4,3,5,3,regression_favored,-0.48750001192092896,0.0,0.06295955882352941,True,0
regression_loops_posthoc__source_count90__no_favorable_group,2582,4,Funk2-108-Eb,00_Funk2-108-Eb_comp.jams,1223578,4,3,2,2,mixed,-0.1360023021697998,0.09280706942081451,0.35453869047619047,False,0
regression_loops_posthoc__source_count90__no_favorable_group,2583,4,Funk2-108-Eb,00_Funk2-108-Eb_comp.jams,1225435,0,3,2,2,mixed,-0.12937061488628387,0.10694444179534912,0.578998447204969,False,0
regression_loops_posthoc__source_count90__no_favorable_group,2613,4,Funk2-108-Eb,00_Funk2-108-Eb_comp.jams,1299075,4,3,4,4,mixed,-0.25,0.307692289352417,0.12077205882352941,False,0
regression_loops_posthoc__source_count90__no_favorable_group,2639,4,Funk2-108-Eb,00_Funk2-108-Eb_comp.jams,1359512,5,3,2,2,mixed,-0.1666666567325592,0.11716504395008087,0.4488011006289308,False,0
regression_loops_posthoc__source_count90__no_favorable_group,2653,4,Funk2-108-Eb,00_Funk2-108-Eb_comp.jams,1409229,4,3,4,4,mixed,-0.18317151069641113,0.2666666805744171,0.1258491847826087,False,0
regression_loops_posthoc__source_count90__no_favorable_group,2660,4,Funk2-108-Eb,00_Funk2-108-Eb_comp.jams,1428173,4,3,2,2,mixed,-0.16010114550590515,0.1189458966255188,0.4550970873786408,False,0
regression_loops_posthoc__source_count90__no_favorable_group,2665,4,Funk2-108-Eb,00_Funk2-108-Eb_comp.jams,1439537,4,3,5,3,regression_favored,-0.4155844449996948,0.0,0.028645833333333332,True,0
regression_loops_posthoc__source_count90__no_favorable_group,2674,4,Funk2-108-Eb,00_Funk2-108-Eb_comp.jams,1482611,5,3,5,5,mixed,-0.2521008253097534,0.07692308723926544,0.023848684210526317,False,0
regression_loops_posthoc__source_count90__no_favorable_group,2680,4,Funk2-108-Eb,00_Funk2-108-Eb_comp.jams,1495178,4,3,2,2,mixed,-0.19323670864105225,0.08552317321300507,0.4540127840909091,False,0
regression_loops_posthoc__source_count90__no_favorable_group,2684,4,Funk2-108-Eb,00_Funk2-108-Eb_comp.jams,1519790,4,3,2,2,mixed,-0.19173553586006165,0.11682727932929993,0.3788422131147541,False,0
regression_loops_posthoc__source_count90__no_favorable_group,2689,4,Funk2-108-Eb,00_Funk2-108-Eb_comp.jams,1536806,4,3,2,2,mixed,-0.174122154712677,0.09499022364616394,0.44294354838709676,False,0
regression_loops_posthoc__source_count90__no_favorable_group,5091,4,Jazz1-130-D,00_Jazz1-130-D_comp.jams,72908,3,3,5,3,regression_favored,-0.2190476357936859,-0.07499998807907104,0.065625,True,1
regression_loops_posthoc__source_count90__no_favorable_group,5108,4,Jazz1-130-D,00_Jazz1-130-D_comp.jams,141017,5,3,4,4,mixed,-0.03333333134651184,0.3399999737739563,0.13692434210526316,False,0
regression_loops_posthoc__source_count90__no_favorable_group,5141,4,Jazz1-130-D,00_Jazz1-130-D_comp.jams,215602,1,3,2,2,mixed,-0.009803920984268188,0.2662026882171631,0.315270390070922,False,0
regression_loops_posthoc__source_count90__no_favorable_group,5147,4,Jazz1-130-D,00_Jazz1-130-D_comp.jams,235580,5,3,4,4,mixed,-0.05718475580215454,0.23846152424812317,0.1689732142857143,False,0
regression_loops_posthoc__source_count90__no_favorable_group,5183,4,Jazz1-130-D,00_Jazz1-130-D_comp.jams,358751,3,3,4,4,correction_favored,0.06659507751464844,0.3371126353740692,0.22083333333333333,False,0
regression_loops_posthoc__source_count90__no_favorable_group,5196,4,Jazz1-130-D,00_Jazz1-130-D_comp.jams,385973,3,3,4,4,mixed,-0.20074766874313354,0.3464611768722534,0.2298228346456693,False,0
regression_loops_posthoc__source_count90__no_favorable_group,5220,4,Jazz1-130-D,00_Jazz1-130-D_comp.jams,438337,0,3,2,2,mixed,-0.10377359390258789,0.20946399867534637,0.3524038461538462,False,0
regression_loops_posthoc__source_count90__no_favorable_group,5278,4,Jazz1-130-D,00_Jazz1-130-D_comp.jams,642024,2,3,2,2,mixed,-0.19354839622974396,0.01791936159133911,0.44011976047904194,False,0
regression_loops_posthoc__source_count90__no_favorable_group,5285,4,Jazz1-130-D,00_Jazz1-130-D_comp.jams,672060,4,3,4,4,mixed,-0.1496598720550537,0.3202531933784485,0.12133487654320987,False,0
regression_loops_posthoc__source_count90__no_favorable_group,5298,4,Jazz1-130-D,00_Jazz1-130-D_comp.jams,704898,5,3,4,4,mixed,-0.07301588356494904,0.30635207891464233,0.20919296116504854,False,0
regression_loops_posthoc__source_count90__no_favorable_group,5303,4,Jazz1-130-D,00_Jazz1-130-D_comp.jams,725185,5,3,4,4,correction_favored,0.06969696283340454,0.2495894879102707,0.14564732142857142,False,0
regression_loops_posthoc__source_count90__no_favorable_group,5311,4,Jazz1-130-D,00_Jazz1-130-D_comp.jams,744788,3,3,2,2,mixed,-0.23933209478855133,0.1575188934803009,0.23077876984126985,False,0
regression_loops_posthoc__source_count90__no_favorable_group,5360,4,Jazz1-130-D,00_Jazz1-130-D_comp.jams,866681,1,3,2,2,correction_favored,0.005945295095443726,0.3377496004104614,0.4696557971014493,False,0
regression_loops_posthoc__source_count90__no_favorable_group,6877,4,Jazz3-137-Eb,00_Jazz3-137-Eb_comp.jams,19743,4,3,4,4,mixed,-0.060322850942611694,0.22749821841716766,0.1514945652173913,False,0
regression_loops_posthoc__source_count90__no_favorable_group,6886,4,Jazz3-137-Eb,00_Jazz3-137-Eb_comp.jams,50129,3,3,4,4,correction_favored,0.07897436618804932,0.20672784745693207,0.05803571428571429,False,0
regression_loops_posthoc__source_count90__no_favorable_group,6890,4,Jazz3-137-Eb,00_Jazz3-137-Eb_comp.jams,69767,3,3,2,3,regression_favored,-0.27489176392555237,-0.08663854002952576,0.5093201754385965,True,1
regression_loops_posthoc__source_count90__no_favorable_group,6939,4,Jazz3-137-Eb,00_Jazz3-137-Eb_comp.jams,224202,3,3,2,2,mixed,-0.20598912239074707,0.1683332473039627,0.3507486979166667,False,0
regression_loops_posthoc__source_count90__no_favorable_group,6944,4,Jazz3-137-Eb,00_Jazz3-137-Eb_comp.jams,270128,3,3,2,2,mixed,-0.19568966329097748,0.2541666626930237,0.35961174242424243,False,0
regression_loops_posthoc__source_count90__no_favorable_group,6981,4,Jazz3-137-Eb,00_Jazz3-137-Eb_comp.jams,424291,4,3,4,4,mixed,-0.011707305908203125,0.24450744688510895,0.08491847826086957,False,0
regression_loops_posthoc__source_count90__no_favorable_group,7053,4,Jazz3-137-Eb,00_Jazz3-137-Eb_comp.jams,670232,3,3,2,2,mixed,-0.09335574507713318,0.3261948823928833,0.45933948863636365,False,0
regression_loops_posthoc__source_count90__no_favorable_group,7055,4,Jazz3-137-Eb,00_Jazz3-137-Eb_comp.jams,688038,4,3,2,2,correction_favored,0.03529411554336548,0.42133331298828125,0.18046875,False,0
regression_loops_posthoc__source_count90__no_favorable_group,7064,4,Jazz3-137-Eb,00_Jazz3-137-Eb_comp.jams,715483,1,2,3,3,correction_favored,0.10270774364471436,0.24514305591583252,0.08423913043478261,False,0
regression_loops_posthoc__source_count90__no_favorable_group,7088,4,Jazz3-137-Eb,00_Jazz3-137-Eb_comp.jams,841521,3,3,2,2,correction_favored,0.07830995321273804,0.11100384593009949,0.1953125,False,0
regression_loops_posthoc__source_count90__no_favorable_group,7196,4,Jazz3-137-Eb,00_Jazz3-137-Eb_solo.jams,5,2,3,2,2,correction_favored,0.06500837206840515,0.33264458179473877,0.23304115853658536,False,0
regression_loops_posthoc__source_count90__no_favorable_group,7317,4,Jazz3-137-Eb,00_Jazz3-137-Eb_solo.jams,588921,1,3,2,2,mixed,-0.14175400137901306,0.07588759809732437,0.39575381679389315,False,0
regression_loops_posthoc__source_count90__no_favorable_group,7321,4,Jazz3-137-Eb,00_Jazz3-137-Eb_solo.jams,598843,1,3,2,2,mixed,-0.026883959770202637,0.31599998474121094,0.4100654069767442,False,0
regression_loops_posthoc__source_count90__no_favorable_group,7323,4,Jazz3-137-Eb,00_Jazz3-137-Eb_solo.jams,607947,1,3,2,2,mixed,-0.09814324975013733,0.31599998474121094,0.43153901734104044,False,0
regression_loops_posthoc__source_count90__no_favorable_group,7337,4,Jazz3-137-Eb,00_Jazz3-137-Eb_solo.jams,734420,1,3,2,2,mixed,-0.04688394069671631,0.30235934257507324,0.3856608072916667,False,0
regression_loops_posthoc__source_count90__no_favorable_group,8688,4,Rock1-90-C#,00_Rock1-90-C#_comp.jams,4,5,3,4,4,mixed,-0.16765107214450836,0.32655829191207886,0.21625,False,0
regression_loops_posthoc__source_count90__no_favorable_group,8701,4,Rock1-90-C#,00_Rock1-90-C#_comp.jams,29373,4,3,4,4,correction_favored,0.051627397537231445,0.2990456223487854,0.19886363636363635,False,0
regression_loops_posthoc__source_count90__no_favorable_group,8730,4,Rock1-90-C#,00_Rock1-90-C#_comp.jams,93647,4,3,2,2,correction_favored,0.016065984964370728,0.140916109085083,0.6959635416666666,False,0
regression_loops_posthoc__source_count90__no_favorable_group,8739,4,Rock1-90-C#,00_Rock1-90-C#_comp.jams,115570,5,3,5,5,mixed,-0.1515151411294937,0.0023529380559921265,0.1046875,False,0
regression_loops_posthoc__source_count90__no_favorable_group,8775,4,Rock1-90-C#,00_Rock1-90-C#_comp.jams,205699,5,3,4,4,mixed,-0.07836088538169861,0.31518983840942383,0.2447076612903226,False,0
regression_loops_posthoc__source_count90__no_favorable_group,8788,4,Rock1-90-C#,00_Rock1-90-C#_comp.jams,234854,5,3,5,3,regression_favored,-0.45333331823349,-0.07692307233810425,0.056573275862068964,True,-1
regression_loops_posthoc__source_count90__no_favorable_group,8797,4,Rock1-90-C#,00_Rock1-90-C#_comp.jams,256792,3,2,3,3,mixed,-0.06138741970062256,0.21706195175647736,0.20098039215686275,False,0
regression_loops_posthoc__source_count90__no_favorable_group,8801,4,Rock1-90-C#,00_Rock1-90-C#_comp.jams,265212,4,3,4,3,regression_favored,-0.07300511002540588,-0.037037044763565063,0.109375,True,-1
regression_loops_posthoc__source_count90__no_favorable_group,8837,4,Rock1-90-C#,00_Rock1-90-C#_comp.jams,346319,4,3,5,3,regression_favored,-0.44102567434310913,0.0,0.0579978813559322,True,0
regression_loops_posthoc__source_count90__no_favorable_group,8863,4,Rock1-90-C#,00_Rock1-90-C#_comp.jams,410492,4,3,5,5,mixed,-0.485714316368103,0.26153844594955444,0.0430222602739726,False,0
regression_loops_posthoc__source_count90__no_favorable_group,8874,4,Rock1-90-C#,00_Rock1-90-C#_comp.jams,438480,5,3,4,4,mixed,-0.057008713483810425,0.26530611515045166,0.19131944444444443,False,0
regression_loops_posthoc__source_count90__no_favorable_group,8875,4,Rock1-90-C#,00_Rock1-90-C#_comp.jams,440270,0,3,2,2,mixed,-0.08314606547355652,0.22628097236156464,0.5306299603174603,False,0
regression_loops_posthoc__source_count90__no_favorable_group,8901,4,Rock1-90-C#,00_Rock1-90-C#_comp.jams,501347,6,4,5,5,mixed,-0.07331377267837524,0.09052631258964539,0.196875,False,0
regression_loops_posthoc__source_count90__no_favorable_group,8909,4,Rock1-90-C#,00_Rock1-90-C#_comp.jams,522477,4,3,5,3,regression_favored,-0.4155844449996948,-0.07692308723926544,0.043198529411764705,True,0
regression_loops_posthoc__source_count90__no_favorable_group,8922,4,Rock1-90-C#,00_Rock1-90-C#_comp.jams,551075,4,3,5,3,regression_favored,-0.28342247009277344,-0.042857155203819275,0.09099264705882353,True,0
regression_loops_posthoc__source_count90__no_favorable_group,8940,4,Rock1-90-C#,00_Rock1-90-C#_comp.jams,586398,6,3,4,4,correction_favored,0.09388333559036255,0.09388333559036255,0.109375,False,0
regression_loops_posthoc__source_count90__no_favorable_group,8954,4,Rock1-90-C#,00_Rock1-90-C#_comp.jams,615332,4,3,5,3,regression_favored,-0.3636363744735718,-0.12820515036582947,0.052734375,True,0
regression_loops_posthoc__source_count90__no_favorable_group,8965,4,Rock1-90-C#,00_Rock1-90-C#_comp.jams,637185,3,3,2,3,regression_favored,-0.21847505867481232,-0.011680155992507935,0.41513480392156865,True,1
regression_loops_posthoc__source_count90__no_favorable_group,8981,4,Rock1-90-C#,00_Rock1-90-C#_comp.jams,674948,4,3,5,3,regression_favored,-0.34415584802627563,0.0,0.028125,True,0
regression_loops_posthoc__source_count90__no_favorable_group,9004,4,Rock1-90-C#,00_Rock1-90-C#_comp.jams,736184,5,3,4,4,correction_favored,0.013888895511627197,0.1768421083688736,0.2604166666666667,False,0
regression_loops_posthoc__source_count90__no_favorable_group,9024,4,Rock1-90-C#,00_Rock1-90-C#_comp.jams,781031,3,3,4,4,mixed,-0.08864864706993103,0.10140055418014526,0.1907051282051282,False,0
regression_loops_posthoc__source_count90__no_favorable_group,9032,4,Rock1-90-C#,00_Rock1-90-C#_comp.jams,801130,2,2,3,2,regression_favored,-0.1316818743944168,-0.0410672128200531,0.55859375,True,1
regression_loops_posthoc__source_count90__no_favorable_group,9075,4,Rock1-90-C#,00_Rock1-90-C#_comp.jams,901871,5,3,4,4,mixed,-0.05339804291725159,0.25998225808143616,0.11655405405405406,False,0
regression_loops_posthoc__source_count90__no_favorable_group,9088,4,Rock1-90-C#,00_Rock1-90-C#_comp.jams,932199,0,3,2,2,mixed,-0.12163960933685303,0.15669725835323334,0.44580853174603174,False,0
regression_loops_posthoc__source_count90__no_favorable_group,9108,4,Rock1-90-C#,00_Rock1-90-C#_comp.jams,990732,4,3,4,4,mixed,-0.21654929220676422,0.34390243887901306,0.1793064024390244,False,0
regression_loops_posthoc__source_count90__no_favorable_group,9133,4,Rock1-90-C#,00_Rock1-90-C#_comp.jams,1042615,6,4,5,5,mixed,-0.09999999403953552,0.5284091234207153,0.11960227272727272,False,0
regression_loops_posthoc__source_count90__no_favorable_group,9140,4,Rock1-90-C#,00_Rock1-90-C#_comp.jams,1056298,5,2,4,4,mixed,-0.20129869878292084,0.11080710589885712,0.08648255813953488,False,0
regression_loops_posthoc__source_count90__no_favorable_group,9165,4,Rock1-90-C#,00_Rock1-90-C#_comp.jams,1108285,6,3,4,4,mixed,-0.03988867998123169,0.1640816330909729,0.14375,False,0
regression_loops_posthoc__source_count90__no_favorable_group,9172,4,Rock1-90-C#,00_Rock1-90-C#_comp.jams,1122676,5,3,5,3,regression_favored,-0.15901455283164978,-0.15901455283164978,0.109375,True,-1
regression_loops_posthoc__source_count90__no_favorable_group,9173,4,Rock1-90-C#,00_Rock1-90-C#_comp.jams,1124568,1,2,3,2,regression_favored,-0.07319268584251404,-0.07319268584251404,0.21875,True,0
regression_loops_posthoc__source_count90__no_favorable_group,9176,4,Rock1-90-C#,00_Rock1-90-C#_comp.jams,1130282,5,3,2,2,mixed,-0.009736448526382446,0.12241670489311218,0.47681451612903225,False,0
regression_loops_posthoc__source_count90__no_favorable_group,9184,4,Rock1-90-C#,00_Rock1-90-C#_comp.jams,1145732,6,3,4,4,mixed,-0.09316769242286682,0.3239726126194,0.13349780701754385,False,0
regression_loops_posthoc__source_count90__no_favorable_group,9191,4,Rock1-90-C#,00_Rock1-90-C#_comp.jams,1160385,5,3,2,2,mixed,-0.2065051943063736,0.13751250505447388,0.4934593023255814,False,0
regression_loops_posthoc__source_count90__no_favorable_group,9196,4,Rock1-90-C#,00_Rock1-90-C#_comp.jams,1175051,6,3,4,4,correction_favored,0.044965773820877075,0.3876337707042694,0.2579166666666667,False,0
regression_loops_posthoc__source_count90__no_favorable_group,9211,4,Rock1-90-C#,00_Rock1-90-C#_comp.jams,1204658,6,3,2,2,correction_favored,0.0999174416065216,0.2725995182991028,0.46634615384615385,False,0
regression_loops_posthoc__source_count90__no_favorable_group,9250,4,Rock1-90-C#,00_Rock1-90-C#_comp.jams,1286816,1,3,2,3,regression_favored,-0.2439933717250824,-0.04153817892074585,0.4793462643678161,True,0
regression_loops_posthoc__source_count90__no_favorable_group,9296,4,Rock1-90-C#,00_Rock1-90-C#_comp.jams,1382162,5,3,2,3,regression_favored,-0.25655171275138855,-0.013026177883148193,0.62548828125,True,0
regression_loops_posthoc__source_count90__no_favorable_group,9367,4,Rock1-90-C#,00_Rock1-90-C#_solo.jams,168710,1,3,2,2,mixed,-0.16335587203502655,0.10822512209415436,0.49800531914893614,False,0
regression_loops_posthoc__source_count90__no_favorable_group,9469,4,Rock1-90-C#,00_Rock1-90-C#_solo.jams,468042,2,4,3,4,regression_favored,-0.1017129123210907,-0.021255433559417725,0.6744791666666666,True,0
regression_loops_posthoc__source_count90__no_favorable_group,9498,4,Rock1-90-C#,00_Rock1-90-C#_solo.jams,572589,2,2,3,3,mixed,-0.21965256333351135,0.02557229995727539,0.6019931102362205,False,0
regression_loops_posthoc__source_count90__no_favorable_group,9505,4,Rock1-90-C#,00_Rock1-90-C#_solo.jams,587219,2,4,2,2,mixed,-0.10625620186328888,0.4083484411239624,0.318299672489083,False,0
regression_loops_posthoc__source_count90__no_favorable_group,9527,4,Rock1-90-C#,00_Rock1-90-C#_solo.jams,645296,2,4,2,2,mixed,-0.21043124794960022,0.111111119389534,0.2550095419847328,False,0
regression_loops_posthoc__source_count90__no_favorable_group,14191,4,SS2-107-Ab,00_SS2-107-Ab_comp.jams,290204,1,3,2,2,mixed,-0.2939665913581848,0.1696428656578064,0.4789970930232558,False,0
regression_loops_posthoc__source_count90__no_favorable_group,14373,4,SS2-107-Ab,00_SS2-107-Ab_comp.jams,834213,1,3,2,3,regression_favored,-0.2208828181028366,-0.004495501518249512,0.546875,True,0
regression_loops_posthoc__source_count90__no_favorable_group,14450,4,SS2-107-Ab,00_SS2-107-Ab_comp.jams,1033928,1,3,2,2,mixed,-0.20117239654064178,0.1305403858423233,0.5728902284263959,False,0
regression_loops_posthoc__source_count90__no_favorable_group,14455,4,SS2-107-Ab,00_SS2-107-Ab_comp.jams,1046413,0,3,2,2,mixed,-0.193584606051445,0.1472645103931427,0.5060206422018348,False,0
regression_loops_posthoc__source_count90__no_favorable_group,14567,4,SS2-107-Ab,00_SS2-107-Ab_comp.jams,1416432,2,3,2,2,correction_favored,0.16767676174640656,0.1839839220046997,0.34375,False,0
regression_loops_posthoc__source_count90__no_favorable_group,14598,4,SS2-107-Ab,00_SS2-107-Ab_comp.jams,1497124,1,3,2,2,mixed,-0.2626751661300659,0.15529954433441162,0.4411114386792453,False,0
regression_loops_posthoc__source_count90__no_favorable_group,14627,4,SS2-107-Ab,00_SS2-107-Ab_comp.jams,1571601,0,3,2,2,mixed,-0.23374612629413605,0.12244898080825806,0.48011363636363635,False,0
regression_loops_posthoc__source_count90__no_favorable_group,18861,4,Funk2-108-Eb,01_Funk2-108-Eb_comp.jams,79421,3,3,5,3,regression_favored,-0.2014184445142746,-0.2014184445142746,0.046875,True,1
regression_loops_posthoc__source_count90__no_favorable_group,18891,4,Funk2-108-Eb,01_Funk2-108-Eb_comp.jams,208631,2,3,4,4,mixed,-0.3521624207496643,0.19387757778167725,0.05716765873015873,False,0
regression_loops_posthoc__source_count90__no_favorable_group,18908,4,Funk2-108-Eb,01_Funk2-108-Eb_comp.jams,281714,4,3,4,4,mixed,-0.00765305757522583,0.10278746485710144,0.2916666666666667,False,0
regression_loops_posthoc__source_count90__no_favorable_group,18952,4,Funk2-108-Eb,01_Funk2-108-Eb_comp.jams,460283,3,3,4,4,mixed,-0.06982871890068054,0.018264830112457275,0.1328125,False,0
regression_loops_posthoc__source_count90__no_favorable_group,18957,4,Funk2-108-Eb,01_Funk2-108-Eb_comp.jams,478918,1,3,2,2,mixed,-0.12591780722141266,0.08553458750247955,0.5749577702702703,False,0
regression_loops_posthoc__source_count90__no_favorable_group,18959,4,Funk2-108-Eb,01_Funk2-108-Eb_comp.jams,484805,4,3,5,5,mixed,-0.07619047909975052,0.00952380895614624,0.046875,False,0
regression_loops_posthoc__source_count90__no_favorable_group,19018,4,Funk2-108-Eb,01_Funk2-108-Eb_comp.jams,815639,2,3,2,2,mixed,-0.2044817954301834,0.10471834242343903,0.3998523622047244,False,0
regression_loops_posthoc__source_count90__no_favorable_group,19072,4,Funk2-108-Eb,01_Funk2-108-Eb_comp.jams,1065672,2,3,5,3,regression_favored,-0.34224599599838257,-0.0009671151638031006,0.09791666666666667,True,0
regression_loops_posthoc__source_count90__no_favorable_group,19090,4,Funk2-108-Eb,01_Funk2-108-Eb_comp.jams,1162265,0,3,2,2,mixed,-0.1849214732646942,0.14761905372142792,0.3551925505050505,False,0
regression_loops_posthoc__source_count90__no_favorable_group,19098,4,Funk2-108-Eb,01_Funk2-108-Eb_comp.jams,1206807,3,3,5,5,unsupported,-0.125,-0.08510637283325195,0.0,False,0
regression_loops_posthoc__source_count90__no_favorable_group,19117,4,Funk2-108-Eb,01_Funk2-108-Eb_comp.jams,1273797,1,3,2,2,mixed,-0.167832151055336,0.04387769103050232,0.5012842465753424,False,0
regression_loops_posthoc__source_count90__no_favorable_group,19170,4,Funk2-108-Eb,01_Funk2-108-Eb_comp.jams,1519179,3,3,2,2,mixed,-0.12381197512149811,0.12299466133117676,0.363556338028169,False,0
regression_loops_posthoc__source_count90__no_favorable_group,19450,4,Funk2-108-Eb,01_Funk2-108-Eb_solo.jams,1494258,1,3,2,2,mixed,-0.3086049556732178,0.18666665256023407,0.23145833333333332,False,0
regression_loops_posthoc__source_count90__no_favorable_group,19454,4,Funk2-108-Eb,01_Funk2-108-Eb_solo.jams,1518635,1,3,2,2,mixed,-0.24362817406654358,0.12984080612659454,0.1550925925925926,False,0
regression_loops_posthoc__source_count90__no_favorable_group,21402,4,Jazz1-130-D,01_Jazz1-130-D_comp.jams,73418,2,3,2,2,mixed,-0.16691359877586365,0.12092265486717224,0.4095052083333333,False,0
regression_loops_posthoc__source_count90__no_favorable_group,21434,4,Jazz1-130-D,01_Jazz1-130-D_comp.jams,318736,2,3,2,2,mixed,-0.13498294353485107,0.1726190447807312,0.37025862068965515,False,0
regression_loops_posthoc__source_count90__no_favorable_group,21477,4,Jazz1-130-D,01_Jazz1-130-D_comp.jams,460991,2,3,2,2,mixed,-0.1068839430809021,0.1979166716337204,0.38548259493670883,False,0
regression_loops_posthoc__source_count90__no_favorable_group,21493,4,Jazz1-130-D,01_Jazz1-130-D_comp.jams,523047,2,3,2,3,regression_favored,-0.15626855194568634,-0.08860757946968079,0.5290178571428571,True,-1
regression_loops_posthoc__source_count90__no_favorable_group,21497,4,Jazz1-130-D,01_Jazz1-130-D_comp.jams,543167,2,3,2,2,mixed,-0.1989268809556961,0.04608294367790222,0.5534018987341772,False,0
regression_loops_posthoc__source_count90__no_favorable_group,21504,4,Jazz1-130-D,01_Jazz1-130-D_comp.jams,590746,2,3,2,2,mixed,-0.14084377884864807,0.46666666865348816,0.4178110986547085,False,0
regression_loops_posthoc__source_count90__no_favorable_group,21576,4,Jazz1-130-D,01_Jazz1-130-D_comp.jams,866294,2,3,2,2,mixed,-0.04489603638648987,0.06110715866088867,0.5213815789473685,False,0
regression_loops_posthoc__source_count90__no_favorable_group,23067,4,Jazz3-137-Eb,01_Jazz3-137-Eb_comp.jams,31020,1,3,2,2,mixed,-0.10403500497341156,0.23385369777679443,0.18909671532846714,False,0
regression_loops_posthoc__source_count90__no_favorable_group,23134,4,Jazz3-137-Eb,01_Jazz3-137-Eb_comp.jams,281985,1,2,3,3,mixed,-0.04000002145767212,0.06935334205627441,0.20625,False,0
regression_loops_posthoc__source_count90__no_favorable_group,23169,4,Jazz3-137-Eb,01_Jazz3-137-Eb_comp.jams,443703,3,3,4,4,correction_favored,0.06905370950698853,0.06905370950698853,0.078125,False,0
regression_loops_posthoc__source_count90__no_favorable_group,23213,4,Jazz3-137-Eb,01_Jazz3-137-Eb_comp.jams,648882,2,3,2,2,mixed,-0.18670077621936798,0.3497717082500458,0.15782461240310078,False,0
regression_loops_posthoc__source_count90__no_favorable_group,23227,4,Jazz3-137-Eb,01_Jazz3-137-Eb_comp.jams,725754,2,3,2,2,mixed,-0.1590413749217987,0.27566808462142944,0.18660201149425287,False,0
regression_loops_posthoc__source_count90__no_favorable_group,23319,4,Jazz3-137-Eb,01_Jazz3-137-Eb_comp.jams,1082215,2,3,2,2,mixed,-0.19377164542675018,0.0511803925037384,0.1796875,False,0
regression_loops_posthoc__source_count90__no_favorable_group,23351,4,Jazz3-137-Eb,01_Jazz3-137-Eb_comp.jams,1189657,2,3,2,2,mixed,-0.07910750806331635,0.3438016474246979,0.26689532520325204,False,0
regression_loops_posthoc__source_count90__no_favorable_group,23362,4,Jazz3-137-Eb,01_Jazz3-137-Eb_comp.jams,1227953,2,3,2,2,mixed,-0.12669683992862701,0.27246686816215515,0.2651209677419355,False,0
regression_loops_posthoc__source_count90__no_favorable_group,24615,4,Rock1-90-C#,01_Rock1-90-C#_comp.jams,234248,2,3,4,4,mixed,-0.26050424575805664,0.2753683924674988,0.17148760330578514,False,0
regression_loops_posthoc__source_count90__no_favorable_group,24629,4,Rock1-90-C#,01_Rock1-90-C#_comp.jams,262573,2,2,3,3,mixed,-0.06480485200881958,0.060703545808792114,0.17578125,False,0
regression_loops_posthoc__source_count90__no_favorable_group,24726,4,Rock1-90-C#,01_Rock1-90-C#_comp.jams,468969,5,3,4,4,mixed,-0.10476191341876984,0.26233088970184326,0.18425324675324675,False,0
regression_loops_posthoc__source_count90__no_favorable_group,24743,4,Rock1-90-C#,01_Rock1-90-C#_comp.jams,501643,3,2,3,3,mixed,-0.2485279142856598,0.005097448825836182,0.35108695652173916,False,0
regression_loops_posthoc__source_count90__no_favorable_group,24769,4,Rock1-90-C#,01_Rock1-90-C#_comp.jams,551715,0,3,2,2,correction_favored,0.04938270151615143,0.3045006990432739,0.5691964285714286,False,0
regression_loops_posthoc__source_count90__no_favorable_group,24780,4,Rock1-90-C#,01_Rock1-90-C#_comp.jams,573901,3,2,3,3,correction_favored,0.03927987813949585,0.2032085508108139,0.26997180451127817,False,0
regression_loops_posthoc__source_count90__no_favorable_group,24801,4,Rock1-90-C#,01_Rock1-90-C#_comp.jams,616679,3,2,3,3,mixed,-0.052727341651916504,0.2729329466819763,0.27364309210526316,False,0
regression_loops_posthoc__source_count90__no_favorable_group,24854,4,Rock1-90-C#,01_Rock1-90-C#_comp.jams,734331,4,3,4,4,mixed,-0.3683544397354126,0.2530985176563263,0.21831191588785046,False,0
regression_loops_posthoc__source_count90__no_favorable_group,24870,4,Rock1-90-C#,01_Rock1-90-C#_comp.jams,779709,2,3,2,2,mixed,-0.11505618691444397,0.13951924443244934,0.5235699152542372,False,0
regression_loops_posthoc__source_count90__no_favorable_group,24884,4,Rock1-90-C#,01_Rock1-90-C#_comp.jams,808190,4,3,4,4,mixed,-0.0053012073040008545,0.2619222402572632,0.24515086206896552,False,0
regression_loops_posthoc__source_count90__no_favorable_group,24929,4,Rock1-90-C#,01_Rock1-90-C#_comp.jams,896546,4,3,4,4,mixed,-0.16190475225448608,0.3282608389854431,0.1797648514851485,False,0
regression_loops_posthoc__source_count90__no_favorable_group,24944,4,Rock1-90-C#,01_Rock1-90-C#_comp.jams,925131,4,3,4,4,mixed,-0.1746031641960144,0.23465067148208618,0.1869212962962963,False,0
regression_loops_posthoc__source_count90__no_favorable_group,24976,4,Rock1-90-C#,01_Rock1-90-C#_comp.jams,1015010,5,3,4,4,mixed,-0.049107134342193604,0.2796885073184967,0.22488839285714285,False,0
regression_loops_posthoc__source_count90__no_favorable_group,24997,4,Rock1-90-C#,01_Rock1-90-C#_comp.jams,1058539,3,3,2,2,mixed,-0.16537325084209442,0.014414429664611816,0.44694767441860467,False,0
regression_loops_posthoc__source_count90__no_favorable_group,25034,4,Rock1-90-C#,01_Rock1-90-C#_comp.jams,1131344,4,3,4,4,mixed,-0.28169015049934387,0.3083004057407379,0.19047619047619047,False,0
regression_loops_posthoc__source_count90__no_favorable_group,25035,4,Rock1-90-C#,01_Rock1-90-C#_comp.jams,1133115,2,2,3,2,regression_favored,-0.20423784852027893,-0.1928374469280243,0.328125,True,1
regression_loops_posthoc__source_count90__no_favorable_group,25045,4,Rock1-90-C#,01_Rock1-90-C#_comp.jams,1154599,4,3,4,4,correction_favored,0.1310344934463501,0.4214975833892822,0.28203125,False,0
regression_loops_posthoc__source_count90__no_favorable_group,25048,4,Rock1-90-C#,01_Rock1-90-C#_comp.jams,1160229,3,3,2,3,regression_favored,-0.16095931828022003,-0.046400874853134155,0.80234375,True,1
regression_loops_posthoc__source_count90__no_favorable_group,25086,4,Rock1-90-C#,01_Rock1-90-C#_comp.jams,1249864,4,3,4,4,mixed,-0.016018331050872803,0.3007175624370575,0.18881777108433734,False,0
regression_loops_posthoc__source_count90__no_favorable_group,25145,4,Rock1-90-C#,01_Rock1-90-C#_comp.jams,1366089,4,3,4,4,correction_favored,0.0555555522441864,0.29451286792755127,0.11328125,False,0
regression_loops_posthoc__source_count90__no_favorable_group,25160,4,Rock1-90-C#,01_Rock1-90-C#_comp.jams,1396487,4,3,4,4,correction_favored,0.0694444477558136,0.27728205919265747,0.284423828125,False,0
regression_loops_posthoc__source_count90__no_favorable_group,29786,4,SS2-107-Ab,01_SS2-107-Ab_comp.jams,482425,4,3,5,3,regression_favored,-0.19327731430530548,-0.10106383264064789,0.09375,True,0
regression_loops_posthoc__source_count90__no_favorable_group,29818,4,SS2-107-Ab,01_SS2-107-Ab_comp.jams,611936,1,3,2,2,mixed,-0.14935065805912018,0.20252883434295654,0.5049087389380531,False,0
regression_loops_posthoc__source_count90__no_favorable_group,29837,4,SS2-107-Ab,01_SS2-107-Ab_comp.jams,688382,2,3,2,2,mixed,-0.3122835159301758,0.13776734471321106,0.45488664215686275,False,0
regression_loops_posthoc__source_count90__no_favorable_group,29955,4,SS2-107-Ab,01_SS2-107-Ab_comp.jams,1168930,1,3,2,2,mixed,-0.12798181176185608,0.1684558093547821,0.3609264184397163,False,0
regression_loops_posthoc__source_count90__no_favorable_group,29973,4,SS2-107-Ab,01_SS2-107-Ab_comp.jams,1249872,0,3,2,2,mixed,-0.09595958888530731,0.15377657115459442,0.5507632488479263,False,0
regression_loops_posthoc__source_count90__no_favorable_group,30111,4,SS2-107-Ab,01_SS2-107-Ab_solo.jams,184590,1,2,3,3,correction_favored,0.004412561655044556,0.041676610708236694,0.109375,False,0
regression_loops_posthoc__source_count90__no_favorable_group,30121,4,SS2-107-Ab,01_SS2-107-Ab_solo.jams,206836,0,3,2,2,mixed,-0.03083246946334839,0.3298245668411255,0.27623355263157895,False,0
regression_loops_posthoc__source_count90__no_favorable_group,30207,4,SS2-107-Ab,01_SS2-107-Ab_solo.jams,518689,1,3,2,2,mixed,-0.09193067252635956,0.18871250748634338,0.32958984375,False,0
regression_loops_posthoc__source_count90__no_favorable_group,30212,4,SS2-107-Ab,01_SS2-107-Ab_solo.jams,538182,1,3,2,2,mixed,-0.2256932258605957,0.13757747411727905,0.20202464788732394,False,0
regression_loops_posthoc__source_count90__no_favorable_group,30316,4,SS2-107-Ab,01_SS2-107-Ab_solo.jams,963238,1,3,2,2,mixed,-0.08421498537063599,0.22920109331607819,0.3250910194174757,False,0
regression_loops_posthoc__source_count90__no_favorable_group,30317,4,SS2-107-Ab,01_SS2-107-Ab_solo.jams,965051,0,3,2,2,mixed,-0.03082415461540222,0.27790698409080505,0.5009317660550459,False,0
regression_loops_posthoc__source_count90__no_favorable_group,30465,4,SS2-107-Ab,01_SS2-107-Ab_solo.jams,1496251,2,2,3,3,correction_favored,0.04046905040740967,0.14834007620811462,0.3125,False,0
regression_loops_posthoc__source_count90__no_favorable_group,34433,4,Funk2-108-Eb,02_Funk2-108-Eb_comp.jams,134500,1,2,3,3,correction_favored,0.004618555307388306,0.004618555307388306,0.140625,False,0
regression_loops_posthoc__source_count90__no_favorable_group,34519,4,Funk2-108-Eb,02_Funk2-108-Eb_comp.jams,442205,1,3,2,2,mixed,-0.272988498210907,0.41333332657814026,0.406654792746114,False,0
regression_loops_posthoc__source_count90__no_favorable_group,34560,4,Funk2-108-Eb,02_Funk2-108-Eb_comp.jams,587378,1,3,2,2,mixed,-0.15779294073581696,0.12841002643108368,0.42129984662576686,False,0
regression_loops_posthoc__source_count90__no_favorable_group,34567,4,Funk2-108-Eb,02_Funk2-108-Eb_comp.jams,636197,3,3,2,2,mixed,-0.15053048729896545,0.2500791847705841,0.4639050387596899,False,0
regression_loops_posthoc__source_count90__no_favorable_group,34573,4,Funk2-108-Eb,02_Funk2-108-Eb_comp.jams,679093,2,3,2,2,mixed,-0.19683076441287994,0.18163934350013733,0.4373641304347826,False,0
regression_loops_posthoc__source_count90__no_favorable_group,34591,4,Funk2-108-Eb,02_Funk2-108-Eb_comp.jams,729500,2,3,2,2,mixed,-0.10108810663223267,0.1974678635597229,0.31911599099099097,False,0
regression_loops_posthoc__source_count90__no_favorable_group,34610,4,Funk2-108-Eb,02_Funk2-108-Eb_comp.jams,821898,3,3,2,2,mixed,-0.1865692138671875,0.16545641422271729,0.3554137323943662,False,0
regression_loops_posthoc__source_count90__no_favorable_group,34691,4,Funk2-108-Eb,02_Funk2-108-Eb_comp.jams,1055099,0,3,2,2,mixed,-0.3054187297821045,0.07944388687610626,0.37364969135802467,False,0
regression_loops_posthoc__source_count90__no_favorable_group,34775,4,Funk2-108-Eb,02_Funk2-108-Eb_comp.jams,1323790,3,3,2,2,mixed,-0.24640806019306183,0.19067564606666565,0.40420673076923075,False,0
regression_loops_posthoc__source_count90__no_favorable_group,34790,4,Funk2-108-Eb,02_Funk2-108-Eb_comp.jams,1372302,1,3,2,2,mixed,-0.1666666567325592,0.307692289352417,0.3801636266094421,False,0
regression_loops_posthoc__source_count90__no_favorable_group,34796,4,Funk2-108-Eb,02_Funk2-108-Eb_comp.jams,1432896,1,3,2,2,mixed,-0.11379310488700867,0.11553030461072922,0.4234834558823529,False,0
regression_loops_posthoc__source_count90__no_favorable_group,36755,4,Jazz1-130-D,02_Jazz1-130-D_comp.jams,113748,3,3,2,2,mixed,-0.2807881832122803,0.1666666865348816,0.39168848167539266,False,0
regression_loops_posthoc__source_count90__no_favorable_group,36759,4,Jazz1-130-D,02_Jazz1-130-D_comp.jams,141513,4,3,2,2,mixed,-0.19155924022197723,0.24209770560264587,0.3542410714285714,False,0
regression_loops_posthoc__source_count90__no_favorable_group,36792,4,Jazz1-130-D,02_Jazz1-130-D_comp.jams,276888,2,3,2,2,mixed,-0.12068966031074524,0.2932533621788025,0.4264867841409692,False,0
regression_loops_posthoc__source_count90__no_favorable_group,36831,4,Jazz1-130-D,02_Jazz1-130-D_comp.jams,400365,2,3,2,2,correction_favored,0.0788530558347702,0.30727195739746094,0.587654532967033,False,0
regression_loops_posthoc__source_count90__no_favorable_group,36860,4,Jazz1-130-D,02_Jazz1-130-D_comp.jams,470631,2,3,2,2,mixed,-0.25775399804115295,0.0462745726108551,0.43535539215686275,False,0
regression_loops_posthoc__source_count90__no_favorable_group,36933,4,Jazz1-130-D,02_Jazz1-130-D_comp.jams,835920,4,3,2,2,mixed,-0.32218068838119507,0.08016876876354218,0.20173611111111112,False,0
regression_loops_posthoc__source_count90__no_favorable_group,38681,4,Jazz3-137-Eb,02_Jazz3-137-Eb_comp.jams,289872,3,3,4,4,mixed,-0.2448979765176773,0.2620689868927002,0.10363520408163265,False,0
regression_loops_posthoc__source_count90__no_favorable_group,38701,4,Jazz3-137-Eb,02_Jazz3-137-Eb_comp.jams,366712,2,3,5,3,regression_favored,-0.11889863014221191,-0.11889863014221191,0.078125,True,0
regression_loops_posthoc__source_count90__no_favorable_group,38720,4,Jazz3-137-Eb,02_Jazz3-137-Eb_comp.jams,457441,0,2,3,2,regression_favored,-0.12400756776332855,-0.12400756776332855,0.171875,True,0
regression_loops_posthoc__source_count90__no_favorable_group,38770,4,Jazz3-137-Eb,02_Jazz3-137-Eb_comp.jams,618275,2,3,2,2,mixed,-0.2519223988056183,0.16903312504291534,0.3393920068027211,False,0
regression_loops_posthoc__source_count90__no_favorable_group,38772,4,Jazz3-137-Eb,02_Jazz3-137-Eb_comp.jams,669640,1,2,3,3,correction_favored,0.05463320016860962,0.1231137216091156,0.125,False,0
regression_loops_posthoc__source_count90__no_favorable_group,38808,4,Jazz3-137-Eb,02_Jazz3-137-Eb_comp.jams,823179,2,2,3,3,mixed,-0.02307337522506714,0.2511715292930603,0.17273509174311927,False,0
regression_loops_posthoc__source_count90__no_favorable_group,38812,4,Jazz3-137-Eb,02_Jazz3-137-Eb_comp.jams,831087,2,3,4,4,mixed,-0.17346937954425812,0.19044844806194305,0.072265625,False,0
regression_loops_posthoc__source_count90__no_favorable_group,38816,4,Jazz3-137-Eb,02_Jazz3-137-Eb_comp.jams,850822,2,3,2,2,mixed,-0.1803429275751114,0.15717646479606628,0.471484375,False,0
regression_loops_posthoc__source_count90__no_favorable_group,38913,4,Jazz3-137-Eb,02_Jazz3-137-Eb_comp.jams,1131600,2,3,2,2,correction_favored,0.09104247391223907,0.3097795248031616,0.6383413461538462,False,0
regression_loops_posthoc__source_count90__no_favorable_group,38914,4,Jazz3-137-Eb,02_Jazz3-137-Eb_comp.jams,1133526,1,2,3,3,mixed,-0.08813747763633728,0.10599741339683533,0.43359375,False,0
regression_loops_posthoc__source_count90__no_favorable_group,40385,4,Rock1-90-C#,02_Rock1-90-C#_comp.jams,235736,2,3,2,2,mixed,-0.2862745523452759,0.12123289704322815,0.2584821428571429,False,0
regression_loops_posthoc__source_count90__no_favorable_group,40457,4,Rock1-90-C#,02_Rock1-90-C#_comp.jams,500279,3,3,2,2,mixed,-0.24762395024299622,0.047181546688079834,0.12129934210526316,False,0
regression_loops_posthoc__source_count90__no_favorable_group,40486,4,Rock1-90-C#,02_Rock1-90-C#_comp.jams,573379,3,3,2,2,mixed,-0.29376792907714844,0.014270603656768799,0.11429073033707865,False,0
regression_loops_posthoc__source_count90__no_favorable_group,40534,4,Rock1-90-C#,02_Rock1-90-C#_comp.jams,773003,1,3,2,2,mixed,-0.26800549030303955,0.16223999857902527,0.6123991935483871,False,0
regression_loops_posthoc__source_count90__no_favorable_group,40594,4,Rock1-90-C#,02_Rock1-90-C#_comp.jams,971365,6,3,4,4,correction_favored,0.05457910895347595,0.24175825715065002,0.1857638888888889,False,0
regression_loops_posthoc__source_count90__no_favorable_group,44813,4,SS2-107-Ab,02_SS2-107-Ab_comp.jams,309302,1,2,3,2,regression_favored,-0.07048186659812927,-0.07048186659812927,0.234375,True,0
regression_loops_posthoc__source_count90__no_favorable_group,44870,4,SS2-107-Ab,02_SS2-107-Ab_comp.jams,457996,2,3,2,2,mixed,-0.20598912239074707,0.3877550959587097,0.40800957207207206,False,0
regression_loops_posthoc__source_count90__no_favorable_group,44940,4,SS2-107-Ab,02_SS2-107-Ab_comp.jams,706577,3,3,4,4,mixed,-0.22972972691059113,0.0787172019481659,0.039375,False,0
regression_loops_posthoc__source_count90__no_favorable_group,44967,4,SS2-107-Ab,02_SS2-107-Ab_comp.jams,766455,4,3,2,2,correction_favored,0.005071014165878296,0.24402809143066406,0.4179047131147541,False,0
regression_loops_posthoc__source_count90__no_favorable_group,44978,4,SS2-107-Ab,02_SS2-107-Ab_comp.jams,789501,2,3,2,2,mixed,-0.17956656217575073,0.2096634954214096,0.3003562176165803,False,0
regression_loops_posthoc__source_count90__no_favorable_group,45069,4,SS2-107-Ab,02_SS2-107-Ab_comp.jams,989694,2,3,2,2,mixed,-0.09710146486759186,0.20697887241840363,0.373546511627907,False,0
regression_loops_posthoc__source_count90__no_favorable_group,45164,4,SS2-107-Ab,02_SS2-107-Ab_comp.jams,1279754,0,3,2,2,mixed,-0.08432744443416595,0.14302325248718262,0.5139938186813187,False,0
regression_loops_posthoc__source_count90__no_favorable_group,49182,4,Funk2-108-Eb,03_Funk2-108-Eb_comp.jams,37573,1,3,2,2,mixed,-0.2056277096271515,0.2211538553237915,0.16565148305084745,False,0
regression_loops_posthoc__source_count90__no_favorable_group,49194,4,Funk2-108-Eb,03_Funk2-108-Eb_comp.jams,72727,3,3,4,4,correction_favored,0.04738461971282959,0.35672515630722046,0.12023305084745763,False,0
regression_loops_posthoc__source_count90__no_favorable_group,49217,4,Funk2-108-Eb,03_Funk2-108-Eb_comp.jams,146603,3,3,4,4,correction_favored,0.13075882196426392,0.317293256521225,0.2673076923076923,False,0
regression_loops_posthoc__source_count90__no_favorable_group,49237,4,Funk2-108-Eb,03_Funk2-108-Eb_comp.jams,244268,3,3,5,3,regression_favored,-0.485714316368103,0.0,0.04097877358490566,True,1
regression_loops_posthoc__source_count90__no_favorable_group,49270,4,Funk2-108-Eb,03_Funk2-108-Eb_comp.jams,392738,4,4,3,3,mixed,-0.11904764175415039,0.022480636835098267,0.478515625,False,0
regression_loops_posthoc__source_count90__no_favorable_group,49287,4,Funk2-108-Eb,03_Funk2-108-Eb_comp.jams,439988,2,3,4,4,correction_favored,0.13731062412261963,0.3238866329193115,0.31640625,False,0
regression_loops_posthoc__source_count90__no_favorable_group,49306,4,Funk2-108-Eb,03_Funk2-108-Eb_comp.jams,538274,4,3,4,3,regression_favored,-0.0788293182849884,-0.0788293182849884,0.296875,True,-1
regression_loops_posthoc__source_count90__no_favorable_group,49348,4,Funk2-108-Eb,03_Funk2-108-Eb_comp.jams,699119,2,3,2,2,mixed,-0.1611068695783615,0.31873685121536255,0.41842022613065327,False,0
regression_loops_posthoc__source_count90__no_favorable_group,49353,4,Funk2-108-Eb,03_Funk2-108-Eb_comp.jams,709899,4,3,5,3,regression_favored,-0.18421052396297455,-0.08788157999515533,0.140625,True,0
regression_loops_posthoc__source_count90__no_favorable_group,49386,4,Funk2-108-Eb,03_Funk2-108-Eb_comp.jams,833364,3,3,2,2,mixed,-0.008559465408325195,0.3117058575153351,0.3755165289256198,False,0
regression_loops_posthoc__source_count90__no_favorable_group,49416,4,Funk2-108-Eb,03_Funk2-108-Eb_comp.jams,954294,4,3,5,3,regression_favored,-0.13475178182125092,-0.13475178182125092,0.046875,True,0
regression_loops_posthoc__source_count90__no_favorable_group,49441,4,Funk2-108-Eb,03_Funk2-108-Eb_comp.jams,1049361,3,3,2,2,mixed,-0.18300652503967285,0.07338017225265503,0.14583333333333334,False,0
regression_loops_posthoc__source_count90__no_favorable_group,49509,4,Funk2-108-Eb,03_Funk2-108-Eb_comp.jams,1310977,3,3,2,2,mixed,-0.06470587849617004,0.23623909056186676,0.4138986013986014,False,0
regression_loops_posthoc__source_count90__no_favorable_group,49542,4,Funk2-108-Eb,03_Funk2-108-Eb_comp.jams,1423915,3,3,2,2,mixed,-0.19913418591022491,0.20467835664749146,0.43417744252873564,False,0
regression_loops_posthoc__source_count90__no_favorable_group,51417,4,Jazz1-130-D,03_Jazz1-130-D_comp.jams,21614,4,3,4,4,mixed,-0.1972406804561615,0.07158118486404419,0.18342391304347827,False,0
regression_loops_posthoc__source_count90__no_favorable_group,51475,4,Jazz1-130-D,03_Jazz1-130-D_comp.jams,285277,2,3,2,2,mixed,-0.051715344190597534,0.46666666865348816,0.44490521327014215,False,0
regression_loops_posthoc__source_count90__no_favorable_group,51483,4,Jazz1-130-D,03_Jazz1-130-D_comp.jams,326686,3,3,2,2,correction_favored,0.08070173859596252,0.08070173859596252,0.109375,False,0
regression_loops_posthoc__source_count90__no_favorable_group,51484,4,Jazz1-130-D,03_Jazz1-130-D_comp.jams,328528,0,3,2,2,mixed,-0.15483151376247406,0.2063492089509964,0.6443195812807881,False,0
regression_loops_posthoc__source_count90__no_favorable_group,51544,4,Jazz1-130-D,03_Jazz1-130-D_comp.jams,589303,3,3,2,2,mixed,-0.16470587253570557,0.2057851254940033,0.15084134615384615,False,0
regression_loops_posthoc__source_count90__no_favorable_group,51585,4,Jazz1-130-D,03_Jazz1-130-D_comp.jams,807066,4,3,4,4,correction_favored,0.007561415433883667,0.10336995124816895,0.125,False,0
regression_loops_posthoc__source_count90__no_favorable_group,51612,4,Jazz1-130-D,03_Jazz1-130-D_comp.jams,893148,1,3,2,2,mixed,-0.024882018566131592,0.2585858702659607,0.1840572033898305,False,0
regression_loops_posthoc__source_count90__no_favorable_group,52967,4,Jazz3-137-Eb,03_Jazz3-137-Eb_comp.jams,49562,2,3,2,2,mixed,-0.10269564390182495,0.17874139547348022,0.42466517857142855,False,0
regression_loops_posthoc__source_count90__no_favorable_group,53017,4,Jazz3-137-Eb,03_Jazz3-137-Eb_comp.jams,308706,2,3,2,2,mixed,-0.19348566234111786,0.1895604282617569,0.2249119718309859,False,0
regression_loops_posthoc__source_count90__no_favorable_group,53024,4,Jazz3-137-Eb,03_Jazz3-137-Eb_comp.jams,342630,4,3,4,4,mixed,-0.08333331346511841,0.09352520108222961,0.14375,False,0
regression_loops_posthoc__source_count90__no_favorable_group,53057,4,Jazz3-137-Eb,03_Jazz3-137-Eb_comp.jams,443915,2,3,2,2,mixed,-0.11591225862503052,0.23652991652488708,0.459716796875,False,0
regression_loops_posthoc__source_count90__no_favorable_group,53078,4,Jazz3-137-Eb,03_Jazz3-137-Eb_comp.jams,595505,0,3,2,2,mixed,-0.11240720748901367,0.29803919792175293,0.5083728902953587,False,0
regression_loops_posthoc__source_count90__no_favorable_group,53095,4,Jazz3-137-Eb,03_Jazz3-137-Eb_comp.jams,706192,3,3,4,3,regression_favored,-0.1599804162979126,-0.07967031002044678,0.265625,True,1
regression_loops_posthoc__source_count90__no_favorable_group,53144,4,Jazz3-137-Eb,03_Jazz3-137-Eb_comp.jams,958589,4,3,4,4,mixed,-0.1682242900133133,0.10924370586872101,0.12296195652173914,False,0
regression_loops_posthoc__source_count90__no_favorable_group,53175,4,Jazz3-137-Eb,03_Jazz3-137-Eb_comp.jams,1053989,2,3,2,3,regression_favored,-0.10435441136360168,-0.10435441136360168,0.40625,True,-1
regression_loops_posthoc__source_count90__no_favorable_group,53179,4,Jazz3-137-Eb,03_Jazz3-137-Eb_comp.jams,1099599,2,4,2,2,mixed,-0.18252825736999512,0.21118882298469543,0.18802083333333333,False,0
regression_loops_posthoc__source_count90__no_favorable_group,54326,4,Rock1-90-C#,03_Rock1-90-C#_comp.jams,219155,2,3,2,2,mixed,-0.13300582766532898,0.10364963114261627,0.16824127906976744,False,0
regression_loops_posthoc__source_count90__no_favorable_group,54392,4,Rock1-90-C#,03_Rock1-90-C#_comp.jams,382274,2,3,4,4,correction_favored,0.07223263382911682,0.28403669595718384,0.2261029411764706,False,0
regression_loops_posthoc__source_count90__no_favorable_group,54412,4,Rock1-90-C#,03_Rock1-90-C#_comp.jams,426267,2,4,3,4,regression_favored,-0.08837208151817322,-0.08837208151817322,0.484375,True,0
regression_loops_posthoc__source_count90__no_favorable_group,54441,4,Rock1-90-C#,03_Rock1-90-C#_comp.jams,500238,3,3,4,4,mixed,-0.2857142686843872,0.3483462631702423,0.21058768656716417,False,0
regression_loops_posthoc__source_count90__no_favorable_group,54455,4,Rock1-90-C#,03_Rock1-90-C#_comp.jams,528427,2,3,4,4,mixed,-0.19078105688095093,0.31864672899246216,0.23869243421052633,False,0
regression_loops_posthoc__source_count90__no_favorable_group,54472,4,Rock1-90-C#,03_Rock1-90-C#_comp.jams,573525,3,3,2,2,correction_favored,0.02196332812309265,0.21282050013542175,0.24388586956521738,False,0
regression_loops_posthoc__source_count90__no_favorable_group,54508,4,Rock1-90-C#,03_Rock1-90-C#_comp.jams,646413,2,3,2,3,regression_favored,-0.09750296175479889,-0.09750296175479889,0.265625,True,-1
regression_loops_posthoc__source_count90__no_favorable_group,54542,4,Rock1-90-C#,03_Rock1-90-C#_comp.jams,734616,4,3,4,3,regression_favored,-0.0942029058933258,-0.0942029058933258,0.28125,True,-1
regression_loops_posthoc__source_count90__no_favorable_group,54572,4,Rock1-90-C#,03_Rock1-90-C#_comp.jams,808344,3,3,4,4,mixed,-0.11775362491607666,0.10980811715126038,0.09375,False,0
regression_loops_posthoc__source_count90__no_favorable_group,54588,4,Rock1-90-C#,03_Rock1-90-C#_comp.jams,852013,2,3,2,2,correction_favored,0.023012563586235046,0.14420713484287262,0.3940972222222222,False,0
regression_loops_posthoc__source_count90__no_favorable_group,54634,4,Rock1-90-C#,03_Rock1-90-C#_comp.jams,970414,2,2,3,2,regression_favored,-0.11814671754837036,-0.007223665714263916,0.484375,True,1
regression_loops_posthoc__source_count90__no_favorable_group,54654,4,Rock1-90-C#,03_Rock1-90-C#_comp.jams,1015338,3,3,4,4,mixed,-0.06533575057983398,0.246348574757576,0.2151930894308943,False,0
regression_loops_posthoc__source_count90__no_favorable_group,54711,4,Rock1-90-C#,03_Rock1-90-C#_comp.jams,1144928,2,3,2,2,correction_favored,0.004420861601829529,0.2702816128730774,0.478,False,0
regression_loops_posthoc__source_count90__no_favorable_group,54730,4,Rock1-90-C#,03_Rock1-90-C#_comp.jams,1204721,3,3,2,2,mixed,-0.15520232915878296,0.14148351550102234,0.08530405405405406,False,0
regression_loops_posthoc__source_count90__no_favorable_group,58392,4,SS2-107-Ab,03_SS2-107-Ab_comp.jams,110290,3,3,2,2,mixed,-0.04313725233078003,0.34810125827789307,0.38488051470588236,False,0
regression_loops_posthoc__source_count90__no_favorable_group,58393,4,SS2-107-Ab,03_SS2-107-Ab_comp.jams,112071,2,3,4,4,mixed,-0.13968254625797272,0.12271061539649963,0.1015625,False,0
regression_loops_posthoc__source_count90__no_favorable_group,58402,4,SS2-107-Ab,03_SS2-107-Ab_comp.jams,130484,2,3,5,3,regression_favored,-0.2014184445142746,-0.2014184445142746,0.046875,True,0
regression_loops_posthoc__source_count90__no_favorable_group,58410,4,SS2-107-Ab,03_SS2-107-Ab_comp.jams,148966,3,3,4,4,correction_favored,0.06707319617271423,0.2137254774570465,0.2294921875,False,0
regression_loops_posthoc__source_count90__no_favorable_group,58458,4,SS2-107-Ab,03_SS2-107-Ab_comp.jams,266500,2,3,2,2,correction_favored,0.007575780153274536,0.1778074949979782,0.5737847222222222,False,0
regression_loops_posthoc__source_count90__no_favorable_group,58474,4,SS2-107-Ab,03_SS2-107-Ab_comp.jams,309802,5,3,4,4,correction_favored,0.1250983476638794,0.3258722424507141,0.30334051724137934,False,0
regression_loops_posthoc__source_count90__no_favorable_group,58497,4,SS2-107-Ab,03_SS2-107-Ab_comp.jams,364913,3,3,2,2,mixed,-0.07024791836738586,0.15694716572761536,0.2015625,False,0
regression_loops_posthoc__source_count90__no_favorable_group,58514,4,SS2-107-Ab,03_SS2-107-Ab_comp.jams,407321,2,3,2,2,mixed,-0.04313725233078003,0.33108827471733093,0.21537422839506173,False,0
regression_loops_posthoc__source_count90__no_favorable_group,58523,4,SS2-107-Ab,03_SS2-107-Ab_comp.jams,427833,2,3,2,2,mixed,-0.07457342743873596,0.024983882904052734,0.3046875,False,0
regression_loops_posthoc__source_count90__no_favorable_group,58526,4,SS2-107-Ab,03_SS2-107-Ab_comp.jams,444711,3,3,4,4,mixed,-0.24593715369701385,0.29118773341178894,0.08759014423076923,False,0
regression_loops_posthoc__source_count90__no_favorable_group,58541,4,SS2-107-Ab,03_SS2-107-Ab_comp.jams,493756,1,3,2,2,mixed,-0.08506494760513306,0.28106507658958435,0.20021802325581395,False,0
regression_loops_posthoc__source_count90__no_favorable_group,58568,4,SS2-107-Ab,03_SS2-107-Ab_comp.jams,563032,2,3,2,2,mixed,-0.012104779481887817,0.3075268566608429,0.2900978915662651,False,0
regression_loops_posthoc__source_count90__no_favorable_group,58593,4,SS2-107-Ab,03_SS2-107-Ab_comp.jams,625799,3,3,2,3,regression_favored,-0.16385743021965027,-0.00044305622577667236,0.6310369318181818,True,1
regression_loops_posthoc__source_count90__no_favorable_group,58599,4,SS2-107-Ab,03_SS2-107-Ab_comp.jams,643944,4,3,4,4,mixed,-0.057915061712265015,0.14574900269508362,0.18157327586206898,False,0
regression_loops_posthoc__source_count90__no_favorable_group,58638,4,SS2-107-Ab,03_SS2-107-Ab_comp.jams,754401,2,3,2,2,mixed,-0.2550821900367737,0.1843022257089615,0.31162655279503104,False,0
regression_loops_posthoc__source_count90__no_favorable_group,58659,4,SS2-107-Ab,03_SS2-107-Ab_comp.jams,829484,1,3,2,2,mixed,-0.17276662588119507,0.1412307620048523,0.5862707345971564,False,0
regression_loops_posthoc__source_count90__no_favorable_group,58684,4,SS2-107-Ab,03_SS2-107-Ab_comp.jams,902852,3,3,2,2,mixed,-0.023490339517593384,0.1923818737268448,0.40970685840707965,False,0
regression_loops_posthoc__source_count90__no_favorable_group,58708,4,SS2-107-Ab,03_SS2-107-Ab_comp.jams,959377,2,3,2,2,mixed,-0.06162466108798981,0.24225863814353943,0.25714760638297873,False,0
regression_loops_posthoc__source_count90__no_favorable_group,58733,4,SS2-107-Ab,03_SS2-107-Ab_comp.jams,1020797,2,3,2,2,mixed,-0.1589258313179016,0.04354137182235718,0.6090984513274337,False,0
regression_loops_posthoc__source_count90__no_favorable_group,58761,4,SS2-107-Ab,03_SS2-107-Ab_comp.jams,1100107,1,3,2,2,mixed,-0.10098521411418915,0.1827053278684616,0.35684419014084506,False,0
regression_loops_posthoc__source_count90__no_favorable_group,58784,4,SS2-107-Ab,03_SS2-107-Ab_comp.jams,1156774,3,3,4,4,correction_favored,0.09438773989677429,0.2806122303009033,0.3023097826086957,False,0
regression_loops_posthoc__source_count90__no_favorable_group,58810,4,SS2-107-Ab,03_SS2-107-Ab_comp.jams,1219257,2,3,2,2,mixed,-0.03288200497627258,0.059824734926223755,0.55078125,False,0
regression_loops_posthoc__source_count90__no_favorable_group,58826,4,SS2-107-Ab,03_SS2-107-Ab_comp.jams,1286049,1,3,2,2,mixed,-0.11686956882476807,0.16538460552692413,0.13232421875,False,0
regression_loops_posthoc__source_count90__no_favorable_group,58848,4,SS2-107-Ab,03_SS2-107-Ab_comp.jams,1354017,2,3,2,2,mixed,-0.10464000701904297,0.18459102511405945,0.45249277456647397,False,0
regression_loops_posthoc__source_count90__no_favorable_group,58855,4,SS2-107-Ab,03_SS2-107-Ab_comp.jams,1368163,2,3,2,2,mixed,-0.2913608253002167,0.12298506498336792,0.4456588669950739,False,0
regression_loops_posthoc__source_count90__no_favorable_group,58881,4,SS2-107-Ab,03_SS2-107-Ab_comp.jams,1435066,3,3,2,2,mixed,-0.08505262434482574,0.22854633629322052,0.4660744863013699,False,0
regression_loops_posthoc__source_count90__no_favorable_group,58889,4,SS2-107-Ab,03_SS2-107-Ab_comp.jams,1454454,3,3,2,2,mixed,-0.05375252664089203,0.14648400247097015,0.3125,False,0
regression_loops_posthoc__source_count90__no_favorable_group,58909,4,SS2-107-Ab,03_SS2-107-Ab_comp.jams,1513621,1,3,2,2,mixed,-0.043609023094177246,0.27263009548187256,0.4893867924528302,False,0
regression_loops_posthoc__source_count90__no_favorable_group,62632,4,Funk2-108-Eb,04_Funk2-108-Eb_comp.jams,257855,3,3,4,4,mixed,-0.03866809606552124,0.3123076856136322,0.24982040229885058,False,0
regression_loops_posthoc__source_count90__no_favorable_group,62683,4,Funk2-108-Eb,04_Funk2-108-Eb_comp.jams,473450,2,3,2,2,mixed,-0.12171867489814758,0.15022523701190948,0.2734375,False,0
regression_loops_posthoc__source_count90__no_favorable_group,62693,4,Funk2-108-Eb,04_Funk2-108-Eb_comp.jams,508304,1,3,2,2,mixed,-0.13767580687999725,0.14122381806373596,0.2689873417721519,False,0
regression_loops_posthoc__source_count90__no_favorable_group,62694,4,Funk2-108-Eb,04_Funk2-108-Eb_comp.jams,510198,2,3,2,2,correction_favored,0.014687776565551758,0.24553491175174713,0.5026041666666666,False,0
regression_loops_posthoc__source_count90__no_favorable_group,62718,4,Funk2-108-Eb,04_Funk2-108-Eb_comp.jams,588463,3,3,5,3,regression_favored,-0.12632979452610016,-0.12632979452610016,0.0625,True,1
regression_loops_posthoc__source_count90__no_favorable_group,62761,4,Funk2-108-Eb,04_Funk2-108-Eb_comp.jams,753794,3,3,2,2,correction_favored,0.17272727191448212,0.18967179954051971,0.15625,False,0
regression_loops_posthoc__source_count90__no_favorable_group,62776,4,Funk2-108-Eb,04_Funk2-108-Eb_comp.jams,803613,2,3,2,2,mixed,-0.020185023546218872,0.08304500579833984,0.34191176470588236,False,0
regression_loops_posthoc__source_count90__no_favorable_group,62837,4,Funk2-108-Eb,04_Funk2-108-Eb_comp.jams,997761,2,3,2,2,correction_favored,0.004659831523895264,0.20018604397773743,0.47547901459854014,False,0
regression_loops_posthoc__source_count90__no_favorable_group,62841,4,Funk2-108-Eb,04_Funk2-108-Eb_comp.jams,1016341,2,3,2,2,correction_favored,0.07492217421531677,0.20078694820404053,0.4862012987012987,False,0
regression_loops_posthoc__source_count90__no_favorable_group,62842,4,Funk2-108-Eb,04_Funk2-108-Eb_comp.jams,1018168,1,3,2,2,mixed,-0.028265923261642456,0.20606060326099396,0.22691761363636365,False,0
regression_loops_posthoc__source_count90__no_favorable_group,62861,4,Funk2-108-Eb,04_Funk2-108-Eb_comp.jams,1098938,3,4,3,3,mixed,-0.018148213624954224,0.4374999701976776,0.35714285714285715,False,0
regression_loops_posthoc__source_count90__no_favorable_group,62872,4,Funk2-108-Eb,04_Funk2-108-Eb_comp.jams,1138912,3,3,5,3,regression_favored,-0.23654568195343018,-0.23654568195343018,0.078125,True,1
regression_loops_posthoc__source_count90__no_favorable_group,62913,4,Funk2-108-Eb,04_Funk2-108-Eb_comp.jams,1285924,2,3,2,2,mixed,-0.11359025537967682,0.3542395234107971,0.2324501811594203,False,0
regression_loops_posthoc__source_count90__no_favorable_group,62916,4,Funk2-108-Eb,04_Funk2-108-Eb_comp.jams,1299104,0,3,2,2,mixed,-0.16986948251724243,0.2857142686843872,0.36421130952380953,False,0
regression_loops_posthoc__source_count90__no_favorable_group,62922,4,Funk2-108-Eb,04_Funk2-108-Eb_comp.jams,1324373,3,3,5,3,regression_favored,-0.07294833660125732,-0.07294833660125732,0.03125,True,1
regression_loops_posthoc__source_count90__no_favorable_group,65138,4,Jazz1-130-D,04_Jazz1-130-D_comp.jams,182665,4,3,4,4,mixed,-0.25791212916374207,0.13684210181236267,0.24569389763779528,False,0
regression_loops_posthoc__source_count90__no_favorable_group,65154,4,Jazz1-130-D,04_Jazz1-130-D_comp.jams,245669,3,3,2,2,mixed,-0.25963491201400757,0.4285714626312256,0.35930934873949577,False,0
regression_loops_posthoc__source_count90__no_favorable_group,65191,4,Jazz1-130-D,04_Jazz1-130-D_comp.jams,385850,4,3,4,4,mixed,-0.2065727710723877,0.178571417927742,0.2353515625,False,0
regression_loops_posthoc__source_count90__no_favorable_group,65204,4,Jazz1-130-D,04_Jazz1-130-D_comp.jams,426546,4,3,4,4,mixed,-0.11806914210319519,0.20095694065093994,0.1717479674796748,False,0
regression_loops_posthoc__source_count90__no_favorable_group,65232,4,Jazz1-130-D,04_Jazz1-130-D_comp.jams,507322,4,3,4,4,mixed,-0.23997969925403595,0.14038462936878204,0.27192540322580644,False,0
regression_loops_posthoc__source_count90__no_favorable_group,65244,4,Jazz1-130-D,04_Jazz1-130-D_comp.jams,548776,4,3,4,4,mixed,-0.2483994960784912,0.10121458768844604,0.2362446581196581,False,0
regression_loops_posthoc__source_count90__no_favorable_group,65330,4,Jazz1-130-D,04_Jazz1-130-D_comp.jams,807497,1,3,2,2,mixed,-0.08211787045001984,0.19588443636894226,0.3373447204968944,False,0
regression_loops_posthoc__source_count90__no_favorable_group,65332,4,Jazz1-130-D,04_Jazz1-130-D_comp.jams,813471,3,3,2,2,mixed,-0.27661946415901184,0.1847211867570877,0.31025,False,0
regression_loops_posthoc__source_count90__no_favorable_group,65339,4,Jazz1-130-D,04_Jazz1-130-D_comp.jams,833187,4,3,4,4,mixed,-0.14931505918502808,0.20909090340137482,0.301625,False,0
regression_loops_posthoc__source_count90__no_favorable_group,66683,4,Jazz3-137-Eb,04_Jazz3-137-Eb_comp.jams,7,1,2,4,2,regression_favored,-0.2916666567325592,-0.2916666567325592,0.1875,True,0
regression_loops_posthoc__source_count90__no_favorable_group,66697,4,Jazz3-137-Eb,04_Jazz3-137-Eb_comp.jams,39658,4,3,2,2,mixed,-0.1387755125761032,0.221856489777565,0.49769864341085274,False,0
regression_loops_posthoc__source_count90__no_favorable_group,66731,4,Jazz3-137-Eb,04_Jazz3-137-Eb_comp.jams,192654,3,3,2,2,mixed,-0.17328570783138275,0.08955223858356476,0.4401595744680851,False,0
regression_loops_posthoc__source_count90__no_favorable_group,66740,4,Jazz3-137-Eb,04_Jazz3-137-Eb_comp.jams,242175,3,3,2,2,mixed,-0.21510955691337585,0.02659517526626587,0.357421875,False,0
regression_loops_posthoc__source_count90__no_favorable_group,66748,4,Jazz3-137-Eb,04_Jazz3-137-Eb_comp.jams,270650,4,3,4,4,mixed,-0.12980769574642181,0.26006191968917847,0.1059484649122807,False,0
regression_loops_posthoc__source_count90__no_favorable_group,66753,4,Jazz3-137-Eb,04_Jazz3-137-Eb_comp.jams,289492,4,3,4,4,mixed,-0.2608107924461365,0.1164465844631195,0.09135584677419355,False,0
regression_loops_posthoc__source_count90__no_favorable_group,66780,4,Jazz3-137-Eb,04_Jazz3-137-Eb_comp.jams,360047,4,3,2,2,mixed,-0.0750507116317749,0.15789471566677094,0.4568326271186441,False,0
regression_loops_posthoc__source_count90__no_favorable_group,66805,4,Jazz3-137-Eb,04_Jazz3-137-Eb_comp.jams,463010,4,3,4,4,mixed,-0.06329113245010376,0.11452990770339966,0.0859375,False,0
regression_loops_posthoc__source_count90__no_favorable_group,66814,4,Jazz3-137-Eb,04_Jazz3-137-Eb_comp.jams,493404,4,3,4,3,regression_favored,-0.1845237910747528,-0.04545453190803528,0.1957720588235294,True,-1
regression_loops_posthoc__source_count90__no_favorable_group,66825,4,Jazz3-137-Eb,04_Jazz3-137-Eb_comp.jams,532521,3,3,4,3,regression_favored,-0.21605277061462402,-0.024561405181884766,0.06473214285714286,True,1
regression_loops_posthoc__source_count90__no_favorable_group,66910,4,Jazz3-137-Eb,04_Jazz3-137-Eb_comp.jams,841751,4,3,4,4,mixed,-0.07915055751800537,0.22587719559669495,0.22127757352941177,False,0
regression_loops_posthoc__source_count90__no_favorable_group,66920,4,Jazz3-137-Eb,04_Jazz3-137-Eb_comp.jams,867903,4,3,4,4,mixed,-0.09546060860157013,0.10144926607608795,0.185,False,0
regression_loops_posthoc__source_count90__no_favorable_group,66926,4,Jazz3-137-Eb,04_Jazz3-137-Eb_comp.jams,881473,4,3,4,4,correction_favored,0.18018019199371338,0.18018019199371338,0.140625,False,0
regression_loops_posthoc__source_count90__no_favorable_group,66945,4,Jazz3-137-Eb,04_Jazz3-137-Eb_comp.jams,920690,4,4,2,2,mixed,-0.04358604550361633,0.524545431137085,0.3450460829493088,False,0
regression_loops_posthoc__source_count90__no_favorable_group,66982,4,Jazz3-137-Eb,04_Jazz3-137-Eb_comp.jams,1036030,2,3,2,2,mixed,-0.24585966765880585,0.07311321794986725,0.3572591145833333,False,0
regression_loops_posthoc__source_count90__no_favorable_group,68175,4,Rock1-90-C#,04_Rock1-90-C#_comp.jams,102159,3,3,2,2,mixed,-0.07750865817070007,0.2092628926038742,0.061197916666666664,False,0
regression_loops_posthoc__source_count90__no_favorable_group,68196,4,Rock1-90-C#,04_Rock1-90-C#_comp.jams,175992,2,3,2,2,mixed,-0.047384604811668396,0.3065934181213379,0.2779657643312102,False,0
regression_loops_posthoc__source_count90__no_favorable_group,68239,4,Rock1-90-C#,04_Rock1-90-C#_comp.jams,294626,3,3,4,4,mixed,-0.10182121396064758,0.09544160962104797,0.14713541666666666,False,0
regression_loops_posthoc__source_count90__no_favorable_group,68248,4,Rock1-90-C#,04_Rock1-90-C#_comp.jams,324746,2,3,2,3,regression_favored,-0.43499165773391724,-0.08936256170272827,0.16019570707070707,True,-1
regression_loops_posthoc__source_count90__no_favorable_group,68254,4,Rock1-90-C#,04_Rock1-90-C#_comp.jams,338972,3,3,2,2,mixed,-0.20456068217754364,0.06043955683708191,0.15381944444444445,False,0
regression_loops_posthoc__source_count90__no_favorable_group,68289,4,Rock1-90-C#,04_Rock1-90-C#_comp.jams,439718,3,2,3,3,mixed,-0.0199146568775177,0.34782397747039795,0.4381510416666667,False,0
regression_loops_posthoc__source_count90__no_favorable_group,68323,4,Rock1-90-C#,04_Rock1-90-C#_comp.jams,529374,4,3,4,4,correction_favored,0.026027381420135498,0.20000000298023224,0.16964285714285715,False,0
regression_loops_posthoc__source_count90__no_favorable_group,68337,4,Rock1-90-C#,04_Rock1-90-C#_comp.jams,557210,3,3,2,3,regression_favored,-0.07959093153476715,-0.0197298526763916,0.396875,True,1
regression_loops_posthoc__source_count90__no_favorable_group,68387,4,Rock1-90-C#,04_Rock1-90-C#_comp.jams,659478,2,3,2,2,mixed,-0.052216753363609314,0.2860472798347473,0.44558189655172414,False,0
regression_loops_posthoc__source_count90__no_favorable_group,68446,4,Rock1-90-C#,04_Rock1-90-C#_comp.jams,851769,3,3,4,4,correction_favored,0.019893914461135864,0.2629969120025635,0.2916666666666667,False,0
regression_loops_posthoc__source_count90__no_favorable_group,68494,4,Rock1-90-C#,04_Rock1-90-C#_comp.jams,970087,3,3,2,2,mixed,-0.04313725233078003,0.25033503770828247,0.3639112903225806,False,0
regression_loops_posthoc__source_count90__no_favorable_group,68611,4,Rock1-90-C#,04_Rock1-90-C#_comp.jams,1250331,2,3,2,2,mixed,-0.1573943793773651,0.057575762271881104,0.41241197183098594,False,0
regression_loops_posthoc__source_count90__no_favorable_group,68631,4,Rock1-90-C#,04_Rock1-90-C#_comp.jams,1291826,4,3,4,4,mixed,-0.2616822123527527,0.16320617496967316,0.13407258064516128,False,0
regression_loops_posthoc__source_count90__no_favorable_group,68642,4,Rock1-90-C#,04_Rock1-90-C#_comp.jams,1322031,4,3,4,4,correction_favored,0.20229555666446686,0.4226803779602051,0.2509973404255319,False,0
regression_loops_posthoc__source_count90__no_favorable_group,68649,4,Rock1-90-C#,04_Rock1-90-C#_comp.jams,1336158,3,3,5,3,regression_favored,-0.4261363446712494,-0.07692307233810425,0.046875,True,1
regression_loops_posthoc__source_count90__no_favorable_group,72450,4,SS2-107-Ab,04_SS2-107-Ab_comp.jams,247930,1,3,2,2,mixed,-0.16099773347377777,0.14454977214336395,0.49322916666666666,False,0
regression_loops_posthoc__source_count90__no_favorable_group,72584,4,SS2-107-Ab,04_SS2-107-Ab_comp.jams,724305,1,3,2,2,mixed,-0.3248392343521118,0.15844875574111938,0.4963235294117647,False,0
regression_loops_posthoc__source_count90__no_favorable_group,72594,4,SS2-107-Ab,04_SS2-107-Ab_comp.jams,756417,1,3,2,2,mixed,-0.04860851168632507,0.16358023881912231,0.6374198717948718,False,0
regression_loops_posthoc__source_count90__no_favorable_group,72682,4,SS2-107-Ab,04_SS2-107-Ab_comp.jams,1022736,1,3,2,2,mixed,-0.21142148971557617,0.0979883149266243,0.5638020833333334,False,0
regression_loops_posthoc__source_count90__no_favorable_group,72753,4,SS2-107-Ab,04_SS2-107-Ab_comp.jams,1256187,1,3,2,2,mixed,-0.19700638949871063,0.13662156462669373,0.536509900990099,False,0
regression_loops_posthoc__source_count90__no_favorable_group,72761,4,SS2-107-Ab,04_SS2-107-Ab_comp.jams,1273087,0,3,2,2,mixed,-0.20471464097499847,0.10688000172376633,0.5895559210526315,False,0
regression_loops_posthoc__source_count90__no_favorable_group,72769,4,SS2-107-Ab,04_SS2-107-Ab_comp.jams,1310097,1,3,2,2,mixed,-0.21504703164100647,0.20370370149612427,0.4396391369047619,False,0
regression_loops_posthoc__source_count90__no_favorable_group,72789,4,SS2-107-Ab,04_SS2-107-Ab_comp.jams,1423775,1,3,2,2,mixed,-0.10271459817886353,0.306782603263855,0.49240860849056606,False,0
